{
"type": "FeatureCollection",
"name": "clusters_ac",
"crs": { "type": "name", "properties": { "name": "urn:ogc:def:crs:OGC:1.3:CRS84" } },
"xy_coordinate_resolution": 1e-05,
"features": [
{ "type": "Feature", "properties": { "cluster": 0.0, "hvi": 0.1299, "population": 2612, "setores": 3, "municipio": "Acrelândia" }, "geometry": { "type": "MultiPolygon", "coordinates": [ [ [ [ -67.05255, -10.08589 ], [ -67.05464, -10.08569 ], [ -67.05345, -10.07717 ], [ -67.05138, -10.07745 ], [ -67.05255, -10.08589 ] ] ], [ [ [ -67.05021, -10.0776 ], [ -67.04925, -10.07069 ], [ -67.04475, -10.07133 ], [ -67.04541, -10.07628 ], [ -67.05021, -10.0776 ] ] ], [ [ [ -67.05882, -10.07645 ], [ -67.04915, -10.06995 ], [ -67.05021, -10.0776 ], [ -67.05882, -10.07645 ] ] ] ] } },
{ "type": "Feature", "properties": { "cluster": 1.0, "hvi": 0.0956, "population": 2849, "setores": 12, "municipio": "Acrelândia" }, "geometry": { "type": "MultiPolygon", "coordinates": [ [ [ [ -67.17385, -10.32326 ], [ -67.1707, -10.32269 ], [ -67.18055, -10.312 ], [ -67.18372, -10.31388 ], [ -67.18228, -10.31892 ], [ -67.18788, -10.31798 ], [ -67.19025, -10.27235 ], [ -67.16546, -10.1979 ], [ -67.15792, -10.18283 ], [ -67.133, -10.15025 ], [ -67.11531, -10.11476 ], [ -67.14072, -10.11937 ], [ -67.15124, -10.10174 ], [ -67.20295, -10.0044 ], [ -67.1652, -9.98458 ], [ -67.03975, -9.93873 ], [ -67.01533, -9.93818 ], [ -67.01532, -9.98472 ], [ -67.03598, -10.00512 ], [ -67.04223, -10.00477 ], [ -67.04326, -10.00761 ], [ -67.03853, -10.01087 ], [ -67.03861, -10.06263 ], [ -67.06668, -10.06446 ], [ -67.06384, -10.07354 ], [ -67.06663, -10.07493 ], [ -67.06398, -10.07998 ], [ -67.06602, -10.0825 ], [ -67.0607, -10.08502 ], [ -67.06065, -10.08839 ], [ -67.04504, -10.08801 ], [ -67.05492, -10.08697 ], [ -67.0547, -10.08568 ], [ -67.05107, -10.08517 ], [ -67.05236, -10.08456 ], [ -67.04888, -10.0758 ], [ -67.03937, -10.07846 ], [ -67.02601, -10.09183 ], [ -67.01885, -10.09168 ], [ -67.01528, -10.098 ], [ -66.99944, -10.10944 ], [ -66.95593, -10.10924 ], [ -66.92628, -10.118 ], [ -66.94689, -10.13924 ], [ -66.92525, -10.11701 ], [ -66.90818, -10.12517 ], [ -66.91061, -10.12588 ], [ -66.90927, -10.13218 ], [ -66.91275, -10.13257 ], [ -66.91411, -10.1291 ], [ -66.91896, -10.13061 ], [ -66.91876, -10.13465 ], [ -66.9114, -10.13893 ], [ -66.91089, -10.14702 ], [ -66.91309, -10.1485 ], [ -66.92427, -10.14322 ], [ -66.93101, -10.14895 ], [ -66.93456, -10.1476 ], [ -66.93315, -10.15532 ], [ -66.94011, -10.15438 ], [ -66.94581, -10.15834 ], [ -66.95117, -10.18626 ], [ -66.95621, -10.19117 ], [ -66.95921, -10.19152 ], [ -66.95637, -10.18794 ], [ -66.96093, -10.18265 ], [ -66.96878, -10.19233 ], [ -66.97624, -10.19105 ], [ -66.97232, -10.18769 ], [ -66.97511, -10.18504 ], [ -66.9818, -10.19011 ], [ -66.9745, -10.19609 ], [ -66.98118, -10.19425 ], [ -66.9919, -10.20393 ], [ -66.9923, -10.19868 ], [ -66.99674, -10.19899 ], [ -66.99327, -10.21032 ], [ -66.9986, -10.21196 ], [ -67.00099, -10.21787 ], [ -66.99751, -10.2198 ], [ -66.99198, -10.21729 ], [ -66.98875, -10.22122 ], [ -66.99496, -10.22263 ], [ -66.99466, -10.22783 ], [ -66.99902, -10.23311 ], [ -66.99925, -10.22992 ], [ -67.00228, -10.22974 ], [ -67.00666, -10.23252 ], [ -67.00455, -10.2435 ], [ -67.01592, -10.2588 ], [ -67.01787, -10.2548 ], [ -67.02346, -10.25419 ], [ -67.02493, -10.25843 ], [ -67.03118, -10.25494 ], [ -67.02999, -10.25645 ], [ -67.03512, -10.26451 ], [ -67.0416, -10.2618 ], [ -67.04314, -10.2663 ], [ -67.05124, -10.26725 ], [ -67.05309, -10.27198 ], [ -67.04843, -10.27595 ], [ -67.07149, -10.2854 ], [ -67.07599, -10.28394 ], [ -67.07916, -10.28939 ], [ -67.08277, -10.28756 ], [ -67.08883, -10.2904 ], [ -67.08778, -10.28537 ], [ -67.09888, -10.28216 ], [ -67.09929, -10.28655 ], [ -67.10502, -10.28548 ], [ -67.10617, -10.2887 ], [ -67.11706, -10.29273 ], [ -67.12579, -10.2904 ], [ -67.13704, -10.29768 ], [ -67.14047, -10.30891 ], [ -67.13399, -10.30938 ], [ -67.12783, -10.31524 ], [ -67.13419, -10.31554 ], [ -67.13596, -10.31926 ], [ -67.13963, -10.31529 ], [ -67.14402, -10.32673 ], [ -67.14734, -10.32331 ], [ -67.15469, -10.32869 ], [ -67.16421, -10.32985 ], [ -67.16961, -10.33723 ], [ -67.17819, -10.33942 ], [ -67.17692, -10.32778 ], [ -67.17852, -10.32778 ], [ -67.17862, -10.32589 ], [ -67.17385, -10.32326 ] ], [ [ -67.14257, -10.2888 ], [ -67.1475, -10.28536 ], [ -67.19025, -10.27235 ], [ -67.14257, -10.2888 ] ], [ [ -67.09095, -10.09811 ], [ -67.10028, -10.10383 ], [ -67.11531, -10.11476 ], [ -67.09095, -10.09811 ] ], [ [ -67.07609, -10.10999 ], [ -67.05064, -10.10989 ], [ -67.05095, -10.10945 ], [ -67.07609, -10.10999 ] ], [ [ -67.04559, -10.12633 ], [ -67.0387, -10.12738 ], [ -67.03871, -10.12716 ], [ -67.04559, -10.12633 ] ] ], [ [ [ -67.04088, -10.06435 ], [ -67.04835, -10.06944 ], [ -67.05868, -10.06788 ], [ -67.05736, -10.06444 ], [ -67.03861, -10.06263 ], [ -67.03937, -10.07846 ], [ -67.04532, -10.07566 ], [ -67.04475, -10.07133 ], [ -67.04925, -10.07069 ], [ -67.04088, -10.06435 ] ] ] ] } },
{ "type": "Feature", "properties": { "cluster": 2.0, "hvi": 0.1007, "population": 2764, "setores": 9, "municipio": "Acrelândia" }, "geometry": { "type": "MultiPolygon", "coordinates": [ [ [ [ -66.88929, -9.97819 ], [ -66.88939, -9.98163 ], [ -66.87608, -9.99434 ], [ -66.86084, -9.99784 ], [ -66.84887, -10.006 ], [ -66.84159, -10.00298 ], [ -66.82996, -10.0119 ], [ -66.83892, -10.01897 ], [ -66.83731, -10.02789 ], [ -66.81488, -10.03147 ], [ -66.80214, -10.04315 ], [ -66.80724, -10.04472 ], [ -66.80761, -10.04948 ], [ -66.81728, -10.05171 ], [ -66.82289, -10.05991 ], [ -66.83489, -10.06106 ], [ -66.83684, -10.06379 ], [ -66.83426, -10.06721 ], [ -66.8409, -10.07069 ], [ -66.8375, -10.08269 ], [ -66.85156, -10.08754 ], [ -66.85369, -10.08585 ], [ -66.85151, -10.08157 ], [ -66.85537, -10.08435 ], [ -66.86126, -10.08325 ], [ -66.86606, -10.08507 ], [ -66.87115, -10.08066 ], [ -66.87515, -10.08197 ], [ -66.87264, -10.08718 ], [ -66.87478, -10.09157 ], [ -66.87103, -10.09426 ], [ -66.87316, -10.10142 ], [ -66.87662, -10.10151 ], [ -66.87977, -10.09634 ], [ -66.8821, -10.10055 ], [ -66.88019, -10.10496 ], [ -66.88476, -10.10869 ], [ -66.8875, -10.09906 ], [ -66.88885, -10.11485 ], [ -66.89499, -10.11008 ], [ -66.89852, -10.11088 ], [ -66.89582, -10.12232 ], [ -66.90135, -10.12289 ], [ -66.90292, -10.12764 ], [ -66.91933, -10.11867 ], [ -66.95351, -10.10962 ], [ -66.99957, -10.1094 ], [ -67.01528, -10.098 ], [ -67.01885, -10.09168 ], [ -67.02601, -10.09183 ], [ -67.03937, -10.07846 ], [ -67.03678, -10.00935 ], [ -67.03598, -10.00512 ], [ -67.01525, -9.98451 ], [ -67.01533, -9.93818 ], [ -66.97882, -9.93695 ], [ -66.9456, -9.90082 ], [ -66.90856, -9.93529 ], [ -66.90293, -9.94672 ], [ -66.91243, -9.95922 ], [ -66.89979, -9.97149 ], [ -66.88929, -9.97819 ] ], [ [ -66.99802, -10.04158 ], [ -66.99104, -10.04413 ], [ -66.99811, -10.0415 ], [ -66.99802, -10.04158 ] ], [ [ -66.96346, -10.05513 ], [ -66.9615, -10.05463 ], [ -66.9643, -10.05417 ], [ -66.96346, -10.05513 ] ], [ [ -66.9472, -10.05095 ], [ -66.93618, -10.06829 ], [ -66.94917, -10.0478 ], [ -66.95663, -10.05338 ], [ -66.9472, -10.05095 ] ], [ [ -66.9544, -10.03864 ], [ -66.96459, -10.02569 ], [ -66.97377, -10.01416 ], [ -66.95054, -10.04548 ], [ -66.9544, -10.03864 ] ], [ [ -66.94078, -10.02393 ], [ -66.93526, -10.01511 ], [ -66.94672, -10.02919 ], [ -66.94078, -10.02393 ] ], [ [ -66.91196, -10.05762 ], [ -66.90954, -10.06932 ], [ -66.90798, -10.06939 ], [ -66.91196, -10.05762 ] ], [ [ -66.89466, -10.07003 ], [ -66.89387, -10.07007 ], [ -66.89386, -10.07004 ], [ -66.89466, -10.07003 ] ] ], [ [ [ -67.03598, -10.00512 ], [ -67.03848, -10.01081 ], [ -67.04323, -10.00983 ], [ -67.04223, -10.00477 ], [ -67.03598, -10.00512 ] ] ], [ [ [ -67.06335, -9.9163 ], [ -67.05705, -9.91361 ], [ -67.09418, -9.81106 ], [ -66.97891, -9.76905 ], [ -66.92566, -9.79272 ], [ -66.88699, -9.83206 ], [ -66.91526, -9.86712 ], [ -66.97882, -9.93695 ], [ -67.03842, -9.93846 ], [ -67.05341, -9.94375 ], [ -67.06335, -9.9163 ] ], [ [ -66.93971, -9.81742 ], [ -66.97409, -9.8035 ], [ -66.97421, -9.80352 ], [ -66.93971, -9.81742 ] ] ] ] } },
{ "type": "Feature", "properties": { "cluster": 3.0, "hvi": 0.1139, "population": 2607, "setores": 5, "municipio": "Acrelândia" }, "geometry": { "type": "Polygon", "coordinates": [ [ [ -66.90293, -9.94672 ], [ -66.9083, -9.9356 ], [ -66.9456, -9.90082 ], [ -66.90959, -9.86086 ], [ -66.89242, -9.83658 ], [ -66.86739, -9.81625 ], [ -66.88699, -9.83206 ], [ -66.92566, -9.79272 ], [ -66.97891, -9.76905 ], [ -67.09418, -9.81106 ], [ -67.11711, -9.74965 ], [ -67.05712, -9.91338 ], [ -67.06335, -9.9163 ], [ -67.05341, -9.94375 ], [ -67.09025, -9.95729 ], [ -67.18511, -9.71002 ], [ -67.1879, -9.71138 ], [ -67.19045, -9.70562 ], [ -67.19208, -9.70722 ], [ -67.19319, -9.7041 ], [ -67.18767, -9.69953 ], [ -67.19228, -9.69882 ], [ -67.1878, -9.69242 ], [ -67.17281, -9.69225 ], [ -67.17472, -9.68995 ], [ -67.17027, -9.68504 ], [ -67.16625, -9.68895 ], [ -67.1614, -9.68514 ], [ -67.15779, -9.69126 ], [ -67.15662, -9.68638 ], [ -67.14555, -9.68797 ], [ -67.14575, -9.68462 ], [ -67.14114, -9.68449 ], [ -67.13498, -9.67592 ], [ -66.62689, -9.89803 ], [ -66.62369, -9.9049 ], [ -66.63535, -9.91198 ], [ -66.6297, -9.91355 ], [ -66.62652, -9.9192 ], [ -66.63294, -9.92039 ], [ -66.63633, -9.92676 ], [ -66.62556, -9.93297 ], [ -66.63002, -9.93673 ], [ -66.63226, -9.93505 ], [ -66.63701, -9.94985 ], [ -66.64225, -9.94981 ], [ -66.6411, -9.94655 ], [ -66.64996, -9.94321 ], [ -66.65109, -9.93512 ], [ -66.6547, -9.94116 ], [ -66.65807, -9.93494 ], [ -66.66421, -9.93826 ], [ -66.66604, -9.94684 ], [ -66.66306, -9.94868 ], [ -66.66916, -9.95343 ], [ -66.6687, -9.95977 ], [ -66.67356, -9.95646 ], [ -66.67771, -9.95774 ], [ -66.67547, -9.96752 ], [ -66.68149, -9.96492 ], [ -66.69403, -9.96631 ], [ -66.6944, -9.97064 ], [ -66.70586, -9.97665 ], [ -66.71365, -9.97856 ], [ -66.71816, -9.97344 ], [ -66.7223, -9.97794 ], [ -66.7193, -9.98121 ], [ -66.72129, -9.98337 ], [ -66.72903, -9.98 ], [ -66.74024, -9.98418 ], [ -66.73426, -9.98272 ], [ -66.73392, -9.98585 ], [ -66.74189, -9.99672 ], [ -66.75025, -9.99319 ], [ -66.75333, -10.00058 ], [ -66.76392, -9.99952 ], [ -66.76435, -10.00671 ], [ -66.7728, -10.01154 ], [ -66.77139, -10.02109 ], [ -66.77899, -10.01733 ], [ -66.78955, -10.02169 ], [ -66.80067, -10.03491 ], [ -66.80739, -10.03731 ], [ -66.81512, -10.03139 ], [ -66.83722, -10.02797 ], [ -66.83892, -10.01897 ], [ -66.82996, -10.0119 ], [ -66.84184, -10.00284 ], [ -66.84887, -10.006 ], [ -66.86084, -9.99784 ], [ -66.87497, -9.99535 ], [ -66.88939, -9.98163 ], [ -66.88929, -9.97819 ], [ -66.89379, -9.97742 ], [ -66.91243, -9.95922 ], [ -66.90293, -9.94672 ] ], [ [ -66.80745, -9.93044 ], [ -66.80647, -9.9309 ], [ -66.83489, -9.86544 ], [ -66.80745, -9.93044 ] ], [ [ -66.79329, -9.94771 ], [ -66.79858, -9.93533 ], [ -66.79862, -9.93531 ], [ -66.79329, -9.94771 ] ], [ [ -66.78795, -9.95233 ], [ -66.77203, -9.96075 ], [ -66.77347, -9.95854 ], [ -66.79329, -9.94771 ], [ -66.78795, -9.95233 ] ], [ [ -66.78321, -9.93619 ], [ -66.7678, -9.9313 ], [ -66.78359, -9.93617 ], [ -66.78321, -9.93619 ] ], [ [ -66.76332, -9.97408 ], [ -66.76366, -9.97355 ], [ -66.7634, -9.97405 ], [ -66.76332, -9.97408 ] ] ] } },
{ "type": "Feature", "properties": { "cluster": 4.0, "hvi": 0.1356, "population": 2930, "setores": 3, "municipio": "Acrelândia" }, "geometry": { "type": "Polygon", "coordinates": [ [ [ -67.06398, -10.07998 ], [ -67.06668, -10.06446 ], [ -67.05736, -10.06444 ], [ -67.05867, -10.06788 ], [ -67.04835, -10.06944 ], [ -67.06398, -10.07998 ] ], [ [ -67.05893, -10.07652 ], [ -67.06112, -10.07296 ], [ -67.06161, -10.07324 ], [ -67.05893, -10.07652 ] ] ] } },
{ "type": "Feature", "properties": { "cluster": 5.0, "hvi": 0.1204, "population": 1235, "setores": 2, "municipio": "Acrelândia" }, "geometry": { "type": "Polygon", "coordinates": [ [ [ -67.05511, -10.08921 ], [ -67.06065, -10.08839 ], [ -67.0607, -10.08502 ], [ -67.0661, -10.08246 ], [ -67.05925, -10.07815 ], [ -67.05976, -10.07709 ], [ -67.05345, -10.07717 ], [ -67.05464, -10.08569 ], [ -67.05576, -10.08551 ], [ -67.05629, -10.0844 ], [ -67.05511, -10.08921 ] ] ] } },
{ "type": "Feature", "properties": { "cluster": 6.0, "hvi": 0.1263, "population": 1026, "setores": 2, "municipio": "Assis Brasil" }, "geometry": { "type": "Polygon", "coordinates": [ [ [ -69.56682, -10.94399 ], [ -69.56974, -10.94251 ], [ -69.56826, -10.93997 ], [ -69.5678, -10.9363 ], [ -69.56337, -10.93764 ], [ -69.56427, -10.94042 ], [ -69.56682, -10.94399 ] ] ] } },
{ "type": "Feature", "properties": { "cluster": 7.0, "hvi": 0.1067, "population": 2939, "setores": 11, "municipio": "Assis Brasil" }, "geometry": { "type": "MultiPolygon", "coordinates": [ [ [ [ -69.56682, -10.94399 ], [ -69.56427, -10.94042 ], [ -69.561, -10.94349 ], [ -69.56463, -10.94537 ], [ -69.56682, -10.94399 ] ] ], [ [ [ -69.56212, -10.93807 ], [ -69.56105, -10.94119 ], [ -69.56297, -10.94073 ], [ -69.56212, -10.93807 ] ] ], [ [ [ -69.56337, -10.93764 ], [ -69.56297, -10.94073 ], [ -69.56427, -10.94042 ], [ -69.56337, -10.93764 ] ] ], [ [ [ -69.56826, -10.94447 ], [ -69.57135, -10.94596 ], [ -69.57535, -10.942 ], [ -69.58517, -10.94003 ], [ -69.59115, -10.94825 ], [ -69.59641, -10.94094 ], [ -69.61138, -10.947 ], [ -69.61003, -10.95888 ], [ -69.61585, -10.95137 ], [ -69.62063, -10.95 ], [ -69.63378, -10.9579 ], [ -69.65443, -10.95278 ], [ -69.66526, -10.95844 ], [ -69.66361, -10.88079 ], [ -69.66509, -10.87988 ], [ -69.66476, -10.85959 ], [ -69.65817, -10.86041 ], [ -69.65714, -10.86364 ], [ -69.65383, -10.86209 ], [ -69.65344, -10.85741 ], [ -69.64162, -10.85144 ], [ -69.64282, -10.84736 ], [ -69.63809, -10.84555 ], [ -69.62524, -10.8541 ], [ -69.61179, -10.85644 ], [ -69.6073, -10.861 ], [ -69.60187, -10.85829 ], [ -69.59223, -10.8643 ], [ -69.58591, -10.86438 ], [ -69.58094, -10.8591 ], [ -69.57849, -10.85902 ], [ -69.58541, -10.83454 ], [ -69.59278, -10.82779 ], [ -69.59058, -10.82046 ], [ -69.60227, -10.81092 ], [ -69.60365, -10.79501 ], [ -69.60759, -10.78705 ], [ -69.60256, -10.76447 ], [ -69.59593, -10.75553 ], [ -69.5983, -10.74859 ], [ -69.59535, -10.74248 ], [ -69.58051, -10.73986 ], [ -69.5653, -10.74441 ], [ -69.55533, -10.7429 ], [ -69.52486, -10.72129 ], [ -69.51674, -10.72003 ], [ -69.51281, -10.71266 ], [ -69.50882, -10.71338 ], [ -69.5028, -10.70061 ], [ -69.49793, -10.70038 ], [ -69.49787, -10.74923 ], [ -69.48552, -10.78304 ], [ -69.48482, -10.79383 ], [ -69.5005, -10.82177 ], [ -69.52086, -10.84818 ], [ -69.55261, -10.87367 ], [ -69.54611, -10.87407 ], [ -69.54302, -10.87646 ], [ -69.54444, -10.87884 ], [ -69.54071, -10.87881 ], [ -69.53701, -10.89135 ], [ -69.52236, -10.89667 ], [ -69.52511, -10.90182 ], [ -69.55319, -10.92305 ], [ -69.55169, -10.9266 ], [ -69.55756, -10.9292 ], [ -69.5534, -10.92321 ], [ -69.55527, -10.92463 ], [ -69.55853, -10.93061 ], [ -69.55277, -10.92842 ], [ -69.5568, -10.93192 ], [ -69.55961, -10.93102 ], [ -69.55902, -10.93079 ], [ -69.561, -10.92747 ], [ -69.56102, -10.93025 ], [ -69.56299, -10.93006 ], [ -69.56256, -10.93039 ], [ -69.5678, -10.9363 ], [ -69.56826, -10.94447 ] ], [ [ -69.59679, -10.89429 ], [ -69.59786, -10.89277 ], [ -69.60773, -10.89104 ], [ -69.59679, -10.89429 ] ], [ [ -69.57209, -10.90682 ], [ -69.5747, -10.90501 ], [ -69.58988, -10.90402 ], [ -69.57209, -10.90682 ] ], [ [ -69.55289, -10.87365 ], [ -69.55523, -10.86505 ], [ -69.55528, -10.86502 ], [ -69.55289, -10.87365 ] ], [ [ -69.56666, -10.85774 ], [ -69.57275, -10.85885 ], [ -69.56606, -10.85866 ], [ -69.56666, -10.85774 ] ] ], [ [ [ -69.55889, -10.94129 ], [ -69.56104, -10.94222 ], [ -69.56095, -10.94061 ], [ -69.55889, -10.94129 ] ] ], [ [ [ -69.56102, -10.93025 ], [ -69.55581, -10.93317 ], [ -69.55821, -10.93849 ], [ -69.56713, -10.9365 ], [ -69.56102, -10.93025 ] ] ] ] } },
{ "type": "Feature", "properties": { "cluster": 8.0, "hvi": 0.1055, "population": 290, "setores": 1, "municipio": "Assis Brasil" }, "geometry": { "type": "Polygon", "coordinates": [ [ [ -69.55055, -10.93704 ], [ -69.55358, -10.94045 ], [ -69.5569, -10.941 ], [ -69.55744, -10.93834 ], [ -69.55055, -10.93704 ] ] ] } },
{ "type": "Feature", "properties": { "cluster": 9.0, "hvi": 0.1014, "population": 915, "setores": 14, "municipio": "Assis Brasil" }, "geometry": { "type": "Polygon", "coordinates": [ [ [ -69.91917, -10.93309 ], [ -69.92416, -10.93167 ], [ -69.92578, -10.92296 ], [ -69.93092, -10.92245 ], [ -69.93388, -10.92117 ], [ -69.94014, -10.9256 ], [ -69.94153, -10.92165 ], [ -69.9418, -10.92628 ], [ -69.94623, -10.92066 ], [ -69.94431, -10.92361 ], [ -69.95493, -10.92776 ], [ -69.95668, -10.92425 ], [ -69.95448, -10.93535 ], [ -69.96234, -10.93469 ], [ -69.95798, -10.93962 ], [ -69.96373, -10.93919 ], [ -69.97487, -10.94889 ], [ -69.98225, -10.94219 ], [ -69.98484, -10.95515 ], [ -69.99476, -10.94944 ], [ -69.99785, -10.96317 ], [ -70.00699, -10.96108 ], [ -70.01523, -10.97011 ], [ -70.02647, -10.97132 ], [ -70.02792, -10.97774 ], [ -70.03776, -10.97071 ], [ -70.0375, -10.97926 ], [ -70.04609, -10.97889 ], [ -70.05409, -10.98674 ], [ -70.06406, -10.98709 ], [ -70.0648, -10.99371 ], [ -70.06903, -10.9944 ], [ -70.0779, -10.989 ], [ -70.08063, -10.99242 ], [ -70.08105, -10.98433 ], [ -70.08646, -10.99013 ], [ -70.08949, -10.98516 ], [ -70.09247, -10.98542 ], [ -70.09574, -10.98828 ], [ -70.09504, -10.996 ], [ -70.1, -10.99217 ], [ -70.10912, -10.99546 ], [ -70.10735, -11.00677 ], [ -70.11102, -11.00545 ], [ -70.1147, -11.01029 ], [ -70.12648, -11.01409 ], [ -70.13082, -11.0234 ], [ -70.13973, -11.02249 ], [ -70.13969, -11.02911 ], [ -70.15601, -11.03278 ], [ -70.15815, -11.04227 ], [ -70.16459, -11.03918 ], [ -70.17224, -11.04304 ], [ -70.17701, -11.03976 ], [ -70.17891, -11.04387 ], [ -70.18833, -11.04469 ], [ -70.1904, -11.04933 ], [ -70.19876, -11.05459 ], [ -70.21179, -11.0501 ], [ -70.21523, -11.05343 ], [ -70.21839, -11.05034 ], [ -70.22888, -11.04972 ], [ -70.23071, -11.05286 ], [ -70.24146, -11.047 ], [ -70.25875, -11.05339 ], [ -70.26195, -11.05169 ], [ -70.26356, -11.04386 ], [ -70.2765, -11.03852 ], [ -70.27096, -11.0314 ], [ -70.27454, -11.02112 ], [ -70.27192, -11.02034 ], [ -70.27241, -11.01042 ], [ -70.26566, -10.99718 ], [ -70.25933, -10.99816 ], [ -70.25692, -10.99472 ], [ -70.25964, -10.98587 ], [ -70.25334, -10.97332 ], [ -70.26026, -10.9646 ], [ -70.25774, -10.9573 ], [ -70.25968, -10.94921 ], [ -70.26965, -10.93658 ], [ -70.2744, -10.91661 ], [ -70.30307, -10.88434 ], [ -70.30677, -10.86163 ], [ -70.30072, -10.8622 ], [ -70.29618, -10.85887 ], [ -70.29463, -10.86078 ], [ -70.17047, -10.81656 ], [ -70.13723, -10.76009 ], [ -70.05651, -10.74815 ], [ -70.06981, -10.77807 ], [ -70.05492, -10.7463 ], [ -70.04665, -10.74229 ], [ -70.03797, -10.74583 ], [ -70.02211, -10.73557 ], [ -69.99333, -10.75097 ], [ -69.97289, -10.74467 ], [ -69.96658, -10.74812 ], [ -69.95883, -10.7593 ], [ -69.95255, -10.76189 ], [ -69.94549, -10.76014 ], [ -69.94364, -10.75653 ], [ -69.93959, -10.7582 ], [ -69.92689, -10.74747 ], [ -69.82386, -10.78757 ], [ -69.81654, -10.79689 ], [ -69.82206, -10.80022 ], [ -69.8219, -10.80636 ], [ -69.81886, -10.80801 ], [ -69.81114, -10.8025 ], [ -69.79581, -10.8093 ], [ -69.79086, -10.80666 ], [ -69.77874, -10.80771 ], [ -69.77324, -10.80098 ], [ -69.76367, -10.8011 ], [ -69.7685, -10.79962 ], [ -69.76881, -10.7896 ], [ -69.74367, -10.80868 ], [ -69.77789, -10.78187 ], [ -69.75759, -10.74492 ], [ -69.75789, -10.7508 ], [ -69.75312, -10.75492 ], [ -69.73728, -10.75234 ], [ -69.73182, -10.74532 ], [ -69.72154, -10.7453 ], [ -69.70524, -10.75705 ], [ -69.69455, -10.7557 ], [ -69.68208, -10.76326 ], [ -69.66981, -10.7646 ], [ -69.65189, -10.76062 ], [ -69.62549, -10.77014 ], [ -69.62096, -10.76771 ], [ -69.61115, -10.7459 ], [ -69.59497, -10.74221 ], [ -69.5983, -10.74859 ], [ -69.59593, -10.75553 ], [ -69.60256, -10.76447 ], [ -69.60759, -10.78705 ], [ -69.60365, -10.79501 ], [ -69.60227, -10.81092 ], [ -69.59058, -10.82046 ], [ -69.59278, -10.82779 ], [ -69.58541, -10.83454 ], [ -69.5787, -10.85969 ], [ -69.58189, -10.85843 ], [ -69.58084, -10.86056 ], [ -69.58591, -10.86438 ], [ -69.59223, -10.8643 ], [ -69.60187, -10.85829 ], [ -69.6073, -10.861 ], [ -69.61179, -10.85644 ], [ -69.62524, -10.8541 ], [ -69.63809, -10.84555 ], [ -69.65735, -10.86356 ], [ -69.65817, -10.86041 ], [ -69.6648, -10.8595 ], [ -69.66192, -10.84593 ], [ -69.66503, -10.85998 ], [ -69.66526, -10.95844 ], [ -69.66881, -10.96262 ], [ -69.67674, -10.96003 ], [ -69.69093, -10.96482 ], [ -69.69806, -10.9729 ], [ -69.70059, -10.96552 ], [ -69.70898, -10.97325 ], [ -69.71764, -10.97639 ], [ -69.71933, -10.9668 ], [ -69.72335, -10.96471 ], [ -69.739, -10.97519 ], [ -69.74178, -10.97161 ], [ -69.73928, -10.96545 ], [ -69.74574, -10.96199 ], [ -69.74751, -10.95399 ], [ -69.7599, -10.93937 ], [ -69.76454, -10.94215 ], [ -69.77429, -10.93938 ], [ -69.76815, -10.93053 ], [ -69.78018, -10.93542 ], [ -69.78712, -10.92881 ], [ -69.79008, -10.92951 ], [ -69.78734, -10.92359 ], [ -69.79308, -10.93428 ], [ -69.79776, -10.93217 ], [ -69.79969, -10.92672 ], [ -69.81237, -10.92576 ], [ -69.81192, -10.92769 ], [ -69.82894, -10.93315 ], [ -69.8328, -10.93372 ], [ -69.83312, -10.92776 ], [ -69.84025, -10.92984 ], [ -69.84328, -10.92483 ], [ -69.85104, -10.92383 ], [ -69.85883, -10.93434 ], [ -69.86204, -10.926 ], [ -69.87401, -10.93056 ], [ -69.87858, -10.9241 ], [ -69.89964, -10.92048 ], [ -69.90502, -10.92259 ], [ -69.91171, -10.92284 ], [ -69.91788, -10.9164 ], [ -69.91277, -10.9222 ], [ -69.91773, -10.92555 ], [ -69.91917, -10.93309 ] ], [ [ -69.93087, -10.91859 ], [ -69.93437, -10.91793 ], [ -69.94153, -10.92165 ], [ -69.93087, -10.91859 ] ], [ [ -69.81643, -10.91918 ], [ -69.80442, -10.91997 ], [ -69.8138, -10.9181 ], [ -69.81643, -10.91918 ] ], [ [ -69.8262, -10.92725 ], [ -69.81469, -10.92327 ], [ -69.81488, -10.92328 ], [ -69.8262, -10.92725 ] ], [ [ -69.82105, -10.91838 ], [ -69.81932, -10.91868 ], [ -69.822, -10.917 ], [ -69.82105, -10.91838 ] ], [ [ -69.70316, -10.82841 ], [ -69.70273, -10.82948 ], [ -69.70063, -10.82925 ], [ -69.70316, -10.82841 ] ], [ [ -69.6834, -10.82786 ], [ -69.69244, -10.83196 ], [ -69.6829, -10.82843 ], [ -69.6834, -10.82786 ] ], [ [ -69.66688, -10.84129 ], [ -69.66714, -10.84104 ], [ -69.66714, -10.84109 ], [ -69.66688, -10.84129 ] ], [ [ -69.72819, -10.82824 ], [ -69.73107, -10.82151 ], [ -69.7283, -10.82828 ], [ -69.72819, -10.82824 ] ], [ [ -69.71651, -10.82399 ], [ -69.72397, -10.82681 ], [ -69.71609, -10.82413 ], [ -69.71651, -10.82399 ] ] ] } },
{ "type": "Feature", "properties": { "cluster": 10.0, "hvi": 0.1213, "population": 2829, "setores": 6, "municipio": "Assis Brasil" }, "geometry": { "type": "Polygon", "coordinates": [ [ [ -69.55815, -10.93837 ], [ -69.55439, -10.93156 ], [ -69.55052, -10.93286 ], [ -69.54963, -10.93429 ], [ -69.54969, -10.93228 ], [ -69.55361, -10.93176 ], [ -69.55277, -10.92842 ], [ -69.55323, -10.92296 ], [ -69.5083, -10.88792 ], [ -69.42739, -10.81385 ], [ -69.39151, -10.80185 ], [ -69.39156, -10.80117 ], [ -69.37297, -10.8088 ], [ -69.28952, -10.812 ], [ -69.28749, -10.82502 ], [ -69.29449, -10.83898 ], [ -69.29266, -10.85389 ], [ -69.29876, -10.87149 ], [ -69.29606, -10.87995 ], [ -69.30518, -10.88785 ], [ -69.3075, -10.89752 ], [ -69.32153, -10.90718 ], [ -69.32004, -10.91706 ], [ -69.33572, -10.9288 ], [ -69.32728, -10.93878 ], [ -69.32877, -10.95017 ], [ -69.33451, -10.94721 ], [ -69.33654, -10.94075 ], [ -69.34065, -10.94404 ], [ -69.34276, -10.95211 ], [ -69.34718, -10.9474 ], [ -69.34519, -10.93857 ], [ -69.35531, -10.9361 ], [ -69.35801, -10.93794 ], [ -69.35429, -10.94277 ], [ -69.3556, -10.94545 ], [ -69.36403, -10.93998 ], [ -69.37398, -10.94052 ], [ -69.37222, -10.94796 ], [ -69.3751, -10.95632 ], [ -69.37782, -10.94238 ], [ -69.38055, -10.94016 ], [ -69.38514, -10.94293 ], [ -69.38898, -10.93911 ], [ -69.38697, -10.93389 ], [ -69.3957, -10.93523 ], [ -69.39488, -10.94 ], [ -69.39028, -10.94253 ], [ -69.39349, -10.94568 ], [ -69.40104, -10.93033 ], [ -69.40504, -10.92867 ], [ -69.41193, -10.938 ], [ -69.41444, -10.92625 ], [ -69.42351, -10.92664 ], [ -69.41813, -10.91932 ], [ -69.42298, -10.92375 ], [ -69.42797, -10.9376 ], [ -69.43518, -10.93389 ], [ -69.44856, -10.93517 ], [ -69.4528, -10.93704 ], [ -69.45376, -10.94933 ], [ -69.45817, -10.94664 ], [ -69.46209, -10.95083 ], [ -69.47378, -10.9444 ], [ -69.47808, -10.94518 ], [ -69.47607, -10.95151 ], [ -69.47812, -10.95496 ], [ -69.4852, -10.95009 ], [ -69.49372, -10.95102 ], [ -69.50163, -10.93593 ], [ -69.50338, -10.94164 ], [ -69.50831, -10.94382 ], [ -69.52244, -10.93583 ], [ -69.5403, -10.93763 ], [ -69.54344, -10.9412 ], [ -69.54077, -10.95115 ], [ -69.54743, -10.95354 ], [ -69.55062, -10.95307 ], [ -69.55072, -10.94716 ], [ -69.56463, -10.94537 ], [ -69.54495, -10.93514 ], [ -69.54853, -10.93607 ], [ -69.54823, -10.93656 ], [ -69.55744, -10.93834 ], [ -69.5569, -10.941 ], [ -69.56095, -10.94061 ], [ -69.56061, -10.93846 ], [ -69.55815, -10.93837 ] ], [ [ -69.55074, -10.93017 ], [ -69.54952, -10.9323 ], [ -69.54495, -10.93514 ], [ -69.55074, -10.93017 ] ] ] } },
{ "type": "Feature", "properties": { "cluster": 11.0, "hvi": 0.1466, "population": 2123, "setores": 4, "municipio": "Brasiléia" }, "geometry": { "type": "MultiPolygon", "coordinates": [ [ [ [ -68.75481, -11.00662 ], [ -68.7495, -11.00565 ], [ -68.75468, -11.00827 ], [ -68.75481, -11.00662 ] ] ], [ [ [ -68.75481, -11.00662 ], [ -68.75451, -11.00194 ], [ -68.74924, -11.00175 ], [ -68.75481, -11.00662 ] ] ], [ [ [ -68.75428, -11.0065 ], [ -68.74924, -11.00175 ], [ -68.74805, -11.0051 ], [ -68.75428, -11.0065 ] ] ], [ [ [ -68.75502, -10.99789 ], [ -68.7549, -11.00563 ], [ -68.75942, -11.00277 ], [ -68.75502, -10.99789 ] ] ] ] } },
{ "type": "Feature", "properties": { "cluster": 12.0, "hvi": 0.1379, "population": 672, "setores": 1, "municipio": "Brasiléia" }, "geometry": { "type": "Polygon", "coordinates": [ [ [ -68.76396, -11.01642 ], [ -68.76373, -11.01356 ], [ -68.75743, -11.01049 ], [ -68.76008, -11.0177 ], [ -68.76396, -11.01642 ] ] ] } },
{ "type": "Feature", "properties": { "cluster": 13.0, "hvi": 0.1258, "population": 2961, "setores": 7, "municipio": "Assis Brasil" }, "geometry": { "type": "Polygon", "coordinates": [ [ [ -68.97538, -10.78721 ], [ -68.96981, -10.78927 ], [ -68.95547, -10.78122 ], [ -68.95378, -10.78337 ], [ -68.95915, -10.79327 ], [ -68.95685, -10.79702 ], [ -68.95999, -10.8131 ], [ -68.95384, -10.82975 ], [ -68.94644, -10.82888 ], [ -68.94742, -10.83623 ], [ -68.94295, -10.84881 ], [ -68.94609, -10.8587 ], [ -68.93993, -10.86717 ], [ -68.94197, -10.8886 ], [ -68.9498, -10.89102 ], [ -68.9723, -10.91139 ], [ -68.9788, -10.90968 ], [ -68.98173, -10.91479 ], [ -68.98991, -10.91528 ], [ -69.00039, -10.92158 ], [ -69.00499, -10.92675 ], [ -69.00441, -10.93285 ], [ -69.02059, -10.93596 ], [ -69.03457, -10.92941 ], [ -69.04088, -10.91327 ], [ -69.03861, -10.8956 ], [ -69.04178, -10.88917 ], [ -69.06037, -10.87882 ], [ -69.06406, -10.87166 ], [ -69.07907, -10.86721 ], [ -69.081, -10.85755 ], [ -69.09337, -10.85084 ], [ -69.08504, -10.8491 ], [ -69.09943, -10.85208 ], [ -69.14554, -10.82766 ], [ -69.20159, -10.8228 ], [ -69.29597, -10.81112 ], [ -69.37297, -10.8088 ], [ -69.39153, -10.80118 ], [ -69.39151, -10.80185 ], [ -69.42739, -10.81385 ], [ -69.52244, -10.89898 ], [ -69.52499, -10.89414 ], [ -69.53701, -10.89135 ], [ -69.54071, -10.87881 ], [ -69.54444, -10.87884 ], [ -69.54302, -10.87646 ], [ -69.54611, -10.87407 ], [ -69.55274, -10.87378 ], [ -69.52086, -10.84818 ], [ -69.5005, -10.82177 ], [ -69.48482, -10.79383 ], [ -69.48552, -10.78304 ], [ -69.49787, -10.74923 ], [ -69.49793, -10.70038 ], [ -69.49333, -10.69769 ], [ -69.4938, -10.69743 ], [ -69.5028, -10.70061 ], [ -69.50882, -10.71338 ], [ -69.51281, -10.71266 ], [ -69.51674, -10.72003 ], [ -69.52486, -10.72129 ], [ -69.55533, -10.7429 ], [ -69.5653, -10.74441 ], [ -69.58051, -10.73986 ], [ -69.60776, -10.74392 ], [ -69.61332, -10.74844 ], [ -69.62096, -10.76771 ], [ -69.62549, -10.77014 ], [ -69.65189, -10.76062 ], [ -69.66981, -10.7646 ], [ -69.68208, -10.76326 ], [ -69.69455, -10.7557 ], [ -69.70524, -10.75705 ], [ -69.72154, -10.7453 ], [ -69.73182, -10.74532 ], [ -69.73448, -10.75101 ], [ -69.75042, -10.75493 ], [ -69.75825, -10.74993 ], [ -69.75568, -10.74145 ], [ -69.67054, -10.73127 ], [ -69.65212, -10.68966 ], [ -69.58835, -10.64308 ], [ -69.57891, -10.64352 ], [ -69.55759, -10.65186 ], [ -69.52863, -10.63836 ], [ -69.50375, -10.63714 ], [ -69.49389, -10.62895 ], [ -69.4787, -10.62906 ], [ -69.47505, -10.62636 ], [ -69.46494, -10.62791 ], [ -69.45565, -10.63342 ], [ -69.44297, -10.62704 ], [ -69.43172, -10.63165 ], [ -69.42295, -10.61994 ], [ -69.41712, -10.61742 ], [ -69.40627, -10.61824 ], [ -69.39917, -10.62376 ], [ -69.38869, -10.61851 ], [ -69.38092, -10.61709 ], [ -69.37673, -10.61947 ], [ -69.3726, -10.61469 ], [ -69.36365, -10.61184 ], [ -69.36282, -10.5945 ], [ -69.35613, -10.59576 ], [ -69.34076, -10.58835 ], [ -69.32819, -10.57505 ], [ -69.32215, -10.57438 ], [ -69.31722, -10.56959 ], [ -69.3086, -10.5725 ], [ -69.29919, -10.56134 ], [ -69.28511, -10.56682 ], [ -69.27456, -10.56731 ], [ -69.26511, -10.55854 ], [ -69.25474, -10.55664 ], [ -69.24814, -10.54676 ], [ -69.24414, -10.54766 ], [ -69.23769, -10.53837 ], [ -69.23954, -10.53753 ], [ -69.23884, -10.53601 ], [ -69.22561, -10.53574 ], [ -69.22442, -10.54075 ], [ -69.22203, -10.53866 ], [ -69.21846, -10.54327 ], [ -69.21315, -10.54376 ], [ -69.20349, -10.55405 ], [ -69.18388, -10.55309 ], [ -69.1823, -10.55716 ], [ -69.1868, -10.56334 ], [ -69.18414, -10.5679 ], [ -69.17664, -10.56866 ], [ -69.16856, -10.56474 ], [ -69.15908, -10.5693 ], [ -69.15595, -10.57579 ], [ -69.14467, -10.57621 ], [ -69.14398, -10.58033 ], [ -69.14704, -10.57881 ], [ -69.15289, -10.58501 ], [ -69.15505, -10.59454 ], [ -69.16293, -10.59697 ], [ -69.16319, -10.60608 ], [ -69.16594, -10.60599 ], [ -69.16407, -10.60844 ], [ -69.16817, -10.61523 ], [ -69.1728, -10.61744 ], [ -69.17857, -10.61353 ], [ -69.17914, -10.61653 ], [ -69.18735, -10.6193 ], [ -69.20073, -10.61409 ], [ -69.21376, -10.61892 ], [ -69.20288, -10.61579 ], [ -68.99498, -10.75662 ], [ -69.00773, -10.78312 ], [ -68.99426, -10.75711 ], [ -68.99164, -10.76704 ], [ -68.97538, -10.78721 ] ], [ [ -69.04605, -10.84876 ], [ -69.05937, -10.85516 ], [ -69.05382, -10.85426 ], [ -69.04605, -10.84876 ] ], [ [ -69.47637, -10.70543 ], [ -69.47751, -10.7015 ], [ -69.47794, -10.70153 ], [ -69.47637, -10.70543 ] ], [ [ -69.47441, -10.71026 ], [ -69.46876, -10.71047 ], [ -69.47462, -10.70975 ], [ -69.47441, -10.71026 ] ], [ [ -69.46614, -10.71057 ], [ -69.44086, -10.70137 ], [ -69.46676, -10.71055 ], [ -69.46614, -10.71057 ] ], [ [ -69.42309, -10.69102 ], [ -69.42427, -10.6909 ], [ -69.42435, -10.69103 ], [ -69.42309, -10.69102 ] ], [ [ -69.35886, -10.70294 ], [ -69.36776, -10.70338 ], [ -69.36773, -10.70342 ], [ -69.35886, -10.70294 ] ], [ [ -69.35694, -10.69953 ], [ -69.35638, -10.69972 ], [ -69.35636, -10.6997 ], [ -69.35694, -10.69953 ] ], [ [ -69.3149, -10.70474 ], [ -69.31665, -10.70078 ], [ -69.31498, -10.70483 ], [ -69.3149, -10.70474 ] ], [ [ -69.2935, -10.69225 ], [ -69.30756, -10.69706 ], [ -69.29521, -10.69351 ], [ -69.2935, -10.69225 ] ], [ [ -69.28941, -10.688 ], [ -69.28957, -10.68934 ], [ -69.2891, -10.689 ], [ -69.28941, -10.688 ] ], [ [ -69.29497, -10.67038 ], [ -69.29269, -10.68028 ], [ -69.29156, -10.6812 ], [ -69.29497, -10.67038 ] ], [ [ -69.29326, -10.66787 ], [ -69.29452, -10.66971 ], [ -69.28254, -10.6593 ], [ -69.29326, -10.66787 ] ], [ [ -69.22736, -10.61831 ], [ -69.22749, -10.61859 ], [ -69.22708, -10.61832 ], [ -69.22736, -10.61831 ] ], [ [ -69.362, -10.68591 ], [ -69.36079, -10.69822 ], [ -69.36066, -10.69827 ], [ -69.362, -10.68591 ] ] ] } },
{ "type": "Feature", "properties": { "cluster": 14.0, "hvi": 0.1184, "population": 2078, "setores": 7, "municipio": "Brasiléia" }, "geometry": { "type": "Polygon", "coordinates": [ [ [ -68.80217, -10.99472 ], [ -68.8115, -10.99421 ], [ -68.80314, -11.00062 ], [ -68.8115, -11.00086 ], [ -68.81648, -11.00515 ], [ -68.82231, -11.00227 ], [ -68.8289, -11.00636 ], [ -68.83177, -11.00048 ], [ -68.82715, -11.00012 ], [ -68.82633, -10.99663 ], [ -68.83368, -10.99254 ], [ -68.83759, -11.0012 ], [ -68.84267, -11.00152 ], [ -68.84594, -10.9986 ], [ -68.84135, -10.99783 ], [ -68.84148, -10.99388 ], [ -68.84623, -10.9917 ], [ -68.86041, -11.00483 ], [ -68.86018, -11.01648 ], [ -68.8714, -11.01336 ], [ -68.87316, -11.00864 ], [ -68.88317, -11.00839 ], [ -68.88578, -11.01142 ], [ -68.88455, -11.01625 ], [ -68.88079, -11.01702 ], [ -68.87964, -11.0118 ], [ -68.87573, -11.01502 ], [ -68.88002, -11.02137 ], [ -68.8882, -11.01667 ], [ -68.88856, -11.01166 ], [ -68.89585, -11.00608 ], [ -68.90431, -11.0126 ], [ -68.90928, -11.02204 ], [ -68.9207, -11.01315 ], [ -68.9249, -11.01824 ], [ -68.92679, -11.012 ], [ -68.93142, -11.0125 ], [ -68.93539, -11.00071 ], [ -68.93416, -11.00465 ], [ -68.9477, -11.01212 ], [ -68.94749, -11.00412 ], [ -68.95713, -11.00151 ], [ -68.95274, -10.98997 ], [ -68.96183, -10.99282 ], [ -68.96849, -10.98746 ], [ -68.98763, -10.99837 ], [ -68.98491, -11.00941 ], [ -68.99311, -11.01135 ], [ -68.99692, -11.00263 ], [ -69.00331, -11.00813 ], [ -69.0075, -11.00209 ], [ -69.01626, -11.00155 ], [ -69.01064, -10.99635 ], [ -69.013, -10.99076 ], [ -69.02476, -10.99303 ], [ -69.02635, -10.98245 ], [ -69.03422, -10.98624 ], [ -69.03863, -10.97674 ], [ -69.04378, -10.98116 ], [ -69.04924, -10.98127 ], [ -69.04795, -10.97475 ], [ -69.05143, -10.9744 ], [ -69.06119, -10.98577 ], [ -69.06812, -10.97754 ], [ -69.07165, -10.96682 ], [ -69.07897, -10.97615 ], [ -69.08902, -10.96771 ], [ -69.09136, -10.96907 ], [ -69.08725, -10.96977 ], [ -69.09784, -10.97971 ], [ -69.10385, -10.98088 ], [ -69.10748, -10.97273 ], [ -69.11226, -10.97098 ], [ -69.11872, -10.98099 ], [ -69.12159, -10.98086 ], [ -69.12044, -10.9691 ], [ -69.1232, -10.9662 ], [ -69.13695, -10.97449 ], [ -69.13858, -10.96795 ], [ -69.15042, -10.97144 ], [ -69.14421, -10.96347 ], [ -69.15583, -10.96468 ], [ -69.1514, -10.95483 ], [ -69.15637, -10.9566 ], [ -69.16131, -10.96548 ], [ -69.16519, -10.96564 ], [ -69.17009, -10.96323 ], [ -69.17074, -10.95866 ], [ -69.18275, -10.95538 ], [ -69.18643, -10.9478 ], [ -69.19005, -10.95045 ], [ -69.20134, -10.94818 ], [ -69.21617, -10.95797 ], [ -69.21659, -10.95316 ], [ -69.21788, -10.95403 ], [ -69.22003, -10.949 ], [ -69.22522, -10.94859 ], [ -69.23317, -10.9398 ], [ -69.24016, -10.95146 ], [ -69.25783, -10.94668 ], [ -69.25783, -10.94372 ], [ -69.25087, -10.9433 ], [ -69.25202, -10.93903 ], [ -69.27531, -10.94376 ], [ -69.27539, -10.94823 ], [ -69.27076, -10.95097 ], [ -69.27441, -10.95491 ], [ -69.2833, -10.94344 ], [ -69.28638, -10.94417 ], [ -69.28692, -10.94987 ], [ -69.29753, -10.94646 ], [ -69.3045, -10.94836 ], [ -69.31294, -10.94412 ], [ -69.32046, -10.94441 ], [ -69.32284, -10.93656 ], [ -69.32611, -10.93575 ], [ -69.32728, -10.93878 ], [ -69.33589, -10.92983 ], [ -69.32004, -10.91706 ], [ -69.32153, -10.90718 ], [ -69.3075, -10.89752 ], [ -69.30518, -10.88785 ], [ -69.29606, -10.87995 ], [ -69.29876, -10.87149 ], [ -69.29266, -10.85389 ], [ -69.29449, -10.83898 ], [ -69.28749, -10.82502 ], [ -69.28952, -10.812 ], [ -69.21337, -10.82208 ], [ -69.21437, -10.82239 ], [ -69.19125, -10.82357 ], [ -69.14554, -10.82766 ], [ -69.10063, -10.85177 ], [ -69.08868, -10.85219 ], [ -69.08064, -10.85804 ], [ -69.07907, -10.86721 ], [ -69.06406, -10.87166 ], [ -69.06037, -10.87882 ], [ -69.04178, -10.88917 ], [ -69.03861, -10.8956 ], [ -69.04088, -10.91327 ], [ -69.03324, -10.93072 ], [ -69.02059, -10.93596 ], [ -69.00793, -10.93196 ], [ -69.00112, -10.93393 ], [ -69.00441, -10.93285 ], [ -69.00499, -10.92675 ], [ -68.98991, -10.91528 ], [ -68.98085, -10.91424 ], [ -68.9788, -10.90968 ], [ -68.9723, -10.91139 ], [ -68.9498, -10.89102 ], [ -68.93208, -10.88567 ], [ -68.91454, -10.88619 ], [ -68.91009, -10.87615 ], [ -68.91, -10.8663 ], [ -68.87134, -10.86492 ], [ -68.85103, -10.8666 ], [ -68.85696, -10.93615 ], [ -68.86206, -10.93177 ], [ -68.84881, -10.94471 ], [ -68.83095, -10.93793 ], [ -68.82095, -10.94543 ], [ -68.81431, -10.9609 ], [ -68.80854, -10.96423 ], [ -68.79413, -10.96248 ], [ -68.7837, -10.9694 ], [ -68.78964, -10.97942 ], [ -68.78699, -10.98701 ], [ -68.79282, -10.99957 ], [ -68.79724, -11.00024 ], [ -68.79897, -10.99659 ], [ -68.79282, -10.98996 ], [ -68.79867, -10.98989 ], [ -68.80217, -10.99472 ] ], [ [ -68.93585, -10.98854 ], [ -68.93763, -10.99354 ], [ -68.93748, -10.99401 ], [ -68.93585, -10.98854 ] ], [ [ -68.92999, -10.98587 ], [ -68.93519, -10.98668 ], [ -68.93522, -10.98676 ], [ -68.92999, -10.98587 ] ], [ [ -68.93374, -10.97066 ], [ -68.93378, -10.97088 ], [ -68.93377, -10.97094 ], [ -68.93374, -10.97066 ] ], [ [ -68.93061, -10.95458 ], [ -68.9277, -10.95276 ], [ -68.93489, -10.94999 ], [ -68.93013, -10.95215 ], [ -68.93061, -10.95458 ] ], [ [ -68.92567, -10.95844 ], [ -68.92449, -10.95135 ], [ -68.92529, -10.9517 ], [ -68.92567, -10.95844 ] ], [ [ -68.86424, -10.9299 ], [ -68.86436, -10.9298 ], [ -68.88134, -10.93248 ], [ -68.86424, -10.9299 ] ], [ [ -69.09699, -10.9681 ], [ -69.09566, -10.96833 ], [ -69.09786, -10.96693 ], [ -69.09699, -10.9681 ] ], [ [ -69.10149, -10.96202 ], [ -69.09968, -10.96447 ], [ -69.09944, -10.95845 ], [ -69.10149, -10.96202 ] ], [ [ -69.1037, -10.95657 ], [ -69.10341, -10.9567 ], [ -69.10376, -10.9531 ], [ -69.1037, -10.95657 ] ], [ [ -69.1039, -10.94604 ], [ -69.10389, -10.94684 ], [ -69.10337, -10.94591 ], [ -69.1039, -10.94604 ] ], [ [ -69.09582, -10.93971 ], [ -69.09811, -10.94435 ], [ -69.09786, -10.94436 ], [ -69.09582, -10.93971 ] ], [ [ -69.10632, -10.90714 ], [ -69.09935, -10.9225 ], [ -69.10332, -10.91057 ], [ -69.10632, -10.90714 ] ], [ [ -68.99569, -10.93569 ], [ -68.99322, -10.93917 ], [ -68.99506, -10.9359 ], [ -68.99569, -10.93569 ] ], [ [ -68.9894, -10.94452 ], [ -68.98912, -10.94492 ], [ -68.97592, -10.94367 ], [ -68.9894, -10.94452 ] ], [ [ -68.96559, -10.93733 ], [ -68.94834, -10.95384 ], [ -68.94782, -10.9537 ], [ -68.96559, -10.93733 ] ], [ [ -69.21717, -10.94647 ], [ -69.21732, -10.94473 ], [ -69.21761, -10.94507 ], [ -69.21717, -10.94647 ] ], [ [ -69.21433, -10.94124 ], [ -69.20956, -10.93613 ], [ -69.2102, -10.93642 ], [ -69.21433, -10.94124 ] ], [ [ -69.19472, -10.92928 ], [ -69.19464, -10.92925 ], [ -69.19347, -10.92633 ], [ -69.19472, -10.92928 ] ], [ [ -69.19165, -10.92204 ], [ -69.17863, -10.91433 ], [ -69.17709, -10.91171 ], [ -69.19165, -10.92204 ] ], [ [ -69.17569, -10.90934 ], [ -69.17505, -10.90825 ], [ -69.17739, -10.89636 ], [ -69.17569, -10.90934 ] ], [ [ -69.18955, -10.87242 ], [ -69.17757, -10.89546 ], [ -69.18922, -10.87259 ], [ -69.18955, -10.87242 ] ], [ [ -69.21875, -10.83165 ], [ -69.2162, -10.82297 ], [ -69.21701, -10.82322 ], [ -69.21875, -10.83165 ] ] ] } },
{ "type": "Feature", "properties": { "cluster": 15.0, "hvi": 0.1147, "population": 2522, "setores": 10, "municipio": "Brasiléia" }, "geometry": { "type": "Polygon", "coordinates": [ [ [ -68.79474, -10.57697 ], [ -68.79401, -10.58241 ], [ -68.79916, -10.58626 ], [ -68.79864, -10.60885 ], [ -68.79144, -10.61415 ], [ -68.79735, -10.62696 ], [ -68.79728, -10.63449 ], [ -68.80296, -10.64163 ], [ -68.79306, -10.65499 ], [ -68.79906, -10.65959 ], [ -68.79393, -10.66963 ], [ -68.80832, -10.67129 ], [ -68.80925, -10.67559 ], [ -68.80216, -10.67766 ], [ -68.80264, -10.68196 ], [ -68.81293, -10.68686 ], [ -68.81455, -10.69099 ], [ -68.81175, -10.6978 ], [ -68.80851, -10.69812 ], [ -68.80922, -10.70687 ], [ -68.80459, -10.70887 ], [ -68.80544, -10.71577 ], [ -68.80768, -10.71906 ], [ -68.8119, -10.71724 ], [ -68.82404, -10.72356 ], [ -68.82405, -10.72765 ], [ -68.82781, -10.7286 ], [ -68.8331, -10.7386 ], [ -68.8375, -10.73934 ], [ -68.8526, -10.75768 ], [ -68.87757, -10.75807 ], [ -68.88099, -10.76709 ], [ -68.895, -10.76993 ], [ -68.89989, -10.77535 ], [ -68.91413, -10.77575 ], [ -68.92153, -10.77984 ], [ -68.92853, -10.77649 ], [ -68.94057, -10.77814 ], [ -68.97587, -10.77099 ], [ -68.98017, -10.75321 ], [ -68.97797, -10.74346 ], [ -68.97252, -10.73829 ], [ -68.96562, -10.73891 ], [ -68.95683, -10.73054 ], [ -68.95607, -10.71948 ], [ -68.94764, -10.71167 ], [ -68.94963, -10.70344 ], [ -68.94557, -10.69166 ], [ -68.94831, -10.67628 ], [ -68.94513, -10.67429 ], [ -68.94141, -10.67941 ], [ -68.93158, -10.67608 ], [ -68.9258, -10.66568 ], [ -68.92516, -10.65475 ], [ -68.92044, -10.65304 ], [ -68.91904, -10.6419 ], [ -68.91342, -10.63768 ], [ -68.92609, -10.62603 ], [ -68.92614, -10.61628 ], [ -68.92073, -10.61248 ], [ -68.91529, -10.61346 ], [ -68.91429, -10.60529 ], [ -68.90789, -10.60354 ], [ -68.91056, -10.59693 ], [ -68.90471, -10.58456 ], [ -68.89183, -10.5726 ], [ -68.90265, -10.58204 ], [ -68.90435, -10.57932 ], [ -68.90721, -10.58335 ], [ -68.90722, -10.5811 ], [ -68.91697, -10.57953 ], [ -68.91447, -10.57742 ], [ -68.91769, -10.57629 ], [ -68.91875, -10.58116 ], [ -68.92382, -10.57797 ], [ -68.92929, -10.5793 ], [ -68.9288, -10.57536 ], [ -68.93304, -10.58005 ], [ -68.93762, -10.5772 ], [ -68.94328, -10.57758 ], [ -68.9416, -10.57934 ], [ -68.94481, -10.58175 ], [ -68.94476, -10.57861 ], [ -68.95107, -10.58203 ], [ -68.95546, -10.57983 ], [ -68.9581, -10.58433 ], [ -68.95899, -10.58074 ], [ -68.96466, -10.57901 ], [ -68.97085, -10.58421 ], [ -68.97121, -10.5838 ], [ -68.97059, -10.58556 ], [ -68.97665, -10.58982 ], [ -68.97683, -10.59837 ], [ -68.98772, -10.61088 ], [ -68.98816, -10.62655 ], [ -68.99896, -10.63606 ], [ -69.00114, -10.66562 ], [ -69.01133, -10.67486 ], [ -69.02163, -10.68059 ], [ -69.02571, -10.67772 ], [ -69.02699, -10.66785 ], [ -69.0359, -10.66838 ], [ -69.04444, -10.68667 ], [ -69.05087, -10.68921 ], [ -69.06231, -10.68803 ], [ -69.08103, -10.69833 ], [ -69.20288, -10.61579 ], [ -69.20073, -10.61409 ], [ -69.18735, -10.6193 ], [ -69.17914, -10.61653 ], [ -69.17857, -10.61353 ], [ -69.1728, -10.61744 ], [ -69.16817, -10.61523 ], [ -69.16407, -10.60844 ], [ -69.16594, -10.60599 ], [ -69.16319, -10.60608 ], [ -69.16293, -10.59697 ], [ -69.15505, -10.59454 ], [ -69.15289, -10.58501 ], [ -69.14704, -10.57881 ], [ -69.14398, -10.58033 ], [ -69.14383, -10.57741 ], [ -69.14928, -10.57765 ], [ -69.15595, -10.57579 ], [ -69.15908, -10.5693 ], [ -69.16842, -10.56477 ], [ -69.18054, -10.56914 ], [ -69.18657, -10.56462 ], [ -69.1823, -10.55716 ], [ -69.18388, -10.55309 ], [ -69.20349, -10.55405 ], [ -69.21315, -10.54376 ], [ -69.21846, -10.54327 ], [ -69.22203, -10.53866 ], [ -69.22442, -10.54075 ], [ -69.22561, -10.53574 ], [ -69.23932, -10.53625 ], [ -69.23897, -10.54088 ], [ -69.24917, -10.55008 ], [ -69.26447, -10.53856 ], [ -69.27777, -10.54979 ], [ -69.2844, -10.55034 ], [ -69.29556, -10.54419 ], [ -69.29995, -10.52982 ], [ -69.31204, -10.52892 ], [ -69.32095, -10.517 ], [ -69.33256, -10.51655 ], [ -69.34206, -10.51206 ], [ -69.34832, -10.51451 ], [ -69.36182, -10.5122 ], [ -69.3698, -10.49216 ], [ -69.374, -10.48914 ], [ -69.34181, -10.48533 ], [ -69.36378, -10.46308 ], [ -69.34201, -10.40285 ], [ -69.31089, -10.36392 ], [ -69.17237, -10.28653 ], [ -69.12084, -10.26894 ], [ -69.11636, -10.26335 ], [ -69.00443, -10.20653 ], [ -68.99173, -10.20488 ], [ -68.98371, -10.21846 ], [ -68.99268, -10.2028 ], [ -68.99147, -10.19645 ], [ -68.98231, -10.18248 ], [ -68.97415, -10.17907 ], [ -68.97217, -10.1714 ], [ -68.95322, -10.1694 ], [ -68.94435, -10.16432 ], [ -68.93232, -10.16428 ], [ -68.92557, -10.15993 ], [ -68.92471, -10.15564 ], [ -68.91863, -10.15269 ], [ -68.91627, -10.15445 ], [ -68.91573, -10.15 ], [ -68.90816, -10.14295 ], [ -68.89327, -10.13959 ], [ -68.89061, -10.13363 ], [ -68.87964, -10.12865 ], [ -68.87671, -10.13107 ], [ -68.86972, -10.12584 ], [ -68.85738, -10.12781 ], [ -68.85651, -10.12389 ], [ -68.84753, -10.12433 ], [ -68.83829, -10.11368 ], [ -68.83433, -10.11563 ], [ -68.82691, -10.11237 ], [ -68.82576, -10.10874 ], [ -68.81601, -10.10987 ], [ -68.81217, -10.10515 ], [ -68.80494, -10.10476 ], [ -68.80383, -10.0997 ], [ -68.79645, -10.09681 ], [ -68.7955, -10.08902 ], [ -68.78938, -10.08269 ], [ -68.78024, -10.08529 ], [ -68.7826, -10.10058 ], [ -68.7772, -10.10898 ], [ -68.7655, -10.11678 ], [ -68.7517, -10.14109 ], [ -68.7526, -10.14679 ], [ -68.7592, -10.15429 ], [ -68.7757, -10.15909 ], [ -68.7784, -10.16959 ], [ -68.7835, -10.17109 ], [ -68.7856, -10.17799 ], [ -68.7874, -10.18639 ], [ -68.7757, -10.20619 ], [ -68.7772, -10.21219 ], [ -68.7655, -10.22389 ], [ -68.7649, -10.23019 ], [ -68.7808, -10.24999 ], [ -68.7706, -10.24969 ], [ -68.7592, -10.25479 ], [ -68.749, -10.25269 ], [ -68.7456, -10.25573 ], [ -68.73384, -10.25395 ], [ -68.7307, -10.24787 ], [ -68.71331, -10.24345 ], [ -68.71146, -10.23778 ], [ -68.71575, -10.22684 ], [ -68.71252, -10.21418 ], [ -68.70792, -10.20889 ], [ -68.69198, -10.213 ], [ -68.6881, -10.21815 ], [ -68.68331, -10.24037 ], [ -68.67602, -10.23761 ], [ -68.66875, -10.21895 ], [ -68.65191, -10.24013 ], [ -68.64736, -10.26067 ], [ -68.63975, -10.26596 ], [ -68.63602, -10.27462 ], [ -68.62691, -10.26939 ], [ -68.61471, -10.27152 ], [ -68.60104, -10.28179 ], [ -68.5792, -10.28449 ], [ -68.58061, -10.29435 ], [ -68.59146, -10.29359 ], [ -68.59614, -10.29959 ], [ -68.6051, -10.29933 ], [ -68.61699, -10.30663 ], [ -68.63983, -10.30494 ], [ -68.64669, -10.31351 ], [ -68.65693, -10.31876 ], [ -68.66099, -10.328 ], [ -68.67951, -10.32986 ], [ -68.68513, -10.33928 ], [ -68.68158, -10.34438 ], [ -68.68325, -10.35544 ], [ -68.68864, -10.35905 ], [ -68.69473, -10.35575 ], [ -68.69744, -10.36133 ], [ -68.70643, -10.36406 ], [ -68.71294, -10.38401 ], [ -68.86932, -10.38495 ], [ -68.71859, -10.3849 ], [ -68.73058, -10.39237 ], [ -68.7336, -10.40056 ], [ -68.73898, -10.40099 ], [ -68.73942, -10.41456 ], [ -68.75493, -10.43783 ], [ -68.76962, -10.44653 ], [ -68.79306, -10.4542 ], [ -68.79887, -10.4695 ], [ -68.80943, -10.46993 ], [ -68.79715, -10.48738 ], [ -68.78789, -10.49104 ], [ -68.7879, -10.49923 ], [ -68.83778, -10.5028 ], [ -68.78058, -10.49871 ], [ -68.78451, -10.56368 ], [ -68.79289, -10.56307 ], [ -68.78861, -10.56411 ], [ -68.79474, -10.57697 ] ], [ [ -69.13451, -10.57704 ], [ -69.1345, -10.57701 ], [ -69.13469, -10.57701 ], [ -69.13451, -10.57704 ] ], [ [ -69.12923, -10.57606 ], [ -69.1328, -10.57286 ], [ -69.13282, -10.57292 ], [ -69.12923, -10.57606 ] ], [ [ -69.09803, -10.58202 ], [ -69.09355, -10.58037 ], [ -69.09952, -10.58085 ], [ -69.09803, -10.58202 ] ], [ [ -69.08104, -10.57578 ], [ -69.07943, -10.5775 ], [ -69.08012, -10.57303 ], [ -69.08401, -10.57687 ], [ -69.08104, -10.57578 ] ], [ [ -69.08556, -10.55943 ], [ -69.087, -10.55896 ], [ -69.08495, -10.56096 ], [ -69.08556, -10.55943 ] ], [ [ -69.10731, -10.53591 ], [ -69.11163, -10.53162 ], [ -69.10715, -10.53658 ], [ -69.10731, -10.53591 ] ], [ [ -69.1183, -10.52497 ], [ -69.13388, -10.51471 ], [ -69.11578, -10.52748 ], [ -69.1183, -10.52497 ] ], [ [ -69.15975, -10.51129 ], [ -69.15941, -10.5118 ], [ -69.15871, -10.51188 ], [ -69.15975, -10.51129 ] ], [ [ -69.13156, -10.38503 ], [ -68.87039, -10.38495 ], [ -69.1494, -10.38502 ], [ -69.13156, -10.38503 ] ], [ [ -68.85401, -10.56647 ], [ -68.85399, -10.56659 ], [ -68.85245, -10.56536 ], [ -68.85401, -10.56647 ] ], [ [ -68.84424, -10.55951 ], [ -68.84552, -10.56042 ], [ -68.83586, -10.56082 ], [ -68.84424, -10.55951 ] ], [ [ -68.83033, -10.55497 ], [ -68.83052, -10.55518 ], [ -68.81851, -10.55808 ], [ -68.83033, -10.55497 ] ], [ [ -68.79402, -10.5628 ], [ -68.79563, -10.55904 ], [ -68.7944, -10.5627 ], [ -68.79402, -10.5628 ] ], [ [ -68.88343, -10.56642 ], [ -68.88557, -10.57116 ], [ -68.88534, -10.57111 ], [ -68.88343, -10.56642 ] ], [ [ -68.86627, -10.57403 ], [ -68.86963, -10.56921 ], [ -68.86713, -10.57482 ], [ -68.86627, -10.57403 ] ], [ [ -69.07597, -10.57916 ], [ -69.08161, -10.57869 ], [ -69.08203, -10.57892 ], [ -69.07597, -10.57916 ] ], [ [ -69.06869, -10.58864 ], [ -69.06842, -10.58781 ], [ -69.07597, -10.57916 ], [ -69.06869, -10.58864 ] ], [ [ -69.0593, -10.59085 ], [ -69.06179, -10.58797 ], [ -69.05955, -10.59108 ], [ -69.0593, -10.59085 ] ], [ [ -68.97243, -10.58243 ], [ -68.97969, -10.57431 ], [ -68.97407, -10.58281 ], [ -68.97243, -10.58243 ] ], [ [ -68.85434, -10.5412 ], [ -68.85356, -10.54043 ], [ -68.85448, -10.54095 ], [ -68.85434, -10.5412 ] ], [ [ -69.122, -10.35257 ], [ -69.12936, -10.33021 ], [ -69.12261, -10.35497 ], [ -69.122, -10.35257 ] ], [ [ -69.12367, -10.35919 ], [ -69.12312, -10.357 ], [ -69.13531, -10.36616 ], [ -69.12367, -10.35919 ] ], [ [ -69.15869, -10.3749 ], [ -69.1571, -10.37268 ], [ -69.15877, -10.37368 ], [ -69.15869, -10.3749 ] ], [ [ -69.15633, -10.38274 ], [ -69.15835, -10.37985 ], [ -69.1582, -10.38213 ], [ -69.15633, -10.38274 ] ], [ [ -69.32314, -10.47217 ], [ -69.3132, -10.47389 ], [ -69.32296, -10.47205 ], [ -69.32314, -10.47217 ] ], [ [ -69.30806, -10.47045 ], [ -69.29031, -10.47081 ], [ -69.28902, -10.47026 ], [ -69.30806, -10.47045 ] ], [ [ -69.28571, -10.46884 ], [ -69.27332, -10.46355 ], [ -69.26909, -10.45868 ], [ -69.28571, -10.46884 ] ], [ [ -69.25329, -10.4567 ], [ -69.25264, -10.45661 ], [ -69.25176, -10.45594 ], [ -69.25329, -10.4567 ] ], [ [ -69.24731, -10.4525 ], [ -69.24678, -10.45209 ], [ -69.24649, -10.43674 ], [ -69.24731, -10.4525 ] ], [ [ -68.87736, -10.37709 ], [ -68.8759, -10.372 ], [ -68.87736, -10.37346 ], [ -68.87736, -10.37709 ] ], [ [ -68.84928, -10.33965 ], [ -68.85012, -10.34017 ], [ -68.84027, -10.32809 ], [ -68.84928, -10.33965 ] ], [ [ -68.82973, -10.32559 ], [ -68.8171, -10.31052 ], [ -68.81846, -10.31076 ], [ -68.82973, -10.32559 ] ], [ [ -68.79629, -10.29099 ], [ -68.79311, -10.28569 ], [ -68.79515, -10.28696 ], [ -68.79629, -10.29099 ] ], [ [ -68.79053, -10.28409 ], [ -68.78653, -10.28309 ], [ -68.78839, -10.28275 ], [ -68.79053, -10.28409 ] ], [ [ -68.77848, -10.28454 ], [ -68.74716, -10.30478 ], [ -68.77457, -10.28525 ], [ -68.77848, -10.28454 ] ], [ [ -68.97949, -10.2256 ], [ -68.97025, -10.23273 ], [ -68.97963, -10.22536 ], [ -68.97949, -10.2256 ] ], [ [ -68.95979, -10.24193 ], [ -68.95838, -10.23843 ], [ -68.95895, -10.23765 ], [ -68.95979, -10.24193 ] ], [ [ -68.86685, -10.32624 ], [ -68.86917, -10.32388 ], [ -68.88874, -10.31261 ], [ -68.86685, -10.32624 ] ], [ [ -68.85724, -10.33793 ], [ -68.85481, -10.33846 ], [ -68.86135, -10.33182 ], [ -68.85724, -10.33793 ] ] ] } },
{ "type": "Feature", "properties": { "cluster": 16.0, "hvi": 0.1249, "population": 2936, "setores": 7, "municipio": "Brasiléia" }, "geometry": { "type": "MultiPolygon", "coordinates": [ [ [ [ -68.75469, -10.99879 ], [ -68.75379, -10.99685 ], [ -68.75063, -11.00026 ], [ -68.75352, -11.00303 ], [ -68.75469, -10.99879 ] ] ], [ [ [ -68.75933, -10.99907 ], [ -68.76319, -11.00292 ], [ -68.77015, -10.99662 ], [ -68.76567, -10.99582 ], [ -68.75933, -10.99907 ] ] ], [ [ [ -68.77015, -10.99662 ], [ -68.77084, -11.00024 ], [ -68.77211, -11.00033 ], [ -68.77317, -10.99627 ], [ -68.77015, -10.99662 ] ] ], [ [ [ -68.75046, -11.00044 ], [ -68.75063, -11.00026 ], [ -68.7523, -10.99845 ], [ -68.74952, -10.99557 ], [ -68.75046, -11.00044 ] ] ], [ [ [ -68.76536, -10.99591 ], [ -68.76489, -10.99392 ], [ -68.75998, -10.9964 ], [ -68.75859, -10.99786 ], [ -68.75815, -10.99642 ], [ -68.75599, -10.99451 ], [ -68.75464, -10.99594 ], [ -68.75169, -10.99324 ], [ -68.7523, -10.99845 ], [ -68.75379, -10.99685 ], [ -68.75918, -10.99976 ], [ -68.75865, -10.99805 ], [ -68.76536, -10.99591 ] ] ] ] } },
{ "type": "Feature", "properties": { "cluster": 17.0, "hvi": 0.1158, "population": 2485, "setores": 9, "municipio": "Brasiléia" }, "geometry": { "type": "MultiPolygon", "coordinates": [ [ [ [ -68.76457, -10.97153 ], [ -68.76521, -10.96567 ], [ -68.76647, -10.97305 ], [ -68.77305, -10.96662 ], [ -68.78183, -10.97029 ], [ -68.79413, -10.96248 ], [ -68.81038, -10.96351 ], [ -68.81466, -10.96033 ], [ -68.82095, -10.94543 ], [ -68.82759, -10.94184 ], [ -68.83271, -10.93774 ], [ -68.84881, -10.94471 ], [ -68.85696, -10.93615 ], [ -68.85103, -10.8666 ], [ -68.90925, -10.8663 ], [ -68.91159, -10.87029 ], [ -68.91009, -10.87615 ], [ -68.91454, -10.88619 ], [ -68.92903, -10.88528 ], [ -68.94197, -10.8886 ], [ -68.93993, -10.86717 ], [ -68.94609, -10.8587 ], [ -68.94295, -10.84881 ], [ -68.94742, -10.83623 ], [ -68.94644, -10.82888 ], [ -68.95384, -10.82975 ], [ -68.95999, -10.8131 ], [ -68.95547, -10.78122 ], [ -68.9458, -10.77578 ], [ -68.94057, -10.77814 ], [ -68.92853, -10.77649 ], [ -68.92153, -10.77984 ], [ -68.91413, -10.77575 ], [ -68.90021, -10.77545 ], [ -68.895, -10.76993 ], [ -68.88099, -10.76709 ], [ -68.87757, -10.75807 ], [ -68.86005, -10.75654 ], [ -68.85422, -10.75785 ], [ -68.84691, -10.74857 ], [ -68.83484, -10.73954 ], [ -68.81101, -10.78284 ], [ -68.81196, -10.78865 ], [ -68.80454, -10.79563 ], [ -68.80516, -10.80348 ], [ -68.78644, -10.83321 ], [ -68.79748, -10.81518 ], [ -68.78233, -10.8339 ], [ -68.7682, -10.82458 ], [ -68.75377, -10.82597 ], [ -68.74207, -10.814 ], [ -68.73996, -10.81957 ], [ -68.73337, -10.82292 ], [ -68.73033, -10.82893 ], [ -68.73085, -10.84053 ], [ -68.74724, -10.87184 ], [ -68.73276, -10.86943 ], [ -68.72507, -10.86357 ], [ -68.70359, -10.88401 ], [ -68.70125, -10.89307 ], [ -68.6888, -10.89269 ], [ -68.67932, -10.90095 ], [ -68.67231, -10.89714 ], [ -68.67445, -10.89122 ], [ -68.66468, -10.88719 ], [ -68.6651, -10.88449 ], [ -68.65908, -10.88318 ], [ -68.65653, -10.87844 ], [ -68.65142, -10.88123 ], [ -68.65019, -10.87708 ], [ -68.64109, -10.87684 ], [ -68.63306, -10.87136 ], [ -68.62515, -10.87256 ], [ -68.62582, -10.87816 ], [ -68.61884, -10.88552 ], [ -68.60648, -10.88597 ], [ -68.60195, -10.88949 ], [ -68.60835, -10.89543 ], [ -68.61788, -10.88833 ], [ -68.62351, -10.8885 ], [ -68.62402, -10.89654 ], [ -68.63317, -10.90217 ], [ -68.63799, -10.89585 ], [ -68.64366, -10.89646 ], [ -68.64142, -10.90505 ], [ -68.65495, -10.91641 ], [ -68.64648, -10.92181 ], [ -68.65392, -10.92532 ], [ -68.65559, -10.93771 ], [ -68.66136, -10.93711 ], [ -68.66909, -10.92924 ], [ -68.67482, -10.9366 ], [ -68.67105, -10.94339 ], [ -68.67549, -10.9446 ], [ -68.67899, -10.93497 ], [ -68.68234, -10.93496 ], [ -68.68202, -10.93944 ], [ -68.68669, -10.93741 ], [ -68.68469, -10.95577 ], [ -68.68763, -10.95896 ], [ -68.6878, -10.96827 ], [ -68.69634, -10.97252 ], [ -68.72291, -10.95748 ], [ -68.73326, -10.96561 ], [ -68.74419, -10.96451 ], [ -68.76061, -10.97165 ], [ -68.76068, -10.97074 ], [ -68.76457, -10.97153 ] ], [ [ -68.70405, -10.92123 ], [ -68.70408, -10.92132 ], [ -68.68669, -10.93741 ], [ -68.70405, -10.92123 ] ], [ [ -68.71513, -10.9168 ], [ -68.71416, -10.91822 ], [ -68.70405, -10.92123 ], [ -68.71513, -10.9168 ] ], [ [ -68.76137, -10.96159 ], [ -68.76461, -10.96221 ], [ -68.76488, -10.96378 ], [ -68.76137, -10.96159 ] ], [ [ -68.71793, -10.93415 ], [ -68.71159, -10.93041 ], [ -68.70881, -10.92705 ], [ -68.71793, -10.93415 ] ], [ [ -68.78718, -10.91921 ], [ -68.78745, -10.9188 ], [ -68.78573, -10.93212 ], [ -68.78718, -10.91921 ] ], [ [ -68.79148, -10.90526 ], [ -68.7916, -10.90544 ], [ -68.79097, -10.91347 ], [ -68.79148, -10.90526 ] ], [ [ -68.81052, -10.82928 ], [ -68.82132, -10.92432 ], [ -68.82084, -10.92298 ], [ -68.81052, -10.82928 ] ], [ [ -68.89993, -10.86204 ], [ -68.89936, -10.86205 ], [ -68.89206, -10.85443 ], [ -68.89993, -10.86204 ] ], [ [ -68.84531, -10.79537 ], [ -68.84501, -10.79497 ], [ -68.84486, -10.78911 ], [ -68.84531, -10.79537 ] ], [ [ -68.84466, -10.78062 ], [ -68.84464, -10.78 ], [ -68.85978, -10.76987 ], [ -68.84466, -10.78062 ] ] ], [ [ [ -69.0359, -10.66838 ], [ -69.02699, -10.66785 ], [ -69.02571, -10.67772 ], [ -69.02163, -10.68059 ], [ -69.00114, -10.66562 ], [ -68.99896, -10.63606 ], [ -68.98816, -10.62655 ], [ -68.98772, -10.61088 ], [ -68.97683, -10.59837 ], [ -68.97658, -10.58965 ], [ -68.96552, -10.57928 ], [ -68.95899, -10.58074 ], [ -68.9581, -10.58433 ], [ -68.95546, -10.57983 ], [ -68.95107, -10.58203 ], [ -68.94476, -10.57861 ], [ -68.94481, -10.58175 ], [ -68.9416, -10.57934 ], [ -68.94328, -10.57758 ], [ -68.93762, -10.5772 ], [ -68.93304, -10.58005 ], [ -68.9288, -10.57536 ], [ -68.92895, -10.5794 ], [ -68.92382, -10.57797 ], [ -68.91875, -10.58116 ], [ -68.91849, -10.57745 ], [ -68.9162, -10.57694 ], [ -68.91403, -10.57871 ], [ -68.91697, -10.57953 ], [ -68.91121, -10.58205 ], [ -68.90722, -10.5811 ], [ -68.90681, -10.58336 ], [ -68.90406, -10.5793 ], [ -68.90166, -10.58234 ], [ -68.91056, -10.59693 ], [ -68.90806, -10.60379 ], [ -68.91429, -10.60529 ], [ -68.91539, -10.61354 ], [ -68.92073, -10.61248 ], [ -68.92614, -10.61628 ], [ -68.92609, -10.62603 ], [ -68.91342, -10.63768 ], [ -68.91904, -10.6419 ], [ -68.92044, -10.65304 ], [ -68.92516, -10.65475 ], [ -68.92602, -10.66627 ], [ -68.93226, -10.67662 ], [ -68.94141, -10.67941 ], [ -68.94513, -10.67429 ], [ -68.94831, -10.67628 ], [ -68.94557, -10.69166 ], [ -68.94963, -10.70344 ], [ -68.94764, -10.71167 ], [ -68.95607, -10.71948 ], [ -68.95683, -10.73054 ], [ -68.96588, -10.73905 ], [ -68.9733, -10.73865 ], [ -68.97955, -10.7474 ], [ -68.97587, -10.77099 ], [ -68.9458, -10.77578 ], [ -68.96981, -10.78927 ], [ -68.97538, -10.78721 ], [ -68.99164, -10.76704 ], [ -68.99426, -10.75711 ], [ -69.08103, -10.69833 ], [ -69.06231, -10.68803 ], [ -69.05087, -10.68921 ], [ -69.04444, -10.68667 ], [ -69.0359, -10.66838 ] ] ] ] } },
{ "type": "Feature", "properties": { "cluster": 18.0, "hvi": 0.1441, "population": 2506, "setores": 4, "municipio": "Brasiléia" }, "geometry": { "type": "MultiPolygon", "coordinates": [ [ [ [ -68.74681, -11.00378 ], [ -68.74406, -11.00047 ], [ -68.7403, -11.00517 ], [ -68.7456, -11.00654 ], [ -68.74681, -11.00378 ] ] ], [ [ [ -68.74681, -11.00378 ], [ -68.75046, -11.00044 ], [ -68.74707, -10.99783 ], [ -68.74677, -10.99675 ], [ -68.74502, -10.99626 ], [ -68.74548, -10.99678 ], [ -68.74325, -10.99684 ], [ -68.74571, -11.00235 ], [ -68.74732, -11.00147 ], [ -68.74681, -11.00378 ] ], [ [ -68.74765, -10.99998 ], [ -68.74738, -10.99898 ], [ -68.74777, -10.99944 ], [ -68.74765, -10.99998 ] ] ], [ [ [ -68.75239, -10.99646 ], [ -68.74853, -10.99295 ], [ -68.7478, -10.99621 ], [ -68.75137, -10.99749 ], [ -68.75239, -10.99646 ] ] ] ] } },
{ "type": "Feature", "properties": { "cluster": 19.0, "hvi": 0.1181, "population": 2715, "setores": 10, "municipio": "Brasiléia" }, "geometry": { "type": "MultiPolygon", "coordinates": [ [ [ [ -68.74789, -11.01558 ], [ -68.75066, -11.01809 ], [ -68.74982, -11.01363 ], [ -68.74407, -11.01703 ], [ -68.74789, -11.01558 ] ] ], [ [ [ -68.7444, -11.01612 ], [ -68.74686, -11.0142 ], [ -68.74197, -11.0114 ], [ -68.74145, -11.01374 ], [ -68.74216, -11.00999 ], [ -68.73712, -11.01106 ], [ -68.74124, -11.01487 ], [ -68.74407, -11.01703 ], [ -68.7444, -11.01612 ] ], [ [ -68.74136, -11.0142 ], [ -68.74138, -11.01422 ], [ -68.74124, -11.01487 ], [ -68.74136, -11.0142 ] ] ], [ [ [ -68.74982, -11.01363 ], [ -68.74764, -11.01 ], [ -68.74216, -11.00999 ], [ -68.74686, -11.0142 ], [ -68.74502, -11.01582 ], [ -68.74982, -11.01363 ] ] ], [ [ [ -68.76208, -11.01036 ], [ -68.75743, -11.01049 ], [ -68.75974, -11.01267 ], [ -68.76373, -11.01356 ], [ -68.76208, -11.01036 ] ] ], [ [ [ -68.75712, -11.01097 ], [ -68.75695, -11.00859 ], [ -68.75903, -11.00446 ], [ -68.75689, -11.00764 ], [ -68.75675, -11.00573 ], [ -68.7549, -11.00563 ], [ -68.75712, -11.01097 ] ] ], [ [ [ -68.75093, -11.00589 ], [ -68.7471, -11.00355 ], [ -68.74557, -11.00545 ], [ -68.74649, -11.00856 ], [ -68.75468, -11.00827 ], [ -68.75247, -11.00729 ], [ -68.74862, -11.00728 ], [ -68.75093, -11.00589 ] ] ] ] } },
{ "type": "Feature", "properties": { "cluster": 20.0, "hvi": 0.1508, "population": 942, "setores": 1, "municipio": "Brasiléia" }, "geometry": { "type": "Polygon", "coordinates": [ [ [ -68.76069, -10.98948 ], [ -68.75599, -10.99451 ], [ -68.75831, -10.99816 ], [ -68.76248, -10.99176 ], [ -68.76069, -10.98948 ] ] ] } },
{ "type": "Feature", "properties": { "cluster": 21.0, "hvi": 0.1238, "population": 2866, "setores": 8, "municipio": "Brasiléia" }, "geometry": { "type": "MultiPolygon", "coordinates": [ [ [ [ -68.76504, -10.99193 ], [ -68.76611, -10.98563 ], [ -68.76383, -10.98778 ], [ -68.76166, -10.98669 ], [ -68.76173, -10.99341 ], [ -68.76151, -10.99276 ], [ -68.75899, -10.99555 ], [ -68.7607, -10.99708 ], [ -68.76557, -10.99149 ], [ -68.7622, -10.99483 ], [ -68.76199, -10.9942 ], [ -68.76504, -10.99193 ] ] ], [ [ [ -68.75603, -10.9919 ], [ -68.76039, -10.98977 ], [ -68.75334, -10.9891 ], [ -68.74974, -10.99152 ], [ -68.75037, -10.99466 ], [ -68.75226, -10.99374 ], [ -68.75464, -10.99594 ], [ -68.75735, -10.99306 ], [ -68.75603, -10.9919 ] ] ], [ [ [ -68.74505, -10.98971 ], [ -68.74657, -10.98857 ], [ -68.74943, -10.98889 ], [ -68.74881, -10.99238 ], [ -68.75957, -10.97955 ], [ -68.75335, -10.98909 ], [ -68.76145, -10.9883 ], [ -68.76235, -10.98095 ], [ -68.76166, -10.98669 ], [ -68.76611, -10.98563 ], [ -68.76673, -10.98836 ], [ -68.76537, -10.99591 ], [ -68.77317, -10.99627 ], [ -68.77211, -11.00033 ], [ -68.76319, -11.00292 ], [ -68.77008, -11.00694 ], [ -68.77777, -11.00535 ], [ -68.78072, -10.99829 ], [ -68.7873, -11.00431 ], [ -68.78636, -11.01352 ], [ -68.79038, -11.01322 ], [ -68.78908, -11.00143 ], [ -68.79282, -10.99957 ], [ -68.78699, -10.98701 ], [ -68.78964, -10.97942 ], [ -68.7837, -10.9694 ], [ -68.77335, -10.96656 ], [ -68.76647, -10.97305 ], [ -68.76301, -10.9708 ], [ -68.75804, -10.97259 ], [ -68.74419, -10.96451 ], [ -68.73326, -10.96561 ], [ -68.72347, -10.95716 ], [ -68.69634, -10.97252 ], [ -68.70724, -10.97317 ], [ -68.71823, -10.97861 ], [ -68.72595, -10.97301 ], [ -68.724, -10.9764 ], [ -68.72718, -10.98282 ], [ -68.71718, -10.98935 ], [ -68.71855, -10.99258 ], [ -68.72456, -10.99342 ], [ -68.72705, -11.00256 ], [ -68.73469, -10.99293 ], [ -68.73455, -10.98704 ], [ -68.73859, -10.99283 ], [ -68.74221, -10.99156 ], [ -68.74238, -10.98811 ], [ -68.74238, -10.98923 ], [ -68.74505, -10.98971 ] ] ] ] } },
{ "type": "Feature", "properties": { "cluster": 22.0, "hvi": 0.1017, "population": 2869, "setores": 7, "municipio": "Bujari" }, "geometry": { "type": "MultiPolygon", "coordinates": [ [ [ [ -67.92342, -9.85141 ], [ -67.92687, -9.85382 ], [ -67.93458, -9.84939 ], [ -67.9495, -9.85356 ], [ -67.96697, -9.85344 ], [ -67.97236, -9.85173 ], [ -67.97607, -9.84558 ], [ -67.99071, -9.85438 ], [ -68.00174, -9.8679 ], [ -68.03667, -9.88078 ], [ -68.04505, -9.89168 ], [ -68.05334, -9.88755 ], [ -68.06066, -9.89038 ], [ -68.06307, -9.8955 ], [ -68.0682, -9.8949 ], [ -68.08433, -9.9085 ], [ -68.08725, -9.91974 ], [ -68.10072, -9.93077 ], [ -68.12317, -9.9387 ], [ -68.13483, -9.93451 ], [ -68.14739, -9.9487 ], [ -68.15138, -9.90642 ], [ -68.1466, -9.90601 ], [ -68.14738, -9.89523 ], [ -68.15219, -9.89555 ], [ -68.1535, -9.88022 ], [ -68.21475, -9.8871 ], [ -68.2685, -9.82228 ], [ -68.26672, -9.81852 ], [ -68.25129, -9.81863 ], [ -68.24363, -9.80808 ], [ -68.2383, -9.80985 ], [ -68.23728, -9.80393 ], [ -68.22944, -9.80128 ], [ -68.22764, -9.79357 ], [ -68.23015, -9.80057 ], [ -68.23916, -9.79647 ], [ -68.25064, -9.77787 ], [ -68.2568, -9.78126 ], [ -68.27955, -9.77076 ], [ -68.28476, -9.71005 ], [ -68.27335, -9.70719 ], [ -68.26669, -9.67851 ], [ -68.27169, -9.65982 ], [ -68.26473, -9.64196 ], [ -68.24419, -9.62995 ], [ -68.23648, -9.62164 ], [ -68.16636, -9.69942 ], [ -68.14442, -9.71299 ], [ -68.14108, -9.70827 ], [ -68.12574, -9.70959 ], [ -68.10582, -9.69544 ], [ -68.08908, -9.69251 ], [ -68.08629, -9.6838 ], [ -68.08131, -9.68295 ], [ -68.07217, -9.67029 ], [ -68.04323, -9.64416 ], [ -68.03279, -9.63876 ], [ -68.01696, -9.62088 ], [ -68.00688, -9.62443 ], [ -67.99359, -9.61761 ], [ -67.97368, -9.62992 ], [ -67.97752, -9.63093 ], [ -67.97871, -9.6352 ], [ -67.99006, -9.62859 ], [ -67.99652, -9.63015 ], [ -68.00655, -9.64051 ], [ -68.00846, -9.63791 ], [ -68.00933, -9.64111 ], [ -68.02143, -9.64497 ], [ -68.02244, -9.64632 ], [ -68.0202, -9.64711 ], [ -68.02074, -9.65053 ], [ -68.0282, -9.64732 ], [ -68.0373, -9.66041 ], [ -68.04697, -9.66062 ], [ -68.05021, -9.66325 ], [ -68.04746, -9.66761 ], [ -68.05586, -9.67449 ], [ -68.05501, -9.68179 ], [ -68.06037, -9.68516 ], [ -68.06499, -9.69524 ], [ -68.07086, -9.69914 ], [ -68.07497, -9.69811 ], [ -68.07791, -9.70292 ], [ -68.08553, -9.70278 ], [ -68.08521, -9.70872 ], [ -68.08953, -9.7074 ], [ -68.09236, -9.71288 ], [ -68.09623, -9.71361 ], [ -68.09579, -9.71966 ], [ -68.09908, -9.71587 ], [ -68.11464, -9.71561 ], [ -68.11593, -9.71862 ], [ -68.129, -9.72253 ], [ -67.95922, -9.82715 ], [ -67.96171, -9.83231 ], [ -67.94991, -9.84226 ], [ -67.95554, -9.83673 ], [ -67.95189, -9.83171 ], [ -67.92342, -9.85141 ] ], [ [ -68.22279, -9.79326 ], [ -68.22733, -9.79271 ], [ -68.22737, -9.79281 ], [ -68.22279, -9.79326 ] ], [ [ -68.19803, -9.77941 ], [ -68.19176, -9.77076 ], [ -68.19807, -9.77936 ], [ -68.19803, -9.77941 ] ], [ [ -68.18828, -9.77213 ], [ -68.1881, -9.77192 ], [ -68.18833, -9.77211 ], [ -68.18828, -9.77213 ] ], [ [ -68.18186, -9.76435 ], [ -68.18286, -9.76186 ], [ -68.1845, -9.76756 ], [ -68.18186, -9.76435 ] ], [ [ -68.16488, -9.74777 ], [ -68.16444, -9.74651 ], [ -68.17169, -9.74647 ], [ -68.16488, -9.74777 ] ], [ [ -68.14024, -9.72439 ], [ -68.14085, -9.72419 ], [ -68.14323, -9.73348 ], [ -68.14024, -9.72439 ] ], [ [ -68.13411, -9.7265 ], [ -68.13397, -9.72639 ], [ -68.13516, -9.72601 ], [ -68.13411, -9.7265 ] ] ], [ [ [ -67.95106, -9.83222 ], [ -67.95317, -9.83089 ], [ -67.95106, -9.82757 ], [ -67.94919, -9.82857 ], [ -67.95106, -9.83222 ] ] ], [ [ [ -67.97659, -9.78247 ], [ -67.98983, -9.79001 ], [ -67.99923, -9.80241 ], [ -68.0337, -9.78117 ], [ -68.02151, -9.76074 ], [ -68.01137, -9.76171 ], [ -67.98585, -9.74171 ], [ -67.97826, -9.74208 ], [ -67.97381, -9.75282 ], [ -67.98885, -9.75875 ], [ -68.00146, -9.77902 ], [ -67.99037, -9.76569 ], [ -67.97616, -9.77946 ], [ -67.97659, -9.78247 ] ] ] ] } },
{ "type": "Feature", "properties": { "cluster": 23.0, "hvi": 0.099, "population": 2738, "setores": 9, "municipio": "Bujari" }, "geometry": { "type": "MultiPolygon", "coordinates": [ [ [ [ -68.30577, -9.93395 ], [ -68.31781, -9.92892 ], [ -68.32581, -9.90972 ], [ -68.3354, -9.89603 ], [ -68.34057, -9.89505 ], [ -68.36996, -9.90426 ], [ -68.38768, -9.89938 ], [ -68.40413, -9.87561 ], [ -68.39188, -9.85543 ], [ -68.39236, -9.84771 ], [ -68.38895, -9.8445 ], [ -68.35277, -9.83462 ], [ -68.33141, -9.83397 ], [ -68.31769, -9.83838 ], [ -68.30864, -9.84567 ], [ -68.29659, -9.84614 ], [ -68.2712, -9.83442 ], [ -68.26776, -9.82348 ], [ -68.21502, -9.887 ], [ -68.22757, -9.88851 ], [ -68.21484, -9.88699 ], [ -68.15312, -9.96107 ], [ -68.14735, -9.94879 ], [ -68.14408, -9.96207 ], [ -68.1563, -9.9644 ], [ -68.16874, -9.95512 ], [ -68.18786, -9.96055 ], [ -68.23838, -9.94382 ], [ -68.29381, -9.93894 ], [ -68.30209, -9.93548 ], [ -68.30338, -9.93783 ], [ -68.30696, -9.93622 ], [ -68.30577, -9.93395 ] ] ], [ [ [ -68.27377, -9.82523 ], [ -68.27979, -9.82152 ], [ -68.30025, -9.79473 ], [ -68.3343, -9.7846 ], [ -68.34891, -9.78675 ], [ -68.3668, -9.78045 ], [ -68.39005, -9.78875 ], [ -68.39399, -9.79371 ], [ -68.39136, -9.79878 ], [ -68.39372, -9.80375 ], [ -68.41372, -9.81041 ], [ -68.42302, -9.81819 ], [ -68.42608, -9.82642 ], [ -68.44269, -9.82895 ], [ -68.44566, -9.83803 ], [ -68.45384, -9.84444 ], [ -68.4225, -9.69167 ], [ -68.43013, -9.68302 ], [ -68.43371, -9.66578 ], [ -68.44307, -9.65905 ], [ -68.43937, -9.65049 ], [ -68.44051, -9.64123 ], [ -68.45158, -9.63284 ], [ -68.45546, -9.62515 ], [ -68.44125, -9.60751 ], [ -68.42758, -9.60034 ], [ -68.42945, -9.58521 ], [ -68.42291, -9.56969 ], [ -68.42572, -9.56097 ], [ -68.41801, -9.5455 ], [ -68.4101, -9.53882 ], [ -68.4148, -9.53511 ], [ -68.41859, -9.53405 ], [ -68.42521, -9.52329 ], [ -68.42553, -9.50892 ], [ -68.42893, -9.50405 ], [ -68.4458, -9.50345 ], [ -68.44826, -9.49911 ], [ -68.45456, -9.49861 ], [ -68.46392, -9.48549 ], [ -68.47375, -9.4782 ], [ -68.49173, -9.48138 ], [ -68.5093, -9.47833 ], [ -68.51729, -9.46926 ], [ -68.53137, -9.47147 ], [ -68.54486, -9.45667 ], [ -68.55139, -9.45442 ], [ -68.55349, -9.44955 ], [ -68.55013, -9.44245 ], [ -68.55147, -9.4317 ], [ -68.54539, -9.41722 ], [ -68.53828, -9.40939 ], [ -68.54003, -9.39979 ], [ -68.55014, -9.39273 ], [ -68.54643, -9.38985 ], [ -68.52623, -9.38953 ], [ -68.50984, -9.37708 ], [ -68.50717, -9.37117 ], [ -68.50043, -9.36938 ], [ -68.49242, -9.35683 ], [ -68.48762, -9.35888 ], [ -68.46002, -9.35125 ], [ -68.44521, -9.33315 ], [ -68.44063, -9.33371 ], [ -68.43782, -9.34192 ], [ -68.42266, -9.34369 ], [ -68.41113, -9.35328 ], [ -68.4011, -9.3474 ], [ -68.39408, -9.34899 ], [ -68.38885, -9.34379 ], [ -68.33138, -9.44016 ], [ -68.33009, -9.44006 ], [ -68.40075, -9.32384 ], [ -68.36941, -9.30513 ], [ -68.36516, -9.29829 ], [ -68.35408, -9.29922 ], [ -68.34768, -9.29106 ], [ -68.33529, -9.2905 ], [ -68.31643, -9.29541 ], [ -68.31648, -9.30397 ], [ -68.32354, -9.3138 ], [ -68.32221, -9.31661 ], [ -68.33155, -9.32523 ], [ -68.33404, -9.33457 ], [ -68.32419, -9.34052 ], [ -68.32077, -9.33697 ], [ -68.31295, -9.33654 ], [ -68.29609, -9.34221 ], [ -68.29366, -9.36561 ], [ -68.29837, -9.37325 ], [ -68.29545, -9.38182 ], [ -68.29958, -9.39249 ], [ -68.29564, -9.39835 ], [ -68.29564, -9.40795 ], [ -68.30177, -9.41592 ], [ -68.30147, -9.42706 ], [ -68.2993, -9.42285 ], [ -68.29797, -9.42613 ], [ -68.29597, -9.42355 ], [ -68.28813, -9.42476 ], [ -68.28239, -9.42999 ], [ -68.27812, -9.42734 ], [ -68.2729, -9.42899 ], [ -68.27153, -9.42423 ], [ -68.26498, -9.42666 ], [ -68.26116, -9.4226 ], [ -68.25438, -9.42869 ], [ -68.25205, -9.4252 ], [ -68.24678, -9.42672 ], [ -68.2414, -9.43367 ], [ -68.23823, -9.42817 ], [ -68.23245, -9.42593 ], [ -68.23032, -9.43071 ], [ -68.22677, -9.42995 ], [ -68.22079, -9.43544 ], [ -68.21848, -9.43235 ], [ -68.21596, -9.43541 ], [ -68.20902, -9.43088 ], [ -68.2075, -9.4336 ], [ -68.20537, -9.42987 ], [ -68.20076, -9.43184 ], [ -68.19878, -9.4285 ], [ -68.1975, -9.43257 ], [ -68.19303, -9.4263 ], [ -68.18982, -9.42916 ], [ -68.18573, -9.42712 ], [ -68.18729, -9.4305 ], [ -68.18323, -9.4339 ], [ -68.17908, -9.43026 ], [ -68.17363, -9.43365 ], [ -68.17224, -9.42844 ], [ -68.17057, -9.43024 ], [ -68.16933, -9.42638 ], [ -68.16553, -9.42587 ], [ -68.17168, -9.45913 ], [ -68.16986, -9.46674 ], [ -68.16184, -9.47257 ], [ -68.16417, -9.48962 ], [ -68.17911, -9.50845 ], [ -68.18247, -9.52254 ], [ -68.192, -9.52981 ], [ -68.19014, -9.53337 ], [ -68.19441, -9.53203 ], [ -68.19302, -9.5373 ], [ -68.20044, -9.54719 ], [ -68.20754, -9.54615 ], [ -68.21835, -9.55227 ], [ -68.21828, -9.55493 ], [ -68.22792, -9.55606 ], [ -68.23811, -9.56833 ], [ -68.24223, -9.56877 ], [ -68.23999, -9.57605 ], [ -68.24323, -9.58029 ], [ -68.24585, -9.60044 ], [ -68.25019, -9.60646 ], [ -68.23648, -9.62164 ], [ -68.24419, -9.62995 ], [ -68.26473, -9.64196 ], [ -68.27169, -9.65982 ], [ -68.26675, -9.6771 ], [ -68.27026, -9.69636 ], [ -68.27335, -9.70719 ], [ -68.28476, -9.71005 ], [ -68.27962, -9.77057 ], [ -68.2568, -9.78126 ], [ -68.25064, -9.77787 ], [ -68.23916, -9.79647 ], [ -68.22944, -9.80128 ], [ -68.23728, -9.80393 ], [ -68.2383, -9.80985 ], [ -68.24363, -9.80808 ], [ -68.24649, -9.81522 ], [ -68.26672, -9.81852 ], [ -68.26791, -9.82369 ], [ -68.27377, -9.82523 ] ], [ [ -68.41205, -9.6956 ], [ -68.41508, -9.69618 ], [ -68.41495, -9.69682 ], [ -68.41205, -9.6956 ] ], [ [ -68.35891, -9.69028 ], [ -68.37009, -9.68596 ], [ -68.37031, -9.6861 ], [ -68.35891, -9.69028 ] ], [ [ -68.34246, -9.68764 ], [ -68.34255, -9.68748 ], [ -68.35891, -9.69028 ], [ -68.34246, -9.68764 ] ], [ [ -68.36503, -9.77261 ], [ -68.36489, -9.77264 ], [ -68.37223, -9.76031 ], [ -68.36503, -9.77261 ] ], [ [ -68.34208, -9.77655 ], [ -68.35319, -9.7727 ], [ -68.36284, -9.77299 ], [ -68.34208, -9.77655 ] ], [ [ -68.334, -9.76957 ], [ -68.33833, -9.77115 ], [ -68.34208, -9.77655 ], [ -68.334, -9.76957 ] ], [ [ -68.32848, -9.76481 ], [ -68.33047, -9.76436 ], [ -68.33091, -9.7669 ], [ -68.32848, -9.76481 ] ], [ [ -68.32363, -9.76601 ], [ -68.32366, -9.76588 ], [ -68.32461, -9.76567 ], [ -68.32363, -9.76601 ] ], [ [ -68.28189, -9.77354 ], [ -68.28187, -9.7735 ], [ -68.31771, -9.77466 ], [ -68.28189, -9.77354 ] ], [ [ -68.36375, -9.49254 ], [ -68.36461, -9.49356 ], [ -68.36139, -9.49239 ], [ -68.36375, -9.49254 ] ], [ [ -68.35484, -9.49037 ], [ -68.35487, -9.49045 ], [ -68.25161, -9.60488 ], [ -68.35484, -9.49037 ] ], [ [ -68.24609, -9.62139 ], [ -68.24492, -9.62082 ], [ -68.24495, -9.62014 ], [ -68.24609, -9.62139 ] ], [ [ -68.35362, -9.48718 ], [ -68.35216, -9.48873 ], [ -68.35173, -9.48223 ], [ -68.35362, -9.48718 ] ], [ [ -68.3423, -9.47418 ], [ -68.34285, -9.46711 ], [ -68.34337, -9.46706 ], [ -68.3423, -9.47418 ] ], [ [ -68.33482, -9.4573 ], [ -68.33128, -9.45716 ], [ -68.3314, -9.45695 ], [ -68.33482, -9.4573 ] ], [ [ -68.33544, -9.45006 ], [ -68.33341, -9.44923 ], [ -68.33558, -9.44984 ], [ -68.33544, -9.45006 ] ], [ [ -68.33125, -9.44471 ], [ -68.33106, -9.44481 ], [ -68.3311, -9.44427 ], [ -68.33125, -9.44471 ] ], [ [ -68.32907, -9.43999 ], [ -68.32698, -9.43983 ], [ -68.32745, -9.43672 ], [ -68.32907, -9.43999 ] ], [ [ -68.31144, -9.43394 ], [ -68.31148, -9.43385 ], [ -68.32745, -9.43672 ], [ -68.31144, -9.43394 ] ], [ [ -68.30249, -9.42491 ], [ -68.30185, -9.42778 ], [ -68.30157, -9.42724 ], [ -68.30249, -9.42491 ] ] ] ] } },
{ "type": "Feature", "properties": { "cluster": 24.0, "hvi": 0.15, "population": 1231, "setores": 1, "municipio": "Bujari" }, "geometry": { "type": "Polygon", "coordinates": [ [ [ -67.94551, -9.81642 ], [ -67.94931, -9.82395 ], [ -67.95362, -9.82064 ], [ -67.95417, -9.81507 ], [ -67.94551, -9.81642 ] ] ] } },
{ "type": "Feature", "properties": { "cluster": 25.0, "hvi": 0.0915, "population": 2414, "setores": 10, "municipio": "Bujari" }, "geometry": { "type": "MultiPolygon", "coordinates": [ [ [ [ -67.96171, -9.83231 ], [ -67.95913, -9.82721 ], [ -67.95189, -9.83171 ], [ -67.95554, -9.83673 ], [ -67.96171, -9.83231 ] ] ], [ [ [ -67.94442, -9.83615 ], [ -67.94275, -9.82516 ], [ -67.94049, -9.81971 ], [ -67.94506, -9.81527 ], [ -67.94507, -9.81193 ], [ -67.94551, -9.81642 ], [ -67.95419, -9.81511 ], [ -67.95554, -9.82696 ], [ -67.9619, -9.8255 ], [ -67.99893, -9.80245 ], [ -67.98983, -9.79001 ], [ -67.97659, -9.78247 ], [ -67.97616, -9.77946 ], [ -67.99037, -9.76569 ], [ -67.98885, -9.75875 ], [ -67.97381, -9.75282 ], [ -67.97501, -9.74657 ], [ -67.98284, -9.74014 ], [ -68.01137, -9.76171 ], [ -68.02392, -9.7625 ], [ -68.0337, -9.78117 ], [ -68.129, -9.72253 ], [ -68.11593, -9.71862 ], [ -68.11464, -9.71561 ], [ -68.09908, -9.71587 ], [ -68.09579, -9.71966 ], [ -68.09623, -9.71361 ], [ -68.09236, -9.71288 ], [ -68.08953, -9.7074 ], [ -68.08521, -9.70872 ], [ -68.08553, -9.70278 ], [ -68.07791, -9.70292 ], [ -68.07497, -9.69811 ], [ -68.07086, -9.69914 ], [ -68.06499, -9.69524 ], [ -68.06037, -9.68516 ], [ -68.05501, -9.68179 ], [ -68.05586, -9.67449 ], [ -68.04746, -9.66761 ], [ -68.05017, -9.66302 ], [ -68.04173, -9.66153 ], [ -68.04164, -9.65856 ], [ -68.0373, -9.66041 ], [ -68.0282, -9.64732 ], [ -68.02074, -9.65053 ], [ -68.02074, -9.64447 ], [ -68.00933, -9.64111 ], [ -68.00846, -9.63791 ], [ -68.00817, -9.64052 ], [ -68.00446, -9.63893 ], [ -67.99175, -9.62852 ], [ -67.97871, -9.6352 ], [ -67.97752, -9.63093 ], [ -67.97368, -9.62992 ], [ -67.91004, -9.66927 ], [ -67.92173, -9.67613 ], [ -67.9198, -9.68471 ], [ -67.92081, -9.68895 ], [ -67.92366, -9.6891 ], [ -67.92167, -9.69355 ], [ -67.91218, -9.69601 ], [ -67.91402, -9.70568 ], [ -67.90603, -9.71192 ], [ -67.88452, -9.71959 ], [ -67.88336, -9.71541 ], [ -67.8784, -9.71879 ], [ -67.87838, -9.72266 ], [ -67.87549, -9.72048 ], [ -67.87298, -9.72396 ], [ -67.87519, -9.72601 ], [ -67.87206, -9.73282 ], [ -67.86462, -9.7408 ], [ -67.87605, -9.75412 ], [ -67.86765, -9.74662 ], [ -67.85704, -9.72673 ], [ -67.85413, -9.73933 ], [ -67.8512, -9.74044 ], [ -67.84975, -9.73614 ], [ -67.84592, -9.7362 ], [ -67.84295, -9.73922 ], [ -67.84651, -9.74373 ], [ -67.82782, -9.75218 ], [ -67.81472, -9.74652 ], [ -67.8137, -9.74095 ], [ -67.80532, -9.74146 ], [ -67.80415, -9.74774 ], [ -67.80947, -9.75146 ], [ -67.80112, -9.76045 ], [ -67.7958, -9.762 ], [ -67.81128, -9.767 ], [ -67.82275, -9.77492 ], [ -67.82713, -9.78413 ], [ -67.82266, -9.79784 ], [ -67.83264, -9.8131 ], [ -67.8367, -9.81214 ], [ -67.84004, -9.80163 ], [ -67.85264, -9.79439 ], [ -67.86373, -9.78604 ], [ -67.88006, -9.79484 ], [ -67.88514, -9.8024 ], [ -67.89397, -9.80217 ], [ -67.8959, -9.8108 ], [ -67.89999, -9.81217 ], [ -67.91236, -9.7704 ], [ -67.9007, -9.81138 ], [ -67.87784, -9.84279 ], [ -67.90111, -9.84293 ], [ -67.90528, -9.84673 ], [ -67.91928, -9.84656 ], [ -67.92342, -9.85141 ], [ -67.94442, -9.83615 ] ], [ [ -67.92596, -9.70514 ], [ -67.92589, -9.70536 ], [ -67.92167, -9.69355 ], [ -67.92596, -9.70514 ] ], [ [ -67.93362, -9.82319 ], [ -67.94044, -9.81356 ], [ -67.9419, -9.8141 ], [ -67.93362, -9.82319 ] ], [ [ -67.89325, -9.75984 ], [ -67.90058, -9.7609 ], [ -67.91031, -9.76465 ], [ -67.89325, -9.75984 ] ], [ [ -67.88118, -9.76618 ], [ -67.88284, -9.76202 ], [ -67.88398, -9.76335 ], [ -67.88118, -9.76618 ] ], [ [ -67.93662, -9.79839 ], [ -67.94486, -9.80982 ], [ -67.94494, -9.81058 ], [ -67.93662, -9.79839 ] ], [ [ -67.93037, -9.75481 ], [ -67.92173, -9.76426 ], [ -67.93028, -9.75444 ], [ -67.93037, -9.75481 ] ], [ [ -67.92193, -9.71906 ], [ -67.92968, -9.7519 ], [ -67.92312, -9.72877 ], [ -67.92193, -9.71906 ] ], [ [ -67.92306, -9.71438 ], [ -67.92184, -9.71827 ], [ -67.92182, -9.71807 ], [ -67.92306, -9.71438 ] ], [ [ -68.02842, -9.74797 ], [ -68.02893, -9.74806 ], [ -68.02901, -9.74813 ], [ -68.02842, -9.74797 ] ], [ [ -68.00438, -9.74158 ], [ -68.00349, -9.73998 ], [ -68.00898, -9.7428 ], [ -68.00438, -9.74158 ] ] ] ] } },
{ "type": "Feature", "properties": { "cluster": 26.0, "hvi": 0.1181, "population": 2942, "setores": 4, "municipio": "Bujari" }, "geometry": { "type": "MultiPolygon", "coordinates": [ [ [ [ -67.94264, -9.82517 ], [ -67.94447, -9.83626 ], [ -67.95101, -9.83216 ], [ -67.94958, -9.82452 ], [ -67.94766, -9.82072 ], [ -67.9436, -9.82499 ], [ -67.94431, -9.82501 ], [ -67.94264, -9.82517 ] ] ], [ [ [ -67.95554, -9.82696 ], [ -67.95337, -9.82075 ], [ -67.94931, -9.82395 ], [ -67.95317, -9.83089 ], [ -67.95913, -9.82721 ], [ -67.95554, -9.82696 ] ] ], [ [ [ -67.94275, -9.82516 ], [ -67.94766, -9.82072 ], [ -67.94506, -9.81527 ], [ -67.94049, -9.81971 ], [ -67.94275, -9.82516 ] ] ] ] } },
{ "type": "Feature", "properties": { "cluster": 27.0, "hvi": 0.1155, "population": 604, "setores": 1, "municipio": "Bujari" }, "geometry": { "type": "Polygon", "coordinates": [ [ [ -67.83394, -9.82166 ], [ -67.84226, -9.82212 ], [ -67.8439, -9.81757 ], [ -67.88267, -9.81875 ], [ -67.89028, -9.82352 ], [ -67.89999, -9.81217 ], [ -67.8959, -9.8108 ], [ -67.89397, -9.80217 ], [ -67.88514, -9.8024 ], [ -67.88006, -9.79484 ], [ -67.86309, -9.78591 ], [ -67.83978, -9.8019 ], [ -67.8367, -9.81214 ], [ -67.83264, -9.8131 ], [ -67.83394, -9.82166 ] ] ] } },
{ "type": "Feature", "properties": { "cluster": 28.0, "hvi": 0.1131, "population": 1652, "setores": 2, "municipio": "Capixaba" }, "geometry": { "type": "Polygon", "coordinates": [ [ [ -67.67156, -10.57575 ], [ -67.67566, -10.57465 ], [ -67.67441, -10.56948 ], [ -67.67522, -10.57123 ], [ -67.67635, -10.56488 ], [ -67.67235, -10.56502 ], [ -67.67415, -10.56892 ], [ -67.67034, -10.57088 ], [ -67.67156, -10.57575 ] ] ] } },
{ "type": "Feature", "properties": { "cluster": 29.0, "hvi": 0.1016, "population": 2399, "setores": 4, "municipio": "Capixaba" }, "geometry": { "type": "MultiPolygon", "coordinates": [ [ [ [ -67.67889, -10.58164 ], [ -67.67456, -10.5755 ], [ -67.67681, -10.57999 ], [ -67.67889, -10.58164 ] ] ], [ [ [ -67.67942, -10.58098 ], [ -67.68045, -10.57976 ], [ -67.67456, -10.5755 ], [ -67.67744, -10.57936 ], [ -67.67942, -10.58098 ] ] ], [ [ [ -67.68024, -10.57163 ], [ -67.67602, -10.5667 ], [ -67.67513, -10.57276 ], [ -67.67819, -10.57751 ], [ -67.6788, -10.57577 ], [ -67.68227, -10.5808 ], [ -67.68024, -10.57163 ] ] ] ] } },
{ "type": "Feature", "properties": { "cluster": 30.0, "hvi": 0.0876, "population": 2857, "setores": 11, "municipio": "Capixaba" }, "geometry": { "type": "MultiPolygon", "coordinates": [ [ [ [ -67.84697, -10.50909 ], [ -67.8602, -10.50752 ], [ -67.87437, -10.4953 ], [ -67.88627, -10.49237 ], [ -67.90261, -10.49374 ], [ -67.91328, -10.48777 ], [ -67.92035, -10.47169 ], [ -67.91968, -10.45984 ], [ -67.92702, -10.45381 ], [ -67.94168, -10.41087 ], [ -67.94928, -10.40116 ], [ -67.94477, -10.40829 ], [ -67.9545, -10.41314 ], [ -67.96077, -10.40708 ], [ -67.97183, -10.40657 ], [ -67.97399, -10.4099 ], [ -67.96796, -10.4112 ], [ -67.96995, -10.41886 ], [ -67.97524, -10.42577 ], [ -67.97988, -10.42663 ], [ -67.98422, -10.42219 ], [ -67.99172, -10.43958 ], [ -68.00245, -10.43604 ], [ -67.9973, -10.44519 ], [ -68.00676, -10.45264 ], [ -68.02108, -10.45837 ], [ -68.03024, -10.45387 ], [ -68.03872, -10.45871 ], [ -68.03369, -10.46915 ], [ -68.04147, -10.47286 ], [ -68.06381, -10.42513 ], [ -68.05389, -10.42097 ], [ -68.0566, -10.41345 ], [ -68.04748, -10.40443 ], [ -68.04557, -10.39321 ], [ -68.0308, -10.37892 ], [ -68.02642, -10.37884 ], [ -68.0257, -10.37 ], [ -68.07111, -10.36374 ], [ -68.07834, -10.31152 ], [ -68.07362, -10.30541 ], [ -68.06973, -10.32318 ], [ -68.00938, -10.32402 ], [ -67.99881, -10.31577 ], [ -67.98117, -10.31704 ], [ -67.96913, -10.31191 ], [ -67.95988, -10.31402 ], [ -67.95472, -10.30721 ], [ -67.95088, -10.30714 ], [ -67.95006, -10.30421 ], [ -67.95299, -10.30285 ], [ -67.94855, -10.30053 ], [ -67.95027, -10.29777 ], [ -67.94967, -10.29526 ], [ -67.94678, -10.29614 ], [ -67.94902, -10.29116 ], [ -67.94611, -10.2875 ], [ -67.84587, -10.2879 ], [ -67.85156, -10.29036 ], [ -67.85378, -10.30093 ], [ -67.8528, -10.30028 ], [ -67.79631, -10.35717 ], [ -67.7834, -10.39854 ], [ -67.80665, -10.39677 ], [ -67.80921, -10.40278 ], [ -67.81734, -10.40215 ], [ -67.82018, -10.39458 ], [ -67.8253, -10.38961 ], [ -67.8463, -10.40878 ], [ -67.81671, -10.43666 ], [ -67.81686, -10.44263 ], [ -67.80976, -10.45424 ], [ -67.79147, -10.45751 ], [ -67.78484, -10.47563 ], [ -67.7791, -10.48057 ], [ -67.80552, -10.49285 ], [ -67.81161, -10.49967 ], [ -67.82944, -10.49326 ], [ -67.82744, -10.4868 ], [ -67.83727, -10.50625 ], [ -67.83688, -10.5161 ], [ -67.84697, -10.50909 ] ], [ [ -68.00333, -10.3918 ], [ -68.02278, -10.37041 ], [ -68.03535, -10.36363 ], [ -68.0257, -10.37 ], [ -68.00333, -10.3918 ] ], [ [ -67.85726, -10.30268 ], [ -67.85695, -10.30302 ], [ -67.85593, -10.30235 ], [ -67.85726, -10.30268 ] ], [ [ -67.86173, -10.29877 ], [ -67.86417, -10.30089 ], [ -67.86153, -10.29898 ], [ -67.86173, -10.29877 ] ], [ [ -67.86865, -10.30479 ], [ -67.8678, -10.30505 ], [ -67.8669, -10.30327 ], [ -67.86865, -10.30479 ] ], [ [ -67.86631, -10.31787 ], [ -67.85944, -10.31508 ], [ -67.85932, -10.3143 ], [ -67.86631, -10.31787 ] ], [ [ -67.87211, -10.31481 ], [ -67.87821, -10.32877 ], [ -67.87157, -10.3151 ], [ -67.87211, -10.31481 ] ], [ [ -67.93778, -10.37855 ], [ -67.93907, -10.38093 ], [ -67.93592, -10.38859 ], [ -67.93778, -10.37855 ] ], [ [ -67.88047, -10.41784 ], [ -67.91416, -10.41097 ], [ -67.91407, -10.4111 ], [ -67.88047, -10.41784 ] ], [ [ -67.85747, -10.43723 ], [ -67.87096, -10.42586 ], [ -67.86481, -10.43364 ], [ -67.85747, -10.43723 ] ], [ [ -67.82706, -10.4856 ], [ -67.84114, -10.47902 ], [ -67.82709, -10.4857 ], [ -67.82706, -10.4856 ] ], [ [ -67.93734, -10.37776 ], [ -67.92123, -10.37239 ], [ -67.93625, -10.37576 ], [ -67.93734, -10.37776 ] ], [ [ -67.91245, -10.36423 ], [ -67.9121, -10.36421 ], [ -67.91165, -10.36149 ], [ -67.91245, -10.36423 ] ], [ [ -67.9169, -10.35546 ], [ -67.91114, -10.35833 ], [ -67.91103, -10.35771 ], [ -67.91681, -10.35468 ], [ -67.9169, -10.35546 ] ], [ [ -67.91622, -10.34987 ], [ -67.91506, -10.34934 ], [ -67.91617, -10.34946 ], [ -67.91622, -10.34987 ] ], [ [ -67.91317, -10.34913 ], [ -67.90836, -10.35708 ], [ -67.91203, -10.349 ], [ -67.91317, -10.34913 ] ], [ [ -67.88766, -10.35325 ], [ -67.87612, -10.35 ], [ -67.87638, -10.34932 ], [ -67.88766, -10.35325 ] ] ], [ [ [ -67.83118, -10.27407 ], [ -67.83585, -10.27503 ], [ -67.84237, -10.26971 ], [ -67.8466, -10.27093 ], [ -67.85609, -10.28479 ], [ -67.84276, -10.28084 ], [ -67.8462, -10.28767 ], [ -67.902, -10.2875 ], [ -67.90382, -10.27211 ], [ -67.91057, -10.26665 ], [ -67.90888, -10.25233 ], [ -67.91217, -10.2366 ], [ -67.90161, -10.22955 ], [ -67.90356, -10.18961 ], [ -67.8964, -10.18569 ], [ -67.89067, -10.19218 ], [ -67.87745, -10.17857 ], [ -67.87522, -10.17993 ], [ -67.87768, -10.17535 ], [ -67.86993, -10.1668 ], [ -67.87029, -10.16105 ], [ -67.86265, -10.14549 ], [ -67.85304, -10.13879 ], [ -67.84949, -10.12927 ], [ -67.8426, -10.1255 ], [ -67.83408, -10.11297 ], [ -67.82202, -10.11287 ], [ -67.82945, -10.12242 ], [ -67.8226, -10.1242 ], [ -67.81332, -10.13543 ], [ -67.82191, -10.14502 ], [ -67.81327, -10.14855 ], [ -67.81884, -10.15818 ], [ -67.81782, -10.16194 ], [ -67.81548, -10.16412 ], [ -67.8105, -10.16026 ], [ -67.8071, -10.16347 ], [ -67.81156, -10.16949 ], [ -67.81163, -10.17893 ], [ -67.80958, -10.18243 ], [ -67.80442, -10.17945 ], [ -67.80213, -10.18388 ], [ -67.81227, -10.19548 ], [ -67.8106, -10.19979 ], [ -67.80443, -10.19887 ], [ -67.80319, -10.20219 ], [ -67.82725, -10.20936 ], [ -67.82649, -10.21435 ], [ -67.81875, -10.21562 ], [ -67.81323, -10.22463 ], [ -67.81786, -10.2261 ], [ -67.81561, -10.23311 ], [ -67.82171, -10.23765 ], [ -67.824, -10.2445 ], [ -67.83249, -10.24506 ], [ -67.83226, -10.25516 ], [ -67.82498, -10.26213 ], [ -67.8203, -10.26144 ], [ -67.81807, -10.26683 ], [ -67.83118, -10.27407 ] ], [ [ -67.86723, -10.1857 ], [ -67.86875, -10.185 ], [ -67.87185, -10.2041 ], [ -67.86723, -10.1857 ] ] ], [ [ [ -67.72114, -10.40658 ], [ -67.7834, -10.39854 ], [ -67.79102, -10.37564 ], [ -67.79631, -10.35717 ], [ -67.80976, -10.34217 ], [ -67.78876, -10.32088 ], [ -67.75528, -10.34237 ], [ -67.78071, -10.37402 ], [ -67.71765, -10.39421 ], [ -67.72114, -10.40658 ] ] ] ] } },
{ "type": "Feature", "properties": { "cluster": 31.0, "hvi": 0.0831, "population": 2601, "setores": 14, "municipio": "Capixaba" }, "geometry": { "type": "MultiPolygon", "coordinates": [ [ [ [ -67.7131, -10.44577 ], [ -67.71093, -10.44235 ], [ -67.70584, -10.44876 ], [ -67.70945, -10.45048 ], [ -67.7131, -10.44577 ] ] ], [ [ [ -67.79752, -10.45515 ], [ -67.80976, -10.45424 ], [ -67.81135, -10.44821 ], [ -67.81732, -10.44513 ], [ -67.81671, -10.43666 ], [ -67.8463, -10.40878 ], [ -67.825, -10.38934 ], [ -67.81734, -10.40215 ], [ -67.81365, -10.40374 ], [ -67.81337, -10.40243 ], [ -67.80921, -10.40278 ], [ -67.80665, -10.39677 ], [ -67.72292, -10.40638 ], [ -67.70826, -10.36193 ], [ -67.7003, -10.36451 ], [ -67.68616, -10.36183 ], [ -67.68529, -10.35677 ], [ -67.67297, -10.3573 ], [ -67.68836, -10.35574 ], [ -67.69625, -10.34022 ], [ -67.69594, -10.32399 ], [ -67.71633, -10.29191 ], [ -67.72752, -10.28687 ], [ -67.73156, -10.28129 ], [ -67.73861, -10.28246 ], [ -67.75102, -10.27099 ], [ -67.75663, -10.27085 ], [ -67.75733, -10.26532 ], [ -67.76606, -10.25546 ], [ -67.76486, -10.25064 ], [ -67.76988, -10.25096 ], [ -67.77375, -10.2414 ], [ -67.78025, -10.24099 ], [ -67.78469, -10.23178 ], [ -67.78289, -10.22334 ], [ -67.7862, -10.21762 ], [ -67.78401, -10.21519 ], [ -67.79878, -10.21155 ], [ -67.802, -10.20803 ], [ -67.80087, -10.1949 ], [ -67.79501, -10.19001 ], [ -67.77955, -10.19453 ], [ -67.77451, -10.19177 ], [ -67.76639, -10.19285 ], [ -67.75327, -10.18514 ], [ -67.7491, -10.17499 ], [ -67.74106, -10.17186 ], [ -67.73976, -10.16847 ], [ -67.73559, -10.16874 ], [ -67.73038, -10.16201 ], [ -67.72148, -10.16819 ], [ -67.72093, -10.17311 ], [ -67.71186, -10.16555 ], [ -67.71829, -10.15842 ], [ -67.71147, -10.15143 ], [ -67.7026, -10.13182 ], [ -67.69206, -10.1248 ], [ -67.67711, -10.13177 ], [ -67.6755, -10.12411 ], [ -67.6665, -10.13284 ], [ -67.66804, -10.14122 ], [ -67.66634, -10.13467 ], [ -67.66365, -10.13454 ], [ -67.66241, -10.12384 ], [ -67.66791, -10.11183 ], [ -67.66442, -10.10511 ], [ -67.65143, -10.10986 ], [ -67.61591, -10.10181 ], [ -67.59316, -10.08333 ], [ -67.58884, -10.07309 ], [ -67.5807, -10.06923 ], [ -67.57661, -10.07203 ], [ -67.56554, -10.06653 ], [ -67.55693, -10.06849 ], [ -67.5395, -10.05772 ], [ -67.53061, -10.04456 ], [ -67.52319, -10.02629 ], [ -67.52412, -10.02177 ], [ -67.50829, -10.02466 ], [ -67.50638, -10.02921 ], [ -67.51077, -10.03346 ], [ -67.50776, -10.03771 ], [ -67.51084, -10.04256 ], [ -67.50709, -10.04864 ], [ -67.51448, -10.05197 ], [ -67.51417, -10.05695 ], [ -67.51875, -10.05836 ], [ -67.51871, -10.06673 ], [ -67.5329, -10.07212 ], [ -67.53832, -10.07928 ], [ -67.55909, -10.07256 ], [ -67.5284, -10.08626 ], [ -67.53709, -10.09612 ], [ -67.5503, -10.08764 ], [ -67.54191, -10.10613 ], [ -67.54531, -10.10496 ], [ -67.54548, -10.11066 ], [ -67.55253, -10.11205 ], [ -67.55449, -10.10946 ], [ -67.56801, -10.10962 ], [ -67.58315, -10.13424 ], [ -67.58681, -10.15328 ], [ -67.60428, -10.15938 ], [ -67.61196, -10.17756 ], [ -67.6063, -10.16603 ], [ -67.59799, -10.17834 ], [ -67.59886, -10.18469 ], [ -67.61377, -10.20427 ], [ -67.61431, -10.20408 ], [ -67.61494, -10.22765 ], [ -67.61083, -10.24217 ], [ -67.62053, -10.26505 ], [ -67.61175, -10.30313 ], [ -67.6117, -10.31463 ], [ -67.62418, -10.32029 ], [ -67.62075, -10.32833 ], [ -67.62729, -10.33359 ], [ -67.62584, -10.34292 ], [ -67.63757, -10.35082 ], [ -67.63786, -10.36865 ], [ -67.6423, -10.36448 ], [ -67.65003, -10.36387 ], [ -67.63772, -10.36931 ], [ -67.64671, -10.39054 ], [ -67.65886, -10.3989 ], [ -67.6687, -10.39107 ], [ -67.67926, -10.39031 ], [ -67.6843, -10.39706 ], [ -67.68687, -10.41086 ], [ -67.69692, -10.41889 ], [ -67.71147, -10.44164 ], [ -67.71647, -10.43531 ], [ -67.73675, -10.44405 ], [ -67.74041, -10.43268 ], [ -67.7656, -10.43151 ], [ -67.79423, -10.43781 ], [ -67.80021, -10.44246 ], [ -67.79801, -10.4435 ], [ -67.79081, -10.45671 ], [ -67.79636, -10.45859 ], [ -67.79752, -10.45515 ] ], [ [ -67.76041, -10.41126 ], [ -67.72364, -10.41759 ], [ -67.72254, -10.4203 ], [ -67.72424, -10.41582 ], [ -67.76041, -10.41126 ] ], [ [ -67.81236, -10.4236 ], [ -67.81077, -10.41334 ], [ -67.81315, -10.42232 ], [ -67.81238, -10.42379 ], [ -67.76041, -10.41126 ], [ -67.81236, -10.4236 ] ], [ [ -67.76165, -10.42084 ], [ -67.73551, -10.4241 ], [ -67.73432, -10.42345 ], [ -67.76165, -10.42084 ] ], [ [ -67.81103, -10.43738 ], [ -67.80661, -10.43946 ], [ -67.81063, -10.43666 ], [ -67.81103, -10.43738 ] ], [ [ -67.69947, -10.19557 ], [ -67.7041, -10.18651 ], [ -67.69438, -10.21948 ], [ -67.69947, -10.19557 ] ], [ [ -67.6603, -10.25996 ], [ -67.67502, -10.25428 ], [ -67.66018, -10.26022 ], [ -67.6603, -10.25996 ] ], [ [ -67.64906, -10.28556 ], [ -67.6571, -10.26726 ], [ -67.64945, -10.28538 ], [ -67.64906, -10.28556 ] ], [ [ -67.70455, -10.18563 ], [ -67.72085, -10.17389 ], [ -67.72074, -10.17483 ], [ -67.70455, -10.18563 ] ], [ [ -67.66521, -10.15084 ], [ -67.66441, -10.14727 ], [ -67.66812, -10.14163 ], [ -67.66521, -10.15084 ] ], [ [ -67.61692, -10.16517 ], [ -67.61518, -10.17813 ], [ -67.61654, -10.16519 ], [ -67.61692, -10.16517 ] ] ] ] } },
{ "type": "Feature", "properties": { "cluster": 32.0, "hvi": 0.088, "population": 2975, "setores": 9, "municipio": "Capixaba" }, "geometry": { "type": "Polygon", "coordinates": [ [ [ -67.65991, -10.61464 ], [ -67.67561, -10.60516 ], [ -67.7044, -10.70001 ], [ -67.70902, -10.70406 ], [ -67.70629, -10.70584 ], [ -67.70759, -10.71026 ], [ -67.71294, -10.70688 ], [ -67.71312, -10.70927 ], [ -67.72167, -10.7113 ], [ -67.7261, -10.70682 ], [ -67.7285, -10.71338 ], [ -67.73239, -10.71214 ], [ -67.73353, -10.70912 ], [ -67.73403, -10.71177 ], [ -67.73605, -10.71311 ], [ -67.73988, -10.70739 ], [ -67.74456, -10.70806 ], [ -67.74504, -10.69649 ], [ -67.74708, -10.69841 ], [ -67.75631, -10.69535 ], [ -67.7586, -10.68602 ], [ -67.76185, -10.6847 ], [ -67.76634, -10.68935 ], [ -67.7678, -10.68657 ], [ -67.7745, -10.68609 ], [ -67.77655, -10.68419 ], [ -67.77408, -10.68269 ], [ -67.77942, -10.68257 ], [ -67.7821, -10.67735 ], [ -67.78679, -10.67914 ], [ -67.7881, -10.67497 ], [ -67.79184, -10.67833 ], [ -67.79869, -10.66939 ], [ -67.80879, -10.66796 ], [ -67.80662, -10.66563 ], [ -67.80994, -10.66116 ], [ -67.81778, -10.66448 ], [ -67.81739, -10.65859 ], [ -67.82768, -10.65136 ], [ -67.83101, -10.65343 ], [ -67.83713, -10.64946 ], [ -67.84306, -10.6533 ], [ -67.84504, -10.64891 ], [ -67.85303, -10.64784 ], [ -67.8536, -10.6507 ], [ -67.86445, -10.64067 ], [ -67.87606, -10.64507 ], [ -67.87694, -10.63992 ], [ -67.89194, -10.64104 ], [ -67.89017, -10.6442 ], [ -67.89433, -10.64819 ], [ -67.89964, -10.6434 ], [ -67.90101, -10.64543 ], [ -67.9051, -10.64141 ], [ -67.91016, -10.64189 ], [ -67.91329, -10.65034 ], [ -67.91921, -10.65475 ], [ -67.92329, -10.65132 ], [ -67.92911, -10.65638 ], [ -67.9379, -10.65456 ], [ -67.94129, -10.65688 ], [ -67.94749, -10.65084 ], [ -67.94733, -10.65318 ], [ -67.94996, -10.6511 ], [ -67.9527, -10.65353 ], [ -67.9545, -10.64988 ], [ -67.96134, -10.6498 ], [ -67.9655, -10.65522 ], [ -67.97184, -10.65634 ], [ -67.97147, -10.65948 ], [ -67.97642, -10.66311 ], [ -67.97975, -10.66239 ], [ -67.98178, -10.65736 ], [ -67.98544, -10.6566 ], [ -67.98378, -10.65502 ], [ -67.992, -10.65497 ], [ -67.99232, -10.651 ], [ -68.00123, -10.65121 ], [ -68.0036, -10.64043 ], [ -68.00911, -10.63377 ], [ -68.00985, -10.6122 ], [ -68.01635, -10.60247 ], [ -67.9897, -10.59683 ], [ -67.98171, -10.59261 ], [ -67.98426, -10.59372 ], [ -68.00057, -10.58162 ], [ -68.00166, -10.57673 ], [ -68.01726, -10.56575 ], [ -68.01793, -10.55126 ], [ -68.02846, -10.54215 ], [ -68.03413, -10.52676 ], [ -68.02976, -10.51675 ], [ -68.03728, -10.48987 ], [ -68.04197, -10.48433 ], [ -68.04302, -10.47285 ], [ -68.03369, -10.46915 ], [ -68.03872, -10.45871 ], [ -68.02975, -10.45386 ], [ -68.01917, -10.45822 ], [ -68.00157, -10.44924 ], [ -67.9973, -10.44519 ], [ -68.00245, -10.43604 ], [ -67.99172, -10.43958 ], [ -67.98422, -10.42219 ], [ -67.97903, -10.42692 ], [ -67.97095, -10.42159 ], [ -67.96796, -10.4112 ], [ -67.97399, -10.4099 ], [ -67.97183, -10.40657 ], [ -67.96077, -10.40708 ], [ -67.9545, -10.41314 ], [ -67.94443, -10.40773 ], [ -67.93262, -10.44207 ], [ -67.92702, -10.45381 ], [ -67.91964, -10.45994 ], [ -67.92035, -10.47169 ], [ -67.91328, -10.48777 ], [ -67.90261, -10.49374 ], [ -67.88627, -10.49237 ], [ -67.87437, -10.4953 ], [ -67.8602, -10.50752 ], [ -67.84126, -10.51139 ], [ -67.83713, -10.51475 ], [ -67.83727, -10.50625 ], [ -67.82944, -10.49326 ], [ -67.8107, -10.49954 ], [ -67.80552, -10.49285 ], [ -67.78037, -10.48116 ], [ -67.7919, -10.46159 ], [ -67.79116, -10.45497 ], [ -67.79801, -10.4435 ], [ -67.80125, -10.44334 ], [ -67.79423, -10.43781 ], [ -67.7656, -10.43151 ], [ -67.74041, -10.43268 ], [ -67.73675, -10.44405 ], [ -67.71643, -10.43539 ], [ -67.70945, -10.45048 ], [ -67.70584, -10.44876 ], [ -67.67691, -10.48067 ], [ -67.67992, -10.47567 ], [ -67.67018, -10.48094 ], [ -67.65035, -10.48276 ], [ -67.63984, -10.47841 ], [ -67.63138, -10.48233 ], [ -67.62997, -10.4801 ], [ -67.62022, -10.48069 ], [ -67.61211, -10.49098 ], [ -67.60872, -10.50597 ], [ -67.59024, -10.51077 ], [ -67.57835, -10.5022 ], [ -67.56761, -10.50802 ], [ -67.5777, -10.51675 ], [ -67.59693, -10.52356 ], [ -67.59956, -10.53162 ], [ -67.60504, -10.53425 ], [ -67.6098, -10.56238 ], [ -67.63535, -10.58038 ], [ -67.6363, -10.59217 ], [ -67.65421, -10.61114 ], [ -67.65991, -10.61464 ] ], [ [ -67.81526, -10.60692 ], [ -67.81748, -10.60538 ], [ -67.81675, -10.6062 ], [ -67.81526, -10.60692 ] ], [ [ -67.80718, -10.61081 ], [ -67.78948, -10.60337 ], [ -67.80867, -10.61009 ], [ -67.80718, -10.61081 ] ], [ [ -67.72005, -10.60185 ], [ -67.71993, -10.60176 ], [ -67.73221, -10.6021 ], [ -67.72005, -10.60185 ] ], [ [ -67.68045, -10.57976 ], [ -67.67888, -10.58163 ], [ -67.67229, -10.57548 ], [ -67.6697, -10.5763 ], [ -67.67235, -10.56502 ], [ -67.67621, -10.56332 ], [ -67.67602, -10.5667 ], [ -67.68341, -10.57747 ], [ -67.68254, -10.57999 ], [ -67.68045, -10.57976 ] ], [ [ -67.95716, -10.59581 ], [ -67.97517, -10.58976 ], [ -67.97584, -10.59005 ], [ -67.95716, -10.59581 ] ], [ [ -67.91837, -10.55231 ], [ -67.92153, -10.54918 ], [ -67.92188, -10.54949 ], [ -67.91837, -10.55231 ] ], [ [ -67.88473, -10.58594 ], [ -67.88438, -10.58632 ], [ -67.91517, -10.55 ], [ -67.88473, -10.58594 ] ], [ [ -67.91613, -10.59171 ], [ -67.89949, -10.59004 ], [ -67.85687, -10.58411 ], [ -67.88438, -10.58632 ], [ -67.91613, -10.59171 ] ], [ [ -67.83854, -10.5838 ], [ -67.8422, -10.58294 ], [ -67.85216, -10.58373 ], [ -67.83854, -10.5838 ] ], [ [ -67.83415, -10.5867 ], [ -67.83593, -10.58441 ], [ -67.83626, -10.58433 ], [ -67.83415, -10.5867 ] ], [ [ -67.8205, -10.61325 ], [ -67.8214, -10.61493 ], [ -67.82096, -10.61579 ], [ -67.8205, -10.61325 ] ], [ [ -67.8171, -10.62339 ], [ -67.81819, -10.62868 ], [ -67.81707, -10.62344 ], [ -67.8171, -10.62339 ] ], [ [ -67.81937, -10.63442 ], [ -67.81938, -10.63446 ], [ -67.8184, -10.63651 ], [ -67.81937, -10.63442 ] ], [ [ -67.81245, -10.64908 ], [ -67.8124, -10.64918 ], [ -67.80869, -10.65135 ], [ -67.81245, -10.64908 ] ], [ [ -67.80169, -10.64988 ], [ -67.79515, -10.65416 ], [ -67.80148, -10.64984 ], [ -67.80169, -10.64988 ] ], [ [ -67.77821, -10.66056 ], [ -67.78954, -10.65784 ], [ -67.77186, -10.66374 ], [ -67.77821, -10.66056 ] ], [ [ -67.74179, -10.67879 ], [ -67.73359, -10.68719 ], [ -67.74168, -10.67884 ], [ -67.74179, -10.67879 ] ], [ [ -67.73086, -10.69 ], [ -67.73681, -10.70037 ], [ -67.73066, -10.69021 ], [ -67.73086, -10.69 ] ], [ [ -67.82997, -10.5464 ], [ -67.83119, -10.56093 ], [ -67.8299, -10.54626 ], [ -67.82997, -10.5464 ] ], [ [ -67.82069, -10.52875 ], [ -67.82946, -10.54542 ], [ -67.82025, -10.52961 ], [ -67.82069, -10.52875 ] ], [ [ -67.8339, -10.51738 ], [ -67.82121, -10.52771 ], [ -67.82258, -10.52498 ], [ -67.8339, -10.51738 ] ], [ [ -67.77053, -10.48462 ], [ -67.7773, -10.4845 ], [ -67.77661, -10.48601 ], [ -67.77053, -10.48462 ] ], [ [ -67.76545, -10.50775 ], [ -67.76043, -10.4982 ], [ -67.76609, -10.50691 ], [ -67.76545, -10.50775 ] ], [ [ -67.76318, -10.50858 ], [ -67.76508, -10.50825 ], [ -67.76441, -10.50913 ], [ -67.76318, -10.50858 ] ], [ [ -67.6772, -10.54587 ], [ -67.67598, -10.54407 ], [ -67.67721, -10.54561 ], [ -67.6772, -10.54587 ] ], [ [ -67.66425, -10.52672 ], [ -67.66321, -10.52517 ], [ -67.67286, -10.50829 ], [ -67.66425, -10.52672 ] ], [ [ -67.67343, -10.50705 ], [ -67.67477, -10.48424 ], [ -67.67537, -10.48323 ], [ -67.67343, -10.50705 ] ] ] } },
{ "type": "Feature", "properties": { "cluster": 33.0, "hvi": 0.1625, "population": 2349, "setores": 2, "municipio": "Cruzeiro do Sul" }, "geometry": { "type": "Polygon", "coordinates": [ [ [ -72.66918, -7.63353 ], [ -72.67192, -7.62927 ], [ -72.6653, -7.62533 ], [ -72.6636, -7.63007 ], [ -72.66918, -7.63353 ] ] ] } },
{ "type": "Feature", "properties": { "cluster": 34.0, "hvi": 0.1133, "population": 2428, "setores": 5, "municipio": "Cruzeiro do Sul" }, "geometry": { "type": "MultiPolygon", "coordinates": [ [ [ [ -72.66152, -7.62449 ], [ -72.6634, -7.61911 ], [ -72.65937, -7.6231 ], [ -72.65741, -7.62621 ], [ -72.65955, -7.62754 ], [ -72.66152, -7.62449 ] ] ], [ [ [ -72.6598, -7.6201 ], [ -72.66113, -7.62064 ], [ -72.66252, -7.61672 ], [ -72.6598, -7.6201 ] ] ], [ [ [ -72.6621, -7.61517 ], [ -72.6594, -7.61501 ], [ -72.65691, -7.62026 ], [ -72.6598, -7.6201 ], [ -72.66202, -7.61723 ], [ -72.6621, -7.61517 ] ] ] ] } },
{ "type": "Feature", "properties": { "cluster": 35.0, "hvi": 0.1075, "population": 2235, "setores": 6, "municipio": "Cruzeiro do Sul" }, "geometry": { "type": "MultiPolygon", "coordinates": [ [ [ [ -72.66604, -7.6394 ], [ -72.67023, -7.63688 ], [ -72.66471, -7.6346 ], [ -72.66217, -7.63693 ], [ -72.66604, -7.6394 ] ] ], [ [ [ -72.66638, -7.63182 ], [ -72.66119, -7.62986 ], [ -72.66231, -7.63318 ], [ -72.66521, -7.63375 ], [ -72.67023, -7.63688 ], [ -72.67143, -7.63493 ], [ -72.66638, -7.63182 ] ] ], [ [ [ -72.65742, -7.62861 ], [ -72.66119, -7.62986 ], [ -72.6579, -7.62785 ], [ -72.65742, -7.62861 ] ] ], [ [ [ -72.66386, -7.62462 ], [ -72.66119, -7.62986 ], [ -72.6636, -7.63007 ], [ -72.66543, -7.62502 ], [ -72.66386, -7.62462 ] ] ] ] } },
{ "type": "Feature", "properties": { "cluster": 36.0, "hvi": 0.1171, "population": 3056, "setores": 6, "municipio": "Cruzeiro do Sul" }, "geometry": { "type": "MultiPolygon", "coordinates": [ [ [ [ -72.68387, -7.63986 ], [ -72.68148, -7.6411 ], [ -72.67758, -7.64003 ], [ -72.68254, -7.64164 ], [ -72.68387, -7.63986 ] ] ], [ [ [ -72.67875, -7.64077 ], [ -72.67568, -7.63889 ], [ -72.67741, -7.63587 ], [ -72.67304, -7.63453 ], [ -72.6712, -7.63746 ], [ -72.67512, -7.63871 ], [ -72.67527, -7.63934 ], [ -72.67212, -7.63804 ], [ -72.67745, -7.6424 ], [ -72.67875, -7.64077 ] ] ], [ [ [ -72.68279, -7.63918 ], [ -72.67876, -7.63804 ], [ -72.67933, -7.63708 ], [ -72.67741, -7.63587 ], [ -72.67758, -7.64003 ], [ -72.67875, -7.63807 ], [ -72.68148, -7.6411 ], [ -72.68279, -7.63918 ] ] ] ] } },
{ "type": "Feature", "properties": { "cluster": 37.0, "hvi": 0.1229, "population": 2733, "setores": 5, "municipio": "Cruzeiro do Sul" }, "geometry": { "type": "MultiPolygon", "coordinates": [ [ [ [ -72.68387, -7.63256 ], [ -72.68249, -7.63011 ], [ -72.68202, -7.63041 ], [ -72.68319, -7.6265 ], [ -72.67535, -7.62874 ], [ -72.68111, -7.63098 ], [ -72.68009, -7.63161 ], [ -72.68322, -7.63354 ], [ -72.68387, -7.63256 ] ] ], [ [ [ -72.67143, -7.63493 ], [ -72.67535, -7.62874 ], [ -72.6721, -7.62663 ], [ -72.67312, -7.62726 ], [ -72.67534, -7.62398 ], [ -72.67133, -7.6215 ], [ -72.67031, -7.62554 ], [ -72.67192, -7.62652 ], [ -72.66918, -7.63353 ], [ -72.67143, -7.63493 ] ] ], [ [ [ -72.68009, -7.63161 ], [ -72.67535, -7.62874 ], [ -72.67942, -7.63263 ], [ -72.68009, -7.63161 ] ] ] ] } },
{ "type": "Feature", "properties": { "cluster": 38.0, "hvi": 0.1233, "population": 2321, "setores": 4, "municipio": "Cruzeiro do Sul" }, "geometry": { "type": "MultiPolygon", "coordinates": [ [ [ [ -72.67694, -7.61713 ], [ -72.6737, -7.61426 ], [ -72.68029, -7.61843 ], [ -72.68107, -7.61134 ], [ -72.67394, -7.61398 ], [ -72.67519, -7.61255 ], [ -72.67066, -7.61038 ], [ -72.67287, -7.61521 ], [ -72.67363, -7.61434 ], [ -72.67595, -7.61998 ], [ -72.67694, -7.61713 ] ] ], [ [ [ -72.68107, -7.61134 ], [ -72.68143, -7.60653 ], [ -72.66892, -7.60809 ], [ -72.67519, -7.61255 ], [ -72.68107, -7.61134 ] ] ] ] } },
{ "type": "Feature", "properties": { "cluster": 39.0, "hvi": 0.1511, "population": 2479, "setores": 3, "municipio": "Cruzeiro do Sul" }, "geometry": { "type": "Polygon", "coordinates": [ [ [ -72.67889, -7.62932 ], [ -72.68469, -7.62618 ], [ -72.67928, -7.62208 ], [ -72.68542, -7.61214 ], [ -72.68107, -7.61134 ], [ -72.67793, -7.62235 ], [ -72.67723, -7.62084 ], [ -72.67252, -7.62828 ], [ -72.67427, -7.62932 ], [ -72.67901, -7.62473 ], [ -72.67843, -7.62346 ], [ -72.67926, -7.62211 ], [ -72.67889, -7.62932 ] ] ] } },
{ "type": "Feature", "properties": { "cluster": 40.0, "hvi": 0.1595, "population": 2817, "setores": 3, "municipio": "Cruzeiro do Sul" }, "geometry": { "type": "MultiPolygon", "coordinates": [ [ [ [ -72.67534, -7.62398 ], [ -72.67723, -7.62084 ], [ -72.6734, -7.6184 ], [ -72.66752, -7.61912 ], [ -72.67534, -7.62398 ] ] ], [ [ [ -72.67856, -7.62165 ], [ -72.68029, -7.61843 ], [ -72.67536, -7.61535 ], [ -72.67595, -7.61998 ], [ -72.67856, -7.62165 ] ] ] ] } },
{ "type": "Feature", "properties": { "cluster": 41.0, "hvi": 0.1282, "population": 1401, "setores": 2, "municipio": "Cruzeiro do Sul" }, "geometry": { "type": "Polygon", "coordinates": [ [ [ -72.67061, -7.62863 ], [ -72.67192, -7.62652 ], [ -72.67031, -7.62553 ], [ -72.67133, -7.6215 ], [ -72.66678, -7.62031 ], [ -72.6676, -7.62386 ], [ -72.66846, -7.62439 ], [ -72.66721, -7.62654 ], [ -72.67061, -7.62863 ] ] ] } },
{ "type": "Feature", "properties": { "cluster": 42.0, "hvi": 0.1184, "population": 2214, "setores": 4, "municipio": "Cruzeiro do Sul" }, "geometry": { "type": "Polygon", "coordinates": [ [ [ -72.687, -7.62253 ], [ -72.68743, -7.61914 ], [ -72.68584, -7.61773 ], [ -72.6842, -7.6164 ], [ -72.68197, -7.62172 ], [ -72.67927, -7.62207 ], [ -72.68469, -7.62618 ], [ -72.687, -7.62253 ] ], [ [ -72.68344, -7.62153 ], [ -72.68207, -7.62171 ], [ -72.68489, -7.61699 ], [ -72.68344, -7.62153 ] ] ] } },
{ "type": "Feature", "properties": { "cluster": 43.0, "hvi": 0.15, "population": 2838, "setores": 3, "municipio": "Cruzeiro do Sul" }, "geometry": { "type": "MultiPolygon", "coordinates": [ [ [ [ -72.68319, -7.6265 ], [ -72.68135, -7.6294 ], [ -72.68389, -7.63094 ], [ -72.68522, -7.62606 ], [ -72.68319, -7.6265 ] ] ], [ [ [ -72.69053, -7.63195 ], [ -72.69417, -7.62771 ], [ -72.68653, -7.62346 ], [ -72.68526, -7.62624 ], [ -72.69053, -7.63195 ] ] ], [ [ [ -72.69453, -7.62744 ], [ -72.69454, -7.62265 ], [ -72.68754, -7.61961 ], [ -72.68653, -7.62346 ], [ -72.69453, -7.62744 ] ] ] ] } },
{ "type": "Feature", "properties": { "cluster": 44.0, "hvi": 0.1428, "population": 1844, "setores": 2, "municipio": "Cruzeiro do Sul" }, "geometry": { "type": "Polygon", "coordinates": [ [ [ -72.69806, -7.621 ], [ -72.70108, -7.61603 ], [ -72.69608, -7.61429 ], [ -72.68517, -7.6127 ], [ -72.6842, -7.6164 ], [ -72.69454, -7.62265 ], [ -72.69806, -7.621 ] ] ] } },
{ "type": "Feature", "properties": { "cluster": 45.0, "hvi": 0.1605, "population": 1271, "setores": 1, "municipio": "Cruzeiro do Sul" }, "geometry": { "type": "Polygon", "coordinates": [ [ [ -72.68484, -7.59504 ], [ -72.68278, -7.60212 ], [ -72.69024, -7.60297 ], [ -72.68484, -7.59504 ] ] ] } },
{ "type": "Feature", "properties": { "cluster": 46.0, "hvi": 0.1461, "population": 2767, "setores": 3, "municipio": "Cruzeiro do Sul" }, "geometry": { "type": "Polygon", "coordinates": [ [ [ -72.6701, -7.61199 ], [ -72.66981, -7.61254 ], [ -72.67066, -7.61038 ], [ -72.66882, -7.60766 ], [ -72.66445, -7.60995 ], [ -72.66948, -7.61317 ], [ -72.66747, -7.61191 ], [ -72.66537, -7.61541 ], [ -72.66815, -7.61804 ], [ -72.66887, -7.61554 ], [ -72.67346, -7.61842 ], [ -72.6701, -7.61199 ] ] ] } },
{ "type": "Feature", "properties": { "cluster": 47.0, "hvi": 0.1097, "population": 2886, "setores": 6, "municipio": "Cruzeiro do Sul" }, "geometry": { "type": "Polygon", "coordinates": [ [ [ -73.01099, -7.67498 ], [ -72.99382, -7.67629 ], [ -72.97903, -7.67878 ], [ -72.96281, -7.68679 ], [ -72.95585, -7.68603 ], [ -72.94833, -7.6922 ], [ -72.91382, -7.66435 ], [ -72.82239, -7.6818 ], [ -72.86006, -7.67396 ], [ -72.85522, -7.65836 ], [ -72.84779, -7.65768 ], [ -72.84632, -7.66111 ], [ -72.82699, -7.66464 ], [ -72.80089, -7.66224 ], [ -72.79817, -7.66488 ], [ -72.78328, -7.66377 ], [ -72.77095, -7.67223 ], [ -72.75302, -7.67795 ], [ -72.73969, -7.67745 ], [ -72.75711, -7.71408 ], [ -72.79683, -7.68712 ], [ -72.80705, -7.68499 ], [ -72.81106, -7.70347 ], [ -72.80701, -7.70472 ], [ -72.80569, -7.71334 ], [ -72.84086, -7.73629 ], [ -72.84521, -7.73324 ], [ -72.84979, -7.73743 ], [ -72.8547, -7.73583 ], [ -72.85534, -7.74294 ], [ -72.86712, -7.73928 ], [ -72.89746, -7.74674 ], [ -72.90355, -7.73965 ], [ -72.89755, -7.74709 ], [ -72.92187, -7.74417 ], [ -72.96219, -7.77066 ], [ -72.96851, -7.7798 ], [ -72.9992, -7.766 ], [ -73.04967, -7.76796 ], [ -73.04387, -7.7834 ], [ -73.11605, -7.81068 ], [ -73.12163, -7.7843 ], [ -73.14279, -7.77353 ], [ -73.14578, -7.76278 ], [ -73.16349, -7.74949 ], [ -73.18668, -7.75383 ], [ -73.20593, -7.76402 ], [ -73.21348, -7.75877 ], [ -73.18202, -7.73056 ], [ -73.18283, -7.73091 ], [ -73.18563, -7.68837 ], [ -73.09116, -7.59798 ], [ -73.08452, -7.60023 ], [ -73.03662, -7.5985 ], [ -73.0154, -7.58644 ], [ -72.99966, -7.58608 ], [ -72.98545, -7.58125 ], [ -72.95725, -7.58819 ], [ -72.95313, -7.59507 ], [ -72.96073, -7.59575 ], [ -72.9895, -7.61112 ], [ -73.01853, -7.63385 ], [ -73.0492, -7.65137 ], [ -73.0464, -7.67169 ], [ -73.04062, -7.6693 ], [ -73.02237, -7.67605 ], [ -73.03129, -7.67853 ], [ -73.01099, -7.67498 ] ], [ [ -73.03229, -7.72606 ], [ -73.03244, -7.67885 ], [ -73.03255, -7.67888 ], [ -73.03229, -7.72606 ] ], [ [ -72.9127, -7.67917 ], [ -72.9397, -7.71002 ], [ -72.91271, -7.67926 ], [ -72.9127, -7.67917 ] ] ] } },
{ "type": "Feature", "properties": { "cluster": 48.0, "hvi": 0.1246, "population": 2181, "setores": 3, "municipio": "Cruzeiro do Sul" }, "geometry": { "type": "Polygon", "coordinates": [ [ [ -72.81401, -7.57505 ], [ -72.80936, -7.58131 ], [ -72.81092, -7.58701 ], [ -72.8026, -7.59713 ], [ -72.80539, -7.59842 ], [ -72.83508, -7.5766 ], [ -72.83368, -7.56549 ], [ -72.84412, -7.56232 ], [ -72.85156, -7.55096 ], [ -72.85315, -7.54077 ], [ -72.85657, -7.53918 ], [ -72.867, -7.54462 ], [ -72.88945, -7.53571 ], [ -72.88948, -7.52043 ], [ -72.89211, -7.50033 ], [ -72.88594, -7.50219 ], [ -72.87346, -7.48901 ], [ -72.86875, -7.48799 ], [ -72.85897, -7.4904 ], [ -72.82351, -7.51548 ], [ -72.80739, -7.5178 ], [ -72.81026, -7.53024 ], [ -72.80583, -7.54011 ], [ -72.82553, -7.5379 ], [ -72.82827, -7.55964 ], [ -72.82281, -7.55662 ], [ -72.81613, -7.55921 ], [ -72.81196, -7.565 ], [ -72.81649, -7.58192 ], [ -72.81401, -7.57505 ] ], [ [ -72.88181, -7.52826 ], [ -72.88163, -7.52827 ], [ -72.88948, -7.52043 ], [ -72.88181, -7.52826 ] ] ] } },
{ "type": "Feature", "properties": { "cluster": 49.0, "hvi": 0.115, "population": 2481, "setores": 5, "municipio": "Cruzeiro do Sul" }, "geometry": { "type": "MultiPolygon", "coordinates": [ [ [ [ -72.35171, -7.9569 ], [ -72.35138, -7.96864 ], [ -72.34509, -7.97425 ], [ -72.34428, -7.98408 ], [ -72.4076, -7.9881 ], [ -72.42157, -7.90821 ], [ -72.37139, -7.87307 ], [ -72.38602, -7.77524 ], [ -72.38947, -7.77169 ], [ -72.38645, -7.76982 ], [ -72.39175, -7.76945 ], [ -72.38868, -7.75195 ], [ -72.38495, -7.75238 ], [ -72.3855, -7.75231 ], [ -72.37204, -7.74013 ], [ -72.37222, -7.72822 ], [ -72.39263, -7.71894 ], [ -72.39499, -7.7147 ], [ -72.2516, -7.73137 ], [ -72.25089, -7.74263 ], [ -72.24802, -7.74354 ], [ -72.25042, -7.74581 ], [ -72.24892, -7.76772 ], [ -72.24545, -7.76963 ], [ -72.24346, -7.78344 ], [ -72.24955, -7.79292 ], [ -72.24688, -7.7983 ], [ -72.24927, -7.80305 ], [ -72.25241, -7.80267 ], [ -72.25337, -7.80992 ], [ -72.25728, -7.81052 ], [ -72.2617, -7.82745 ], [ -72.25839, -7.84879 ], [ -72.25159, -7.85442 ], [ -72.25289, -7.87189 ], [ -72.2577, -7.88248 ], [ -72.26699, -7.8825 ], [ -72.26626, -7.88295 ], [ -72.2666, -7.89085 ], [ -72.27273, -7.89573 ], [ -72.27066, -7.90757 ], [ -72.28875, -7.93844 ], [ -72.29008, -7.94619 ], [ -72.29591, -7.9486 ], [ -72.29687, -7.95228 ], [ -72.31119, -7.95759 ], [ -72.35171, -7.9569 ] ] ], [ [ [ -72.41467, -7.69079 ], [ -72.41863, -7.68252 ], [ -72.41434, -7.65238 ], [ -72.40461, -7.62354 ], [ -72.40902, -7.61914 ], [ -72.41339, -7.60525 ], [ -72.40375, -7.59486 ], [ -72.4041, -7.58751 ], [ -72.3995, -7.58558 ], [ -72.40134, -7.57347 ], [ -72.35852, -7.57848 ], [ -72.35965, -7.58396 ], [ -72.3531, -7.60066 ], [ -72.35372, -7.60729 ], [ -72.33884, -7.61643 ], [ -72.33731, -7.62541 ], [ -72.32936, -7.63014 ], [ -72.3224, -7.62871 ], [ -72.3198, -7.63403 ], [ -72.29428, -7.64216 ], [ -72.29343, -7.64967 ], [ -72.28861, -7.65361 ], [ -72.28552, -7.65033 ], [ -72.28404, -7.65342 ], [ -72.27598, -7.65147 ], [ -72.26535, -7.65903 ], [ -72.26701, -7.66528 ], [ -72.26286, -7.66692 ], [ -72.26347, -7.67345 ], [ -72.26063, -7.67665 ], [ -72.26339, -7.6836 ], [ -72.25799, -7.68804 ], [ -72.25782, -7.69792 ], [ -72.25249, -7.7054 ], [ -72.25373, -7.71018 ], [ -72.2474, -7.71935 ], [ -72.25168, -7.72814 ], [ -72.25005, -7.72995 ], [ -72.39499, -7.7147 ], [ -72.4018, -7.70023 ], [ -72.41467, -7.69079 ] ] ] ] } },
{ "type": "Feature", "properties": { "cluster": 50.0, "hvi": 0.1004, "population": 2947, "setores": 18, "municipio": "Cruzeiro do Sul" }, "geometry": { "type": "Polygon", "coordinates": [ [ [ -72.85657, -7.53918 ], [ -72.85315, -7.54077 ], [ -72.85156, -7.55096 ], [ -72.84412, -7.56232 ], [ -72.83368, -7.56549 ], [ -72.83508, -7.5766 ], [ -72.80539, -7.59842 ], [ -72.80198, -7.5967 ], [ -72.81092, -7.58701 ], [ -72.81196, -7.565 ], [ -72.81613, -7.55921 ], [ -72.82281, -7.55662 ], [ -72.82827, -7.55964 ], [ -72.82549, -7.5376 ], [ -72.79452, -7.54117 ], [ -72.80454, -7.53959 ], [ -72.81023, -7.5304 ], [ -72.80739, -7.5178 ], [ -72.80285, -7.51913 ], [ -72.76747, -7.55361 ], [ -72.74856, -7.55724 ], [ -72.74775, -7.56618 ], [ -72.75145, -7.57417 ], [ -72.75928, -7.57675 ], [ -72.75266, -7.58263 ], [ -72.74963, -7.59361 ], [ -72.7515, -7.59431 ], [ -72.74486, -7.59339 ], [ -72.73673, -7.59947 ], [ -72.72316, -7.6018 ], [ -72.72124, -7.61465 ], [ -72.71658, -7.62192 ], [ -72.70926, -7.61874 ], [ -72.69361, -7.62824 ], [ -72.68773, -7.63808 ], [ -72.68761, -7.63615 ], [ -72.68626, -7.63831 ], [ -72.68724, -7.63889 ], [ -72.68586, -7.6412 ], [ -72.68387, -7.63986 ], [ -72.6855, -7.6418 ], [ -72.68486, -7.64288 ], [ -72.67042, -7.64025 ], [ -72.67783, -7.65084 ], [ -72.68825, -7.6551 ], [ -72.69401, -7.65115 ], [ -72.6983, -7.65498 ], [ -72.69884, -7.65155 ], [ -72.70145, -7.65394 ], [ -72.70558, -7.64943 ], [ -72.70785, -7.65276 ], [ -72.71169, -7.65055 ], [ -72.70422, -7.64466 ], [ -72.72115, -7.63788 ], [ -72.7271, -7.63163 ], [ -72.72894, -7.63347 ], [ -72.72774, -7.65838 ], [ -72.73969, -7.67745 ], [ -72.75302, -7.67795 ], [ -72.77095, -7.67223 ], [ -72.78328, -7.66377 ], [ -72.80064, -7.6629 ], [ -72.79191, -7.65869 ], [ -72.80106, -7.66247 ], [ -72.86762, -7.61791 ], [ -72.86705, -7.61473 ], [ -72.88208, -7.61326 ], [ -72.88516, -7.6059 ], [ -72.8975, -7.60355 ], [ -72.90415, -7.59449 ], [ -72.91608, -7.58635 ], [ -72.91629, -7.57844 ], [ -72.92252, -7.57582 ], [ -72.92395, -7.56968 ], [ -72.93366, -7.56782 ], [ -72.93384, -7.56676 ], [ -72.95026, -7.56045 ], [ -72.9623, -7.55167 ], [ -72.9708, -7.55032 ], [ -72.9849, -7.53428 ], [ -72.99126, -7.53694 ], [ -72.99722, -7.54551 ], [ -73.01557, -7.54629 ], [ -73.02591, -7.55659 ], [ -73.05238, -7.57162 ], [ -73.06287, -7.57095 ], [ -73.18585, -7.68841 ], [ -73.17, -7.64177 ], [ -73.17652, -7.61726 ], [ -73.16857, -7.58728 ], [ -73.17313, -7.55826 ], [ -73.14774, -7.54191 ], [ -73.13034, -7.50579 ], [ -73.12026, -7.50556 ], [ -73.11619, -7.49836 ], [ -73.10776, -7.49413 ], [ -73.09869, -7.47424 ], [ -73.09071, -7.47304 ], [ -73.0794, -7.45636 ], [ -73.07815, -7.45818 ], [ -73.06423, -7.45259 ], [ -73.06296, -7.44572 ], [ -73.05679, -7.44039 ], [ -73.06188, -7.44012 ], [ -73.05817, -7.43728 ], [ -73.0612, -7.43805 ], [ -73.05829, -7.4291 ], [ -73.06923, -7.42595 ], [ -73.0694, -7.4156 ], [ -73.04132, -7.41895 ], [ -73.01772, -7.42561 ], [ -72.99076, -7.44606 ], [ -72.97653, -7.45228 ], [ -72.97031, -7.46095 ], [ -72.96311, -7.46274 ], [ -72.96007, -7.46903 ], [ -72.95247, -7.47141 ], [ -72.94588, -7.48424 ], [ -72.94093, -7.48426 ], [ -72.93232, -7.49806 ], [ -72.93453, -7.50457 ], [ -72.93231, -7.5088 ], [ -72.92699, -7.50531 ], [ -72.92488, -7.50839 ], [ -72.91947, -7.50772 ], [ -72.91268, -7.51702 ], [ -72.91494, -7.52092 ], [ -72.90891, -7.53336 ], [ -72.90058, -7.53234 ], [ -72.90039, -7.52232 ], [ -72.90413, -7.52152 ], [ -72.90557, -7.51607 ], [ -72.89002, -7.51629 ], [ -72.88909, -7.53788 ], [ -72.867, -7.54462 ], [ -72.85657, -7.53918 ] ], [ [ -72.79977, -7.54625 ], [ -72.79976, -7.54661 ], [ -72.79452, -7.54117 ], [ -72.79977, -7.54625 ] ], [ [ -72.75886, -7.61858 ], [ -72.75813, -7.61389 ], [ -72.74656, -7.60224 ], [ -72.75871, -7.61375 ], [ -72.75886, -7.61858 ] ], [ [ -72.84548, -7.60702 ], [ -72.84685, -7.60932 ], [ -72.84399, -7.60823 ], [ -72.84548, -7.60702 ] ], [ [ -72.84253, -7.60459 ], [ -72.84231, -7.60474 ], [ -72.84229, -7.60467 ], [ -72.84253, -7.60459 ] ], [ [ -72.84749, -7.60461 ], [ -72.8463, -7.60342 ], [ -72.84749, -7.60305 ], [ -72.84749, -7.60461 ] ], [ [ -72.84747, -7.59874 ], [ -72.84747, -7.59888 ], [ -72.84734, -7.59876 ], [ -72.84747, -7.59874 ] ], [ [ -72.86526, -7.5799 ], [ -72.86025, -7.58089 ], [ -72.86518, -7.57977 ], [ -72.86526, -7.5799 ] ], [ [ -72.86394, -7.57563 ], [ -72.86339, -7.57625 ], [ -72.8633, -7.57611 ], [ -72.86394, -7.57563 ] ], [ [ -72.86687, -7.5758 ], [ -72.8656, -7.57441 ], [ -72.86769, -7.57287 ], [ -72.86687, -7.5758 ] ], [ [ -72.86689, -7.56905 ], [ -72.87086, -7.56152 ], [ -72.86829, -7.57071 ], [ -72.86689, -7.56905 ] ], [ [ -72.87616, -7.56301 ], [ -72.87139, -7.56117 ], [ -72.87287, -7.56021 ], [ -72.87616, -7.56301 ] ], [ [ -73.05596, -7.44044 ], [ -73.05646, -7.44041 ], [ -73.05106, -7.4495 ], [ -73.05596, -7.44044 ] ], [ [ -73.04419, -7.45455 ], [ -73.0406, -7.45305 ], [ -73.04423, -7.45395 ], [ -73.04419, -7.45455 ] ], [ [ -73.04355, -7.45737 ], [ -73.04405, -7.45633 ], [ -73.04396, -7.45747 ], [ -73.04355, -7.45737 ] ], [ [ -73.00695, -7.48471 ], [ -73.01068, -7.48495 ], [ -73.01081, -7.48586 ], [ -73.00695, -7.48471 ] ], [ [ -72.99654, -7.50593 ], [ -72.99846, -7.50833 ], [ -72.99867, -7.50743 ], [ -72.99859, -7.50852 ], [ -72.99654, -7.50593 ] ], [ [ -73.00293, -7.50648 ], [ -72.99882, -7.50881 ], [ -72.99872, -7.50867 ], [ -73.00293, -7.50648 ] ], [ [ -72.93494, -7.56003 ], [ -72.94347, -7.55011 ], [ -72.93415, -7.56482 ], [ -72.93494, -7.56003 ] ], [ [ -72.87392, -7.57225 ], [ -72.87461, -7.57581 ], [ -72.87428, -7.57593 ], [ -72.87392, -7.57225 ] ], [ [ -72.87356, -7.5762 ], [ -72.8688, -7.57792 ], [ -72.8675, -7.57649 ], [ -72.87356, -7.5762 ] ], [ [ -72.79714, -7.55884 ], [ -72.79974, -7.5472 ], [ -72.79956, -7.55493 ], [ -72.79714, -7.55884 ] ], [ [ -72.79552, -7.56148 ], [ -72.79077, -7.56075 ], [ -72.78466, -7.56143 ], [ -72.78502, -7.56107 ], [ -72.79624, -7.56032 ], [ -72.79552, -7.56148 ] ], [ [ -72.74031, -7.60486 ], [ -72.73394, -7.61288 ], [ -72.74028, -7.60487 ], [ -72.74031, -7.60486 ] ], [ [ -72.77922, -7.57359 ], [ -72.78077, -7.56532 ], [ -72.78442, -7.56167 ], [ -72.77922, -7.57359 ] ], [ [ -72.77423, -7.57664 ], [ -72.77568, -7.57581 ], [ -72.77478, -7.57638 ], [ -72.77423, -7.57664 ] ], [ [ -72.77131, -7.57803 ], [ -72.76489, -7.57534 ], [ -72.7663, -7.57499 ], [ -72.77131, -7.57803 ] ] ] } },
{ "type": "Feature", "properties": { "cluster": 51.0, "hvi": 0.1428, "population": 926, "setores": 1, "municipio": "Cruzeiro do Sul" }, "geometry": { "type": "Polygon", "coordinates": [ [ [ -72.68321, -7.64081 ], [ -72.67713, -7.64302 ], [ -72.68579, -7.64215 ], [ -72.68321, -7.64081 ] ] ] } },
{ "type": "Feature", "properties": { "cluster": 52.0, "hvi": 0.1473, "population": 2133, "setores": 2, "municipio": "Cruzeiro do Sul" }, "geometry": { "type": "MultiPolygon", "coordinates": [ [ [ [ -72.68107, -7.61134 ], [ -72.68542, -7.61214 ], [ -72.68628, -7.60296 ], [ -72.68173, -7.60365 ], [ -72.68107, -7.61134 ] ] ], [ [ [ -72.68143, -7.60653 ], [ -72.68199, -7.59443 ], [ -72.67408, -7.60216 ], [ -72.67214, -7.6057 ], [ -72.68143, -7.60653 ] ] ] ] } },
{ "type": "Feature", "properties": { "cluster": 53.0, "hvi": 0.1302, "population": 1707, "setores": 3, "municipio": "Cruzeiro do Sul" }, "geometry": { "type": "Polygon", "coordinates": [ [ [ -72.46596, -7.7436 ], [ -72.54908, -7.73355 ], [ -72.53998, -7.55725 ], [ -72.47994, -7.56528 ], [ -72.47976, -7.56429 ], [ -72.4006, -7.57421 ], [ -72.3995, -7.58558 ], [ -72.4041, -7.58751 ], [ -72.40375, -7.59486 ], [ -72.41339, -7.60525 ], [ -72.40902, -7.61914 ], [ -72.40461, -7.62354 ], [ -72.41434, -7.65238 ], [ -72.41863, -7.68252 ], [ -72.41467, -7.69079 ], [ -72.4018, -7.70023 ], [ -72.39499, -7.7147 ], [ -72.4937, -7.70327 ], [ -72.49267, -7.70442 ], [ -72.4951, -7.70944 ], [ -72.49275, -7.7122 ], [ -72.48605, -7.71027 ], [ -72.48208, -7.71433 ], [ -72.48784, -7.72724 ], [ -72.48751, -7.73324 ], [ -72.48703, -7.73283 ], [ -72.46596, -7.7436 ] ], [ [ -72.51916, -7.61699 ], [ -72.5157, -7.60255 ], [ -72.5192, -7.61693 ], [ -72.51916, -7.61699 ] ], [ [ -72.5084, -7.66363 ], [ -72.50846, -7.66355 ], [ -72.50992, -7.66484 ], [ -72.5084, -7.66363 ] ], [ [ -72.51534, -7.66994 ], [ -72.51551, -7.66981 ], [ -72.51572, -7.66999 ], [ -72.51534, -7.66994 ] ], [ [ -72.49883, -7.69758 ], [ -72.4999, -7.69507 ], [ -72.50029, -7.69595 ], [ -72.49883, -7.69758 ] ] ] } },
{ "type": "Feature", "properties": { "cluster": 54.0, "hvi": 0.1675, "population": 2991, "setores": 3, "municipio": "Cruzeiro do Sul" }, "geometry": { "type": "MultiPolygon", "coordinates": [ [ [ [ -72.65792, -7.62787 ], [ -72.66119, -7.62986 ], [ -72.66435, -7.62337 ], [ -72.65792, -7.62787 ] ] ], [ [ [ -72.66721, -7.62654 ], [ -72.66846, -7.62438 ], [ -72.66389, -7.62462 ], [ -72.66721, -7.62654 ] ] ], [ [ [ -72.66577, -7.61978 ], [ -72.6634, -7.61911 ], [ -72.66379, -7.623 ], [ -72.66577, -7.61978 ] ] ] ] } },
{ "type": "Feature", "properties": { "cluster": 55.0, "hvi": 0.1218, "population": 2315, "setores": 4, "municipio": "Cruzeiro do Sul" }, "geometry": { "type": "MultiPolygon", "coordinates": [ [ [ [ -72.65681, -7.62716 ], [ -72.65678, -7.6258 ], [ -72.65933, -7.62317 ], [ -72.65615, -7.62115 ], [ -72.65626, -7.62399 ], [ -72.65443, -7.6242 ], [ -72.65681, -7.62716 ] ] ], [ [ [ -72.64887, -7.62323 ], [ -72.65463, -7.62383 ], [ -72.65601, -7.62137 ], [ -72.64865, -7.62154 ], [ -72.64887, -7.62323 ] ] ], [ [ [ -72.66091, -7.62068 ], [ -72.65903, -7.61967 ], [ -72.65933, -7.62317 ], [ -72.66091, -7.62068 ] ] ] ] } },
{ "type": "Feature", "properties": { "cluster": 56.0, "hvi": 0.1218, "population": 2980, "setores": 5, "municipio": "Cruzeiro do Sul" }, "geometry": { "type": "MultiPolygon", "coordinates": [ [ [ [ -72.65718, -7.62033 ], [ -72.6472, -7.61934 ], [ -72.65691, -7.62026 ], [ -72.6594, -7.61501 ], [ -72.65389, -7.61275 ], [ -72.65999, -7.61055 ], [ -72.65548, -7.59859 ], [ -72.64798, -7.59631 ], [ -72.64013, -7.59922 ], [ -72.62779, -7.58426 ], [ -72.62322, -7.56918 ], [ -72.62419, -7.54763 ], [ -72.62078, -7.53895 ], [ -72.58309, -7.5522 ], [ -72.57996, -7.56696 ], [ -72.58206, -7.56902 ], [ -72.59274, -7.56653 ], [ -72.59937, -7.57454 ], [ -72.61798, -7.58421 ], [ -72.62832, -7.59443 ], [ -72.62412, -7.60227 ], [ -72.6247, -7.60917 ], [ -72.63862, -7.61912 ], [ -72.64636, -7.62046 ], [ -72.6471, -7.61948 ], [ -72.65324, -7.62198 ], [ -72.65718, -7.62033 ] ], [ [ -72.65012, -7.61545 ], [ -72.6515, -7.61361 ], [ -72.65323, -7.61298 ], [ -72.65012, -7.61545 ] ] ], [ [ [ -72.66127, -7.60744 ], [ -72.66892, -7.60809 ], [ -72.68199, -7.59443 ], [ -72.68084, -7.58921 ], [ -72.66454, -7.59141 ], [ -72.66658, -7.59916 ], [ -72.65617, -7.5993 ], [ -72.66033, -7.60182 ], [ -72.66127, -7.60744 ] ] ] ] } },
{ "type": "Feature", "properties": { "cluster": 57.0, "hvi": 0.1262, "population": 2294, "setores": 4, "municipio": "Cruzeiro do Sul" }, "geometry": { "type": "MultiPolygon", "coordinates": [ [ [ [ -72.4015, -8.08796 ], [ -72.39242, -8.09896 ], [ -72.39408, -8.10376 ], [ -72.39139, -8.10763 ], [ -72.39313, -8.11467 ], [ -72.39723, -8.11647 ], [ -72.39746, -8.12706 ], [ -72.50806, -8.13327 ], [ -72.53071, -7.99546 ], [ -72.52582, -8.02523 ], [ -72.5423, -8.02782 ], [ -72.59219, -8.02303 ], [ -72.61208, -8.01341 ], [ -72.64409, -7.93099 ], [ -72.63748, -7.92803 ], [ -72.6354, -7.91917 ], [ -72.63088, -7.9183 ], [ -72.63088, -7.91413 ], [ -72.62254, -7.90631 ], [ -72.61089, -7.9044 ], [ -72.59626, -7.90698 ], [ -72.58933, -7.8933 ], [ -72.57863, -7.89418 ], [ -72.56942, -7.887 ], [ -72.55553, -7.88553 ], [ -72.53589, -7.8884 ], [ -72.52465, -7.88315 ], [ -72.51724, -7.87338 ], [ -72.4924, -7.85362 ], [ -72.48479, -7.83654 ], [ -72.48524, -7.82299 ], [ -72.48899, -7.8222 ], [ -72.4901, -7.8172 ], [ -72.48597, -7.80381 ], [ -72.49587, -7.79627 ], [ -72.49251, -7.78249 ], [ -72.49924, -7.77545 ], [ -72.49826, -7.76303 ], [ -72.49294, -7.7593 ], [ -72.49829, -7.74635 ], [ -72.49632, -7.74261 ], [ -72.46339, -7.74648 ], [ -72.46481, -7.75352 ], [ -72.47474, -7.75264 ], [ -72.47736, -7.76194 ], [ -72.46989, -7.77112 ], [ -72.44845, -7.86877 ], [ -72.42853, -7.86743 ], [ -72.4068, -7.99437 ], [ -72.39569, -8.07607 ], [ -72.4015, -8.08796 ] ], [ [ -72.48478, -7.9851 ], [ -72.48615, -7.98441 ], [ -72.51239, -7.99392 ], [ -72.48478, -7.9851 ] ] ], [ [ [ -72.33949, -8.05543 ], [ -72.37142, -8.06039 ], [ -72.39693, -8.06062 ], [ -72.4076, -7.9881 ], [ -72.34428, -7.98408 ], [ -72.34509, -7.97425 ], [ -72.35138, -7.96864 ], [ -72.35171, -7.9569 ], [ -72.31119, -7.95759 ], [ -72.30287, -7.95626 ], [ -72.29591, -7.9486 ], [ -72.28984, -7.94734 ], [ -72.28389, -7.95299 ], [ -72.28706, -7.98252 ], [ -72.28505, -7.98769 ], [ -72.29174, -7.99432 ], [ -72.29698, -8.00811 ], [ -72.2947, -8.01447 ], [ -72.28292, -8.02563 ], [ -72.28019, -8.03508 ], [ -72.28231, -8.03752 ], [ -72.27671, -8.04554 ], [ -72.28083, -8.05065 ], [ -72.28494, -8.06947 ], [ -72.33949, -8.05543 ] ] ] ] } },
{ "type": "Feature", "properties": { "cluster": 58.0, "hvi": 0.0938, "population": 1697, "setores": 18, "municipio": "Cruzeiro do Sul" }, "geometry": { "type": "MultiPolygon", "coordinates": [ [ [ [ -72.25089, -7.74263 ], [ -72.25241, -7.73443 ], [ -72.2474, -7.71935 ], [ -72.25373, -7.71018 ], [ -72.25249, -7.7054 ], [ -72.25782, -7.69792 ], [ -72.25799, -7.68804 ], [ -72.26339, -7.6836 ], [ -72.26216, -7.67705 ], [ -72.25972, -7.6782 ], [ -72.26347, -7.67345 ], [ -72.26286, -7.66692 ], [ -72.26701, -7.66528 ], [ -72.26535, -7.65903 ], [ -72.27598, -7.65147 ], [ -72.28404, -7.65342 ], [ -72.28552, -7.65033 ], [ -72.28861, -7.65361 ], [ -72.29343, -7.64967 ], [ -72.29428, -7.64216 ], [ -72.3198, -7.63403 ], [ -72.3224, -7.62871 ], [ -72.32936, -7.63014 ], [ -72.33731, -7.62541 ], [ -72.33884, -7.61643 ], [ -72.35372, -7.60729 ], [ -72.3531, -7.60066 ], [ -72.35965, -7.58396 ], [ -72.35852, -7.57848 ], [ -71.64894, -7.66128 ], [ -71.6579, -7.67639 ], [ -71.68527, -7.69388 ], [ -71.68873, -7.70623 ], [ -71.68459, -7.71669 ], [ -71.68976, -7.71922 ], [ -71.69304, -7.71656 ], [ -71.69489, -7.72075 ], [ -71.70865, -7.72416 ], [ -71.71511, -7.7362 ], [ -71.73946, -7.7455 ], [ -71.74821, -7.75745 ], [ -71.77309, -7.77138 ], [ -71.7753, -7.79238 ], [ -71.7804, -7.79846 ], [ -71.77932, -7.80823 ], [ -71.7906, -7.82437 ], [ -71.79114, -7.83207 ], [ -71.80193, -7.84186 ], [ -71.80324, -7.85037 ], [ -71.82696, -7.84804 ], [ -71.86224, -7.83762 ], [ -72.00067, -7.80778 ], [ -72.04737, -7.83806 ], [ -72.04403, -7.83184 ], [ -72.05001, -7.83349 ], [ -72.04176, -7.82644 ], [ -72.04226, -7.82322 ], [ -72.03819, -7.82495 ], [ -72.03614, -7.81975 ], [ -72.03123, -7.82102 ], [ -72.03128, -7.81159 ], [ -72.02614, -7.8121 ], [ -72.02949, -7.80484 ], [ -72.02416, -7.80525 ], [ -72.02922, -7.80088 ], [ -72.02306, -7.80029 ], [ -72.02802, -7.8 ], [ -72.02254, -7.79333 ], [ -72.0197, -7.79458 ], [ -72.02242, -7.79228 ], [ -72.01725, -7.7898 ], [ -72.01644, -7.78 ], [ -72.01291, -7.77876 ], [ -72.0102, -7.78198 ], [ -72.00528, -7.76664 ], [ -71.99974, -7.76619 ], [ -71.99525, -7.75608 ], [ -71.99975, -7.74826 ], [ -71.98951, -7.74993 ], [ -71.99517, -7.74018 ], [ -71.99622, -7.73399 ], [ -71.99309, -7.72762 ], [ -72.00435, -7.71429 ], [ -71.9976, -7.71226 ], [ -72.01591, -7.70871 ], [ -72.02189, -7.71298 ], [ -72.04785, -7.71776 ], [ -72.054, -7.72528 ], [ -72.06715, -7.72852 ], [ -72.08707, -7.72848 ], [ -72.0913, -7.7211 ], [ -72.08251, -7.75949 ], [ -72.08092, -7.78944 ], [ -72.09879, -7.80101 ], [ -72.10426, -7.81049 ], [ -72.11567, -7.81755 ], [ -72.1233, -7.82697 ], [ -72.12811, -7.84137 ], [ -72.1528, -7.85336 ], [ -72.15074, -7.85769 ], [ -72.15668, -7.86549 ], [ -72.15969, -7.877 ], [ -72.15386, -7.89556 ], [ -72.16561, -7.90603 ], [ -72.17358, -7.90699 ], [ -72.17869, -7.91905 ], [ -72.18981, -7.91995 ], [ -72.19628, -7.92712 ], [ -72.20727, -7.93072 ], [ -72.23024, -7.91249 ], [ -72.23675, -7.917 ], [ -72.2535, -7.90973 ], [ -72.26017, -7.89094 ], [ -72.25289, -7.87189 ], [ -72.25159, -7.85442 ], [ -72.25839, -7.84879 ], [ -72.2616, -7.82698 ], [ -72.25728, -7.81052 ], [ -72.25337, -7.80992 ], [ -72.25241, -7.80267 ], [ -72.24927, -7.80305 ], [ -72.24688, -7.7983 ], [ -72.24955, -7.79292 ], [ -72.24346, -7.78344 ], [ -72.24517, -7.77705 ], [ -72.24545, -7.76963 ], [ -72.23945, -7.76969 ], [ -72.24009, -7.76586 ], [ -72.23303, -7.76606 ], [ -72.24994, -7.76502 ], [ -72.24907, -7.75829 ], [ -72.25165, -7.75532 ], [ -72.24802, -7.74354 ], [ -72.25089, -7.74263 ] ], [ [ -72.0216, -7.80495 ], [ -72.02154, -7.80402 ], [ -72.02306, -7.80029 ], [ -72.0216, -7.80495 ] ], [ [ -72.15484, -7.66411 ], [ -72.15552, -7.66332 ], [ -72.15335, -7.67394 ], [ -72.15484, -7.66411 ] ], [ [ -72.23843, -7.77589 ], [ -72.23836, -7.77635 ], [ -72.23245, -7.77569 ], [ -72.23843, -7.77589 ] ], [ [ -72.18616, -7.77547 ], [ -72.18586, -7.78339 ], [ -72.18618, -7.77073 ], [ -72.18616, -7.77547 ] ], [ [ -72.21702, -7.77025 ], [ -72.21588, -7.77079 ], [ -72.21587, -7.76699 ], [ -72.21702, -7.77025 ] ], [ [ -72.015, -7.79857 ], [ -72.01565, -7.79802 ], [ -72.01585, -7.79836 ], [ -72.015, -7.79857 ] ], [ [ -71.99716, -7.70541 ], [ -71.99019, -7.70293 ], [ -71.9902, -7.70259 ], [ -71.99716, -7.70541 ] ], [ [ -71.98619, -7.69755 ], [ -71.98609, -7.69759 ], [ -71.9824, -7.68013 ], [ -71.98619, -7.69755 ] ] ], [ [ [ -72.24008, -7.76965 ], [ -72.24545, -7.76963 ], [ -72.24818, -7.76624 ], [ -72.24009, -7.76589 ], [ -72.24008, -7.76965 ] ] ] ] } },
{ "type": "Feature", "properties": { "cluster": 59.0, "hvi": 0.0968, "population": 208, "setores": 1, "municipio": "Cruzeiro do Sul" }, "geometry": { "type": "Polygon", "coordinates": [ [ [ -72.63666, -7.64189 ], [ -72.64472, -7.63417 ], [ -72.64802, -7.62532 ], [ -72.63852, -7.62642 ], [ -72.62992, -7.63304 ], [ -72.63154, -7.63867 ], [ -72.63666, -7.64189 ] ] ] } },
{ "type": "Feature", "properties": { "cluster": 60.0, "hvi": 0.1197, "population": 2270, "setores": 4, "municipio": "Cruzeiro do Sul" }, "geometry": { "type": "Polygon", "coordinates": [ [ [ -72.64718, -7.64264 ], [ -72.63407, -7.6735 ], [ -72.63925, -7.67352 ], [ -72.64768, -7.65981 ], [ -72.64847, -7.65049 ], [ -72.6596, -7.64317 ], [ -72.66141, -7.64109 ], [ -72.66617, -7.64344 ], [ -72.66805, -7.64035 ], [ -72.66622, -7.63944 ], [ -72.67269, -7.64092 ], [ -72.67581, -7.64304 ], [ -72.6712, -7.63746 ], [ -72.6661, -7.63938 ], [ -72.65827, -7.6341 ], [ -72.65917, -7.63893 ], [ -72.65535, -7.6365 ], [ -72.64718, -7.64264 ] ] ] } },
{ "type": "Feature", "properties": { "cluster": 61.0, "hvi": 0.1314, "population": 2311, "setores": 3, "municipio": "Cruzeiro do Sul" }, "geometry": { "type": "Polygon", "coordinates": [ [ [ -72.68119, -7.58975 ], [ -72.68145, -7.59318 ], [ -72.68324, -7.59722 ], [ -72.68484, -7.59504 ], [ -72.68869, -7.59711 ], [ -72.69097, -7.59147 ], [ -72.69984, -7.58869 ], [ -72.70024, -7.57885 ], [ -72.70701, -7.56857 ], [ -72.7013, -7.54912 ], [ -72.68413, -7.55767 ], [ -72.67515, -7.5586 ], [ -72.65353, -7.56896 ], [ -72.67049, -7.59066 ], [ -72.68501, -7.58838 ], [ -72.68119, -7.58975 ] ] ] } },
{ "type": "Feature", "properties": { "cluster": 62.0, "hvi": 0.1044, "population": 2395, "setores": 7, "municipio": "Cruzeiro do Sul" }, "geometry": { "type": "Polygon", "coordinates": [ [ [ -72.73446, -7.59134 ], [ -72.74963, -7.59361 ], [ -72.75266, -7.58263 ], [ -72.75843, -7.57696 ], [ -72.75145, -7.57417 ], [ -72.74769, -7.5662 ], [ -72.74891, -7.55693 ], [ -72.76645, -7.55302 ], [ -72.76747, -7.55361 ], [ -72.80285, -7.51913 ], [ -72.82351, -7.51548 ], [ -72.8601, -7.48995 ], [ -72.87208, -7.48823 ], [ -72.88511, -7.50175 ], [ -72.89211, -7.50033 ], [ -72.90031, -7.43768 ], [ -72.62078, -7.53895 ], [ -72.62419, -7.54763 ], [ -72.62322, -7.56918 ], [ -72.62621, -7.57709 ], [ -72.628, -7.57775 ], [ -72.62716, -7.57804 ], [ -72.62779, -7.58426 ], [ -72.64033, -7.5993 ], [ -72.64783, -7.59632 ], [ -72.65215, -7.59911 ], [ -72.66371, -7.59725 ], [ -72.66454, -7.59141 ], [ -72.67049, -7.59066 ], [ -72.65353, -7.56896 ], [ -72.64844, -7.57071 ], [ -72.70584, -7.54678 ], [ -72.7088, -7.54704 ], [ -72.7013, -7.54912 ], [ -72.70701, -7.56857 ], [ -72.70024, -7.57885 ], [ -72.69984, -7.58869 ], [ -72.71386, -7.58089 ], [ -72.72112, -7.58593 ], [ -72.72768, -7.58689 ], [ -72.73351, -7.60202 ], [ -72.74633, -7.59319 ], [ -72.73446, -7.59134 ] ], [ [ -72.73269, -7.58762 ], [ -72.73271, -7.58766 ], [ -72.73153, -7.58745 ], [ -72.73269, -7.58762 ] ] ] } },
{ "type": "Feature", "properties": { "cluster": 63.0, "hvi": 0.128, "population": 1737, "setores": 3, "municipio": "Cruzeiro do Sul" }, "geometry": { "type": "MultiPolygon", "coordinates": [ [ [ [ -72.66217, -7.63693 ], [ -72.66471, -7.6346 ], [ -72.65946, -7.63016 ], [ -72.66217, -7.63693 ] ] ], [ [ [ -72.65863, -7.63165 ], [ -72.65659, -7.62989 ], [ -72.65482, -7.63285 ], [ -72.65796, -7.63359 ], [ -72.65863, -7.63165 ] ] ], [ [ [ -72.65933, -7.63036 ], [ -72.65742, -7.62861 ], [ -72.65863, -7.63165 ], [ -72.65933, -7.63036 ] ] ] ] } },
{ "type": "Feature", "properties": { "cluster": 64.0, "hvi": 0.1399, "population": 3114, "setores": 4, "municipio": "Cruzeiro do Sul" }, "geometry": { "type": "MultiPolygon", "coordinates": [ [ [ [ -72.67877, -7.63806 ], [ -72.68167, -7.63843 ], [ -72.6849, -7.64048 ], [ -72.68413, -7.637 ], [ -72.67877, -7.63806 ] ] ], [ [ [ -72.68413, -7.637 ], [ -72.68383, -7.63392 ], [ -72.68009, -7.63161 ], [ -72.67875, -7.6337 ], [ -72.68413, -7.637 ] ] ], [ [ [ -72.67063, -7.63838 ], [ -72.67499, -7.63133 ], [ -72.67942, -7.63263 ], [ -72.67466, -7.62974 ], [ -72.66968, -7.63778 ], [ -72.67063, -7.63838 ] ] ], [ [ [ -72.67906, -7.63532 ], [ -72.67499, -7.63133 ], [ -72.67304, -7.63453 ], [ -72.6784, -7.63647 ], [ -72.67906, -7.63532 ] ] ] ] } },
{ "type": "Feature", "properties": { "cluster": 65.0, "hvi": 0.1286, "population": 2837, "setores": 5, "municipio": "Cruzeiro do Sul" }, "geometry": { "type": "MultiPolygon", "coordinates": [ [ [ [ -72.64763, -7.63695 ], [ -72.65853, -7.62693 ], [ -72.64887, -7.62323 ], [ -72.64472, -7.63417 ], [ -72.63663, -7.6423 ], [ -72.63154, -7.63867 ], [ -72.62992, -7.63304 ], [ -72.63852, -7.62642 ], [ -72.64802, -7.62532 ], [ -72.64865, -7.62154 ], [ -72.63862, -7.61912 ], [ -72.6264, -7.61125 ], [ -72.62384, -7.60428 ], [ -72.62832, -7.59443 ], [ -72.61798, -7.58421 ], [ -72.59937, -7.57454 ], [ -72.59274, -7.56653 ], [ -72.58044, -7.56839 ], [ -72.58355, -7.55255 ], [ -72.53998, -7.55725 ], [ -72.54908, -7.73355 ], [ -72.64004, -7.72249 ], [ -72.63407, -7.6735 ], [ -72.64287, -7.65047 ], [ -72.64283, -7.65047 ], [ -72.65015, -7.63876 ], [ -72.64763, -7.63695 ] ], [ [ -72.63932, -7.64751 ], [ -72.6481, -7.63222 ], [ -72.64715, -7.63407 ], [ -72.64763, -7.63695 ], [ -72.63932, -7.64751 ] ] ], [ [ [ -72.65261, -7.63293 ], [ -72.64763, -7.63695 ], [ -72.6509, -7.63928 ], [ -72.65827, -7.6341 ], [ -72.65261, -7.63293 ] ] ] ] } },
{ "type": "Feature", "properties": { "cluster": 66.0, "hvi": 0.1052, "population": 2053, "setores": 6, "municipio": "Cruzeiro do Sul" }, "geometry": { "type": "Polygon", "coordinates": [ [ [ -72.67277, -7.67316 ], [ -72.69054, -7.66244 ], [ -72.68672, -7.65815 ], [ -72.68825, -7.6551 ], [ -72.67783, -7.65084 ], [ -72.67774, -7.65293 ], [ -72.6762, -7.64625 ], [ -72.67165, -7.64202 ], [ -72.66805, -7.64035 ], [ -72.66617, -7.64344 ], [ -72.67309, -7.65189 ], [ -72.66138, -7.64114 ], [ -72.64856, -7.65034 ], [ -72.64715, -7.66074 ], [ -72.66186, -7.65854 ], [ -72.6618, -7.65502 ], [ -72.66286, -7.66016 ], [ -72.66192, -7.66576 ], [ -72.67184, -7.6655 ], [ -72.67277, -7.67316 ] ], [ [ -72.66933, -7.64488 ], [ -72.6746, -7.64782 ], [ -72.66617, -7.64344 ], [ -72.66933, -7.64488 ] ], [ [ -72.67483, -7.6538 ], [ -72.67407, -7.65387 ], [ -72.6746, -7.64782 ], [ -72.67483, -7.6538 ] ], [ [ -72.68086, -7.65961 ], [ -72.67809, -7.6603 ], [ -72.6781, -7.65973 ], [ -72.68086, -7.65961 ] ] ] } },
{ "type": "Feature", "properties": { "cluster": 67.0, "hvi": 0.1076, "population": 2444, "setores": 6, "municipio": "Cruzeiro do Sul" }, "geometry": { "type": "MultiPolygon", "coordinates": [ [ [ [ -72.66823, -7.62276 ], [ -72.66577, -7.61978 ], [ -72.66449, -7.62192 ], [ -72.6676, -7.62386 ], [ -72.66823, -7.62276 ] ] ], [ [ [ -72.66582, -7.6195 ], [ -72.66678, -7.62031 ], [ -72.66815, -7.61804 ], [ -72.66433, -7.61541 ], [ -72.66537, -7.61541 ], [ -72.66747, -7.61191 ], [ -72.66127, -7.60744 ], [ -72.65731, -7.5982 ], [ -72.6611, -7.61541 ], [ -72.66256, -7.61541 ], [ -72.66252, -7.61672 ], [ -72.66497, -7.61878 ], [ -72.6634, -7.61911 ], [ -72.66582, -7.6195 ] ] ], [ [ [ -72.658, -7.61431 ], [ -72.65892, -7.61274 ], [ -72.65818, -7.61091 ], [ -72.65366, -7.61265 ], [ -72.658, -7.61431 ] ] ] ] } },
{ "type": "Feature", "properties": { "cluster": 68.0, "hvi": 0.1174, "population": 2481, "setores": 5, "municipio": "Cruzeiro do Sul" }, "geometry": { "type": "MultiPolygon", "coordinates": [ [ [ [ -72.69453, -7.62744 ], [ -72.70926, -7.61874 ], [ -72.70108, -7.61603 ], [ -72.69454, -7.62265 ], [ -72.69453, -7.62744 ] ] ], [ [ [ -72.72316, -7.6018 ], [ -72.71233, -7.60024 ], [ -72.70866, -7.60245 ], [ -72.70205, -7.5998 ], [ -72.69976, -7.60026 ], [ -72.69866, -7.59195 ], [ -72.69117, -7.59158 ], [ -72.68869, -7.59711 ], [ -72.6864, -7.59662 ], [ -72.6898, -7.60225 ], [ -72.68628, -7.60296 ], [ -72.68517, -7.6127 ], [ -72.70457, -7.61575 ], [ -72.71674, -7.62175 ], [ -72.72406, -7.60591 ], [ -72.72316, -7.6018 ] ] ], [ [ [ -72.69984, -7.5954 ], [ -72.70112, -7.59824 ], [ -72.70121, -7.59548 ], [ -72.69984, -7.5954 ] ] ], [ [ [ -72.71386, -7.58089 ], [ -72.69773, -7.59015 ], [ -72.70121, -7.59548 ], [ -72.72112, -7.58593 ], [ -72.71386, -7.58089 ] ] ] ] } },
{ "type": "Feature", "properties": { "cluster": 69.0, "hvi": 0.1273, "population": 715, "setores": 1, "municipio": "Cruzeiro do Sul" }, "geometry": { "type": "Polygon", "coordinates": [ [ [ -72.71233, -7.60024 ], [ -72.73106, -7.60278 ], [ -72.73351, -7.60202 ], [ -72.72763, -7.58676 ], [ -72.72112, -7.58593 ], [ -72.69976, -7.59816 ], [ -72.69986, -7.60098 ], [ -72.70866, -7.60245 ], [ -72.71233, -7.60024 ] ] ] } },
{ "type": "Feature", "properties": { "cluster": 70.0, "hvi": 0.1066, "population": 2813, "setores": 13, "municipio": "Cruzeiro do Sul" }, "geometry": { "type": "Polygon", "coordinates": [ [ [ -72.89127, -8.18254 ], [ -72.89419, -8.18771 ], [ -72.92015, -8.19292 ], [ -72.92283, -8.20103 ], [ -72.92567, -8.19825 ], [ -72.92686, -8.20175 ], [ -72.93132, -8.20047 ], [ -72.92781, -8.20519 ], [ -72.93981, -8.20052 ], [ -72.94624, -8.20218 ], [ -72.94326, -8.2136 ], [ -72.94736, -8.21005 ], [ -72.95135, -8.21704 ], [ -72.95146, -8.21322 ], [ -72.9609, -8.20883 ], [ -72.96734, -8.21717 ], [ -72.96761, -8.2142 ], [ -72.97259, -8.21477 ], [ -72.97455, -8.21921 ], [ -72.97763, -8.21492 ], [ -72.97904, -8.21912 ], [ -72.98437, -8.21703 ], [ -72.98728, -8.22184 ], [ -72.99394, -8.21969 ], [ -73.0018, -8.22202 ], [ -73.00661, -8.22981 ], [ -73.02645, -8.22804 ], [ -73.02737, -8.23103 ], [ -73.03713, -8.23386 ], [ -73.0428, -8.22522 ], [ -73.03911, -8.23186 ], [ -73.04308, -8.2308 ], [ -73.04723, -8.23774 ], [ -73.04953, -8.23599 ], [ -73.05519, -8.2402 ], [ -73.05639, -8.23437 ], [ -73.06208, -8.24316 ], [ -73.0618, -8.23753 ], [ -73.0659, -8.23679 ], [ -73.06783, -8.23838 ], [ -73.06439, -8.24421 ], [ -73.07184, -8.23925 ], [ -73.08035, -8.25008 ], [ -73.08137, -8.24617 ], [ -73.0838, -8.24824 ], [ -73.08624, -8.24392 ], [ -73.08884, -8.24717 ], [ -73.09057, -8.24446 ], [ -73.09481, -8.25254 ], [ -73.09927, -8.25424 ], [ -73.09666, -8.24974 ], [ -73.10187, -8.25311 ], [ -73.10592, -8.24988 ], [ -73.11545, -8.25301 ], [ -73.11419, -8.24901 ], [ -73.11859, -8.24868 ], [ -73.11869, -8.24378 ], [ -73.1199, -8.24591 ], [ -73.12398, -8.24346 ], [ -73.1251, -8.24741 ], [ -73.12831, -8.24441 ], [ -73.13382, -8.24596 ], [ -73.13571, -8.24197 ], [ -73.13813, -8.24626 ], [ -73.14008, -8.24064 ], [ -73.14356, -8.24006 ], [ -73.14383, -8.24454 ], [ -73.14697, -8.24479 ], [ -73.15165, -8.23762 ], [ -73.1596, -8.24392 ], [ -73.16896, -8.24027 ], [ -73.17462, -8.24182 ], [ -73.17488, -8.23594 ], [ -73.18479, -8.23475 ], [ -73.19015, -8.22886 ], [ -73.1914, -8.23413 ], [ -73.19878, -8.23262 ], [ -73.19993, -8.23615 ], [ -73.20785, -8.23843 ], [ -73.20604, -8.24181 ], [ -73.21623, -8.23918 ], [ -73.21632, -8.24312 ], [ -73.22667, -8.2425 ], [ -73.23069, -8.24557 ], [ -73.23944, -8.23953 ], [ -73.24002, -8.24456 ], [ -73.24276, -8.24583 ], [ -73.2438, -8.24325 ], [ -73.24708, -8.24713 ], [ -73.25162, -8.24395 ], [ -73.25233, -8.24839 ], [ -73.26026, -8.24451 ], [ -73.26581, -8.24706 ], [ -73.26655, -8.24432 ], [ -73.27467, -8.24857 ], [ -73.27306, -8.24461 ], [ -73.27562, -8.2418 ], [ -73.27858, -8.24111 ], [ -73.27822, -8.24383 ], [ -73.28038, -8.24027 ], [ -73.28571, -8.23998 ], [ -73.28986, -8.24378 ], [ -73.29673, -8.23853 ], [ -73.29655, -8.24134 ], [ -73.30505, -8.24021 ], [ -73.30292, -8.24335 ], [ -73.30609, -8.2416 ], [ -73.31346, -8.24901 ], [ -73.31559, -8.24408 ], [ -73.31599, -8.2462 ], [ -73.33437, -8.24442 ], [ -73.34162, -8.2396 ], [ -73.34365, -8.24328 ], [ -73.34784, -8.23517 ], [ -73.35006, -8.23947 ], [ -73.36169, -8.23533 ], [ -73.37337, -8.24126 ], [ -73.38172, -8.23767 ], [ -73.38746, -8.23933 ], [ -73.39886, -8.23309 ], [ -73.40109, -8.23469 ], [ -73.40353, -8.23005 ], [ -73.40133, -8.22155 ], [ -73.40588, -8.21486 ], [ -73.40338, -8.21166 ], [ -73.40598, -8.21055 ], [ -73.40499, -8.201 ], [ -73.40935, -8.19695 ], [ -73.40727, -8.19218 ], [ -73.40917, -8.16386 ], [ -73.39371, -8.13046 ], [ -73.38254, -8.12401 ], [ -73.38038, -8.10862 ], [ -73.39424, -8.09893 ], [ -73.39639, -8.08984 ], [ -73.4049, -8.0809 ], [ -73.42155, -8.07874 ], [ -73.43173, -8.08621 ], [ -73.44388, -8.08962 ], [ -73.46356, -8.08663 ], [ -73.47715, -8.08076 ], [ -73.4873, -8.08081 ], [ -73.49294, -8.07042 ], [ -73.49, -8.0626 ], [ -73.50403, -8.05067 ], [ -73.50472, -8.04495 ], [ -73.40224, -8.03069 ], [ -73.38502, -8.05025 ], [ -73.36913, -8.04945 ], [ -73.34117, -8.05412 ], [ -73.31783, -8.06659 ], [ -73.28764, -8.05854 ], [ -73.25879, -8.03634 ], [ -73.22977, -8.03308 ], [ -73.21684, -8.0267 ], [ -73.20479, -8.02491 ], [ -73.17797, -8.04032 ], [ -73.13862, -8.04854 ], [ -73.1338, -8.0545 ], [ -73.11923, -8.06153 ], [ -73.11609, -8.08043 ], [ -73.10608, -8.08885 ], [ -73.04885, -8.10253 ], [ -73.02399, -8.10218 ], [ -73.02071, -8.10103 ], [ -73.02161, -8.10108 ], [ -73.0255, -8.09783 ], [ -73.02457, -8.0792 ], [ -73.02784, -8.07504 ], [ -73.01764, -8.06399 ], [ -73.01991, -8.05464 ], [ -73.01415, -8.05127 ], [ -73.01348, -8.04515 ], [ -73.00516, -8.041 ], [ -73.00505, -8.03299 ], [ -72.98358, -8.02486 ], [ -72.97854, -7.99615 ], [ -72.95339, -7.98723 ], [ -72.94954, -7.98122 ], [ -72.94562, -7.98179 ], [ -72.93122, -7.97156 ], [ -72.92794, -7.97222 ], [ -72.92005, -7.9639 ], [ -72.91468, -7.96948 ], [ -72.91128, -7.96541 ], [ -72.914, -7.96353 ], [ -72.82047, -7.96636 ], [ -72.81843, -7.94272 ], [ -72.80189, -7.91876 ], [ -72.80534, -7.90354 ], [ -72.79748, -7.90695 ], [ -72.79544, -7.89926 ], [ -72.78103, -7.89785 ], [ -72.77865, -7.88484 ], [ -72.76908, -7.87823 ], [ -72.75781, -7.88211 ], [ -72.75374, -7.88053 ], [ -72.749, -7.8674 ], [ -72.73828, -7.87612 ], [ -72.7215, -7.86765 ], [ -72.72291, -7.86398 ], [ -72.73613, -7.85884 ], [ -72.73568, -7.85536 ], [ -72.72531, -7.85439 ], [ -72.70562, -7.84349 ], [ -72.6961, -7.84909 ], [ -72.68608, -7.84571 ], [ -72.68411, -7.84099 ], [ -72.68767, -7.83273 ], [ -72.68093, -7.82454 ], [ -72.65928, -7.83456 ], [ -72.63998, -7.87224 ], [ -72.63699, -7.86374 ], [ -72.62894, -7.86204 ], [ -72.62051, -7.84905 ], [ -72.60774, -7.84714 ], [ -72.60777, -7.84068 ], [ -72.59886, -7.82822 ], [ -72.59681, -7.81892 ], [ -72.58905, -7.81587 ], [ -72.58481, -7.80617 ], [ -72.58768, -7.79336 ], [ -72.58017, -7.78958 ], [ -72.57991, -7.77945 ], [ -72.56497, -7.7718 ], [ -72.56958, -7.7609 ], [ -72.55638, -7.75442 ], [ -72.5567, -7.74613 ], [ -72.55005, -7.74076 ], [ -72.54908, -7.73355 ], [ -72.49573, -7.7402 ], [ -72.49829, -7.74635 ], [ -72.49294, -7.7593 ], [ -72.49826, -7.76303 ], [ -72.49924, -7.77545 ], [ -72.49251, -7.78249 ], [ -72.49587, -7.79627 ], [ -72.48597, -7.80381 ], [ -72.49009, -7.81739 ], [ -72.48899, -7.8222 ], [ -72.48524, -7.82299 ], [ -72.48422, -7.83054 ], [ -72.48677, -7.83287 ], [ -72.48648, -7.84472 ], [ -72.4924, -7.85362 ], [ -72.51978, -7.87475 ], [ -72.52465, -7.88315 ], [ -72.53561, -7.88828 ], [ -72.56942, -7.887 ], [ -72.57863, -7.89418 ], [ -72.58933, -7.8933 ], [ -72.59626, -7.90698 ], [ -72.61089, -7.9044 ], [ -72.62254, -7.90631 ], [ -72.63088, -7.91413 ], [ -72.63088, -7.9183 ], [ -72.6354, -7.91917 ], [ -72.63748, -7.92803 ], [ -72.64409, -7.93099 ], [ -72.61208, -8.01341 ], [ -72.59219, -8.02303 ], [ -72.5423, -8.02782 ], [ -72.52582, -8.02523 ], [ -72.50806, -8.13327 ], [ -72.39746, -8.12706 ], [ -72.38741, -8.24911 ], [ -72.39574, -8.25441 ], [ -72.41798, -8.25366 ], [ -72.43278, -8.24064 ], [ -72.44897, -8.23999 ], [ -72.44837, -8.23666 ], [ -72.4561, -8.2362 ], [ -72.46123, -8.23151 ], [ -72.47535, -8.23625 ], [ -72.50685, -8.23313 ], [ -72.51212, -8.22378 ], [ -72.51692, -8.22327 ], [ -72.51792, -8.21732 ], [ -72.52748, -8.21616 ], [ -72.52906, -8.21098 ], [ -72.53538, -8.21019 ], [ -72.54512, -8.20305 ], [ -72.54696, -8.19998 ], [ -72.54268, -8.19866 ], [ -72.54372, -8.19492 ], [ -72.55483, -8.19029 ], [ -72.55583, -8.18602 ], [ -72.55889, -8.18842 ], [ -72.56228, -8.18613 ], [ -72.56217, -8.18844 ], [ -72.63402, -8.18517 ], [ -72.75298, -8.01749 ], [ -72.74566, -8.01818 ], [ -72.74403, -8.0263 ], [ -72.74375, -8.01272 ], [ -72.74442, -8.0176 ], [ -72.75579, -8.01719 ], [ -72.75834, -8.02037 ], [ -72.75024, -8.03507 ], [ -72.7418, -8.04141 ], [ -72.75744, -8.04563 ], [ -72.76448, -8.03999 ], [ -72.76909, -8.0411 ], [ -72.76406, -8.06287 ], [ -72.76693, -8.06621 ], [ -72.76654, -8.08397 ], [ -72.77186, -8.08829 ], [ -72.78106, -8.08286 ], [ -72.78687, -8.08417 ], [ -72.78211, -8.10139 ], [ -72.79836, -8.10677 ], [ -72.79036, -8.11463 ], [ -72.78984, -8.13397 ], [ -72.79415, -8.135 ], [ -72.79873, -8.12308 ], [ -72.83507, -8.08285 ], [ -72.80371, -8.12025 ], [ -72.80799, -8.12073 ], [ -72.80629, -8.13828 ], [ -72.80115, -8.14664 ], [ -72.81153, -8.16306 ], [ -72.80664, -8.16889 ], [ -72.80299, -8.161 ], [ -72.79568, -8.1653 ], [ -72.79757, -8.17768 ], [ -72.7929, -8.18686 ], [ -72.80051, -8.20452 ], [ -72.79331, -8.20702 ], [ -72.77635, -8.20096 ], [ -72.76143, -8.20091 ], [ -72.76082, -8.21003 ], [ -72.7517, -8.21383 ], [ -72.7474, -8.22282 ], [ -72.7379, -8.2319 ], [ -72.74045, -8.23593 ], [ -72.75194, -8.23369 ], [ -72.75511, -8.23784 ], [ -72.7365, -8.24523 ], [ -72.7318, -8.25075 ], [ -72.73827, -8.25096 ], [ -72.74187, -8.26059 ], [ -72.76119, -8.26278 ], [ -72.78246, -8.2531 ], [ -72.78962, -8.25725 ], [ -72.79358, -8.26676 ], [ -72.81594, -8.27455 ], [ -72.83722, -8.25301 ], [ -72.8514, -8.24521 ], [ -72.8674, -8.25515 ], [ -72.89023, -8.18234 ], [ -72.88973, -8.182 ], [ -72.89127, -8.18254 ] ], [ [ -72.75887, -8.00286 ], [ -72.75225, -8.00943 ], [ -72.74375, -8.01272 ], [ -72.75887, -8.00286 ] ], [ [ -72.81378, -8.12165 ], [ -72.81225, -8.1212 ], [ -72.81392, -8.12138 ], [ -72.81378, -8.12165 ] ], [ [ -72.81216, -8.12477 ], [ -72.81163, -8.12428 ], [ -72.81311, -8.12295 ], [ -72.81216, -8.12477 ] ], [ [ -72.81979, -8.13159 ], [ -72.81935, -8.13146 ], [ -72.81439, -8.12685 ], [ -72.81979, -8.13159 ] ], [ [ -72.87467, -8.17011 ], [ -72.87463, -8.17167 ], [ -72.86858, -8.16753 ], [ -72.87467, -8.17011 ] ], [ [ -72.87695, -8.17194 ], [ -72.88156, -8.17536 ], [ -72.8814, -8.17631 ], [ -72.87613, -8.17269 ], [ -72.87695, -8.17194 ] ], [ [ -72.82104, -7.97289 ], [ -72.821, -7.97243 ], [ -72.82956, -7.97178 ], [ -72.82104, -7.97289 ] ], [ [ -72.81897, -7.98747 ], [ -72.83406, -7.98486 ], [ -72.81854, -7.98931 ], [ -72.81897, -7.98747 ] ], [ [ -72.81845, -7.9957 ], [ -72.81737, -7.9947 ], [ -72.8185, -7.98951 ], [ -72.81845, -7.9957 ] ], [ [ -72.82487, -8.00847 ], [ -72.82139, -8.02089 ], [ -72.81992, -8.0228 ], [ -72.82487, -8.00847 ] ], [ [ -72.81564, -8.02837 ], [ -72.81522, -8.0289 ], [ -72.81128, -8.03216 ], [ -72.81564, -8.02837 ] ], [ [ -72.83518, -8.00709 ], [ -72.83352, -7.99464 ], [ -72.83466, -7.98958 ], [ -72.83594, -7.99959 ], [ -72.83518, -8.00709 ] ], [ [ -72.8316, -8.02966 ], [ -72.8342, -8.01669 ], [ -72.8334, -8.02452 ], [ -72.8316, -8.02966 ] ], [ [ -72.89332, -8.06369 ], [ -72.87743, -8.06809 ], [ -72.89315, -8.06364 ], [ -72.89332, -8.06369 ] ], [ [ -72.89472, -8.09054 ], [ -72.86544, -8.10497 ], [ -72.86471, -8.10414 ], [ -72.89472, -8.09054 ] ], [ [ -72.76108, -8.00067 ], [ -72.76066, -7.99936 ], [ -72.76177, -7.99998 ], [ -72.76108, -8.00067 ] ], [ [ -72.75511, -7.99624 ], [ -72.75185, -7.99548 ], [ -72.75208, -7.99454 ], [ -72.75511, -7.99624 ] ] ] } },
{ "type": "Feature", "properties": { "cluster": 71.0, "hvi": 0.1242, "population": 411, "setores": 1, "municipio": "Cruzeiro do Sul" }, "geometry": { "type": "Polygon", "coordinates": [ [ [ -72.76775, -8.08597 ], [ -72.76406, -8.06287 ], [ -72.76909, -8.0411 ], [ -72.76448, -8.03999 ], [ -72.75744, -8.04563 ], [ -72.7418, -8.04141 ], [ -72.75024, -8.03507 ], [ -72.75744, -8.02211 ], [ -72.75819, -8.0187 ], [ -72.7544, -8.01713 ], [ -72.63402, -8.18517 ], [ -72.67398, -8.22316 ], [ -72.68331, -8.22453 ], [ -72.69236, -8.21861 ], [ -72.69928, -8.22199 ], [ -72.70351, -8.21264 ], [ -72.70893, -8.21563 ], [ -72.71215, -8.21296 ], [ -72.71868, -8.2149 ], [ -72.72583, -8.21259 ], [ -72.73169, -8.21801 ], [ -72.733, -8.2279 ], [ -72.7377, -8.23088 ], [ -72.7474, -8.22282 ], [ -72.7517, -8.21383 ], [ -72.76082, -8.21003 ], [ -72.76143, -8.20091 ], [ -72.77635, -8.20096 ], [ -72.79331, -8.20702 ], [ -72.80051, -8.20452 ], [ -72.7929, -8.18686 ], [ -72.79757, -8.17768 ], [ -72.79568, -8.1653 ], [ -72.80299, -8.161 ], [ -72.80664, -8.16889 ], [ -72.81153, -8.16306 ], [ -72.80115, -8.14664 ], [ -72.80629, -8.13828 ], [ -72.8081, -8.12145 ], [ -72.79999, -8.12192 ], [ -72.79584, -8.13353 ], [ -72.79024, -8.13514 ], [ -72.79036, -8.11463 ], [ -72.79836, -8.10677 ], [ -72.78211, -8.10139 ], [ -72.78748, -8.08596 ], [ -72.78564, -8.08307 ], [ -72.77186, -8.08829 ], [ -72.76775, -8.08597 ] ] ] } },
{ "type": "Feature", "properties": { "cluster": 72.0, "hvi": 0.1083, "population": 2499, "setores": 6, "municipio": "Cruzeiro do Sul" }, "geometry": { "type": "Polygon", "coordinates": [ [ [ -72.38689, -7.77225 ], [ -72.37139, -7.87307 ], [ -72.42157, -7.90821 ], [ -72.42908, -7.86747 ], [ -72.44845, -7.86877 ], [ -72.46989, -7.77112 ], [ -72.47736, -7.76194 ], [ -72.47474, -7.75264 ], [ -72.46481, -7.75352 ], [ -72.46475, -7.74482 ], [ -72.4775, -7.74595 ], [ -72.49635, -7.74142 ], [ -72.48445, -7.74125 ], [ -72.46475, -7.74478 ], [ -72.46473, -7.74339 ], [ -72.46596, -7.7436 ], [ -72.48703, -7.73283 ], [ -72.48784, -7.72724 ], [ -72.48208, -7.71433 ], [ -72.48605, -7.71027 ], [ -72.49275, -7.7122 ], [ -72.4951, -7.70944 ], [ -72.49323, -7.70402 ], [ -72.39499, -7.7147 ], [ -72.39263, -7.71894 ], [ -72.37222, -7.72822 ], [ -72.37114, -7.73537 ], [ -72.37449, -7.74364 ], [ -72.3855, -7.75231 ], [ -72.38869, -7.75199 ], [ -72.39173, -7.76933 ], [ -72.38645, -7.76982 ], [ -72.3876, -7.7721 ], [ -72.38689, -7.77225 ] ], [ [ -72.40019, -7.76857 ], [ -72.39583, -7.78873 ], [ -72.39529, -7.78691 ], [ -72.39693, -7.77619 ], [ -72.40019, -7.76857 ] ], [ [ -72.4505, -7.74427 ], [ -72.45656, -7.74202 ], [ -72.45761, -7.74219 ], [ -72.4505, -7.74427 ] ], [ [ -72.44803, -7.76483 ], [ -72.4474, -7.76815 ], [ -72.44801, -7.76482 ], [ -72.44803, -7.76483 ] ] ] } },
{ "type": "Feature", "properties": { "cluster": 73.0, "hvi": 0.1209, "population": 2490, "setores": 5, "municipio": "Cruzeiro do Sul" }, "geometry": { "type": "MultiPolygon", "coordinates": [ [ [ [ -72.68671, -7.64177 ], [ -72.68779, -7.63922 ], [ -72.6849, -7.64048 ], [ -72.68671, -7.64177 ] ] ], [ [ [ -72.68413, -7.637 ], [ -72.67875, -7.6337 ], [ -72.6784, -7.63647 ], [ -72.68347, -7.63808 ], [ -72.68413, -7.637 ] ] ], [ [ [ -72.68322, -7.63354 ], [ -72.68626, -7.63831 ], [ -72.68862, -7.63524 ], [ -72.68728, -7.63266 ], [ -72.68905, -7.6335 ], [ -72.69053, -7.63195 ], [ -72.68626, -7.62784 ], [ -72.68386, -7.63102 ], [ -72.68622, -7.63215 ], [ -72.68387, -7.63256 ], [ -72.68521, -7.63336 ], [ -72.68376, -7.63256 ], [ -72.68322, -7.63354 ] ] ] ] } },
{ "type": "Feature", "properties": { "cluster": 74.0, "hvi": 0.1381, "population": 745, "setores": 1, "municipio": "Epitaciolândia" }, "geometry": { "type": "Polygon", "coordinates": [ [ [ -68.75125, -11.02692 ], [ -68.7474, -11.03621 ], [ -68.75095, -11.03833 ], [ -68.75347, -11.03037 ], [ -68.75125, -11.02692 ] ] ] } },
{ "type": "Feature", "properties": { "cluster": 75.0, "hvi": 0.1243, "population": 2904, "setores": 7, "municipio": "Epitaciolândia" }, "geometry": { "type": "MultiPolygon", "coordinates": [ [ [ [ -68.74103, -11.02939 ], [ -68.74354, -11.02572 ], [ -68.73895, -11.02731 ], [ -68.74103, -11.02939 ] ] ], [ [ [ -68.73784, -11.02802 ], [ -68.74013, -11.02905 ], [ -68.73895, -11.02731 ], [ -68.7409, -11.02452 ], [ -68.73784, -11.02802 ] ] ], [ [ [ -68.75058, -11.02384 ], [ -68.7524, -11.02529 ], [ -68.75168, -11.02348 ], [ -68.75473, -11.02337 ], [ -68.75449, -11.02251 ], [ -68.75062, -11.02083 ], [ -68.74527, -11.01963 ], [ -68.74916, -11.02272 ], [ -68.74642, -11.02285 ], [ -68.74958, -11.02586 ], [ -68.75108, -11.02484 ], [ -68.75058, -11.02384 ] ] ], [ [ [ -68.74217, -11.02262 ], [ -68.74338, -11.02559 ], [ -68.74495, -11.02346 ], [ -68.74217, -11.02262 ] ] ], [ [ [ -68.74495, -11.02346 ], [ -68.74527, -11.01963 ], [ -68.74863, -11.01869 ], [ -68.73885, -11.01617 ], [ -68.73757, -11.01895 ], [ -68.74495, -11.02346 ] ] ] ] } },
{ "type": "Feature", "properties": { "cluster": 76.0, "hvi": 0.1283, "population": 2922, "setores": 5, "municipio": "Epitaciolândia" }, "geometry": { "type": "MultiPolygon", "coordinates": [ [ [ [ -68.70607, -11.05988 ], [ -68.69304, -11.07499 ], [ -68.68943, -11.07736 ], [ -68.68012, -11.08133 ], [ -68.67805, -11.09414 ], [ -68.68304, -11.09958 ], [ -68.68559, -11.11437 ], [ -68.66605, -11.11798 ], [ -68.66194, -11.12342 ], [ -68.64797, -11.12755 ], [ -68.61194, -11.11478 ], [ -68.60775, -11.11457 ], [ -68.60838, -11.1191 ], [ -68.61491, -11.12557 ], [ -68.71612, -11.14556 ], [ -68.71087, -11.13092 ], [ -68.72221, -11.11355 ], [ -68.72094, -11.10337 ], [ -68.73452, -11.09329 ], [ -68.74189, -11.09676 ], [ -68.7463, -11.09436 ], [ -68.75089, -11.08581 ], [ -68.75757, -11.08341 ], [ -68.75685, -11.07428 ], [ -68.7662, -11.06579 ], [ -68.76033, -11.05638 ], [ -68.76544, -11.04993 ], [ -68.76055, -11.03955 ], [ -68.74726, -11.03623 ], [ -68.74618, -11.03933 ], [ -68.73423, -11.0418 ], [ -68.72986, -11.03992 ], [ -68.73354, -11.03305 ], [ -68.72224, -11.03745 ], [ -68.72228, -11.04271 ], [ -68.7259, -11.04361 ], [ -68.725, -11.04446 ], [ -68.71052, -11.04653 ], [ -68.70607, -11.05988 ] ] ], [ [ [ -68.73784, -11.02802 ], [ -68.733, -11.03093 ], [ -68.73154, -11.02745 ], [ -68.72423, -11.02794 ], [ -68.72452, -11.03607 ], [ -68.73016, -11.03265 ], [ -68.74103, -11.02939 ], [ -68.73784, -11.02802 ] ] ] ] } },
{ "type": "Feature", "properties": { "cluster": 77.0, "hvi": 0.113, "population": 2865, "setores": 9, "municipio": "Epitaciolândia" }, "geometry": { "type": "Polygon", "coordinates": [ [ [ -68.61194, -11.11478 ], [ -68.64603, -11.12758 ], [ -68.66194, -11.12342 ], [ -68.66605, -11.11798 ], [ -68.68559, -11.11437 ], [ -68.68304, -11.09958 ], [ -68.67805, -11.09414 ], [ -68.67997, -11.08165 ], [ -68.69829, -11.07165 ], [ -68.70625, -11.05952 ], [ -68.70798, -11.05036 ], [ -68.71737, -11.03804 ], [ -68.68415, -11.02146 ], [ -68.67977, -11.02095 ], [ -68.68258, -11.021 ], [ -68.68786, -11.01264 ], [ -68.70465, -11.00735 ], [ -68.7087, -11.00907 ], [ -68.71397, -10.9945 ], [ -68.7175, -10.9945 ], [ -68.71739, -10.98834 ], [ -68.72743, -10.98217 ], [ -68.72482, -10.97254 ], [ -68.71823, -10.97861 ], [ -68.70724, -10.97317 ], [ -68.6878, -10.96827 ], [ -68.68763, -10.95896 ], [ -68.68469, -10.95577 ], [ -68.68621, -10.93634 ], [ -68.68234, -10.93954 ], [ -68.68234, -10.93496 ], [ -68.67939, -10.93473 ], [ -68.67658, -10.93755 ], [ -68.67726, -10.94355 ], [ -68.67246, -10.94449 ], [ -68.67106, -10.94119 ], [ -68.67482, -10.9366 ], [ -68.66937, -10.92941 ], [ -68.65661, -10.93834 ], [ -68.65392, -10.92532 ], [ -68.64697, -10.92302 ], [ -68.64668, -10.9235 ], [ -68.6467, -10.92079 ], [ -68.65495, -10.91641 ], [ -68.64142, -10.90505 ], [ -68.64307, -10.89608 ], [ -68.63799, -10.89585 ], [ -68.63506, -10.90153 ], [ -68.63166, -10.90166 ], [ -68.62471, -10.89743 ], [ -68.62555, -10.89023 ], [ -68.62074, -10.88797 ], [ -68.60611, -10.89498 ], [ -68.59651, -10.88063 ], [ -68.59744, -10.87989 ], [ -68.60284, -10.88979 ], [ -68.60648, -10.88597 ], [ -68.61423, -10.8876 ], [ -68.6207, -10.88442 ], [ -68.62582, -10.87816 ], [ -68.62515, -10.87256 ], [ -68.63306, -10.87136 ], [ -68.64109, -10.87684 ], [ -68.65019, -10.87708 ], [ -68.65142, -10.88123 ], [ -68.65653, -10.87844 ], [ -68.65908, -10.88318 ], [ -68.6651, -10.88449 ], [ -68.66468, -10.88719 ], [ -68.67445, -10.89122 ], [ -68.67231, -10.89714 ], [ -68.67932, -10.90095 ], [ -68.6888, -10.89269 ], [ -68.70125, -10.89307 ], [ -68.70359, -10.88401 ], [ -68.72319, -10.86349 ], [ -68.73276, -10.86943 ], [ -68.74724, -10.87184 ], [ -68.7286, -10.84271 ], [ -68.73737, -10.85366 ], [ -68.73085, -10.84053 ], [ -68.73033, -10.82893 ], [ -68.74207, -10.814 ], [ -68.75377, -10.82597 ], [ -68.7682, -10.82458 ], [ -68.78233, -10.8339 ], [ -68.80516, -10.80348 ], [ -68.80454, -10.79563 ], [ -68.81196, -10.78865 ], [ -68.81101, -10.78284 ], [ -68.83512, -10.74055 ], [ -68.82781, -10.7286 ], [ -68.82405, -10.72765 ], [ -68.82404, -10.72356 ], [ -68.8119, -10.71724 ], [ -68.80768, -10.71906 ], [ -68.80544, -10.71577 ], [ -68.80459, -10.70887 ], [ -68.80922, -10.70687 ], [ -68.80851, -10.69812 ], [ -68.81175, -10.6978 ], [ -68.81456, -10.6911 ], [ -68.81293, -10.68686 ], [ -68.80264, -10.68196 ], [ -68.80216, -10.67766 ], [ -68.80925, -10.67559 ], [ -68.80832, -10.67129 ], [ -68.79189, -10.66951 ], [ -68.79273, -10.66666 ], [ -68.78704, -10.66708 ], [ -68.78165, -10.66264 ], [ -68.78194, -10.66531 ], [ -68.77338, -10.66881 ], [ -68.76646, -10.66753 ], [ -68.76345, -10.67484 ], [ -68.7573, -10.67426 ], [ -68.75099, -10.66652 ], [ -68.75008, -10.65925 ], [ -68.73681, -10.6554 ], [ -68.73821, -10.65253 ], [ -68.73265, -10.64539 ], [ -68.72575, -10.64957 ], [ -68.71888, -10.64918 ], [ -68.71527, -10.64431 ], [ -68.71188, -10.64684 ], [ -68.71109, -10.63803 ], [ -68.70306, -10.63665 ], [ -68.69733, -10.63135 ], [ -68.6974, -10.63355 ], [ -68.68546, -10.63309 ], [ -68.67709, -10.62338 ], [ -68.68012, -10.64659 ], [ -68.67672, -10.65499 ], [ -68.68498, -10.65468 ], [ -68.69027, -10.67533 ], [ -68.70029, -10.69715 ], [ -68.70691, -10.70271 ], [ -68.70761, -10.7063 ], [ -68.69711, -10.71153 ], [ -68.68479, -10.71107 ], [ -68.66893, -10.72677 ], [ -68.65996, -10.73048 ], [ -68.65357, -10.73986 ], [ -68.64762, -10.73933 ], [ -68.64303, -10.74356 ], [ -68.63278, -10.74593 ], [ -68.63431, -10.81981 ], [ -68.6333, -10.80846 ], [ -68.62219, -10.81002 ], [ -68.61245, -10.80716 ], [ -68.60537, -10.79919 ], [ -68.59299, -10.79501 ], [ -68.59092, -10.79151 ], [ -68.5927, -10.81143 ], [ -68.57174, -10.81148 ], [ -68.56333, -10.81692 ], [ -68.57092, -10.82579 ], [ -68.56421, -10.81968 ], [ -68.55188, -10.81909 ], [ -68.54996, -10.82533 ], [ -68.53608, -10.83736 ], [ -68.52773, -10.85884 ], [ -68.505, -10.84667 ], [ -68.50778, -10.82972 ], [ -68.51907, -10.81964 ], [ -68.52534, -10.81918 ], [ -68.5375, -10.80009 ], [ -68.54004, -10.80199 ], [ -68.55165, -10.79314 ], [ -68.54922, -10.78677 ], [ -68.55828, -10.77993 ], [ -68.5584, -10.77625 ], [ -68.55219, -10.78071 ], [ -68.54409, -10.79343 ], [ -68.53454, -10.794 ], [ -68.52202, -10.80455 ], [ -68.50687, -10.80884 ], [ -68.50328, -10.81645 ], [ -68.49765, -10.81816 ], [ -68.47871, -10.83566 ], [ -68.49357, -10.86627 ], [ -68.50244, -10.87658 ], [ -68.53951, -10.88959 ], [ -68.55579, -10.90025 ], [ -68.57291, -10.91773 ], [ -68.58469, -10.94814 ], [ -68.59277, -10.95991 ], [ -68.60362, -10.96702 ], [ -68.59477, -10.9613 ], [ -68.58805, -10.97522 ], [ -68.56911, -10.98804 ], [ -68.56478, -10.99421 ], [ -68.56021, -11.00727 ], [ -68.56137, -11.02599 ], [ -68.55235, -11.03035 ], [ -68.55058, -11.03847 ], [ -68.53469, -11.04472 ], [ -68.53373, -11.05106 ], [ -68.53714, -11.05833 ], [ -68.5538, -11.07386 ], [ -68.55622, -11.09649 ], [ -68.57021, -11.09656 ], [ -68.60135, -11.11396 ], [ -68.61194, -11.11478 ] ], [ [ -68.61806, -10.97007 ], [ -68.62832, -10.97243 ], [ -68.60362, -10.96702 ], [ -68.61806, -10.97007 ] ], [ [ -68.62284, -10.95524 ], [ -68.62095, -10.95765 ], [ -68.62332, -10.94803 ], [ -68.62284, -10.95524 ] ], [ [ -68.66112, -11.02759 ], [ -68.65664, -11.02904 ], [ -68.65542, -11.02754 ], [ -68.66112, -11.02759 ] ], [ [ -68.64332, -11.02744 ], [ -68.64368, -11.02744 ], [ -68.64329, -11.02747 ], [ -68.64332, -11.02744 ] ], [ [ -68.65952, -11.01825 ], [ -68.66287, -11.01949 ], [ -68.66135, -11.01939 ], [ -68.65952, -11.01825 ] ], [ [ -68.65764, -11.01709 ], [ -68.65721, -11.01683 ], [ -68.65451, -11.00784 ], [ -68.65764, -11.01709 ] ], [ [ -68.63793, -10.97464 ], [ -68.64037, -10.99259 ], [ -68.63783, -10.97462 ], [ -68.63793, -10.97464 ] ], [ [ -68.59607, -10.87112 ], [ -68.59616, -10.87294 ], [ -68.59582, -10.87117 ], [ -68.59607, -10.87112 ] ], [ [ -68.58693, -10.87266 ], [ -68.59017, -10.87212 ], [ -68.58714, -10.87283 ], [ -68.58693, -10.87266 ] ], [ [ -68.58893, -10.85316 ], [ -68.58494, -10.85861 ], [ -68.58819, -10.8518 ], [ -68.58893, -10.85316 ] ], [ [ -68.5763, -10.84739 ], [ -68.577, -10.84859 ], [ -68.57677, -10.84868 ], [ -68.5763, -10.84739 ] ], [ [ -68.57319, -10.83431 ], [ -68.57195, -10.83559 ], [ -68.57189, -10.83541 ], [ -68.57319, -10.83431 ] ], [ [ -68.57512, -10.8323 ], [ -68.57467, -10.83277 ], [ -68.57303, -10.82778 ], [ -68.57512, -10.8323 ] ], [ [ -68.57663, -10.82259 ], [ -68.57635, -10.823 ], [ -68.57603, -10.82292 ], [ -68.57663, -10.82259 ] ], [ [ -68.67299, -10.81291 ], [ -68.66039, -10.82272 ], [ -68.65793, -10.82333 ], [ -68.67299, -10.81291 ] ], [ [ -68.72716, -10.84091 ], [ -68.70905, -10.83577 ], [ -68.72683, -10.8405 ], [ -68.72716, -10.84091 ] ], [ [ -68.72718, -10.74368 ], [ -68.72716, -10.7435 ], [ -68.73072, -10.74873 ], [ -68.72718, -10.74368 ] ] ] } },
{ "type": "Feature", "properties": { "cluster": 78.0, "hvi": 0.1061, "population": 1900, "setores": 10, "municipio": "Epitaciolândia" }, "geometry": { "type": "MultiPolygon", "coordinates": [ [ [ [ -68.41352, -10.94846 ], [ -68.40515, -10.95721 ], [ -68.40318, -10.96414 ], [ -68.40393, -10.98419 ], [ -68.40566, -10.98793 ], [ -68.4108, -10.98873 ], [ -68.40014, -11.00112 ], [ -68.40259, -11.00636 ], [ -68.40149, -11.02973 ], [ -68.39858, -11.03675 ], [ -68.38821, -11.04058 ], [ -68.39475, -11.05011 ], [ -68.40599, -11.05373 ], [ -68.41513, -11.03971 ], [ -68.42433, -11.04076 ], [ -68.42942, -11.03272 ], [ -68.43363, -11.03186 ], [ -68.44426, -11.04591 ], [ -68.45572, -11.04527 ], [ -68.46441, -11.05007 ], [ -68.47512, -11.05166 ], [ -68.48061, -11.04877 ], [ -68.48784, -11.05133 ], [ -68.50407, -11.06333 ], [ -68.50715, -11.07317 ], [ -68.51936, -11.08809 ], [ -68.53987, -11.09675 ], [ -68.54297, -11.11136 ], [ -68.61491, -11.12557 ], [ -68.60775, -11.11457 ], [ -68.60094, -11.11376 ], [ -68.57087, -11.09675 ], [ -68.5564, -11.09667 ], [ -68.5538, -11.07386 ], [ -68.53714, -11.05833 ], [ -68.53362, -11.04937 ], [ -68.53486, -11.04459 ], [ -68.5508, -11.03828 ], [ -68.55235, -11.03035 ], [ -68.56264, -11.02338 ], [ -68.56021, -11.00727 ], [ -68.56474, -10.99979 ], [ -68.5644, -10.97596 ], [ -68.56562, -10.97799 ], [ -68.56478, -10.99421 ], [ -68.56911, -10.98804 ], [ -68.58805, -10.97522 ], [ -68.59477, -10.9613 ], [ -68.58574, -10.95032 ], [ -68.57291, -10.91773 ], [ -68.55468, -10.89948 ], [ -68.53925, -10.88947 ], [ -68.50244, -10.87658 ], [ -68.49366, -10.86641 ], [ -68.48155, -10.83798 ], [ -68.45877, -10.81561 ], [ -68.43567, -10.8265 ], [ -68.4273, -10.82541 ], [ -68.4262, -10.83917 ], [ -68.40787, -10.8562 ], [ -68.40301, -10.85691 ], [ -68.40436, -10.86196 ], [ -68.40307, -10.87319 ], [ -68.40672, -10.874 ], [ -68.40914, -10.88165 ], [ -68.40126, -10.88608 ], [ -68.40554, -10.902 ], [ -68.41046, -10.90654 ], [ -68.41859, -10.907 ], [ -68.42198, -10.91201 ], [ -68.41318, -10.91837 ], [ -68.42173, -10.92097 ], [ -68.41905, -10.92674 ], [ -68.423, -10.93245 ], [ -68.41412, -10.93436 ], [ -68.41853, -10.93733 ], [ -68.41369, -10.94346 ], [ -68.41352, -10.94846 ] ], [ [ -68.49279, -10.91196 ], [ -68.49253, -10.9124 ], [ -68.48855, -10.91167 ], [ -68.49279, -10.91196 ] ], [ [ -68.46371, -10.9217 ], [ -68.47429, -10.91069 ], [ -68.47594, -10.9108 ], [ -68.46371, -10.9217 ] ], [ [ -68.4527, -10.94457 ], [ -68.4562, -10.92953 ], [ -68.45765, -10.92802 ], [ -68.4527, -10.94457 ] ], [ [ -68.4478, -10.94455 ], [ -68.43551, -10.9527 ], [ -68.44641, -10.94448 ], [ -68.4527, -10.94457 ], [ -68.4478, -10.94455 ] ], [ [ -68.44477, -10.96908 ], [ -68.44395, -10.96393 ], [ -68.4478, -10.94455 ], [ -68.44477, -10.96908 ] ], [ [ -68.51862, -10.98808 ], [ -68.52628, -10.98979 ], [ -68.52618, -10.98982 ], [ -68.51862, -10.98808 ] ], [ [ -68.44492, -10.97008 ], [ -68.4594, -10.96869 ], [ -68.44494, -10.97018 ], [ -68.44492, -10.97008 ] ], [ [ -68.51943, -11.04697 ], [ -68.48133, -11.01527 ], [ -68.52034, -11.04712 ], [ -68.51943, -11.04697 ] ], [ [ -68.49085, -10.93798 ], [ -68.49077, -10.93801 ], [ -68.49071, -10.93772 ], [ -68.49085, -10.93798 ] ], [ [ -68.48883, -10.92874 ], [ -68.4883, -10.92617 ], [ -68.48987, -10.92416 ], [ -68.48883, -10.92874 ] ] ], [ [ [ -68.5375, -10.80009 ], [ -68.53187, -10.80565 ], [ -68.52534, -10.81918 ], [ -68.51907, -10.81964 ], [ -68.50778, -10.82972 ], [ -68.505, -10.84667 ], [ -68.52773, -10.85884 ], [ -68.53608, -10.83736 ], [ -68.54996, -10.82533 ], [ -68.55188, -10.81909 ], [ -68.5639, -10.81991 ], [ -68.56419, -10.81476 ], [ -68.57134, -10.81284 ], [ -68.57079, -10.80825 ], [ -68.57174, -10.81148 ], [ -68.5927, -10.81143 ], [ -68.59092, -10.79151 ], [ -68.59299, -10.79501 ], [ -68.60537, -10.79919 ], [ -68.61245, -10.80716 ], [ -68.62219, -10.81002 ], [ -68.63249, -10.80806 ], [ -68.63286, -10.72108 ], [ -68.63278, -10.74593 ], [ -68.64303, -10.74356 ], [ -68.64762, -10.73933 ], [ -68.65357, -10.73986 ], [ -68.65996, -10.73048 ], [ -68.66893, -10.72677 ], [ -68.68479, -10.71107 ], [ -68.69711, -10.71153 ], [ -68.70799, -10.70611 ], [ -68.70029, -10.69715 ], [ -68.69027, -10.67533 ], [ -68.68498, -10.65468 ], [ -68.67672, -10.65499 ], [ -68.68012, -10.64659 ], [ -68.67709, -10.62338 ], [ -68.6714, -10.61885 ], [ -68.67178, -10.623 ], [ -68.66843, -10.62012 ], [ -68.6641, -10.62337 ], [ -68.65909, -10.62013 ], [ -68.65665, -10.62162 ], [ -68.65567, -10.61906 ], [ -68.65392, -10.62173 ], [ -68.64898, -10.61446 ], [ -68.64306, -10.61937 ], [ -68.64072, -10.61731 ], [ -68.63684, -10.61969 ], [ -68.64168, -10.6265 ], [ -68.64361, -10.65499 ], [ -68.60548, -10.65777 ], [ -68.5521, -10.71678 ], [ -68.54245, -10.72027 ], [ -68.53338, -10.71921 ], [ -68.53157, -10.72734 ], [ -68.54326, -10.72801 ], [ -68.54518, -10.73553 ], [ -68.537, -10.7413 ], [ -68.53617, -10.74569 ], [ -68.53267, -10.74522 ], [ -68.53303, -10.75121 ], [ -68.53966, -10.75122 ], [ -68.54361, -10.75944 ], [ -68.54201, -10.76619 ], [ -68.54502, -10.76553 ], [ -68.54863, -10.75689 ], [ -68.55582, -10.75752 ], [ -68.55668, -10.76293 ], [ -68.56159, -10.76609 ], [ -68.5588, -10.77924 ], [ -68.54922, -10.78758 ], [ -68.55204, -10.7903 ], [ -68.54551, -10.79912 ], [ -68.54004, -10.80199 ], [ -68.5375, -10.80009 ] ], [ [ -68.57982, -10.80346 ], [ -68.56889, -10.79167 ], [ -68.58039, -10.80316 ], [ -68.57982, -10.80346 ] ] ] ] } },
{ "type": "Feature", "properties": { "cluster": 79.0, "hvi": 0.1209, "population": 2135, "setores": 5, "municipio": "Brasiléia" }, "geometry": { "type": "MultiPolygon", "coordinates": [ [ [ [ -68.73784, -11.02802 ], [ -68.74246, -11.02202 ], [ -68.73783, -11.0234 ], [ -68.73595, -11.0189 ], [ -68.73784, -11.02802 ] ] ], [ [ [ -68.73934, -11.02252 ], [ -68.73757, -11.01895 ], [ -68.73783, -11.0234 ], [ -68.73934, -11.02252 ] ] ], [ [ [ -68.745, -11.01719 ], [ -68.73984, -11.01451 ], [ -68.7421, -11.01846 ], [ -68.74588, -11.01764 ], [ -68.75051, -11.01911 ], [ -68.75158, -11.0161 ], [ -68.75066, -11.01809 ], [ -68.74789, -11.01558 ], [ -68.745, -11.01719 ] ] ], [ [ [ -68.73682, -11.01169 ], [ -68.73321, -11.01566 ], [ -68.72893, -11.01392 ], [ -68.7291, -11.01865 ], [ -68.73757, -11.01895 ], [ -68.73984, -11.01451 ], [ -68.73682, -11.01169 ] ] ] ] } },
{ "type": "Feature", "properties": { "cluster": 80.0, "hvi": 0.1269, "population": 1792, "setores": 3, "municipio": "Epitaciolândia" }, "geometry": { "type": "MultiPolygon", "coordinates": [ [ [ [ -68.73334, -11.03412 ], [ -68.73354, -11.03305 ], [ -68.73049, -11.03467 ], [ -68.73177, -11.03559 ], [ -68.73079, -11.03651 ], [ -68.73434, -11.04179 ], [ -68.73422, -11.0333 ], [ -68.73334, -11.03412 ] ] ], [ [ [ -68.74618, -11.03933 ], [ -68.7407, -11.02967 ], [ -68.73422, -11.0333 ], [ -68.73441, -11.04171 ], [ -68.74618, -11.03933 ] ] ] ] } },
{ "type": "Feature", "properties": { "cluster": 81.0, "hvi": 0.1217, "population": 2870, "setores": 6, "municipio": "Epitaciolândia" }, "geometry": { "type": "MultiPolygon", "coordinates": [ [ [ [ -68.7474, -11.03621 ], [ -68.74551, -11.02978 ], [ -68.74262, -11.03238 ], [ -68.74486, -11.02693 ], [ -68.74111, -11.0303 ], [ -68.74545, -11.03738 ], [ -68.7474, -11.03621 ] ] ], [ [ [ -68.7482, -11.03175 ], [ -68.7486, -11.03287 ], [ -68.74958, -11.02995 ], [ -68.74915, -11.02921 ], [ -68.75097, -11.02695 ], [ -68.74916, -11.02672 ], [ -68.74884, -11.02868 ], [ -68.74795, -11.02716 ], [ -68.7476, -11.03006 ], [ -68.74551, -11.02978 ], [ -68.74664, -11.03318 ], [ -68.74813, -11.03386 ], [ -68.7482, -11.03175 ] ] ], [ [ [ -68.74661, -11.02485 ], [ -68.75129, -11.0264 ], [ -68.74546, -11.02267 ], [ -68.7407, -11.02967 ], [ -68.74661, -11.02485 ] ] ] ] } },
{ "type": "Feature", "properties": { "cluster": 82.0, "hvi": 0.1046, "population": 312, "setores": 2, "municipio": "Epitaciolândia" }, "geometry": { "type": "Polygon", "coordinates": [ [ [ -68.74551, -11.02978 ], [ -68.74755, -11.02914 ], [ -68.74631, -11.02536 ], [ -68.74795, -11.02716 ], [ -68.74661, -11.02485 ], [ -68.74619, -11.02523 ], [ -68.74551, -11.02978 ] ] ] } },
{ "type": "Feature", "properties": { "cluster": 83.0, "hvi": 0.1171, "population": 2464, "setores": 9, "municipio": "Brasiléia" }, "geometry": { "type": "MultiPolygon", "coordinates": [ [ [ [ -68.71643, -11.03874 ], [ -68.71324, -11.04439 ], [ -68.72475, -11.04576 ], [ -68.72224, -11.03745 ], [ -68.71643, -11.03874 ] ] ], [ [ [ -68.72452, -11.03607 ], [ -68.72428, -11.02928 ], [ -68.73154, -11.02745 ], [ -68.7314, -11.02588 ], [ -68.733, -11.03093 ], [ -68.73784, -11.02802 ], [ -68.73595, -11.0189 ], [ -68.73073, -11.01871 ], [ -68.73033, -11.01449 ], [ -68.73321, -11.01566 ], [ -68.73928, -11.00991 ], [ -68.74706, -11.01005 ], [ -68.74712, -11.00936 ], [ -68.74027, -11.00535 ], [ -68.74042, -11.00425 ], [ -68.74406, -11.00047 ], [ -68.7411, -10.99948 ], [ -68.74221, -10.99156 ], [ -68.73859, -10.99283 ], [ -68.73455, -10.98704 ], [ -68.73469, -10.99293 ], [ -68.72917, -11.00201 ], [ -68.72482, -11.001 ], [ -68.72456, -10.99342 ], [ -68.71779, -10.99176 ], [ -68.71743, -10.99456 ], [ -68.71397, -10.9945 ], [ -68.7087, -11.00907 ], [ -68.70465, -11.00735 ], [ -68.68786, -11.01264 ], [ -68.68276, -11.01982 ], [ -68.71536, -11.03716 ], [ -68.71574, -11.03179 ], [ -68.71595, -11.03748 ], [ -68.72452, -11.03607 ] ], [ [ -68.71576, -11.03142 ], [ -68.71603, -11.03135 ], [ -68.71576, -11.03146 ], [ -68.71576, -11.03142 ] ] ], [ [ [ -68.74553, -11.0005 ], [ -68.74325, -10.99684 ], [ -68.74257, -10.99806 ], [ -68.74553, -11.0005 ] ] ], [ [ [ -68.74238, -10.98923 ], [ -68.74321, -10.99645 ], [ -68.7478, -10.99621 ], [ -68.74943, -10.98889 ], [ -68.74238, -10.98923 ] ] ] ] } },
{ "type": "Feature", "properties": { "cluster": 84.0, "hvi": 0.1348, "population": 899, "setores": 1, "municipio": "Feijó" }, "geometry": { "type": "Polygon", "coordinates": [ [ [ -70.34764, -8.1558 ], [ -70.34969, -8.15949 ], [ -70.35283, -8.15958 ], [ -70.3524, -8.15649 ], [ -70.34764, -8.1558 ] ] ] } },
{ "type": "Feature", "properties": { "cluster": 85.0, "hvi": 0.1201, "population": 2734, "setores": 3, "municipio": "Feijó" }, "geometry": { "type": "MultiPolygon", "coordinates": [ [ [ [ -70.34372, -8.17341 ], [ -70.34712, -8.17154 ], [ -70.34497, -8.16739 ], [ -70.34235, -8.16811 ], [ -70.34372, -8.17341 ] ] ], [ [ [ -70.34615, -8.16573 ], [ -70.34356, -8.16309 ], [ -70.33958, -8.16574 ], [ -70.34235, -8.16811 ], [ -70.34615, -8.16573 ] ] ], [ [ [ -70.34784, -8.16145 ], [ -70.34745, -8.15553 ], [ -70.34063, -8.1549 ], [ -70.34478, -8.16322 ], [ -70.34784, -8.16145 ] ] ] ] } },
{ "type": "Feature", "properties": { "cluster": 86.0, "hvi": 0.1044, "population": 2397, "setores": 4, "municipio": "Feijó" }, "geometry": { "type": "MultiPolygon", "coordinates": [ [ [ [ -70.35397, -8.1779 ], [ -70.35424, -8.17179 ], [ -70.35053, -8.17113 ], [ -70.35304, -8.17051 ], [ -70.35291, -8.16998 ], [ -70.35711, -8.17251 ], [ -70.35399, -8.16393 ], [ -70.35261, -8.16875 ], [ -70.35235, -8.16769 ], [ -70.34875, -8.16795 ], [ -70.34758, -8.16485 ], [ -70.34884, -8.17154 ], [ -70.35008, -8.17124 ], [ -70.35291, -8.1779 ], [ -70.35397, -8.1779 ] ] ], [ [ [ -70.34489, -8.17527 ], [ -70.34884, -8.17154 ], [ -70.34372, -8.17341 ], [ -70.34489, -8.17527 ] ] ] ] } },
{ "type": "Feature", "properties": { "cluster": 87.0, "hvi": 0.0855, "population": 2769, "setores": 13, "municipio": "Feijó" }, "geometry": { "type": "MultiPolygon", "coordinates": [ [ [ [ -70.49743, -8.48151 ], [ -70.50003, -8.47229 ], [ -70.5095, -8.46558 ], [ -70.51226, -8.46691 ], [ -70.51501, -8.45865 ], [ -70.51887, -8.45735 ], [ -70.52007, -8.44687 ], [ -70.52303, -8.44179 ], [ -70.52607, -8.4466 ], [ -70.5319, -8.43887 ], [ -70.53875, -8.44724 ], [ -70.54058, -8.45479 ], [ -70.55015, -8.45596 ], [ -70.55169, -8.46761 ], [ -70.54681, -8.4742 ], [ -70.5508, -8.47408 ], [ -70.55651, -8.46779 ], [ -70.55526, -8.46075 ], [ -70.56007, -8.46143 ], [ -70.56161, -8.45625 ], [ -70.56972, -8.45654 ], [ -70.57217, -8.44755 ], [ -70.57934, -8.4495 ], [ -70.5853, -8.4458 ], [ -70.59487, -8.44814 ], [ -70.59542, -8.4527 ], [ -70.60897, -8.46685 ], [ -70.63805, -8.47986 ], [ -70.64571, -8.4783 ], [ -70.65868, -8.46764 ], [ -70.65295, -8.4664 ], [ -70.67605, -8.43789 ], [ -70.68012, -8.38265 ], [ -70.62493, -8.34066 ], [ -70.63348, -8.31098 ], [ -70.59737, -8.25042 ], [ -70.59438, -8.25514 ], [ -70.59813, -8.26334 ], [ -70.59585, -8.26877 ], [ -70.58844, -8.27054 ], [ -70.5796, -8.28203 ], [ -70.56518, -8.28283 ], [ -70.56229, -8.28796 ], [ -70.55002, -8.29155 ], [ -70.54943, -8.33287 ], [ -70.53201, -8.32707 ], [ -70.52775, -8.33479 ], [ -70.50851, -8.33392 ], [ -70.49293, -8.33915 ], [ -70.49383, -8.3409 ], [ -70.48942, -8.33789 ], [ -70.47512, -8.33805 ], [ -70.47207, -8.33418 ], [ -70.48082, -8.33017 ], [ -70.4912, -8.33249 ], [ -70.49523, -8.32452 ], [ -70.47763, -8.31336 ], [ -70.47474, -8.32117 ], [ -70.46771, -8.32316 ], [ -70.46642, -8.32075 ], [ -70.47301, -8.31233 ], [ -70.47124, -8.30796 ], [ -70.46319, -8.30705 ], [ -70.45398, -8.31076 ], [ -70.44575, -8.30475 ], [ -70.44845, -8.2863 ], [ -70.46357, -8.2916 ], [ -70.46312, -8.28262 ], [ -70.45503, -8.27364 ], [ -70.44598, -8.27226 ], [ -70.4352, -8.27856 ], [ -70.42845, -8.26968 ], [ -70.43188, -8.26045 ], [ -70.38576, -8.25863 ], [ -70.33807, -8.25439 ], [ -70.34201, -8.25361 ], [ -70.34909, -8.24357 ], [ -70.34649, -8.22849 ], [ -70.35478, -8.22142 ], [ -70.35149, -8.21812 ], [ -70.35369, -8.21292 ], [ -70.35114, -8.2025 ], [ -70.35405, -8.20206 ], [ -70.3525, -8.20051 ], [ -70.35861, -8.19167 ], [ -70.36908, -8.18902 ], [ -70.36483, -8.18295 ], [ -70.36764, -8.17812 ], [ -70.35058, -8.18797 ], [ -70.35111, -8.18737 ], [ -70.34682, -8.18261 ], [ -70.34697, -8.17647 ], [ -70.33881, -8.17928 ], [ -70.34235, -8.16811 ], [ -70.33364, -8.17393 ], [ -70.32998, -8.18314 ], [ -70.33418, -8.19091 ], [ -70.34345, -8.19594 ], [ -70.32837, -8.2171 ], [ -70.29631, -8.25093 ], [ -70.21862, -8.35874 ], [ -70.33444, -8.35925 ], [ -70.33957, -8.36564 ], [ -70.33749, -8.37219 ], [ -70.34893, -8.37973 ], [ -70.34876, -8.38524 ], [ -70.35534, -8.39362 ], [ -70.40786, -8.40494 ], [ -70.42656, -8.49281 ], [ -70.49051, -8.48887 ], [ -70.49743, -8.48151 ] ], [ [ -70.33315, -8.26694 ], [ -70.333, -8.26452 ], [ -70.33368, -8.26411 ], [ -70.33315, -8.26694 ] ], [ [ -70.33792, -8.27654 ], [ -70.33342, -8.27102 ], [ -70.33331, -8.26938 ], [ -70.33792, -8.27654 ] ], [ [ -70.52614, -8.43411 ], [ -70.52583, -8.43485 ], [ -70.52536, -8.43386 ], [ -70.52614, -8.43411 ] ], [ [ -70.51442, -8.42465 ], [ -70.51288, -8.42631 ], [ -70.51233, -8.42428 ], [ -70.51442, -8.42465 ] ], [ [ -70.53594, -8.4029 ], [ -70.53562, -8.40327 ], [ -70.52414, -8.39549 ], [ -70.53594, -8.4029 ] ], [ [ -70.51204, -8.38629 ], [ -70.50926, -8.39226 ], [ -70.50264, -8.40196 ], [ -70.51204, -8.38629 ] ], [ [ -70.48019, -8.40406 ], [ -70.48039, -8.40425 ], [ -70.48007, -8.4045 ], [ -70.48019, -8.40406 ] ], [ [ -70.49031, -8.38942 ], [ -70.48102, -8.40118 ], [ -70.48199, -8.39781 ], [ -70.49031, -8.38942 ] ], [ [ -70.49074, -8.38623 ], [ -70.4923, -8.38028 ], [ -70.49031, -8.38942 ], [ -70.49074, -8.38623 ] ], [ [ -70.48485, -8.37483 ], [ -70.48358, -8.37574 ], [ -70.48206, -8.37247 ], [ -70.4923, -8.38028 ], [ -70.48485, -8.37483 ] ], [ [ -70.4704, -8.38328 ], [ -70.4774, -8.3801 ], [ -70.47267, -8.38344 ], [ -70.4704, -8.38328 ] ], [ [ -70.49476, -8.3427 ], [ -70.49523, -8.34363 ], [ -70.48897, -8.35066 ], [ -70.49476, -8.3427 ] ] ], [ [ [ -70.35539, -8.17975 ], [ -70.35322, -8.18223 ], [ -70.35186, -8.18698 ], [ -70.35539, -8.17975 ] ] ], [ [ [ -69.94966, -8.34284 ], [ -69.95301, -8.35677 ], [ -69.96522, -8.36244 ], [ -69.97752, -8.36238 ], [ -69.99102, -8.37344 ], [ -70.00107, -8.37315 ], [ -70.00624, -8.37846 ], [ -70.02728, -8.37939 ], [ -70.0351, -8.40747 ], [ -70.04455, -8.40913 ], [ -70.04675, -8.41273 ], [ -70.04932, -8.43432 ], [ -70.06827, -8.45385 ], [ -70.08918, -8.49791 ], [ -70.15287, -8.47573 ], [ -70.17471, -8.43199 ], [ -70.17801, -8.41573 ], [ -70.22051, -8.35603 ], [ -70.21173, -8.34661 ], [ -70.21564, -8.33066 ], [ -70.2118, -8.31658 ], [ -70.21266, -8.30507 ], [ -70.20521, -8.29132 ], [ -70.20804, -8.27164 ], [ -70.20289, -8.26212 ], [ -70.19646, -8.25813 ], [ -70.18771, -8.25478 ], [ -70.17124, -8.25697 ], [ -70.16391, -8.25466 ], [ -70.15557, -8.24768 ], [ -70.15173, -8.23535 ], [ -70.13782, -8.22551 ], [ -70.12554, -8.22391 ], [ -70.11395, -8.21461 ], [ -70.10844, -8.19855 ], [ -70.11265, -8.19224 ], [ -70.10701, -8.18022 ], [ -70.09562, -8.17188 ], [ -70.0794, -8.16894 ], [ -70.06622, -8.16057 ], [ -70.05463, -8.15977 ], [ -70.05162, -8.15151 ], [ -70.04027, -8.13898 ], [ -70.03644, -8.11278 ], [ -70.01946, -8.09939 ], [ -70.01355, -8.09973 ], [ -70.01293, -8.11915 ], [ -69.99578, -8.14774 ], [ -69.99781, -8.15954 ], [ -69.99227, -8.16821 ], [ -69.99652, -8.17577 ], [ -69.99393, -8.18536 ], [ -69.94801, -8.21468 ], [ -69.94114, -8.2206 ], [ -69.91509, -8.30841 ], [ -69.94264, -8.33142 ], [ -69.94488, -8.33917 ], [ -69.94966, -8.34284 ] ], [ [ -70.10099, -8.29435 ], [ -70.10116, -8.29534 ], [ -70.08114, -8.28555 ], [ -70.10099, -8.29435 ] ], [ [ -70.02783, -8.21724 ], [ -70.0303, -8.22238 ], [ -70.02533, -8.21701 ], [ -70.02783, -8.21724 ] ], [ [ -70.01716, -8.21285 ], [ -70.01597, -8.21614 ], [ -70.01558, -8.21279 ], [ -70.01716, -8.21285 ] ], [ [ -70.00719, -8.20991 ], [ -70.00765, -8.21057 ], [ -70.00576, -8.2103 ], [ -70.00719, -8.20991 ] ], [ [ -69.97622, -8.2202 ], [ -69.97742, -8.22008 ], [ -69.97587, -8.221 ], [ -69.97622, -8.2202 ] ], [ [ -69.95691, -8.22756 ], [ -69.9676, -8.22845 ], [ -69.96689, -8.22875 ], [ -69.95691, -8.22756 ] ], [ [ -69.94944, -8.22504 ], [ -69.9496, -8.22518 ], [ -69.94274, -8.22746 ], [ -69.94944, -8.22504 ] ] ], [ [ [ -70.35365, -8.18086 ], [ -70.35116, -8.18006 ], [ -70.35135, -8.18164 ], [ -70.35365, -8.18086 ] ] ], [ [ [ -70.32576, -8.17511 ], [ -70.34235, -8.16811 ], [ -70.33852, -8.16179 ], [ -70.33378, -8.16438 ], [ -70.32576, -8.17511 ] ] ] ] } },
{ "type": "Feature", "properties": { "cluster": 88.0, "hvi": 0.102, "population": 2972, "setores": 9, "municipio": "Feijó" }, "geometry": { "type": "Polygon", "coordinates": [ [ [ -70.63931, -9.10759 ], [ -70.64375, -9.09954 ], [ -70.65851, -9.09338 ], [ -70.66313, -9.08254 ], [ -70.67146, -9.07886 ], [ -70.67755, -9.06394 ], [ -70.69934, -9.0506 ], [ -70.71219, -9.05881 ], [ -70.72139, -9.05757 ], [ -70.72917, -9.04519 ], [ -70.73656, -9.0456 ], [ -70.74681, -9.03759 ], [ -70.76236, -9.04343 ], [ -70.78819, -9.02454 ], [ -70.71818, -8.91322 ], [ -70.8595, -8.88492 ], [ -71.01386, -8.87865 ], [ -71.0375, -8.87693 ], [ -71.04997, -8.8854 ], [ -71.05536, -8.77885 ], [ -71.07111, -8.75507 ], [ -71.06405, -8.75312 ], [ -71.06047, -8.75755 ], [ -71.05697, -8.7567 ], [ -71.0544, -8.75083 ], [ -71.06114, -8.74845 ], [ -71.06032, -8.74163 ], [ -71.0562, -8.73844 ], [ -71.05129, -8.74031 ], [ -71.05247, -8.73662 ], [ -71.04914, -8.73511 ], [ -71.04292, -8.73516 ], [ -71.04249, -8.72852 ], [ -71.03697, -8.72725 ], [ -71.0321, -8.73352 ], [ -71.02846, -8.71779 ], [ -71.02219, -8.71861 ], [ -71.01404, -8.72563 ], [ -71.01974, -8.71715 ], [ -71.01702, -8.71405 ], [ -71.00803, -8.71566 ], [ -71.00687, -8.71009 ], [ -71.01213, -8.70167 ], [ -71.00959, -8.69414 ], [ -71.01562, -8.68542 ], [ -71.01198, -8.68502 ], [ -71.00893, -8.69146 ], [ -71.00346, -8.69085 ], [ -71.00153, -8.68328 ], [ -70.99378, -8.68219 ], [ -70.99468, -8.67657 ], [ -70.98837, -8.67634 ], [ -70.99187, -8.66928 ], [ -70.98623, -8.6718 ], [ -70.97747, -8.66777 ], [ -70.9826, -8.64987 ], [ -70.97142, -8.64813 ], [ -70.96687, -8.64357 ], [ -70.96591, -8.65152 ], [ -70.96241, -8.65122 ], [ -70.96086, -8.64142 ], [ -70.96378, -8.63453 ], [ -70.94917, -8.62214 ], [ -70.94194, -8.62678 ], [ -70.94157, -8.62358 ], [ -70.94666, -8.6207 ], [ -70.94226, -8.61217 ], [ -70.93505, -8.61246 ], [ -70.93222, -8.60298 ], [ -70.92544, -8.60164 ], [ -70.92454, -8.59666 ], [ -70.9217, -8.59613 ], [ -70.92301, -8.60112 ], [ -70.91382, -8.60542 ], [ -70.89226, -8.64 ], [ -70.8735, -8.64093 ], [ -70.8699, -8.65727 ], [ -70.85797, -8.66993 ], [ -70.83648, -8.64616 ], [ -70.78396, -8.63999 ], [ -70.76778, -8.61079 ], [ -70.74228, -8.60911 ], [ -70.72687, -8.56967 ], [ -70.68842, -8.52319 ], [ -70.70249, -8.4771 ], [ -70.65868, -8.46764 ], [ -70.64571, -8.4783 ], [ -70.63805, -8.47986 ], [ -70.60897, -8.46685 ], [ -70.59542, -8.4527 ], [ -70.59487, -8.44814 ], [ -70.5847, -8.44602 ], [ -70.57934, -8.4495 ], [ -70.57337, -8.44674 ], [ -70.56972, -8.45654 ], [ -70.56161, -8.45625 ], [ -70.56007, -8.46143 ], [ -70.55526, -8.46075 ], [ -70.55672, -8.46733 ], [ -70.5508, -8.47408 ], [ -70.54681, -8.4742 ], [ -70.55169, -8.46761 ], [ -70.55015, -8.45596 ], [ -70.54058, -8.45479 ], [ -70.53282, -8.43929 ], [ -70.52679, -8.44674 ], [ -70.52299, -8.44173 ], [ -70.51898, -8.45719 ], [ -70.51501, -8.45865 ], [ -70.51282, -8.46616 ], [ -70.50003, -8.47229 ], [ -70.49743, -8.48151 ], [ -70.49051, -8.48887 ], [ -70.42656, -8.49281 ], [ -70.44244, -8.56176 ], [ -70.45349, -8.65772 ], [ -70.45967, -8.6765 ], [ -70.4599, -8.71841 ], [ -70.47761, -8.79266 ], [ -70.4724, -8.79256 ], [ -70.46266, -8.80126 ], [ -70.46129, -8.81683 ], [ -70.45617, -8.82054 ], [ -70.44764, -8.81176 ], [ -70.43009, -8.81076 ], [ -70.40123, -8.79901 ], [ -70.38636, -8.78362 ], [ -70.36747, -8.7763 ], [ -70.35366, -8.77483 ], [ -70.33372, -8.76123 ], [ -70.32065, -8.74592 ], [ -70.27484, -8.7484 ], [ -70.25022, -8.72823 ], [ -70.23961, -8.72881 ], [ -70.22354, -8.71803 ], [ -70.21547, -8.7173 ], [ -70.21321, -8.71273 ], [ -70.21012, -8.71413 ], [ -70.20843, -8.7108 ], [ -70.19908, -8.70872 ], [ -70.19781, -8.70283 ], [ -70.19155, -8.70389 ], [ -70.19119, -8.69985 ], [ -70.18767, -8.69913 ], [ -70.1893, -8.69615 ], [ -70.18295, -8.69548 ], [ -70.18062, -8.68794 ], [ -70.17598, -8.68741 ], [ -70.17342, -8.69195 ], [ -70.16665, -8.68789 ], [ -70.1628, -8.69219 ], [ -70.16072, -8.6817 ], [ -70.15747, -8.68086 ], [ -70.14208, -8.68075 ], [ -70.13888, -8.68581 ], [ -70.13463, -8.68652 ], [ -70.1289, -8.67574 ], [ -70.12134, -8.67619 ], [ -70.11429, -8.66399 ], [ -70.11277, -8.66641 ], [ -70.10264, -8.66164 ], [ -70.09574, -8.67085 ], [ -70.09122, -8.66948 ], [ -70.08638, -8.67364 ], [ -70.07408, -8.66501 ], [ -70.07452, -8.65872 ], [ -70.06922, -8.65923 ], [ -70.0651, -8.65377 ], [ -70.05809, -8.6591 ], [ -70.05162, -8.65385 ], [ -70.03855, -8.65411 ], [ -70.0321, -8.65077 ], [ -70.03046, -8.64202 ], [ -70.02469, -8.64173 ], [ -70.02279, -8.63596 ], [ -70.02074, -8.63695 ], [ -70.01681, -8.63153 ], [ -70.00839, -8.63034 ], [ -70.00298, -8.63481 ], [ -69.99995, -8.61773 ], [ -69.99422, -8.61567 ], [ -69.99567, -8.60948 ], [ -69.98778, -8.60641 ], [ -69.98669, -8.60131 ], [ -69.98454, -8.70308 ], [ -69.98606, -8.59865 ], [ -69.98959, -8.58818 ], [ -69.98593, -8.58957 ], [ -69.98814, -8.58489 ], [ -69.98476, -8.58202 ], [ -69.98755, -8.57672 ], [ -69.97373, -8.57143 ], [ -69.96588, -8.57423 ], [ -69.96623, -8.56761 ], [ -69.9626, -8.56889 ], [ -69.95931, -8.5653 ], [ -69.9592, -8.55938 ], [ -69.95516, -8.55804 ], [ -69.95545, -8.56156 ], [ -69.94908, -8.56343 ], [ -69.94799, -8.56028 ], [ -69.94408, -8.56118 ], [ -69.94032, -8.55554 ], [ -69.93536, -8.55597 ], [ -69.93193, -8.55211 ], [ -69.73999, -8.6176 ], [ -69.62425, -8.67548 ], [ -69.62821, -8.68143 ], [ -69.65954, -8.68191 ], [ -69.72583, -8.76362 ], [ -69.76315, -8.78495 ], [ -69.77396, -8.80952 ], [ -69.79507, -8.84022 ], [ -69.82631, -8.92056 ], [ -69.83968, -8.94423 ], [ -69.8651, -8.9575 ], [ -70.0901, -8.97361 ], [ -70.2029, -8.96717 ], [ -70.31898, -8.96363 ], [ -70.36509, -8.98243 ], [ -70.40233, -9.01781 ], [ -70.43716, -9.08556 ], [ -70.45176, -9.10245 ], [ -70.49884, -9.10674 ], [ -70.51047, -9.11945 ], [ -70.52216, -9.10488 ], [ -70.5315, -9.09935 ], [ -70.53109, -9.09041 ], [ -70.53569, -9.08598 ], [ -70.5384, -9.0756 ], [ -70.54459, -9.07311 ], [ -70.55296, -9.05882 ], [ -70.56595, -9.05185 ], [ -70.57227, -9.0589 ], [ -70.57095, -9.06224 ], [ -70.57705, -9.07097 ], [ -70.57416, -9.07041 ], [ -70.577, -9.07933 ], [ -70.58343, -9.08549 ], [ -70.5826, -9.08998 ], [ -70.58727, -9.0928 ], [ -70.58643, -9.0994 ], [ -70.58993, -9.09953 ], [ -70.58886, -9.10173 ], [ -70.59377, -9.10612 ], [ -70.59896, -9.1067 ], [ -70.59801, -9.11208 ], [ -70.61691, -9.11966 ], [ -70.63626, -9.10676 ], [ -70.63931, -9.10759 ] ], [ [ -70.78508, -8.64051 ], [ -70.77392, -8.63733 ], [ -70.78396, -8.63999 ], [ -70.78508, -8.64051 ] ], [ [ -70.7558, -8.70389 ], [ -70.75301, -8.69805 ], [ -70.75615, -8.7039 ], [ -70.7558, -8.70389 ] ], [ [ -70.71701, -8.67201 ], [ -70.71731, -8.67206 ], [ -70.71853, -8.6766 ], [ -70.71701, -8.67201 ] ], [ [ -70.70598, -8.67182 ], [ -70.71166, -8.67056 ], [ -70.71151, -8.67112 ], [ -70.71544, -8.67176 ], [ -70.70598, -8.67182 ] ], [ [ -70.69547, -8.66709 ], [ -70.6955, -8.66703 ], [ -70.70226, -8.66463 ], [ -70.69547, -8.66709 ] ], [ [ -70.54778, -8.75027 ], [ -70.54791, -8.7502 ], [ -70.55848, -8.74901 ], [ -70.54778, -8.75027 ] ], [ [ -70.53789, -8.75605 ], [ -70.53835, -8.75513 ], [ -70.54693, -8.7507 ], [ -70.53789, -8.75605 ] ], [ [ -70.72623, -8.65795 ], [ -70.73616, -8.65349 ], [ -70.72689, -8.65811 ], [ -70.72623, -8.65795 ] ], [ [ -70.7126, -8.65931 ], [ -70.71556, -8.65528 ], [ -70.71294, -8.66555 ], [ -70.7126, -8.65931 ] ], [ [ -70.80495, -8.64961 ], [ -70.80576, -8.6533 ], [ -70.80057, -8.6476 ], [ -70.80495, -8.64961 ] ], [ [ -70.74967, -8.6488 ], [ -70.76332, -8.64754 ], [ -70.76266, -8.64816 ], [ -70.74967, -8.6488 ] ] ] } },
{ "type": "Feature", "properties": { "cluster": 89.0, "hvi": 0.0709, "population": 729, "setores": 34, "municipio": "Feijó" }, "geometry": { "type": "Polygon", "coordinates": [ [ [ -72.16236, -9.97412 ], [ -72.1557, -9.96365 ], [ -72.1599, -9.95343 ], [ -72.1607, -9.9395 ], [ -72.1725, -9.93596 ], [ -72.17409, -9.92159 ], [ -72.16629, -9.90946 ], [ -72.1567, -9.90221 ], [ -72.14067, -9.87751 ], [ -72.15509, -9.86052 ], [ -72.15506, -9.84217 ], [ -72.15764, -9.83477 ], [ -72.16548, -9.82803 ], [ -72.16381, -9.82054 ], [ -72.15526, -9.81165 ], [ -72.15173, -9.80403 ], [ -72.15294, -9.79676 ], [ -72.11059, -9.76294 ], [ -72.03492, -9.74315 ], [ -72.03861, -9.7667 ], [ -72.00843, -9.75391 ], [ -71.99162, -9.71666 ], [ -71.96744, -9.71495 ], [ -71.96367, -9.70726 ], [ -71.96812, -9.68618 ], [ -71.94008, -9.66414 ], [ -71.93378, -9.66263 ], [ -71.93044, -9.65361 ], [ -71.92288, -9.64878 ], [ -71.91679, -9.63811 ], [ -71.91236, -9.63466 ], [ -71.9098, -9.63699 ], [ -71.90876, -9.62836 ], [ -71.90158, -9.62647 ], [ -71.89947, -9.61402 ], [ -71.89645, -9.6121 ], [ -71.89857, -9.6107 ], [ -71.89776, -9.59532 ], [ -71.89239, -9.58571 ], [ -71.89593, -9.58159 ], [ -71.88975, -9.5779 ], [ -71.88926, -9.57421 ], [ -71.88615, -9.57507 ], [ -71.88665, -9.57159 ], [ -71.87905, -9.5696 ], [ -71.88127, -9.56622 ], [ -71.87584, -9.5611 ], [ -71.87882, -9.54823 ], [ -71.88732, -9.54198 ], [ -71.88732, -9.5351 ], [ -71.89229, -9.53421 ], [ -71.89005, -9.52937 ], [ -71.88464, -9.52742 ], [ -71.88798, -9.52073 ], [ -71.88277, -9.51964 ], [ -71.88341, -9.51554 ], [ -71.87758, -9.51589 ], [ -71.87757, -9.51035 ], [ -71.87265, -9.50782 ], [ -71.87297, -9.50494 ], [ -71.86931, -9.50622 ], [ -71.8735, -9.49961 ], [ -71.86821, -9.50154 ], [ -71.86976, -9.49784 ], [ -71.86514, -9.4943 ], [ -71.86561, -9.48935 ], [ -71.85846, -9.4898 ], [ -71.85999, -9.4852 ], [ -71.8661, -9.48233 ], [ -71.87046, -9.48483 ], [ -71.87222, -9.47883 ], [ -71.86775, -9.47777 ], [ -71.87104, -9.47236 ], [ -71.8671, -9.46956 ], [ -71.86764, -9.46316 ], [ -71.87041, -9.45872 ], [ -71.87312, -9.46041 ], [ -71.87648, -9.45549 ], [ -71.87482, -9.45325 ], [ -71.88082, -9.45267 ], [ -71.88011, -9.44883 ], [ -71.87767, -9.45103 ], [ -71.87712, -9.44471 ], [ -71.88329, -9.44482 ], [ -71.81879, -9.42578 ], [ -71.81149, -9.42901 ], [ -71.79465, -9.42442 ], [ -71.79172, -9.41941 ], [ -71.78105, -9.41642 ], [ -71.77939, -9.4048 ], [ -71.77158, -9.40207 ], [ -71.76472, -9.4056 ], [ -71.75833, -9.40187 ], [ -71.75632, -9.39571 ], [ -71.74623, -9.39243 ], [ -71.74753, -9.38938 ], [ -71.73772, -9.38121 ], [ -71.73239, -9.38093 ], [ -71.73111, -9.37336 ], [ -71.72204, -9.38457 ], [ -71.72535, -9.38741 ], [ -71.72128, -9.4007 ], [ -71.72581, -9.40386 ], [ -71.72335, -9.41071 ], [ -71.7277, -9.41169 ], [ -71.72392, -9.41214 ], [ -71.72089, -9.42148 ], [ -71.72166, -9.42356 ], [ -71.72095, -9.42177 ], [ -71.70942, -9.43028 ], [ -71.68492, -9.43391 ], [ -71.67796, -9.44054 ], [ -71.66633, -9.42246 ], [ -71.65674, -9.41371 ], [ -71.65739, -9.40184 ], [ -71.64911, -9.37312 ], [ -71.65267, -9.35956 ], [ -71.64296, -9.35099 ], [ -71.62828, -9.32188 ], [ -71.61711, -9.31054 ], [ -71.60502, -9.28198 ], [ -71.59078, -9.27488 ], [ -71.58289, -9.26139 ], [ -71.58532, -9.24666 ], [ -71.59541, -9.23806 ], [ -71.59923, -9.22213 ], [ -71.59497, -9.20948 ], [ -71.58579, -9.19829 ], [ -71.59014, -9.17831 ], [ -71.58363, -9.17629 ], [ -71.56661, -9.14188 ], [ -71.55635, -9.12986 ], [ -71.56355, -9.12101 ], [ -71.56117, -9.10808 ], [ -71.55403, -9.09332 ], [ -71.54202, -9.08314 ], [ -71.54288, -9.06534 ], [ -71.53528, -9.07031 ], [ -71.52016, -9.06211 ], [ -71.51311, -9.04653 ], [ -71.5147, -9.02937 ], [ -71.50933, -9.01185 ], [ -71.47913, -9.00388 ], [ -71.47866, -8.96264 ], [ -71.47013, -8.95647 ], [ -71.46577, -8.94189 ], [ -71.45911, -8.93759 ], [ -71.45787, -8.93096 ], [ -71.44642, -8.92749 ], [ -71.43529, -8.91906 ], [ -71.42368, -8.92105 ], [ -71.41592, -8.91244 ], [ -71.40167, -8.91394 ], [ -71.3881, -8.90964 ], [ -71.38473, -8.91312 ], [ -71.38221, -8.9184 ], [ -71.37924, -8.91576 ], [ -71.37954, -8.91167 ], [ -71.37494, -8.91128 ], [ -71.37879, -8.90563 ], [ -71.36045, -8.91314 ], [ -71.34924, -8.9277 ], [ -71.34948, -8.93155 ], [ -71.37072, -8.97944 ], [ -71.36065, -8.99133 ], [ -71.3605, -9.00144 ], [ -71.37407, -9.02596 ], [ -71.37023, -9.0416 ], [ -71.37272, -9.05299 ], [ -71.38014, -9.05676 ], [ -71.38223, -9.06912 ], [ -71.3768, -9.08389 ], [ -71.37718, -9.11268 ], [ -71.38124, -9.13612 ], [ -71.40811, -9.1472 ], [ -71.39752, -9.1801 ], [ -71.38699, -9.17808 ], [ -71.38033, -9.1851 ], [ -71.37793, -9.19622 ], [ -71.38376, -9.21834 ], [ -71.39536, -9.21373 ], [ -71.39496, -9.22322 ], [ -71.38985, -9.2327 ], [ -71.39826, -9.24255 ], [ -71.39964, -9.25181 ], [ -71.41396, -9.25699 ], [ -71.41515, -9.26737 ], [ -71.42216, -9.2742 ], [ -71.42822, -9.29335 ], [ -71.43438, -9.30247 ], [ -71.43501, -9.31276 ], [ -71.4157, -9.31859 ], [ -71.40874, -9.32986 ], [ -71.4105, -9.33579 ], [ -71.41701, -9.33435 ], [ -71.42187, -9.3398 ], [ -71.42546, -9.35704 ], [ -71.42079, -9.362 ], [ -71.42536, -9.37287 ], [ -71.41606, -9.38032 ], [ -71.42018, -9.39055 ], [ -71.40945, -9.40986 ], [ -71.4196, -9.43754 ], [ -71.41854, -9.44384 ], [ -71.41123, -9.44982 ], [ -71.41344, -9.46031 ], [ -71.40215, -9.4738 ], [ -71.39549, -9.47351 ], [ -71.39288, -9.48631 ], [ -71.37205, -9.49204 ], [ -71.37513, -9.50186 ], [ -71.37172, -9.4916 ], [ -71.36219, -9.48929 ], [ -71.35868, -9.4914 ], [ -71.35385, -9.48748 ], [ -71.3422, -9.495 ], [ -71.33909, -9.49351 ], [ -71.33124, -9.49642 ], [ -71.32667, -9.4931 ], [ -71.32255, -9.48718 ], [ -71.32587, -9.47629 ], [ -71.31631, -9.47697 ], [ -71.30331, -9.48778 ], [ -71.29588, -9.47762 ], [ -71.29961, -9.45467 ], [ -71.28858, -9.45687 ], [ -71.28261, -9.46961 ], [ -71.28489, -9.47357 ], [ -71.28263, -9.48113 ], [ -71.27626, -9.48604 ], [ -71.27806, -9.49055 ], [ -71.2745, -9.49941 ], [ -71.26278, -9.49571 ], [ -71.25494, -9.50292 ], [ -71.24815, -9.50049 ], [ -71.2401, -9.50983 ], [ -71.24034, -9.51804 ], [ -71.19645, -9.53465 ], [ -71.24455, -9.64451 ], [ -71.23437, -9.64951 ], [ -71.24143, -9.64937 ], [ -71.24377, -9.65386 ], [ -71.24175, -9.65647 ], [ -71.24753, -9.65982 ], [ -71.24692, -9.6652 ], [ -71.2515, -9.67019 ], [ -71.24846, -9.67276 ], [ -71.25489, -9.67259 ], [ -71.25181, -9.67677 ], [ -71.25685, -9.67938 ], [ -71.25594, -9.68886 ], [ -71.25898, -9.6876 ], [ -71.25897, -9.69496 ], [ -71.26302, -9.69371 ], [ -71.26383, -9.69955 ], [ -71.26762, -9.69653 ], [ -71.26485, -9.70241 ], [ -71.26871, -9.71305 ], [ -71.26457, -9.7184 ], [ -71.26773, -9.72092 ], [ -71.26436, -9.72422 ], [ -71.26649, -9.73045 ], [ -71.2745, -9.73469 ], [ -71.2745, -9.73802 ], [ -71.27941, -9.73741 ], [ -71.27953, -9.74257 ], [ -71.28429, -9.74241 ], [ -71.28421, -9.74965 ], [ -71.28942, -9.74826 ], [ -71.29168, -9.75301 ], [ -71.29798, -9.75158 ], [ -71.29837, -9.75467 ], [ -71.30297, -9.75481 ], [ -71.30395, -9.75942 ], [ -71.30112, -9.75795 ], [ -71.30494, -9.76129 ], [ -71.30357, -9.76369 ], [ -71.30899, -9.76253 ], [ -71.31299, -9.76568 ], [ -71.31828, -9.76362 ], [ -71.31524, -9.76648 ], [ -71.31797, -9.77356 ], [ -71.32965, -9.78239 ], [ -71.33199, -9.79039 ], [ -71.33534, -9.79117 ], [ -71.33796, -9.78711 ], [ -71.34565, -9.79204 ], [ -71.34653, -9.79712 ], [ -71.34286, -9.80121 ], [ -71.3464, -9.80215 ], [ -71.34564, -9.80641 ], [ -71.34902, -9.80729 ], [ -71.35091, -9.81526 ], [ -71.34572, -9.81962 ], [ -71.3571, -9.82535 ], [ -71.35642, -9.82797 ], [ -71.36596, -9.83482 ], [ -71.36243, -9.84316 ], [ -71.36924, -9.84431 ], [ -71.36731, -9.85662 ], [ -71.38111, -9.86739 ], [ -71.38182, -9.87924 ], [ -71.37744, -9.87856 ], [ -71.38312, -9.88152 ], [ -71.37554, -9.90019 ], [ -71.38645, -9.9046 ], [ -71.3904, -9.90854 ], [ -71.38978, -9.91215 ], [ -71.396, -9.91328 ], [ -71.40012, -9.92875 ], [ -71.40542, -9.9313 ], [ -71.40632, -9.937 ], [ -71.41585, -9.94361 ], [ -71.41766, -9.94898 ], [ -71.44068, -9.95601 ], [ -71.44749, -9.96196 ], [ -71.44698, -9.96779 ], [ -71.45177, -9.967 ], [ -71.45351, -9.97377 ], [ -71.46587, -9.97375 ], [ -71.46939, -9.98107 ], [ -71.4775, -9.98039 ], [ -71.4811, -9.98553 ], [ -71.51139, -9.99377 ], [ -71.51642, -10.0 ], [ -71.83128, -9.99911 ], [ -71.82673, -10.0 ], [ -72.18045, -10.0 ], [ -72.18068, -9.98478 ], [ -72.16236, -9.97412 ] ], [ [ -71.83234, -9.98721 ], [ -71.83264, -9.9876 ], [ -71.83128, -9.99911 ], [ -71.83234, -9.98721 ] ], [ [ -71.39268, -8.92144 ], [ -71.38473, -8.91905 ], [ -71.39312, -8.92077 ], [ -71.39268, -8.92144 ] ], [ [ -71.38508, -8.92181 ], [ -71.39262, -8.92153 ], [ -71.39149, -8.92323 ], [ -71.38508, -8.92181 ] ], [ [ -71.38348, -8.92487 ], [ -71.38491, -8.9248 ], [ -71.37931, -8.92758 ], [ -71.38508, -8.92181 ], [ -71.38348, -8.92487 ] ], [ [ -71.3559, -9.52251 ], [ -71.35072, -9.51367 ], [ -71.35302, -9.50212 ], [ -71.35371, -9.50608 ], [ -71.35148, -9.50998 ], [ -71.3559, -9.52251 ] ], [ [ -71.40242, -9.54639 ], [ -71.36536, -9.53242 ], [ -71.40248, -9.54595 ], [ -71.40242, -9.54639 ] ], [ [ -71.39385, -9.54994 ], [ -71.40238, -9.54665 ], [ -71.4021, -9.54856 ], [ -71.39385, -9.54994 ] ], [ [ -71.38678, -9.55952 ], [ -71.38854, -9.55714 ], [ -71.38693, -9.55968 ], [ -71.38678, -9.55952 ] ], [ [ -71.38974, -9.56285 ], [ -71.38812, -9.56103 ], [ -71.39035, -9.5627 ], [ -71.38974, -9.56285 ] ], [ [ -71.39346, -9.56342 ], [ -71.39415, -9.5618 ], [ -71.39336, -9.56199 ], [ -71.39833, -9.56013 ], [ -71.39346, -9.56342 ] ], [ [ -71.40225, -9.56048 ], [ -71.39892, -9.55991 ], [ -71.40009, -9.55948 ], [ -71.40225, -9.56048 ] ], [ [ -71.40749, -9.56884 ], [ -71.40526, -9.56188 ], [ -71.40597, -9.56221 ], [ -71.40749, -9.56884 ] ], [ [ -71.40214, -9.58389 ], [ -71.40204, -9.5832 ], [ -71.41423, -9.59334 ], [ -71.40214, -9.58389 ] ], [ [ -71.38671, -9.5849 ], [ -71.38896, -9.58346 ], [ -71.38681, -9.58248 ], [ -71.39076, -9.58284 ], [ -71.38661, -9.5873 ], [ -71.38671, -9.5849 ] ], [ [ -71.38792, -9.60407 ], [ -71.39083, -9.60136 ], [ -71.39144, -9.6016 ], [ -71.38792, -9.60407 ] ], [ [ -71.3828, -9.62255 ], [ -71.39323, -9.61689 ], [ -71.39346, -9.61713 ], [ -71.3828, -9.62255 ] ], [ [ -71.40603, -9.66062 ], [ -71.40603, -9.66485 ], [ -71.39819, -9.67154 ], [ -71.39981, -9.66755 ], [ -71.39382, -9.6647 ], [ -71.38978, -9.66633 ], [ -71.39202, -9.66143 ], [ -71.38644, -9.66154 ], [ -71.38487, -9.66677 ], [ -71.38825, -9.65419 ], [ -71.39466, -9.65244 ], [ -71.38797, -9.65631 ], [ -71.40603, -9.66062 ] ], [ [ -71.40258, -9.67531 ], [ -71.40428, -9.68658 ], [ -71.40276, -9.67674 ], [ -71.39819, -9.67154 ], [ -71.40258, -9.67531 ] ], [ [ -71.40329, -9.70713 ], [ -71.40903, -9.70144 ], [ -71.40934, -9.70199 ], [ -71.40329, -9.70713 ] ], [ [ -71.42374, -9.77212 ], [ -71.42415, -9.77167 ], [ -71.43321, -9.7753 ], [ -71.42374, -9.77212 ] ], [ [ -71.43677, -9.76744 ], [ -71.43797, -9.76769 ], [ -71.43321, -9.7753 ], [ -71.43677, -9.76744 ] ], [ [ -71.43916, -9.7687 ], [ -71.43863, -9.76783 ], [ -71.43933, -9.76797 ], [ -71.43916, -9.7687 ] ], [ [ -71.44032, -9.78266 ], [ -71.4438, -9.78084 ], [ -71.44507, -9.78099 ], [ -71.44032, -9.78266 ] ], [ [ -71.80772, -9.67377 ], [ -71.81178, -9.675 ], [ -71.80776, -9.67382 ], [ -71.80725, -9.67658 ], [ -71.80772, -9.67377 ] ], [ [ -71.80484, -9.67177 ], [ -71.804, -9.6714 ], [ -71.80177, -9.66405 ], [ -71.80484, -9.67177 ] ], [ [ -71.809, -9.65601 ], [ -71.80672, -9.66107 ], [ -71.80177, -9.66405 ], [ -71.809, -9.65601 ] ], [ [ -71.81004, -9.65371 ], [ -71.80685, -9.6407 ], [ -71.81091, -9.65178 ], [ -71.81004, -9.65371 ] ], [ [ -71.79869, -9.62541 ], [ -71.78323, -9.62255 ], [ -71.77001, -9.61709 ], [ -71.79869, -9.62541 ] ], [ [ -71.75768, -9.61024 ], [ -71.75788, -9.61028 ], [ -71.75046, -9.61415 ], [ -71.75768, -9.61024 ] ], [ [ -71.73612, -9.55023 ], [ -71.7363, -9.54557 ], [ -71.7374, -9.54696 ], [ -71.73612, -9.55023 ] ], [ [ -71.66387, -9.52305 ], [ -71.66223, -9.52393 ], [ -71.66338, -9.51976 ], [ -71.66387, -9.52305 ] ], [ [ -71.65081, -9.53009 ], [ -71.65068, -9.53016 ], [ -71.65064, -9.53015 ], [ -71.65081, -9.53009 ] ], [ [ -71.60429, -9.55767 ], [ -71.61454, -9.54672 ], [ -71.60477, -9.55775 ], [ -71.60429, -9.55767 ] ], [ [ -71.60256, -9.5574 ], [ -71.59972, -9.55694 ], [ -71.59283, -9.55086 ], [ -71.60256, -9.5574 ] ], [ [ -71.59948, -9.61274 ], [ -71.59889, -9.61257 ], [ -71.59936, -9.61241 ], [ -71.59948, -9.61274 ] ], [ [ -71.59105, -9.61531 ], [ -71.58005, -9.62007 ], [ -71.57778, -9.61996 ], [ -71.59105, -9.61531 ] ], [ [ -71.57629, -9.61988 ], [ -71.57389, -9.61976 ], [ -71.57058, -9.6155 ], [ -71.57629, -9.61988 ] ], [ [ -71.56931, -9.61453 ], [ -71.5668, -9.61619 ], [ -71.569, -9.61429 ], [ -71.56931, -9.61453 ] ], [ [ -71.56336, -9.61917 ], [ -71.56272, -9.62092 ], [ -71.56233, -9.62006 ], [ -71.56336, -9.61917 ] ], [ [ -71.56309, -9.63888 ], [ -71.55665, -9.64501 ], [ -71.55632, -9.64442 ], [ -71.56309, -9.63888 ] ], [ [ -71.55781, -9.64711 ], [ -71.55912, -9.64818 ], [ -71.55865, -9.64864 ], [ -71.55781, -9.64711 ] ], [ [ -71.55391, -9.65915 ], [ -71.55232, -9.65895 ], [ -71.55587, -9.65871 ], [ -71.55432, -9.66028 ], [ -71.55391, -9.65915 ] ], [ [ -71.54715, -9.65931 ], [ -71.54179, -9.66143 ], [ -71.54574, -9.65941 ], [ -71.54715, -9.65931 ] ], [ [ -71.5223, -9.66648 ], [ -71.52509, -9.66804 ], [ -71.52273, -9.67165 ], [ -71.5223, -9.66648 ] ], [ [ -71.5149, -9.66203 ], [ -71.51161, -9.66711 ], [ -71.51379, -9.66219 ], [ -71.51128, -9.66095 ], [ -71.5149, -9.66203 ] ], [ [ -71.50706, -9.6506 ], [ -71.5094, -9.66002 ], [ -71.50785, -9.65925 ], [ -71.50494, -9.64934 ], [ -71.50706, -9.6506 ] ], [ [ -71.50178, -9.64746 ], [ -71.50086, -9.64715 ], [ -71.501, -9.64699 ], [ -71.50178, -9.64746 ] ], [ [ -71.45913, -9.63555 ], [ -71.46315, -9.64176 ], [ -71.47096, -9.63577 ], [ -71.46412, -9.64375 ], [ -71.45892, -9.644 ], [ -71.45913, -9.63555 ] ], [ [ -71.45767, -9.63331 ], [ -71.45645, -9.63361 ], [ -71.45692, -9.63215 ], [ -71.45767, -9.63331 ] ], [ [ -71.4552, -9.63751 ], [ -71.45522, -9.63997 ], [ -71.45459, -9.6394 ], [ -71.4552, -9.63751 ] ], [ [ -71.45137, -9.63652 ], [ -71.44739, -9.63297 ], [ -71.44748, -9.63263 ], [ -71.45137, -9.63652 ] ], [ [ -71.43816, -9.6088 ], [ -71.43251, -9.61035 ], [ -71.4382, -9.60824 ], [ -71.43816, -9.6088 ] ], [ [ -71.40561, -9.61766 ], [ -71.40717, -9.61927 ], [ -71.40517, -9.61942 ], [ -71.40561, -9.61766 ] ], [ [ -71.42268, -9.60597 ], [ -71.42286, -9.6005 ], [ -71.42351, -9.60104 ], [ -71.42268, -9.60597 ] ], [ [ -71.41243, -9.60846 ], [ -71.41296, -9.60833 ], [ -71.41294, -9.61012 ], [ -71.41243, -9.60846 ] ], [ [ -71.41374, -9.6127 ], [ -71.41349, -9.61189 ], [ -71.41643, -9.61329 ], [ -71.41374, -9.6127 ] ], [ [ -71.41903, -9.61834 ], [ -71.41999, -9.61408 ], [ -71.42955, -9.6044 ], [ -71.41903, -9.61834 ] ], [ [ -71.7641, -9.81847 ], [ -71.77161, -9.81784 ], [ -71.76195, -9.82029 ], [ -71.7641, -9.81847 ] ], [ [ -71.76159, -9.82891 ], [ -71.76039, -9.82147 ], [ -71.76081, -9.82115 ], [ -71.76159, -9.82891 ] ], [ [ -71.75925, -9.8357 ], [ -71.75505, -9.82989 ], [ -71.75571, -9.82979 ], [ -71.75925, -9.8357 ] ], [ [ -71.76479, -9.857 ], [ -71.75718, -9.85714 ], [ -71.75734, -9.85666 ], [ -71.76479, -9.857 ] ], [ [ -71.84511, -9.96605 ], [ -71.84508, -9.96638 ], [ -71.83746, -9.95511 ], [ -71.84511, -9.96605 ] ], [ [ -71.84474, -9.97037 ], [ -71.84446, -9.97041 ], [ -71.845, -9.96724 ], [ -71.84474, -9.97037 ] ], [ [ -71.84748, -9.74502 ], [ -71.84774, -9.74777 ], [ -71.84515, -9.75144 ], [ -71.84748, -9.74441 ], [ -71.8508, -9.74254 ], [ -71.84748, -9.74502 ] ], [ [ -71.81532, -9.77862 ], [ -71.82023, -9.77344 ], [ -71.82027, -9.77457 ], [ -71.81532, -9.77862 ] ], [ [ -71.75504, -9.80547 ], [ -71.75816, -9.79575 ], [ -71.75699, -9.80357 ], [ -71.75504, -9.80547 ] ], [ [ -71.75953, -9.80993 ], [ -71.75616, -9.81365 ], [ -71.75203, -9.81486 ], [ -71.75953, -9.80993 ] ], [ [ -71.77374, -9.81629 ], [ -71.77469, -9.81771 ], [ -71.77404, -9.81722 ], [ -71.77302, -9.81748 ], [ -71.77374, -9.81629 ] ], [ [ -71.76409, -9.81629 ], [ -71.76407, -9.81626 ], [ -71.77292, -9.81505 ], [ -71.77357, -9.81603 ], [ -71.76409, -9.81629 ] ], [ [ -71.75866, -9.79236 ], [ -71.75856, -9.79304 ], [ -71.74688, -9.80015 ], [ -71.75866, -9.79236 ] ], [ [ -71.66277, -9.72565 ], [ -71.66242, -9.72593 ], [ -71.66221, -9.72521 ], [ -71.66277, -9.72565 ] ], [ [ -71.65758, -9.72162 ], [ -71.6596, -9.72319 ], [ -71.65525, -9.72135 ], [ -71.65758, -9.72162 ] ], [ [ -71.64395, -9.72175 ], [ -71.64718, -9.71047 ], [ -71.64562, -9.72025 ], [ -71.6522, -9.721 ], [ -71.64395, -9.72175 ] ], [ [ -71.62953, -9.70591 ], [ -71.6269, -9.71388 ], [ -71.62602, -9.71447 ], [ -71.62953, -9.70591 ] ], [ [ -71.57575, -9.66945 ], [ -71.57921, -9.6825 ], [ -71.57371, -9.66888 ], [ -71.57575, -9.66945 ] ], [ [ -71.55722, -9.66843 ], [ -71.55816, -9.66902 ], [ -71.55762, -9.66955 ], [ -71.55722, -9.66843 ] ], [ [ -71.80638, -9.68124 ], [ -71.80636, -9.68134 ], [ -71.80211, -9.68527 ], [ -71.80638, -9.68124 ] ], [ [ -71.79735, -9.68272 ], [ -71.79761, -9.68286 ], [ -71.79266, -9.68816 ], [ -71.79735, -9.68272 ] ], [ [ -71.79342, -9.69328 ], [ -71.78984, -9.69128 ], [ -71.79402, -9.69312 ], [ -71.79342, -9.69328 ] ], [ [ -71.78907, -9.6963 ], [ -71.79073, -9.69533 ], [ -71.79318, -9.69725 ], [ -71.78907, -9.6963 ] ], [ [ -71.79398, -9.69787 ], [ -71.79052, -9.69981 ], [ -71.79349, -9.69749 ], [ -71.79398, -9.69787 ] ], [ [ -71.79337, -9.70237 ], [ -71.79144, -9.70064 ], [ -71.79359, -9.7022 ], [ -71.79337, -9.70237 ] ], [ [ -71.80652, -9.70392 ], [ -71.80761, -9.7004 ], [ -71.80792, -9.70435 ], [ -71.80652, -9.70392 ] ], [ [ -71.80779, -9.70723 ], [ -71.80812, -9.70688 ], [ -71.80815, -9.70733 ], [ -71.80779, -9.70723 ] ], [ [ -71.83039, -9.72292 ], [ -71.83006, -9.71434 ], [ -71.83058, -9.72266 ], [ -71.83039, -9.72292 ] ], [ [ -71.83675, -9.71971 ], [ -71.83678, -9.72048 ], [ -71.83315, -9.72256 ], [ -71.833, -9.72182 ], [ -71.83675, -9.71971 ] ], [ [ -71.632, -9.71045 ], [ -71.64071, -9.71181 ], [ -71.64061, -9.71212 ], [ -71.632, -9.71045 ] ], [ [ -71.648, -9.7054 ], [ -71.64274, -9.70545 ], [ -71.64814, -9.70448 ], [ -71.648, -9.7054 ] ], [ [ -71.58415, -9.55305 ], [ -71.59077, -9.54948 ], [ -71.59082, -9.54951 ], [ -71.58415, -9.55305 ] ], [ [ -71.58764, -9.55925 ], [ -71.5863, -9.56182 ], [ -71.58415, -9.55305 ], [ -71.58764, -9.55925 ] ], [ [ -71.58573, -9.5629 ], [ -71.57471, -9.56588 ], [ -71.58585, -9.56267 ], [ -71.58573, -9.5629 ] ], [ [ -71.57245, -9.56649 ], [ -71.56284, -9.5626 ], [ -71.5726, -9.56645 ], [ -71.57245, -9.56649 ] ], [ [ -71.55908, -9.56431 ], [ -71.55879, -9.56414 ], [ -71.56284, -9.5626 ], [ -71.55908, -9.56431 ] ], [ [ -71.51876, -9.47598 ], [ -71.51903, -9.47644 ], [ -71.51337, -9.48877 ], [ -71.51876, -9.47598 ] ], [ [ -71.48307, -9.40595 ], [ -71.48323, -9.40601 ], [ -71.48155, -9.43291 ], [ -71.48307, -9.40595 ] ], [ [ -71.4338, -9.38662 ], [ -71.43298, -9.38491 ], [ -71.43413, -9.38642 ], [ -71.4338, -9.38662 ] ], [ [ -71.52106, -9.65679 ], [ -71.5211, -9.65719 ], [ -71.52063, -9.65716 ], [ -71.52106, -9.65679 ] ], [ [ -71.79178, -9.48281 ], [ -71.79159, -9.48343 ], [ -71.79154, -9.4828 ], [ -71.79178, -9.48281 ] ], [ [ -71.75165, -9.45431 ], [ -71.74761, -9.45791 ], [ -71.75162, -9.45421 ], [ -71.75165, -9.45431 ] ], [ [ -71.75006, -9.44969 ], [ -71.75154, -9.45398 ], [ -71.74779, -9.44755 ], [ -71.75006, -9.44969 ] ], [ [ -71.74519, -9.44509 ], [ -71.74594, -9.4458 ], [ -71.73895, -9.4476 ], [ -71.74519, -9.44509 ] ], [ [ -71.73696, -9.44221 ], [ -71.73574, -9.44842 ], [ -71.73534, -9.44853 ], [ -71.73696, -9.44221 ] ], [ [ -71.73112, -9.44105 ], [ -71.7311, -9.44087 ], [ -71.73696, -9.44221 ], [ -71.73112, -9.44105 ] ], [ [ -71.72263, -9.42599 ], [ -71.72566, -9.42378 ], [ -71.72271, -9.42619 ], [ -71.72263, -9.42599 ] ], [ [ -71.46622, -9.11439 ], [ -71.46513, -9.10244 ], [ -71.46542, -9.10226 ], [ -71.46622, -9.11439 ] ], [ [ -71.44808, -9.08677 ], [ -71.44932, -9.09504 ], [ -71.44713, -9.09059 ], [ -71.44808, -9.08677 ] ], [ [ -71.45531, -9.09428 ], [ -71.45987, -9.09537 ], [ -71.44932, -9.09504 ], [ -71.45531, -9.09428 ] ], [ [ -71.45501, -9.08703 ], [ -71.45202, -9.08519 ], [ -71.45523, -9.08547 ], [ -71.45531, -9.09428 ], [ -71.45501, -9.08703 ] ], [ [ -71.45105, -9.0846 ], [ -71.45086, -9.08449 ], [ -71.45117, -9.0838 ], [ -71.45105, -9.0846 ] ], [ [ -71.45552, -9.0745 ], [ -71.45472, -9.07575 ], [ -71.45508, -9.07493 ], [ -71.44938, -9.07744 ], [ -71.45891, -9.07243 ], [ -71.45554, -9.07065 ], [ -71.46484, -9.06994 ], [ -71.45552, -9.0745 ] ], [ [ -71.45423, -9.06422 ], [ -71.43862, -9.06575 ], [ -71.44649, -9.06231 ], [ -71.45423, -9.06422 ] ], [ [ -71.45056, -9.05812 ], [ -71.45051, -9.05816 ], [ -71.45052, -9.05807 ], [ -71.45056, -9.05812 ] ], [ [ -71.45194, -9.05879 ], [ -71.45168, -9.05863 ], [ -71.45055, -9.0558 ], [ -71.45194, -9.05879 ] ], [ [ -71.45201, -9.05031 ], [ -71.45123, -9.04675 ], [ -71.452, -9.04628 ], [ -71.45201, -9.05031 ] ], [ [ -71.44213, -9.04407 ], [ -71.44101, -9.04407 ], [ -71.43925, -9.05117 ], [ -71.44099, -9.04367 ], [ -71.43769, -9.04137 ], [ -71.44213, -9.04407 ] ], [ [ -71.44943, -9.05028 ], [ -71.44887, -9.04817 ], [ -71.45068, -9.04708 ], [ -71.44943, -9.05028 ] ], [ [ -71.44285, -9.05407 ], [ -71.44868, -9.05219 ], [ -71.44815, -9.05354 ], [ -71.44285, -9.05407 ] ], [ [ -71.43939, -9.05128 ], [ -71.44379, -9.04635 ], [ -71.43984, -9.05149 ], [ -71.44285, -9.05407 ], [ -71.43939, -9.05128 ] ], [ [ -71.43697, -9.04408 ], [ -71.43695, -9.04417 ], [ -71.43676, -9.04388 ], [ -71.43697, -9.04408 ] ], [ [ -71.42323, -9.0092 ], [ -71.42684, -9.0109 ], [ -71.42726, -9.01158 ], [ -71.42323, -9.0092 ] ], [ [ -71.42882, -9.01891 ], [ -71.43057, -9.01718 ], [ -71.43044, -9.01644 ], [ -71.43602, -9.01381 ], [ -71.42882, -9.01891 ] ], [ [ -71.43123, -9.0223 ], [ -71.43269, -9.02286 ], [ -71.4378, -9.0179 ], [ -71.43134, -9.02518 ], [ -71.43123, -9.0223 ] ], [ [ -71.43526, -9.0259 ], [ -71.43522, -9.02631 ], [ -71.43134, -9.02518 ], [ -71.43526, -9.0259 ] ], [ [ -71.41544, -9.00398 ], [ -71.42581, -9.0394 ], [ -71.41408, -9.0058 ], [ -71.41544, -9.00398 ] ], [ [ -71.41613, -8.99351 ], [ -71.41797, -9.00001 ], [ -71.41557, -8.99367 ], [ -71.41613, -8.99351 ] ], [ [ -71.41736, -8.98854 ], [ -71.40943, -8.98895 ], [ -71.41634, -8.98687 ], [ -71.41736, -8.98854 ] ], [ [ -71.40585, -8.98914 ], [ -71.40157, -8.98937 ], [ -71.4011, -8.98758 ], [ -71.40585, -8.98914 ] ], [ [ -71.40041, -8.98501 ], [ -71.39864, -8.97982 ], [ -71.40065, -8.98308 ], [ -71.40041, -8.98501 ] ], [ [ -71.39189, -8.95535 ], [ -71.39201, -8.95604 ], [ -71.39173, -8.95574 ], [ -71.39189, -8.95535 ] ], [ [ -71.39483, -8.95399 ], [ -71.39233, -8.95433 ], [ -71.39245, -8.95404 ], [ -71.39483, -8.95399 ] ], [ [ -71.40522, -8.95785 ], [ -71.40145, -8.95386 ], [ -71.40236, -8.95384 ], [ -71.40522, -8.95785 ] ], [ [ -71.39745, -8.96173 ], [ -71.4025, -8.95532 ], [ -71.39466, -8.96618 ], [ -71.39745, -8.96173 ] ], [ [ -71.40747, -8.96321 ], [ -71.40462, -8.96914 ], [ -71.40788, -8.96157 ], [ -71.4098, -8.96425 ], [ -71.40747, -8.96321 ] ], [ [ -71.39075, -8.92831 ], [ -71.3867, -8.93572 ], [ -71.39377, -8.93198 ], [ -71.38401, -8.93911 ], [ -71.3898, -8.92733 ], [ -71.3782, -8.93154 ], [ -71.38823, -8.9267 ], [ -71.38565, -8.92477 ], [ -71.38797, -8.92466 ], [ -71.39075, -8.92831 ] ], [ [ -71.38657, -9.56807 ], [ -71.38578, -9.56699 ], [ -71.38866, -9.56666 ], [ -71.38657, -9.56807 ] ], [ [ -71.38229, -9.55292 ], [ -71.38387, -9.55101 ], [ -71.38152, -9.56119 ], [ -71.38229, -9.55292 ] ], [ [ -71.34416, -9.49594 ], [ -71.35246, -9.49888 ], [ -71.35266, -9.50001 ], [ -71.34416, -9.49594 ] ], [ [ -71.42756, -9.02088 ], [ -71.42675, -9.02095 ], [ -71.42702, -9.02068 ], [ -71.42756, -9.02088 ] ] ] } },
{ "type": "Feature", "properties": { "cluster": 90.0, "hvi": 0.1197, "population": 454, "setores": 1, "municipio": "Feijó" }, "geometry": { "type": "Polygon", "coordinates": [ [ [ -69.99415, -8.087 ], [ -70.00517, -8.09724 ], [ -70.01946, -8.09939 ], [ -70.03549, -8.1114 ], [ -70.04027, -8.13898 ], [ -70.05162, -8.15151 ], [ -70.05463, -8.15977 ], [ -70.06622, -8.16057 ], [ -70.0794, -8.16894 ], [ -70.09701, -8.17261 ], [ -70.10701, -8.18022 ], [ -70.1133, -8.19667 ], [ -70.11686, -8.19822 ], [ -70.15417, -8.18248 ], [ -70.16043, -8.18334 ], [ -70.17247, -8.17623 ], [ -70.17551, -8.16323 ], [ -70.18414, -8.15084 ], [ -70.18991, -8.12096 ], [ -70.18792, -8.10869 ], [ -70.21329, -8.09164 ], [ -70.22895, -8.07668 ], [ -70.23204, -8.06821 ], [ -70.23715, -8.06795 ], [ -70.2455, -8.06162 ], [ -70.24844, -8.04832 ], [ -70.25378, -8.0444 ], [ -70.26436, -8.04392 ], [ -70.26385, -8.03375 ], [ -70.26744, -8.02443 ], [ -70.26467, -8.02027 ], [ -70.24279, -8.01147 ], [ -70.24966, -8.00454 ], [ -70.2421, -7.99461 ], [ -70.24336, -7.9883 ], [ -70.24057, -7.98377 ], [ -70.23371, -7.98484 ], [ -70.2269, -7.99852 ], [ -70.22252, -7.99417 ], [ -70.2154, -7.99731 ], [ -70.21179, -7.9905 ], [ -70.20386, -7.98876 ], [ -70.19248, -7.97974 ], [ -70.19821, -7.95276 ], [ -70.17526, -7.95378 ], [ -70.16822, -7.94621 ], [ -70.16532, -7.93548 ], [ -70.1646, -7.93932 ], [ -70.16038, -7.94097 ], [ -70.1646, -7.947 ], [ -70.15805, -7.95492 ], [ -70.15927, -7.96095 ], [ -70.15534, -7.9726 ], [ -70.14558, -7.97492 ], [ -70.1401, -7.9851 ], [ -69.99415, -8.087 ] ] ] } },
{ "type": "Feature", "properties": { "cluster": 91.0, "hvi": 0.1246, "population": 2501, "setores": 3, "municipio": "Feijó" }, "geometry": { "type": "MultiPolygon", "coordinates": [ [ [ [ -70.34399, -8.16716 ], [ -70.34678, -8.17089 ], [ -70.3481, -8.17027 ], [ -70.3475, -8.16486 ], [ -70.34399, -8.16716 ] ] ], [ [ [ -70.35226, -8.15997 ], [ -70.34663, -8.15882 ], [ -70.34784, -8.16145 ], [ -70.34478, -8.16322 ], [ -70.34615, -8.16573 ], [ -70.35226, -8.15997 ] ] ], [ [ [ -70.34478, -8.16322 ], [ -70.33945, -8.15396 ], [ -70.33958, -8.16574 ], [ -70.34478, -8.16322 ] ] ] ] } },
{ "type": "Feature", "properties": { "cluster": 92.0, "hvi": 0.1016, "population": 2940, "setores": 7, "municipio": "Feijó" }, "geometry": { "type": "Polygon", "coordinates": [ [ [ -70.16043, -8.18334 ], [ -70.15417, -8.18248 ], [ -70.11686, -8.19822 ], [ -70.11263, -8.19416 ], [ -70.10844, -8.19855 ], [ -70.11257, -8.21335 ], [ -70.12554, -8.22391 ], [ -70.13782, -8.22551 ], [ -70.15173, -8.23535 ], [ -70.15557, -8.24768 ], [ -70.16391, -8.25466 ], [ -70.17124, -8.25697 ], [ -70.18771, -8.25478 ], [ -70.20289, -8.26212 ], [ -70.20907, -8.2764 ], [ -70.20521, -8.29132 ], [ -70.21266, -8.30507 ], [ -70.2118, -8.31658 ], [ -70.21564, -8.33066 ], [ -70.21173, -8.34661 ], [ -70.22051, -8.35603 ], [ -70.29631, -8.25093 ], [ -70.32837, -8.2171 ], [ -70.3434, -8.196 ], [ -70.33418, -8.19091 ], [ -70.32998, -8.18314 ], [ -70.33358, -8.17389 ], [ -70.32636, -8.17448 ], [ -70.33854, -8.16179 ], [ -70.33945, -8.15396 ], [ -70.35311, -8.15734 ], [ -70.3611, -8.15054 ], [ -70.37034, -8.15056 ], [ -70.37168, -8.1453 ], [ -70.36645, -8.13452 ], [ -70.35641, -8.134 ], [ -70.343, -8.12692 ], [ -70.35351, -8.12062 ], [ -70.35201, -8.11074 ], [ -70.34399, -8.10577 ], [ -70.34924, -8.10055 ], [ -70.34865, -8.09621 ], [ -70.34, -8.09672 ], [ -70.3288, -8.10999 ], [ -70.32735, -8.11011 ], [ -70.32587, -8.10911 ], [ -70.33047, -8.0993 ], [ -70.3385, -8.08893 ], [ -70.32817, -8.08411 ], [ -70.32575, -8.08773 ], [ -70.31721, -8.0851 ], [ -70.31895, -8.08988 ], [ -70.31454, -8.08189 ], [ -70.31886, -8.07193 ], [ -70.32914, -8.06901 ], [ -70.33784, -8.06081 ], [ -70.34132, -8.05253 ], [ -70.36422, -8.0274 ], [ -70.41761, -7.97865 ], [ -70.4797, -8.02496 ], [ -70.46538, -8.0643 ], [ -70.47276, -8.08064 ], [ -70.4931, -8.08904 ], [ -70.49432, -8.10835 ], [ -70.48847, -8.11014 ], [ -70.47563, -8.13188 ], [ -70.46622, -8.12966 ], [ -70.45419, -8.1338 ], [ -70.45907, -8.14285 ], [ -70.45654, -8.14639 ], [ -70.43121, -8.14213 ], [ -70.42973, -8.1479 ], [ -70.42412, -8.15059 ], [ -70.42498, -8.15444 ], [ -70.42139, -8.15417 ], [ -70.4198, -8.15845 ], [ -70.40916, -8.14963 ], [ -70.3816, -8.1626 ], [ -70.38956, -8.16685 ], [ -70.39077, -8.17793 ], [ -70.38233, -8.17219 ], [ -70.37799, -8.18014 ], [ -70.37914, -8.18316 ], [ -70.40706, -8.1868 ], [ -70.41124, -8.19205 ], [ -70.4035, -8.19646 ], [ -70.41185, -8.20344 ], [ -70.41412, -8.21041 ], [ -70.40638, -8.21343 ], [ -70.41738, -8.22145 ], [ -70.42101, -8.22844 ], [ -70.41698, -8.24255 ], [ -70.42319, -8.24274 ], [ -70.42952, -8.23772 ], [ -70.43304, -8.24204 ], [ -70.43255, -8.2576 ], [ -70.42845, -8.26968 ], [ -70.43452, -8.27824 ], [ -70.45016, -8.27186 ], [ -70.45712, -8.27495 ], [ -70.46312, -8.28262 ], [ -70.46284, -8.29268 ], [ -70.44845, -8.2863 ], [ -70.44575, -8.30475 ], [ -70.45398, -8.31076 ], [ -70.46319, -8.30705 ], [ -70.47124, -8.30796 ], [ -70.47301, -8.31233 ], [ -70.46642, -8.32075 ], [ -70.46771, -8.32316 ], [ -70.47474, -8.32117 ], [ -70.47763, -8.31336 ], [ -70.49523, -8.32452 ], [ -70.4912, -8.33249 ], [ -70.48325, -8.3301 ], [ -70.47289, -8.33216 ], [ -70.47263, -8.33671 ], [ -70.47819, -8.33845 ], [ -70.49758, -8.33906 ], [ -70.50938, -8.33383 ], [ -70.52775, -8.33479 ], [ -70.53201, -8.32707 ], [ -70.54943, -8.33287 ], [ -70.55002, -8.29155 ], [ -70.56229, -8.28796 ], [ -70.56518, -8.28283 ], [ -70.5796, -8.28203 ], [ -70.58844, -8.27054 ], [ -70.59733, -8.26678 ], [ -70.59438, -8.25514 ], [ -70.59737, -8.25042 ], [ -70.58696, -8.2322 ], [ -70.57742, -8.22374 ], [ -70.56957, -8.22268 ], [ -70.56429, -8.21361 ], [ -70.56569, -8.2094 ], [ -70.57522, -8.20495 ], [ -70.58023, -8.19595 ], [ -70.5674, -8.17152 ], [ -70.55869, -8.16672 ], [ -70.55513, -8.15679 ], [ -70.56454, -8.14492 ], [ -70.56474, -8.13692 ], [ -70.56849, -8.13507 ], [ -70.57815, -8.11578 ], [ -70.57443, -8.10191 ], [ -70.57878, -8.06155 ], [ -70.57789, -8.05525 ], [ -70.56943, -8.04981 ], [ -70.56807, -8.04301 ], [ -70.5747, -8.03325 ], [ -70.57403, -8.02838 ], [ -70.57684, -8.02878 ], [ -70.57473, -8.02224 ], [ -70.57918, -8.02117 ], [ -70.57766, -8.01766 ], [ -70.58123, -8.01754 ], [ -70.58475, -8.00762 ], [ -70.58942, -8.00402 ], [ -70.58728, -8.00128 ], [ -70.58989, -7.99813 ], [ -70.58513, -7.99572 ], [ -70.59202, -7.99297 ], [ -70.59214, -7.98985 ], [ -70.6051, -7.99612 ], [ -70.61051, -7.99086 ], [ -70.61758, -7.99314 ], [ -70.62039, -7.99183 ], [ -70.61974, -7.98664 ], [ -70.62525, -7.98416 ], [ -70.62461, -7.98067 ], [ -70.62812, -7.98442 ], [ -70.63216, -7.98381 ], [ -70.63046, -7.97884 ], [ -70.63572, -7.97512 ], [ -70.63138, -7.97409 ], [ -70.63453, -7.96975 ], [ -70.63238, -7.96423 ], [ -70.63895, -7.96232 ], [ -70.63812, -7.95673 ], [ -70.64043, -7.95824 ], [ -70.64035, -7.95453 ], [ -70.64694, -7.95191 ], [ -70.64179, -7.95058 ], [ -70.64398, -7.9491 ], [ -70.64234, -7.94384 ], [ -70.63869, -7.94558 ], [ -70.6324, -7.94236 ], [ -70.63309, -7.93573 ], [ -70.6424, -7.93184 ], [ -70.64261, -7.92916 ], [ -70.62974, -7.92687 ], [ -70.64172, -7.92356 ], [ -70.64753, -7.90913 ], [ -70.64315, -7.90646 ], [ -70.63858, -7.909 ], [ -70.63686, -7.92193 ], [ -70.63062, -7.91476 ], [ -70.61964, -7.91166 ], [ -70.61689, -7.90589 ], [ -70.62026, -7.89364 ], [ -70.60043, -7.89379 ], [ -70.60761, -7.87469 ], [ -70.60348, -7.87187 ], [ -70.58379, -7.87298 ], [ -70.57981, -7.85589 ], [ -70.57033, -7.85309 ], [ -70.57748, -7.84163 ], [ -70.56874, -7.83316 ], [ -70.54578, -7.82111 ], [ -70.54438, -7.80679 ], [ -70.51894, -7.7984 ], [ -70.51515, -7.79238 ], [ -70.05498, -7.84515 ], [ -70.05191, -7.84777 ], [ -70.05459, -7.85942 ], [ -70.06714, -7.86094 ], [ -70.06339, -7.85298 ], [ -70.06513, -7.84802 ], [ -70.07719, -7.851 ], [ -70.08168, -7.85709 ], [ -70.09759, -7.85631 ], [ -70.10876, -7.86451 ], [ -70.10578, -7.87355 ], [ -70.12199, -7.88554 ], [ -70.11159, -7.89313 ], [ -70.11274, -7.90183 ], [ -70.12251, -7.89003 ], [ -70.129, -7.8876 ], [ -70.13918, -7.89024 ], [ -70.15695, -7.90189 ], [ -70.1544, -7.90741 ], [ -70.15744, -7.91105 ], [ -70.16346, -7.90431 ], [ -70.18072, -7.90642 ], [ -70.17401, -7.92336 ], [ -70.17709, -7.92604 ], [ -70.18517, -7.92337 ], [ -70.18991, -7.92973 ], [ -70.18135, -7.92902 ], [ -70.17926, -7.93925 ], [ -70.17342, -7.9316 ], [ -70.16497, -7.93354 ], [ -70.16822, -7.94621 ], [ -70.17526, -7.95378 ], [ -70.19821, -7.95276 ], [ -70.19248, -7.97974 ], [ -70.20386, -7.98876 ], [ -70.21179, -7.9905 ], [ -70.2154, -7.99731 ], [ -70.22252, -7.99417 ], [ -70.22901, -7.99817 ], [ -70.23499, -7.98362 ], [ -70.24277, -7.98559 ], [ -70.2421, -7.99461 ], [ -70.24966, -8.00454 ], [ -70.24279, -8.01147 ], [ -70.26467, -8.02027 ], [ -70.26748, -8.02575 ], [ -70.26385, -8.03375 ], [ -70.26436, -8.04392 ], [ -70.25378, -8.0444 ], [ -70.24844, -8.04832 ], [ -70.2455, -8.06162 ], [ -70.23715, -8.06795 ], [ -70.23204, -8.06821 ], [ -70.22895, -8.07668 ], [ -70.21329, -8.09164 ], [ -70.18792, -8.10869 ], [ -70.18991, -8.12096 ], [ -70.18414, -8.15084 ], [ -70.17551, -8.16323 ], [ -70.17247, -8.17623 ], [ -70.17329, -8.17625 ], [ -70.16043, -8.18334 ] ], [ [ -70.32187, -8.11054 ], [ -70.32164, -8.1058 ], [ -70.32389, -8.10979 ], [ -70.32616, -8.1102 ], [ -70.32187, -8.11054 ] ], [ [ -70.32039, -8.11962 ], [ -70.32011, -8.11919 ], [ -70.32046, -8.11898 ], [ -70.32039, -8.11962 ] ], [ [ -70.23232, -8.16415 ], [ -70.19667, -8.1768 ], [ -70.23067, -8.16421 ], [ -70.23232, -8.16415 ] ], [ [ -70.27637, -8.18424 ], [ -70.28995, -8.18156 ], [ -70.27654, -8.1843 ], [ -70.27637, -8.18424 ] ], [ [ -70.24619, -8.16872 ], [ -70.25474, -8.17638 ], [ -70.24766, -8.17225 ], [ -70.24619, -8.16872 ] ], [ [ -70.24073, -8.16384 ], [ -70.24323, -8.16608 ], [ -70.23815, -8.16394 ], [ -70.24073, -8.16384 ] ], [ [ -70.40528, -8.15867 ], [ -70.40544, -8.15858 ], [ -70.44255, -8.15902 ], [ -70.40528, -8.15867 ] ], [ [ -70.30899, -8.09092 ], [ -70.31068, -8.09035 ], [ -70.31044, -8.09096 ], [ -70.30899, -8.09092 ] ], [ [ -70.30539, -8.087 ], [ -70.30757, -8.09088 ], [ -70.30711, -8.09086 ], [ -70.30539, -8.087 ] ], [ [ -70.29574, -8.06292 ], [ -70.29582, -8.06542 ], [ -70.29462, -8.06271 ], [ -70.29574, -8.06292 ] ], [ [ -70.28856, -8.06163 ], [ -70.29047, -8.06197 ], [ -70.28794, -8.06219 ], [ -70.28856, -8.06163 ] ], [ [ -70.28542, -8.02601 ], [ -70.28529, -8.02654 ], [ -70.27128, -8.01403 ], [ -70.28542, -8.02601 ] ], [ [ -70.44189, -7.88243 ], [ -70.44285, -7.88247 ], [ -70.44231, -7.89326 ], [ -70.44189, -7.88243 ] ] ] } },
{ "type": "Feature", "properties": { "cluster": 93.0, "hvi": 0.0933, "population": 2909, "setores": 8, "municipio": "Feijó" }, "geometry": { "type": "MultiPolygon", "coordinates": [ [ [ [ -70.35714, -8.16478 ], [ -70.35454, -8.16521 ], [ -70.35704, -8.171 ], [ -70.35941, -8.17147 ], [ -70.35714, -8.16478 ] ] ], [ [ [ -70.35235, -8.16769 ], [ -70.35228, -8.16445 ], [ -70.35634, -8.16442 ], [ -70.35738, -8.16212 ], [ -70.35244, -8.16062 ], [ -70.35522, -8.16085 ], [ -70.35529, -8.15617 ], [ -70.35244, -8.1606 ], [ -70.3516, -8.16105 ], [ -70.35226, -8.15997 ], [ -70.34947, -8.16183 ], [ -70.34931, -8.16473 ], [ -70.34837, -8.16482 ], [ -70.34875, -8.16795 ], [ -70.35235, -8.16769 ] ], [ [ -70.34935, -8.16473 ], [ -70.35009, -8.16352 ], [ -70.35228, -8.16445 ], [ -70.34935, -8.16473 ] ] ], [ [ [ -70.3597, -8.16182 ], [ -70.35738, -8.16212 ], [ -70.35907, -8.16957 ], [ -70.36181, -8.16893 ], [ -70.3597, -8.16182 ] ] ], [ [ [ -70.3556, -8.16151 ], [ -70.38113, -8.16239 ], [ -70.40136, -8.14238 ], [ -70.3905, -8.13235 ], [ -70.37168, -8.1453 ], [ -70.37034, -8.15056 ], [ -70.35772, -8.15294 ], [ -70.3556, -8.16151 ] ] ] ] } },
{ "type": "Feature", "properties": { "cluster": 94.0, "hvi": 0.089, "population": 3282, "setores": 11, "municipio": "Feijó" }, "geometry": { "type": "MultiPolygon", "coordinates": [ [ [ [ -70.36507, -8.17261 ], [ -70.36258, -8.16957 ], [ -70.36078, -8.17097 ], [ -70.36181, -8.16893 ], [ -70.35704, -8.171 ], [ -70.35711, -8.17251 ], [ -70.35953, -8.17205 ], [ -70.35805, -8.17465 ], [ -70.35743, -8.17264 ], [ -70.35645, -8.17597 ], [ -70.35638, -8.17367 ], [ -70.3542, -8.17362 ], [ -70.35391, -8.17938 ], [ -70.35602, -8.17967 ], [ -70.35539, -8.17975 ], [ -70.35367, -8.18601 ], [ -70.36736, -8.17828 ], [ -70.36483, -8.18295 ], [ -70.36921, -8.18883 ], [ -70.35861, -8.19167 ], [ -70.3525, -8.20051 ], [ -70.35405, -8.20206 ], [ -70.3512, -8.20228 ], [ -70.35369, -8.21292 ], [ -70.35149, -8.21812 ], [ -70.35478, -8.22142 ], [ -70.34649, -8.22849 ], [ -70.34909, -8.24357 ], [ -70.33998, -8.25439 ], [ -70.43188, -8.26045 ], [ -70.43206, -8.24002 ], [ -70.42952, -8.23772 ], [ -70.42319, -8.24274 ], [ -70.41698, -8.24255 ], [ -70.42101, -8.22844 ], [ -70.41738, -8.22145 ], [ -70.40638, -8.21343 ], [ -70.41412, -8.21041 ], [ -70.41185, -8.20344 ], [ -70.4035, -8.19646 ], [ -70.41124, -8.19205 ], [ -70.40488, -8.18612 ], [ -70.37914, -8.18316 ], [ -70.37825, -8.1773 ], [ -70.38233, -8.17219 ], [ -70.39077, -8.17793 ], [ -70.39068, -8.16858 ], [ -70.38113, -8.16239 ], [ -70.36945, -8.16102 ], [ -70.3597, -8.16182 ], [ -70.36397, -8.17034 ], [ -70.36868, -8.17145 ], [ -70.36507, -8.17261 ] ], [ [ -70.35986, -8.17199 ], [ -70.36232, -8.17341 ], [ -70.36037, -8.17398 ], [ -70.35991, -8.17256 ], [ -70.35962, -8.17712 ], [ -70.35878, -8.17702 ], [ -70.35857, -8.17634 ], [ -70.35961, -8.1765 ], [ -70.35986, -8.17199 ] ], [ [ -70.3609, -8.17561 ], [ -70.36283, -8.17828 ], [ -70.36757, -8.17789 ], [ -70.35945, -8.17921 ], [ -70.36147, -8.17733 ], [ -70.3609, -8.17561 ] ], [ [ -70.35656, -8.1796 ], [ -70.35649, -8.1774 ], [ -70.35733, -8.1795 ], [ -70.35656, -8.1796 ] ] ], [ [ [ -70.35711, -8.17251 ], [ -70.35304, -8.17051 ], [ -70.35424, -8.17179 ], [ -70.35711, -8.17251 ] ] ] ] } },
{ "type": "Feature", "properties": { "cluster": 95.0, "hvi": 0.0929, "population": 2507, "setores": 15, "municipio": "Feijó" }, "geometry": { "type": "Polygon", "coordinates": [ [ [ -71.68676, -9.22284 ], [ -71.69286, -9.2254 ], [ -71.70476, -9.21548 ], [ -71.72227, -9.20761 ], [ -71.73434, -9.21194 ], [ -71.74155, -9.20947 ], [ -71.75559, -9.21257 ], [ -71.76075, -9.2078 ], [ -71.77768, -9.20864 ], [ -71.7848, -9.20785 ], [ -71.78761, -9.21105 ], [ -71.79165, -9.20769 ], [ -71.80013, -9.21163 ], [ -71.80922, -9.21136 ], [ -71.81591, -9.20588 ], [ -71.81172, -9.20282 ], [ -71.81172, -9.19829 ], [ -71.80525, -9.19505 ], [ -71.80587, -9.18525 ], [ -71.79294, -9.18175 ], [ -71.79111, -9.17106 ], [ -71.79451, -9.16782 ], [ -71.79132, -9.16344 ], [ -71.79494, -9.15515 ], [ -71.78895, -9.14918 ], [ -71.7855, -9.13627 ], [ -71.79168, -9.13461 ], [ -71.78763, -9.12354 ], [ -71.79014, -9.11626 ], [ -71.79167, -9.11515 ], [ -71.78988, -9.11779 ], [ -71.85744, -9.11841 ], [ -71.85525, -9.11103 ], [ -71.86073, -9.10447 ], [ -71.86036, -9.08572 ], [ -71.85483, -9.07059 ], [ -71.86676, -9.05666 ], [ -71.86761, -9.049 ], [ -71.87202, -9.04522 ], [ -71.87119, -9.03786 ], [ -71.88237, -9.01807 ], [ -71.88067, -9.01038 ], [ -71.88437, -9.00505 ], [ -71.87798, -8.99248 ], [ -71.88509, -8.9779 ], [ -71.88688, -8.95827 ], [ -71.88602, -8.95718 ], [ -71.89283, -8.96231 ], [ -71.89968, -8.95712 ], [ -71.90294, -8.9588 ], [ -71.90103, -8.9652 ], [ -71.90885, -8.97886 ], [ -71.89824, -8.98569 ], [ -71.90545, -8.99281 ], [ -71.90092, -9.00026 ], [ -71.90839, -9.00137 ], [ -71.91152, -9.01011 ], [ -71.92082, -9.00961 ], [ -71.92161, -9.01225 ], [ -71.91659, -9.01552 ], [ -71.92373, -9.01574 ], [ -71.93046, -9.02176 ], [ -71.93584, -9.01805 ], [ -71.93378, -9.01619 ], [ -71.93694, -9.01268 ], [ -71.94423, -9.01598 ], [ -71.94598, -9.01381 ], [ -71.94662, -9.01761 ], [ -71.95716, -9.01953 ], [ -71.9591, -9.02361 ], [ -71.96218, -9.02016 ], [ -71.9682, -9.02346 ], [ -71.96725, -9.02735 ], [ -71.97323, -9.02501 ], [ -71.97677, -9.03013 ], [ -71.98007, -9.02869 ], [ -71.99486, -9.03827 ], [ -72.00656, -9.03854 ], [ -72.01158, -9.04592 ], [ -72.00672, -9.05383 ], [ -72.01057, -9.06084 ], [ -72.01525, -9.06121 ], [ -72.02541, -9.06934 ], [ -72.03216, -9.06978 ], [ -72.04269, -9.02866 ], [ -72.02942, -9.00203 ], [ -72.02839, -8.97086 ], [ -72.03624, -8.94482 ], [ -72.0538, -8.93398 ], [ -72.04401, -8.90041 ], [ -72.07929, -8.86638 ], [ -72.08092, -8.85437 ], [ -72.07832, -8.84769 ], [ -72.07167, -8.84044 ], [ -72.05916, -8.84112 ], [ -72.04998, -8.83656 ], [ -72.05054, -8.83331 ], [ -72.04331, -8.83182 ], [ -72.03972, -8.82552 ], [ -72.03422, -8.82412 ], [ -72.03347, -8.81942 ], [ -72.01865, -8.80522 ], [ -72.01085, -8.80054 ], [ -72.0035, -8.80194 ], [ -72.00253, -8.79802 ], [ -71.99955, -8.79996 ], [ -71.99593, -8.79614 ], [ -71.99337, -8.7987 ], [ -71.98878, -8.79644 ], [ -71.9898, -8.79298 ], [ -71.98256, -8.78279 ], [ -71.98074, -8.78501 ], [ -71.9682, -8.77745 ], [ -71.96373, -8.78011 ], [ -71.96411, -8.78325 ], [ -71.95847, -8.78216 ], [ -71.95592, -8.78561 ], [ -71.94921, -8.78314 ], [ -71.94768, -8.78751 ], [ -71.94299, -8.78488 ], [ -71.93703, -8.78802 ], [ -71.93584, -8.78563 ], [ -71.93213, -8.79049 ], [ -71.92802, -8.78957 ], [ -71.92684, -8.79352 ], [ -71.91942, -8.78732 ], [ -71.91417, -8.79511 ], [ -71.91591, -8.79864 ], [ -71.90922, -8.7976 ], [ -71.90944, -8.80647 ], [ -71.89964, -8.80659 ], [ -71.89782, -8.80276 ], [ -71.89637, -8.8093 ], [ -71.89146, -8.81187 ], [ -71.88743, -8.80907 ], [ -71.89045, -8.80774 ], [ -71.8885, -8.80636 ], [ -71.885, -8.81014 ], [ -71.89245, -8.79616 ], [ -71.89649, -8.77886 ], [ -71.89231, -8.77276 ], [ -71.89038, -8.75861 ], [ -71.9034, -8.75507 ], [ -71.91208, -8.75957 ], [ -71.91417, -8.74591 ], [ -71.92124, -8.74093 ], [ -71.93153, -8.74157 ], [ -71.93459, -8.73771 ], [ -71.94102, -8.71521 ], [ -71.92864, -8.70202 ], [ -71.92031, -8.67699 ], [ -71.91226, -8.67551 ], [ -71.91482, -8.66988 ], [ -71.91291, -8.66447 ], [ -71.90317, -8.65566 ], [ -71.88398, -8.65275 ], [ -71.87591, -8.65664 ], [ -71.8569, -8.6556 ], [ -71.85253, -8.66073 ], [ -71.84032, -8.66576 ], [ -71.83208, -8.66264 ], [ -71.81379, -8.66688 ], [ -71.81077, -8.6637 ], [ -71.80633, -8.66771 ], [ -71.80354, -8.66457 ], [ -71.79339, -8.6721 ], [ -71.79015, -8.67087 ], [ -71.78671, -8.67615 ], [ -71.77734, -8.67613 ], [ -71.77358, -8.6715 ], [ -71.77743, -8.6701 ], [ -71.77993, -8.66216 ], [ -71.78843, -8.65993 ], [ -71.79878, -8.64426 ], [ -71.81054, -8.64438 ], [ -71.841, -8.61491 ], [ -71.83055, -8.60569 ], [ -71.78447, -8.57836 ], [ -71.77004, -8.58416 ], [ -71.76246, -8.57737 ], [ -71.74825, -8.57661 ], [ -71.73398, -8.56129 ], [ -71.71604, -8.55239 ], [ -71.68389, -8.59073 ], [ -71.71635, -8.55188 ], [ -71.6833, -8.53927 ], [ -71.67312, -8.53078 ], [ -71.67424, -8.51885 ], [ -71.65237, -8.51557 ], [ -71.6363, -8.49201 ], [ -71.62349, -8.4921 ], [ -71.61919, -8.47851 ], [ -71.6137, -8.47188 ], [ -71.59282, -8.44952 ], [ -71.57836, -8.44061 ], [ -71.57396, -8.4301 ], [ -71.56028, -8.42012 ], [ -71.54659, -8.41663 ], [ -71.53758, -8.43932 ], [ -71.4968, -8.44589 ], [ -71.48008, -8.44499 ], [ -71.47171, -8.45416 ], [ -71.46405, -8.45425 ], [ -71.46296, -8.45713 ], [ -71.45716, -8.45745 ], [ -71.45635, -8.45229 ], [ -71.45409, -8.45457 ], [ -71.44914, -8.45297 ], [ -71.44778, -8.4478 ], [ -71.43738, -8.4462 ], [ -71.43197, -8.44157 ], [ -71.42469, -8.44556 ], [ -71.41822, -8.44368 ], [ -71.40382, -8.4585 ], [ -71.40004, -8.4572 ], [ -71.39337, -8.46294 ], [ -71.40106, -8.46623 ], [ -71.401, -8.48088 ], [ -71.40778, -8.4774 ], [ -71.41353, -8.48088 ], [ -71.40658, -8.501 ], [ -71.42624, -8.4999 ], [ -71.4301, -8.50694 ], [ -71.44503, -8.5027 ], [ -71.44881, -8.51178 ], [ -71.44074, -8.51705 ], [ -71.441, -8.52231 ], [ -71.44958, -8.51552 ], [ -71.46194, -8.51263 ], [ -71.46366, -8.51862 ], [ -71.47053, -8.52031 ], [ -71.47095, -8.52328 ], [ -71.46589, -8.52439 ], [ -71.4634, -8.53008 ], [ -71.47259, -8.53636 ], [ -71.47319, -8.54204 ], [ -71.49095, -8.55444 ], [ -71.48692, -8.57005 ], [ -71.48829, -8.5726 ], [ -71.49662, -8.57268 ], [ -71.49387, -8.58406 ], [ -71.49833, -8.57862 ], [ -71.50185, -8.57922 ], [ -71.50623, -8.5883 ], [ -71.51335, -8.59144 ], [ -71.51971, -8.58159 ], [ -71.51962, -8.59322 ], [ -71.52374, -8.59967 ], [ -71.52674, -8.58711 ], [ -71.52992, -8.58787 ], [ -71.53009, -8.60001 ], [ -71.54031, -8.60188 ], [ -71.55524, -8.62301 ], [ -71.5561, -8.63039 ], [ -71.54958, -8.63514 ], [ -71.55515, -8.63947 ], [ -71.5563, -8.64843 ], [ -71.56062, -8.66202 ], [ -71.55821, -8.66205 ], [ -71.55994, -8.66723 ], [ -71.55586, -8.67394 ], [ -71.56063, -8.67955 ], [ -71.55491, -8.68972 ], [ -71.55589, -8.70069 ], [ -71.54497, -8.70919 ], [ -71.54253, -8.73932 ], [ -71.55684, -8.74153 ], [ -71.56038, -8.74856 ], [ -71.56678, -8.75153 ], [ -71.5661, -8.75471 ], [ -71.57323, -8.75501 ], [ -71.58181, -8.77206 ], [ -71.5802, -8.77846 ], [ -71.59204, -8.78754 ], [ -71.59795, -8.8048 ], [ -71.60692, -8.81465 ], [ -71.61804, -8.82082 ], [ -71.61994, -8.84606 ], [ -71.61483, -8.85454 ], [ -71.61859, -8.85842 ], [ -71.61861, -8.86555 ], [ -71.6173, -8.85827 ], [ -71.55259, -8.85077 ], [ -71.53792, -8.85946 ], [ -71.52515, -8.8736 ], [ -71.51346, -8.87359 ], [ -71.50256, -8.86955 ], [ -71.49144, -8.87602 ], [ -71.48899, -8.88192 ], [ -71.48155, -8.88409 ], [ -71.4849, -8.89609 ], [ -71.4766, -8.87708 ], [ -71.4699, -8.87784 ], [ -71.46887, -8.86813 ], [ -71.46239, -8.87131 ], [ -71.45647, -8.86741 ], [ -71.4575, -8.87305 ], [ -71.45012, -8.87106 ], [ -71.44789, -8.87439 ], [ -71.44252, -8.86902 ], [ -71.43285, -8.87867 ], [ -71.43019, -8.87365 ], [ -71.42113, -8.88675 ], [ -71.41557, -8.8781 ], [ -71.41407, -8.88255 ], [ -71.40871, -8.88077 ], [ -71.4092, -8.87593 ], [ -71.39708, -8.87748 ], [ -71.39015, -8.88999 ], [ -71.38806, -8.88569 ], [ -71.38034, -8.8842 ], [ -71.38405, -8.89648 ], [ -71.37536, -8.89167 ], [ -71.37124, -8.89359 ], [ -71.36221, -8.88706 ], [ -71.36571, -8.88054 ], [ -71.35854, -8.8827 ], [ -71.35601, -8.87392 ], [ -71.35493, -8.87748 ], [ -71.34848, -8.88026 ], [ -71.34438, -8.87002 ], [ -71.33852, -8.86809 ], [ -71.33481, -8.87551 ], [ -71.33082, -8.86822 ], [ -71.33191, -8.86444 ], [ -71.32631, -8.86678 ], [ -71.32309, -8.86148 ], [ -71.32152, -8.8634 ], [ -71.3264, -8.86898 ], [ -71.32206, -8.86913 ], [ -71.31773, -8.86533 ], [ -71.31599, -8.85395 ], [ -71.31002, -8.86421 ], [ -71.29994, -8.85454 ], [ -71.29968, -8.84651 ], [ -71.29477, -8.85034 ], [ -71.29608, -8.84316 ], [ -71.29098, -8.84093 ], [ -71.2909, -8.84731 ], [ -71.28294, -8.84201 ], [ -71.27863, -8.84996 ], [ -71.27483, -8.85049 ], [ -71.26528, -8.8397 ], [ -71.26966, -8.85183 ], [ -71.26337, -8.84763 ], [ -71.25891, -8.85162 ], [ -71.25543, -8.8453 ], [ -71.24541, -8.85575 ], [ -71.24106, -8.8545 ], [ -71.23728, -8.84996 ], [ -71.24016, -8.84403 ], [ -71.2372, -8.83436 ], [ -71.2332, -8.83366 ], [ -71.23228, -8.84044 ], [ -71.22563, -8.83902 ], [ -71.22812, -8.83285 ], [ -71.22142, -8.81983 ], [ -71.21529, -8.81801 ], [ -71.21411, -8.81464 ], [ -71.20733, -8.81532 ], [ -71.20666, -8.81076 ], [ -71.19988, -8.81205 ], [ -71.19709, -8.80497 ], [ -71.18533, -8.81341 ], [ -71.18368, -8.8055 ], [ -71.18604, -8.80156 ], [ -71.18194, -8.79441 ], [ -71.17951, -8.80015 ], [ -71.17184, -8.80143 ], [ -71.17163, -8.80546 ], [ -71.16781, -8.80591 ], [ -71.17103, -8.81135 ], [ -71.16845, -8.81096 ], [ -71.16057, -8.82283 ], [ -71.14385, -8.83572 ], [ -71.14263, -8.85069 ], [ -71.16219, -8.85633 ], [ -71.16535, -8.86698 ], [ -71.19114, -9.10044 ], [ -71.23163, -9.14754 ], [ -71.27106, -9.1665 ], [ -71.27896, -9.17315 ], [ -71.28534, -9.18696 ], [ -71.286, -9.20548 ], [ -71.28963, -9.21312 ], [ -71.31535, -9.22432 ], [ -71.33739, -9.221 ], [ -71.38016, -9.20248 ], [ -71.37793, -9.19622 ], [ -71.38033, -9.1851 ], [ -71.38699, -9.17808 ], [ -71.39752, -9.1801 ], [ -71.40811, -9.1472 ], [ -71.38124, -9.13612 ], [ -71.37718, -9.11268 ], [ -71.3768, -9.08389 ], [ -71.38223, -9.06912 ], [ -71.38014, -9.05676 ], [ -71.37272, -9.05299 ], [ -71.37023, -9.0416 ], [ -71.37407, -9.02596 ], [ -71.3605, -9.00144 ], [ -71.36065, -8.99133 ], [ -71.37072, -8.97944 ], [ -71.34924, -8.9277 ], [ -71.36045, -8.91314 ], [ -71.3784, -8.90646 ], [ -71.37494, -8.91128 ], [ -71.37954, -8.91167 ], [ -71.37975, -8.91855 ], [ -71.3881, -8.90964 ], [ -71.40167, -8.91394 ], [ -71.41592, -8.91244 ], [ -71.42368, -8.92105 ], [ -71.43529, -8.91906 ], [ -71.44642, -8.92749 ], [ -71.45706, -8.93021 ], [ -71.45911, -8.93759 ], [ -71.46464, -8.93965 ], [ -71.47013, -8.95647 ], [ -71.47866, -8.96264 ], [ -71.47913, -9.00388 ], [ -71.50933, -9.01185 ], [ -71.5147, -9.02937 ], [ -71.51311, -9.04653 ], [ -71.52016, -9.06211 ], [ -71.53528, -9.07031 ], [ -71.54288, -9.06534 ], [ -71.54202, -9.08314 ], [ -71.55403, -9.09332 ], [ -71.56117, -9.10808 ], [ -71.56355, -9.12101 ], [ -71.55635, -9.12986 ], [ -71.56661, -9.14188 ], [ -71.58363, -9.17629 ], [ -71.59014, -9.17831 ], [ -71.58579, -9.19829 ], [ -71.59497, -9.20948 ], [ -71.59923, -9.22213 ], [ -71.59541, -9.23806 ], [ -71.58532, -9.24666 ], [ -71.58289, -9.26139 ], [ -71.59078, -9.27488 ], [ -71.60502, -9.28198 ], [ -71.61711, -9.31054 ], [ -71.62828, -9.32188 ], [ -71.64296, -9.35099 ], [ -71.65267, -9.35956 ], [ -71.64911, -9.37312 ], [ -71.65739, -9.40184 ], [ -71.65674, -9.41371 ], [ -71.66633, -9.42246 ], [ -71.67796, -9.44054 ], [ -71.68492, -9.43391 ], [ -71.70942, -9.43028 ], [ -71.71205, -9.42633 ], [ -71.71988, -9.42417 ], [ -71.72382, -9.41875 ], [ -71.72392, -9.41214 ], [ -71.72769, -9.41198 ], [ -71.7234, -9.4109 ], [ -71.72581, -9.40386 ], [ -71.72134, -9.40102 ], [ -71.72535, -9.38741 ], [ -71.72204, -9.38457 ], [ -71.72507, -9.38373 ], [ -71.7246, -9.37915 ], [ -71.73031, -9.37691 ], [ -71.72904, -9.37402 ], [ -71.73215, -9.37489 ], [ -71.72919, -9.37033 ], [ -71.73288, -9.3681 ], [ -71.72826, -9.36734 ], [ -71.72959, -9.3615 ], [ -71.72527, -9.35712 ], [ -71.73122, -9.35465 ], [ -71.72341, -9.34606 ], [ -71.72395, -9.34283 ], [ -71.72153, -9.34469 ], [ -71.72073, -9.34167 ], [ -71.71699, -9.34203 ], [ -71.71866, -9.33718 ], [ -71.71484, -9.32871 ], [ -71.7185, -9.32564 ], [ -71.71606, -9.32369 ], [ -71.71707, -9.31813 ], [ -71.71274, -9.31481 ], [ -71.71668, -9.31279 ], [ -71.71098, -9.3074 ], [ -71.70202, -9.30658 ], [ -71.70474, -9.30205 ], [ -71.69911, -9.30147 ], [ -71.69331, -9.27904 ], [ -71.69821, -9.28009 ], [ -71.69848, -9.27418 ], [ -71.70252, -9.27344 ], [ -71.70095, -9.26872 ], [ -71.69604, -9.26807 ], [ -71.70078, -9.2664 ], [ -71.69484, -9.26444 ], [ -71.69167, -9.26783 ], [ -71.6852, -9.25879 ], [ -71.67788, -9.26019 ], [ -71.68105, -9.25507 ], [ -71.67296, -9.25864 ], [ -71.67132, -9.24826 ], [ -71.65625, -9.24512 ], [ -71.6595, -9.23836 ], [ -71.64745, -9.23601 ], [ -71.65591, -9.2367 ], [ -71.6528, -9.22811 ], [ -71.66101, -9.22363 ], [ -71.67461, -9.22586 ], [ -71.68676, -9.22284 ] ], [ [ -71.68287, -8.70002 ], [ -71.67369, -8.70067 ], [ -71.66788, -8.69699 ], [ -71.67658, -8.70018 ], [ -71.68287, -8.69876 ], [ -71.68302, -8.69236 ], [ -71.68287, -8.70002 ] ], [ [ -71.67409, -8.71633 ], [ -71.6938, -8.71879 ], [ -71.67294, -8.71658 ], [ -71.67066, -8.71984 ], [ -71.67538, -8.71231 ], [ -71.67409, -8.71633 ] ], [ [ -71.66709, -8.7352 ], [ -71.66804, -8.73109 ], [ -71.67287, -8.72471 ], [ -71.66709, -8.7352 ] ], [ [ -71.66959, -8.73708 ], [ -71.66698, -8.73565 ], [ -71.66704, -8.7354 ], [ -71.66959, -8.73708 ] ], [ [ -71.66615, -8.75103 ], [ -71.66597, -8.75044 ], [ -71.66906, -8.74921 ], [ -71.66615, -8.75103 ] ], [ [ -71.66732, -8.75539 ], [ -71.66352, -8.75728 ], [ -71.66334, -8.75678 ], [ -71.66732, -8.75539 ] ], [ [ -71.66328, -8.76635 ], [ -71.66274, -8.76346 ], [ -71.66323, -8.76305 ], [ -71.66328, -8.76635 ] ], [ [ -71.6677, -8.77374 ], [ -71.66457, -8.77324 ], [ -71.66409, -8.77064 ], [ -71.6677, -8.77374 ] ], [ [ -71.65605, -8.93591 ], [ -71.65172, -8.93198 ], [ -71.63478, -8.89736 ], [ -71.64062, -8.90928 ], [ -71.65605, -8.93591 ] ], [ [ -71.71662, -9.0888 ], [ -71.71569, -9.08711 ], [ -71.71598, -9.00887 ], [ -71.71662, -9.0888 ] ], [ [ -71.59921, -9.01146 ], [ -71.59834, -9.00829 ], [ -71.60393, -9.01265 ], [ -71.59921, -9.01146 ] ], [ [ -71.59739, -9.00816 ], [ -71.59797, -9.008 ], [ -71.59809, -9.00809 ], [ -71.59739, -9.00816 ] ], [ [ -71.59384, -9.00965 ], [ -71.59363, -9.00925 ], [ -71.59375, -9.00921 ], [ -71.59384, -9.00965 ] ], [ [ -71.59593, -9.01917 ], [ -71.59589, -9.01923 ], [ -71.59588, -9.01894 ], [ -71.59593, -9.01917 ] ], [ [ -71.60324, -9.04411 ], [ -71.60061, -9.04675 ], [ -71.60309, -9.04396 ], [ -71.60324, -9.04411 ] ], [ [ -71.61242, -9.08116 ], [ -71.61234, -9.08121 ], [ -71.60329, -9.07176 ], [ -71.61242, -9.08116 ] ], [ [ -71.61766, -9.11676 ], [ -71.61656, -9.11705 ], [ -71.60683, -9.11525 ], [ -71.61766, -9.11676 ] ], [ [ -71.63374, -9.19959 ], [ -71.63599, -9.19918 ], [ -71.63155, -9.20614 ], [ -71.63374, -9.19959 ] ], [ [ -71.6386, -9.1987 ], [ -71.63859, -9.19916 ], [ -71.63772, -9.19886 ], [ -71.6386, -9.1987 ] ], [ [ -71.64341, -9.2047 ], [ -71.64375, -9.20524 ], [ -71.63863, -9.20626 ], [ -71.63864, -9.20597 ], [ -71.64341, -9.2047 ] ], [ [ -71.64495, -9.20713 ], [ -71.63871, -9.21029 ], [ -71.64386, -9.20541 ], [ -71.64495, -9.20713 ] ], [ [ -71.64921, -9.22565 ], [ -71.64894, -9.22725 ], [ -71.6449, -9.22639 ], [ -71.64921, -9.22565 ] ], [ [ -71.65065, -9.2254 ], [ -71.65265, -9.22793 ], [ -71.64954, -9.22559 ], [ -71.65065, -9.2254 ] ], [ [ -71.88084, -8.95328 ], [ -71.88111, -8.95348 ], [ -71.87722, -8.95286 ], [ -71.88084, -8.95328 ] ], [ [ -71.86815, -8.9518 ], [ -71.86932, -8.95194 ], [ -71.86285, -8.9588 ], [ -71.86815, -8.9518 ] ], [ [ -71.85388, -8.95223 ], [ -71.85431, -8.95369 ], [ -71.85308, -8.95295 ], [ -71.85388, -8.95223 ] ], [ [ -71.85264, -8.93887 ], [ -71.85784, -8.94743 ], [ -71.85737, -8.94782 ], [ -71.85241, -8.93933 ], [ -71.85264, -8.93887 ] ], [ [ -71.84768, -8.92764 ], [ -71.85699, -8.9303 ], [ -71.84751, -8.92821 ], [ -71.84768, -8.92764 ] ], [ [ -71.84954, -8.92153 ], [ -71.8493, -8.92207 ], [ -71.8495, -8.92139 ], [ -71.84954, -8.92153 ] ], [ [ -71.8469, -8.91198 ], [ -71.8493, -8.92066 ], [ -71.84655, -8.91189 ], [ -71.8469, -8.91198 ] ], [ [ -71.83415, -8.90048 ], [ -71.83437, -8.90088 ], [ -71.83366, -8.90084 ], [ -71.83415, -8.90048 ] ], [ [ -71.81227, -8.83063 ], [ -71.82439, -8.83746 ], [ -71.81215, -8.83127 ], [ -71.81227, -8.83063 ] ], [ [ -71.79449, -8.81764 ], [ -71.79432, -8.81745 ], [ -71.81394, -8.82118 ], [ -71.79449, -8.81764 ] ], [ [ -71.78192, -8.82256 ], [ -71.78555, -8.82356 ], [ -71.78182, -8.82272 ], [ -71.78192, -8.82256 ] ], [ [ -71.81223, -9.02 ], [ -71.80741, -9.02325 ], [ -71.81207, -9.01992 ], [ -71.81223, -9.02 ] ], [ [ -71.88434, -8.81085 ], [ -71.87885, -8.80909 ], [ -71.88463, -8.81054 ], [ -71.88434, -8.81085 ] ], [ [ -71.85582, -8.81386 ], [ -71.85239, -8.81422 ], [ -71.8526, -8.81399 ], [ -71.85582, -8.81386 ] ], [ [ -71.85071, -8.81603 ], [ -71.84905, -8.81841 ], [ -71.84885, -8.81803 ], [ -71.85071, -8.81603 ] ], [ [ -71.84995, -8.82015 ], [ -71.85194, -8.82254 ], [ -71.85143, -8.82298 ], [ -71.84995, -8.82015 ] ], [ [ -71.77782, -8.80699 ], [ -71.76583, -8.79966 ], [ -71.76556, -8.79888 ], [ -71.77782, -8.80699 ] ], [ [ -71.76471, -8.79638 ], [ -71.76362, -8.79322 ], [ -71.76582, -8.78499 ], [ -71.76471, -8.79638 ] ], [ [ -71.7179, -8.72376 ], [ -71.71071, -8.72121 ], [ -71.71763, -8.72304 ], [ -71.7179, -8.72376 ] ], [ [ -71.71387, -8.72551 ], [ -71.7096, -8.73017 ], [ -71.70911, -8.72998 ], [ -71.71387, -8.72551 ] ], [ [ -71.66179, -8.64828 ], [ -71.67004, -8.62769 ], [ -71.66188, -8.64827 ], [ -71.66179, -8.64828 ] ], [ [ -71.6352, -8.67956 ], [ -71.63608, -8.66672 ], [ -71.63615, -8.66664 ], [ -71.63558, -8.67916 ], [ -71.6352, -8.67956 ] ], [ [ -71.63695, -8.68636 ], [ -71.61952, -8.69069 ], [ -71.62722, -8.68779 ], [ -71.63083, -8.68413 ], [ -71.62759, -8.68752 ], [ -71.63695, -8.68636 ] ], [ [ -71.64024, -8.69685 ], [ -71.6393, -8.69712 ], [ -71.63695, -8.68636 ], [ -71.64024, -8.69685 ] ], [ [ -71.64882, -8.69182 ], [ -71.64855, -8.69443 ], [ -71.64309, -8.69602 ], [ -71.64882, -8.69182 ] ], [ [ -71.65611, -8.69946 ], [ -71.65658, -8.69901 ], [ -71.65707, -8.70158 ], [ -71.65611, -8.69946 ] ], [ [ -71.65927, -8.70647 ], [ -71.65902, -8.7059 ], [ -71.66691, -8.70326 ], [ -71.65927, -8.70647 ] ], [ [ -71.57059, -8.98058 ], [ -71.57572, -8.97715 ], [ -71.57054, -8.98086 ], [ -71.57059, -8.98058 ] ], [ [ -71.37269, -8.89829 ], [ -71.37088, -8.90111 ], [ -71.37093, -8.9 ], [ -71.37269, -8.89829 ] ], [ [ -71.37948, -8.90497 ], [ -71.37936, -8.90513 ], [ -71.37749, -8.90064 ], [ -71.37948, -8.90497 ] ] ] } },
{ "type": "Feature", "properties": { "cluster": 96.0, "hvi": 0.1057, "population": 2996, "setores": 7, "municipio": "Feijó" }, "geometry": { "type": "Polygon", "coordinates": [ [ [ -69.94032, -8.55554 ], [ -69.94408, -8.56118 ], [ -69.94799, -8.56028 ], [ -69.94908, -8.56343 ], [ -69.95545, -8.56156 ], [ -69.95516, -8.55804 ], [ -69.9592, -8.55938 ], [ -69.95931, -8.5653 ], [ -69.9626, -8.56889 ], [ -69.96623, -8.56761 ], [ -69.96588, -8.57423 ], [ -69.97373, -8.57143 ], [ -69.98755, -8.57672 ], [ -69.98476, -8.58202 ], [ -69.98814, -8.58489 ], [ -69.98593, -8.58957 ], [ -69.98959, -8.58818 ], [ -69.98642, -8.5917 ], [ -69.98773, -8.60626 ], [ -69.99567, -8.60948 ], [ -69.99411, -8.61532 ], [ -69.99995, -8.61773 ], [ -70.00272, -8.63441 ], [ -70.00839, -8.63034 ], [ -70.01681, -8.63153 ], [ -70.02074, -8.63695 ], [ -70.02279, -8.63596 ], [ -70.02469, -8.64173 ], [ -70.03046, -8.64202 ], [ -70.0321, -8.65077 ], [ -70.03855, -8.65411 ], [ -70.05162, -8.65385 ], [ -70.05809, -8.6591 ], [ -70.0651, -8.65377 ], [ -70.06922, -8.65923 ], [ -70.07452, -8.65872 ], [ -70.07408, -8.66501 ], [ -70.08638, -8.67364 ], [ -70.09122, -8.66948 ], [ -70.09574, -8.67085 ], [ -70.10264, -8.66164 ], [ -70.11277, -8.66641 ], [ -70.1129, -8.66456 ], [ -70.11429, -8.66399 ], [ -70.12134, -8.67619 ], [ -70.1289, -8.67574 ], [ -70.13463, -8.68652 ], [ -70.13888, -8.68581 ], [ -70.14208, -8.68075 ], [ -70.15747, -8.68086 ], [ -70.16072, -8.6817 ], [ -70.1628, -8.69219 ], [ -70.16665, -8.68789 ], [ -70.17342, -8.69195 ], [ -70.17598, -8.68741 ], [ -70.18062, -8.68794 ], [ -70.18295, -8.69548 ], [ -70.1893, -8.69615 ], [ -70.18767, -8.69913 ], [ -70.19119, -8.69985 ], [ -70.19155, -8.70389 ], [ -70.19781, -8.70283 ], [ -70.19908, -8.70872 ], [ -70.20843, -8.7108 ], [ -70.21012, -8.71413 ], [ -70.21321, -8.71273 ], [ -70.21547, -8.7173 ], [ -70.22354, -8.71803 ], [ -70.23961, -8.72881 ], [ -70.25022, -8.72823 ], [ -70.27484, -8.7484 ], [ -70.31815, -8.74442 ], [ -70.33372, -8.76123 ], [ -70.35366, -8.77483 ], [ -70.36747, -8.7763 ], [ -70.38636, -8.78362 ], [ -70.40123, -8.79901 ], [ -70.43009, -8.81076 ], [ -70.44764, -8.81176 ], [ -70.45617, -8.82054 ], [ -70.46129, -8.81683 ], [ -70.46266, -8.80126 ], [ -70.4724, -8.79256 ], [ -70.47766, -8.79287 ], [ -70.4599, -8.71841 ], [ -70.45967, -8.6765 ], [ -70.45349, -8.65772 ], [ -70.44244, -8.56176 ], [ -70.40786, -8.40494 ], [ -70.35534, -8.39362 ], [ -70.34876, -8.38524 ], [ -70.34893, -8.37973 ], [ -70.33749, -8.37219 ], [ -70.33957, -8.36564 ], [ -70.33656, -8.35986 ], [ -70.21862, -8.35874 ], [ -70.17801, -8.41573 ], [ -70.1766, -8.4223 ], [ -70.15762, -8.46776 ], [ -70.14878, -8.47769 ], [ -70.05939, -8.50818 ], [ -70.08918, -8.49791 ], [ -70.06827, -8.45385 ], [ -70.04932, -8.43432 ], [ -70.04675, -8.41273 ], [ -70.04455, -8.40913 ], [ -70.0351, -8.40747 ], [ -70.02728, -8.37939 ], [ -70.00624, -8.37846 ], [ -70.00107, -8.37315 ], [ -69.99102, -8.37344 ], [ -69.97752, -8.36238 ], [ -69.96522, -8.36244 ], [ -69.95397, -8.35739 ], [ -69.94264, -8.33142 ], [ -69.9149, -8.30846 ], [ -69.94114, -8.2206 ], [ -69.96479, -8.20214 ], [ -69.99393, -8.18536 ], [ -69.99652, -8.17577 ], [ -69.99227, -8.16821 ], [ -69.99781, -8.15954 ], [ -69.99578, -8.14774 ], [ -70.01293, -8.11915 ], [ -70.01355, -8.09973 ], [ -69.99866, -8.09253 ], [ -69.98858, -8.08083 ], [ -69.99415, -8.087 ], [ -70.1401, -7.9851 ], [ -70.14558, -7.97492 ], [ -70.15534, -7.9726 ], [ -70.15927, -7.96095 ], [ -70.15805, -7.95492 ], [ -70.1646, -7.947 ], [ -70.16038, -7.94097 ], [ -70.1646, -7.93932 ], [ -70.16634, -7.93197 ], [ -70.17342, -7.9316 ], [ -70.17926, -7.93925 ], [ -70.18135, -7.92902 ], [ -70.18991, -7.92973 ], [ -70.18517, -7.92337 ], [ -70.17709, -7.92604 ], [ -70.17401, -7.92336 ], [ -70.18072, -7.90642 ], [ -70.16346, -7.90431 ], [ -70.15744, -7.91105 ], [ -70.1544, -7.90741 ], [ -70.15695, -7.90189 ], [ -70.13918, -7.89024 ], [ -70.12562, -7.88815 ], [ -70.11274, -7.90183 ], [ -70.11159, -7.89313 ], [ -70.12199, -7.88554 ], [ -70.10578, -7.87355 ], [ -70.10876, -7.86451 ], [ -70.09759, -7.85631 ], [ -70.08168, -7.85709 ], [ -70.07719, -7.851 ], [ -70.06513, -7.84802 ], [ -70.06339, -7.85298 ], [ -70.06631, -7.86179 ], [ -70.05459, -7.85942 ], [ -70.05191, -7.84777 ], [ -69.61896, -8.21718 ], [ -69.62653, -8.23007 ], [ -69.65383, -8.25196 ], [ -69.66293, -8.26671 ], [ -69.6623, -8.299 ], [ -69.66577, -8.30879 ], [ -69.66323, -8.31868 ], [ -69.67506, -8.3335 ], [ -69.6782, -8.35028 ], [ -69.68479, -8.35761 ], [ -69.68389, -8.38757 ], [ -69.69647, -8.41018 ], [ -69.68824, -8.46005 ], [ -69.68779, -8.46889 ], [ -69.69363, -8.48252 ], [ -69.68959, -8.49705 ], [ -69.69662, -8.50618 ], [ -69.7092, -8.51472 ], [ -69.71639, -8.53164 ], [ -69.70831, -8.54587 ], [ -69.70546, -8.57672 ], [ -69.69857, -8.58301 ], [ -69.69513, -8.59305 ], [ -69.69815, -8.60434 ], [ -69.71684, -8.61267 ], [ -69.72825, -8.6232 ], [ -69.932, -8.55209 ], [ -69.93536, -8.55597 ], [ -69.94032, -8.55554 ] ], [ [ -70.23104, -8.45408 ], [ -70.1933, -8.43343 ], [ -70.18781, -8.42884 ], [ -70.23104, -8.45408 ] ], [ [ -69.86751, -8.30626 ], [ -69.87364, -8.30308 ], [ -69.86326, -8.30981 ], [ -69.86712, -8.30399 ], [ -69.86751, -8.30626 ] ], [ [ -69.86643, -8.29996 ], [ -69.86651, -8.30046 ], [ -69.86609, -8.30006 ], [ -69.86643, -8.29996 ] ], [ [ -69.85501, -8.15691 ], [ -69.87498, -8.16067 ], [ -69.85789, -8.15835 ], [ -69.85501, -8.15691 ] ], [ [ -69.84741, -8.15249 ], [ -69.84801, -8.1534 ], [ -69.84674, -8.15277 ], [ -69.84741, -8.15249 ] ], [ [ -69.86204, -8.14656 ], [ -69.86017, -8.14719 ], [ -69.8618, -8.14651 ], [ -69.86204, -8.14656 ] ], [ [ -69.9548, -7.95104 ], [ -69.95394, -7.95197 ], [ -69.95439, -7.95086 ], [ -69.9548, -7.95104 ] ], [ [ -69.96131, -7.954 ], [ -69.96048, -7.95347 ], [ -69.96145, -7.95388 ], [ -69.96131, -7.954 ] ], [ [ -69.96244, -7.95303 ], [ -69.96199, -7.95342 ], [ -69.96583, -7.93912 ], [ -69.96244, -7.95303 ] ], [ [ -69.90964, -8.30616 ], [ -69.91112, -8.30955 ], [ -69.90797, -8.30704 ], [ -69.90964, -8.30616 ] ], [ [ -69.86295, -8.31001 ], [ -69.86254, -8.31028 ], [ -69.85589, -8.30968 ], [ -69.86295, -8.31001 ] ], [ [ -69.84876, -8.3821 ], [ -69.85115, -8.39145 ], [ -69.84841, -8.38311 ], [ -69.84876, -8.3821 ] ], [ [ -69.87693, -8.4614 ], [ -69.86537, -8.4763 ], [ -69.86478, -8.47539 ], [ -69.87693, -8.4614 ] ], [ [ -69.86606, -8.47736 ], [ -69.86547, -8.47645 ], [ -69.87151, -8.47467 ], [ -69.87111, -8.4753 ], [ -69.86606, -8.47736 ] ], [ [ -69.95497, -8.04842 ], [ -69.95454, -8.0479 ], [ -69.9553, -8.04597 ], [ -69.95497, -8.04842 ] ], [ [ -69.95201, -8.01314 ], [ -69.95176, -8.01271 ], [ -69.95303, -8.0109 ], [ -69.95201, -8.01314 ] ], [ [ -69.95982, -7.99607 ], [ -69.96089, -7.98912 ], [ -69.96398, -7.98699 ], [ -69.95982, -7.99607 ] ], [ [ -69.96125, -7.98295 ], [ -69.96105, -7.98265 ], [ -69.96414, -7.97898 ], [ -69.96125, -7.98295 ] ], [ [ -69.96333, -7.97176 ], [ -69.95893, -7.96883 ], [ -69.95908, -7.9685 ], [ -69.96333, -7.97176 ] ] ] } },
{ "type": "Feature", "properties": { "cluster": 97.0, "hvi": 0.0829, "population": 116, "setores": 1, "municipio": "Feijó" }, "geometry": { "type": "Polygon", "coordinates": [ [ [ -70.92745, -9.35886 ], [ -70.93378, -9.36045 ], [ -70.94207, -9.36905 ], [ -70.95193, -9.3706 ], [ -70.98988, -9.36576 ], [ -70.99104, -9.3573 ], [ -70.99549, -9.34843 ], [ -70.99859, -9.34837 ], [ -70.99672, -9.34263 ], [ -71.01144, -9.3126 ], [ -70.99915, -9.29032 ], [ -70.99357, -9.29677 ], [ -70.99126, -9.29426 ], [ -70.99106, -9.30063 ], [ -70.98911, -9.29894 ], [ -70.98804, -9.30178 ], [ -70.97305, -9.29337 ], [ -70.95596, -9.29909 ], [ -70.92745, -9.35886 ] ] ] } },
{ "type": "Feature", "properties": { "cluster": 98.0, "hvi": 0.0764, "population": 77, "setores": 1, "municipio": "Feijó" }, "geometry": { "type": "Polygon", "coordinates": [ [ [ -70.68327, -9.08757 ], [ -70.68619, -9.09749 ], [ -70.69874, -9.09283 ], [ -70.69572, -9.08319 ], [ -70.68327, -9.08757 ] ] ] } },
{ "type": "Feature", "properties": { "cluster": 99.0, "hvi": 0.0758, "population": 63, "setores": 1, "municipio": "Feijó" }, "geometry": { "type": "Polygon", "coordinates": [ [ [ -70.71421, -9.07995 ], [ -70.69921, -9.09602 ], [ -70.70182, -9.10098 ], [ -70.71214, -9.10088 ], [ -70.71592, -9.10415 ], [ -70.71301, -9.11409 ], [ -70.72004, -9.11582 ], [ -70.73032, -9.10216 ], [ -70.73542, -9.08761 ], [ -70.71421, -9.07995 ] ] ] } },
{ "type": "Feature", "properties": { "cluster": 100.0, "hvi": 0.08, "population": 92, "setores": 1, "municipio": "Feijó" }, "geometry": { "type": "Polygon", "coordinates": [ [ [ -70.74036, -9.08548 ], [ -70.73343, -9.11002 ], [ -70.7406, -9.10213 ], [ -70.74137, -9.1131 ], [ -70.74991, -9.09799 ], [ -70.75629, -9.1005 ], [ -70.7585, -9.08914 ], [ -70.74036, -9.08548 ] ] ] } },
{ "type": "Feature", "properties": { "cluster": 101.0, "hvi": 0.0843, "population": 186, "setores": 1, "municipio": "Feijó" }, "geometry": { "type": "Polygon", "coordinates": [ [ [ -70.75925, -9.1088 ], [ -70.74366, -9.11532 ], [ -70.73914, -9.12268 ], [ -70.76125, -9.14325 ], [ -70.76503, -9.13915 ], [ -70.76188, -9.13571 ], [ -70.76881, -9.13129 ], [ -70.76773, -9.12573 ], [ -70.77128, -9.12214 ], [ -70.75925, -9.1088 ] ] ] } },
{ "type": "Feature", "properties": { "cluster": 102.0, "hvi": 0.0839, "population": 3000, "setores": 64, "municipio": "Feijó" }, "geometry": { "type": "MultiPolygon", "coordinates": [ [ [ [ -71.23457, -9.64869 ], [ -71.08137, -9.709 ], [ -71.1532, -9.67871 ], [ -71.1503, -9.68177 ], [ -71.24455, -9.64451 ], [ -71.19724, -9.53435 ], [ -71.24034, -9.51804 ], [ -71.2401, -9.50983 ], [ -71.24815, -9.50049 ], [ -71.25494, -9.50292 ], [ -71.26278, -9.49571 ], [ -71.2745, -9.49941 ], [ -71.27806, -9.49055 ], [ -71.27626, -9.48604 ], [ -71.28263, -9.48113 ], [ -71.28489, -9.47357 ], [ -71.28261, -9.46961 ], [ -71.28858, -9.45687 ], [ -71.29961, -9.45467 ], [ -71.29944, -9.46633 ], [ -71.30708, -9.46914 ], [ -71.30394, -9.47298 ], [ -71.30739, -9.48133 ], [ -71.31841, -9.47633 ], [ -71.31835, -9.47387 ], [ -71.32446, -9.47407 ], [ -71.32688, -9.47924 ], [ -71.32282, -9.48814 ], [ -71.33124, -9.49642 ], [ -71.33822, -9.4933 ], [ -71.34196, -9.49516 ], [ -71.35385, -9.48748 ], [ -71.35868, -9.4914 ], [ -71.36219, -9.48929 ], [ -71.36981, -9.49281 ], [ -71.37881, -9.49184 ], [ -71.38391, -9.48697 ], [ -71.39288, -9.48631 ], [ -71.39549, -9.47351 ], [ -71.40215, -9.4738 ], [ -71.41019, -9.46707 ], [ -71.41347, -9.46006 ], [ -71.41123, -9.44982 ], [ -71.41854, -9.44384 ], [ -71.4191, -9.43333 ], [ -71.40962, -9.40722 ], [ -71.42018, -9.39055 ], [ -71.41606, -9.38032 ], [ -71.42667, -9.37183 ], [ -71.42078, -9.36189 ], [ -71.42543, -9.35634 ], [ -71.42105, -9.33818 ], [ -71.41681, -9.33429 ], [ -71.4106, -9.33587 ], [ -71.40874, -9.32986 ], [ -71.4157, -9.31859 ], [ -71.43501, -9.31276 ], [ -71.43427, -9.30216 ], [ -71.42822, -9.29335 ], [ -71.42216, -9.2742 ], [ -71.41515, -9.26737 ], [ -71.41411, -9.25724 ], [ -71.39983, -9.25201 ], [ -71.39826, -9.24255 ], [ -71.38985, -9.2327 ], [ -71.39496, -9.22322 ], [ -71.39536, -9.21373 ], [ -71.38376, -9.21834 ], [ -71.38016, -9.20248 ], [ -71.33739, -9.221 ], [ -71.31535, -9.22432 ], [ -71.2945, -9.21594 ], [ -71.286, -9.20548 ], [ -71.2865, -9.19186 ], [ -71.27896, -9.17315 ], [ -71.27106, -9.1665 ], [ -71.23163, -9.14754 ], [ -71.19114, -9.10044 ], [ -71.16535, -8.86698 ], [ -71.16219, -8.85633 ], [ -71.14263, -8.85069 ], [ -71.14385, -8.83572 ], [ -71.16057, -8.82283 ], [ -71.16845, -8.81096 ], [ -71.17083, -8.81169 ], [ -71.16781, -8.80591 ], [ -71.17163, -8.80546 ], [ -71.17184, -8.80143 ], [ -71.17951, -8.80015 ], [ -71.18103, -8.79493 ], [ -71.18604, -8.80156 ], [ -71.18482, -8.81292 ], [ -71.19053, -8.81142 ], [ -71.19194, -8.80679 ], [ -71.19636, -8.80482 ], [ -71.19988, -8.81205 ], [ -71.20666, -8.81076 ], [ -71.20733, -8.81532 ], [ -71.21411, -8.81464 ], [ -71.21529, -8.81801 ], [ -71.22142, -8.81983 ], [ -71.22812, -8.83285 ], [ -71.22531, -8.83853 ], [ -71.23228, -8.84044 ], [ -71.2332, -8.83366 ], [ -71.2372, -8.83436 ], [ -71.24016, -8.84403 ], [ -71.2375, -8.85107 ], [ -71.24481, -8.85581 ], [ -71.25543, -8.8453 ], [ -71.25891, -8.85162 ], [ -71.26337, -8.84763 ], [ -71.27003, -8.85143 ], [ -71.26498, -8.83985 ], [ -71.27347, -8.84627 ], [ -71.27536, -8.83173 ], [ -71.27231, -8.8277 ], [ -71.27931, -8.82405 ], [ -71.27594, -8.82033 ], [ -71.28094, -8.81572 ], [ -71.28014, -8.81148 ], [ -71.28669, -8.80945 ], [ -71.28472, -8.8076 ], [ -71.29273, -8.78912 ], [ -71.30081, -8.78733 ], [ -71.3061, -8.78125 ], [ -71.30443, -8.77598 ], [ -71.30758, -8.77593 ], [ -71.31038, -8.76992 ], [ -71.30735, -8.76371 ], [ -71.32006, -8.75977 ], [ -71.32242, -8.75059 ], [ -71.34793, -8.74975 ], [ -71.35262, -8.75347 ], [ -71.36849, -8.75046 ], [ -71.39006, -8.75726 ], [ -71.4011, -8.74503 ], [ -71.386, -8.75097 ], [ -71.37971, -8.74816 ], [ -71.35415, -8.71587 ], [ -71.31665, -8.69343 ], [ -71.26669, -8.68518 ], [ -71.25385, -8.68037 ], [ -71.22702, -8.6498 ], [ -71.20997, -8.63949 ], [ -71.1995, -8.62068 ], [ -71.19268, -8.62018 ], [ -71.18738, -8.64627 ], [ -71.18084, -8.64753 ], [ -71.16771, -8.64 ], [ -71.15272, -8.64189 ], [ -71.14821, -8.66642 ], [ -71.12916, -8.67566 ], [ -71.11082, -8.67524 ], [ -71.09567, -8.69011 ], [ -71.08635, -8.68553 ], [ -71.07579, -8.68996 ], [ -71.03714, -8.68504 ], [ -71.03084, -8.68558 ], [ -71.02901, -8.68878 ], [ -71.02404, -8.68736 ], [ -71.02305, -8.6904 ], [ -71.01586, -8.68595 ], [ -71.0094, -8.69471 ], [ -71.01249, -8.69914 ], [ -71.00687, -8.71009 ], [ -71.00753, -8.71505 ], [ -71.01172, -8.71671 ], [ -71.01702, -8.71405 ], [ -71.01974, -8.71715 ], [ -71.01459, -8.72616 ], [ -71.0265, -8.71706 ], [ -71.0321, -8.73352 ], [ -71.03813, -8.72733 ], [ -71.04401, -8.72975 ], [ -71.04292, -8.73516 ], [ -71.05217, -8.73626 ], [ -71.05129, -8.74031 ], [ -71.05777, -8.73904 ], [ -71.06114, -8.74845 ], [ -71.05536, -8.7489 ], [ -71.05444, -8.75242 ], [ -71.05847, -8.75753 ], [ -71.06405, -8.75312 ], [ -71.07047, -8.75603 ], [ -71.05536, -8.77885 ], [ -71.04947, -8.8875 ], [ -71.05111, -8.8986 ], [ -71.04844, -8.88295 ], [ -71.0375, -8.87693 ], [ -70.85764, -8.88659 ], [ -70.8595, -8.88492 ], [ -70.71818, -8.91322 ], [ -70.78819, -9.02454 ], [ -70.76236, -9.04343 ], [ -70.74681, -9.03759 ], [ -70.73656, -9.0456 ], [ -70.72917, -9.04519 ], [ -70.72139, -9.05757 ], [ -70.71219, -9.05881 ], [ -70.69934, -9.0506 ], [ -70.67755, -9.06394 ], [ -70.67146, -9.07886 ], [ -70.66675, -9.07877 ], [ -70.65851, -9.09338 ], [ -70.64375, -9.09954 ], [ -70.63931, -9.10759 ], [ -70.63626, -9.10676 ], [ -70.61691, -9.11966 ], [ -70.60631, -9.11415 ], [ -70.59421, -9.11262 ], [ -70.59799, -9.11276 ], [ -70.59921, -9.10716 ], [ -70.59643, -9.10442 ], [ -70.59377, -9.10612 ], [ -70.58886, -9.10173 ], [ -70.58993, -9.09953 ], [ -70.58748, -9.10118 ], [ -70.58743, -9.09319 ], [ -70.577, -9.07933 ], [ -70.57216, -9.05869 ], [ -70.56773, -9.05229 ], [ -70.56171, -9.05221 ], [ -70.55296, -9.05882 ], [ -70.54459, -9.07311 ], [ -70.53836, -9.07565 ], [ -70.53569, -9.08598 ], [ -70.53109, -9.09041 ], [ -70.5315, -9.09935 ], [ -70.52216, -9.10488 ], [ -70.51047, -9.11945 ], [ -70.49884, -9.10674 ], [ -70.45292, -9.10379 ], [ -70.43716, -9.08556 ], [ -70.40278, -9.01824 ], [ -70.36509, -8.98243 ], [ -70.31898, -8.96363 ], [ -70.24367, -8.96595 ], [ -70.0901, -8.97361 ], [ -69.8651, -8.9575 ], [ -69.84134, -9.02332 ], [ -69.82994, -9.02756 ], [ -69.82544, -9.03427 ], [ -69.82696, -9.04107 ], [ -69.82085, -9.05244 ], [ -69.824, -9.0625 ], [ -69.81991, -9.07631 ], [ -69.80929, -9.08349 ], [ -69.80842, -9.09995 ], [ -69.79186, -9.1104 ], [ -69.80005, -9.1201 ], [ -69.80331, -9.13375 ], [ -69.81954, -9.14924 ], [ -69.83265, -9.15466 ], [ -69.84018, -9.14669 ], [ -69.83296, -9.14249 ], [ -69.85123, -9.14716 ], [ -69.84826, -9.15545 ], [ -69.83178, -9.15693 ], [ -69.83101, -9.16015 ], [ -69.83532, -9.16822 ], [ -69.84741, -9.16644 ], [ -69.84372, -9.17643 ], [ -69.85686, -9.18377 ], [ -69.85013, -9.1885 ], [ -69.85393, -9.2027 ], [ -69.86473, -9.19914 ], [ -69.87265, -9.20857 ], [ -69.88009, -9.20627 ], [ -69.88417, -9.22489 ], [ -69.88909, -9.2186 ], [ -69.89715, -9.2247 ], [ -69.90419, -9.21625 ], [ -69.90949, -9.21587 ], [ -69.9115, -9.21945 ], [ -69.91686, -9.21405 ], [ -69.9267, -9.21709 ], [ -69.93299, -9.22351 ], [ -69.94842, -9.21458 ], [ -69.9577, -9.22495 ], [ -69.9681, -9.22311 ], [ -69.97488, -9.22888 ], [ -69.99728, -9.22107 ], [ -69.99865, -9.22337 ], [ -70.00063, -9.21951 ], [ -70.0198, -9.21059 ], [ -70.06866, -9.16214 ], [ -70.06595, -9.14638 ], [ -70.07185, -9.1322 ], [ -70.0706, -9.12856 ], [ -70.07527, -9.1222 ], [ -70.07239, -9.11728 ], [ -70.07964, -9.10332 ], [ -70.07532, -9.10252 ], [ -70.08255, -9.09809 ], [ -70.0774, -9.0899 ], [ -70.0778, -9.08898 ], [ -70.08228, -9.09395 ], [ -70.08577, -9.11052 ], [ -70.08571, -9.11463 ], [ -70.09014, -9.11707 ], [ -70.10032, -9.11693 ], [ -70.09934, -9.1183 ], [ -70.09169, -9.11709 ], [ -70.09461, -9.13308 ], [ -70.10334, -9.13254 ], [ -70.10091, -9.1337 ], [ -70.10563, -9.14508 ], [ -70.11254, -9.1423 ], [ -70.10736, -9.13077 ], [ -70.11299, -9.1264 ], [ -70.11588, -9.1289 ], [ -70.11382, -9.13791 ], [ -70.11816, -9.13959 ], [ -70.11699, -9.13987 ], [ -70.11761, -9.14426 ], [ -70.12562, -9.14337 ], [ -70.1227, -9.1385 ], [ -70.11998, -9.13915 ], [ -70.12683, -9.13192 ], [ -70.12209, -9.12528 ], [ -70.12325, -9.12108 ], [ -70.12729, -9.11985 ], [ -70.13889, -9.12722 ], [ -70.15156, -9.14263 ], [ -70.15013, -9.14259 ], [ -70.15767, -9.1501 ], [ -70.16668, -9.13781 ], [ -70.15629, -9.13567 ], [ -70.15605, -9.13744 ], [ -70.15021, -9.12201 ], [ -70.1548, -9.11653 ], [ -70.16326, -9.12387 ], [ -70.16256, -9.12348 ], [ -70.1605, -9.12869 ], [ -70.16799, -9.1314 ], [ -70.17015, -9.1277 ], [ -70.16448, -9.12454 ], [ -70.18111, -9.13182 ], [ -70.18148, -9.14227 ], [ -70.17783, -9.1421 ], [ -70.17802, -9.15193 ], [ -70.1817, -9.15091 ], [ -70.18169, -9.1483 ], [ -70.18191, -9.1544 ], [ -70.18305, -9.1564 ], [ -70.17934, -9.16368 ], [ -70.18811, -9.16563 ], [ -70.18762, -9.15974 ], [ -70.18671, -9.15908 ], [ -70.19563, -9.15068 ], [ -70.20817, -9.14714 ], [ -70.20407, -9.15742 ], [ -70.2011, -9.15615 ], [ -70.19635, -9.16517 ], [ -70.20036, -9.16672 ], [ -70.19957, -9.16872 ], [ -70.19693, -9.16832 ], [ -70.19635, -9.17483 ], [ -70.20193, -9.17404 ], [ -70.21631, -9.17503 ], [ -70.20827, -9.1754 ], [ -70.20933, -9.18153 ], [ -70.20551, -9.18827 ], [ -70.20733, -9.19956 ], [ -70.20132, -9.21322 ], [ -70.20387, -9.22943 ], [ -70.20951, -9.23307 ], [ -70.21206, -9.248 ], [ -70.19976, -9.27866 ], [ -70.21148, -9.28022 ], [ -70.2176, -9.29344 ], [ -70.22567, -9.29851 ], [ -70.23727, -9.30053 ], [ -70.24154, -9.31002 ], [ -70.24909, -9.317 ], [ -70.26084, -9.31489 ], [ -70.26738, -9.31974 ], [ -70.26793, -9.33495 ], [ -70.27199, -9.34096 ], [ -70.28766, -9.33625 ], [ -70.29819, -9.33785 ], [ -70.29955, -9.34873 ], [ -70.29616, -9.36473 ], [ -70.31213, -9.37719 ], [ -70.31937, -9.39029 ], [ -70.32768, -9.39318 ], [ -70.32847, -9.36697 ], [ -70.34588, -9.35706 ], [ -70.3499, -9.35072 ], [ -70.3713, -9.34015 ], [ -70.38649, -9.34394 ], [ -70.40403, -9.33577 ], [ -70.40384, -9.33136 ], [ -70.391, -9.32351 ], [ -70.38701, -9.32539 ], [ -70.38441, -9.32088 ], [ -70.3902, -9.31232 ], [ -70.39137, -9.3152 ], [ -70.39598, -9.3147 ], [ -70.41037, -9.31723 ], [ -70.42454, -9.33972 ], [ -70.4237, -9.34246 ], [ -70.40825, -9.34633 ], [ -70.40825, -9.35078 ], [ -70.41928, -9.35302 ], [ -70.43084, -9.33481 ], [ -70.43776, -9.34478 ], [ -70.44539, -9.3475 ], [ -70.44504, -9.35537 ], [ -70.43417, -9.35487 ], [ -70.4316, -9.36287 ], [ -70.44341, -9.36718 ], [ -70.44774, -9.3634 ], [ -70.44812, -9.35309 ], [ -70.45337, -9.34914 ], [ -70.46002, -9.36425 ], [ -70.4744, -9.36491 ], [ -70.47822, -9.36025 ], [ -70.47677, -9.35181 ], [ -70.48315, -9.35145 ], [ -70.48478, -9.37279 ], [ -70.49411, -9.37528 ], [ -70.50072, -9.38186 ], [ -70.49541, -9.38741 ], [ -70.48403, -9.38194 ], [ -70.47699, -9.38224 ], [ -70.46859, -9.39444 ], [ -70.47397, -9.40033 ], [ -70.48888, -9.40162 ], [ -70.4912, -9.40465 ], [ -70.48805, -9.40995 ], [ -70.47533, -9.41244 ], [ -70.47128, -9.41672 ], [ -70.48011, -9.42791 ], [ -70.47233, -9.43404 ], [ -70.47638, -9.44117 ], [ -70.48301, -9.43903 ], [ -70.48617, -9.42744 ], [ -70.49021, -9.42419 ], [ -70.495, -9.42929 ], [ -70.4947, -9.42368 ], [ -70.50338, -9.42689 ], [ -70.50465, -9.42217 ], [ -70.51969, -9.42839 ], [ -70.51904, -9.43349 ], [ -70.5248, -9.4366 ], [ -70.52875, -9.4343 ], [ -70.5253, -9.42707 ], [ -70.53824, -9.43741 ], [ -70.53736, -9.43238 ], [ -70.5464, -9.42651 ], [ -70.54868, -9.43439 ], [ -70.5547, -9.43153 ], [ -70.55908, -9.43365 ], [ -70.56187, -9.42871 ], [ -70.56709, -9.43067 ], [ -70.56658, -9.434 ], [ -70.57069, -9.43266 ], [ -70.57052, -9.43963 ], [ -70.57417, -9.43491 ], [ -70.58632, -9.44458 ], [ -70.59056, -9.44026 ], [ -70.59587, -9.44103 ], [ -70.59831, -9.45164 ], [ -70.59533, -9.45382 ], [ -70.59845, -9.45473 ], [ -70.59614, -9.45949 ], [ -70.61185, -9.45707 ], [ -70.61172, -9.4675 ], [ -70.61734, -9.47021 ], [ -70.61582, -9.4757 ], [ -70.62243, -9.46934 ], [ -70.62507, -9.4782 ], [ -70.63222, -9.47915 ], [ -70.63167, -9.48447 ], [ -70.63539, -9.48554 ], [ -70.63597, -9.4896 ], [ -70.63055, -9.49271 ], [ -70.63176, -9.49521 ], [ -70.63522, -9.49421 ], [ -70.63601, -9.50143 ], [ -70.64206, -9.49547 ], [ -70.64615, -9.49681 ], [ -70.64131, -9.49899 ], [ -70.64286, -9.50027 ], [ -70.64852, -9.4983 ], [ -70.6492, -9.50158 ], [ -70.65173, -9.4992 ], [ -70.65024, -9.5121 ], [ -70.6534, -9.5145 ], [ -70.65324, -9.51072 ], [ -70.65567, -9.51198 ], [ -70.65623, -9.5166 ], [ -70.66349, -9.52264 ], [ -70.66249, -9.52623 ], [ -70.66574, -9.51916 ], [ -70.67315, -9.52936 ], [ -70.6876, -9.53252 ], [ -70.68742, -9.53625 ], [ -70.69313, -9.53548 ], [ -70.69577, -9.54112 ], [ -70.69702, -9.53988 ], [ -70.70247, -9.54613 ], [ -70.7055, -9.54341 ], [ -70.71063, -9.548 ], [ -70.71428, -9.54657 ], [ -70.72125, -9.55696 ], [ -70.72584, -9.55605 ], [ -70.72252, -9.55813 ], [ -70.72542, -9.56706 ], [ -70.73646, -9.56418 ], [ -70.73836, -9.55878 ], [ -70.74745, -9.56334 ], [ -70.75066, -9.56066 ], [ -70.7511, -9.56599 ], [ -70.75498, -9.5677 ], [ -70.74964, -9.56856 ], [ -70.75569, -9.57648 ], [ -70.75314, -9.57979 ], [ -70.75796, -9.57871 ], [ -70.75526, -9.58271 ], [ -70.75933, -9.58431 ], [ -70.75657, -9.58541 ], [ -70.75852, -9.58786 ], [ -70.755, -9.59651 ], [ -70.7591, -9.60276 ], [ -70.75647, -9.60452 ], [ -70.76783, -9.60091 ], [ -70.76573, -9.60735 ], [ -70.7709, -9.60633 ], [ -70.77572, -9.6121 ], [ -70.77921, -9.60994 ], [ -70.78646, -9.61427 ], [ -70.78828, -9.61987 ], [ -70.78419, -9.62268 ], [ -70.79192, -9.626 ], [ -70.79024, -9.63189 ], [ -70.79446, -9.63447 ], [ -70.79324, -9.63873 ], [ -70.79675, -9.63751 ], [ -70.79951, -9.64254 ], [ -70.80534, -9.64419 ], [ -70.81297, -9.63957 ], [ -70.81459, -9.64342 ], [ -70.81769, -9.64104 ], [ -70.81795, -9.64468 ], [ -70.82861, -9.64284 ], [ -70.82834, -9.64644 ], [ -70.83176, -9.6471 ], [ -70.8336, -9.64275 ], [ -70.83638, -9.6432 ], [ -70.83851, -9.65647 ], [ -70.8465, -9.65858 ], [ -70.84714, -9.65604 ], [ -70.85326, -9.65541 ], [ -70.86566, -9.66556 ], [ -70.86874, -9.66472 ], [ -70.87606, -9.68007 ], [ -70.8804, -9.68037 ], [ -70.88042, -9.68846 ], [ -70.88896, -9.68957 ], [ -70.89338, -9.70196 ], [ -70.89716, -9.70317 ], [ -70.89811, -9.71446 ], [ -70.90363, -9.71394 ], [ -70.90879, -9.72506 ], [ -70.91506, -9.72676 ], [ -70.92061, -9.73802 ], [ -70.92475, -9.73761 ], [ -70.92302, -9.74055 ], [ -70.93502, -9.74127 ], [ -70.93741, -9.74542 ], [ -70.94306, -9.74186 ], [ -70.94973, -9.74235 ], [ -70.9497, -9.74641 ], [ -70.95256, -9.74206 ], [ -70.96095, -9.75334 ], [ -70.96278, -9.74772 ], [ -70.96691, -9.75714 ], [ -70.9711, -9.75587 ], [ -70.96902, -9.75836 ], [ -70.97257, -9.75831 ], [ -70.98032, -9.77093 ], [ -70.98583, -9.78894 ], [ -70.99291, -9.7947 ], [ -70.99066, -9.79986 ], [ -70.99492, -9.80518 ], [ -70.99113, -9.81134 ], [ -70.9942, -9.81743 ], [ -71.01904, -9.81536 ], [ -71.02149, -9.81873 ], [ -71.03172, -9.81392 ], [ -71.04323, -9.81914 ], [ -71.05052, -9.81557 ], [ -71.05926, -9.82503 ], [ -71.07051, -9.828 ], [ -71.07772, -9.82774 ], [ -71.08515, -9.83909 ], [ -71.09968, -9.84543 ], [ -71.10303, -9.85214 ], [ -71.12987, -9.85252 ], [ -71.16301, -9.87532 ], [ -71.16618, -9.88401 ], [ -71.17171, -9.88808 ], [ -71.18137, -9.9175 ], [ -71.18739, -9.91965 ], [ -71.1939, -9.9382 ], [ -71.2057, -9.94718 ], [ -71.21085, -9.96639 ], [ -71.22745, -9.96934 ], [ -71.24665, -9.96205 ], [ -71.25305, -9.96392 ], [ -71.25912, -9.97809 ], [ -71.27109, -9.97827 ], [ -71.30796, -9.992 ], [ -71.31773, -9.99124 ], [ -71.33887, -9.972 ], [ -71.34846, -9.97311 ], [ -71.3529, -9.97657 ], [ -71.35465, -9.988 ], [ -71.35743, -9.98949 ], [ -71.36401, -9.98503 ], [ -71.37742, -10.0 ], [ -71.51642, -10.0 ], [ -71.51139, -9.99377 ], [ -71.4811, -9.98553 ], [ -71.4775, -9.98039 ], [ -71.46939, -9.98107 ], [ -71.46587, -9.97375 ], [ -71.45351, -9.97377 ], [ -71.45177, -9.967 ], [ -71.44698, -9.96779 ], [ -71.44749, -9.96196 ], [ -71.44068, -9.95601 ], [ -71.41793, -9.94917 ], [ -71.41585, -9.94361 ], [ -71.40632, -9.937 ], [ -71.40542, -9.9313 ], [ -71.40012, -9.92875 ], [ -71.396, -9.91328 ], [ -71.38978, -9.91215 ], [ -71.3904, -9.90854 ], [ -71.38645, -9.9046 ], [ -71.37554, -9.90019 ], [ -71.38312, -9.88152 ], [ -71.37744, -9.87856 ], [ -71.38182, -9.87924 ], [ -71.38111, -9.86739 ], [ -71.36731, -9.85662 ], [ -71.36924, -9.84431 ], [ -71.36243, -9.84316 ], [ -71.36596, -9.83482 ], [ -71.35642, -9.82797 ], [ -71.3571, -9.82535 ], [ -71.34572, -9.81962 ], [ -71.35091, -9.81526 ], [ -71.34902, -9.80729 ], [ -71.34564, -9.80641 ], [ -71.3464, -9.80215 ], [ -71.34286, -9.80121 ], [ -71.34653, -9.79712 ], [ -71.34565, -9.79204 ], [ -71.33796, -9.78711 ], [ -71.33534, -9.79117 ], [ -71.33199, -9.79039 ], [ -71.32965, -9.78239 ], [ -71.31797, -9.77356 ], [ -71.31524, -9.76648 ], [ -71.31828, -9.76362 ], [ -71.31299, -9.76568 ], [ -71.30899, -9.76253 ], [ -71.30357, -9.76369 ], [ -71.30494, -9.76129 ], [ -71.30112, -9.75795 ], [ -71.30395, -9.75942 ], [ -71.30297, -9.75481 ], [ -71.29837, -9.75467 ], [ -71.29798, -9.75158 ], [ -71.29168, -9.75301 ], [ -71.28942, -9.74826 ], [ -71.28421, -9.74965 ], [ -71.28429, -9.74241 ], [ -71.27953, -9.74257 ], [ -71.27941, -9.73741 ], [ -71.2745, -9.73802 ], [ -71.2745, -9.73469 ], [ -71.26791, -9.73265 ], [ -71.26436, -9.72422 ], [ -71.26778, -9.72146 ], [ -71.26456, -9.71877 ], [ -71.26871, -9.71305 ], [ -71.26485, -9.70241 ], [ -71.26832, -9.69902 ], [ -71.26762, -9.69653 ], [ -71.26383, -9.69955 ], [ -71.26302, -9.69371 ], [ -71.25897, -9.69496 ], [ -71.25898, -9.6876 ], [ -71.25594, -9.68886 ], [ -71.25685, -9.67938 ], [ -71.25181, -9.67677 ], [ -71.25489, -9.67259 ], [ -71.24924, -9.67333 ], [ -71.2515, -9.67019 ], [ -71.24692, -9.6652 ], [ -71.24753, -9.65982 ], [ -71.24175, -9.65647 ], [ -71.24369, -9.65308 ], [ -71.24143, -9.64937 ], [ -71.23457, -9.64869 ] ], [ [ -71.06049, -8.90159 ], [ -71.06253, -8.90377 ], [ -71.05111, -8.8986 ], [ -71.06049, -8.90159 ] ], [ [ -70.59353, -9.12023 ], [ -70.59313, -9.11982 ], [ -70.59421, -9.11262 ], [ -70.59353, -9.12023 ] ], [ [ -70.10375, -9.09656 ], [ -70.10516, -9.09784 ], [ -70.08577, -9.11052 ], [ -70.10375, -9.09656 ] ], [ [ -70.22109, -9.16798 ], [ -70.22104, -9.16845 ], [ -70.21631, -9.17503 ], [ -70.22109, -9.16798 ] ], [ [ -70.39529, -9.31007 ], [ -70.39733, -9.31079 ], [ -70.39598, -9.3147 ], [ -70.39529, -9.31007 ] ], [ [ -70.85603, -8.88803 ], [ -70.85729, -8.88691 ], [ -70.86011, -8.88764 ], [ -70.85603, -8.88803 ] ], [ [ -71.00397, -9.05875 ], [ -70.98285, -9.05059 ], [ -71.00341, -9.05837 ], [ -71.00397, -9.05875 ] ], [ [ -71.171, -9.2394 ], [ -71.18071, -9.26101 ], [ -71.18068, -9.26264 ], [ -71.171, -9.2394 ] ], [ [ -71.10889, -9.23198 ], [ -71.10988, -9.23189 ], [ -71.10931, -9.23223 ], [ -71.10889, -9.23198 ] ], [ [ -71.06205, -9.22258 ], [ -71.07208, -9.22101 ], [ -71.06233, -9.22265 ], [ -71.06205, -9.22258 ] ], [ [ -71.03178, -9.207 ], [ -71.0373, -9.21192 ], [ -71.03116, -9.20707 ], [ -71.03178, -9.207 ] ], [ [ -70.9877, -9.17344 ], [ -70.98275, -9.16503 ], [ -70.97507, -9.16679 ], [ -70.97341, -9.17147 ], [ -70.96356, -9.16971 ], [ -70.96142, -9.17382 ], [ -70.93651, -9.17278 ], [ -70.9285, -9.17903 ], [ -70.91996, -9.17893 ], [ -70.92174, -9.18111 ], [ -70.91857, -9.18596 ], [ -70.91462, -9.18297 ], [ -70.91131, -9.18541 ], [ -70.90309, -9.17974 ], [ -70.89783, -9.1833 ], [ -70.89523, -9.18018 ], [ -70.89521, -9.18368 ], [ -70.88678, -9.18215 ], [ -70.88441, -9.18616 ], [ -70.87635, -9.19562 ], [ -70.87238, -9.19452 ], [ -70.87254, -9.19853 ], [ -70.87064, -9.19455 ], [ -70.86638, -9.19455 ], [ -70.8668, -9.18893 ], [ -70.87139, -9.18679 ], [ -70.87009, -9.18318 ], [ -70.85816, -9.17696 ], [ -70.86038, -9.17117 ], [ -70.85452, -9.16683 ], [ -70.83334, -9.18345 ], [ -70.82758, -9.18182 ], [ -70.83556, -9.20058 ], [ -70.82157, -9.20428 ], [ -70.82036, -9.21329 ], [ -70.79006, -9.18538 ], [ -70.75035, -9.16027 ], [ -70.75397, -9.15814 ], [ -70.75696, -9.14947 ], [ -70.76854, -9.14433 ], [ -70.76694, -9.13928 ], [ -70.77007, -9.13198 ], [ -70.80569, -9.07732 ], [ -70.82117, -9.05953 ], [ -70.82291, -9.05343 ], [ -70.91112, -9.11807 ], [ -71.0259, -9.15907 ], [ -71.01088, -9.18395 ], [ -71.01545, -9.19681 ], [ -71.00933, -9.18037 ], [ -70.9877, -9.17344 ] ], [ [ -70.87837, -9.22193 ], [ -70.88253, -9.21235 ], [ -70.87903, -9.22259 ], [ -70.87837, -9.22193 ] ], [ [ -70.87675, -9.21913 ], [ -70.87727, -9.22083 ], [ -70.87646, -9.22003 ], [ -70.87675, -9.21913 ] ], [ [ -70.87496, -9.2024 ], [ -70.87947, -9.2104 ], [ -70.87319, -9.20111 ], [ -70.87496, -9.2024 ] ], [ [ -70.86971, -9.19856 ], [ -70.87153, -9.1999 ], [ -70.86342, -9.20265 ], [ -70.86971, -9.19856 ] ], [ [ -70.86076, -9.20066 ], [ -70.86123, -9.19975 ], [ -70.86342, -9.20265 ], [ -70.86076, -9.20066 ] ], [ [ -70.74998, -9.16049 ], [ -70.75023, -9.16034 ], [ -70.74972, -9.16341 ], [ -70.74998, -9.16049 ] ], [ [ -70.71792, -9.17426 ], [ -70.74857, -9.17047 ], [ -70.7485, -9.17088 ], [ -70.71792, -9.17426 ] ], [ [ -70.72729, -9.24024 ], [ -70.72774, -9.23809 ], [ -70.72792, -9.23926 ], [ -70.72729, -9.24024 ] ], [ [ -70.70061, -9.23668 ], [ -70.71892, -9.25335 ], [ -70.71649, -9.25265 ], [ -70.70061, -9.23668 ] ], [ [ -70.69775, -9.23286 ], [ -70.69897, -9.23503 ], [ -70.69858, -9.23463 ], [ -70.69775, -9.23286 ] ], [ [ -70.68667, -9.22518 ], [ -70.68495, -9.22389 ], [ -70.69213, -9.22282 ], [ -70.69283, -9.22407 ], [ -70.68626, -9.2238 ], [ -70.68667, -9.22518 ] ], [ [ -70.65114, -9.18547 ], [ -70.66802, -9.21113 ], [ -70.66496, -9.20882 ], [ -70.65114, -9.18547 ] ], [ [ -70.61071, -9.15331 ], [ -70.61366, -9.1502 ], [ -70.61093, -9.15358 ], [ -70.61071, -9.15331 ] ], [ [ -70.59665, -9.13728 ], [ -70.60009, -9.1429 ], [ -70.59997, -9.14288 ], [ -70.59665, -9.13728 ] ], [ [ -70.60029, -9.13137 ], [ -70.6005, -9.13148 ], [ -70.59665, -9.13728 ], [ -70.60029, -9.13137 ] ], [ [ -70.46784, -9.30058 ], [ -70.3781, -9.19931 ], [ -70.43968, -9.2687 ], [ -70.46784, -9.30058 ] ], [ [ -70.30543, -9.17267 ], [ -70.30752, -9.1777 ], [ -70.30524, -9.17271 ], [ -70.30543, -9.17267 ] ], [ [ -70.28178, -9.17851 ], [ -70.28623, -9.18071 ], [ -70.28192, -9.17897 ], [ -70.28178, -9.17851 ] ], [ [ -70.28303, -9.18279 ], [ -70.28275, -9.18185 ], [ -70.28403, -9.18509 ], [ -70.28303, -9.18279 ] ], [ [ -70.24358, -9.17373 ], [ -70.246, -9.17736 ], [ -70.249, -9.17792 ], [ -70.24405, -9.17881 ], [ -70.24528, -9.1769 ], [ -70.24358, -9.17373 ] ], [ [ -70.23971, -9.15916 ], [ -70.23427, -9.15868 ], [ -70.24275, -9.1568 ], [ -70.23978, -9.15794 ], [ -70.24067, -9.1683 ], [ -70.23971, -9.15916 ] ], [ [ -70.2411, -9.14996 ], [ -70.24931, -9.15426 ], [ -70.24831, -9.15465 ], [ -70.24019, -9.15018 ], [ -70.2411, -9.14996 ] ], [ [ -70.95211, -9.37062 ], [ -70.94207, -9.36905 ], [ -70.93118, -9.35935 ], [ -70.92836, -9.35898 ], [ -70.95596, -9.29909 ], [ -70.97305, -9.29337 ], [ -70.98143, -9.29599 ], [ -70.98274, -9.30107 ], [ -70.98842, -9.3017 ], [ -70.98911, -9.29894 ], [ -70.99106, -9.30063 ], [ -70.99126, -9.29426 ], [ -70.99421, -9.29644 ], [ -70.99934, -9.28917 ], [ -70.99915, -9.29032 ], [ -71.01144, -9.3126 ], [ -70.99672, -9.34263 ], [ -70.99859, -9.34837 ], [ -70.99549, -9.34843 ], [ -70.98927, -9.36628 ], [ -70.95211, -9.37062 ] ], [ [ -70.92571, -9.36474 ], [ -70.93105, -9.37131 ], [ -70.92515, -9.36616 ], [ -70.92571, -9.36474 ] ], [ [ -70.94098, -9.46311 ], [ -70.94431, -9.45722 ], [ -70.94436, -9.45751 ], [ -70.94053, -9.4653 ], [ -70.94098, -9.46311 ] ], [ [ -70.94762, -9.52977 ], [ -70.9511, -9.53596 ], [ -70.95054, -9.53563 ], [ -70.94762, -9.52977 ] ], [ [ -71.17461, -9.27355 ], [ -71.18065, -9.26483 ], [ -71.18063, -9.26596 ], [ -71.17461, -9.27355 ] ], [ [ -71.16186, -9.27732 ], [ -71.15325, -9.29018 ], [ -71.15272, -9.29031 ], [ -71.16186, -9.27732 ] ], [ [ -71.11351, -9.30595 ], [ -71.09682, -9.31126 ], [ -71.09674, -9.31126 ], [ -71.11351, -9.30595 ] ], [ [ -71.07669, -9.3069 ], [ -71.06387, -9.30096 ], [ -71.06806, -9.30105 ], [ -71.07669, -9.3069 ] ], [ [ -71.05607, -9.29404 ], [ -71.05999, -9.29916 ], [ -71.05648, -9.29753 ], [ -71.04159, -9.3429 ], [ -71.05607, -9.29404 ] ], [ [ -71.05115, -9.2933 ], [ -71.04789, -9.28589 ], [ -71.04812, -9.28591 ], [ -71.05115, -9.2933 ] ], [ [ -71.03798, -9.28507 ], [ -71.03782, -9.28506 ], [ -71.03498, -9.28007 ], [ -71.03798, -9.28507 ] ], [ [ -71.01773, -9.27887 ], [ -71.01162, -9.28211 ], [ -71.01008, -9.28182 ], [ -71.01773, -9.27887 ] ], [ [ -71.00566, -9.28099 ], [ -71.00518, -9.2809 ], [ -71.00531, -9.28071 ], [ -71.00566, -9.28099 ] ], [ [ -71.00481, -9.28143 ], [ -71.00324, -9.28543 ], [ -71.00208, -9.28529 ], [ -71.00481, -9.28143 ] ], [ [ -71.00651, -9.34709 ], [ -71.00982, -9.35126 ], [ -71.00285, -9.34542 ], [ -71.00651, -9.34709 ] ], [ [ -71.03853, -9.35091 ], [ -71.04146, -9.3433 ], [ -71.04007, -9.34754 ], [ -71.03853, -9.35091 ] ], [ [ -71.02825, -9.36592 ], [ -71.02035, -9.36331 ], [ -71.0289, -9.36559 ], [ -71.02825, -9.36592 ] ], [ [ -71.0261, -9.37084 ], [ -71.02444, -9.37275 ], [ -71.02429, -9.36797 ], [ -71.0261, -9.37084 ] ], [ [ -71.03492, -9.38583 ], [ -71.02454, -9.37616 ], [ -71.02452, -9.37537 ], [ -71.03492, -9.38583 ] ], [ [ -71.02939, -9.3584 ], [ -71.02397, -9.35471 ], [ -71.02525, -9.35473 ], [ -71.02939, -9.3584 ] ], [ [ -71.01613, -9.36721 ], [ -71.0045, -9.36339 ], [ -71.01035, -9.35194 ], [ -71.01241, -9.35454 ], [ -71.02334, -9.3547 ], [ -71.01613, -9.36721 ] ], [ [ -71.31193, -9.46323 ], [ -71.31854, -9.45387 ], [ -71.32003, -9.44851 ], [ -71.32082, -9.4503 ], [ -71.32421, -9.44823 ], [ -71.31193, -9.46323 ] ], [ [ -71.3083, -9.44246 ], [ -71.3204, -9.44685 ], [ -71.31964, -9.44762 ], [ -71.30862, -9.44451 ], [ -71.3083, -9.44246 ] ], [ [ -71.30723, -9.43574 ], [ -71.30829, -9.43405 ], [ -71.30764, -9.43835 ], [ -71.30723, -9.43574 ] ], [ [ -71.19032, -9.41978 ], [ -71.19411, -9.41706 ], [ -71.19277, -9.41616 ], [ -71.19606, -9.41735 ], [ -71.19032, -9.41978 ] ], [ [ -71.18888, -9.41353 ], [ -71.18936, -9.41156 ], [ -71.18954, -9.41397 ], [ -71.18888, -9.41353 ] ], [ [ -71.19158, -9.40256 ], [ -71.19172, -9.40254 ], [ -71.19144, -9.40313 ], [ -71.19158, -9.40256 ] ], [ [ -71.27158, -9.40611 ], [ -71.27884, -9.4088 ], [ -71.2766, -9.4087 ], [ -71.27784, -9.41027 ], [ -71.27544, -9.41381 ], [ -71.27555, -9.40779 ], [ -71.27158, -9.40611 ] ], [ [ -71.21425, -9.41435 ], [ -71.22077, -9.41078 ], [ -71.21837, -9.4095 ], [ -71.22386, -9.40996 ], [ -71.21954, -9.41349 ], [ -71.21425, -9.41435 ] ], [ [ -71.22648, -9.39685 ], [ -71.22714, -9.38601 ], [ -71.22827, -9.40408 ], [ -71.22648, -9.39685 ] ], [ [ -71.23537, -9.40526 ], [ -71.23254, -9.406 ], [ -71.22827, -9.40408 ], [ -71.23537, -9.40526 ] ], [ [ -71.21567, -9.40806 ], [ -71.2152, -9.40472 ], [ -71.21636, -9.40843 ], [ -71.21567, -9.40806 ] ], [ [ -71.21056, -9.41185 ], [ -71.21399, -9.40085 ], [ -71.21429, -9.40179 ], [ -71.21056, -9.41185 ] ], [ [ -71.20357, -9.40613 ], [ -71.20418, -9.40522 ], [ -71.20425, -9.40558 ], [ -71.20357, -9.40613 ] ], [ [ -71.17406, -9.40968 ], [ -71.1689, -9.40251 ], [ -71.17447, -9.4091 ], [ -71.17406, -9.40968 ] ], [ [ -71.1778, -9.40439 ], [ -71.17637, -9.4064 ], [ -71.17697, -9.4045 ], [ -71.1778, -9.40439 ] ], [ [ -71.18571, -9.40294 ], [ -71.18494, -9.403 ], [ -71.18596, -9.3893 ], [ -71.18571, -9.40294 ] ], [ [ -71.16235, -9.3896 ], [ -71.16345, -9.38778 ], [ -71.18596, -9.3893 ], [ -71.16235, -9.3896 ] ], [ [ -71.16088, -9.39204 ], [ -71.16128, -9.39138 ], [ -71.1618, -9.39249 ], [ -71.16088, -9.39204 ] ], [ [ -71.25249, -9.40981 ], [ -71.25201, -9.402 ], [ -71.2527, -9.40119 ], [ -71.25249, -9.40981 ] ], [ [ -71.26354, -9.39309 ], [ -71.26132, -9.39103 ], [ -71.25707, -9.38236 ], [ -71.26354, -9.39309 ] ], [ [ -71.26115, -9.4017 ], [ -71.26035, -9.40137 ], [ -71.26354, -9.39309 ], [ -71.26115, -9.4017 ] ], [ [ -71.23717, -9.4048 ], [ -71.24039, -9.39655 ], [ -71.23796, -9.40459 ], [ -71.23717, -9.4048 ] ], [ [ -71.27543, -9.41475 ], [ -71.27955, -9.42336 ], [ -71.27539, -9.41705 ], [ -71.27543, -9.41475 ] ], [ [ -71.31671, -9.42713 ], [ -71.31809, -9.42715 ], [ -71.31828, -9.42921 ], [ -71.31671, -9.42713 ] ], [ [ -71.3184, -9.43055 ], [ -71.31853, -9.43194 ], [ -71.31753, -9.43197 ], [ -71.3184, -9.43055 ] ], [ [ -71.31638, -9.43201 ], [ -71.30944, -9.43224 ], [ -71.31016, -9.4311 ], [ -71.31638, -9.43201 ] ], [ [ -71.16087, -9.38064 ], [ -71.16319, -9.38707 ], [ -71.16118, -9.38691 ], [ -71.16087, -9.38064 ] ], [ [ -70.86031, -9.25689 ], [ -70.8606, -9.2508 ], [ -70.86478, -9.24575 ], [ -70.86031, -9.25689 ] ], [ [ -70.86583, -9.26723 ], [ -70.86025, -9.25801 ], [ -70.86027, -9.25762 ], [ -70.86583, -9.26723 ] ], [ [ -70.85083, -9.34462 ], [ -70.85088, -9.34175 ], [ -70.85484, -9.33883 ], [ -70.85083, -9.34462 ] ], [ [ -70.89654, -9.41079 ], [ -70.89104, -9.43182 ], [ -70.89067, -9.43215 ], [ -70.89654, -9.41079 ] ], [ [ -70.91281, -9.38541 ], [ -70.9134, -9.38303 ], [ -70.91849, -9.39152 ], [ -70.91281, -9.38541 ] ], [ [ -70.91558, -9.37426 ], [ -70.91577, -9.37415 ], [ -70.91521, -9.37575 ], [ -70.91558, -9.37426 ] ], [ [ -70.93323, -9.27939 ], [ -70.93058, -9.27535 ], [ -70.94462, -9.26517 ], [ -70.95359, -9.27407 ], [ -70.94335, -9.28217 ], [ -70.93323, -9.27939 ] ], [ [ -70.94921, -9.28173 ], [ -70.95711, -9.29118 ], [ -70.94911, -9.28179 ], [ -70.94921, -9.28173 ] ], [ [ -70.71799, -9.52793 ], [ -70.71801, -9.52788 ], [ -70.73283, -9.5251 ], [ -70.71799, -9.52793 ] ], [ [ -70.71271, -9.53645 ], [ -70.71056, -9.53685 ], [ -70.71302, -9.53595 ], [ -70.71271, -9.53645 ] ], [ [ -70.69768, -9.53923 ], [ -70.70016, -9.53678 ], [ -70.7047, -9.53793 ], [ -70.69768, -9.53923 ] ], [ [ -70.6835, -9.26599 ], [ -70.68326, -9.26042 ], [ -70.68984, -9.27967 ], [ -70.6835, -9.26599 ] ], [ [ -70.63144, -9.37685 ], [ -70.69347, -9.37161 ], [ -70.57586, -9.3851 ], [ -70.63144, -9.37685 ] ], [ [ -70.53771, -9.39977 ], [ -70.57419, -9.39568 ], [ -70.53758, -9.40018 ], [ -70.53771, -9.39977 ] ], [ [ -70.45149, -9.30597 ], [ -70.45139, -9.30615 ], [ -70.44838, -9.30327 ], [ -70.45149, -9.30597 ] ], [ [ -70.40109, -9.31032 ], [ -70.39527, -9.30991 ], [ -70.39517, -9.30923 ], [ -70.40109, -9.31032 ] ], [ [ -70.2642, -9.2063 ], [ -70.26802, -9.20751 ], [ -70.2676, -9.21221 ], [ -70.26006, -9.21226 ], [ -70.25822, -9.19745 ], [ -70.26451, -9.19828 ], [ -70.2642, -9.2063 ] ], [ [ -70.26515, -9.19573 ], [ -70.25886, -9.19254 ], [ -70.26497, -9.18511 ], [ -70.27101, -9.18862 ], [ -70.26515, -9.19573 ] ], [ [ -70.27541, -9.20124 ], [ -70.28515, -9.19927 ], [ -70.28571, -9.20304 ], [ -70.2765, -9.20554 ], [ -70.27541, -9.20124 ] ], [ [ -70.28466, -9.24105 ], [ -70.28052, -9.24033 ], [ -70.28366, -9.23622 ], [ -70.28466, -9.24105 ] ], [ [ -70.28184, -9.21632 ], [ -70.28684, -9.21257 ], [ -70.2886, -9.21533 ], [ -70.28369, -9.21829 ], [ -70.28184, -9.21632 ] ], [ [ -70.29364, -9.21829 ], [ -70.29689, -9.22091 ], [ -70.2958, -9.22538 ], [ -70.28624, -9.22745 ], [ -70.2848, -9.22175 ], [ -70.29364, -9.21829 ] ], [ [ -70.28594, -9.25531 ], [ -70.28939, -9.24685 ], [ -70.29578, -9.24882 ], [ -70.2977, -9.25616 ], [ -70.28594, -9.25531 ] ], [ [ -70.32134, -9.24403 ], [ -70.33, -9.24413 ], [ -70.32865, -9.25217 ], [ -70.3244, -9.25352 ], [ -70.31856, -9.24782 ], [ -70.32134, -9.24403 ] ], [ [ -70.33372, -9.26547 ], [ -70.32694, -9.26409 ], [ -70.3299, -9.25926 ], [ -70.33493, -9.26134 ], [ -70.33372, -9.26547 ] ], [ [ -70.34435, -9.28165 ], [ -70.33976, -9.28485 ], [ -70.33504, -9.27547 ], [ -70.33943, -9.2745 ], [ -70.34435, -9.28165 ] ], [ [ -70.33972, -9.29223 ], [ -70.34219, -9.29274 ], [ -70.3413, -9.29631 ], [ -70.33869, -9.29579 ], [ -70.33972, -9.29223 ] ], [ [ -70.35602, -9.2888 ], [ -70.35608, -9.29566 ], [ -70.34966, -9.29552 ], [ -70.35068, -9.28899 ], [ -70.35602, -9.2888 ] ], [ [ -70.36001, -9.3223 ], [ -70.35549, -9.32109 ], [ -70.35732, -9.31635 ], [ -70.36234, -9.31832 ], [ -70.36001, -9.3223 ] ], [ [ -70.36517, -9.30593 ], [ -70.36425, -9.30909 ], [ -70.35897, -9.3075 ], [ -70.36032, -9.30422 ], [ -70.36517, -9.30593 ] ], [ [ -70.37652, -9.32881 ], [ -70.3702, -9.33118 ], [ -70.36737, -9.32663 ], [ -70.37491, -9.32483 ], [ -70.37652, -9.32881 ] ], [ [ -71.10045, -8.96905 ], [ -71.10036, -8.96926 ], [ -71.08898, -8.94757 ], [ -71.10045, -8.96905 ] ], [ [ -71.07686, -8.75789 ], [ -71.07604, -8.75749 ], [ -71.07639, -8.75559 ], [ -71.07686, -8.75789 ] ], [ [ -71.175, -8.78892 ], [ -71.17676, -8.78929 ], [ -71.17792, -8.79082 ], [ -71.175, -8.78892 ] ], [ [ -71.16731, -8.79511 ], [ -71.17308, -8.78851 ], [ -71.17354, -8.78861 ], [ -71.16731, -8.79511 ] ], [ [ -71.08416, -8.75701 ], [ -71.08425, -8.75751 ], [ -71.08338, -8.75769 ], [ -71.08416, -8.75701 ] ], [ [ -71.08379, -8.75499 ], [ -71.08406, -8.7565 ], [ -71.07669, -8.75395 ], [ -71.07693, -8.7527 ], [ -71.08379, -8.75499 ] ], [ [ -70.13765, -9.08419 ], [ -70.13535, -9.09265 ], [ -70.13344, -9.09251 ], [ -70.13765, -9.08419 ] ], [ [ -70.13233, -9.09243 ], [ -70.12758, -9.09208 ], [ -70.13082, -9.09082 ], [ -70.13233, -9.09243 ] ], [ [ -70.12328, -9.09375 ], [ -70.12254, -9.09505 ], [ -70.12133, -9.0945 ], [ -70.12328, -9.09375 ] ], [ [ -70.09677, -9.09291 ], [ -70.09582, -9.09309 ], [ -70.1046, -9.0907 ], [ -70.10068, -9.09378 ], [ -70.10224, -9.09519 ], [ -70.09677, -9.09291 ] ], [ [ -70.10605, -9.09864 ], [ -70.10668, -9.09921 ], [ -70.10651, -9.10078 ], [ -70.10605, -9.09864 ] ], [ [ -70.10578, -9.10749 ], [ -70.10555, -9.10966 ], [ -70.10359, -9.11238 ], [ -70.10578, -9.10749 ] ], [ [ -70.15534, -9.14274 ], [ -70.15363, -9.14269 ], [ -70.15558, -9.14097 ], [ -70.15534, -9.14274 ] ], [ [ -70.07475, -9.10287 ], [ -70.07276, -9.10587 ], [ -70.06317, -9.10998 ], [ -70.07475, -9.10287 ] ], [ [ -70.06696, -9.11674 ], [ -70.05968, -9.10685 ], [ -70.06317, -9.10998 ], [ -70.06696, -9.11674 ] ], [ [ -70.03859, -9.10763 ], [ -70.04723, -9.10615 ], [ -70.05028, -9.11495 ], [ -70.05497, -9.11227 ], [ -70.05921, -9.10016 ], [ -70.05385, -9.11632 ], [ -70.04526, -9.12412 ], [ -70.03859, -9.10763 ] ], [ [ -70.04535, -9.10071 ], [ -70.03688, -9.09094 ], [ -70.04435, -9.09784 ], [ -70.04535, -9.10071 ] ], [ [ -70.02882, -9.08349 ], [ -70.01848, -9.07898 ], [ -70.02796, -9.0827 ], [ -70.02882, -9.08349 ] ], [ [ -69.99692, -9.08008 ], [ -69.99566, -9.08083 ], [ -69.99629, -9.08002 ], [ -69.99692, -9.08008 ] ], [ [ -69.97498, -9.11381 ], [ -69.97016, -9.10334 ], [ -69.97408, -9.10176 ], [ -69.96874, -9.09403 ], [ -69.97634, -9.10395 ], [ -69.98305, -9.08883 ], [ -69.98399, -9.08849 ], [ -69.97885, -9.10263 ], [ -69.98361, -9.10605 ], [ -69.97498, -9.11381 ] ], [ [ -69.9609, -9.08379 ], [ -69.95361, -9.08101 ], [ -69.95952, -9.08199 ], [ -69.9609, -9.08379 ] ], [ [ -69.94489, -9.08514 ], [ -69.94846, -9.09077 ], [ -69.94694, -9.09144 ], [ -69.94489, -9.08514 ] ], [ [ -69.93894, -9.08198 ], [ -69.94003, -9.08203 ], [ -69.94489, -9.08514 ], [ -69.93894, -9.08198 ] ], [ [ -69.93598, -9.08363 ], [ -69.94648, -9.09164 ], [ -69.94451, -9.09251 ], [ -69.93569, -9.08469 ], [ -69.93598, -9.08363 ] ], [ [ -69.93626, -9.08256 ], [ -69.93645, -9.08187 ], [ -69.93753, -9.08192 ], [ -69.93626, -9.08256 ] ], [ [ -69.93373, -9.0685 ], [ -69.92951, -9.07264 ], [ -69.92974, -9.07103 ], [ -69.93373, -9.0685 ] ], [ [ -69.92002, -9.08166 ], [ -69.91546, -9.08497 ], [ -69.91544, -9.08363 ], [ -69.92002, -9.08166 ] ], [ [ -69.91547, -9.08626 ], [ -69.91774, -9.08921 ], [ -69.91549, -9.08802 ], [ -69.91547, -9.08626 ] ], [ [ -69.92088, -9.09086 ], [ -69.91831, -9.08951 ], [ -69.92386, -9.08585 ], [ -69.92041, -9.0901 ], [ -69.92088, -9.09086 ] ], [ [ -69.92719, -9.08846 ], [ -69.93012, -9.09707 ], [ -69.92386, -9.08585 ], [ -69.92719, -9.08846 ] ], [ [ -69.92436, -9.09646 ], [ -69.92882, -9.098 ], [ -69.92319, -9.09675 ], [ -69.9221, -9.09761 ], [ -69.92271, -9.09381 ], [ -69.92436, -9.09646 ] ], [ [ -69.91884, -9.10022 ], [ -69.91209, -9.09942 ], [ -69.92017, -9.09916 ], [ -69.91884, -9.10022 ] ], [ [ -69.91033, -9.08881 ], [ -69.90635, -9.09231 ], [ -69.90188, -9.09507 ], [ -69.91033, -9.08881 ] ], [ [ -69.907, -9.10113 ], [ -69.9022, -9.10403 ], [ -69.89778, -9.10558 ], [ -69.907, -9.10113 ] ], [ [ -69.89816, -9.09736 ], [ -69.89606, -9.09866 ], [ -69.88778, -9.09697 ], [ -69.89816, -9.09736 ] ], [ [ -69.88794, -9.11083 ], [ -69.89115, -9.11722 ], [ -69.88751, -9.11431 ], [ -69.88623, -9.11492 ], [ -69.88778, -9.09697 ], [ -69.88794, -9.11083 ] ], [ [ -69.87641, -9.11373 ], [ -69.86451, -9.12526 ], [ -69.86785, -9.11843 ], [ -69.87641, -9.11373 ] ], [ [ -69.85692, -9.10866 ], [ -69.85735, -9.1079 ], [ -69.85844, -9.11002 ], [ -69.85692, -9.10866 ] ], [ [ -69.84379, -9.10628 ], [ -69.84958, -9.10684 ], [ -69.84394, -9.10786 ], [ -69.84379, -9.10628 ] ], [ [ -69.84357, -9.11363 ], [ -69.8409, -9.1153 ], [ -69.84355, -9.11319 ], [ -69.84357, -9.11363 ] ], [ [ -69.82572, -9.13134 ], [ -69.82493, -9.12801 ], [ -69.83013, -9.12387 ], [ -69.83319, -9.12555 ], [ -69.82768, -9.13296 ], [ -69.82572, -9.13134 ] ], [ [ -69.82748, -9.13882 ], [ -69.82915, -9.14029 ], [ -69.82762, -9.13939 ], [ -69.82748, -9.13882 ] ], [ [ -70.07928, -9.08555 ], [ -70.0896, -9.09424 ], [ -70.08798, -9.09454 ], [ -70.07928, -9.08555 ] ], [ [ -70.69417, -9.08172 ], [ -70.68261, -9.08611 ], [ -70.6912, -9.08101 ], [ -70.69417, -9.08172 ] ], [ [ -70.69572, -9.08319 ], [ -70.69874, -9.09283 ], [ -70.68619, -9.09749 ], [ -70.68327, -9.08757 ], [ -70.69572, -9.08319 ] ], [ [ -70.71425, -9.10245 ], [ -70.70182, -9.10098 ], [ -70.69921, -9.09602 ], [ -70.71421, -9.07995 ], [ -70.73542, -9.08761 ], [ -70.73032, -9.10216 ], [ -70.72004, -9.11582 ], [ -70.71333, -9.11495 ], [ -70.71694, -9.10651 ], [ -70.71425, -9.10245 ] ], [ [ -70.73343, -9.11002 ], [ -70.74036, -9.08548 ], [ -70.7585, -9.08914 ], [ -70.75629, -9.1005 ], [ -70.74991, -9.09799 ], [ -70.74137, -9.1131 ], [ -70.7406, -9.10213 ], [ -70.73343, -9.11002 ] ], [ [ -70.74366, -9.11532 ], [ -70.75397, -9.11383 ], [ -70.75925, -9.1088 ], [ -70.77124, -9.12218 ], [ -70.76773, -9.12573 ], [ -70.76881, -9.13129 ], [ -70.76188, -9.13571 ], [ -70.76503, -9.13915 ], [ -70.76125, -9.14325 ], [ -70.73914, -9.12268 ], [ -70.74366, -9.11532 ] ] ], [ [ [ -70.41665, -9.35962 ], [ -70.41829, -9.35353 ], [ -70.41044, -9.35195 ], [ -70.40796, -9.35659 ], [ -70.41665, -9.35962 ] ] ], [ [ [ -70.1432, -9.14355 ], [ -70.14855, -9.13922 ], [ -70.13889, -9.12722 ], [ -70.13318, -9.13254 ], [ -70.1432, -9.14355 ] ] ] ] } },
{ "type": "Feature", "properties": { "cluster": 103.0, "hvi": 0.0763, "population": 47, "setores": 1, "municipio": "Feijó" }, "geometry": { "type": "Polygon", "coordinates": [ [ [ -70.94462, -9.26517 ], [ -70.93058, -9.27535 ], [ -70.93323, -9.27939 ], [ -70.94335, -9.28217 ], [ -70.95359, -9.27407 ], [ -70.94462, -9.26517 ] ] ] } },
{ "type": "Feature", "properties": { "cluster": 104.0, "hvi": 0.0777, "population": 78, "setores": 1, "municipio": "Feijó" }, "geometry": { "type": "Polygon", "coordinates": [ [ [ -71.02089, -9.35581 ], [ -71.0134, -9.35518 ], [ -71.01044, -9.35178 ], [ -71.0045, -9.3634 ], [ -71.01613, -9.36721 ], [ -71.02089, -9.35581 ] ] ] } },
{ "type": "Feature", "properties": { "cluster": 105.0, "hvi": 0.0857, "population": 143, "setores": 1, "municipio": "Feijó" }, "geometry": { "type": "Polygon", "coordinates": [ [ [ -71.3097, -9.48146 ], [ -71.30368, -9.4754 ], [ -71.30761, -9.46934 ], [ -71.29943, -9.46632 ], [ -71.29588, -9.47762 ], [ -71.30331, -9.48778 ], [ -71.3097, -9.48146 ] ] ] } },
{ "type": "Feature", "properties": { "cluster": 106.0, "hvi": 0.1232, "population": 2861, "setores": 3, "municipio": "Feijó" }, "geometry": { "type": "MultiPolygon", "coordinates": [ [ [ [ -70.34228, -8.17725 ], [ -70.34489, -8.17527 ], [ -70.34306, -8.17247 ], [ -70.33881, -8.17928 ], [ -70.34697, -8.17647 ], [ -70.34228, -8.17725 ] ] ], [ [ [ -70.34978, -8.18227 ], [ -70.35397, -8.1779 ], [ -70.34884, -8.17154 ], [ -70.34678, -8.18136 ], [ -70.34978, -8.18227 ] ] ] ] } },
{ "type": "Feature", "properties": { "cluster": 107.0, "hvi": 0.1146, "population": 848, "setores": 1, "municipio": "Feijó" }, "geometry": { "type": "Polygon", "coordinates": [ [ [ -70.35059, -8.17989 ], [ -70.34682, -8.18261 ], [ -70.35186, -8.18698 ], [ -70.35322, -8.18223 ], [ -70.35059, -8.17989 ] ] ] } },
{ "type": "Feature", "properties": { "cluster": 108.0, "hvi": 0.0745, "population": 1024, "setores": 17, "municipio": "Feijó" }, "geometry": { "type": "MultiPolygon", "coordinates": [ [ [ [ -70.41695, -8.15056 ], [ -70.42465, -8.15471 ], [ -70.42001, -8.14689 ], [ -70.42583, -8.15023 ], [ -70.42732, -8.1501 ], [ -70.42836, -8.14742 ], [ -70.42521, -8.1471 ], [ -70.43032, -8.14637 ], [ -70.42908, -8.145 ], [ -70.43189, -8.14227 ], [ -70.43083, -8.13508 ], [ -70.43452, -8.14449 ], [ -70.44687, -8.14512 ], [ -70.44909, -8.13719 ], [ -70.44874, -8.14455 ], [ -70.45654, -8.14639 ], [ -70.45907, -8.14285 ], [ -70.45419, -8.1338 ], [ -70.46622, -8.12966 ], [ -70.47563, -8.13188 ], [ -70.48581, -8.11642 ], [ -70.48116, -8.11128 ], [ -70.48591, -8.11377 ], [ -70.48937, -8.10994 ], [ -70.49432, -8.10835 ], [ -70.4931, -8.08904 ], [ -70.47276, -8.08064 ], [ -70.47259, -8.0782 ], [ -70.46538, -8.0643 ], [ -70.4797, -8.02496 ], [ -70.41761, -7.97865 ], [ -70.36422, -8.0274 ], [ -70.34132, -8.05253 ], [ -70.33784, -8.06081 ], [ -70.32914, -8.06901 ], [ -70.31886, -8.07193 ], [ -70.31455, -8.07763 ], [ -70.32796, -8.08294 ], [ -70.33221, -8.07992 ], [ -70.32847, -8.08379 ], [ -70.31459, -8.07842 ], [ -70.31431, -8.08146 ], [ -70.3255, -8.08771 ], [ -70.32827, -8.08418 ], [ -70.33744, -8.09063 ], [ -70.32587, -8.10911 ], [ -70.3288, -8.10999 ], [ -70.33878, -8.09769 ], [ -70.34552, -8.09631 ], [ -70.34902, -8.0855 ], [ -70.36216, -8.0926 ], [ -70.36179, -8.09379 ], [ -70.35717, -8.09176 ], [ -70.34399, -8.10577 ], [ -70.36402, -8.10109 ], [ -70.34434, -8.10727 ], [ -70.35119, -8.10958 ], [ -70.35392, -8.11784 ], [ -70.35177, -8.12329 ], [ -70.343, -8.12692 ], [ -70.35641, -8.134 ], [ -70.36645, -8.13452 ], [ -70.37168, -8.1453 ], [ -70.3905, -8.13235 ], [ -70.40136, -8.14238 ], [ -70.3816, -8.1626 ], [ -70.39167, -8.15674 ], [ -70.39015, -8.15496 ], [ -70.39721, -8.15637 ], [ -70.40267, -8.1518 ], [ -70.39803, -8.14689 ], [ -70.40503, -8.15105 ], [ -70.40916, -8.14963 ], [ -70.41358, -8.15347 ], [ -70.41586, -8.14894 ], [ -70.41412, -8.15394 ], [ -70.4198, -8.15845 ], [ -70.42167, -8.15414 ], [ -70.41695, -8.15056 ] ], [ [ -70.34208, -8.08116 ], [ -70.34749, -8.07949 ], [ -70.34642, -8.07775 ], [ -70.35182, -8.07992 ], [ -70.33834, -8.08206 ], [ -70.33221, -8.07992 ], [ -70.34208, -8.08116 ] ], [ [ -70.34334, -8.0765 ], [ -70.34472, -8.07706 ], [ -70.34208, -8.08116 ], [ -70.34334, -8.0765 ] ], [ [ -70.39073, -8.05612 ], [ -70.39083, -8.05608 ], [ -70.42786, -8.07042 ], [ -70.39073, -8.05612 ] ] ], [ [ [ -70.34578, -8.09627 ], [ -70.34976, -8.09794 ], [ -70.35717, -8.09176 ], [ -70.34902, -8.0855 ], [ -70.34578, -8.09627 ] ] ] ] } },
{ "type": "Feature", "properties": { "cluster": 109.0, "hvi": 0.0759, "population": 22, "setores": 1, "municipio": "Feijó" }, "geometry": { "type": "Polygon", "coordinates": [ [ [ -71.32409, -9.47579 ], [ -71.32289, -9.47325 ], [ -71.31768, -9.47432 ], [ -71.31841, -9.47633 ], [ -71.32409, -9.47579 ] ] ] } },
{ "type": "Feature", "properties": { "cluster": 110.0, "hvi": 0.1013, "population": 338, "setores": 1, "municipio": "Feijó" }, "geometry": { "type": "Polygon", "coordinates": [ [ [ -70.75025, -9.1602 ], [ -70.79006, -9.18539 ], [ -70.82036, -9.21329 ], [ -70.82157, -9.20429 ], [ -70.83556, -9.20059 ], [ -70.82758, -9.18182 ], [ -70.83334, -9.18345 ], [ -70.85452, -9.16683 ], [ -70.86038, -9.17117 ], [ -70.85816, -9.17696 ], [ -70.87009, -9.18318 ], [ -70.87139, -9.18679 ], [ -70.8668, -9.18893 ], [ -70.86577, -9.19331 ], [ -70.87254, -9.19853 ], [ -70.87238, -9.19452 ], [ -70.87599, -9.19583 ], [ -70.8806, -9.19251 ], [ -70.88678, -9.18215 ], [ -70.89341, -9.18393 ], [ -70.89583, -9.18336 ], [ -70.89455, -9.18027 ], [ -70.89783, -9.1833 ], [ -70.90384, -9.17978 ], [ -70.91131, -9.18541 ], [ -70.91462, -9.18297 ], [ -70.91857, -9.18596 ], [ -70.92174, -9.18111 ], [ -70.91996, -9.17893 ], [ -70.9285, -9.17903 ], [ -70.93651, -9.17278 ], [ -70.96142, -9.17382 ], [ -70.96356, -9.16971 ], [ -70.97341, -9.17147 ], [ -70.97507, -9.16679 ], [ -70.98026, -9.16512 ], [ -70.98727, -9.17319 ], [ -71.00626, -9.17859 ], [ -71.01099, -9.18344 ], [ -71.0259, -9.15907 ], [ -70.91112, -9.11807 ], [ -70.82291, -9.05343 ], [ -70.77007, -9.13198 ], [ -70.76694, -9.13928 ], [ -70.76854, -9.14433 ], [ -70.75696, -9.14947 ], [ -70.75397, -9.15814 ], [ -70.75025, -9.1602 ] ] ] } },
{ "type": "Feature", "properties": { "cluster": 111.0, "hvi": 0.0759, "population": 78, "setores": 1, "municipio": "Jordão" }, "geometry": { "type": "Polygon", "coordinates": [ [ [ -71.98422, -9.23074 ], [ -71.98867, -9.21981 ], [ -71.98265, -9.21999 ], [ -71.98073, -9.23 ], [ -71.98422, -9.23074 ] ] ] } },
{ "type": "Feature", "properties": { "cluster": 112.0, "hvi": 0.0753, "population": 60, "setores": 1, "municipio": "Jordão" }, "geometry": { "type": "Polygon", "coordinates": [ [ [ -71.90295, -9.28662 ], [ -71.91046, -9.28902 ], [ -71.9121, -9.28703 ], [ -71.90928, -9.28287 ], [ -71.90295, -9.28662 ] ] ] } },
{ "type": "Feature", "properties": { "cluster": 113.0, "hvi": 0.076, "population": 59, "setores": 1, "municipio": "Jordão" }, "geometry": { "type": "Polygon", "coordinates": [ [ [ -71.90425, -9.33156 ], [ -71.91139, -9.33242 ], [ -71.90248, -9.323 ], [ -71.90024, -9.32729 ], [ -71.90425, -9.33156 ] ] ] } },
{ "type": "Feature", "properties": { "cluster": 114.0, "hvi": 0.07, "population": 2982, "setores": 67, "municipio": "Jordão" }, "geometry": { "type": "MultiPolygon", "coordinates": [ [ [ [ -72.23037, -9.76332 ], [ -72.2432, -9.76572 ], [ -72.25161, -9.75382 ], [ -72.26431, -9.75227 ], [ -72.27089, -9.74484 ], [ -72.2619, -9.72609 ], [ -72.26468, -9.72163 ], [ -72.26393, -9.71313 ], [ -72.25124, -9.69305 ], [ -72.24981, -9.68551 ], [ -72.25265, -9.67866 ], [ -72.24628, -9.65653 ], [ -72.2521, -9.65653 ], [ -72.26046, -9.64486 ], [ -72.26005, -9.63844 ], [ -72.25694, -9.63665 ], [ -72.25806, -9.63121 ], [ -72.25291, -9.62275 ], [ -72.25363, -9.61644 ], [ -72.25949, -9.61407 ], [ -72.26916, -9.62035 ], [ -72.289, -9.60233 ], [ -72.28449, -9.59581 ], [ -72.28584, -9.59153 ], [ -72.28384, -9.59203 ], [ -72.28706, -9.58842 ], [ -72.28643, -9.579 ], [ -72.28353, -9.57812 ], [ -72.28596, -9.57252 ], [ -72.28357, -9.57186 ], [ -72.28571, -9.56442 ], [ -72.28308, -9.55896 ], [ -72.2855, -9.55667 ], [ -72.28178, -9.55395 ], [ -72.28442, -9.55315 ], [ -72.28175, -9.54242 ], [ -72.2842, -9.53969 ], [ -72.2883, -9.54118 ], [ -72.29041, -9.53574 ], [ -72.29697, -9.53572 ], [ -72.29844, -9.53064 ], [ -72.29909, -9.53379 ], [ -72.31181, -9.54091 ], [ -72.3122, -9.54462 ], [ -72.31865, -9.54362 ], [ -72.32641, -9.53408 ], [ -72.32967, -9.53509 ], [ -72.33211, -9.52794 ], [ -72.33443, -9.52839 ], [ -72.3335, -9.51742 ], [ -72.33822, -9.51639 ], [ -72.34041, -9.50867 ], [ -72.304, -9.50842 ], [ -72.29395, -9.4933 ], [ -72.27276, -9.48739 ], [ -72.27689, -9.47379 ], [ -72.26263, -9.47341 ], [ -72.25174, -9.45938 ], [ -72.25244, -9.4525 ], [ -72.24929, -9.44451 ], [ -72.22258, -9.41505 ], [ -72.18315, -9.38868 ], [ -72.16092, -9.39384 ], [ -72.12042, -9.31877 ], [ -72.10112, -9.30786 ], [ -72.09761, -9.2932 ], [ -72.06077, -9.2254 ], [ -72.0841, -9.2056 ], [ -72.10181, -9.17926 ], [ -72.12061, -9.17879 ], [ -72.16682, -9.15197 ], [ -72.19234, -9.14815 ], [ -72.20427, -9.14142 ], [ -72.20641, -9.14411 ], [ -72.22095, -9.13471 ], [ -72.22552, -9.13547 ], [ -72.22716, -9.12817 ], [ -72.23158, -9.12488 ], [ -72.23576, -9.12772 ], [ -72.23702, -9.12418 ], [ -72.24203, -9.12416 ], [ -72.23917, -9.11993 ], [ -72.24233, -9.11596 ], [ -72.2408, -9.11358 ], [ -72.24643, -9.10983 ], [ -72.24311, -9.10448 ], [ -72.24642, -9.09851 ], [ -72.24189, -9.09399 ], [ -72.2562, -9.08301 ], [ -72.25378, -9.07667 ], [ -72.25638, -9.07308 ], [ -72.25302, -9.07457 ], [ -72.24756, -9.06963 ], [ -72.24577, -9.06242 ], [ -72.24185, -9.05997 ], [ -72.25105, -9.05528 ], [ -72.25283, -9.06059 ], [ -72.25562, -9.05824 ], [ -72.25678, -9.06177 ], [ -72.26415, -9.06279 ], [ -72.26359, -9.06341 ], [ -72.26623, -9.06603 ], [ -72.27191, -9.0635 ], [ -72.26847, -9.0579 ], [ -72.26685, -9.05973 ], [ -72.26808, -9.0551 ], [ -72.27345, -9.05286 ], [ -72.27926, -9.05228 ], [ -72.2782, -9.04837 ], [ -72.27374, -9.04855 ], [ -72.27931, -9.04773 ], [ -72.277, -9.04313 ], [ -72.28258, -9.04051 ], [ -72.28405, -9.04661 ], [ -72.28886, -9.04732 ], [ -72.29289, -9.03661 ], [ -72.29858, -9.03966 ], [ -72.2979, -9.03238 ], [ -72.29069, -9.02793 ], [ -72.29119, -9.01961 ], [ -72.28295, -9.01487 ], [ -72.27394, -8.99495 ], [ -72.25839, -8.9965 ], [ -72.2369, -8.97717 ], [ -72.23092, -8.97711 ], [ -72.22233, -8.96911 ], [ -72.21678, -8.96926 ], [ -72.21101, -8.95593 ], [ -72.19383, -8.95045 ], [ -72.16979, -8.91835 ], [ -72.16943, -8.91115 ], [ -72.14593, -8.90098 ], [ -72.13994, -8.9033 ], [ -72.13415, -8.89515 ], [ -72.12941, -8.8953 ], [ -72.12524, -8.89095 ], [ -72.12044, -8.89226 ], [ -72.0931, -8.85531 ], [ -72.04401, -8.90041 ], [ -72.0538, -8.93398 ], [ -72.03624, -8.94482 ], [ -72.02839, -8.97086 ], [ -72.02942, -9.00203 ], [ -72.04269, -9.02866 ], [ -72.0319, -9.06885 ], [ -72.04147, -9.10303 ], [ -72.04056, -9.09132 ], [ -72.05253, -9.14252 ], [ -72.06915, -9.15575 ], [ -72.06778, -9.17524 ], [ -72.04417, -9.19797 ], [ -72.04545, -9.21344 ], [ -72.05145, -9.21435 ], [ -72.04868, -9.22043 ], [ -72.03673, -9.22514 ], [ -72.02318, -9.24213 ], [ -72.01241, -9.2489 ], [ -72.00995, -9.25189 ], [ -72.01305, -9.25511 ], [ -72.01123, -9.25893 ], [ -72.00249, -9.25266 ], [ -72.00206, -9.248 ], [ -72.00399, -9.24919 ], [ -72.00623, -9.24654 ], [ -71.99907, -9.24005 ], [ -71.99836, -9.23364 ], [ -71.99346, -9.23336 ], [ -71.99616, -9.24435 ], [ -71.99227, -9.23177 ], [ -71.99493, -9.2266 ], [ -71.99034, -9.22481 ], [ -71.98754, -9.23105 ], [ -71.98073, -9.23 ], [ -71.98265, -9.21999 ], [ -71.98004, -9.21726 ], [ -71.97963, -9.22492 ], [ -71.97451, -9.22507 ], [ -71.97451, -9.22877 ], [ -71.97444, -9.22499 ], [ -71.96615, -9.2423 ], [ -71.96051, -9.24403 ], [ -71.96871, -9.2698 ], [ -71.97622, -9.27314 ], [ -71.97944, -9.29067 ], [ -71.97235, -9.28798 ], [ -71.96413, -9.2911 ], [ -71.9322, -9.28854 ], [ -71.92861, -9.28462 ], [ -71.92452, -9.29216 ], [ -71.91975, -9.28367 ], [ -71.91847, -9.28354 ], [ -71.91678, -9.27915 ], [ -71.90996, -9.28268 ], [ -71.91605, -9.27744 ], [ -71.90937, -9.2799 ], [ -71.90192, -9.27733 ], [ -71.89749, -9.2825 ], [ -71.88687, -9.28641 ], [ -71.87768, -9.27919 ], [ -71.87863, -9.26475 ], [ -71.8474, -9.27859 ], [ -71.83934, -9.27657 ], [ -71.83583, -9.28191 ], [ -71.83529, -9.28273 ], [ -71.73217, -9.37542 ], [ -71.73135, -9.37891 ], [ -71.74731, -9.38915 ], [ -71.74623, -9.39243 ], [ -71.75632, -9.39571 ], [ -71.75826, -9.40182 ], [ -71.76455, -9.40556 ], [ -71.77158, -9.40207 ], [ -71.77939, -9.4048 ], [ -71.78105, -9.41642 ], [ -71.79172, -9.41941 ], [ -71.79465, -9.42442 ], [ -71.81149, -9.42901 ], [ -71.81879, -9.42578 ], [ -71.87969, -9.44255 ], [ -71.89681, -9.43125 ], [ -71.88092, -9.44302 ], [ -71.90426, -9.44711 ], [ -72.02581, -9.46083 ], [ -71.90028, -9.44667 ], [ -71.89758, -9.45078 ], [ -71.89988, -9.44904 ], [ -71.90859, -9.45746 ], [ -71.91242, -9.45656 ], [ -71.90899, -9.46601 ], [ -71.91541, -9.46571 ], [ -71.9177, -9.47288 ], [ -71.92329, -9.46945 ], [ -71.92384, -9.47549 ], [ -71.92942, -9.47509 ], [ -71.92642, -9.47871 ], [ -71.93215, -9.47957 ], [ -71.93966, -9.49278 ], [ -71.9417, -9.48755 ], [ -71.94833, -9.48831 ], [ -71.95038, -9.49619 ], [ -71.9564, -9.49412 ], [ -71.96372, -9.50355 ], [ -71.97092, -9.49803 ], [ -71.97586, -9.50698 ], [ -71.97583, -9.50947 ], [ -71.97186, -9.50915 ], [ -71.97084, -9.51729 ], [ -71.96659, -9.51654 ], [ -71.96485, -9.51989 ], [ -71.97089, -9.53209 ], [ -71.97805, -9.53064 ], [ -71.98008, -9.53519 ], [ -71.97578, -9.53964 ], [ -71.97607, -9.54384 ], [ -71.98001, -9.54639 ], [ -71.9789, -9.55165 ], [ -71.98376, -9.56327 ], [ -71.97908, -9.56107 ], [ -71.97779, -9.56412 ], [ -71.98434, -9.56544 ], [ -71.98749, -9.57713 ], [ -71.98387, -9.58136 ], [ -71.98704, -9.58545 ], [ -71.97931, -9.5922 ], [ -71.98539, -9.59427 ], [ -71.98817, -9.60111 ], [ -71.99111, -9.59806 ], [ -71.99104, -9.6039 ], [ -72.00209, -9.60766 ], [ -72.0041, -9.61532 ], [ -71.99984, -9.62367 ], [ -72.00716, -9.62509 ], [ -72.00694, -9.63056 ], [ -72.01352, -9.64001 ], [ -72.00782, -9.64746 ], [ -72.01185, -9.64946 ], [ -72.00861, -9.65521 ], [ -72.01023, -9.66033 ], [ -72.00441, -9.66565 ], [ -72.00683, -9.66826 ], [ -72.00489, -9.6736 ], [ -72.01772, -9.6946 ], [ -72.01875, -9.70425 ], [ -72.0366, -9.74359 ], [ -72.11001, -9.76279 ], [ -72.15294, -9.79676 ], [ -72.17531, -9.78189 ], [ -72.19057, -9.77816 ], [ -72.20137, -9.77403 ], [ -72.2145, -9.77401 ], [ -72.23037, -9.76332 ] ], [ [ -72.05454, -9.29012 ], [ -72.05573, -9.28661 ], [ -72.05614, -9.28797 ], [ -72.06115, -9.28867 ], [ -72.05454, -9.29012 ] ], [ [ -72.05904, -9.29264 ], [ -72.05226, -9.29583 ], [ -72.05759, -9.29527 ], [ -72.05703, -9.29629 ], [ -72.05679, -9.29553 ], [ -72.05142, -9.29733 ], [ -72.0462, -9.29084 ], [ -72.04635, -9.28861 ], [ -72.05238, -9.2956 ], [ -72.05592, -9.29228 ], [ -72.04971, -9.28631 ], [ -72.05454, -9.29012 ], [ -72.05904, -9.29264 ] ], [ [ -72.05557, -9.3025 ], [ -72.05834, -9.30041 ], [ -72.05771, -9.29843 ], [ -72.06221, -9.3002 ], [ -72.05557, -9.3025 ] ], [ [ -72.05843, -9.31345 ], [ -72.05259, -9.30811 ], [ -72.05304, -9.30728 ], [ -72.05639, -9.30983 ], [ -72.05843, -9.30636 ], [ -72.0564, -9.31004 ], [ -72.06393, -9.31061 ], [ -72.05847, -9.31081 ], [ -72.05843, -9.31345 ] ], [ [ -72.05113, -9.28224 ], [ -72.05094, -9.28199 ], [ -72.05101, -9.28133 ], [ -72.05113, -9.28224 ] ], [ [ -72.04729, -9.27394 ], [ -72.05339, -9.27247 ], [ -72.05162, -9.27446 ], [ -72.04729, -9.27394 ] ], [ [ -72.0438, -9.27188 ], [ -72.0512, -9.27077 ], [ -72.05339, -9.27247 ], [ -72.0438, -9.27188 ] ], [ [ -72.04389, -9.2782 ], [ -72.04679, -9.27457 ], [ -72.04576, -9.28188 ], [ -72.046, -9.27573 ], [ -72.04399, -9.28067 ], [ -72.04215, -9.27941 ], [ -72.04007, -9.27996 ], [ -72.03867, -9.27778 ], [ -72.04173, -9.27947 ], [ -72.0438, -9.27188 ], [ -72.04389, -9.2782 ] ], [ [ -72.16443, -9.65829 ], [ -72.16041, -9.65697 ], [ -72.15871, -9.65584 ], [ -72.16443, -9.65829 ] ], [ [ -72.16473, -9.65984 ], [ -72.16128, -9.65755 ], [ -72.16443, -9.65829 ], [ -72.16473, -9.65984 ] ], [ [ -72.06186, -9.31396 ], [ -72.0644, -9.31427 ], [ -72.06429, -9.31514 ], [ -72.06186, -9.31396 ] ], [ [ -72.0687, -9.32597 ], [ -72.06347, -9.32145 ], [ -72.06997, -9.32511 ], [ -72.0687, -9.32597 ] ], [ [ -72.06734, -9.32762 ], [ -72.06351, -9.33067 ], [ -72.06288, -9.32825 ], [ -72.06702, -9.32709 ], [ -72.06734, -9.32762 ] ], [ [ -72.06755, -9.32827 ], [ -72.06753, -9.32795 ], [ -72.07156, -9.33479 ], [ -72.06755, -9.32827 ] ], [ [ -72.06767, -9.33821 ], [ -72.06952, -9.33505 ], [ -72.07156, -9.33479 ], [ -72.06767, -9.33821 ] ], [ [ -72.07141, -9.33965 ], [ -72.06533, -9.33938 ], [ -72.06767, -9.33821 ], [ -72.07141, -9.33965 ] ], [ [ -72.06792, -9.3335 ], [ -72.06917, -9.33472 ], [ -72.068, -9.33468 ], [ -72.06792, -9.3335 ] ], [ [ -72.06407, -9.33279 ], [ -72.06623, -9.33461 ], [ -72.06453, -9.33454 ], [ -72.06407, -9.33279 ] ], [ [ -72.05503, -9.31763 ], [ -72.05808, -9.32091 ], [ -72.05966, -9.31954 ], [ -72.05808, -9.32123 ], [ -72.06145, -9.32284 ], [ -72.0557, -9.32048 ], [ -72.05503, -9.31763 ] ], [ [ -72.06055, -9.3138 ], [ -72.06129, -9.3178 ], [ -72.06025, -9.31511 ], [ -72.05855, -9.31355 ], [ -72.06055, -9.3138 ] ], [ [ -72.08193, -9.34372 ], [ -72.08291, -9.3441 ], [ -72.08198, -9.34416 ], [ -72.08193, -9.34372 ] ], [ [ -72.06186, -9.3411 ], [ -72.06348, -9.3403 ], [ -72.07205, -9.34637 ], [ -72.06186, -9.3411 ] ], [ [ -72.07262, -9.34408 ], [ -72.07346, -9.34044 ], [ -72.07475, -9.34094 ], [ -72.07262, -9.34408 ] ], [ [ -72.07418, -9.35488 ], [ -72.07291, -9.34972 ], [ -72.07677, -9.34986 ], [ -72.07469, -9.35091 ], [ -72.07418, -9.35488 ] ], [ [ -72.08039, -9.34999 ], [ -72.08124, -9.35002 ], [ -72.08081, -9.35037 ], [ -72.08039, -9.34999 ] ], [ [ -72.07719, -9.35466 ], [ -72.07813, -9.35385 ], [ -72.07802, -9.36208 ], [ -72.07809, -9.35459 ], [ -72.07719, -9.35466 ] ], [ [ -72.08981, -9.35932 ], [ -72.09657, -9.36381 ], [ -72.09788, -9.36722 ], [ -72.09246, -9.36776 ], [ -72.0927, -9.36866 ], [ -72.09135, -9.36855 ], [ -72.09386, -9.36643 ], [ -72.08233, -9.36202 ], [ -72.08763, -9.36509 ], [ -72.07802, -9.36208 ], [ -72.08981, -9.35932 ] ], [ [ -72.09011, -9.37801 ], [ -72.09195, -9.37939 ], [ -72.09115, -9.38072 ], [ -72.09011, -9.37801 ] ], [ [ -72.09142, -9.38165 ], [ -72.09286, -9.38653 ], [ -72.08575, -9.37687 ], [ -72.09142, -9.38165 ] ], [ [ -72.09899, -9.39342 ], [ -72.09593, -9.3875 ], [ -72.10038, -9.39542 ], [ -72.10017, -9.39591 ], [ -72.09899, -9.39342 ] ], [ [ -72.09614, -9.39579 ], [ -72.09999, -9.39631 ], [ -72.09793, -9.40108 ], [ -72.09893, -9.39773 ], [ -72.09614, -9.39579 ] ], [ [ -72.10437, -9.40155 ], [ -72.10657, -9.3997 ], [ -72.10794, -9.40514 ], [ -72.10437, -9.40155 ] ], [ [ -72.10737, -9.39902 ], [ -72.10846, -9.39811 ], [ -72.11115, -9.40234 ], [ -72.10737, -9.39902 ] ], [ [ -72.1079, -9.41106 ], [ -72.11199, -9.41301 ], [ -72.11667, -9.41149 ], [ -72.11376, -9.4125 ], [ -72.11399, -9.41403 ], [ -72.1079, -9.41106 ] ], [ [ -72.10884, -9.4175 ], [ -72.10918, -9.42377 ], [ -72.10896, -9.42361 ], [ -72.10884, -9.4175 ] ], [ [ -72.11022, -9.44536 ], [ -72.11189, -9.44754 ], [ -72.11121, -9.44785 ], [ -72.11022, -9.44536 ] ], [ [ -72.11397, -9.45321 ], [ -72.11515, -9.45092 ], [ -72.1166, -9.45177 ], [ -72.11397, -9.45321 ] ], [ [ -72.11885, -9.45177 ], [ -72.12091, -9.45176 ], [ -72.12051, -9.45599 ], [ -72.11885, -9.45177 ] ], [ [ -72.11643, -9.45794 ], [ -72.11663, -9.45905 ], [ -72.11308, -9.45492 ], [ -72.11367, -9.45377 ], [ -72.11557, -9.45347 ], [ -72.11644, -9.45717 ], [ -72.11744, -9.45469 ], [ -72.11697, -9.45718 ], [ -72.12051, -9.45599 ], [ -72.11643, -9.45794 ] ], [ [ -72.12014, -9.46313 ], [ -72.12286, -9.46346 ], [ -72.12135, -9.46453 ], [ -72.12014, -9.46313 ] ], [ [ -72.13068, -9.48821 ], [ -72.13188, -9.48903 ], [ -72.12899, -9.49092 ], [ -72.13068, -9.48821 ] ], [ [ -72.12757, -9.49257 ], [ -72.12802, -9.49346 ], [ -72.12726, -9.49293 ], [ -72.12757, -9.49257 ] ], [ [ -72.13613, -9.4988 ], [ -72.13444, -9.50117 ], [ -72.13423, -9.49832 ], [ -72.13219, -9.49876 ], [ -72.13411, -9.49766 ], [ -72.12998, -9.49481 ], [ -72.13174, -9.49385 ], [ -72.13083, -9.49498 ], [ -72.13613, -9.4988 ] ], [ [ -72.12898, -9.50058 ], [ -72.1288, -9.50092 ], [ -72.1286, -9.5008 ], [ -72.12898, -9.50058 ] ], [ [ -72.12981, -9.50159 ], [ -72.13308, -9.50307 ], [ -72.13275, -9.50353 ], [ -72.12981, -9.50159 ] ], [ [ -72.1353, -9.50521 ], [ -72.13632, -9.50561 ], [ -72.13621, -9.50581 ], [ -72.1353, -9.50521 ] ], [ [ -72.13606, -9.50611 ], [ -72.13414, -9.50986 ], [ -72.13291, -9.50892 ], [ -72.13606, -9.50611 ] ], [ [ -72.13015, -9.51138 ], [ -72.13173, -9.51284 ], [ -72.12932, -9.51212 ], [ -72.13015, -9.51138 ] ], [ [ -72.13429, -9.5136 ], [ -72.13293, -9.5132 ], [ -72.13538, -9.5116 ], [ -72.13606, -9.51205 ], [ -72.13429, -9.5136 ] ], [ [ -72.13695, -9.51265 ], [ -72.13795, -9.51331 ], [ -72.13681, -9.51387 ], [ -72.13695, -9.51265 ] ], [ [ -72.13497, -9.51707 ], [ -72.13062, -9.51742 ], [ -72.13313, -9.51632 ], [ -72.13856, -9.51845 ], [ -72.13498, -9.51892 ], [ -72.13497, -9.51707 ] ], [ [ -72.13866, -9.51378 ], [ -72.13915, -9.51411 ], [ -72.13856, -9.51845 ], [ -72.13866, -9.51378 ] ], [ [ -72.13502, -9.51974 ], [ -72.13855, -9.52486 ], [ -72.13518, -9.52321 ], [ -72.13502, -9.51974 ] ], [ [ -72.13686, -9.53895 ], [ -72.14162, -9.54019 ], [ -72.13671, -9.53901 ], [ -72.13778, -9.52977 ], [ -72.13668, -9.53036 ], [ -72.13855, -9.52486 ], [ -72.13686, -9.53895 ] ], [ [ -72.14861, -9.55235 ], [ -72.14712, -9.54707 ], [ -72.15025, -9.5534 ], [ -72.14759, -9.55405 ], [ -72.14861, -9.55235 ] ], [ [ -72.13971, -9.55548 ], [ -72.13859, -9.55557 ], [ -72.13823, -9.55533 ], [ -72.13971, -9.55548 ] ], [ [ -72.14343, -9.55896 ], [ -72.14494, -9.55993 ], [ -72.1398, -9.55969 ], [ -72.14343, -9.55896 ] ], [ [ -72.15067, -9.58072 ], [ -72.14797, -9.57998 ], [ -72.15521, -9.57783 ], [ -72.15573, -9.57834 ], [ -72.15067, -9.58072 ] ], [ [ -72.15052, -9.58377 ], [ -72.15043, -9.58569 ], [ -72.14952, -9.58596 ], [ -72.15052, -9.58377 ] ], [ [ -72.15578, -9.58432 ], [ -72.15585, -9.58429 ], [ -72.15115, -9.59346 ], [ -72.15578, -9.58432 ] ], [ [ -72.15009, -9.63134 ], [ -72.15127, -9.63291 ], [ -72.15046, -9.63364 ], [ -72.15009, -9.63134 ] ], [ [ -72.15083, -9.63592 ], [ -72.15142, -9.63683 ], [ -72.15098, -9.63688 ], [ -72.15083, -9.63592 ] ], [ [ -72.12562, -9.4615 ], [ -72.12481, -9.46207 ], [ -72.12223, -9.45659 ], [ -72.12562, -9.4615 ] ], [ [ -72.13428, -9.49067 ], [ -72.13344, -9.49172 ], [ -72.13246, -9.48943 ], [ -72.13428, -9.49067 ] ], [ [ -72.15385, -9.63634 ], [ -72.15381, -9.63641 ], [ -72.15335, -9.63568 ], [ -72.15385, -9.63634 ] ], [ [ -72.15783, -9.58042 ], [ -72.1572, -9.58164 ], [ -72.15656, -9.57916 ], [ -72.15783, -9.58042 ] ], [ [ -72.1509, -9.5547 ], [ -72.14625, -9.55999 ], [ -72.14548, -9.55995 ], [ -72.15038, -9.55366 ], [ -72.1509, -9.5547 ] ], [ [ -72.13498, -9.53736 ], [ -72.13582, -9.5388 ], [ -72.13319, -9.53817 ], [ -72.13498, -9.53736 ] ], [ [ -72.11767, -9.45349 ], [ -72.11639, -9.45334 ], [ -72.11774, -9.45313 ], [ -72.11767, -9.45349 ] ], [ [ -72.10808, -9.44925 ], [ -72.10732, -9.44808 ], [ -72.10966, -9.44854 ], [ -72.10808, -9.44925 ] ], [ [ -72.11014, -9.43859 ], [ -72.10912, -9.4372 ], [ -72.10648, -9.4468 ], [ -72.10534, -9.44506 ], [ -72.10626, -9.43881 ], [ -72.11043, -9.43562 ], [ -72.11014, -9.43859 ] ], [ [ -72.10981, -9.44436 ], [ -72.10957, -9.44376 ], [ -72.11266, -9.44205 ], [ -72.10981, -9.44436 ] ], [ [ -72.08759, -9.37367 ], [ -72.08993, -9.36975 ], [ -72.08852, -9.37381 ], [ -72.08759, -9.37367 ] ], [ [ -72.05141, -9.28259 ], [ -72.05474, -9.28336 ], [ -72.05559, -9.28615 ], [ -72.05287, -9.2837 ], [ -72.05319, -9.28488 ], [ -72.05141, -9.28259 ] ], [ [ -72.05333, -9.28538 ], [ -72.05345, -9.28582 ], [ -72.05049, -9.28404 ], [ -72.05333, -9.28538 ] ], [ [ -71.9769, -9.34964 ], [ -71.95806, -9.3354 ], [ -71.9587, -9.33513 ], [ -71.9769, -9.34964 ] ], [ [ -71.95736, -9.33569 ], [ -71.95469, -9.34273 ], [ -71.95576, -9.33637 ], [ -71.95736, -9.33569 ] ], [ [ -71.90661, -9.35214 ], [ -71.8988, -9.35306 ], [ -71.90457, -9.351 ], [ -71.9212, -9.35615 ], [ -71.90665, -9.35277 ], [ -71.89862, -9.35565 ], [ -71.90661, -9.35214 ] ], [ [ -71.88844, -9.34921 ], [ -71.88057, -9.34501 ], [ -71.88083, -9.34493 ], [ -71.88844, -9.34921 ] ], [ [ -71.89668, -9.34525 ], [ -71.89485, -9.34417 ], [ -71.89596, -9.34385 ], [ -71.89668, -9.34525 ] ], [ [ -71.89418, -9.34437 ], [ -71.89404, -9.34481 ], [ -71.89316, -9.34467 ], [ -71.89418, -9.34437 ] ], [ [ -71.90688, -9.30952 ], [ -71.904, -9.31079 ], [ -71.90551, -9.30891 ], [ -71.90688, -9.30952 ] ], [ [ -71.90289, -9.31217 ], [ -71.90948, -9.316 ], [ -71.90225, -9.31295 ], [ -71.90289, -9.31217 ] ], [ [ -71.91091, -9.33357 ], [ -71.90094, -9.32855 ], [ -71.90133, -9.32368 ], [ -71.90509, -9.32379 ], [ -71.91081, -9.3306 ], [ -71.91091, -9.33357 ] ], [ [ -71.90444, -9.28828 ], [ -71.90434, -9.28356 ], [ -71.91114, -9.28373 ], [ -71.9116, -9.28845 ], [ -71.90444, -9.28828 ] ], [ [ -71.91465, -9.30635 ], [ -71.91399, -9.3064 ], [ -71.91416, -9.3061 ], [ -71.91465, -9.30635 ] ], [ [ -71.91654, -9.30728 ], [ -71.91631, -9.30894 ], [ -71.91591, -9.30696 ], [ -71.91654, -9.30728 ] ], [ [ -72.03323, -9.26379 ], [ -72.03238, -9.26387 ], [ -72.03156, -9.2666 ], [ -72.03251, -9.26311 ], [ -72.03323, -9.26379 ] ], [ [ -72.0249, -9.26732 ], [ -72.01908, -9.26435 ], [ -72.03156, -9.2666 ], [ -72.0249, -9.26732 ] ], [ [ -72.01655, -9.26306 ], [ -72.01799, -9.26122 ], [ -72.01769, -9.26364 ], [ -72.01655, -9.26306 ] ], [ [ -72.02937, -9.24669 ], [ -72.03159, -9.24634 ], [ -72.02438, -9.25306 ], [ -72.02937, -9.24669 ] ], [ [ -72.03616, -9.24562 ], [ -72.03627, -9.24698 ], [ -72.03465, -9.24585 ], [ -72.03616, -9.24562 ] ], [ [ -72.03641, -9.24879 ], [ -72.03651, -9.25005 ], [ -72.02965, -9.26019 ], [ -72.02836, -9.259 ], [ -72.03641, -9.24879 ] ], [ [ -72.0386, -9.25499 ], [ -72.03072, -9.26117 ], [ -72.03008, -9.26058 ], [ -72.0386, -9.25499 ] ], [ [ -72.23695, -9.0567 ], [ -72.23909, -9.06105 ], [ -72.239, -9.06125 ], [ -72.23695, -9.0567 ] ] ], [ [ [ -71.82071, -9.25609 ], [ -71.8244, -9.24642 ], [ -71.81876, -9.22585 ], [ -71.82006, -9.21446 ], [ -71.81585, -9.20594 ], [ -71.80968, -9.2113 ], [ -71.80234, -9.21177 ], [ -71.79165, -9.20769 ], [ -71.78742, -9.21105 ], [ -71.78003, -9.20726 ], [ -71.76075, -9.2078 ], [ -71.75559, -9.21257 ], [ -71.74155, -9.20947 ], [ -71.73457, -9.21196 ], [ -71.72227, -9.20761 ], [ -71.70476, -9.21548 ], [ -71.69286, -9.2254 ], [ -71.68676, -9.22284 ], [ -71.67461, -9.22586 ], [ -71.66101, -9.22363 ], [ -71.65279, -9.22811 ], [ -71.65379, -9.23469 ], [ -71.65958, -9.23863 ], [ -71.65625, -9.24512 ], [ -71.67132, -9.24826 ], [ -71.67296, -9.25864 ], [ -71.68105, -9.25507 ], [ -71.67788, -9.26019 ], [ -71.6852, -9.25879 ], [ -71.69166, -9.26783 ], [ -71.69484, -9.26444 ], [ -71.70078, -9.2664 ], [ -71.69604, -9.26807 ], [ -71.70095, -9.26872 ], [ -71.70252, -9.27344 ], [ -71.69848, -9.27418 ], [ -71.69821, -9.28009 ], [ -71.69331, -9.27904 ], [ -71.69911, -9.30147 ], [ -71.70474, -9.30205 ], [ -71.70202, -9.30658 ], [ -71.71098, -9.3074 ], [ -71.71668, -9.31279 ], [ -71.71274, -9.31481 ], [ -71.71707, -9.31813 ], [ -71.71606, -9.32369 ], [ -71.7185, -9.32564 ], [ -71.71484, -9.32871 ], [ -71.71866, -9.33718 ], [ -71.71699, -9.34203 ], [ -71.72073, -9.34167 ], [ -71.72153, -9.34468 ], [ -71.72395, -9.34283 ], [ -71.72341, -9.34606 ], [ -71.73122, -9.35465 ], [ -71.72527, -9.35712 ], [ -71.72959, -9.3615 ], [ -71.72826, -9.36734 ], [ -71.73288, -9.3681 ], [ -71.72919, -9.37033 ], [ -71.73217, -9.37542 ], [ -71.83583, -9.28191 ], [ -71.82071, -9.25609 ] ] ], [ [ [ -72.3335, -9.51742 ], [ -72.3389, -9.52225 ], [ -72.34068, -9.51724 ], [ -72.3335, -9.51742 ] ] ], [ [ [ -72.09788, -9.36722 ], [ -72.08981, -9.35932 ], [ -72.08063, -9.36186 ], [ -72.08809, -9.36252 ], [ -72.09788, -9.36722 ] ] ] ] } },
{ "type": "Feature", "properties": { "cluster": 115.0, "hvi": 0.097, "population": 1916, "setores": 4, "municipio": "Jordão" }, "geometry": { "type": "Polygon", "coordinates": [ [ [ -71.92373, -9.27924 ], [ -71.9322, -9.28854 ], [ -71.96413, -9.2911 ], [ -71.97235, -9.28798 ], [ -71.97973, -9.29228 ], [ -71.97622, -9.27314 ], [ -71.96871, -9.2698 ], [ -71.96051, -9.24403 ], [ -71.96615, -9.2423 ], [ -71.97635, -9.2206 ], [ -71.9746, -9.21786 ], [ -71.9698, -9.21903 ], [ -71.97444, -9.21285 ], [ -71.97002, -9.21159 ], [ -71.97078, -9.20567 ], [ -71.96518, -9.20027 ], [ -71.97077, -9.19886 ], [ -71.96136, -9.19263 ], [ -71.95693, -9.19806 ], [ -71.9541, -9.19432 ], [ -71.95328, -9.19455 ], [ -71.95399, -9.19384 ], [ -71.94791, -9.19307 ], [ -71.94894, -9.18866 ], [ -71.93987, -9.19356 ], [ -71.94747, -9.18901 ], [ -71.94058, -9.18457 ], [ -71.92833, -9.18935 ], [ -71.92618, -9.19499 ], [ -71.90999, -9.19871 ], [ -71.85744, -9.11841 ], [ -71.78915, -9.11881 ], [ -71.78798, -9.12658 ], [ -71.79168, -9.13461 ], [ -71.78601, -9.13543 ], [ -71.78533, -9.14188 ], [ -71.79494, -9.15515 ], [ -71.79132, -9.16344 ], [ -71.79451, -9.16782 ], [ -71.79111, -9.17106 ], [ -71.79198, -9.1793 ], [ -71.79441, -9.18274 ], [ -71.80587, -9.18525 ], [ -71.80525, -9.19505 ], [ -71.81172, -9.19829 ], [ -71.81215, -9.20355 ], [ -71.81826, -9.20748 ], [ -71.81876, -9.22585 ], [ -71.82278, -9.23318 ], [ -71.82077, -9.23893 ], [ -71.8244, -9.24642 ], [ -71.82071, -9.25609 ], [ -71.83583, -9.28191 ], [ -71.83934, -9.27657 ], [ -71.8474, -9.27859 ], [ -71.87863, -9.26475 ], [ -71.87768, -9.27919 ], [ -71.88687, -9.28641 ], [ -71.89749, -9.2825 ], [ -71.90192, -9.27733 ], [ -71.90937, -9.2799 ], [ -71.91654, -9.27692 ], [ -71.92158, -9.28433 ], [ -71.92253, -9.29149 ], [ -71.92861, -9.28462 ], [ -71.91658, -9.2769 ], [ -71.92373, -9.27924 ] ] ] } },
{ "type": "Feature", "properties": { "cluster": 116.0, "hvi": 0.0968, "population": 2985, "setores": 7, "municipio": "Jordão" }, "geometry": { "type": "MultiPolygon", "coordinates": [ [ [ [ -72.01305, -9.25511 ], [ -72.00647, -9.25192 ], [ -72.00628, -9.25743 ], [ -72.01123, -9.25893 ], [ -72.01305, -9.25511 ] ] ], [ [ [ -72.01171, -9.25092 ], [ -72.00998, -9.24966 ], [ -72.02318, -9.24213 ], [ -72.03673, -9.22514 ], [ -72.04868, -9.22043 ], [ -72.05145, -9.21435 ], [ -72.04545, -9.21344 ], [ -72.04417, -9.19797 ], [ -72.06778, -9.17524 ], [ -72.06915, -9.15575 ], [ -72.05253, -9.14252 ], [ -72.03216, -9.06978 ], [ -72.02186, -9.06783 ], [ -72.01525, -9.06121 ], [ -72.013, -9.0625 ], [ -72.00672, -9.05383 ], [ -72.01158, -9.04592 ], [ -72.0086, -9.04301 ], [ -72.01023, -9.04039 ], [ -71.99486, -9.03827 ], [ -71.98007, -9.02869 ], [ -71.97677, -9.03013 ], [ -71.97323, -9.02501 ], [ -71.96725, -9.02735 ], [ -71.9682, -9.02346 ], [ -71.96218, -9.02016 ], [ -71.9591, -9.02361 ], [ -71.95716, -9.01953 ], [ -71.94662, -9.01761 ], [ -71.94598, -9.01381 ], [ -71.94423, -9.01598 ], [ -71.93694, -9.01268 ], [ -71.93378, -9.01619 ], [ -71.93584, -9.01805 ], [ -71.93046, -9.02176 ], [ -71.92373, -9.01574 ], [ -71.91659, -9.01552 ], [ -71.92161, -9.01225 ], [ -71.92082, -9.00961 ], [ -71.91152, -9.01011 ], [ -71.90839, -9.00137 ], [ -71.90092, -9.00026 ], [ -71.90545, -8.99281 ], [ -71.89824, -8.98569 ], [ -71.90885, -8.97886 ], [ -71.90103, -8.9652 ], [ -71.90294, -8.9588 ], [ -71.89968, -8.95712 ], [ -71.89283, -8.96231 ], [ -71.88665, -8.95903 ], [ -71.88517, -8.97764 ], [ -71.87796, -8.99275 ], [ -71.88437, -9.00505 ], [ -71.88067, -9.01038 ], [ -71.88237, -9.01807 ], [ -71.87119, -9.03786 ], [ -71.87202, -9.04522 ], [ -71.86761, -9.049 ], [ -71.86676, -9.05666 ], [ -71.85483, -9.07059 ], [ -71.86036, -9.08572 ], [ -71.86073, -9.10447 ], [ -71.85532, -9.11212 ], [ -71.85842, -9.12144 ], [ -71.90999, -9.19871 ], [ -71.91529, -9.1995 ], [ -71.92626, -9.19495 ], [ -71.93267, -9.1869 ], [ -71.94204, -9.18559 ], [ -71.94374, -9.17981 ], [ -71.94303, -9.18245 ], [ -71.94228, -9.18702 ], [ -71.9502, -9.18876 ], [ -71.94894, -9.18866 ], [ -71.94791, -9.19307 ], [ -71.95392, -9.19383 ], [ -71.95423, -9.19728 ], [ -71.95693, -9.19806 ], [ -71.96136, -9.19263 ], [ -71.97049, -9.19849 ], [ -71.96518, -9.20027 ], [ -71.97078, -9.20567 ], [ -71.97002, -9.21159 ], [ -71.97444, -9.21285 ], [ -71.96994, -9.21955 ], [ -71.97485, -9.21799 ], [ -71.97633, -9.22604 ], [ -71.97922, -9.21739 ], [ -71.98538, -9.22159 ], [ -71.9891, -9.21993 ], [ -71.98424, -9.23182 ], [ -71.98685, -9.23195 ], [ -71.99034, -9.22481 ], [ -71.99493, -9.2266 ], [ -71.99229, -9.23194 ], [ -71.99836, -9.23364 ], [ -71.99907, -9.24005 ], [ -72.00623, -9.24654 ], [ -72.00218, -9.25005 ], [ -72.00397, -9.25309 ], [ -72.00894, -9.25026 ], [ -72.00832, -9.25144 ], [ -72.01171, -9.25092 ] ], [ [ -71.95139, -9.18448 ], [ -71.95161, -9.18515 ], [ -71.94303, -9.18245 ], [ -71.95139, -9.18448 ] ], [ [ -71.95085, -9.18881 ], [ -71.95184, -9.18587 ], [ -71.95283, -9.18895 ], [ -71.95085, -9.18881 ] ], [ [ -71.95322, -9.18585 ], [ -71.95388, -9.19337 ], [ -71.95283, -9.18895 ], [ -71.95322, -9.18585 ] ], [ [ -71.95467, -9.17888 ], [ -71.95665, -9.17764 ], [ -71.95342, -9.18428 ], [ -71.95419, -9.17811 ], [ -71.95467, -9.17888 ] ], [ [ -71.95372, -9.17589 ], [ -71.95303, -9.17624 ], [ -71.95374, -9.17738 ], [ -71.94534, -9.17457 ], [ -71.95372, -9.17589 ] ], [ [ -71.95696, -9.17701 ], [ -71.95653, -9.17633 ], [ -71.95723, -9.17644 ], [ -71.95696, -9.17701 ] ] ] ] } },
{ "type": "Feature", "properties": { "cluster": 117.0, "hvi": 0.1192, "population": 2580, "setores": 4, "municipio": "Mâncio Lima" }, "geometry": { "type": "MultiPolygon", "coordinates": [ [ [ [ -72.90147, -7.61426 ], [ -72.89766, -7.61324 ], [ -72.89481, -7.6155 ], [ -72.89758, -7.61897 ], [ -72.90147, -7.61426 ] ] ], [ [ [ -72.92393, -7.60884 ], [ -72.91782, -7.60176 ], [ -72.91724, -7.60207 ], [ -72.92141, -7.59759 ], [ -72.91135, -7.58908 ], [ -72.8975, -7.60355 ], [ -72.88516, -7.6059 ], [ -72.89143, -7.6155 ], [ -72.90776, -7.60746 ], [ -72.91729, -7.61457 ], [ -72.92393, -7.60884 ] ] ], [ [ [ -72.92141, -7.59759 ], [ -72.94286, -7.58095 ], [ -72.92324, -7.57779 ], [ -72.91165, -7.58896 ], [ -72.92141, -7.59759 ] ] ] ] } },
{ "type": "Feature", "properties": { "cluster": 118.0, "hvi": 0.1394, "population": 2050, "setores": 2, "municipio": "Mâncio Lima" }, "geometry": { "type": "MultiPolygon", "coordinates": [ [ [ [ -72.91782, -7.60176 ], [ -72.92393, -7.60884 ], [ -72.93252, -7.60135 ], [ -72.92653, -7.59353 ], [ -72.91782, -7.60176 ] ] ], [ [ [ -72.93052, -7.59867 ], [ -72.93569, -7.59969 ], [ -72.94525, -7.59655 ], [ -72.93578, -7.58814 ], [ -72.92653, -7.59353 ], [ -72.93052, -7.59867 ] ] ] ] } },
{ "type": "Feature", "properties": { "cluster": 119.0, "hvi": 0.1225, "population": 1992, "setores": 3, "municipio": "Mâncio Lima" }, "geometry": { "type": "MultiPolygon", "coordinates": [ [ [ [ -72.91228, -7.61888 ], [ -72.91704, -7.62474 ], [ -72.91658, -7.63047 ], [ -72.92325, -7.62806 ], [ -72.92745, -7.61728 ], [ -72.91817, -7.61384 ], [ -72.91228, -7.61888 ] ] ], [ [ [ -72.90911, -7.61558 ], [ -72.90304, -7.61453 ], [ -72.90304, -7.61797 ], [ -72.90569, -7.6182 ], [ -72.90911, -7.61558 ] ] ], [ [ [ -72.91729, -7.61457 ], [ -72.91364, -7.61176 ], [ -72.90911, -7.61558 ], [ -72.91198, -7.61912 ], [ -72.91729, -7.61457 ] ] ] ] } },
{ "type": "Feature", "properties": { "cluster": 120.0, "hvi": 0.1095, "population": 483, "setores": 1, "municipio": "Mâncio Lima" }, "geometry": { "type": "Polygon", "coordinates": [ [ [ -72.89766, -7.61324 ], [ -72.90147, -7.61426 ], [ -72.90703, -7.60848 ], [ -72.90183, -7.60857 ], [ -72.89766, -7.61324 ] ] ] } },
{ "type": "Feature", "properties": { "cluster": 121.0, "hvi": 0.1025, "population": 2914, "setores": 9, "municipio": "Mâncio Lima" }, "geometry": { "type": "Polygon", "coordinates": [ [ [ -72.85618, -7.6597 ], [ -72.86206, -7.65758 ], [ -72.85749, -7.65248 ], [ -72.85951, -7.63889 ], [ -72.84567, -7.64492 ], [ -72.87453, -7.63059 ], [ -72.86762, -7.61791 ], [ -72.80106, -7.66247 ], [ -72.80681, -7.66422 ], [ -72.81523, -7.66004 ], [ -72.81331, -7.6622 ], [ -72.82699, -7.66464 ], [ -72.84632, -7.66111 ], [ -72.84779, -7.65768 ], [ -72.85583, -7.65975 ], [ -72.86006, -7.67396 ], [ -72.91382, -7.66435 ], [ -72.94833, -7.6922 ], [ -72.95585, -7.68603 ], [ -72.96944, -7.68436 ], [ -72.97903, -7.67878 ], [ -72.99382, -7.67629 ], [ -73.02282, -7.67605 ], [ -73.04062, -7.6693 ], [ -73.04634, -7.67206 ], [ -73.04937, -7.65155 ], [ -73.03079, -7.63857 ], [ -73.01853, -7.63385 ], [ -72.99449, -7.61518 ], [ -72.9625, -7.59681 ], [ -72.95257, -7.59517 ], [ -72.95711, -7.59025 ], [ -72.95675, -7.58704 ], [ -72.95725, -7.58819 ], [ -72.98545, -7.58125 ], [ -72.99966, -7.58608 ], [ -73.0154, -7.58644 ], [ -73.03662, -7.5985 ], [ -73.08452, -7.60023 ], [ -73.09116, -7.59798 ], [ -73.06287, -7.57095 ], [ -73.05186, -7.57135 ], [ -73.02591, -7.55659 ], [ -73.01531, -7.54618 ], [ -72.99722, -7.54551 ], [ -72.98587, -7.5341 ], [ -72.9708, -7.55032 ], [ -72.9623, -7.55167 ], [ -72.94224, -7.56445 ], [ -72.92395, -7.56968 ], [ -72.92252, -7.57582 ], [ -72.91524, -7.57996 ], [ -72.91679, -7.58463 ], [ -72.92324, -7.57779 ], [ -72.94286, -7.58095 ], [ -72.95513, -7.57264 ], [ -72.93578, -7.58814 ], [ -72.94504, -7.59637 ], [ -72.93052, -7.59867 ], [ -72.93974, -7.60977 ], [ -72.93252, -7.60135 ], [ -72.91817, -7.61384 ], [ -72.93459, -7.61682 ], [ -72.92745, -7.61728 ], [ -72.92325, -7.62806 ], [ -72.9161, -7.63039 ], [ -72.9134, -7.62881 ], [ -72.89333, -7.62942 ], [ -72.89089, -7.63671 ], [ -72.88646, -7.63884 ], [ -72.88872, -7.6414 ], [ -72.88599, -7.64283 ], [ -72.8869, -7.64734 ], [ -72.87453, -7.64317 ], [ -72.8649, -7.6584 ], [ -72.85618, -7.6597 ] ], [ [ -72.9402, -7.61029 ], [ -72.94015, -7.61024 ], [ -72.95073, -7.61925 ], [ -72.9402, -7.61029 ] ] ] } },
{ "type": "Feature", "properties": { "cluster": 122.0, "hvi": 0.1126, "population": 2748, "setores": 5, "municipio": "Mâncio Lima" }, "geometry": { "type": "MultiPolygon", "coordinates": [ [ [ [ -72.88252, -7.64534 ], [ -72.88683, -7.6474 ], [ -72.88698, -7.63777 ], [ -72.89089, -7.63671 ], [ -72.89333, -7.62942 ], [ -72.91482, -7.62996 ], [ -72.9156, -7.62203 ], [ -72.90911, -7.61558 ], [ -72.91364, -7.61176 ], [ -72.90628, -7.6076 ], [ -72.90644, -7.60921 ], [ -72.90008, -7.61719 ], [ -72.90258, -7.61785 ], [ -72.89614, -7.62009 ], [ -72.87562, -7.62975 ], [ -72.88019, -7.63431 ], [ -72.88252, -7.64534 ] ], [ [ -72.90329, -7.6176 ], [ -72.90678, -7.61255 ], [ -72.90911, -7.61558 ], [ -72.90329, -7.6176 ] ] ], [ [ [ -72.88024, -7.61259 ], [ -72.86695, -7.6146 ], [ -72.87453, -7.63059 ], [ -72.88491, -7.61909 ], [ -72.88024, -7.61259 ] ] ] ] } },
{ "type": "Feature", "properties": { "cluster": 124.0, "hvi": 0.1051, "population": 2561, "setores": 8, "municipio": "Mâncio Lima" }, "geometry": { "type": "Polygon", "coordinates": [ [ [ -73.16857, -7.58728 ], [ -73.17581, -7.62249 ], [ -73.18741, -7.61251 ], [ -73.23291, -7.59034 ], [ -73.23637, -7.58541 ], [ -73.23358, -7.57688 ], [ -73.24874, -7.56606 ], [ -73.25043, -7.55178 ], [ -73.24609, -7.53721 ], [ -73.24793, -7.52676 ], [ -73.26183, -7.50895 ], [ -73.26507, -7.50851 ], [ -73.26569, -7.50485 ], [ -73.26113, -7.50153 ], [ -73.26553, -7.49957 ], [ -73.26504, -7.4967 ], [ -73.26748, -7.4982 ], [ -73.26557, -7.49484 ], [ -73.26754, -7.48841 ], [ -73.27158, -7.48725 ], [ -73.27114, -7.4829 ], [ -73.27347, -7.48455 ], [ -73.27344, -7.48122 ], [ -73.27893, -7.47797 ], [ -73.28138, -7.47991 ], [ -73.2847, -7.47188 ], [ -73.2907, -7.46869 ], [ -73.28864, -7.46161 ], [ -73.29638, -7.45063 ], [ -73.29352, -7.44613 ], [ -73.29052, -7.44837 ], [ -73.29206, -7.43689 ], [ -73.28795, -7.43371 ], [ -73.28796, -7.42631 ], [ -73.2851, -7.42586 ], [ -73.28822, -7.42275 ], [ -73.2801, -7.41501 ], [ -73.27593, -7.41595 ], [ -73.2748, -7.41262 ], [ -73.27613, -7.41111 ], [ -73.28208, -7.41251 ], [ -73.2841, -7.40436 ], [ -73.28847, -7.4028 ], [ -73.29088, -7.40579 ], [ -73.29844, -7.39933 ], [ -73.3023, -7.40159 ], [ -73.31884, -7.39605 ], [ -73.32372, -7.40089 ], [ -73.33233, -7.40272 ], [ -73.34863, -7.38994 ], [ -73.3515, -7.37373 ], [ -73.36834, -7.36818 ], [ -73.36925, -7.3646 ], [ -73.37866, -7.3602 ], [ -73.38303, -7.36381 ], [ -73.38456, -7.3553 ], [ -73.399, -7.34315 ], [ -73.40406, -7.32936 ], [ -73.41115, -7.32504 ], [ -73.42069, -7.31166 ], [ -73.44035, -7.30122 ], [ -73.44321, -7.29209 ], [ -73.45781, -7.2863 ], [ -73.46384, -7.27847 ], [ -73.48114, -7.27471 ], [ -73.48962, -7.27643 ], [ -73.50895, -7.25791 ], [ -73.54264, -7.24714 ], [ -73.54509, -7.23621 ], [ -73.5623, -7.21647 ], [ -73.56763, -7.19632 ], [ -73.0548, -7.38171 ], [ -72.90031, -7.43768 ], [ -72.89002, -7.51629 ], [ -72.90557, -7.51607 ], [ -72.90413, -7.52152 ], [ -72.90039, -7.52232 ], [ -72.90058, -7.53234 ], [ -72.90891, -7.53336 ], [ -72.91115, -7.53051 ], [ -72.91227, -7.52207 ], [ -72.91494, -7.52092 ], [ -72.91268, -7.51702 ], [ -72.92001, -7.50714 ], [ -72.92488, -7.50839 ], [ -72.92699, -7.50531 ], [ -72.93231, -7.5088 ], [ -72.93453, -7.50457 ], [ -72.93232, -7.49806 ], [ -72.93809, -7.49131 ], [ -72.94093, -7.48426 ], [ -72.94588, -7.48424 ], [ -72.94692, -7.47922 ], [ -72.95093, -7.47807 ], [ -72.95247, -7.47141 ], [ -72.96007, -7.46903 ], [ -72.96311, -7.46274 ], [ -72.97031, -7.46095 ], [ -72.97653, -7.45228 ], [ -72.99076, -7.44606 ], [ -73.01772, -7.42561 ], [ -73.0357, -7.42213 ], [ -73.04132, -7.41895 ], [ -73.0694, -7.4156 ], [ -73.07057, -7.41019 ], [ -73.06923, -7.42595 ], [ -73.05829, -7.4291 ], [ -73.0612, -7.43805 ], [ -73.05817, -7.43728 ], [ -73.06199, -7.44028 ], [ -73.05842, -7.44256 ], [ -73.06296, -7.44572 ], [ -73.06403, -7.45237 ], [ -73.08221, -7.45859 ], [ -73.09071, -7.47304 ], [ -73.09869, -7.47424 ], [ -73.10776, -7.49413 ], [ -73.11619, -7.49836 ], [ -73.12026, -7.50556 ], [ -73.13034, -7.50579 ], [ -73.14774, -7.54191 ], [ -73.17313, -7.55826 ], [ -73.16857, -7.58728 ] ], [ [ -73.05356, -7.38654 ], [ -73.05214, -7.38919 ], [ -73.0548, -7.38171 ], [ -73.05356, -7.38654 ] ], [ [ -73.20115, -7.40929 ], [ -73.19959, -7.40573 ], [ -73.20188, -7.40818 ], [ -73.20115, -7.40929 ] ], [ [ -73.18247, -7.41403 ], [ -73.18113, -7.41312 ], [ -73.19103, -7.41367 ], [ -73.18247, -7.41403 ] ], [ [ -73.15315, -7.39239 ], [ -73.15316, -7.39181 ], [ -73.15851, -7.39868 ], [ -73.15315, -7.39239 ] ], [ [ -73.13319, -7.39335 ], [ -73.13103, -7.39014 ], [ -73.13196, -7.38825 ], [ -73.13319, -7.39335 ] ], [ [ -73.12748, -7.3947 ], [ -73.12731, -7.39378 ], [ -73.12986, -7.39653 ], [ -73.12748, -7.3947 ] ], [ [ -73.12913, -7.39949 ], [ -73.12826, -7.39893 ], [ -73.12768, -7.39582 ], [ -73.12913, -7.39949 ] ], [ [ -73.09999, -7.39856 ], [ -73.09607, -7.39683 ], [ -73.10045, -7.39757 ], [ -73.09999, -7.39856 ] ], [ [ -73.09346, -7.40193 ], [ -73.09388, -7.39647 ], [ -73.09443, -7.39656 ], [ -73.09346, -7.40193 ] ], [ [ -73.0797, -7.40527 ], [ -73.08794, -7.40454 ], [ -73.08775, -7.40299 ], [ -73.08884, -7.40465 ], [ -73.0797, -7.40527 ] ], [ [ -72.96208, -7.46269 ], [ -72.96132, -7.46248 ], [ -72.96134, -7.46245 ], [ -72.96793, -7.45223 ], [ -72.96208, -7.46269 ] ], [ [ -72.96134, -7.46245 ], [ -72.95499, -7.46693 ], [ -72.95362, -7.46755 ], [ -72.96134, -7.46245 ] ], [ [ -72.9538, -7.46777 ], [ -72.95084, -7.46985 ], [ -72.94642, -7.4723 ], [ -72.95262, -7.46821 ], [ -72.9538, -7.46777 ] ], [ [ -72.93586, -7.4884 ], [ -72.945, -7.47324 ], [ -72.94517, -7.47313 ], [ -72.93586, -7.4884 ] ], [ [ -72.97561, -7.42601 ], [ -72.97635, -7.42554 ], [ -72.94664, -7.46636 ], [ -72.97561, -7.42601 ] ], [ [ -73.04808, -7.39677 ], [ -73.04793, -7.39704 ], [ -73.01318, -7.40209 ], [ -73.04808, -7.39677 ] ] ] } },
{ "type": "Feature", "properties": { "cluster": 125.0, "hvi": 0.0898, "population": 3074, "setores": 44, "municipio": "Cruzeiro do Sul" }, "geometry": { "type": "Polygon", "coordinates": [ [ [ -73.63987, -8.00773 ], [ -73.64948, -8.00253 ], [ -73.66339, -8.00819 ], [ -73.67597, -8.00781 ], [ -73.69254, -7.96381 ], [ -73.69761, -7.9602 ], [ -73.72276, -7.96006 ], [ -73.72876, -7.96905 ], [ -73.7465, -7.95256 ], [ -73.74713, -7.94794 ], [ -73.74648, -7.93524 ], [ -73.75092, -7.92337 ], [ -73.77201, -7.90199 ], [ -73.77009, -7.89684 ], [ -73.75265, -7.89194 ], [ -73.76612, -7.87021 ], [ -73.76721, -7.86091 ], [ -73.75865, -7.85727 ], [ -73.74203, -7.8727 ], [ -73.71301, -7.87546 ], [ -73.70395, -7.8726 ], [ -73.68713, -7.85403 ], [ -73.68334, -7.84164 ], [ -73.68689, -7.82062 ], [ -73.68189, -7.78966 ], [ -73.68381, -7.77605 ], [ -73.69347, -7.77091 ], [ -73.69651, -7.76323 ], [ -73.71323, -7.75547 ], [ -73.74004, -7.73371 ], [ -73.75543, -7.73202 ], [ -73.78615, -7.72244 ], [ -73.80909, -7.72266 ], [ -73.82167, -7.7175 ], [ -73.83904, -7.68838 ], [ -73.84217, -7.67775 ], [ -73.84654, -7.67469 ], [ -73.85717, -7.67773 ], [ -73.87294, -7.67111 ], [ -73.88511, -7.65529 ], [ -73.88831, -7.63126 ], [ -73.91167, -7.62188 ], [ -73.94237, -7.59857 ], [ -73.96834, -7.56735 ], [ -73.98334, -7.56619 ], [ -73.99045, -7.53596 ], [ -73.98761, -7.53126 ], [ -73.97431, -7.53233 ], [ -73.94751, -7.52623 ], [ -73.93281, -7.49416 ], [ -73.9292, -7.47758 ], [ -73.91931, -7.46529 ], [ -73.92742, -7.45166 ], [ -73.93136, -7.4228 ], [ -73.94161, -7.4095 ], [ -73.96714, -7.35981 ], [ -73.96345, -7.34725 ], [ -73.95862, -7.34514 ], [ -73.95079, -7.34708 ], [ -73.94222, -7.36196 ], [ -73.93456, -7.35166 ], [ -73.9309, -7.35192 ], [ -73.90951, -7.37769 ], [ -73.8902, -7.37764 ], [ -73.8765, -7.38227 ], [ -73.86289, -7.37363 ], [ -73.85226, -7.3469 ], [ -73.82959, -7.33653 ], [ -73.81712, -7.33499 ], [ -73.79412, -7.3438 ], [ -73.76595, -7.33143 ], [ -73.75914, -7.33486 ], [ -73.7639, -7.34747 ], [ -73.74692, -7.34365 ], [ -73.7186, -7.32907 ], [ -73.69981, -7.30391 ], [ -73.69892, -7.29572 ], [ -73.7157, -7.26722 ], [ -73.715, -7.24222 ], [ -73.71381, -7.23386 ], [ -73.7239, -7.22094 ], [ -73.74856, -7.20687 ], [ -73.75518, -7.19787 ], [ -73.75938, -7.17415 ], [ -73.76606, -7.16316 ], [ -73.77526, -7.15624 ], [ -73.77767, -7.14549 ], [ -73.79309, -7.1327 ], [ -73.79209, -7.12388 ], [ -73.80156, -7.11182 ], [ -73.56763, -7.19632 ], [ -73.5623, -7.21647 ], [ -73.54509, -7.23621 ], [ -73.54264, -7.24714 ], [ -73.50895, -7.25791 ], [ -73.48962, -7.27643 ], [ -73.48114, -7.27471 ], [ -73.46384, -7.27847 ], [ -73.45781, -7.2863 ], [ -73.44321, -7.29209 ], [ -73.44035, -7.30122 ], [ -73.42069, -7.31166 ], [ -73.41115, -7.32504 ], [ -73.40406, -7.32936 ], [ -73.399, -7.34315 ], [ -73.38456, -7.3553 ], [ -73.38313, -7.36327 ], [ -73.37866, -7.3602 ], [ -73.36925, -7.3646 ], [ -73.36834, -7.36818 ], [ -73.35253, -7.37283 ], [ -73.34804, -7.3869 ], [ -73.35768, -7.38976 ], [ -73.34738, -7.38768 ], [ -73.34863, -7.38994 ], [ -73.33374, -7.40135 ], [ -73.32654, -7.40222 ], [ -73.31841, -7.39603 ], [ -73.3023, -7.40159 ], [ -73.29633, -7.39998 ], [ -73.29062, -7.40585 ], [ -73.28847, -7.4028 ], [ -73.2841, -7.40436 ], [ -73.28218, -7.41242 ], [ -73.27613, -7.41111 ], [ -73.27504, -7.41452 ], [ -73.2801, -7.41501 ], [ -73.28558, -7.42179 ], [ -73.28838, -7.41763 ], [ -73.2851, -7.42586 ], [ -73.28796, -7.42631 ], [ -73.28795, -7.43371 ], [ -73.29206, -7.43689 ], [ -73.29052, -7.44837 ], [ -73.29317, -7.44611 ], [ -73.29666, -7.44852 ], [ -73.28864, -7.46161 ], [ -73.29089, -7.46836 ], [ -73.2847, -7.47188 ], [ -73.28138, -7.47991 ], [ -73.27893, -7.47797 ], [ -73.27344, -7.48122 ], [ -73.27347, -7.48455 ], [ -73.27114, -7.4829 ], [ -73.27158, -7.48725 ], [ -73.26754, -7.48841 ], [ -73.26557, -7.49484 ], [ -73.26748, -7.4982 ], [ -73.26504, -7.4967 ], [ -73.26553, -7.49957 ], [ -73.26113, -7.50153 ], [ -73.26293, -7.50504 ], [ -73.26844, -7.50474 ], [ -73.24793, -7.52676 ], [ -73.24609, -7.53721 ], [ -73.25043, -7.55178 ], [ -73.24918, -7.5651 ], [ -73.23358, -7.57688 ], [ -73.23637, -7.58541 ], [ -73.23291, -7.59034 ], [ -73.18741, -7.61251 ], [ -73.17798, -7.62009 ], [ -73.17, -7.64177 ], [ -73.18596, -7.68568 ], [ -73.18283, -7.73091 ], [ -73.25154, -7.79257 ], [ -73.30816, -7.77762 ], [ -73.30306, -7.7704 ], [ -73.30544, -7.75816 ], [ -73.34186, -7.73786 ], [ -73.3305, -7.71706 ], [ -73.326, -7.7134 ], [ -73.33466, -7.70948 ], [ -73.34193, -7.71253 ], [ -73.34168, -7.7163 ], [ -73.34922, -7.71995 ], [ -73.35435, -7.72941 ], [ -73.36027, -7.7278 ], [ -73.36524, -7.73194 ], [ -73.36797, -7.74334 ], [ -73.37387, -7.74567 ], [ -73.37401, -7.75138 ], [ -73.3906, -7.74596 ], [ -73.376, -7.75172 ], [ -73.37168, -7.75688 ], [ -73.374, -7.76454 ], [ -73.36933, -7.76949 ], [ -73.37023, -7.78278 ], [ -73.38621, -7.79134 ], [ -73.38481, -7.79765 ], [ -73.38783, -7.80103 ], [ -73.396, -7.80009 ], [ -73.39862, -7.80424 ], [ -73.39931, -7.81448 ], [ -73.39549, -7.81554 ], [ -73.39471, -7.82096 ], [ -73.40563, -7.84787 ], [ -73.40949, -7.85007 ], [ -73.4169, -7.86578 ], [ -73.41046, -7.85257 ], [ -73.40572, -7.86582 ], [ -73.39719, -7.86369 ], [ -73.38681, -7.86686 ], [ -73.38272, -7.87251 ], [ -73.37869, -7.89487 ], [ -73.36883, -7.90123 ], [ -73.36589, -7.912 ], [ -73.36766, -7.92128 ], [ -73.36465, -7.92543 ], [ -73.44118, -7.99728 ], [ -73.44332, -8.03574 ], [ -73.5047, -8.04329 ], [ -73.50403, -8.05067 ], [ -73.49, -8.0626 ], [ -73.49246, -8.07306 ], [ -73.48624, -8.08132 ], [ -73.47715, -8.08076 ], [ -73.46356, -8.08663 ], [ -73.44388, -8.08962 ], [ -73.43173, -8.08621 ], [ -73.42155, -8.07874 ], [ -73.4049, -8.0809 ], [ -73.39639, -8.08984 ], [ -73.39494, -8.09811 ], [ -73.3877, -8.1015 ], [ -73.37991, -8.11265 ], [ -73.38254, -8.12401 ], [ -73.39371, -8.13046 ], [ -73.40917, -8.16386 ], [ -73.40727, -8.19218 ], [ -73.40935, -8.19695 ], [ -73.40499, -8.201 ], [ -73.40598, -8.21055 ], [ -73.40338, -8.21166 ], [ -73.40588, -8.21486 ], [ -73.40133, -8.22155 ], [ -73.40353, -8.23005 ], [ -73.40142, -8.23449 ], [ -73.37337, -8.24126 ], [ -73.36169, -8.23533 ], [ -73.35006, -8.23947 ], [ -73.34784, -8.23517 ], [ -73.34365, -8.24328 ], [ -73.34162, -8.2396 ], [ -73.33437, -8.24442 ], [ -73.31599, -8.2462 ], [ -73.31559, -8.24408 ], [ -73.31346, -8.24901 ], [ -73.30609, -8.2416 ], [ -73.30292, -8.24335 ], [ -73.30505, -8.24021 ], [ -73.29655, -8.24134 ], [ -73.29673, -8.23853 ], [ -73.28986, -8.24378 ], [ -73.28571, -8.23998 ], [ -73.28038, -8.24027 ], [ -73.27822, -8.24383 ], [ -73.27858, -8.24111 ], [ -73.27562, -8.2418 ], [ -73.27306, -8.24461 ], [ -73.27467, -8.24857 ], [ -73.26655, -8.24431 ], [ -73.26581, -8.24706 ], [ -73.26026, -8.24451 ], [ -73.25233, -8.24839 ], [ -73.25162, -8.24395 ], [ -73.24708, -8.24713 ], [ -73.2438, -8.24325 ], [ -73.24276, -8.24583 ], [ -73.24002, -8.24456 ], [ -73.23881, -8.23945 ], [ -73.22793, -8.24738 ], [ -73.23027, -8.24541 ], [ -73.22667, -8.2425 ], [ -73.21632, -8.24312 ], [ -73.21623, -8.23918 ], [ -73.20528, -8.24155 ], [ -73.20785, -8.23843 ], [ -73.19993, -8.23615 ], [ -73.19878, -8.23262 ], [ -73.1914, -8.23413 ], [ -73.19107, -8.22896 ], [ -73.18479, -8.23475 ], [ -73.17575, -8.23521 ], [ -73.17299, -8.23846 ], [ -73.17462, -8.24182 ], [ -73.16896, -8.24027 ], [ -73.1596, -8.24392 ], [ -73.15165, -8.23762 ], [ -73.14697, -8.24479 ], [ -73.14383, -8.24454 ], [ -73.14356, -8.24006 ], [ -73.14008, -8.24064 ], [ -73.13813, -8.24626 ], [ -73.13571, -8.24197 ], [ -73.13382, -8.24596 ], [ -73.12831, -8.24441 ], [ -73.1251, -8.24741 ], [ -73.12398, -8.24346 ], [ -73.1199, -8.24591 ], [ -73.11869, -8.24378 ], [ -73.11859, -8.24868 ], [ -73.11419, -8.24901 ], [ -73.11545, -8.25301 ], [ -73.10592, -8.24988 ], [ -73.10187, -8.25311 ], [ -73.09666, -8.24974 ], [ -73.09927, -8.25424 ], [ -73.09481, -8.25254 ], [ -73.09057, -8.24446 ], [ -73.08884, -8.24717 ], [ -73.08624, -8.24392 ], [ -73.0838, -8.24824 ], [ -73.08137, -8.24617 ], [ -73.08035, -8.25008 ], [ -73.07184, -8.23925 ], [ -73.06482, -8.24446 ], [ -73.06783, -8.23838 ], [ -73.0659, -8.23679 ], [ -73.0618, -8.23753 ], [ -73.06208, -8.24316 ], [ -73.05706, -8.23464 ], [ -73.05472, -8.24021 ], [ -73.04427, -8.23543 ], [ -73.04624, -8.23347 ], [ -73.04274, -8.23061 ], [ -73.03911, -8.23186 ], [ -73.0392, -8.22878 ], [ -73.03713, -8.23386 ], [ -73.02737, -8.23103 ], [ -73.02645, -8.22804 ], [ -73.00799, -8.23004 ], [ -73.0018, -8.22202 ], [ -72.99394, -8.21969 ], [ -72.98728, -8.22184 ], [ -72.98437, -8.21703 ], [ -72.97904, -8.21912 ], [ -72.97677, -8.21476 ], [ -72.97455, -8.21921 ], [ -72.97259, -8.21477 ], [ -72.96761, -8.2142 ], [ -72.96734, -8.21717 ], [ -72.9609, -8.20883 ], [ -72.95146, -8.21322 ], [ -72.95233, -8.21748 ], [ -72.94736, -8.21005 ], [ -72.94326, -8.2136 ], [ -72.94624, -8.20218 ], [ -72.93981, -8.20052 ], [ -72.92781, -8.20519 ], [ -72.93132, -8.20047 ], [ -72.92686, -8.20175 ], [ -72.92567, -8.19825 ], [ -72.92283, -8.20103 ], [ -72.92015, -8.19292 ], [ -72.89419, -8.18771 ], [ -72.89023, -8.18234 ], [ -72.86727, -8.25507 ], [ -72.8514, -8.24521 ], [ -72.83722, -8.25301 ], [ -72.81594, -8.27455 ], [ -72.85368, -8.29813 ], [ -72.82606, -8.38139 ], [ -72.83059, -8.38733 ], [ -72.82737, -8.38952 ], [ -72.82689, -8.3888 ], [ -72.82227, -8.38929 ], [ -72.88644, -8.46122 ], [ -72.82175, -8.38965 ], [ -72.83173, -8.41907 ], [ -72.82256, -8.41797 ], [ -72.81156, -8.42802 ], [ -72.81644, -8.43221 ], [ -72.82129, -8.44896 ], [ -72.83482, -8.44857 ], [ -72.83133, -8.45951 ], [ -72.84193, -8.45887 ], [ -72.84666, -8.46169 ], [ -72.84598, -8.46617 ], [ -72.83495, -8.46637 ], [ -72.8327, -8.47139 ], [ -72.85496, -8.50607 ], [ -72.85234, -8.51324 ], [ -72.84946, -8.50418 ], [ -72.84617, -8.50253 ], [ -72.83182, -8.51031 ], [ -72.84011, -8.51173 ], [ -72.846, -8.51852 ], [ -72.84595, -8.51981 ], [ -72.84364, -8.51599 ], [ -72.83871, -8.52068 ], [ -72.84079, -8.5308 ], [ -72.82435, -8.52835 ], [ -72.80958, -8.52905 ], [ -72.81408, -8.54109 ], [ -72.80431, -8.55622 ], [ -72.81571, -8.57489 ], [ -72.80447, -8.59027 ], [ -72.80827, -8.59081 ], [ -72.81806, -8.58005 ], [ -72.82272, -8.58001 ], [ -72.82657, -8.58488 ], [ -72.82349, -8.59464 ], [ -72.83643, -8.60028 ], [ -72.84733, -8.61064 ], [ -72.84442, -8.6302 ], [ -72.83567, -8.62826 ], [ -72.83302, -8.63049 ], [ -72.83411, -8.64702 ], [ -72.84227, -8.6528 ], [ -72.8428, -8.65654 ], [ -72.82967, -8.65684 ], [ -72.82032, -8.66284 ], [ -72.82029, -8.67098 ], [ -72.81327, -8.67754 ], [ -72.8156, -8.68406 ], [ -72.81337, -8.68861 ], [ -72.79904, -8.67755 ], [ -72.79302, -8.68136 ], [ -72.80398, -8.69385 ], [ -72.81267, -8.69202 ], [ -72.81935, -8.69481 ], [ -72.82393, -8.71 ], [ -72.81373, -8.70855 ], [ -72.80674, -8.71515 ], [ -72.81019, -8.72318 ], [ -72.81025, -8.72321 ], [ -72.81206, -8.72903 ], [ -72.82781, -8.73738 ], [ -72.83717, -8.75156 ], [ -72.83706, -8.75787 ], [ -72.82472, -8.75349 ], [ -72.82059, -8.75565 ], [ -72.83259, -8.78029 ], [ -72.83288, -8.78478 ], [ -72.82314, -8.7876 ], [ -72.81121, -8.78879 ], [ -72.79109, -8.79907 ], [ -72.7979, -8.80363 ], [ -72.79594, -8.81717 ], [ -72.81127, -8.8264 ], [ -72.81098, -8.83028 ], [ -72.80701, -8.8344 ], [ -72.78051, -8.82009 ], [ -72.7776, -8.82796 ], [ -72.76394, -8.83578 ], [ -72.76405, -8.83457 ], [ -72.77228, -8.83046 ], [ -72.77096, -8.82776 ], [ -72.75393, -8.83251 ], [ -72.75054, -8.83867 ], [ -72.7563, -8.84226 ], [ -72.7637, -8.83856 ], [ -72.76381, -8.83723 ], [ -72.76856, -8.84192 ], [ -72.78063, -8.83908 ], [ -72.7819, -8.84467 ], [ -72.77776, -8.84834 ], [ -72.76537, -8.84902 ], [ -72.76362, -8.85397 ], [ -72.78554, -8.8848 ], [ -72.78717, -8.89352 ], [ -72.78201, -8.90034 ], [ -72.78535, -8.9002 ], [ -72.78303, -8.90222 ], [ -72.78737, -8.90609 ], [ -72.7891, -8.90462 ], [ -72.78876, -8.90846 ], [ -72.81508, -8.90652 ], [ -72.82031, -8.91197 ], [ -72.84233, -8.91876 ], [ -72.84643, -8.9299 ], [ -72.85117, -8.92954 ], [ -72.86111, -8.93831 ], [ -72.86414, -8.93721 ], [ -72.8727, -8.94247 ], [ -72.85897, -9.00895 ], [ -72.94101, -9.066 ], [ -72.94834, -9.02565 ], [ -72.95692, -9.01067 ], [ -72.9392, -8.99685 ], [ -72.93765, -8.98715 ], [ -72.95965, -8.98172 ], [ -72.97059, -8.97488 ], [ -72.99481, -8.91985 ], [ -73.0089, -8.91276 ], [ -73.04151, -8.91513 ], [ -73.04056, -8.90898 ], [ -73.04323, -8.91529 ], [ -73.05622, -8.9069 ], [ -73.06434, -8.89355 ], [ -73.0712, -8.86982 ], [ -73.07748, -8.86091 ], [ -73.07798, -8.84285 ], [ -73.09426, -8.83722 ], [ -73.10898, -8.82268 ], [ -73.11182, -8.81556 ], [ -73.11161, -8.79194 ], [ -73.13821, -8.75957 ], [ -73.1391, -8.73505 ], [ -73.14237, -8.7227 ], [ -73.14963, -8.71434 ], [ -73.16557, -8.69992 ], [ -73.21636, -8.67895 ], [ -73.24785, -8.68734 ], [ -73.25726, -8.67896 ], [ -73.26432, -8.67771 ], [ -73.29029, -8.66166 ], [ -73.2974, -8.65092 ], [ -73.30184, -8.63655 ], [ -73.29959, -8.63222 ], [ -73.31314, -8.63108 ], [ -73.31164, -8.62178 ], [ -73.31456, -8.61517 ], [ -73.33953, -8.6178 ], [ -73.34397, -8.60208 ], [ -73.30426, -8.58143 ], [ -73.34391, -8.60122 ], [ -73.32798, -8.51708 ], [ -73.32773, -8.48153 ], [ -73.33241, -8.47647 ], [ -73.31135, -8.46014 ], [ -73.33214, -8.47537 ], [ -73.33129, -8.47184 ], [ -73.33537, -8.46715 ], [ -73.34717, -8.47057 ], [ -73.36506, -8.46338 ], [ -73.37464, -8.46682 ], [ -73.37678, -8.46237 ], [ -73.38661, -8.46961 ], [ -73.39445, -8.46728 ], [ -73.4057, -8.43417 ], [ -73.40673, -8.41917 ], [ -73.41237, -8.4106 ], [ -73.42156, -8.407 ], [ -73.43352, -8.4121 ], [ -73.44795, -8.40217 ], [ -73.4824, -8.39146 ], [ -73.48606, -8.38581 ], [ -73.4859, -8.37809 ], [ -73.5065, -8.37728 ], [ -73.53695, -8.34548 ], [ -73.5378, -8.33419 ], [ -73.52967, -8.31215 ], [ -73.54012, -8.29501 ], [ -73.5364, -8.26988 ], [ -73.54032, -8.26275 ], [ -73.55329, -8.25385 ], [ -73.56025, -8.2353 ], [ -73.57164, -8.2298 ], [ -73.57778, -8.2106 ], [ -73.59525, -8.20658 ], [ -73.58647, -8.18638 ], [ -73.58584, -8.16417 ], [ -73.59126, -8.14231 ], [ -73.58534, -8.12282 ], [ -73.59395, -8.0974 ], [ -73.60706, -8.08649 ], [ -73.61556, -8.0696 ], [ -73.63224, -8.05896 ], [ -73.62345, -8.03936 ], [ -73.62376, -8.02845 ], [ -73.63987, -8.00773 ] ], [ [ -72.82788, -8.73524 ], [ -72.82906, -8.73118 ], [ -72.82799, -8.73529 ], [ -72.82788, -8.73524 ] ], [ [ -73.38557, -7.36495 ], [ -73.38409, -7.36393 ], [ -73.39527, -7.36516 ], [ -73.38557, -7.36495 ] ], [ [ -73.40867, -7.35648 ], [ -73.40807, -7.35667 ], [ -73.41859, -7.34183 ], [ -73.40867, -7.35648 ] ], [ [ -73.64974, -7.28306 ], [ -73.63888, -7.2764 ], [ -73.65025, -7.28315 ], [ -73.64974, -7.28306 ] ], [ [ -73.56033, -7.34507 ], [ -73.57455, -7.34885 ], [ -73.55952, -7.34532 ], [ -73.56033, -7.34507 ] ], [ [ -73.51749, -7.36958 ], [ -73.51842, -7.36887 ], [ -73.50906, -7.38265 ], [ -73.51749, -7.36958 ] ], [ [ -73.49092, -7.42407 ], [ -73.49207, -7.42884 ], [ -73.48988, -7.42365 ], [ -73.50352, -7.41392 ], [ -73.49092, -7.42407 ] ], [ [ -73.47947, -7.42947 ], [ -73.47957, -7.42947 ], [ -73.47611, -7.43453 ], [ -73.47947, -7.42947 ] ], [ [ -73.45345, -7.43764 ], [ -73.45442, -7.43712 ], [ -73.45512, -7.43862 ], [ -73.45345, -7.43764 ] ], [ [ -73.44295, -7.4478 ], [ -73.44431, -7.44806 ], [ -73.44715, -7.44007 ], [ -73.44488, -7.44931 ], [ -73.44295, -7.4478 ] ], [ [ -73.44229, -7.4594 ], [ -73.44928, -7.45275 ], [ -73.44601, -7.45019 ], [ -73.4513, -7.4518 ], [ -73.44229, -7.4594 ] ], [ [ -73.43416, -7.45618 ], [ -73.43291, -7.45398 ], [ -73.44229, -7.4594 ], [ -73.43416, -7.45618 ] ], [ [ -73.43598, -7.4516 ], [ -73.43183, -7.45051 ], [ -73.43198, -7.45233 ], [ -73.43036, -7.44945 ], [ -73.43598, -7.4516 ] ], [ [ -73.42674, -7.44913 ], [ -73.42769, -7.45062 ], [ -73.42269, -7.45283 ], [ -73.42674, -7.44913 ] ], [ [ -73.41096, -7.44865 ], [ -73.41389, -7.45199 ], [ -73.41076, -7.44885 ], [ -73.41096, -7.44865 ] ], [ [ -73.39486, -7.45542 ], [ -73.39451, -7.45549 ], [ -73.39448, -7.4554 ], [ -73.39486, -7.45542 ] ], [ [ -73.38152, -7.45021 ], [ -73.38173, -7.45026 ], [ -73.37947, -7.45306 ], [ -73.38152, -7.45021 ] ], [ [ -73.36673, -7.45287 ], [ -73.36687, -7.45314 ], [ -73.36472, -7.45547 ], [ -73.36673, -7.45287 ] ], [ [ -73.36044, -7.45183 ], [ -73.36057, -7.45195 ], [ -73.35798, -7.45476 ], [ -73.36044, -7.45183 ] ], [ [ -73.35251, -7.4515 ], [ -73.3524, -7.45118 ], [ -73.35798, -7.45476 ], [ -73.35251, -7.4515 ] ], [ [ -73.33553, -7.45188 ], [ -73.34912, -7.45688 ], [ -73.3355, -7.45198 ], [ -73.33553, -7.45188 ] ], [ [ -73.33119, -7.452 ], [ -73.33469, -7.45437 ], [ -73.33547, -7.45207 ], [ -73.33915, -7.45759 ], [ -73.33119, -7.452 ] ], [ [ -73.33289, -7.45008 ], [ -73.33264, -7.45029 ], [ -73.32943, -7.44986 ], [ -73.33289, -7.45008 ] ], [ [ -73.35, -7.43589 ], [ -73.32688, -7.4478 ], [ -73.3306, -7.44787 ], [ -73.32619, -7.44814 ], [ -73.35, -7.43589 ] ], [ [ -73.32347, -7.4456 ], [ -73.32433, -7.44825 ], [ -73.32355, -7.4483 ], [ -73.32347, -7.4456 ] ], [ [ -73.32171, -7.44019 ], [ -73.3222, -7.4417 ], [ -73.31134, -7.43664 ], [ -73.32171, -7.44019 ] ], [ [ -73.31087, -7.42811 ], [ -73.31082, -7.42977 ], [ -73.31071, -7.4282 ], [ -73.31087, -7.42811 ] ], [ [ -73.30321, -7.42071 ], [ -73.3033, -7.42087 ], [ -73.30106, -7.42036 ], [ -73.30321, -7.42071 ] ], [ [ -73.17915, -8.37448 ], [ -73.17807, -8.37394 ], [ -73.20056, -8.37741 ], [ -73.17915, -8.37448 ] ], [ [ -73.81351, -7.45156 ], [ -73.80577, -7.46332 ], [ -73.8035, -7.46401 ], [ -73.81351, -7.45156 ] ], [ [ -73.80338, -7.46404 ], [ -73.80034, -7.46497 ], [ -73.79957, -7.4642 ], [ -73.80338, -7.46404 ] ], [ [ -73.79089, -7.45645 ], [ -73.79153, -7.45708 ], [ -73.78362, -7.4566 ], [ -73.79089, -7.45645 ] ], [ [ -73.70768, -7.50353 ], [ -73.72328, -7.48364 ], [ -73.71113, -7.50133 ], [ -73.70768, -7.50353 ] ], [ [ -73.70319, -7.50707 ], [ -73.70207, -7.50795 ], [ -73.69933, -7.49635 ], [ -73.70319, -7.50707 ] ], [ [ -73.69525, -7.44356 ], [ -73.69026, -7.45743 ], [ -73.68995, -7.45034 ], [ -73.69216, -7.45114 ], [ -73.69525, -7.44356 ] ], [ [ -73.68897, -7.43703 ], [ -73.68938, -7.43623 ], [ -73.69525, -7.44356 ], [ -73.68897, -7.43703 ] ], [ [ -73.68938, -7.45014 ], [ -73.68585, -7.45343 ], [ -73.68849, -7.44982 ], [ -73.68938, -7.45014 ] ], [ [ -73.66506, -7.44205 ], [ -73.66948, -7.45249 ], [ -73.66731, -7.44773 ], [ -73.66656, -7.44775 ], [ -73.66506, -7.44205 ] ], [ [ -73.64937, -7.44423 ], [ -73.65163, -7.44243 ], [ -73.66506, -7.44205 ], [ -73.64937, -7.44423 ] ], [ [ -73.64779, -7.45264 ], [ -73.64428, -7.44826 ], [ -73.64745, -7.45085 ], [ -73.64914, -7.44811 ], [ -73.64779, -7.45264 ] ], [ [ -73.64746, -7.45376 ], [ -73.64723, -7.45455 ], [ -73.64667, -7.45457 ], [ -73.64746, -7.45376 ] ], [ [ -73.58805, -7.45668 ], [ -73.5799, -7.45286 ], [ -73.58018, -7.45273 ], [ -73.58805, -7.45668 ] ], [ [ -73.57978, -7.45292 ], [ -73.57833, -7.45682 ], [ -73.57775, -7.45385 ], [ -73.57978, -7.45292 ] ], [ [ -73.57894, -7.45998 ], [ -73.59193, -7.46997 ], [ -73.57895, -7.46175 ], [ -73.57894, -7.45998 ] ], [ [ -73.57656, -7.46055 ], [ -73.57673, -7.46064 ], [ -73.57368, -7.46537 ], [ -73.57231, -7.46464 ], [ -73.57656, -7.46055 ] ], [ [ -73.57185, -7.46508 ], [ -73.5726, -7.4667 ], [ -73.56938, -7.46746 ], [ -73.57185, -7.46508 ] ], [ [ -73.56527, -7.46879 ], [ -73.56641, -7.47002 ], [ -73.56048, -7.46765 ], [ -73.56527, -7.46879 ] ], [ [ -73.55987, -7.4675 ], [ -73.55805, -7.47011 ], [ -73.55933, -7.46737 ], [ -73.55987, -7.4675 ] ], [ [ -73.55325, -7.46656 ], [ -73.55464, -7.46758 ], [ -73.55068, -7.47446 ], [ -73.55382, -7.46708 ], [ -73.55325, -7.46656 ] ], [ [ -73.54467, -7.4602 ], [ -73.54331, -7.46152 ], [ -73.53887, -7.45591 ], [ -73.54467, -7.4602 ] ], [ [ -73.49977, -7.45497 ], [ -73.5007, -7.45701 ], [ -73.49637, -7.45665 ], [ -73.49644, -7.45559 ], [ -73.49977, -7.45497 ] ], [ [ -73.49671, -7.45156 ], [ -73.49003, -7.45229 ], [ -73.48976, -7.45195 ], [ -73.49671, -7.45156 ] ], [ [ -73.47774, -7.44261 ], [ -73.47268, -7.44316 ], [ -73.47254, -7.44289 ], [ -73.47774, -7.44261 ] ], [ [ -73.4515, -7.45187 ], [ -73.45316, -7.45237 ], [ -73.45713, -7.45858 ], [ -73.4515, -7.45187 ] ], [ [ -73.4529, -7.4702 ], [ -73.45223, -7.46755 ], [ -73.45713, -7.45858 ], [ -73.4529, -7.4702 ] ], [ [ -73.45506, -7.47875 ], [ -73.4547, -7.47731 ], [ -73.45746, -7.47887 ], [ -73.45841, -7.48287 ], [ -73.45506, -7.47875 ] ], [ [ -73.45763, -7.48819 ], [ -73.45887, -7.48478 ], [ -73.45978, -7.48861 ], [ -73.45763, -7.48819 ] ], [ [ -73.46071, -7.49604 ], [ -73.46, -7.48951 ], [ -73.46128, -7.49488 ], [ -73.46071, -7.49604 ] ], [ [ -73.45584, -7.50511 ], [ -73.46119, -7.5005 ], [ -73.46103, -7.49898 ], [ -73.46253, -7.49979 ], [ -73.45584, -7.50511 ] ], [ [ -73.45216, -7.50047 ], [ -73.45168, -7.49921 ], [ -73.45584, -7.50511 ], [ -73.45216, -7.50047 ] ], [ [ -73.46287, -7.49997 ], [ -73.46827, -7.50287 ], [ -73.46327, -7.50194 ], [ -73.46287, -7.49997 ] ], [ [ -73.47442, -7.504 ], [ -73.47509, -7.5008 ], [ -73.47583, -7.50427 ], [ -73.47442, -7.504 ] ], [ [ -73.48262, -7.53116 ], [ -73.48658, -7.53083 ], [ -73.48265, -7.53132 ], [ -73.48262, -7.53116 ] ], [ [ -73.58917, -7.65784 ], [ -73.58955, -7.65767 ], [ -73.59014, -7.65874 ], [ -73.58917, -7.65784 ] ], [ [ -73.56447, -7.72258 ], [ -73.59321, -7.66427 ], [ -73.59412, -7.6659 ], [ -73.56447, -7.72258 ] ], [ [ -73.47626, -7.75863 ], [ -73.46115, -7.76274 ], [ -73.46193, -7.76211 ], [ -73.47626, -7.75863 ] ], [ [ -73.4595, -7.76406 ], [ -73.4551, -7.76989 ], [ -73.45298, -7.76929 ], [ -73.4595, -7.76406 ] ], [ [ -73.85224, -7.64673 ], [ -73.85159, -7.64654 ], [ -73.86312, -7.63249 ], [ -73.85224, -7.64673 ] ], [ [ -73.83249, -7.62951 ], [ -73.83277, -7.62912 ], [ -73.83313, -7.63048 ], [ -73.83249, -7.62951 ] ], [ [ -73.80096, -7.59843 ], [ -73.81469, -7.60031 ], [ -73.81523, -7.60125 ], [ -73.80096, -7.59843 ] ], [ [ -73.79066, -7.58781 ], [ -73.78972, -7.57998 ], [ -73.79272, -7.58993 ], [ -73.79066, -7.58781 ] ], [ [ -73.78943, -7.57758 ], [ -73.79338, -7.56197 ], [ -73.78951, -7.57822 ], [ -73.78943, -7.57758 ] ], [ [ -73.76656, -7.55934 ], [ -73.76647, -7.55917 ], [ -73.77472, -7.55835 ], [ -73.76656, -7.55934 ] ], [ [ -73.76021, -7.55461 ], [ -73.76024, -7.55433 ], [ -73.76318, -7.55295 ], [ -73.76021, -7.55461 ] ], [ [ -73.75348, -7.54372 ], [ -73.75622, -7.54479 ], [ -73.75636, -7.54644 ], [ -73.75348, -7.54372 ] ], [ [ -73.75117, -7.54153 ], [ -73.75222, -7.538 ], [ -73.75201, -7.54232 ], [ -73.75117, -7.54153 ] ], [ [ -73.71908, -7.50354 ], [ -73.72118, -7.50392 ], [ -73.7216, -7.5064 ], [ -73.71908, -7.50354 ] ], [ [ -73.74062, -7.94434 ], [ -73.73045, -7.94539 ], [ -73.72984, -7.94498 ], [ -73.74062, -7.94434 ] ], [ [ -73.70346, -7.93808 ], [ -73.7178, -7.93726 ], [ -73.70382, -7.93832 ], [ -73.70346, -7.93808 ] ], [ [ -73.62866, -7.95748 ], [ -73.62846, -7.95776 ], [ -73.62845, -7.95759 ], [ -73.62866, -7.95748 ] ], [ [ -73.57594, -7.51968 ], [ -73.5785, -7.5219 ], [ -73.57685, -7.52155 ], [ -73.57594, -7.51968 ] ], [ [ -73.57131, -7.47531 ], [ -73.57163, -7.47565 ], [ -73.56952, -7.48532 ], [ -73.57131, -7.47531 ] ], [ [ -73.32276, -7.71076 ], [ -73.3219, -7.71006 ], [ -73.322, -7.70994 ], [ -73.32276, -7.71076 ] ], [ [ -73.3089, -7.67935 ], [ -73.31468, -7.68459 ], [ -73.3142, -7.68619 ], [ -73.30949, -7.68173 ], [ -73.3089, -7.67935 ] ], [ [ -73.26804, -7.52166 ], [ -73.26819, -7.51793 ], [ -73.26961, -7.51775 ], [ -73.26804, -7.52166 ] ], [ [ -73.2713, -7.50893 ], [ -73.26838, -7.50826 ], [ -73.27232, -7.50858 ], [ -73.2713, -7.50893 ] ], [ [ -73.26854, -7.50474 ], [ -73.26886, -7.50472 ], [ -73.26756, -7.50807 ], [ -73.26854, -7.50474 ] ], [ [ -73.11975, -8.55792 ], [ -73.13508, -8.55715 ], [ -73.11977, -8.55799 ], [ -73.11975, -8.55792 ] ], [ [ -73.08254, -8.5293 ], [ -73.08539, -8.52494 ], [ -73.08251, -8.52966 ], [ -73.08254, -8.5293 ] ], [ [ -73.07828, -8.52633 ], [ -73.08279, -8.52624 ], [ -73.07869, -8.5267 ], [ -73.07828, -8.52633 ] ], [ [ -73.07718, -8.58842 ], [ -73.06838, -8.5652 ], [ -73.08058, -8.59249 ], [ -73.07718, -8.58842 ] ], [ [ -73.07411, -8.58811 ], [ -73.04688, -8.57272 ], [ -73.07718, -8.58842 ], [ -73.07411, -8.58811 ] ], [ [ -73.44049, -7.44732 ], [ -73.44159, -7.45229 ], [ -73.44046, -7.45136 ], [ -73.43855, -7.44695 ], [ -73.44049, -7.44732 ] ], [ [ -73.03157, -8.88774 ], [ -73.01036, -8.88605 ], [ -73.01708, -8.88463 ], [ -73.03157, -8.88774 ] ], [ [ -73.00338, -8.8855 ], [ -73.00152, -8.88535 ], [ -72.99822, -8.8782 ], [ -73.00338, -8.8855 ] ], [ [ -72.86605, -8.83761 ], [ -72.86404, -8.83815 ], [ -72.86497, -8.83587 ], [ -72.86605, -8.83761 ] ], [ [ -72.86466, -8.83538 ], [ -72.86017, -8.83558 ], [ -72.86412, -8.83451 ], [ -72.86466, -8.83538 ] ], [ [ -72.85802, -8.8221 ], [ -72.85779, -8.82188 ], [ -72.86059, -8.81979 ], [ -72.85802, -8.8221 ] ], [ [ -73.05302, -8.58593 ], [ -73.05473, -8.58567 ], [ -73.05934, -8.58658 ], [ -73.05302, -8.58593 ] ], [ [ -72.92529, -8.60288 ], [ -72.9301, -8.59838 ], [ -72.9315, -8.59931 ], [ -72.92529, -8.60288 ] ], [ [ -72.91674, -8.59803 ], [ -72.9178, -8.59414 ], [ -72.91686, -8.5981 ], [ -72.91674, -8.59803 ] ], [ [ -72.88415, -8.56478 ], [ -72.88448, -8.56486 ], [ -72.88448, -8.56492 ], [ -72.88415, -8.56478 ] ], [ [ -72.86936, -8.55868 ], [ -72.8741, -8.55985 ], [ -72.87398, -8.56059 ], [ -72.86936, -8.55868 ] ], [ [ -72.86873, -8.55842 ], [ -72.86045, -8.54913 ], [ -72.8688, -8.55845 ], [ -72.86873, -8.55842 ] ], [ [ -72.85515, -8.74511 ], [ -72.85272, -8.73341 ], [ -72.85485, -8.73609 ], [ -72.85515, -8.74511 ] ], [ [ -72.85044, -8.73057 ], [ -72.84893, -8.7302 ], [ -72.85001, -8.73003 ], [ -72.85044, -8.73057 ] ], [ [ -72.84507, -8.73081 ], [ -72.83996, -8.73403 ], [ -72.84069, -8.73151 ], [ -72.84507, -8.73081 ] ], [ [ -72.83119, -8.73659 ], [ -72.83114, -8.73664 ], [ -72.83005, -8.73617 ], [ -72.83119, -8.73659 ] ], [ [ -72.94009, -8.60592 ], [ -72.9443, -8.60975 ], [ -72.9398, -8.60782 ], [ -72.94009, -8.60592 ] ], [ [ -72.94799, -8.62071 ], [ -72.94202, -8.61282 ], [ -72.94796, -8.62021 ], [ -72.94799, -8.62071 ] ], [ [ -72.94849, -8.6292 ], [ -72.95493, -8.63452 ], [ -72.95492, -8.63579 ], [ -72.94849, -8.6292 ] ], [ [ -73.00231, -8.67507 ], [ -72.99721, -8.68307 ], [ -72.99774, -8.67901 ], [ -73.00231, -8.67507 ] ], [ [ -72.99676, -8.68657 ], [ -72.99875, -8.68816 ], [ -72.99661, -8.68768 ], [ -72.99676, -8.68657 ] ], [ [ -73.00496, -8.68953 ], [ -73.00312, -8.68912 ], [ -73.01471, -8.68551 ], [ -73.00496, -8.68953 ] ], [ [ -73.09075, -8.70191 ], [ -73.09815, -8.70449 ], [ -73.09803, -8.70453 ], [ -73.09075, -8.70191 ] ], [ [ -73.12194, -8.70055 ], [ -73.12951, -8.69928 ], [ -73.13361, -8.70118 ], [ -73.12194, -8.70055 ] ], [ [ -73.07026, -8.49036 ], [ -73.07132, -8.49005 ], [ -73.08212, -8.49175 ], [ -73.07026, -8.49036 ] ], [ [ -73.04004, -8.4963 ], [ -73.03834, -8.49516 ], [ -73.04395, -8.49549 ], [ -73.04004, -8.4963 ] ], [ [ -73.02113, -8.48357 ], [ -73.01764, -8.48495 ], [ -73.01619, -8.48369 ], [ -73.02113, -8.48357 ] ], [ [ -73.01713, -8.47751 ], [ -73.0178, -8.47821 ], [ -73.01619, -8.48369 ], [ -73.01713, -8.47751 ] ], [ [ -73.0138, -8.47428 ], [ -73.01402, -8.47426 ], [ -73.01487, -8.47515 ], [ -73.0138, -8.47428 ] ], [ [ -72.97929, -8.43404 ], [ -72.97953, -8.434 ], [ -72.97928, -8.43908 ], [ -72.97929, -8.43404 ] ], [ [ -72.93777, -8.40699 ], [ -72.9382, -8.40711 ], [ -72.9382, -8.40719 ], [ -72.93777, -8.40699 ] ], [ [ -72.92915, -8.40663 ], [ -72.92979, -8.40493 ], [ -72.93196, -8.40549 ], [ -72.92915, -8.40663 ] ], [ [ -72.92017, -8.4103 ], [ -72.92619, -8.40614 ], [ -72.92726, -8.4074 ], [ -72.92017, -8.4103 ] ], [ [ -72.91069, -8.40693 ], [ -72.91101, -8.40658 ], [ -72.92026, -8.40704 ], [ -72.91069, -8.40693 ] ], [ [ -72.83093, -8.39486 ], [ -72.83068, -8.39448 ], [ -72.83102, -8.39483 ], [ -72.83093, -8.39486 ] ], [ [ -72.95254, -8.21855 ], [ -72.95268, -8.21921 ], [ -72.94883, -8.22604 ], [ -72.95254, -8.21855 ] ] ] } },
{ "type": "Feature", "properties": { "cluster": 126.0, "hvi": 0.1089, "population": 487, "setores": 1, "municipio": "Mâncio Lima" }, "geometry": { "type": "Polygon", "coordinates": [ [ [ -72.88024, -7.61259 ], [ -72.88491, -7.61909 ], [ -72.88099, -7.62591 ], [ -72.89025, -7.62434 ], [ -72.89758, -7.61897 ], [ -72.89481, -7.6155 ], [ -72.89029, -7.61622 ], [ -72.88468, -7.60863 ], [ -72.88024, -7.61259 ] ] ] } },
{ "type": "Feature", "properties": { "cluster": 127.0, "hvi": 0.1197, "population": 681, "setores": 1, "municipio": "Mâncio Lima" }, "geometry": { "type": "Polygon", "coordinates": [ [ [ -72.85951, -7.63889 ], [ -72.85749, -7.65248 ], [ -72.86409, -7.65859 ], [ -72.87437, -7.64327 ], [ -72.88252, -7.64534 ], [ -72.88019, -7.63431 ], [ -72.87562, -7.62975 ], [ -72.85951, -7.63889 ] ] ] } },
{ "type": "Feature", "properties": { "cluster": 128.0, "hvi": 0.1879, "population": 1130, "setores": 1, "municipio": "Manoel Urbano" }, "geometry": { "type": "Polygon", "coordinates": [ [ [ -69.51699, -8.89351 ], [ -69.53209, -8.89225 ], [ -69.54842, -8.89582 ], [ -69.556, -8.86825 ], [ -69.56959, -8.86057 ], [ -69.57491, -8.84876 ], [ -69.59558, -8.82572 ], [ -69.59558, -8.81449 ], [ -69.58935, -8.80696 ], [ -69.57255, -8.80114 ], [ -69.57008, -8.7963 ], [ -69.56149, -8.79221 ], [ -69.55566, -8.77773 ], [ -69.54621, -8.77363 ], [ -69.5469, -8.77064 ], [ -69.53713, -8.77097 ], [ -69.53577, -8.76556 ], [ -69.51617, -8.76717 ], [ -69.51075, -8.76238 ], [ -69.5022, -8.76818 ], [ -69.49845, -8.76341 ], [ -69.49451, -8.76502 ], [ -69.48885, -8.75743 ], [ -69.48392, -8.75923 ], [ -69.48173, -8.75587 ], [ -69.48446, -8.7533 ], [ -69.47504, -8.75469 ], [ -69.32375, -8.83495 ], [ -69.29873, -8.874 ], [ -69.27579, -8.88857 ], [ -69.28591, -8.90297 ], [ -69.28768, -8.91701 ], [ -69.29257, -8.92337 ], [ -69.29693, -8.92413 ], [ -69.303, -8.92059 ], [ -69.30529, -8.91153 ], [ -69.29871, -8.89519 ], [ -69.32566, -8.88693 ], [ -69.33101, -8.89195 ], [ -69.33032, -8.9054 ], [ -69.34419, -8.89989 ], [ -69.35111, -8.91281 ], [ -69.35865, -8.91921 ], [ -69.37171, -8.92022 ], [ -69.37263, -8.93092 ], [ -69.35951, -8.93439 ], [ -69.3601, -8.94384 ], [ -69.36565, -8.94757 ], [ -69.37946, -8.94343 ], [ -69.39297, -8.94543 ], [ -69.3941, -8.95619 ], [ -69.38172, -8.96279 ], [ -69.38695, -8.96944 ], [ -69.40436, -8.97717 ], [ -69.40736, -8.97627 ], [ -69.40873, -8.9647 ], [ -69.41149, -8.96308 ], [ -69.41144, -8.95276 ], [ -69.42019, -8.95586 ], [ -69.42013, -8.95291 ], [ -69.42452, -8.95264 ], [ -69.42478, -8.94745 ], [ -69.42704, -8.95228 ], [ -69.43317, -8.95084 ], [ -69.43516, -8.9536 ], [ -69.44039, -8.95173 ], [ -69.43867, -8.94592 ], [ -69.44865, -8.94402 ], [ -69.4552, -8.94523 ], [ -69.4565, -8.94925 ], [ -69.46198, -8.94496 ], [ -69.46347, -8.94874 ], [ -69.46855, -8.94332 ], [ -69.4659, -8.94366 ], [ -69.46517, -8.94001 ], [ -69.46738, -8.93915 ], [ -69.46711, -8.93003 ], [ -69.46856, -8.93238 ], [ -69.47031, -8.93059 ], [ -69.46771, -8.92813 ], [ -69.4716, -8.92036 ], [ -69.4775, -8.9185 ], [ -69.47526, -8.91532 ], [ -69.48074, -8.91544 ], [ -69.47961, -8.91004 ], [ -69.48531, -8.91193 ], [ -69.48934, -8.90346 ], [ -69.49885, -8.90255 ], [ -69.50182, -8.90535 ], [ -69.50616, -8.8983 ], [ -69.51082, -8.90485 ], [ -69.51699, -8.89351 ] ] ] } },
{ "type": "Feature", "properties": { "cluster": 129.0, "hvi": 0.1255, "population": 2899, "setores": 7, "municipio": "Manoel Urbano" }, "geometry": { "type": "MultiPolygon", "coordinates": [ [ [ [ -69.11113, -8.9555 ], [ -69.19039, -8.93871 ], [ -69.17648, -8.94197 ], [ -69.20072, -8.9557 ], [ -69.2233, -8.99544 ], [ -69.23364, -9.03981 ], [ -69.25613, -9.04607 ], [ -69.34961, -9.04659 ], [ -69.38714, -9.09339 ], [ -69.41714, -9.10963 ], [ -69.42232, -9.09084 ], [ -69.40547, -9.08614 ], [ -69.39764, -9.07477 ], [ -69.3924, -9.05938 ], [ -69.3919, -9.05013 ], [ -69.40879, -9.03545 ], [ -69.41345, -9.02742 ], [ -69.4114, -9.01941 ], [ -69.41388, -9.0166 ], [ -69.40638, -9.01077 ], [ -69.40602, -8.99895 ], [ -69.4001, -8.99197 ], [ -69.39644, -8.99219 ], [ -69.39608, -8.98451 ], [ -69.38972, -8.98417 ], [ -69.39151, -8.97758 ], [ -69.39721, -8.97482 ], [ -69.38695, -8.96944 ], [ -69.38172, -8.96279 ], [ -69.3941, -8.95619 ], [ -69.39297, -8.94543 ], [ -69.37946, -8.94343 ], [ -69.36565, -8.94757 ], [ -69.3601, -8.94384 ], [ -69.35951, -8.93439 ], [ -69.37263, -8.93092 ], [ -69.37171, -8.92022 ], [ -69.35865, -8.91921 ], [ -69.35111, -8.91281 ], [ -69.34419, -8.89989 ], [ -69.33032, -8.9054 ], [ -69.33101, -8.89195 ], [ -69.32402, -8.88618 ], [ -69.31261, -8.89228 ], [ -69.29995, -8.89374 ], [ -69.29917, -8.89748 ], [ -69.30493, -8.90659 ], [ -69.303, -8.92059 ], [ -69.29257, -8.92337 ], [ -69.28614, -8.91343 ], [ -69.28591, -8.90297 ], [ -69.27579, -8.88857 ], [ -69.27367, -8.88229 ], [ -69.28698, -8.86608 ], [ -69.28634, -8.85744 ], [ -69.28113, -8.85615 ], [ -69.27702, -8.85909 ], [ -69.27624, -8.87023 ], [ -69.27125, -8.87477 ], [ -69.26282, -8.8751 ], [ -69.25575, -8.87007 ], [ -69.24595, -8.85377 ], [ -69.24817, -8.84901 ], [ -69.25688, -8.8476 ], [ -69.2577, -8.84104 ], [ -69.2423, -8.81874 ], [ -69.22984, -8.82266 ], [ -69.23738, -8.8435 ], [ -69.23347, -8.85489 ], [ -69.22851, -8.85239 ], [ -69.22605, -8.84444 ], [ -69.22804, -8.82607 ], [ -69.222, -8.82046 ], [ -69.2185, -8.82185 ], [ -69.21379, -8.83437 ], [ -69.18741, -8.83264 ], [ -69.18214, -8.82885 ], [ -69.17857, -8.82007 ], [ -69.17032, -8.82403 ], [ -69.15871, -8.82346 ], [ -69.15214, -8.8296 ], [ -69.13901, -8.82394 ], [ -69.13755, -8.81596 ], [ -69.14347, -8.80886 ], [ -69.15127, -8.80487 ], [ -69.16449, -8.80765 ], [ -69.17126, -8.80137 ], [ -69.1804, -8.78466 ], [ -69.17928, -8.77884 ], [ -69.1735, -8.77893 ], [ -69.16499, -8.7966 ], [ -69.15482, -8.79902 ], [ -69.13592, -8.79006 ], [ -69.12909, -8.79999 ], [ -69.12266, -8.79574 ], [ -69.11863, -8.78163 ], [ -69.09898, -8.78499 ], [ -69.11121, -8.77037 ], [ -69.09956, -8.76101 ], [ -69.09268, -8.76041 ], [ -69.09112, -8.7556 ], [ -69.08455, -8.75372 ], [ -69.08056, -8.75701 ], [ -69.07976, -8.76373 ], [ -69.08152, -8.76586 ], [ -69.07567, -8.76939 ], [ -69.06725, -8.75803 ], [ -69.06335, -8.76448 ], [ -69.06131, -8.78218 ], [ -69.05631, -8.78451 ], [ -69.04962, -8.75998 ], [ -69.04285, -8.75772 ], [ -69.00435, -8.76916 ], [ -68.99529, -8.75086 ], [ -68.92198, -8.81615 ], [ -68.92133, -8.81426 ], [ -68.65016, -9.04686 ], [ -68.6609, -9.04743 ], [ -68.66397, -9.05079 ], [ -68.67198, -9.04884 ], [ -68.67737, -9.04166 ], [ -68.67755, -9.02853 ], [ -68.68846, -9.03487 ], [ -68.69269, -9.02877 ], [ -68.70825, -9.04098 ], [ -68.70921, -9.05393 ], [ -68.71343, -9.06242 ], [ -68.71931, -9.05467 ], [ -68.721, -9.0614 ], [ -68.73023, -9.06644 ], [ -68.73791, -9.05398 ], [ -68.74609, -9.06136 ], [ -68.82619, -9.01249 ], [ -69.11113, -8.9555 ] ], [ [ -69.19613, -8.93737 ], [ -69.19605, -8.93739 ], [ -69.27579, -8.88857 ], [ -69.19613, -8.93737 ] ], [ [ -68.92989, -8.82569 ], [ -68.92994, -8.8252 ], [ -68.93382, -8.82621 ], [ -68.92989, -8.82569 ] ], [ [ -68.92576, -8.81769 ], [ -68.92587, -8.81771 ], [ -68.9275, -8.82216 ], [ -68.92576, -8.81769 ] ], [ [ -68.92285, -8.81865 ], [ -68.92228, -8.81701 ], [ -68.92561, -8.81766 ], [ -68.92285, -8.81865 ] ] ], [ [ [ -69.26418, -8.84473 ], [ -69.26666, -8.84337 ], [ -69.26229, -8.84117 ], [ -69.25782, -8.84477 ], [ -69.26062, -8.84475 ], [ -69.25688, -8.8476 ], [ -69.26577, -8.84733 ], [ -69.26418, -8.84473 ] ] ] ] } },
{ "type": "Feature", "properties": { "cluster": 130.0, "hvi": 0.1483, "population": 1971, "setores": 3, "municipio": "Manoel Urbano" }, "geometry": { "type": "Polygon", "coordinates": [ [ [ -69.26292, -8.84168 ], [ -69.26664, -8.84336 ], [ -69.26577, -8.84733 ], [ -69.24817, -8.84901 ], [ -69.24662, -8.85724 ], [ -69.26282, -8.8751 ], [ -69.27393, -8.8731 ], [ -69.2787, -8.8572 ], [ -69.28719, -8.85889 ], [ -69.28504, -8.86956 ], [ -69.27367, -8.88229 ], [ -69.27579, -8.88857 ], [ -69.29873, -8.874 ], [ -69.32375, -8.83495 ], [ -69.47504, -8.75469 ], [ -69.46933, -8.74779 ], [ -69.46357, -8.74678 ], [ -69.46346, -8.74227 ], [ -69.45798, -8.73655 ], [ -69.45203, -8.7376 ], [ -69.44509, -8.72923 ], [ -69.41295, -8.73048 ], [ -69.40783, -8.72593 ], [ -69.40684, -8.71996 ], [ -69.39835, -8.7191 ], [ -69.39812, -8.71107 ], [ -69.3892, -8.71488 ], [ -69.38016, -8.71174 ], [ -69.36132, -8.72323 ], [ -69.34371, -8.7261 ], [ -69.34067, -8.72417 ], [ -69.32574, -8.73163 ], [ -69.31808, -8.72777 ], [ -69.31753, -8.72299 ], [ -69.30618, -8.7105 ], [ -69.30147, -8.71207 ], [ -69.29557, -8.70941 ], [ -69.28269, -8.68687 ], [ -69.27016, -8.68218 ], [ -69.25827, -8.68329 ], [ -69.2528, -8.68951 ], [ -69.25274, -8.68528 ], [ -69.23658, -8.68655 ], [ -69.22789, -8.68324 ], [ -69.21446, -8.69205 ], [ -69.21269, -8.68939 ], [ -69.2074, -8.68994 ], [ -69.2043, -8.68063 ], [ -69.20061, -8.67841 ], [ -69.19288, -8.67961 ], [ -69.18769, -8.67217 ], [ -69.17282, -8.67697 ], [ -69.16311, -8.67013 ], [ -69.16291, -8.66686 ], [ -69.15882, -8.67071 ], [ -69.15449, -8.66682 ], [ -69.14795, -8.66749 ], [ -69.13736, -8.68512 ], [ -69.12902, -8.67746 ], [ -69.12573, -8.67907 ], [ -69.11969, -8.67397 ], [ -69.11521, -8.67867 ], [ -69.11738, -8.68158 ], [ -69.1077, -8.68164 ], [ -69.10507, -8.67714 ], [ -69.10034, -8.68382 ], [ -69.10132, -8.67984 ], [ -69.09524, -8.67342 ], [ -69.09292, -8.67818 ], [ -69.08925, -8.67648 ], [ -69.0923, -8.68015 ], [ -69.09118, -8.68943 ], [ -69.08529, -8.68721 ], [ -69.08378, -8.68022 ], [ -69.07681, -8.69644 ], [ -69.07515, -8.69376 ], [ -69.07164, -8.69767 ], [ -69.06724, -8.6956 ], [ -69.06845, -8.69375 ], [ -69.06205, -8.69367 ], [ -68.99529, -8.75086 ], [ -69.00435, -8.76916 ], [ -69.04285, -8.75772 ], [ -69.04962, -8.75998 ], [ -69.05631, -8.78451 ], [ -69.06131, -8.78218 ], [ -69.06335, -8.76448 ], [ -69.06725, -8.75803 ], [ -69.07427, -8.76919 ], [ -69.08186, -8.76628 ], [ -69.08056, -8.75701 ], [ -69.08542, -8.75353 ], [ -69.09112, -8.7556 ], [ -69.09268, -8.76041 ], [ -69.10274, -8.76258 ], [ -69.11121, -8.77037 ], [ -69.09898, -8.78499 ], [ -69.11863, -8.78163 ], [ -69.12266, -8.79574 ], [ -69.12909, -8.79999 ], [ -69.13592, -8.79006 ], [ -69.15482, -8.79902 ], [ -69.16499, -8.7966 ], [ -69.1735, -8.77893 ], [ -69.17928, -8.77884 ], [ -69.1804, -8.78466 ], [ -69.17126, -8.80137 ], [ -69.16449, -8.80765 ], [ -69.15127, -8.80487 ], [ -69.14347, -8.80886 ], [ -69.13755, -8.81596 ], [ -69.13901, -8.82394 ], [ -69.15214, -8.8296 ], [ -69.15871, -8.82346 ], [ -69.17032, -8.82403 ], [ -69.17857, -8.82007 ], [ -69.18214, -8.82885 ], [ -69.18741, -8.83264 ], [ -69.21379, -8.83437 ], [ -69.2185, -8.82185 ], [ -69.222, -8.82046 ], [ -69.22804, -8.82607 ], [ -69.22605, -8.84444 ], [ -69.22851, -8.85239 ], [ -69.23347, -8.85489 ], [ -69.23738, -8.8435 ], [ -69.23025, -8.82165 ], [ -69.2423, -8.81874 ], [ -69.25844, -8.82783 ], [ -69.26823, -8.82548 ], [ -69.27164, -8.82043 ], [ -69.27964, -8.83042 ], [ -69.26881, -8.83341 ], [ -69.26846, -8.835 ], [ -69.26685, -8.83254 ], [ -69.26292, -8.84168 ] ], [ [ -69.28275, -8.71027 ], [ -69.28276, -8.71041 ], [ -69.27016, -8.68218 ], [ -69.28275, -8.71027 ] ], [ [ -69.26658, -8.83805 ], [ -69.26792, -8.83747 ], [ -69.26666, -8.84327 ], [ -69.26658, -8.83805 ] ], [ [ -69.28265, -8.71823 ], [ -69.28286, -8.71238 ], [ -69.28311, -8.71763 ], [ -69.28265, -8.71823 ] ] ] } },
{ "type": "Feature", "properties": { "cluster": 131.0, "hvi": 0.1068, "population": 2723, "setores": 16, "municipio": "Feijó" }, "geometry": { "type": "MultiPolygon", "coordinates": [ [ [ [ -69.75018, -9.10937 ], [ -69.75395, -9.10681 ], [ -69.765, -9.09001 ], [ -69.76311, -9.07324 ], [ -69.77039, -9.06431 ], [ -69.77588, -9.06676 ], [ -69.77845, -9.08327 ], [ -69.76746, -9.0991 ], [ -69.76792, -9.09696 ], [ -69.76359, -9.09534 ], [ -69.76063, -9.10117 ], [ -69.76671, -9.10257 ], [ -69.76696, -9.10141 ], [ -69.77115, -9.10908 ], [ -69.7778, -9.11158 ], [ -69.78592, -9.10866 ], [ -69.79186, -9.1104 ], [ -69.80842, -9.09995 ], [ -69.80929, -9.08349 ], [ -69.81852, -9.07817 ], [ -69.8236, -9.0653 ], [ -69.82085, -9.05244 ], [ -69.82646, -9.04353 ], [ -69.82544, -9.03427 ], [ -69.82994, -9.02756 ], [ -69.84134, -9.02332 ], [ -69.85818, -8.97512 ], [ -69.8651, -8.9575 ], [ -69.83968, -8.94423 ], [ -69.82631, -8.92056 ], [ -69.79507, -8.84022 ], [ -69.77396, -8.80952 ], [ -69.76315, -8.78495 ], [ -69.72583, -8.76362 ], [ -69.65954, -8.68191 ], [ -69.62821, -8.68143 ], [ -69.62425, -8.67548 ], [ -69.47499, -8.75504 ], [ -69.48446, -8.7533 ], [ -69.48173, -8.75587 ], [ -69.48392, -8.75923 ], [ -69.48885, -8.75743 ], [ -69.49451, -8.76502 ], [ -69.49845, -8.76341 ], [ -69.5022, -8.76818 ], [ -69.51075, -8.76238 ], [ -69.51617, -8.76717 ], [ -69.53577, -8.76556 ], [ -69.53713, -8.77097 ], [ -69.5469, -8.77064 ], [ -69.54621, -8.77363 ], [ -69.55566, -8.77773 ], [ -69.56149, -8.79221 ], [ -69.57008, -8.7963 ], [ -69.57255, -8.80114 ], [ -69.58935, -8.80696 ], [ -69.59558, -8.81449 ], [ -69.59558, -8.82572 ], [ -69.57491, -8.84876 ], [ -69.56959, -8.86057 ], [ -69.556, -8.86825 ], [ -69.54876, -8.89458 ], [ -69.51699, -8.89351 ], [ -69.51082, -8.90485 ], [ -69.50616, -8.8983 ], [ -69.50182, -8.90535 ], [ -69.49885, -8.90255 ], [ -69.48934, -8.90346 ], [ -69.48531, -8.91193 ], [ -69.47961, -8.91004 ], [ -69.48074, -8.91544 ], [ -69.47526, -8.91532 ], [ -69.4775, -8.9185 ], [ -69.4716, -8.92036 ], [ -69.46771, -8.92813 ], [ -69.47031, -8.93059 ], [ -69.46856, -8.93238 ], [ -69.46711, -8.93003 ], [ -69.46738, -8.93915 ], [ -69.46517, -8.94001 ], [ -69.4659, -8.94366 ], [ -69.46855, -8.94332 ], [ -69.46347, -8.94874 ], [ -69.46198, -8.94496 ], [ -69.4565, -8.94925 ], [ -69.4552, -8.94523 ], [ -69.44865, -8.94402 ], [ -69.43867, -8.94592 ], [ -69.44039, -8.95173 ], [ -69.43516, -8.9536 ], [ -69.43317, -8.95084 ], [ -69.42704, -8.95228 ], [ -69.42478, -8.94745 ], [ -69.42452, -8.95264 ], [ -69.42013, -8.95291 ], [ -69.42019, -8.95586 ], [ -69.41144, -8.95276 ], [ -69.41149, -8.96308 ], [ -69.41754, -8.96566 ], [ -69.40944, -8.96316 ], [ -69.40736, -8.97627 ], [ -69.39269, -8.97635 ], [ -69.38965, -8.98377 ], [ -69.39608, -8.98451 ], [ -69.39644, -8.99219 ], [ -69.4001, -8.99197 ], [ -69.40602, -8.99895 ], [ -69.40638, -9.01077 ], [ -69.41388, -9.0166 ], [ -69.4114, -9.01941 ], [ -69.41345, -9.02742 ], [ -69.40879, -9.03545 ], [ -69.3919, -9.05013 ], [ -69.39764, -9.07477 ], [ -69.40547, -9.08614 ], [ -69.42232, -9.09084 ], [ -69.41714, -9.10963 ], [ -69.43222, -9.1178 ], [ -69.38714, -9.09339 ], [ -69.34961, -9.04659 ], [ -69.25613, -9.04607 ], [ -69.23364, -9.03981 ], [ -69.2233, -8.99544 ], [ -69.20072, -8.9557 ], [ -69.17648, -8.94197 ], [ -68.82619, -9.01249 ], [ -68.74609, -9.06136 ], [ -68.75402, -9.06182 ], [ -68.75059, -9.07042 ], [ -68.76516, -9.07198 ], [ -68.77002, -9.06254 ], [ -68.76824, -9.05671 ], [ -68.78136, -9.05833 ], [ -68.78285, -9.06436 ], [ -68.77772, -9.07229 ], [ -68.78209, -9.07922 ], [ -68.79019, -9.07488 ], [ -68.79632, -9.06181 ], [ -68.79963, -9.0608 ], [ -68.80314, -9.06369 ], [ -68.80376, -9.07268 ], [ -68.81022, -9.07849 ], [ -68.8195, -9.07746 ], [ -68.82237, -9.09185 ], [ -68.81975, -9.09961 ], [ -68.83501, -9.10399 ], [ -68.83671, -9.09082 ], [ -68.84177, -9.09327 ], [ -68.84241, -9.08538 ], [ -68.87316, -9.07327 ], [ -68.87711, -9.0886 ], [ -68.89985, -9.08917 ], [ -68.99528, -9.06746 ], [ -69.10032, -9.02471 ], [ -69.1958, -9.02135 ], [ -69.3296, -9.09212 ], [ -69.69153, -9.25163 ], [ -69.75881, -9.35609 ], [ -69.78861, -9.36396 ], [ -69.79736, -9.33425 ], [ -69.78473, -9.32992 ], [ -69.7699, -9.33868 ], [ -69.69636, -9.23757 ], [ -69.70462, -9.21719 ], [ -69.71773, -9.21362 ], [ -69.71986, -9.20143 ], [ -69.73078, -9.19328 ], [ -69.72788, -9.18617 ], [ -69.73078, -9.17285 ], [ -69.7379, -9.16575 ], [ -69.73816, -9.15019 ], [ -69.74441, -9.14173 ], [ -69.74176, -9.13678 ], [ -69.73465, -9.13759 ], [ -69.73567, -9.13166 ], [ -69.72881, -9.11342 ], [ -69.73672, -9.11329 ], [ -69.7239, -9.09975 ], [ -69.73217, -9.10711 ], [ -69.74307, -9.10963 ], [ -69.73922, -9.10977 ], [ -69.73979, -9.11975 ], [ -69.75588, -9.11685 ], [ -69.75144, -9.10933 ], [ -69.75018, -9.10937 ] ], [ [ -69.42566, -8.96913 ], [ -69.4226, -8.99795 ], [ -69.4213, -8.99404 ], [ -69.42515, -8.96891 ], [ -69.42566, -8.96913 ] ], [ [ -69.42463, -8.9999 ], [ -69.42347, -9.00057 ], [ -69.42314, -8.99958 ], [ -69.42463, -8.9999 ] ], [ [ -69.44358, -8.98982 ], [ -69.44415, -8.99087 ], [ -69.44261, -8.99045 ], [ -69.44358, -8.98982 ] ], [ [ -69.4468, -8.99573 ], [ -69.4462, -8.99633 ], [ -69.44586, -8.99402 ], [ -69.4468, -8.99573 ] ], [ [ -69.47281, -9.00393 ], [ -69.47398, -9.00345 ], [ -69.47323, -9.0046 ], [ -69.47281, -9.00393 ] ], [ [ -69.49344, -9.01565 ], [ -69.49338, -9.01172 ], [ -69.49961, -9.00459 ], [ -69.49344, -9.01565 ] ], [ [ -69.49814, -9.01903 ], [ -69.49353, -9.02043 ], [ -69.49349, -9.0182 ], [ -69.49814, -9.01903 ] ], [ [ -69.4928, -9.09535 ], [ -69.49285, -9.09573 ], [ -69.48289, -9.09449 ], [ -69.4928, -9.09535 ] ], [ [ -69.55854, -9.17941 ], [ -69.45846, -9.1454 ], [ -69.4858, -9.15428 ], [ -69.55854, -9.17941 ] ], [ [ -69.67837, -8.933 ], [ -69.69254, -8.93282 ], [ -69.69194, -8.93332 ], [ -69.67837, -8.933 ] ], [ [ -69.6072, -9.06309 ], [ -69.60721, -9.06301 ], [ -69.6109, -9.05688 ], [ -69.6072, -9.06309 ] ], [ [ -69.60662, -9.06938 ], [ -69.6068, -9.06738 ], [ -69.60808, -9.07021 ], [ -69.60662, -9.06938 ] ], [ [ -69.61614, -9.07485 ], [ -69.61089, -9.07184 ], [ -69.6159, -9.07338 ], [ -69.61614, -9.07485 ] ], [ [ -69.61098, -9.08469 ], [ -69.60783, -9.0857 ], [ -69.61638, -9.0763 ], [ -69.61664, -9.07788 ], [ -69.61098, -9.08469 ] ], [ [ -69.60184, -9.08611 ], [ -69.60411, -9.08689 ], [ -69.60179, -9.08763 ], [ -69.60184, -9.08611 ] ], [ [ -69.54555, -9.00695 ], [ -69.53528, -9.01436 ], [ -69.53625, -9.01129 ], [ -69.54555, -9.00695 ] ], [ [ -69.55541, -8.99982 ], [ -69.55468, -9.00035 ], [ -69.5558, -8.99884 ], [ -69.55541, -8.99982 ] ], [ [ -69.55875, -8.99141 ], [ -69.55742, -8.99476 ], [ -69.55746, -8.98907 ], [ -69.55875, -8.99141 ] ], [ [ -69.55624, -8.98685 ], [ -69.55666, -8.9876 ], [ -69.55529, -8.98779 ], [ -69.55624, -8.98685 ] ], [ [ -69.52566, -8.98247 ], [ -69.52628, -8.98325 ], [ -69.52477, -8.98356 ], [ -69.52566, -8.98247 ] ], [ [ -69.51637, -8.99392 ], [ -69.52157, -8.98752 ], [ -69.5083, -9.01595 ], [ -69.51637, -8.99392 ] ], [ [ -69.69293, -9.0542 ], [ -69.69254, -9.05314 ], [ -69.70172, -9.04173 ], [ -69.69293, -9.0542 ] ], [ [ -69.69508, -9.03654 ], [ -69.69841, -9.03711 ], [ -69.70172, -9.04173 ], [ -69.69508, -9.03654 ] ], [ [ -69.69309, -9.03619 ], [ -69.68837, -9.03973 ], [ -69.69152, -9.03592 ], [ -69.69309, -9.03619 ] ], [ [ -69.68053, -9.07198 ], [ -69.6806, -9.07302 ], [ -69.67758, -9.07372 ], [ -69.68053, -9.07198 ] ], [ [ -69.62614, -9.05849 ], [ -69.61872, -9.0555 ], [ -69.62199, -9.05492 ], [ -69.62614, -9.05849 ] ], [ [ -69.55289, -8.89582 ], [ -69.55374, -8.89582 ], [ -69.57256, -8.91697 ], [ -69.55289, -8.89582 ] ], [ [ -69.09799, -9.00708 ], [ -69.0986, -9.00701 ], [ -69.08857, -9.01124 ], [ -69.09799, -9.00708 ] ], [ [ -68.89839, -9.07324 ], [ -68.99006, -9.05031 ], [ -68.99018, -9.05229 ], [ -69.01611, -9.04173 ], [ -68.99195, -9.0519 ], [ -68.89839, -9.07324 ] ], [ [ -68.98586, -9.05038 ], [ -68.98997, -9.04864 ], [ -68.99006, -9.05019 ], [ -68.98586, -9.05038 ] ] ], [ [ [ -69.69815, -8.60434 ], [ -69.69513, -8.59305 ], [ -69.69857, -8.58301 ], [ -69.70546, -8.57672 ], [ -69.70831, -8.54587 ], [ -69.71639, -8.53164 ], [ -69.7092, -8.51472 ], [ -69.69662, -8.50618 ], [ -69.68959, -8.49705 ], [ -69.69363, -8.48252 ], [ -69.68779, -8.46889 ], [ -69.68824, -8.46005 ], [ -69.69647, -8.41018 ], [ -69.68389, -8.38757 ], [ -69.68479, -8.35761 ], [ -69.6782, -8.35028 ], [ -69.67506, -8.3335 ], [ -69.66323, -8.31868 ], [ -69.66577, -8.30879 ], [ -69.6623, -8.299 ], [ -69.66293, -8.26671 ], [ -69.65383, -8.25196 ], [ -69.62653, -8.23007 ], [ -69.61896, -8.21718 ], [ -69.06205, -8.69367 ], [ -69.06845, -8.69375 ], [ -69.06724, -8.6956 ], [ -69.07164, -8.69767 ], [ -69.07515, -8.69376 ], [ -69.07681, -8.69644 ], [ -69.08378, -8.68022 ], [ -69.08529, -8.68721 ], [ -69.09118, -8.68943 ], [ -69.0923, -8.68015 ], [ -69.08925, -8.67648 ], [ -69.09292, -8.67818 ], [ -69.09524, -8.67342 ], [ -69.10132, -8.67984 ], [ -69.10034, -8.68382 ], [ -69.10507, -8.67714 ], [ -69.1077, -8.68164 ], [ -69.11738, -8.68158 ], [ -69.11521, -8.67867 ], [ -69.11969, -8.67397 ], [ -69.12573, -8.67907 ], [ -69.12902, -8.67746 ], [ -69.13736, -8.68512 ], [ -69.14795, -8.66749 ], [ -69.15449, -8.66682 ], [ -69.15882, -8.67071 ], [ -69.16291, -8.66686 ], [ -69.16311, -8.67013 ], [ -69.17282, -8.67697 ], [ -69.18769, -8.67217 ], [ -69.19288, -8.67961 ], [ -69.20061, -8.67841 ], [ -69.2043, -8.68063 ], [ -69.2074, -8.68994 ], [ -69.21269, -8.68939 ], [ -69.21446, -8.69205 ], [ -69.22789, -8.68324 ], [ -69.23658, -8.68655 ], [ -69.25274, -8.68528 ], [ -69.2528, -8.68951 ], [ -69.26273, -8.68253 ], [ -69.27939, -8.6853 ], [ -69.29557, -8.70941 ], [ -69.30147, -8.71207 ], [ -69.30618, -8.7105 ], [ -69.31753, -8.72299 ], [ -69.31808, -8.72777 ], [ -69.32721, -8.73199 ], [ -69.34067, -8.72417 ], [ -69.34371, -8.7261 ], [ -69.36132, -8.72323 ], [ -69.38016, -8.71174 ], [ -69.3892, -8.71488 ], [ -69.39812, -8.71107 ], [ -69.39835, -8.7191 ], [ -69.40684, -8.71996 ], [ -69.40783, -8.72593 ], [ -69.41295, -8.73048 ], [ -69.44509, -8.72923 ], [ -69.45203, -8.7376 ], [ -69.45798, -8.73655 ], [ -69.46346, -8.74227 ], [ -69.46357, -8.74678 ], [ -69.46933, -8.74779 ], [ -69.47504, -8.75469 ], [ -69.57926, -8.69854 ], [ -69.62425, -8.67548 ], [ -69.72825, -8.6232 ], [ -69.71684, -8.61267 ], [ -69.69815, -8.60434 ] ], [ [ -69.44668, -8.38643 ], [ -69.44666, -8.38619 ], [ -69.44673, -8.38645 ], [ -69.44668, -8.38643 ] ] ], [ [ [ -68.89452, -9.24232 ], [ -68.90496, -9.23627 ], [ -68.90669, -9.22962 ], [ -68.90319, -9.22133 ], [ -68.90723, -9.21047 ], [ -68.90386, -9.20181 ], [ -68.90596, -9.18928 ], [ -68.89918, -9.18289 ], [ -68.90211, -9.17205 ], [ -68.89568, -9.15851 ], [ -68.8992, -9.15513 ], [ -68.89561, -9.14592 ], [ -68.8906, -9.14209 ], [ -68.8942, -9.13155 ], [ -68.89857, -9.12984 ], [ -68.89326, -9.12209 ], [ -68.88917, -9.12241 ], [ -68.88846, -9.12647 ], [ -68.8852, -9.12338 ], [ -68.89221, -9.1138 ], [ -68.89236, -9.10849 ], [ -68.88144, -9.10297 ], [ -68.88263, -9.10894 ], [ -68.87802, -9.11246 ], [ -68.87161, -9.10189 ], [ -68.86703, -9.10049 ], [ -68.86004, -9.10435 ], [ -68.85886, -9.09507 ], [ -68.86186, -9.08543 ], [ -68.85826, -9.08315 ], [ -68.84704, -9.09528 ], [ -68.8454, -9.10322 ], [ -68.84981, -9.11352 ], [ -68.83878, -9.1164 ], [ -68.83912, -9.12528 ], [ -68.7955, -9.14769 ], [ -68.82991, -9.21473 ], [ -68.86985, -9.25789 ], [ -68.87446, -9.27358 ], [ -68.8859, -9.26944 ], [ -68.88996, -9.25678 ], [ -68.8888, -9.24981 ], [ -68.89452, -9.24232 ] ] ], [ [ [ -68.94875, -9.13923 ], [ -68.95605, -9.13864 ], [ -68.96078, -9.13355 ], [ -68.95903, -9.11719 ], [ -68.95221, -9.11509 ], [ -68.94703, -9.1177 ], [ -68.94257, -9.12741 ], [ -68.94255, -9.13524 ], [ -68.94875, -9.13923 ] ] ] ] } },
{ "type": "Feature", "properties": { "cluster": 132.0, "hvi": 0.1388, "population": 2428, "setores": 4, "municipio": "Manoel Urbano" }, "geometry": { "type": "Polygon", "coordinates": [ [ [ -69.26229, -8.84117 ], [ -69.2598, -8.83852 ], [ -69.26237, -8.8394 ], [ -69.26292, -8.84168 ], [ -69.26457, -8.84017 ], [ -69.2606, -8.83297 ], [ -69.25826, -8.83795 ], [ -69.25794, -8.83222 ], [ -69.25357, -8.83531 ], [ -69.25546, -8.83776 ], [ -69.25786, -8.84341 ], [ -69.26229, -8.84117 ] ], [ [ -69.25826, -8.838 ], [ -69.25826, -8.83799 ], [ -69.25829, -8.838 ], [ -69.25826, -8.838 ] ] ] } },
{ "type": "Feature", "properties": { "cluster": 133.0, "hvi": 0.1194, "population": 153, "setores": 1, "municipio": "Manoel Urbano" }, "geometry": { "type": "Polygon", "coordinates": [ [ [ -69.77425, -9.11103 ], [ -69.77818, -9.12331 ], [ -69.78924, -9.11828 ], [ -69.78444, -9.1092 ], [ -69.77425, -9.11103 ] ] ] } },
{ "type": "Feature", "properties": { "cluster": 134.0, "hvi": 0.1048, "population": 38, "setores": 1, "municipio": "Manoel Urbano" }, "geometry": { "type": "Polygon", "coordinates": [ [ [ -69.83009, -9.15398 ], [ -69.81954, -9.14924 ], [ -69.81707, -9.15555 ], [ -69.82831, -9.15822 ], [ -69.83009, -9.15398 ] ] ] } },
{ "type": "Feature", "properties": { "cluster": 135.0, "hvi": 0.1135, "population": 114, "setores": 1, "municipio": "Manoel Urbano" }, "geometry": { "type": "Polygon", "coordinates": [ [ [ -69.85123, -9.14716 ], [ -69.84114, -9.14354 ], [ -69.83228, -9.15693 ], [ -69.84826, -9.15545 ], [ -69.85123, -9.14716 ] ] ] } },
{ "type": "Feature", "properties": { "cluster": 136.0, "hvi": 0.1075, "population": 50, "setores": 1, "municipio": "Manoel Urbano" }, "geometry": { "type": "Polygon", "coordinates": [ [ [ -69.90788, -9.28436 ], [ -69.91142, -9.27607 ], [ -69.9078, -9.2707 ], [ -69.90022, -9.27016 ], [ -69.89895, -9.27473 ], [ -69.90702, -9.27722 ], [ -69.90339, -9.27965 ], [ -69.89713, -9.27726 ], [ -69.89696, -9.28065 ], [ -69.90788, -9.28436 ] ] ] } },
{ "type": "Feature", "properties": { "cluster": 137.0, "hvi": 0.13, "population": 2574, "setores": 6, "municipio": "Manoel Urbano" }, "geometry": { "type": "MultiPolygon", "coordinates": [ [ [ [ -69.26458, -8.83899 ], [ -69.26405, -8.83655 ], [ -69.26522, -8.83834 ], [ -69.2669, -8.83263 ], [ -69.27828, -8.83256 ], [ -69.27523, -8.82281 ], [ -69.27159, -8.82103 ], [ -69.26636, -8.83263 ], [ -69.26686, -8.83263 ], [ -69.26355, -8.83428 ], [ -69.26325, -8.8329 ], [ -69.26084, -8.8354 ], [ -69.26458, -8.83899 ] ] ], [ [ [ -69.24914, -8.83005 ], [ -69.25357, -8.83531 ], [ -69.25735, -8.83263 ], [ -69.25855, -8.83326 ], [ -69.26675, -8.83054 ], [ -69.26823, -8.82548 ], [ -69.26022, -8.82606 ], [ -69.25876, -8.82764 ], [ -69.25673, -8.82499 ], [ -69.2463, -8.82292 ], [ -69.24914, -8.83005 ] ], [ [ -69.25984, -8.82905 ], [ -69.25894, -8.82788 ], [ -69.26675, -8.83054 ], [ -69.25984, -8.82905 ] ] ] ] } },
{ "type": "Feature", "properties": { "cluster": 138.0, "hvi": 0.1349, "population": 1888, "setores": 3, "municipio": "Marechal Thaumaturgo" }, "geometry": { "type": "MultiPolygon", "coordinates": [ [ [ [ -72.78472, -8.95047 ], [ -72.79071, -8.95355 ], [ -72.79029, -8.94953 ], [ -72.78472, -8.95047 ] ] ], [ [ [ -72.78838, -8.94819 ], [ -72.7883, -8.9452 ], [ -72.78389, -8.94466 ], [ -72.78452, -8.94918 ], [ -72.78838, -8.94819 ] ] ], [ [ [ -72.79109, -8.94785 ], [ -72.78936, -8.94491 ], [ -72.78838, -8.94819 ], [ -72.79109, -8.94785 ] ] ] ] } },
{ "type": "Feature", "properties": { "cluster": 139.0, "hvi": 0.1597, "population": 930, "setores": 1, "municipio": "Marechal Thaumaturgo" }, "geometry": { "type": "Polygon", "coordinates": [ [ [ -72.78953, -8.94513 ], [ -72.79344, -8.94788 ], [ -72.79618, -8.94335 ], [ -72.79304, -8.94368 ], [ -72.78953, -8.94513 ] ] ] } },
{ "type": "Feature", "properties": { "cluster": 140.0, "hvi": 0.1082, "population": 3244, "setores": 13, "municipio": "Marechal Thaumaturgo" }, "geometry": { "type": "MultiPolygon", "coordinates": [ [ [ [ -72.77772, -9.35802 ], [ -72.754, -9.31231 ], [ -72.76195, -9.30656 ], [ -72.79069, -9.29661 ], [ -72.79555, -9.28976 ], [ -72.79031, -9.26038 ], [ -72.77345, -9.23704 ], [ -72.76396, -9.17556 ], [ -72.79228, -9.13883 ], [ -72.78222, -9.12571 ], [ -72.75451, -9.14119 ], [ -72.73776, -9.0802 ], [ -72.74857, -8.99841 ], [ -72.73393, -8.97671 ], [ -72.7349, -8.96588 ], [ -72.73016, -8.96726 ], [ -72.72888, -8.97892 ], [ -72.72446, -8.98342 ], [ -72.71658, -8.98001 ], [ -72.71604, -8.98411 ], [ -72.73414, -8.99147 ], [ -72.72228, -9.0066 ], [ -72.72335, -9.02034 ], [ -72.72849, -9.02607 ], [ -72.71166, -9.02718 ], [ -72.7094, -9.03322 ], [ -72.71263, -9.0427 ], [ -72.70175, -9.05319 ], [ -72.70347, -9.05996 ], [ -72.69485, -9.06674 ], [ -72.68667, -9.06593 ], [ -72.68573, -9.0737 ], [ -72.68027, -9.08102 ], [ -72.68315, -9.07676 ], [ -72.67738, -9.07876 ], [ -72.67123, -9.08846 ], [ -72.67298, -9.09465 ], [ -72.65397, -9.10299 ], [ -72.64086, -9.11622 ], [ -72.63788, -9.15203 ], [ -72.6229, -9.16239 ], [ -72.58829, -9.16239 ], [ -72.5451, -9.17275 ], [ -72.50631, -9.18553 ], [ -72.48206, -9.20603 ], [ -72.44967, -9.20559 ], [ -72.3917, -9.19699 ], [ -72.36966, -9.20691 ], [ -72.35269, -9.20471 ], [ -72.33396, -9.18421 ], [ -72.30971, -9.19391 ], [ -72.2944, -9.2104 ], [ -72.2923, -9.22135 ], [ -72.27505, -9.20853 ], [ -72.27473, -9.23507 ], [ -72.28504, -9.24712 ], [ -72.28809, -9.25729 ], [ -72.28373, -9.30812 ], [ -72.29012, -9.33397 ], [ -72.30464, -9.36766 ], [ -72.29477, -9.38654 ], [ -72.25048, -9.415 ], [ -72.25294, -9.4256 ], [ -72.24887, -9.44404 ], [ -72.25174, -9.45938 ], [ -72.25655, -9.46558 ], [ -72.26102, -9.46592 ], [ -72.26531, -9.47241 ], [ -72.28081, -9.47299 ], [ -72.29986, -9.45905 ], [ -72.29974, -9.45127 ], [ -72.31512, -9.44362 ], [ -72.31656, -9.44648 ], [ -72.31228, -9.34687 ], [ -72.32426, -9.33191 ], [ -72.34293, -9.32269 ], [ -72.35407, -9.32257 ], [ -72.37574, -9.30641 ], [ -72.39872, -9.30964 ], [ -72.41249, -9.30761 ], [ -72.42961, -9.27875 ], [ -72.43404, -9.27564 ], [ -72.44721, -9.27624 ], [ -72.45152, -9.27396 ], [ -72.45799, -9.26091 ], [ -72.47953, -9.25804 ], [ -72.48953, -9.25079 ], [ -72.48922, -9.24906 ], [ -72.48699, -9.25032 ], [ -72.48954, -9.24729 ], [ -72.4933, -9.24903 ], [ -72.49447, -9.24613 ], [ -72.49794, -9.24932 ], [ -72.50162, -9.24666 ], [ -72.50112, -9.25113 ], [ -72.50452, -9.25304 ], [ -72.50227, -9.25096 ], [ -72.50483, -9.24987 ], [ -72.50776, -9.25472 ], [ -72.50895, -9.25051 ], [ -72.51854, -9.25324 ], [ -72.52363, -9.25023 ], [ -72.52289, -9.24626 ], [ -72.5309, -9.2408 ], [ -72.52818, -9.23887 ], [ -72.53041, -9.23402 ], [ -72.53354, -9.23413 ], [ -72.53009, -9.2305 ], [ -72.54856, -9.22124 ], [ -72.54746, -9.21829 ], [ -72.55247, -9.21871 ], [ -72.5535, -9.21473 ], [ -72.55527, -9.21793 ], [ -72.56156, -9.2155 ], [ -72.5581, -9.20963 ], [ -72.56131, -9.21131 ], [ -72.56525, -9.20386 ], [ -72.56853, -9.20737 ], [ -72.5753, -9.2039 ], [ -72.58297, -9.20732 ], [ -72.58765, -9.20078 ], [ -72.58853, -9.20658 ], [ -72.59216, -9.20373 ], [ -72.59236, -9.20715 ], [ -72.60327, -9.20456 ], [ -72.60636, -9.21111 ], [ -72.61351, -9.20919 ], [ -72.61657, -9.20442 ], [ -72.62402, -9.20901 ], [ -72.62891, -9.20383 ], [ -72.62702, -9.20097 ], [ -72.63297, -9.19012 ], [ -72.64218, -9.19923 ], [ -72.64622, -9.19254 ], [ -72.64922, -9.19561 ], [ -72.6514, -9.19416 ], [ -72.65362, -9.18683 ], [ -72.65863, -9.1885 ], [ -72.65879, -9.18568 ], [ -72.66226, -9.18603 ], [ -72.66369, -9.18958 ], [ -72.66933, -9.18408 ], [ -72.67162, -9.18818 ], [ -72.67363, -9.18222 ], [ -72.6845, -9.17829 ], [ -72.67857, -9.17386 ], [ -72.68323, -9.1669 ], [ -72.68072, -9.16167 ], [ -72.68447, -9.15888 ], [ -72.67753, -9.15473 ], [ -72.679, -9.14971 ], [ -72.68333, -9.1479 ], [ -72.68918, -9.15748 ], [ -72.71378, -9.15137 ], [ -72.70686, -9.15923 ], [ -72.70822, -9.17249 ], [ -72.69909, -9.17244 ], [ -72.69727, -9.17615 ], [ -72.71176, -9.18618 ], [ -72.70945, -9.20274 ], [ -72.72116, -9.20038 ], [ -72.71888, -9.20635 ], [ -72.72104, -9.22233 ], [ -72.73066, -9.22638 ], [ -72.72072, -9.2266 ], [ -72.71685, -9.22157 ], [ -72.70949, -9.22114 ], [ -72.70341, -9.21659 ], [ -72.70079, -9.21877 ], [ -72.70268, -9.22825 ], [ -72.69646, -9.23115 ], [ -72.69894, -9.24357 ], [ -72.69141, -9.2528 ], [ -72.69368, -9.26302 ], [ -72.68693, -9.25913 ], [ -72.67974, -9.26202 ], [ -72.68094, -9.26547 ], [ -72.68796, -9.26745 ], [ -72.69767, -9.26505 ], [ -72.71155, -9.26773 ], [ -72.70872, -9.27103 ], [ -72.69938, -9.26993 ], [ -72.68959, -9.27801 ], [ -72.67984, -9.27719 ], [ -72.67708, -9.28114 ], [ -72.68597, -9.27938 ], [ -72.68092, -9.28698 ], [ -72.68876, -9.29349 ], [ -72.69017, -9.30328 ], [ -72.685, -9.30877 ], [ -72.69252, -9.31604 ], [ -72.68461, -9.32634 ], [ -72.68511, -9.33778 ], [ -72.68956, -9.34111 ], [ -72.69211, -9.33328 ], [ -72.70266, -9.34211 ], [ -72.71065, -9.34155 ], [ -72.71331, -9.34472 ], [ -72.70893, -9.34777 ], [ -72.70871, -9.35249 ], [ -72.71492, -9.35321 ], [ -72.7177, -9.34771 ], [ -72.72281, -9.3491 ], [ -72.71776, -9.35521 ], [ -72.72103, -9.35704 ], [ -72.72708, -9.35382 ], [ -72.72952, -9.36337 ], [ -72.73791, -9.36964 ], [ -72.72542, -9.37663 ], [ -72.7232, -9.37031 ], [ -72.71376, -9.36609 ], [ -72.70943, -9.37136 ], [ -72.71751, -9.37411 ], [ -72.71475, -9.37823 ], [ -72.71825, -9.38424 ], [ -72.70415, -9.38008 ], [ -72.69411, -9.38463 ], [ -72.69533, -9.38846 ], [ -72.70715, -9.39057 ], [ -72.71828, -9.41027 ], [ -72.71328, -9.40325 ], [ -72.71868, -9.41231 ], [ -72.72564, -9.40677 ], [ -72.71974, -9.41166 ], [ -72.77098, -9.41168 ], [ -72.77772, -9.35802 ] ], [ [ -72.33354, -9.23404 ], [ -72.32527, -9.25385 ], [ -72.33192, -9.23583 ], [ -72.33354, -9.23404 ] ], [ [ -72.435, -9.22555 ], [ -72.41808, -9.22298 ], [ -72.42272, -9.22265 ], [ -72.435, -9.22555 ] ], [ [ -72.48546, -9.25119 ], [ -72.48312, -9.24785 ], [ -72.48592, -9.25093 ], [ -72.48546, -9.25119 ] ], [ [ -72.77996, -9.27371 ], [ -72.77294, -9.27327 ], [ -72.77271, -9.27311 ], [ -72.77996, -9.27371 ] ], [ [ -72.7425, -9.25191 ], [ -72.73758, -9.2355 ], [ -72.73911, -9.23688 ], [ -72.7425, -9.25191 ] ], [ [ -72.73612, -9.23062 ], [ -72.73545, -9.2284 ], [ -72.73641, -9.2288 ], [ -72.73612, -9.23062 ] ], [ [ -72.6868, -9.11322 ], [ -72.68738, -9.11324 ], [ -72.68712, -9.11346 ], [ -72.6868, -9.11322 ] ], [ [ -72.69295, -9.1085 ], [ -72.69886, -9.10256 ], [ -72.6991, -9.10325 ], [ -72.69295, -9.1085 ] ], [ [ -72.69811, -9.10041 ], [ -72.69705, -9.09895 ], [ -72.69758, -9.09885 ], [ -72.69811, -9.10041 ] ] ], [ [ [ -72.5717, -8.93793 ], [ -72.57578, -8.94412 ], [ -72.5797, -8.94338 ], [ -72.57572, -8.95142 ], [ -72.57805, -8.95271 ], [ -72.58163, -8.94699 ], [ -72.58916, -8.94455 ], [ -72.58611, -8.94876 ], [ -72.5938, -8.94914 ], [ -72.60143, -8.96328 ], [ -72.60447, -8.95668 ], [ -72.61109, -8.96098 ], [ -72.61106, -8.95692 ], [ -72.60469, -8.95096 ], [ -72.60632, -8.94709 ], [ -72.61174, -8.95103 ], [ -72.61671, -8.9501 ], [ -72.61843, -8.95496 ], [ -72.62381, -8.9524 ], [ -72.61853, -8.95672 ], [ -72.6191, -8.96359 ], [ -72.62816, -8.96367 ], [ -72.63129, -8.96758 ], [ -72.63387, -8.9623 ], [ -72.64488, -8.96188 ], [ -72.6552, -8.96935 ], [ -72.65819, -8.96206 ], [ -72.66358, -8.96082 ], [ -72.65924, -8.9678 ], [ -72.66375, -8.97166 ], [ -72.66146, -8.9799 ], [ -72.6659, -8.97763 ], [ -72.66995, -8.98329 ], [ -72.68112, -8.98038 ], [ -72.67942, -8.98544 ], [ -72.68461, -8.98536 ], [ -72.68726, -8.98956 ], [ -72.69205, -8.98856 ], [ -72.69217, -8.99221 ], [ -72.69778, -8.98995 ], [ -72.70108, -8.99471 ], [ -72.70528, -8.99149 ], [ -72.70409, -8.98379 ], [ -72.71011, -8.98517 ], [ -72.71024, -8.989 ], [ -72.71875, -8.98936 ], [ -72.71485, -8.98632 ], [ -72.71581, -8.98259 ], [ -72.70509, -8.98061 ], [ -72.69328, -8.97292 ], [ -72.67859, -8.97076 ], [ -72.67393, -8.96612 ], [ -72.67297, -8.95719 ], [ -72.66235, -8.95486 ], [ -72.65862, -8.94638 ], [ -72.63602, -8.94252 ], [ -72.63679, -8.93009 ], [ -72.62512, -8.92046 ], [ -72.6198, -8.90239 ], [ -72.61416, -8.89942 ], [ -72.60468, -8.87802 ], [ -72.60568, -8.86623 ], [ -72.59453, -8.85922 ], [ -72.59253, -8.8497 ], [ -72.58174, -8.84709 ], [ -72.56036, -8.84974 ], [ -72.55159, -8.84622 ], [ -72.54325, -8.85462 ], [ -72.52853, -8.85249 ], [ -72.52143, -8.85549 ], [ -72.51535, -8.8531 ], [ -72.50847, -8.85479 ], [ -72.50588, -8.84781 ], [ -72.49089, -8.849 ], [ -72.48582, -8.85745 ], [ -72.47824, -8.85779 ], [ -72.46972, -8.84913 ], [ -72.45071, -8.84148 ], [ -72.43532, -8.82604 ], [ -72.42718, -8.7948 ], [ -72.42312, -8.78917 ], [ -72.39418, -8.7831 ], [ -72.37751, -8.78956 ], [ -72.36188, -8.78965 ], [ -72.35628, -8.78568 ], [ -72.35631, -8.78034 ], [ -72.35103, -8.77847 ], [ -72.34791, -8.73589 ], [ -72.35966, -8.71817 ], [ -72.3607, -8.7086 ], [ -72.35776, -8.69997 ], [ -72.36449, -8.68765 ], [ -72.36402, -8.67097 ], [ -72.37141, -8.65666 ], [ -72.368, -8.64567 ], [ -72.37084, -8.63951 ], [ -72.35867, -8.63084 ], [ -72.35913, -8.62715 ], [ -72.36758, -8.6167 ], [ -72.37256, -8.61414 ], [ -72.37567, -8.61595 ], [ -72.37971, -8.61232 ], [ -72.37859, -8.60693 ], [ -72.3846, -8.60533 ], [ -72.38327, -8.60291 ], [ -72.39691, -8.58707 ], [ -72.39533, -8.58317 ], [ -72.40103, -8.57718 ], [ -72.39859, -8.57479 ], [ -72.40069, -8.57034 ], [ -72.4062, -8.56797 ], [ -72.40473, -8.56528 ], [ -72.40877, -8.56526 ], [ -72.41094, -8.55969 ], [ -72.42013, -8.55726 ], [ -72.4209, -8.55143 ], [ -72.42559, -8.54857 ], [ -72.42547, -8.54246 ], [ -72.43012, -8.54215 ], [ -72.42823, -8.54095 ], [ -72.43482, -8.53149 ], [ -72.44095, -8.52852 ], [ -72.44336, -8.5174 ], [ -72.43849, -8.51096 ], [ -72.44921, -8.50488 ], [ -72.4502, -8.49856 ], [ -72.41448, -8.51833 ], [ -72.41113, -8.52486 ], [ -72.41204, -8.53528 ], [ -72.39745, -8.54738 ], [ -72.39178, -8.54807 ], [ -72.3895, -8.55616 ], [ -72.29733, -8.58625 ], [ -72.26348, -8.58227 ], [ -72.22288, -8.58245 ], [ -72.20728, -8.54412 ], [ -72.20129, -8.5519 ], [ -72.23019, -8.59693 ], [ -72.21398, -8.70082 ], [ -72.14398, -8.71181 ], [ -72.13318, -8.78258 ], [ -72.13795, -8.78006 ], [ -72.1389, -8.78043 ], [ -72.13226, -8.7834 ], [ -72.12484, -8.82853 ], [ -72.0931, -8.85531 ], [ -72.12044, -8.89226 ], [ -72.12524, -8.89095 ], [ -72.12941, -8.8953 ], [ -72.13415, -8.89515 ], [ -72.13994, -8.9033 ], [ -72.14593, -8.90098 ], [ -72.16943, -8.91115 ], [ -72.17033, -8.9184 ], [ -72.16964, -8.91815 ], [ -72.19383, -8.95045 ], [ -72.21101, -8.95593 ], [ -72.21678, -8.96926 ], [ -72.22233, -8.96911 ], [ -72.23092, -8.97711 ], [ -72.2369, -8.97717 ], [ -72.25839, -8.9965 ], [ -72.27394, -8.99495 ], [ -72.28295, -9.01487 ], [ -72.29119, -9.01961 ], [ -72.29139, -9.02967 ], [ -72.30491, -9.03693 ], [ -72.31081, -9.03082 ], [ -72.31438, -9.03274 ], [ -72.31702, -9.04332 ], [ -72.32272, -9.04115 ], [ -72.32683, -9.0464 ], [ -72.32974, -9.04164 ], [ -72.33584, -9.04216 ], [ -72.34872, -9.03385 ], [ -72.36876, -9.05273 ], [ -72.37049, -9.04446 ], [ -72.37506, -9.04236 ], [ -72.37088, -9.0392 ], [ -72.37192, -9.03676 ], [ -72.38221, -9.03613 ], [ -72.39245, -9.02639 ], [ -72.39353, -9.03189 ], [ -72.39765, -9.03198 ], [ -72.40484, -9.01904 ], [ -72.4109, -9.02119 ], [ -72.41042, -9.01625 ], [ -72.4168, -9.01721 ], [ -72.41647, -9.01471 ], [ -72.42134, -9.01279 ], [ -72.42258, -9.0155 ], [ -72.42799, -9.01455 ], [ -72.42923, -9.00865 ], [ -72.43584, -9.01343 ], [ -72.43494, -9.00817 ], [ -72.44284, -9.00641 ], [ -72.4423, -8.99976 ], [ -72.44647, -9.00105 ], [ -72.44644, -8.99582 ], [ -72.45658, -8.99388 ], [ -72.46168, -9.00528 ], [ -72.4665, -9.005 ], [ -72.46938, -9.00134 ], [ -72.4781, -9.00095 ], [ -72.47325, -8.9978 ], [ -72.48501, -8.99263 ], [ -72.48102, -8.98957 ], [ -72.48892, -8.98131 ], [ -72.49483, -8.97957 ], [ -72.49839, -8.98627 ], [ -72.50097, -8.9857 ], [ -72.50275, -8.978 ], [ -72.50872, -8.97803 ], [ -72.512, -8.9821 ], [ -72.52093, -8.96708 ], [ -72.5207, -8.97367 ], [ -72.52381, -8.97676 ], [ -72.52349, -8.97078 ], [ -72.52902, -8.9713 ], [ -72.53173, -8.96163 ], [ -72.53857, -8.96119 ], [ -72.54296, -8.96822 ], [ -72.54298, -8.96138 ], [ -72.54612, -8.9595 ], [ -72.55023, -8.96437 ], [ -72.55629, -8.96484 ], [ -72.55381, -8.96079 ], [ -72.55833, -8.95778 ], [ -72.55667, -8.95297 ], [ -72.56203, -8.94901 ], [ -72.55786, -8.9453 ], [ -72.55932, -8.9434 ], [ -72.56323, -8.9457 ], [ -72.5688, -8.93816 ], [ -72.5621, -8.93509 ], [ -72.5717, -8.93793 ] ], [ [ -72.56628, -8.93107 ], [ -72.56403, -8.93349 ], [ -72.56588, -8.93041 ], [ -72.56628, -8.93107 ] ], [ [ -72.56418, -8.92755 ], [ -72.56453, -8.92813 ], [ -72.564, -8.92764 ], [ -72.56418, -8.92755 ] ], [ [ -72.52702, -8.92571 ], [ -72.52999, -8.9294 ], [ -72.52685, -8.92573 ], [ -72.52702, -8.92571 ] ], [ [ -72.52015, -8.92197 ], [ -72.52185, -8.92643 ], [ -72.51961, -8.92183 ], [ -72.52015, -8.92197 ] ], [ [ -72.32189, -8.85078 ], [ -72.31646, -8.86148 ], [ -72.32164, -8.85063 ], [ -72.32189, -8.85078 ] ], [ [ -72.31803, -8.84852 ], [ -72.32001, -8.84968 ], [ -72.31775, -8.84912 ], [ -72.31803, -8.84852 ] ], [ [ -72.31183, -8.83918 ], [ -72.31328, -8.83774 ], [ -72.32053, -8.84317 ], [ -72.31183, -8.83918 ] ], [ [ -72.30898, -8.83063 ], [ -72.31014, -8.83045 ], [ -72.31165, -8.83397 ], [ -72.30898, -8.83063 ] ], [ [ -72.30265, -8.81779 ], [ -72.30334, -8.81463 ], [ -72.30775, -8.8249 ], [ -72.30265, -8.81779 ] ], [ [ -72.25647, -8.76717 ], [ -72.25672, -8.76702 ], [ -72.26141, -8.77157 ], [ -72.25647, -8.76717 ] ], [ [ -72.30835, -8.83073 ], [ -72.30472, -8.83627 ], [ -72.307, -8.83094 ], [ -72.30835, -8.83073 ] ], [ [ -72.26909, -8.8443 ], [ -72.26329, -8.84331 ], [ -72.25647, -8.83757 ], [ -72.27429, -8.83232 ], [ -72.27704, -8.83734 ], [ -72.26909, -8.8443 ] ], [ [ -72.28524, -8.8347 ], [ -72.29357, -8.83225 ], [ -72.2958, -8.83971 ], [ -72.29176, -8.84412 ], [ -72.28816, -8.84293 ], [ -72.28524, -8.8347 ] ], [ [ -72.31012, -8.84007 ], [ -72.30807, -8.85116 ], [ -72.29726, -8.84963 ], [ -72.29674, -8.84293 ], [ -72.30032, -8.83928 ], [ -72.31012, -8.84007 ] ] ] ] } },
{ "type": "Feature", "properties": { "cluster": 141.0, "hvi": 0.1113, "population": 1724, "setores": 8, "municipio": "Marechal Thaumaturgo" }, "geometry": { "type": "Polygon", "coordinates": [ [ [ -72.29477, -9.38654 ], [ -72.30464, -9.36766 ], [ -72.29012, -9.33397 ], [ -72.28373, -9.30812 ], [ -72.28809, -9.25729 ], [ -72.28504, -9.24712 ], [ -72.27473, -9.23507 ], [ -72.27503, -9.21008 ], [ -72.28241, -9.21608 ], [ -72.2923, -9.22135 ], [ -72.2944, -9.2104 ], [ -72.30297, -9.19522 ], [ -72.30173, -9.19997 ], [ -72.33396, -9.18421 ], [ -72.35269, -9.20471 ], [ -72.36966, -9.20691 ], [ -72.3917, -9.19699 ], [ -72.44967, -9.20559 ], [ -72.48206, -9.20603 ], [ -72.50631, -9.18553 ], [ -72.5451, -9.17275 ], [ -72.5883, -9.16239 ], [ -72.6229, -9.16239 ], [ -72.63788, -9.15203 ], [ -72.64086, -9.11622 ], [ -72.65397, -9.10299 ], [ -72.67298, -9.09465 ], [ -72.67123, -9.08846 ], [ -72.67738, -9.07876 ], [ -72.68573, -9.0737 ], [ -72.68715, -9.06557 ], [ -72.69485, -9.06674 ], [ -72.70254, -9.06132 ], [ -72.70175, -9.05319 ], [ -72.71263, -9.0427 ], [ -72.70942, -9.02982 ], [ -72.71739, -9.02528 ], [ -72.72849, -9.02607 ], [ -72.72335, -9.02034 ], [ -72.72228, -9.0066 ], [ -72.73414, -8.99147 ], [ -72.72109, -8.98723 ], [ -72.72323, -8.99279 ], [ -72.71579, -8.98347 ], [ -72.71485, -8.98632 ], [ -72.71897, -8.98847 ], [ -72.71733, -8.99055 ], [ -72.70409, -8.98379 ], [ -72.70528, -8.99149 ], [ -72.70108, -8.99471 ], [ -72.69778, -8.98995 ], [ -72.69217, -8.99221 ], [ -72.69205, -8.98856 ], [ -72.68726, -8.98956 ], [ -72.68461, -8.98536 ], [ -72.67942, -8.98544 ], [ -72.68112, -8.98038 ], [ -72.66995, -8.98329 ], [ -72.6659, -8.97763 ], [ -72.66146, -8.9799 ], [ -72.66375, -8.97166 ], [ -72.65924, -8.9678 ], [ -72.66296, -8.95974 ], [ -72.65819, -8.96206 ], [ -72.6552, -8.96935 ], [ -72.64488, -8.96188 ], [ -72.63387, -8.9623 ], [ -72.63129, -8.96758 ], [ -72.62816, -8.96367 ], [ -72.6191, -8.96359 ], [ -72.61853, -8.95672 ], [ -72.62381, -8.9524 ], [ -72.61843, -8.95496 ], [ -72.61671, -8.9501 ], [ -72.61174, -8.95103 ], [ -72.60632, -8.94709 ], [ -72.60469, -8.95096 ], [ -72.61106, -8.95692 ], [ -72.61109, -8.96098 ], [ -72.60447, -8.95668 ], [ -72.60143, -8.96328 ], [ -72.5938, -8.94914 ], [ -72.58611, -8.94876 ], [ -72.59028, -8.94528 ], [ -72.58163, -8.94699 ], [ -72.57726, -8.95243 ], [ -72.57563, -8.95052 ], [ -72.5797, -8.94338 ], [ -72.57578, -8.94412 ], [ -72.56954, -8.93786 ], [ -72.56323, -8.9457 ], [ -72.55853, -8.9439 ], [ -72.55786, -8.94695 ], [ -72.56203, -8.94901 ], [ -72.55667, -8.95297 ], [ -72.55833, -8.95778 ], [ -72.55377, -8.96124 ], [ -72.55571, -8.96513 ], [ -72.55023, -8.96437 ], [ -72.54612, -8.9595 ], [ -72.54298, -8.96138 ], [ -72.54296, -8.96822 ], [ -72.53857, -8.96119 ], [ -72.53173, -8.96163 ], [ -72.52902, -8.9713 ], [ -72.52349, -8.97078 ], [ -72.52381, -8.97676 ], [ -72.5207, -8.97367 ], [ -72.52268, -8.96851 ], [ -72.52093, -8.96708 ], [ -72.512, -8.9821 ], [ -72.50872, -8.97803 ], [ -72.50275, -8.978 ], [ -72.50097, -8.9857 ], [ -72.49839, -8.98627 ], [ -72.49483, -8.97957 ], [ -72.48892, -8.98131 ], [ -72.48102, -8.98957 ], [ -72.48501, -8.99263 ], [ -72.47325, -8.9978 ], [ -72.4781, -9.00095 ], [ -72.46938, -9.00134 ], [ -72.4665, -9.005 ], [ -72.46168, -9.00528 ], [ -72.45658, -8.99388 ], [ -72.44607, -8.99619 ], [ -72.44646, -9.00011 ], [ -72.44406, -8.9983 ], [ -72.44284, -9.00641 ], [ -72.43494, -9.00817 ], [ -72.43584, -9.01343 ], [ -72.42923, -9.00865 ], [ -72.42799, -9.01455 ], [ -72.42258, -9.0155 ], [ -72.42134, -9.01279 ], [ -72.41647, -9.01471 ], [ -72.4168, -9.01721 ], [ -72.41042, -9.01625 ], [ -72.4109, -9.02119 ], [ -72.40484, -9.01904 ], [ -72.39765, -9.03198 ], [ -72.39353, -9.03189 ], [ -72.39245, -9.02639 ], [ -72.38221, -9.03613 ], [ -72.37192, -9.03676 ], [ -72.37088, -9.0392 ], [ -72.37506, -9.04236 ], [ -72.37049, -9.04446 ], [ -72.36876, -9.05273 ], [ -72.36197, -9.0455 ], [ -72.35861, -9.04579 ], [ -72.35975, -9.04189 ], [ -72.34953, -9.03413 ], [ -72.34472, -9.03453 ], [ -72.33584, -9.04216 ], [ -72.32974, -9.04164 ], [ -72.32683, -9.0464 ], [ -72.32272, -9.04115 ], [ -72.31702, -9.04332 ], [ -72.31438, -9.03274 ], [ -72.3101, -9.03079 ], [ -72.30491, -9.03693 ], [ -72.2991, -9.03419 ], [ -72.29888, -9.03957 ], [ -72.29289, -9.03661 ], [ -72.28986, -9.04694 ], [ -72.28405, -9.04661 ], [ -72.28258, -9.04051 ], [ -72.27606, -9.04383 ], [ -72.27924, -9.0465 ], [ -72.27926, -9.05228 ], [ -72.26808, -9.0551 ], [ -72.27234, -9.06168 ], [ -72.27081, -9.06557 ], [ -72.26506, -9.06546 ], [ -72.26292, -9.06112 ], [ -72.25678, -9.06177 ], [ -72.25562, -9.05824 ], [ -72.25228, -9.05896 ], [ -72.25105, -9.05528 ], [ -72.24259, -9.05944 ], [ -72.24307, -9.06238 ], [ -72.2458, -9.06188 ], [ -72.24756, -9.06963 ], [ -72.25335, -9.07475 ], [ -72.25626, -9.07263 ], [ -72.25378, -9.07667 ], [ -72.2562, -9.08301 ], [ -72.24189, -9.09399 ], [ -72.24642, -9.09851 ], [ -72.24311, -9.10448 ], [ -72.24643, -9.10983 ], [ -72.2408, -9.11358 ], [ -72.24233, -9.11596 ], [ -72.23917, -9.11993 ], [ -72.24203, -9.12416 ], [ -72.23702, -9.12418 ], [ -72.23576, -9.12772 ], [ -72.23182, -9.1248 ], [ -72.22716, -9.12817 ], [ -72.22528, -9.13478 ], [ -72.20625, -9.14416 ], [ -72.20427, -9.14142 ], [ -72.19234, -9.14815 ], [ -72.16682, -9.15197 ], [ -72.12061, -9.17879 ], [ -72.10181, -9.17926 ], [ -72.0841, -9.2056 ], [ -72.06077, -9.2254 ], [ -72.09761, -9.2932 ], [ -72.10112, -9.30786 ], [ -72.12042, -9.31877 ], [ -72.16092, -9.39384 ], [ -72.18315, -9.38868 ], [ -72.22258, -9.41505 ], [ -72.24887, -9.44404 ], [ -72.25294, -9.4256 ], [ -72.25048, -9.415 ], [ -72.29477, -9.38654 ] ], [ [ -72.2408, -9.18399 ], [ -72.24656, -9.18693 ], [ -72.25886, -9.19692 ], [ -72.2408, -9.18399 ] ], [ [ -72.23657, -9.18195 ], [ -72.23651, -9.18181 ], [ -72.23654, -9.18182 ], [ -72.23657, -9.18195 ] ], [ [ -72.23751, -9.18587 ], [ -72.2376, -9.18625 ], [ -72.23192, -9.20256 ], [ -72.23751, -9.18587 ] ], [ [ -72.24027, -9.29141 ], [ -72.24026, -9.29196 ], [ -72.23109, -9.30702 ], [ -72.24027, -9.29141 ] ], [ [ -72.18053, -9.3522 ], [ -72.18027, -9.35579 ], [ -72.18006, -9.35249 ], [ -72.18053, -9.3522 ] ], [ [ -72.18064, -9.36179 ], [ -72.185, -9.37394 ], [ -72.18093, -9.36637 ], [ -72.18064, -9.36179 ] ], [ [ -72.19854, -9.37896 ], [ -72.19849, -9.37959 ], [ -72.185, -9.37394 ], [ -72.19854, -9.37896 ] ], [ [ -72.6764, -9.07192 ], [ -72.67706, -9.06995 ], [ -72.67753, -9.07015 ], [ -72.6764, -9.07192 ] ], [ [ -72.67325, -9.07686 ], [ -72.67262, -9.07336 ], [ -72.67399, -9.0757 ], [ -72.67325, -9.07686 ] ], [ [ -72.66777, -9.07495 ], [ -72.67238, -9.07296 ], [ -72.67248, -9.07312 ], [ -72.66777, -9.07495 ] ], [ [ -72.65659, -9.07638 ], [ -72.65496, -9.07243 ], [ -72.6566, -9.07616 ], [ -72.65659, -9.07638 ] ], [ [ -72.61143, -9.1109 ], [ -72.61133, -9.11087 ], [ -72.61744, -9.10369 ], [ -72.61143, -9.1109 ] ], [ [ -72.60563, -9.10918 ], [ -72.60957, -9.10831 ], [ -72.61115, -9.11082 ], [ -72.60563, -9.10918 ] ], [ [ -72.59244, -9.10977 ], [ -72.59235, -9.10968 ], [ -72.60255, -9.10419 ], [ -72.59244, -9.10977 ] ], [ [ -72.5688, -9.1089 ], [ -72.57755, -9.1038 ], [ -72.57755, -9.10381 ], [ -72.5688, -9.1089 ] ], [ [ -72.44769, -9.01255 ], [ -72.44494, -9.02213 ], [ -72.4467, -9.00254 ], [ -72.44769, -9.01255 ] ] ] } },
{ "type": "Feature", "properties": { "cluster": 142.0, "hvi": 0.0972, "population": 0, "setores": 1, "municipio": "Marechal Thaumaturgo" }, "geometry": { "type": "Polygon", "coordinates": [ [ [ -72.36194, -9.49338 ], [ -72.36389, -9.49416 ], [ -72.36576, -9.49105 ], [ -72.36473, -9.49062 ], [ -72.36194, -9.49338 ] ] ] } },
{ "type": "Feature", "properties": { "cluster": 143.0, "hvi": 0.0867, "population": 57, "setores": 2, "municipio": "Marechal Thaumaturgo" }, "geometry": { "type": "Polygon", "coordinates": [ [ [ -72.37351, -9.48931 ], [ -72.37677, -9.49166 ], [ -72.37723, -9.49546 ], [ -72.38104, -9.49326 ], [ -72.3808, -9.48729 ], [ -72.38403, -9.48751 ], [ -72.38659, -9.49306 ], [ -72.39159, -9.48687 ], [ -72.39665, -9.48843 ], [ -72.39854, -9.48314 ], [ -72.40494, -9.48188 ], [ -72.40352, -9.47729 ], [ -72.41359, -9.47051 ], [ -72.42149, -9.47641 ], [ -72.42581, -9.47681 ], [ -72.42994, -9.47295 ], [ -72.43385, -9.47505 ], [ -72.43039, -9.48114 ], [ -72.43658, -9.48488 ], [ -72.44014, -9.47684 ], [ -72.44436, -9.48347 ], [ -72.44614, -9.47933 ], [ -72.45103, -9.47964 ], [ -72.45539, -9.48476 ], [ -72.4501, -9.48601 ], [ -72.45487, -9.48745 ], [ -72.45392, -9.49035 ], [ -72.46131, -9.48485 ], [ -72.46346, -9.48792 ], [ -72.46412, -9.48341 ], [ -72.46953, -9.48143 ], [ -72.48064, -9.48681 ], [ -72.4866, -9.48198 ], [ -72.4879, -9.47645 ], [ -72.49606, -9.48456 ], [ -72.4977, -9.4787 ], [ -72.50204, -9.47718 ], [ -72.50418, -9.48654 ], [ -72.50852, -9.48591 ], [ -72.50734, -9.48233 ], [ -72.51054, -9.48186 ], [ -72.51183, -9.48609 ], [ -72.51553, -9.48447 ], [ -72.51804, -9.49164 ], [ -72.52402, -9.48892 ], [ -72.52086, -9.48 ], [ -72.52887, -9.485 ], [ -72.52629, -9.47933 ], [ -72.53257, -9.47815 ], [ -72.53203, -9.47392 ], [ -72.5371, -9.47326 ], [ -72.53572, -9.46992 ], [ -72.54461, -9.46404 ], [ -72.54788, -9.46862 ], [ -72.55045, -9.46711 ], [ -72.54841, -9.45758 ], [ -72.55043, -9.45647 ], [ -72.54529, -9.4514 ], [ -72.52479, -9.4642 ], [ -72.50172, -9.46695 ], [ -72.49476, -9.45574 ], [ -72.48326, -9.44754 ], [ -72.46687, -9.44672 ], [ -72.44736, -9.43163 ], [ -72.43888, -9.43318 ], [ -72.43271, -9.42661 ], [ -72.42388, -9.42483 ], [ -72.41645, -9.429 ], [ -72.40775, -9.42889 ], [ -72.4072, -9.43765 ], [ -72.40115, -9.44283 ], [ -72.39361, -9.44399 ], [ -72.39529, -9.4527 ], [ -72.38845, -9.45614 ], [ -72.38606, -9.4619 ], [ -72.37198, -9.46939 ], [ -72.34739, -9.44617 ], [ -72.33075, -9.45204 ], [ -72.32416, -9.45768 ], [ -72.31512, -9.44362 ], [ -72.29974, -9.45127 ], [ -72.29986, -9.45905 ], [ -72.28081, -9.47299 ], [ -72.26531, -9.47241 ], [ -72.26102, -9.46592 ], [ -72.25655, -9.46558 ], [ -72.26263, -9.47341 ], [ -72.27689, -9.47379 ], [ -72.27276, -9.48739 ], [ -72.29395, -9.4933 ], [ -72.304, -9.50842 ], [ -72.34041, -9.50867 ], [ -72.3466, -9.50342 ], [ -72.3453, -9.50067 ], [ -72.35394, -9.50104 ], [ -72.35447, -9.49547 ], [ -72.36336, -9.4973 ], [ -72.36194, -9.49338 ], [ -72.36882, -9.48767 ], [ -72.36938, -9.49293 ], [ -72.37588, -9.49441 ], [ -72.37351, -9.48931 ] ], [ [ -72.36936, -9.48721 ], [ -72.36994, -9.48673 ], [ -72.37076, -9.48732 ], [ -72.36936, -9.48721 ] ] ] } },
{ "type": "Feature", "properties": { "cluster": 144.0, "hvi": 0.0855, "population": 43, "setores": 1, "municipio": "Marechal Thaumaturgo" }, "geometry": { "type": "Polygon", "coordinates": [ [ [ -72.38297, -9.49207 ], [ -72.38403, -9.48751 ], [ -72.3797, -9.48836 ], [ -72.38297, -9.49207 ] ] ] } },
{ "type": "Feature", "properties": { "cluster": 145.0, "hvi": 0.0858, "population": 103, "setores": 2, "municipio": "Marechal Thaumaturgo" }, "geometry": { "type": "MultiPolygon", "coordinates": [ [ [ [ -72.42687, -9.48628 ], [ -72.42673, -9.4818 ], [ -72.43307, -9.47871 ], [ -72.43385, -9.47505 ], [ -72.42994, -9.47295 ], [ -72.42329, -9.47668 ], [ -72.42687, -9.48628 ] ] ], [ [ [ -72.42346, -9.48087 ], [ -72.42329, -9.47668 ], [ -72.41723, -9.47154 ], [ -72.40914, -9.47195 ], [ -72.40352, -9.47729 ], [ -72.40469, -9.48099 ], [ -72.40731, -9.4769 ], [ -72.41367, -9.4833 ], [ -72.42346, -9.48087 ] ] ] ] } },
{ "type": "Feature", "properties": { "cluster": 146.0, "hvi": 0.0845, "population": 24, "setores": 1, "municipio": "Marechal Thaumaturgo" }, "geometry": { "type": "Polygon", "coordinates": [ [ [ -72.47288, -9.48615 ], [ -72.47116, -9.48133 ], [ -72.46378, -9.48425 ], [ -72.46739, -9.48723 ], [ -72.47288, -9.48615 ] ] ] } },
{ "type": "Feature", "properties": { "cluster": 147.0, "hvi": 0.086, "population": 75, "setores": 1, "municipio": "Marechal Thaumaturgo" }, "geometry": { "type": "Polygon", "coordinates": [ [ [ -72.49819, -9.48222 ], [ -72.50351, -9.48059 ], [ -72.50204, -9.47718 ], [ -72.4977, -9.4787 ], [ -72.49819, -9.48222 ] ] ] } },
{ "type": "Feature", "properties": { "cluster": 148.0, "hvi": 0.0898, "population": 63, "setores": 1, "municipio": "Marechal Thaumaturgo" }, "geometry": { "type": "Polygon", "coordinates": [ [ [ -72.52239, -9.48578 ], [ -72.52712, -9.48468 ], [ -72.52199, -9.47976 ], [ -72.52015, -9.48269 ], [ -72.52239, -9.48578 ] ] ] } },
{ "type": "Feature", "properties": { "cluster": 149.0, "hvi": 0.0872, "population": 55, "setores": 1, "municipio": "Marechal Thaumaturgo" }, "geometry": { "type": "Polygon", "coordinates": [ [ [ -72.27704, -8.83734 ], [ -72.27429, -8.83232 ], [ -72.25634, -8.83919 ], [ -72.26909, -8.8443 ], [ -72.27704, -8.83734 ] ] ] } },
{ "type": "Feature", "properties": { "cluster": 150.0, "hvi": 0.0862, "population": 40, "setores": 1, "municipio": "Marechal Thaumaturgo" }, "geometry": { "type": "Polygon", "coordinates": [ [ [ -72.28816, -8.84293 ], [ -72.29176, -8.84412 ], [ -72.2958, -8.83971 ], [ -72.29357, -8.83225 ], [ -72.28524, -8.8347 ], [ -72.28816, -8.84293 ] ] ] } },
{ "type": "Feature", "properties": { "cluster": 151.0, "hvi": 0.0872, "population": 55, "setores": 1, "municipio": "Marechal Thaumaturgo" }, "geometry": { "type": "Polygon", "coordinates": [ [ [ -72.29734, -8.84887 ], [ -72.30524, -8.85277 ], [ -72.30807, -8.85116 ], [ -72.31012, -8.84007 ], [ -72.30032, -8.83928 ], [ -72.29674, -8.84293 ], [ -72.29734, -8.84887 ] ] ] } },
{ "type": "Feature", "properties": { "cluster": 152.0, "hvi": 0.0973, "population": 4227, "setores": 23, "municipio": "Marechal Thaumaturgo" }, "geometry": { "type": "Polygon", "coordinates": [ [ [ -72.97991, -9.41028 ], [ -73.2119, -9.41167 ], [ -73.20962, -9.40545 ], [ -73.19354, -9.39281 ], [ -73.18795, -9.36122 ], [ -73.15668, -9.3509 ], [ -73.13931, -9.3218 ], [ -73.12803, -9.31247 ], [ -73.10078, -9.3042 ], [ -73.11145, -9.27942 ], [ -73.09509, -9.26609 ], [ -73.08659, -9.24448 ], [ -73.0562, -9.2253 ], [ -73.04495, -9.23687 ], [ -73.02603, -9.22913 ], [ -72.9937, -9.19216 ], [ -73.01559, -9.18398 ], [ -73.01361, -9.17197 ], [ -73.00159, -9.16449 ], [ -72.98617, -9.15994 ], [ -72.9716, -9.14824 ], [ -72.96437, -9.14698 ], [ -72.953, -9.12908 ], [ -72.95227, -9.12957 ], [ -72.94384, -9.10224 ], [ -72.94615, -9.07686 ], [ -72.94015, -9.06902 ], [ -72.94101, -9.066 ], [ -72.85897, -9.00895 ], [ -72.8727, -8.94247 ], [ -72.86414, -8.93721 ], [ -72.86111, -8.93831 ], [ -72.85117, -8.92954 ], [ -72.84643, -8.9299 ], [ -72.84233, -8.91876 ], [ -72.82031, -8.91197 ], [ -72.81508, -8.90652 ], [ -72.80767, -8.90811 ], [ -72.80432, -8.90531 ], [ -72.79933, -8.90863 ], [ -72.79796, -8.90594 ], [ -72.79211, -8.90962 ], [ -72.78864, -8.90833 ], [ -72.7891, -8.90462 ], [ -72.78757, -8.9062 ], [ -72.78309, -8.90235 ], [ -72.78535, -8.9002 ], [ -72.77634, -8.8976 ], [ -72.78342, -8.89896 ], [ -72.78738, -8.89148 ], [ -72.78077, -8.87597 ], [ -72.77008, -8.86572 ], [ -72.76333, -8.85269 ], [ -72.76537, -8.84902 ], [ -72.77911, -8.84782 ], [ -72.78175, -8.83963 ], [ -72.77566, -8.83853 ], [ -72.76856, -8.84192 ], [ -72.7637, -8.83856 ], [ -72.7563, -8.84226 ], [ -72.75054, -8.83867 ], [ -72.75393, -8.83251 ], [ -72.7776, -8.82796 ], [ -72.78167, -8.82008 ], [ -72.80701, -8.8344 ], [ -72.81098, -8.83028 ], [ -72.81127, -8.8264 ], [ -72.79594, -8.81717 ], [ -72.7979, -8.80363 ], [ -72.79109, -8.79907 ], [ -72.81338, -8.78837 ], [ -72.81229, -8.7761 ], [ -72.81745, -8.7607 ], [ -72.82472, -8.75349 ], [ -72.83706, -8.75787 ], [ -72.83665, -8.74987 ], [ -72.82576, -8.73537 ], [ -72.81206, -8.72903 ], [ -72.81019, -8.72318 ], [ -72.77442, -8.72673 ], [ -72.77139, -8.72201 ], [ -72.76562, -8.72131 ], [ -72.74852, -8.74822 ], [ -72.70485, -8.77512 ], [ -72.66215, -8.80989 ], [ -72.59253, -8.8497 ], [ -72.59453, -8.85922 ], [ -72.60568, -8.86623 ], [ -72.60468, -8.87802 ], [ -72.61416, -8.89942 ], [ -72.6198, -8.90239 ], [ -72.62512, -8.92046 ], [ -72.63679, -8.93009 ], [ -72.63737, -8.94348 ], [ -72.64117, -8.94301 ], [ -72.65862, -8.94638 ], [ -72.66235, -8.95486 ], [ -72.67297, -8.95719 ], [ -72.67393, -8.96612 ], [ -72.67859, -8.97076 ], [ -72.69328, -8.97292 ], [ -72.71205, -8.9822 ], [ -72.71823, -8.97958 ], [ -72.72446, -8.98342 ], [ -72.72888, -8.97892 ], [ -72.7327, -8.96544 ], [ -72.73561, -8.96731 ], [ -72.73346, -8.97556 ], [ -72.73588, -8.97834 ], [ -72.74262, -8.97305 ], [ -72.7374, -8.97844 ], [ -72.74857, -8.99841 ], [ -72.73776, -9.0802 ], [ -72.75451, -9.14119 ], [ -72.78222, -9.12571 ], [ -72.79228, -9.13883 ], [ -72.76396, -9.17556 ], [ -72.77345, -9.23704 ], [ -72.79031, -9.26038 ], [ -72.79555, -9.28976 ], [ -72.79069, -9.29661 ], [ -72.76195, -9.30656 ], [ -72.754, -9.31231 ], [ -72.77772, -9.35802 ], [ -72.77098, -9.41168 ], [ -72.98012, -9.41167 ], [ -72.97991, -9.41028 ] ], [ [ -72.82904, -9.20514 ], [ -72.82899, -9.20293 ], [ -72.83529, -9.20412 ], [ -72.82904, -9.20514 ] ], [ [ -72.83039, -9.21993 ], [ -72.83864, -9.21923 ], [ -72.82869, -9.22128 ], [ -72.83039, -9.21993 ] ], [ [ -72.82614, -9.20616 ], [ -72.82639, -9.20614 ], [ -72.83039, -9.21993 ], [ -72.82614, -9.20616 ] ], [ [ -72.82748, -9.22224 ], [ -72.82782, -9.22197 ], [ -72.82806, -9.22238 ], [ -72.82748, -9.22224 ] ], [ [ -72.8288, -9.22598 ], [ -72.82945, -9.22468 ], [ -72.83261, -9.22994 ], [ -72.8288, -9.22598 ] ], [ [ -72.82523, -9.23656 ], [ -72.83007, -9.23357 ], [ -72.82537, -9.237 ], [ -72.82523, -9.23656 ] ], [ [ -72.82351, -9.25385 ], [ -72.82768, -9.25472 ], [ -72.82362, -9.254 ], [ -72.82351, -9.25385 ] ], [ [ -72.82582, -9.29759 ], [ -72.82704, -9.29562 ], [ -72.82776, -9.29765 ], [ -72.82582, -9.29759 ] ], [ [ -72.82089, -9.30649 ], [ -72.82542, -9.29822 ], [ -72.82638, -9.30005 ], [ -72.82089, -9.30649 ] ], [ [ -72.81791, -9.33092 ], [ -72.81794, -9.33086 ], [ -72.82022, -9.34053 ], [ -72.81791, -9.33092 ] ], [ [ -72.82056, -9.38399 ], [ -72.81754, -9.3647 ], [ -72.82152, -9.37745 ], [ -72.82056, -9.38399 ] ], [ [ -72.81479, -9.38678 ], [ -72.82055, -9.38406 ], [ -72.82053, -9.38414 ], [ -72.81479, -9.38678 ] ], [ [ -72.85446, -9.00285 ], [ -72.84546, -9.00173 ], [ -72.85817, -8.99213 ], [ -72.84931, -9.00036 ], [ -72.85446, -9.00285 ] ], [ [ -72.85653, -9.00492 ], [ -72.85592, -9.00356 ], [ -72.85704, -9.0041 ], [ -72.85653, -9.00492 ] ], [ [ -72.83331, -9.01579 ], [ -72.83396, -9.01551 ], [ -72.83401, -9.01653 ], [ -72.83331, -9.01579 ] ], [ [ -72.8332, -9.02198 ], [ -72.83424, -9.02054 ], [ -72.83443, -9.02401 ], [ -72.8332, -9.02198 ] ], [ [ -72.81465, -9.10742 ], [ -72.81677, -9.09997 ], [ -72.8159, -9.10685 ], [ -72.81465, -9.10742 ] ], [ [ -72.80469, -9.11444 ], [ -72.80413, -9.11549 ], [ -72.80112, -9.11192 ], [ -72.80894, -9.11001 ], [ -72.80233, -9.113 ], [ -72.80469, -9.11444 ] ], [ [ -72.81077, -9.12692 ], [ -72.80995, -9.12422 ], [ -72.81092, -9.1232 ], [ -72.81077, -9.12692 ] ], [ [ -72.81532, -9.12628 ], [ -72.81646, -9.13196 ], [ -72.8111, -9.123 ], [ -72.81532, -9.12628 ] ], [ [ -72.84354, -9.15992 ], [ -72.83501, -9.1472 ], [ -72.84363, -9.15989 ], [ -72.84354, -9.15992 ] ], [ [ -72.83962, -9.16004 ], [ -72.84299, -9.1601 ], [ -72.83985, -9.16112 ], [ -72.83962, -9.16004 ] ], [ [ -72.83541, -9.1685 ], [ -72.84056, -9.1645 ], [ -72.83579, -9.16942 ], [ -72.83541, -9.1685 ] ], [ [ -72.83051, -9.17297 ], [ -72.83341, -9.17188 ], [ -72.83197, -9.17336 ], [ -72.83051, -9.17297 ] ], [ [ -72.89904, -9.158 ], [ -72.89422, -9.16113 ], [ -72.89001, -9.16029 ], [ -72.89904, -9.158 ] ], [ [ -72.90658, -9.14595 ], [ -72.90746, -9.14202 ], [ -72.90716, -9.15547 ], [ -72.90511, -9.14493 ], [ -72.90658, -9.14595 ] ], [ [ -72.90217, -9.15311 ], [ -72.902, -9.15199 ], [ -72.90716, -9.15547 ], [ -72.90217, -9.15311 ] ], [ [ -72.90304, -9.15539 ], [ -72.90255, -9.15571 ], [ -72.9023, -9.154 ], [ -72.90442, -9.15653 ], [ -72.90402, -9.15699 ], [ -72.90304, -9.15539 ] ], [ [ -72.99001, -9.40712 ], [ -72.98274, -9.40687 ], [ -72.98104, -9.40847 ], [ -72.97957, -9.40813 ], [ -72.9793, -9.40638 ], [ -72.99001, -9.40712 ] ], [ [ -72.97419, -9.33716 ], [ -72.97473, -9.33927 ], [ -72.97408, -9.33725 ], [ -72.97419, -9.33716 ] ], [ [ -72.97146, -9.33703 ], [ -72.97125, -9.33677 ], [ -72.97489, -9.32905 ], [ -72.97146, -9.33703 ] ], [ [ -72.97526, -9.34135 ], [ -72.97531, -9.34155 ], [ -72.97504, -9.34124 ], [ -72.97526, -9.34135 ] ], [ [ -72.92508, -9.17087 ], [ -72.93645, -9.18127 ], [ -72.94332, -9.19544 ], [ -72.93905, -9.18931 ], [ -72.9091, -9.18858 ], [ -72.90018, -9.18055 ], [ -72.8967, -9.17211 ], [ -72.90734, -9.16607 ], [ -72.92508, -9.17087 ] ], [ [ -72.97766, -9.36502 ], [ -72.98057, -9.36587 ], [ -72.97732, -9.3654 ], [ -72.97766, -9.36502 ] ], [ [ -72.98242, -9.35921 ], [ -72.98221, -9.35943 ], [ -72.98205, -9.35925 ], [ -72.98242, -9.35921 ] ], [ [ -72.981, -9.35639 ], [ -72.98, -9.35646 ], [ -72.98051, -9.35558 ], [ -72.981, -9.35639 ] ], [ [ -72.97908, -9.35325 ], [ -72.97996, -9.35469 ], [ -72.97404, -9.35331 ], [ -72.97908, -9.35325 ] ], [ [ -72.967, -9.34578 ], [ -72.96889, -9.34717 ], [ -72.9666, -9.34663 ], [ -72.967, -9.34578 ] ], [ [ -72.97986, -9.33455 ], [ -72.98134, -9.33141 ], [ -72.98242, -9.33064 ], [ -72.97986, -9.33455 ] ], [ [ -72.98447, -9.24958 ], [ -72.98506, -9.26795 ], [ -72.98435, -9.24947 ], [ -72.98447, -9.24958 ] ], [ [ -72.89705, -9.11501 ], [ -72.88828, -9.11373 ], [ -72.89726, -9.11342 ], [ -72.89705, -9.11501 ] ], [ [ -72.89917, -9.1027 ], [ -72.89899, -9.10101 ], [ -72.89661, -9.10033 ], [ -72.90306, -9.10105 ], [ -72.89917, -9.1027 ] ], [ [ -72.89474, -9.09979 ], [ -72.89428, -9.09966 ], [ -72.90023, -9.09698 ], [ -72.89474, -9.09979 ] ], [ [ -72.90288, -9.09099 ], [ -72.90312, -9.09156 ], [ -72.90075, -9.096 ], [ -72.90288, -9.09099 ] ], [ [ -72.90097, -9.08805 ], [ -72.90039, -9.08512 ], [ -72.902, -9.0889 ], [ -72.90097, -9.08805 ] ], [ [ -72.85763, -9.03736 ], [ -72.85794, -9.03591 ], [ -72.85857, -9.03727 ], [ -72.85763, -9.03736 ] ], [ [ -72.87458, -9.0234 ], [ -72.86866, -9.01956 ], [ -72.87506, -9.02272 ], [ -72.87458, -9.0234 ] ], [ [ -72.86505, -9.02273 ], [ -72.8603, -9.02442 ], [ -72.86866, -9.01956 ], [ -72.86505, -9.02273 ] ], [ [ -72.86672, -9.02728 ], [ -72.86458, -9.03015 ], [ -72.86305, -9.03001 ], [ -72.86672, -9.02728 ] ], [ [ -72.8671, -9.02678 ], [ -72.86698, -9.02695 ], [ -72.8654, -9.02342 ], [ -72.8671, -9.02678 ] ], [ [ -72.90432, -9.14438 ], [ -72.89681, -9.14846 ], [ -72.89523, -9.14758 ], [ -72.90331, -9.14369 ], [ -72.90432, -9.14438 ] ], [ [ -72.89063, -9.14504 ], [ -72.89158, -9.14303 ], [ -72.89366, -9.14672 ], [ -72.89063, -9.14504 ] ], [ [ -72.89188, -9.14239 ], [ -72.89338, -9.14492 ], [ -72.89163, -9.14291 ], [ -72.89188, -9.14239 ] ], [ [ -72.89096, -9.13977 ], [ -72.89099, -9.13957 ], [ -72.895, -9.14119 ], [ -72.89096, -9.13977 ] ], [ [ -72.89304, -9.12584 ], [ -72.89348, -9.13585 ], [ -72.89107, -9.13907 ], [ -72.89304, -9.12584 ] ], [ [ -72.89142, -9.10533 ], [ -72.89412, -9.10484 ], [ -72.89247, -9.10554 ], [ -72.89142, -9.10533 ] ], [ [ -72.89964, -9.08133 ], [ -72.90324, -9.07922 ], [ -72.8999, -9.08262 ], [ -72.89964, -9.08133 ] ], [ [ -72.8953, -9.08299 ], [ -72.89401, -9.08719 ], [ -72.89286, -9.07701 ], [ -72.8953, -9.08299 ] ], [ [ -72.88451, -9.05983 ], [ -72.88549, -9.0613 ], [ -72.88007, -9.06505 ], [ -72.88451, -9.05983 ] ], [ [ -72.83677, -9.00735 ], [ -72.83428, -8.9947 ], [ -72.83669, -8.99019 ], [ -72.83732, -8.99222 ], [ -72.83459, -8.99567 ], [ -72.84024, -8.9948 ], [ -72.83607, -8.99675 ], [ -72.8377, -9.00779 ], [ -72.83677, -9.00735 ] ], [ [ -72.83646, -8.98945 ], [ -72.8308, -8.97939 ], [ -72.83412, -8.98185 ], [ -72.83646, -8.98945 ] ], [ [ -72.82512, -8.97518 ], [ -72.82393, -8.97483 ], [ -72.82421, -8.97451 ], [ -72.82512, -8.97518 ] ], [ [ -72.80675, -8.97648 ], [ -72.80237, -8.98534 ], [ -72.80226, -8.9851 ], [ -72.80675, -8.97648 ] ], [ [ -72.80456, -8.96381 ], [ -72.80446, -8.9639 ], [ -72.79585, -8.95275 ], [ -72.80456, -8.96381 ] ], [ [ -72.79762, -8.94872 ], [ -72.79213, -8.95296 ], [ -72.79781, -8.94837 ], [ -72.79762, -8.94872 ] ], [ [ -72.79292, -8.96071 ], [ -72.79268, -8.96089 ], [ -72.79206, -8.95953 ], [ -72.79292, -8.96071 ] ], [ [ -72.78102, -8.93741 ], [ -72.7858, -8.94212 ], [ -72.79162, -8.93989 ], [ -72.79806, -8.94595 ], [ -72.7995, -8.94537 ], [ -72.79842, -8.94728 ], [ -72.79609, -8.94541 ], [ -72.78939, -8.94793 ], [ -72.79091, -8.95343 ], [ -72.78945, -8.95373 ], [ -72.78841, -8.95144 ], [ -72.78465, -8.95075 ], [ -72.78102, -8.93741 ] ], [ [ -72.78457, -8.95074 ], [ -72.77949, -8.94981 ], [ -72.77837, -8.9482 ], [ -72.78457, -8.95074 ] ], [ [ -72.77566, -8.94429 ], [ -72.77489, -8.94318 ], [ -72.77504, -8.94263 ], [ -72.77566, -8.94429 ] ], [ [ -72.77104, -8.93897 ], [ -72.76994, -8.93871 ], [ -72.77064, -8.93851 ], [ -72.77104, -8.93897 ] ], [ [ -72.76743, -8.93946 ], [ -72.76469, -8.94246 ], [ -72.76555, -8.94001 ], [ -72.76743, -8.93946 ] ], [ [ -72.7607, -8.95379 ], [ -72.76007, -8.95612 ], [ -72.75972, -8.95659 ], [ -72.7607, -8.95379 ] ], [ [ -72.75363, -8.96487 ], [ -72.75223, -8.9744 ], [ -72.75154, -8.9743 ], [ -72.75363, -8.96487 ] ], [ [ -72.80889, -9.14553 ], [ -72.80886, -9.14548 ], [ -72.81307, -9.13456 ], [ -72.80889, -9.14553 ] ], [ [ -72.79762, -9.16075 ], [ -72.79925, -9.15709 ], [ -72.80346, -9.15574 ], [ -72.79762, -9.16075 ] ], [ [ -72.78927, -9.16345 ], [ -72.78979, -9.16132 ], [ -72.79076, -9.16125 ], [ -72.78927, -9.16345 ] ], [ [ -72.8007, -9.10401 ], [ -72.8007, -9.11142 ], [ -72.79989, -9.11046 ], [ -72.8007, -9.10401 ] ], [ [ -72.77742, -9.05426 ], [ -72.77432, -9.06058 ], [ -72.77417, -9.05637 ], [ -72.77742, -9.05426 ] ], [ [ -72.77751, -9.05407 ], [ -72.77749, -9.0541 ], [ -72.77601, -9.05053 ], [ -72.77751, -9.05407 ] ], [ [ -72.76979, -9.04866 ], [ -72.76892, -9.04715 ], [ -72.77522, -9.04866 ], [ -72.76979, -9.04866 ] ], [ [ -72.76458, -9.02279 ], [ -72.76764, -9.0258 ], [ -72.76498, -9.02533 ], [ -72.76458, -9.02279 ] ], [ [ -72.77268, -9.02421 ], [ -72.76456, -9.0227 ], [ -72.76452, -9.02247 ], [ -72.77268, -9.02421 ] ], [ [ -72.78198, -9.01648 ], [ -72.78179, -9.01655 ], [ -72.77682, -9.01243 ], [ -72.78198, -9.01648 ] ], [ [ -72.76901, -8.89769 ], [ -72.77092, -8.89655 ], [ -72.7724, -8.89684 ], [ -72.76901, -8.89769 ] ], [ [ -72.78178, -8.91863 ], [ -72.76696, -8.89891 ], [ -72.76748, -8.8986 ], [ -72.78178, -8.91863 ] ], [ [ -72.78097, -8.93724 ], [ -72.78046, -8.93534 ], [ -72.78178, -8.91863 ], [ -72.78097, -8.93724 ] ], [ [ -72.76409, -8.93801 ], [ -72.76666, -8.93564 ], [ -72.76757, -8.93588 ], [ -72.76409, -8.93801 ] ], [ [ -72.77034, -8.93659 ], [ -72.77304, -8.93728 ], [ -72.7735, -8.93851 ], [ -72.77034, -8.93659 ] ], [ [ -72.75801, -8.81591 ], [ -72.75322, -8.81601 ], [ -72.75358, -8.81507 ], [ -72.75801, -8.81591 ] ], [ [ -72.73275, -8.80897 ], [ -72.71186, -8.8119 ], [ -72.71395, -8.80968 ], [ -72.73275, -8.80897 ] ], [ [ -72.70293, -8.81316 ], [ -72.69174, -8.81924 ], [ -72.69324, -8.81783 ], [ -72.70293, -8.81316 ] ], [ [ -72.68653, -8.82414 ], [ -72.67636, -8.83806 ], [ -72.68091, -8.82944 ], [ -72.68653, -8.82414 ] ] ] } },
{ "type": "Feature", "properties": { "cluster": 153.0, "hvi": 0.1095, "population": 664, "setores": 2, "municipio": "Marechal Thaumaturgo" }, "geometry": { "type": "Polygon", "coordinates": [ [ [ -72.9252, -9.19065 ], [ -72.93578, -9.18795 ], [ -72.93203, -9.185 ], [ -72.93871, -9.18918 ], [ -72.94039, -9.18601 ], [ -72.92508, -9.17087 ], [ -72.90797, -9.16572 ], [ -72.8967, -9.17211 ], [ -72.90498, -9.18577 ], [ -72.9252, -9.19065 ] ] ] } },
{ "type": "Feature", "properties": { "cluster": 154.0, "hvi": 0.0921, "population": 1012, "setores": 13, "municipio": "Marechal Thaumaturgo" }, "geometry": { "type": "MultiPolygon", "coordinates": [ [ [ [ -72.65321, -9.44793 ], [ -72.65424, -9.44571 ], [ -72.65457, -9.45212 ], [ -72.65841, -9.44992 ], [ -72.65719, -9.44638 ], [ -72.66314, -9.44774 ], [ -72.66454, -9.44223 ], [ -72.66747, -9.44319 ], [ -72.6665, -9.44033 ], [ -72.66927, -9.44288 ], [ -72.66853, -9.43736 ], [ -72.67848, -9.43961 ], [ -72.68163, -9.43779 ], [ -72.67926, -9.43508 ], [ -72.68896, -9.43076 ], [ -72.69094, -9.43162 ], [ -72.68525, -9.43677 ], [ -72.69354, -9.43503 ], [ -72.69292, -9.43866 ], [ -72.69641, -9.43848 ], [ -72.69561, -9.43367 ], [ -72.70087, -9.43598 ], [ -72.69912, -9.42926 ], [ -72.70605, -9.43343 ], [ -72.70471, -9.42968 ], [ -72.70669, -9.43153 ], [ -72.71302, -9.42916 ], [ -72.70568, -9.42388 ], [ -72.71199, -9.42685 ], [ -72.71801, -9.4226 ], [ -72.71827, -9.41658 ], [ -72.70845, -9.4124 ], [ -72.71587, -9.41382 ], [ -72.71328, -9.40325 ], [ -72.70715, -9.39057 ], [ -72.69533, -9.38846 ], [ -72.69411, -9.38463 ], [ -72.70415, -9.38008 ], [ -72.71825, -9.38424 ], [ -72.70943, -9.37136 ], [ -72.71376, -9.36609 ], [ -72.7232, -9.37031 ], [ -72.72542, -9.37664 ], [ -72.73791, -9.36964 ], [ -72.72952, -9.36337 ], [ -72.72708, -9.35382 ], [ -72.72103, -9.35704 ], [ -72.71776, -9.35521 ], [ -72.72281, -9.3491 ], [ -72.7177, -9.34771 ], [ -72.71492, -9.35321 ], [ -72.70871, -9.35249 ], [ -72.70893, -9.34777 ], [ -72.71331, -9.34472 ], [ -72.71065, -9.34155 ], [ -72.70266, -9.34211 ], [ -72.69211, -9.33328 ], [ -72.68956, -9.34111 ], [ -72.68511, -9.33778 ], [ -72.68461, -9.32634 ], [ -72.69253, -9.31604 ], [ -72.68484, -9.30783 ], [ -72.61433, -9.36489 ], [ -72.69017, -9.30328 ], [ -72.68615, -9.29726 ], [ -72.68874, -9.29861 ], [ -72.68876, -9.29349 ], [ -72.68092, -9.28698 ], [ -72.68642, -9.28121 ], [ -72.68387, -9.27855 ], [ -72.67789, -9.28249 ], [ -72.67807, -9.27846 ], [ -72.68959, -9.27801 ], [ -72.69938, -9.26993 ], [ -72.70872, -9.27103 ], [ -72.71155, -9.26773 ], [ -72.69767, -9.26505 ], [ -72.68796, -9.26745 ], [ -72.68094, -9.26547 ], [ -72.67974, -9.26202 ], [ -72.68693, -9.25913 ], [ -72.69368, -9.26302 ], [ -72.69141, -9.2528 ], [ -72.69894, -9.24357 ], [ -72.69646, -9.23115 ], [ -72.70268, -9.22825 ], [ -72.70207, -9.21662 ], [ -72.72273, -9.22546 ], [ -72.71888, -9.20635 ], [ -72.72116, -9.20038 ], [ -72.70945, -9.20274 ], [ -72.71176, -9.18618 ], [ -72.69727, -9.17615 ], [ -72.69909, -9.17244 ], [ -72.70822, -9.17249 ], [ -72.70686, -9.15923 ], [ -72.71378, -9.15137 ], [ -72.6881, -9.15745 ], [ -72.68596, -9.14985 ], [ -72.68231, -9.14789 ], [ -72.67683, -9.15304 ], [ -72.68097, -9.15556 ], [ -72.68018, -9.15849 ], [ -72.68447, -9.15888 ], [ -72.68072, -9.16167 ], [ -72.68323, -9.1669 ], [ -72.67857, -9.17386 ], [ -72.6845, -9.17829 ], [ -72.67363, -9.18222 ], [ -72.67162, -9.18818 ], [ -72.66933, -9.18408 ], [ -72.66369, -9.18958 ], [ -72.66226, -9.18604 ], [ -72.65879, -9.18568 ], [ -72.65863, -9.1885 ], [ -72.65362, -9.18683 ], [ -72.6514, -9.19416 ], [ -72.64922, -9.19561 ], [ -72.64622, -9.19254 ], [ -72.64218, -9.19923 ], [ -72.63297, -9.19012 ], [ -72.62702, -9.20097 ], [ -72.62891, -9.20383 ], [ -72.62402, -9.20901 ], [ -72.61657, -9.20442 ], [ -72.61351, -9.20919 ], [ -72.60636, -9.21111 ], [ -72.60327, -9.20456 ], [ -72.59236, -9.20715 ], [ -72.59216, -9.20373 ], [ -72.58853, -9.20658 ], [ -72.58765, -9.20078 ], [ -72.58297, -9.20732 ], [ -72.5753, -9.2039 ], [ -72.56853, -9.20737 ], [ -72.56525, -9.20386 ], [ -72.56131, -9.21131 ], [ -72.5581, -9.20963 ], [ -72.56156, -9.2155 ], [ -72.55527, -9.21793 ], [ -72.5535, -9.21473 ], [ -72.55247, -9.21871 ], [ -72.54746, -9.21829 ], [ -72.54856, -9.22124 ], [ -72.53009, -9.2305 ], [ -72.53362, -9.23306 ], [ -72.52855, -9.23739 ], [ -72.5309, -9.2408 ], [ -72.52611, -9.24221 ], [ -72.52363, -9.25023 ], [ -72.51918, -9.25295 ], [ -72.50955, -9.25037 ], [ -72.50776, -9.25472 ], [ -72.50483, -9.24987 ], [ -72.50227, -9.25096 ], [ -72.50452, -9.25304 ], [ -72.50112, -9.25113 ], [ -72.50197, -9.24679 ], [ -72.49794, -9.24932 ], [ -72.49447, -9.24613 ], [ -72.4933, -9.24903 ], [ -72.48954, -9.24729 ], [ -72.48953, -9.25079 ], [ -72.47953, -9.25804 ], [ -72.45799, -9.26091 ], [ -72.45152, -9.27396 ], [ -72.44721, -9.27624 ], [ -72.43404, -9.27564 ], [ -72.42961, -9.27875 ], [ -72.41249, -9.30761 ], [ -72.39872, -9.30964 ], [ -72.37574, -9.30641 ], [ -72.35407, -9.32257 ], [ -72.34293, -9.32269 ], [ -72.32426, -9.33191 ], [ -72.31228, -9.34687 ], [ -72.31229, -9.3781 ], [ -72.31673, -9.44697 ], [ -72.32416, -9.45768 ], [ -72.33075, -9.45204 ], [ -72.34739, -9.44617 ], [ -72.37198, -9.46939 ], [ -72.38606, -9.4619 ], [ -72.38845, -9.45614 ], [ -72.39529, -9.4527 ], [ -72.39361, -9.44399 ], [ -72.40115, -9.44283 ], [ -72.4072, -9.43765 ], [ -72.40775, -9.42889 ], [ -72.41645, -9.429 ], [ -72.42388, -9.42483 ], [ -72.43271, -9.42661 ], [ -72.43888, -9.43318 ], [ -72.44736, -9.43163 ], [ -72.46687, -9.44672 ], [ -72.48326, -9.44754 ], [ -72.49476, -9.45574 ], [ -72.50172, -9.46695 ], [ -72.53244, -9.46126 ], [ -72.54529, -9.4514 ], [ -72.55027, -9.45848 ], [ -72.54841, -9.45758 ], [ -72.54934, -9.46569 ], [ -72.55248, -9.46535 ], [ -72.55473, -9.47048 ], [ -72.55478, -9.46491 ], [ -72.56035, -9.47284 ], [ -72.56094, -9.46325 ], [ -72.56672, -9.46594 ], [ -72.56761, -9.4594 ], [ -72.56962, -9.46285 ], [ -72.57727, -9.46353 ], [ -72.57515, -9.45597 ], [ -72.57908, -9.45981 ], [ -72.58526, -9.45986 ], [ -72.58427, -9.45839 ], [ -72.59371, -9.45372 ], [ -72.59867, -9.45623 ], [ -72.59668, -9.45043 ], [ -72.60019, -9.45604 ], [ -72.61134, -9.44917 ], [ -72.61751, -9.45251 ], [ -72.61316, -9.44858 ], [ -72.61398, -9.44768 ], [ -72.61995, -9.45089 ], [ -72.62083, -9.4503 ], [ -72.61968, -9.44854 ], [ -72.62349, -9.45002 ], [ -72.62095, -9.44667 ], [ -72.62567, -9.44427 ], [ -72.62451, -9.44692 ], [ -72.62694, -9.44749 ], [ -72.62696, -9.44233 ], [ -72.63049, -9.4454 ], [ -72.64692, -9.44209 ], [ -72.64338, -9.44466 ], [ -72.64587, -9.44469 ], [ -72.6452, -9.44768 ], [ -72.65189, -9.44523 ], [ -72.65321, -9.44793 ] ], [ [ -72.70358, -9.42654 ], [ -72.70322, -9.42553 ], [ -72.70568, -9.42388 ], [ -72.70358, -9.42654 ] ], [ [ -72.59236, -9.45009 ], [ -72.59276, -9.45013 ], [ -72.58157, -9.45436 ], [ -72.59236, -9.45009 ] ], [ [ -72.61488, -9.44667 ], [ -72.61563, -9.44696 ], [ -72.61443, -9.44717 ], [ -72.61488, -9.44667 ] ], [ [ -72.65397, -9.44067 ], [ -72.65403, -9.44175 ], [ -72.65158, -9.44115 ], [ -72.65397, -9.44067 ] ], [ [ -72.67205, -9.30452 ], [ -72.67006, -9.30198 ], [ -72.68077, -9.30172 ], [ -72.67386, -9.30398 ], [ -72.67396, -9.30285 ], [ -72.67205, -9.30452 ] ], [ [ -72.68353, -9.30048 ], [ -72.68587, -9.29712 ], [ -72.68405, -9.30771 ], [ -72.68353, -9.30048 ] ] ], [ [ [ -72.71756, -9.37739 ], [ -72.71751, -9.37411 ], [ -72.7122, -9.37257 ], [ -72.71756, -9.37739 ] ] ] ] } },
{ "type": "Feature", "properties": { "cluster": 155.0, "hvi": 0.1085, "population": 440, "setores": 1, "municipio": "Marechal Thaumaturgo" }, "geometry": { "type": "Polygon", "coordinates": [ [ [ -72.81338, -8.78837 ], [ -72.83288, -8.78478 ], [ -72.82042, -8.75942 ], [ -72.81745, -8.7607 ], [ -72.81229, -8.7761 ], [ -72.81338, -8.78837 ] ] ] } },
{ "type": "Feature", "properties": { "cluster": 156.0, "hvi": 0.1584, "population": 1676, "setores": 2, "municipio": "Marechal Thaumaturgo" }, "geometry": { "type": "Polygon", "coordinates": [ [ [ -72.78913, -8.9448 ], [ -72.78509, -8.94272 ], [ -72.78096, -8.93736 ], [ -72.78389, -8.94466 ], [ -72.78953, -8.94513 ], [ -72.79552, -8.94314 ], [ -72.78494, -8.94123 ], [ -72.78913, -8.9448 ] ] ] } },
{ "type": "Feature", "properties": { "cluster": 157.0, "hvi": 0.0972, "population": 0, "setores": 1, "municipio": "Marechal Thaumaturgo" }, "geometry": { "type": "Polygon", "coordinates": [ [ [ -72.54349, -9.46492 ], [ -72.54552, -9.4646 ], [ -72.54461, -9.46404 ], [ -72.54349, -9.46492 ] ] ] } },
{ "type": "Feature", "properties": { "cluster": 158.0, "hvi": 0.0849, "population": 33, "setores": 1, "municipio": "Marechal Thaumaturgo" }, "geometry": { "type": "Polygon", "coordinates": [ [ [ -72.54272, -9.47245 ], [ -72.54016, -9.46639 ], [ -72.53886, -9.47265 ], [ -72.54272, -9.47245 ] ] ] } },
{ "type": "Feature", "properties": { "cluster": 159.0, "hvi": 0.0844, "population": 23, "setores": 1, "municipio": "Marechal Thaumaturgo" }, "geometry": { "type": "Polygon", "coordinates": [ [ [ -72.50821, -9.48529 ], [ -72.51186, -9.48252 ], [ -72.50734, -9.48233 ], [ -72.50821, -9.48529 ] ] ] } },
{ "type": "Feature", "properties": { "cluster": 160.0, "hvi": 0.0972, "population": 0, "setores": 1, "municipio": "Marechal Thaumaturgo" }, "geometry": { "type": "Polygon", "coordinates": [ [ [ -72.48613, -9.47826 ], [ -72.4894, -9.47722 ], [ -72.48667, -9.47646 ], [ -72.48613, -9.47826 ] ] ] } },
{ "type": "Feature", "properties": { "cluster": 161.0, "hvi": 0.0867, "population": 66, "setores": 1, "municipio": "Marechal Thaumaturgo" }, "geometry": { "type": "Polygon", "coordinates": [ [ [ -72.45151, -9.48539 ], [ -72.45389, -9.48595 ], [ -72.45539, -9.48476 ], [ -72.45473, -9.48278 ], [ -72.44614, -9.47933 ], [ -72.44452, -9.48264 ], [ -72.44693, -9.48086 ], [ -72.45343, -9.48427 ], [ -72.45151, -9.48539 ] ] ] } },
{ "type": "Feature", "properties": { "cluster": 162.0, "hvi": 0.1111, "population": 2790, "setores": 5, "municipio": "Plácido de Castro" }, "geometry": { "type": "MultiPolygon", "coordinates": [ [ [ [ -67.18683, -10.33087 ], [ -67.18776, -10.31868 ], [ -67.18522, -10.33075 ], [ -67.18683, -10.33087 ] ] ], [ [ [ -67.18575, -10.32362 ], [ -67.18788, -10.31798 ], [ -67.18317, -10.3222 ], [ -67.18638, -10.31802 ], [ -67.18124, -10.317 ], [ -67.17977, -10.3202 ], [ -67.18132, -10.32118 ], [ -67.1809, -10.32782 ], [ -67.18544, -10.32793 ], [ -67.18575, -10.32362 ] ] ], [ [ [ -67.1809, -10.32782 ], [ -67.17977, -10.3202 ], [ -67.17852, -10.32778 ], [ -67.1809, -10.32782 ] ] ] ] } },
{ "type": "Feature", "properties": { "cluster": 163.0, "hvi": 0.1013, "population": 2874, "setores": 7, "municipio": "Plácido de Castro" }, "geometry": { "type": "MultiPolygon", "coordinates": [ [ [ [ -67.54744, -10.33225 ], [ -67.59866, -10.30699 ], [ -67.5737, -10.29389 ], [ -67.52724, -10.27413 ], [ -67.53371, -10.27601 ], [ -67.52166, -10.24325 ], [ -67.51404, -10.23133 ], [ -67.51573, -10.21665 ], [ -67.51144, -10.21162 ], [ -67.51685, -10.18994 ], [ -67.50882, -10.17481 ], [ -67.52937, -10.12112 ], [ -67.53032, -10.11586 ], [ -67.52458, -10.107 ], [ -67.53709, -10.09612 ], [ -67.5284, -10.08626 ], [ -67.4706, -10.11318 ], [ -67.4285, -10.0961 ], [ -67.42974, -10.12575 ], [ -67.44182, -10.16161 ], [ -67.46032, -10.17807 ], [ -67.46435, -10.19262 ], [ -67.4716, -10.20633 ], [ -67.48075, -10.21391 ], [ -67.47304, -10.20768 ], [ -67.42177, -10.22716 ], [ -67.45177, -10.31319 ], [ -67.44976, -10.33211 ], [ -67.39487, -10.33198 ], [ -67.3851, -10.32761 ], [ -67.36463, -10.35596 ], [ -67.3649, -10.36577 ], [ -67.34669, -10.37331 ], [ -67.34012, -10.378 ], [ -67.34428, -10.3759 ], [ -67.34733, -10.37935 ], [ -67.35109, -10.37858 ], [ -67.35477, -10.38397 ], [ -67.35146, -10.39273 ], [ -67.35631, -10.39337 ], [ -67.35932, -10.38584 ], [ -67.36258, -10.38496 ], [ -67.36381, -10.37759 ], [ -67.36866, -10.37602 ], [ -67.37157, -10.38133 ], [ -67.37873, -10.38321 ], [ -67.38114, -10.38115 ], [ -67.38308, -10.38423 ], [ -67.38352, -10.37924 ], [ -67.39177, -10.3781 ], [ -67.39378, -10.37456 ], [ -67.39583, -10.37806 ], [ -67.40038, -10.37157 ], [ -67.40685, -10.37263 ], [ -67.42379, -10.3914 ], [ -67.42159, -10.39767 ], [ -67.41875, -10.39674 ], [ -67.41382, -10.40144 ], [ -67.41556, -10.40566 ], [ -67.41122, -10.41852 ], [ -67.41324, -10.42579 ], [ -67.41915, -10.42928 ], [ -67.4258, -10.42666 ], [ -67.42955, -10.42868 ], [ -67.43335, -10.43401 ], [ -67.43502, -10.44617 ], [ -67.44311, -10.45259 ], [ -67.46588, -10.45534 ], [ -67.47819, -10.46778 ], [ -67.496, -10.47414 ], [ -67.51578, -10.48454 ], [ -67.52248, -10.49163 ], [ -67.54564, -10.49517 ], [ -67.56244, -10.50359 ], [ -67.56735, -10.50951 ], [ -67.57835, -10.5022 ], [ -67.59024, -10.51077 ], [ -67.60872, -10.50597 ], [ -67.61211, -10.49098 ], [ -67.62022, -10.48069 ], [ -67.62997, -10.4801 ], [ -67.63138, -10.48233 ], [ -67.63984, -10.47841 ], [ -67.65035, -10.48276 ], [ -67.67576, -10.4787 ], [ -67.71147, -10.44164 ], [ -67.69692, -10.41889 ], [ -67.68687, -10.41086 ], [ -67.6843, -10.39706 ], [ -67.67926, -10.39031 ], [ -67.6687, -10.39107 ], [ -67.65886, -10.3989 ], [ -67.64671, -10.39054 ], [ -67.63691, -10.36693 ], [ -67.63757, -10.35082 ], [ -67.62584, -10.34292 ], [ -67.62729, -10.33359 ], [ -67.62075, -10.32833 ], [ -67.62418, -10.32029 ], [ -67.6117, -10.31463 ], [ -67.61175, -10.30313 ], [ -67.54744, -10.33225 ] ], [ [ -67.50531, -10.26479 ], [ -67.50456, -10.26447 ], [ -67.50443, -10.26415 ], [ -67.50531, -10.26479 ] ], [ [ -67.50138, -10.25631 ], [ -67.50071, -10.2546 ], [ -67.50074, -10.25434 ], [ -67.50138, -10.25631 ] ], [ [ -67.50123, -10.24995 ], [ -67.50196, -10.24338 ], [ -67.50207, -10.24362 ], [ -67.50123, -10.24995 ] ], [ [ -67.49759, -10.23371 ], [ -67.48328, -10.22291 ], [ -67.48324, -10.22278 ], [ -67.49759, -10.23371 ] ] ], [ [ [ -67.47461, -9.99722 ], [ -67.46644, -9.99046 ], [ -67.45172, -9.98816 ], [ -67.45025, -9.98324 ], [ -67.44859, -9.98456 ], [ -67.4498, -9.96618 ], [ -67.45487, -9.961 ], [ -67.44277, -9.94852 ], [ -67.41449, -9.94616 ], [ -67.43639, -9.94656 ], [ -67.43589, -9.94517 ], [ -67.4302, -9.94591 ], [ -67.42886, -9.94112 ], [ -67.42142, -9.9399 ], [ -67.42136, -9.93516 ], [ -67.418, -9.93453 ], [ -67.41844, -9.92693 ], [ -67.42232, -9.92313 ], [ -67.41827, -9.91322 ], [ -67.41514, -9.91214 ], [ -67.41583, -9.90748 ], [ -67.41122, -9.908 ], [ -67.40899, -9.90403 ], [ -67.40085, -9.90583 ], [ -67.39577, -9.90015 ], [ -67.38231, -9.90789 ], [ -67.3772, -9.90164 ], [ -67.36751, -9.90394 ], [ -67.36919, -9.9007 ], [ -67.35468, -9.89371 ], [ -67.36058, -9.88031 ], [ -67.35834, -9.87432 ], [ -67.35274, -9.87228 ], [ -67.35405, -9.86954 ], [ -67.34663, -9.86336 ], [ -67.33447, -9.86133 ], [ -67.33517, -9.85501 ], [ -67.32791, -9.85075 ], [ -67.32186, -9.84915 ], [ -67.31611, -9.85319 ], [ -67.31449, -9.84647 ], [ -67.30736, -9.84988 ], [ -67.3074, -9.84683 ], [ -67.28916, -9.83716 ], [ -67.28681, -9.83251 ], [ -67.28927, -9.82876 ], [ -67.28562, -9.82932 ], [ -67.27405, -9.83797 ], [ -67.26833, -9.84801 ], [ -67.27042, -9.85917 ], [ -67.26442, -9.86935 ], [ -67.264, -9.88232 ], [ -67.2414, -9.89181 ], [ -67.2414, -9.89865 ], [ -67.24684, -9.90604 ], [ -67.25745, -9.90743 ], [ -67.25898, -9.91162 ], [ -67.26025, -9.94645 ], [ -67.25002, -9.95226 ], [ -67.24843, -9.9637 ], [ -67.23473, -9.96772 ], [ -67.2264, -10.00302 ], [ -67.2158, -10.01059 ], [ -67.2442, -10.02434 ], [ -67.29789, -10.06206 ], [ -67.3461, -10.06158 ], [ -67.4706, -10.11318 ], [ -67.54382, -10.07905 ], [ -67.53832, -10.07928 ], [ -67.5329, -10.07212 ], [ -67.51871, -10.06673 ], [ -67.51875, -10.05836 ], [ -67.51417, -10.05695 ], [ -67.51448, -10.05197 ], [ -67.50709, -10.04864 ], [ -67.51078, -10.04286 ], [ -67.50776, -10.03771 ], [ -67.51068, -10.03325 ], [ -67.4976, -10.02606 ], [ -67.49039, -10.01537 ], [ -67.48504, -10.01284 ], [ -67.48271, -10.01507 ], [ -67.48009, -10.00929 ], [ -67.47316, -10.00693 ], [ -67.47461, -9.99722 ] ] ] ] } },
{ "type": "Feature", "properties": { "cluster": 164.0, "hvi": 0.0936, "population": 1085, "setores": 5, "municipio": "Plácido de Castro" }, "geometry": { "type": "Polygon", "coordinates": [ [ [ -67.39283, -10.3316 ], [ -67.44975, -10.33213 ], [ -67.45177, -10.31319 ], [ -67.42177, -10.22716 ], [ -67.47304, -10.20768 ], [ -67.46398, -10.19182 ], [ -67.46032, -10.17807 ], [ -67.44182, -10.16161 ], [ -67.42974, -10.12575 ], [ -67.4285, -10.0961 ], [ -67.38781, -10.07902 ], [ -67.3735, -10.09482 ], [ -67.25503, -10.18196 ], [ -67.25553, -10.17905 ], [ -67.2493, -10.1834 ], [ -67.2513, -10.18752 ], [ -67.25437, -10.18585 ], [ -67.26916, -10.2173 ], [ -67.28363, -10.22927 ], [ -67.33706, -10.16716 ], [ -67.37314, -10.1374 ], [ -67.39914, -10.16376 ], [ -67.36901, -10.18954 ], [ -67.41824, -10.32606 ], [ -67.38049, -10.22321 ], [ -67.36104, -10.22872 ], [ -67.35586, -10.23587 ], [ -67.35297, -10.25684 ], [ -67.33435, -10.28353 ], [ -67.33769, -10.28857 ], [ -67.33728, -10.30327 ], [ -67.39283, -10.3316 ] ], [ [ -67.40065, -10.11199 ], [ -67.40084, -10.10995 ], [ -67.40118, -10.10993 ], [ -67.40065, -10.11199 ] ], [ [ -67.39849, -10.12036 ], [ -67.39692, -10.12141 ], [ -67.39861, -10.11987 ], [ -67.39849, -10.12036 ] ] ] } },
{ "type": "Feature", "properties": { "cluster": 165.0, "hvi": 0.0995, "population": 2396, "setores": 7, "municipio": "Plácido de Castro" }, "geometry": { "type": "MultiPolygon", "coordinates": [ [ [ [ -67.18753, -10.33999 ], [ -67.19158, -10.33193 ], [ -67.18522, -10.33075 ], [ -67.18477, -10.33697 ], [ -67.18753, -10.33999 ] ] ], [ [ [ -67.21083, -10.32193 ], [ -67.21246, -10.32505 ], [ -67.2161, -10.32052 ], [ -67.19399, -10.3162 ], [ -67.21456, -10.31966 ], [ -67.21482, -10.3164 ], [ -67.21858, -10.32384 ], [ -67.22393, -10.31556 ], [ -67.2365, -10.31621 ], [ -67.23882, -10.32019 ], [ -67.24307, -10.31976 ], [ -67.24333, -10.32376 ], [ -67.2479, -10.32379 ], [ -67.25348, -10.32887 ], [ -67.25575, -10.32666 ], [ -67.26624, -10.3338 ], [ -67.26871, -10.32701 ], [ -67.27851, -10.32096 ], [ -67.28907, -10.31989 ], [ -67.291, -10.32445 ], [ -67.29464, -10.32612 ], [ -67.29605, -10.32106 ], [ -67.30053, -10.32034 ], [ -67.30296, -10.32412 ], [ -67.30925, -10.31997 ], [ -67.31132, -10.3217 ], [ -67.31424, -10.31861 ], [ -67.31453, -10.30287 ], [ -67.24, -10.30145 ], [ -67.24065, -10.27965 ], [ -67.27462, -10.23979 ], [ -67.25873, -10.23785 ], [ -67.25734, -10.25086 ], [ -67.25189, -10.25549 ], [ -67.24557, -10.25488 ], [ -67.24244, -10.25106 ], [ -67.24005, -10.25372 ], [ -67.23392, -10.24769 ], [ -67.22226, -10.25502 ], [ -67.21788, -10.25386 ], [ -67.2211, -10.25881 ], [ -67.21641, -10.2592 ], [ -67.21211, -10.26865 ], [ -67.20698, -10.26666 ], [ -67.20561, -10.27611 ], [ -67.2037, -10.27311 ], [ -67.20135, -10.27443 ], [ -67.20198, -10.27211 ], [ -67.19536, -10.27274 ], [ -67.19479, -10.27653 ], [ -67.19082, -10.27474 ], [ -67.19341, -10.27886 ], [ -67.19013, -10.28014 ], [ -67.18686, -10.33026 ], [ -67.19394, -10.3291 ], [ -67.19631, -10.32354 ], [ -67.20236, -10.32161 ], [ -67.20882, -10.32422 ], [ -67.21083, -10.32193 ] ], [ [ -67.19286, -10.3175 ], [ -67.1931, -10.31724 ], [ -67.18731, -10.32453 ], [ -67.19286, -10.3175 ] ], [ [ -67.22175, -10.30117 ], [ -67.22244, -10.30118 ], [ -67.21448, -10.30363 ], [ -67.22175, -10.30117 ] ], [ [ -67.20286, -10.30783 ], [ -67.21342, -10.30399 ], [ -67.21391, -10.30501 ], [ -67.20286, -10.30783 ] ], [ [ -67.20034, -10.30885 ], [ -67.20096, -10.3086 ], [ -67.19499, -10.31504 ], [ -67.20034, -10.30885 ] ], [ [ -67.21548, -10.30831 ], [ -67.21689, -10.31127 ], [ -67.21516, -10.31228 ], [ -67.21548, -10.30831 ] ] ] ] } },
{ "type": "Feature", "properties": { "cluster": 166.0, "hvi": 0.1297, "population": 876, "setores": 1, "municipio": "Plácido de Castro" }, "geometry": { "type": "Polygon", "coordinates": [ [ [ -67.18372, -10.31388 ], [ -67.17549, -10.31524 ], [ -67.1707, -10.32269 ], [ -67.17862, -10.32589 ], [ -67.18372, -10.31388 ] ] ] } },
{ "type": "Feature", "properties": { "cluster": 167.0, "hvi": 0.0991, "population": 2611, "setores": 8, "municipio": "Plácido de Castro" }, "geometry": { "type": "MultiPolygon", "coordinates": [ [ [ [ -67.32416, -10.32593 ], [ -67.32804, -10.33528 ], [ -67.31555, -10.34716 ], [ -67.31606, -10.35753 ], [ -67.3194, -10.36003 ], [ -67.31632, -10.36215 ], [ -67.31745, -10.3688 ], [ -67.31026, -10.3714 ], [ -67.31082, -10.37739 ], [ -67.31718, -10.37679 ], [ -67.31984, -10.38162 ], [ -67.3217, -10.38012 ], [ -67.32305, -10.38284 ], [ -67.3253, -10.37986 ], [ -67.32976, -10.38405 ], [ -67.33271, -10.3797 ], [ -67.33799, -10.37964 ], [ -67.33883, -10.37596 ], [ -67.34012, -10.378 ], [ -67.36476, -10.36592 ], [ -67.36463, -10.35596 ], [ -67.3851, -10.32761 ], [ -67.34061, -10.30333 ], [ -67.31453, -10.30287 ], [ -67.31424, -10.31861 ], [ -67.32181, -10.32151 ], [ -67.32038, -10.32601 ], [ -67.32416, -10.32593 ] ] ], [ [ [ -67.33728, -10.30327 ], [ -67.33769, -10.28857 ], [ -67.33435, -10.28353 ], [ -67.35297, -10.25684 ], [ -67.35586, -10.23587 ], [ -67.36104, -10.22872 ], [ -67.38049, -10.22321 ], [ -67.36901, -10.18954 ], [ -67.39914, -10.16376 ], [ -67.37312, -10.13738 ], [ -67.32819, -10.17751 ], [ -67.24076, -10.27946 ], [ -67.24017, -10.30145 ], [ -67.33728, -10.30327 ] ] ], [ [ [ -67.2493, -10.1834 ], [ -67.35137, -10.11171 ], [ -67.37384, -10.09451 ], [ -67.38781, -10.07902 ], [ -67.34543, -10.06144 ], [ -67.30032, -10.06249 ], [ -67.30025, -10.08527 ], [ -67.3002, -10.0625 ], [ -67.29491, -10.07701 ], [ -67.29749, -10.0692 ], [ -67.2953, -10.06855 ], [ -67.29315, -10.07573 ], [ -67.28815, -10.07208 ], [ -67.29402, -10.06211 ], [ -67.26881, -10.04201 ], [ -67.26758, -10.04413 ], [ -67.25048, -10.02733 ], [ -67.20295, -10.0044 ], [ -67.14072, -10.11937 ], [ -67.11531, -10.11476 ], [ -67.133, -10.15025 ], [ -67.15355, -10.17713 ], [ -67.1978, -10.16283 ], [ -67.15364, -10.17716 ], [ -67.1708, -10.20887 ], [ -67.19028, -10.27245 ], [ -67.19013, -10.28014 ], [ -67.19287, -10.28078 ], [ -67.19082, -10.27474 ], [ -67.19505, -10.27646 ], [ -67.19536, -10.27274 ], [ -67.20237, -10.27222 ], [ -67.20135, -10.27443 ], [ -67.2037, -10.27311 ], [ -67.20561, -10.27611 ], [ -67.20698, -10.26666 ], [ -67.21211, -10.26865 ], [ -67.21641, -10.2592 ], [ -67.2211, -10.25881 ], [ -67.21788, -10.25386 ], [ -67.22226, -10.25502 ], [ -67.23392, -10.24769 ], [ -67.24005, -10.25372 ], [ -67.24244, -10.25106 ], [ -67.24557, -10.25488 ], [ -67.25189, -10.25549 ], [ -67.25734, -10.25086 ], [ -67.25873, -10.23785 ], [ -67.27462, -10.23979 ], [ -67.28363, -10.22927 ], [ -67.26916, -10.2173 ], [ -67.25437, -10.18585 ], [ -67.2513, -10.18752 ], [ -67.2493, -10.1834 ] ], [ [ -67.28627, -10.07862 ], [ -67.28626, -10.07832 ], [ -67.30025, -10.08527 ], [ -67.28627, -10.07862 ] ], [ [ -67.23444, -10.10125 ], [ -67.2235, -10.12017 ], [ -67.1978, -10.16283 ], [ -67.23444, -10.10125 ] ], [ [ -67.27218, -10.07234 ], [ -67.27555, -10.06884 ], [ -67.2502, -10.10784 ], [ -67.27218, -10.07234 ] ] ] ] } },
{ "type": "Feature", "properties": { "cluster": 168.0, "hvi": 0.1165, "population": 2553, "setores": 4, "municipio": "Plácido de Castro" }, "geometry": { "type": "Polygon", "coordinates": [ [ [ -67.17819, -10.33942 ], [ -67.18572, -10.33759 ], [ -67.18531, -10.32966 ], [ -67.1812, -10.32873 ], [ -67.18544, -10.32793 ], [ -67.17691, -10.32776 ], [ -67.17658, -10.33252 ], [ -67.17855, -10.33211 ], [ -67.17819, -10.33942 ] ] ] } },
{ "type": "Feature", "properties": { "cluster": 169.0, "hvi": 0.1101, "population": 1600, "setores": 3, "municipio": "Plácido de Castro" }, "geometry": { "type": "Polygon", "coordinates": [ [ [ -67.29321, -10.0755 ], [ -67.29441, -10.07134 ], [ -67.29749, -10.0692 ], [ -67.29286, -10.06644 ], [ -67.29808, -10.06733 ], [ -67.3002, -10.0625 ], [ -67.29074, -10.05987 ], [ -67.29402, -10.06211 ], [ -67.28811, -10.07205 ], [ -67.29321, -10.0755 ] ] ] } },
{ "type": "Feature", "properties": { "cluster": 170.0, "hvi": 0.1353, "population": 717, "setores": 1, "municipio": "Porto Walter" }, "geometry": { "type": "Polygon", "coordinates": [ [ [ -72.4739, -8.49041 ], [ -72.45873, -8.50078 ], [ -72.4523, -8.4968 ], [ -72.44921, -8.50488 ], [ -72.43856, -8.51082 ], [ -72.44336, -8.5174 ], [ -72.44095, -8.52852 ], [ -72.43482, -8.53149 ], [ -72.42823, -8.54095 ], [ -72.43012, -8.54215 ], [ -72.42547, -8.54246 ], [ -72.42559, -8.54857 ], [ -72.4209, -8.55143 ], [ -72.42013, -8.55726 ], [ -72.41094, -8.55969 ], [ -72.40877, -8.56526 ], [ -72.40473, -8.56528 ], [ -72.4062, -8.56797 ], [ -72.40069, -8.57034 ], [ -72.39859, -8.57479 ], [ -72.40103, -8.57718 ], [ -72.39533, -8.58317 ], [ -72.39691, -8.58707 ], [ -72.38327, -8.60291 ], [ -72.3846, -8.60533 ], [ -72.37859, -8.60693 ], [ -72.37971, -8.61232 ], [ -72.37567, -8.61595 ], [ -72.37256, -8.61414 ], [ -72.36758, -8.6167 ], [ -72.35913, -8.62715 ], [ -72.35867, -8.63084 ], [ -72.37084, -8.63951 ], [ -72.368, -8.64567 ], [ -72.37141, -8.65666 ], [ -72.36402, -8.67097 ], [ -72.36449, -8.68765 ], [ -72.35776, -8.69997 ], [ -72.3607, -8.7086 ], [ -72.35966, -8.71817 ], [ -72.34791, -8.73589 ], [ -72.35103, -8.77847 ], [ -72.35977, -8.78211 ], [ -72.37422, -8.7783 ], [ -72.37692, -8.76686 ], [ -72.39015, -8.76552 ], [ -72.39704, -8.75386 ], [ -72.4138, -8.75034 ], [ -72.43755, -8.76285 ], [ -72.44604, -8.75502 ], [ -72.46221, -8.76304 ], [ -72.47593, -8.73556 ], [ -72.49447, -8.71002 ], [ -72.50418, -8.70293 ], [ -72.5163, -8.68187 ], [ -72.55669, -8.66444 ], [ -72.55998, -8.64023 ], [ -72.56578, -8.62333 ], [ -72.5902, -8.57107 ], [ -72.59745, -8.56478 ], [ -72.59976, -8.55967 ], [ -72.59732, -8.55472 ], [ -72.60111, -8.55468 ], [ -72.58769, -8.538 ], [ -72.56911, -8.52644 ], [ -72.55432, -8.4927 ], [ -72.5674, -8.48379 ], [ -72.5729, -8.47052 ], [ -72.5875, -8.45669 ], [ -72.59356, -8.43261 ], [ -72.60683, -8.42598 ], [ -72.61688, -8.41442 ], [ -72.61839, -8.40494 ], [ -72.61308, -8.393 ], [ -72.61436, -8.38293 ], [ -72.60827, -8.38046 ], [ -72.60675, -8.38368 ], [ -72.60599, -8.38108 ], [ -72.6035, -8.38215 ], [ -72.60346, -8.38574 ], [ -72.59953, -8.38337 ], [ -72.59604, -8.3856 ], [ -72.59004, -8.40135 ], [ -72.58615, -8.4002 ], [ -72.57908, -8.40846 ], [ -72.57307, -8.40903 ], [ -72.57052, -8.41294 ], [ -72.5727, -8.41632 ], [ -72.56358, -8.41839 ], [ -72.56301, -8.42305 ], [ -72.55877, -8.42413 ], [ -72.56091, -8.42609 ], [ -72.556, -8.4253 ], [ -72.55461, -8.42918 ], [ -72.55096, -8.42768 ], [ -72.54315, -8.43181 ], [ -72.54196, -8.43691 ], [ -72.53825, -8.43812 ], [ -72.54111, -8.44456 ], [ -72.53645, -8.45053 ], [ -72.53087, -8.44744 ], [ -72.5269, -8.44939 ], [ -72.52643, -8.45329 ], [ -72.51896, -8.45392 ], [ -72.5192, -8.45898 ], [ -72.51002, -8.46067 ], [ -72.51078, -8.46665 ], [ -72.50619, -8.47152 ], [ -72.49585, -8.47315 ], [ -72.49757, -8.47557 ], [ -72.49363, -8.47612 ], [ -72.49557, -8.47794 ], [ -72.49293, -8.47817 ], [ -72.49464, -8.48196 ], [ -72.49157, -8.48788 ], [ -72.48209, -8.48814 ], [ -72.47769, -8.49405 ], [ -72.4739, -8.49041 ] ] ] } },
{ "type": "Feature", "properties": { "cluster": 171.0, "hvi": 0.1051, "population": 352, "setores": 1, "municipio": "Porto Walter" }, "geometry": { "type": "Polygon", "coordinates": [ [ [ -72.73367, -8.25481 ], [ -72.73181, -8.2688 ], [ -72.7392, -8.26373 ], [ -72.73367, -8.25481 ] ] ] } },
{ "type": "Feature", "properties": { "cluster": 172.0, "hvi": 0.1239, "population": 2867, "setores": 5, "municipio": "Porto Walter" }, "geometry": { "type": "MultiPolygon", "coordinates": [ [ [ [ -72.72565, -8.35215 ], [ -72.72124, -8.35255 ], [ -72.71878, -8.34781 ], [ -72.71213, -8.35856 ], [ -72.71363, -8.36457 ], [ -72.72032, -8.36815 ], [ -72.71329, -8.3745 ], [ -72.7172, -8.38526 ], [ -72.71309, -8.40245 ], [ -72.71909, -8.40574 ], [ -72.71901, -8.41129 ], [ -72.72573, -8.4166 ], [ -72.72556, -8.42159 ], [ -72.73163, -8.42704 ], [ -72.73174, -8.43558 ], [ -72.73973, -8.4434 ], [ -72.73887, -8.44615 ], [ -72.74434, -8.44857 ], [ -72.74759, -8.46423 ], [ -72.74542, -8.47362 ], [ -72.73309, -8.48823 ], [ -72.73276, -8.49411 ], [ -72.73021, -8.49341 ], [ -72.72417, -8.50279 ], [ -72.71881, -8.50298 ], [ -72.71829, -8.50676 ], [ -72.71048, -8.51061 ], [ -72.70977, -8.51396 ], [ -72.83076, -8.51337 ], [ -72.83242, -8.50833 ], [ -72.84617, -8.50253 ], [ -72.84995, -8.50512 ], [ -72.8504, -8.51222 ], [ -72.85346, -8.51289 ], [ -72.8544, -8.50417 ], [ -72.8327, -8.47139 ], [ -72.83495, -8.46637 ], [ -72.84515, -8.46649 ], [ -72.84713, -8.46257 ], [ -72.84193, -8.45887 ], [ -72.83133, -8.45951 ], [ -72.83482, -8.44857 ], [ -72.82129, -8.44896 ], [ -72.81644, -8.43221 ], [ -72.81136, -8.42703 ], [ -72.82256, -8.41797 ], [ -72.83173, -8.41907 ], [ -72.8211, -8.39107 ], [ -72.82996, -8.3885 ], [ -72.82832, -8.38171 ], [ -72.81748, -8.38145 ], [ -72.82606, -8.38139 ], [ -72.85368, -8.29813 ], [ -72.81263, -8.27226 ], [ -72.79358, -8.26676 ], [ -72.78952, -8.25712 ], [ -72.78141, -8.253 ], [ -72.77078, -8.26037 ], [ -72.75629, -8.26152 ], [ -72.75358, -8.26976 ], [ -72.7477, -8.27509 ], [ -72.73326, -8.27035 ], [ -72.72682, -8.27122 ], [ -72.72692, -8.27477 ], [ -72.73349, -8.27721 ], [ -72.73533, -8.28131 ], [ -72.7264, -8.28886 ], [ -72.72948, -8.30354 ], [ -72.72328, -8.30679 ], [ -72.71012, -8.30472 ], [ -72.70741, -8.30884 ], [ -72.71143, -8.31084 ], [ -72.73431, -8.30822 ], [ -72.73501, -8.31289 ], [ -72.72641, -8.32105 ], [ -72.72867, -8.3373 ], [ -72.73184, -8.33856 ], [ -72.72565, -8.35215 ] ], [ [ -72.73514, -8.35713 ], [ -72.73693, -8.35959 ], [ -72.73985, -8.40293 ], [ -72.73514, -8.35713 ] ], [ [ -72.77274, -8.36577 ], [ -72.75588, -8.36628 ], [ -72.7559, -8.3625 ], [ -72.75339, -8.36085 ], [ -72.76967, -8.36268 ], [ -72.78669, -8.37931 ], [ -72.77274, -8.36577 ] ], [ [ -72.74955, -8.35832 ], [ -72.75009, -8.35759 ], [ -72.75054, -8.35897 ], [ -72.74955, -8.35832 ] ], [ [ -72.7402, -8.3589 ], [ -72.73795, -8.35937 ], [ -72.74121, -8.35055 ], [ -72.74241, -8.35012 ], [ -72.7402, -8.3589 ] ] ], [ [ [ -72.74336, -8.26384 ], [ -72.73749, -8.25196 ], [ -72.7318, -8.25075 ], [ -72.74061, -8.26771 ], [ -72.74544, -8.26804 ], [ -72.74489, -8.26693 ], [ -72.75006, -8.2664 ], [ -72.75629, -8.26152 ], [ -72.74336, -8.26384 ] ] ] ] } },
{ "type": "Feature", "properties": { "cluster": 173.0, "hvi": 0.0925, "population": 204, "setores": 1, "municipio": "Porto Walter" }, "geometry": { "type": "Polygon", "coordinates": [ [ [ -72.77274, -8.36577 ], [ -72.76967, -8.36268 ], [ -72.7559, -8.3625 ], [ -72.75588, -8.36628 ], [ -72.77274, -8.36577 ] ] ] } },
{ "type": "Feature", "properties": { "cluster": 174.0, "hvi": 0.1283, "population": 2397, "setores": 3, "municipio": "Porto Walter" }, "geometry": { "type": "Polygon", "coordinates": [ [ [ -72.74172, -8.27049 ], [ -72.73645, -8.27121 ], [ -72.7477, -8.27509 ], [ -72.74955, -8.27214 ], [ -72.74772, -8.27123 ], [ -72.75358, -8.26976 ], [ -72.75339, -8.26565 ], [ -72.75287, -8.26856 ], [ -72.75199, -8.26863 ], [ -72.75315, -8.2658 ], [ -72.74768, -8.2654 ], [ -72.7448, -8.26694 ], [ -72.75103, -8.2687 ], [ -72.74604, -8.26908 ], [ -72.74722, -8.27098 ], [ -72.74061, -8.26771 ], [ -72.74172, -8.27049 ] ] ] } },
{ "type": "Feature", "properties": { "cluster": 175.0, "hvi": 0.1206, "population": 727, "setores": 1, "municipio": "Porto Walter" }, "geometry": { "type": "Polygon", "coordinates": [ [ [ -72.73744, -8.25099 ], [ -72.74296, -8.26391 ], [ -72.75689, -8.26089 ], [ -72.74187, -8.26059 ], [ -72.73744, -8.25099 ] ] ] } },
{ "type": "Feature", "properties": { "cluster": 176.0, "hvi": 0.1559, "population": 791, "setores": 1, "municipio": "Porto Walter" }, "geometry": { "type": "Polygon", "coordinates": [ [ [ -72.67848, -8.61638 ], [ -72.73144, -8.67115 ], [ -72.73932, -8.70389 ], [ -72.75102, -8.71578 ], [ -72.77113, -8.72186 ], [ -72.77442, -8.72673 ], [ -72.81019, -8.72318 ], [ -72.80724, -8.71271 ], [ -72.81373, -8.70855 ], [ -72.82338, -8.71067 ], [ -72.81935, -8.69481 ], [ -72.81267, -8.69202 ], [ -72.80398, -8.69385 ], [ -72.79302, -8.68136 ], [ -72.79904, -8.67755 ], [ -72.81337, -8.68861 ], [ -72.8156, -8.68406 ], [ -72.81327, -8.67754 ], [ -72.82029, -8.67098 ], [ -72.82032, -8.66284 ], [ -72.82967, -8.65684 ], [ -72.8428, -8.65654 ], [ -72.84227, -8.6528 ], [ -72.83411, -8.64702 ], [ -72.83302, -8.63049 ], [ -72.83567, -8.62826 ], [ -72.84442, -8.6302 ], [ -72.84648, -8.60834 ], [ -72.82349, -8.59464 ], [ -72.82657, -8.58488 ], [ -72.82272, -8.58001 ], [ -72.81806, -8.58005 ], [ -72.80827, -8.59081 ], [ -72.80414, -8.589 ], [ -72.81571, -8.57489 ], [ -72.80431, -8.55622 ], [ -72.81408, -8.54109 ], [ -72.80958, -8.52905 ], [ -72.82982, -8.52791 ], [ -72.84079, -8.5308 ], [ -72.84011, -8.51173 ], [ -72.77295, -8.51365 ], [ -72.74751, -8.55872 ], [ -72.67848, -8.61638 ] ] ] } },
{ "type": "Feature", "properties": { "cluster": 177.0, "hvi": 0.115, "population": 2288, "setores": 4, "municipio": "Rio Branco" }, "geometry": { "type": "MultiPolygon", "coordinates": [ [ [ [ -67.81765, -9.98456 ], [ -67.81495, -9.98231 ], [ -67.81674, -9.97999 ], [ -67.81285, -9.97852 ], [ -67.81094, -9.98224 ], [ -67.81258, -9.98227 ], [ -67.81174, -9.98258 ], [ -67.81378, -9.98615 ], [ -67.81765, -9.98456 ] ] ], [ [ [ -67.81285, -9.97852 ], [ -67.81046, -9.97746 ], [ -67.81126, -9.98156 ], [ -67.81285, -9.97852 ] ] ], [ [ [ -67.81866, -9.97394 ], [ -67.81426, -9.97263 ], [ -67.81341, -9.97555 ], [ -67.81866, -9.97394 ] ] ] ] } },
{ "type": "Feature", "properties": { "cluster": 178.0, "hvi": 0.1018, "population": 3225, "setores": 9, "municipio": "Rio Branco" }, "geometry": { "type": "MultiPolygon", "coordinates": [ [ [ [ -67.81552, -9.98232 ], [ -67.81803, -9.98617 ], [ -67.81987, -9.98527 ], [ -67.82001, -9.98114 ], [ -67.81552, -9.98232 ] ] ], [ [ [ -67.81857, -9.98091 ], [ -67.81491, -9.97489 ], [ -67.81314, -9.9758 ], [ -67.81285, -9.97852 ], [ -67.81414, -9.97608 ], [ -67.81481, -9.97635 ], [ -67.81377, -9.97857 ], [ -67.81649, -9.97987 ], [ -67.81639, -9.98064 ], [ -67.81857, -9.98091 ] ] ], [ [ [ -67.81788, -9.97624 ], [ -67.82005, -9.97862 ], [ -67.82291, -9.97557 ], [ -67.82028, -9.97356 ], [ -67.82095, -9.97525 ], [ -67.81892, -9.97339 ], [ -67.81754, -9.97587 ], [ -67.81887, -9.98033 ], [ -67.82084, -9.98078 ], [ -67.81788, -9.97624 ] ] ] ] } },
{ "type": "Feature", "properties": { "cluster": 179.0, "hvi": 0.1043, "population": 2937, "setores": 7, "municipio": "Rio Branco" }, "geometry": { "type": "MultiPolygon", "coordinates": [ [ [ [ -67.80492, -9.97587 ], [ -67.80653, -9.97259 ], [ -67.81164, -9.97481 ], [ -67.81336, -9.97075 ], [ -67.79942, -9.9728 ], [ -67.79821, -9.97473 ], [ -67.80492, -9.97587 ] ] ], [ [ [ -67.81982, -9.9671 ], [ -67.81796, -9.96677 ], [ -67.81488, -9.97128 ], [ -67.81763, -9.97249 ], [ -67.81336, -9.97075 ], [ -67.81303, -9.97378 ], [ -67.8193, -9.97253 ], [ -67.81767, -9.97249 ], [ -67.81982, -9.9671 ] ] ], [ [ [ -67.82305, -9.96926 ], [ -67.81873, -9.97005 ], [ -67.81793, -9.9719 ], [ -67.82403, -9.97328 ], [ -67.82305, -9.96926 ] ] ], [ [ [ -67.80273, -9.97015 ], [ -67.80653, -9.97167 ], [ -67.80705, -9.96923 ], [ -67.80492, -9.96745 ], [ -67.80273, -9.97015 ] ] ], [ [ [ -67.80837, -9.96305 ], [ -67.80672, -9.96825 ], [ -67.81047, -9.96899 ], [ -67.81166, -9.96451 ], [ -67.80837, -9.96305 ] ] ] ] } },
{ "type": "Feature", "properties": { "cluster": 180.0, "hvi": 0.1087, "population": 2399, "setores": 5, "municipio": "Rio Branco" }, "geometry": { "type": "MultiPolygon", "coordinates": [ [ [ [ -67.80046, -9.98145 ], [ -67.80533, -9.97922 ], [ -67.80253, -9.98011 ], [ -67.80046, -9.98145 ] ] ], [ [ [ -67.80274, -9.97895 ], [ -67.80143, -9.97859 ], [ -67.80296, -9.97802 ], [ -67.80093, -9.97725 ], [ -67.80145, -9.97514 ], [ -67.79134, -9.97359 ], [ -67.794, -9.98045 ], [ -67.79705, -9.98022 ], [ -67.7973, -9.97891 ], [ -67.79746, -9.98136 ], [ -67.80274, -9.97895 ] ], [ [ -67.79467, -9.97458 ], [ -67.79716, -9.97581 ], [ -67.79134, -9.97359 ], [ -67.79467, -9.97458 ] ], [ [ -67.79757, -9.97754 ], [ -67.79783, -9.97615 ], [ -67.79912, -9.97796 ], [ -67.79757, -9.97754 ] ] ] ] } },
{ "type": "Feature", "properties": { "cluster": 181.0, "hvi": 0.1147, "population": 1151, "setores": 2, "municipio": "Rio Branco" }, "geometry": { "type": "MultiPolygon", "coordinates": [ [ [ [ -67.81796, -9.96677 ], [ -67.81453, -9.96573 ], [ -67.81337, -9.97063 ], [ -67.81653, -9.9713 ], [ -67.81796, -9.96677 ] ] ], [ [ [ -67.81974, -9.96709 ], [ -67.81997, -9.9622 ], [ -67.81688, -9.96047 ], [ -67.81453, -9.96573 ], [ -67.81974, -9.96709 ] ] ] ] } },
{ "type": "Feature", "properties": { "cluster": 182.0, "hvi": 0.1098, "population": 2962, "setores": 6, "municipio": "Rio Branco" }, "geometry": { "type": "MultiPolygon", "coordinates": [ [ [ [ -67.81336, -9.97075 ], [ -67.81453, -9.96573 ], [ -67.81075, -9.96494 ], [ -67.81069, -9.97103 ], [ -67.81336, -9.97075 ] ] ], [ [ [ -67.80092, -9.96302 ], [ -67.80317, -9.96675 ], [ -67.80704, -9.96484 ], [ -67.80092, -9.96302 ] ] ], [ [ [ -67.81166, -9.96451 ], [ -67.81271, -9.962 ], [ -67.81029, -9.96185 ], [ -67.81172, -9.96073 ], [ -67.80663, -9.96127 ], [ -67.8078, -9.9638 ], [ -67.80412, -9.96102 ], [ -67.80704, -9.96484 ], [ -67.80862, -9.96316 ], [ -67.81166, -9.96451 ] ] ], [ [ [ -67.81662, -9.96108 ], [ -67.81575, -9.96067 ], [ -67.81364, -9.9654 ], [ -67.81697, -9.96459 ], [ -67.81662, -9.96108 ] ] ] ] } },
{ "type": "Feature", "properties": { "cluster": 183.0, "hvi": 0.1051, "population": 2701, "setores": 6, "municipio": "Rio Branco" }, "geometry": { "type": "MultiPolygon", "coordinates": [ [ [ [ -67.80237, -9.97233 ], [ -67.79979, -9.97046 ], [ -67.79631, -9.97104 ], [ -67.79842, -9.9739 ], [ -67.80237, -9.97233 ] ] ], [ [ [ -67.79542, -9.9712 ], [ -67.80071, -9.96961 ], [ -67.80195, -9.96945 ], [ -67.79832, -9.96716 ], [ -67.7987, -9.96873 ], [ -67.79292, -9.96784 ], [ -67.79503, -9.97027 ], [ -67.79193, -9.96954 ], [ -67.79591, -9.97296 ], [ -67.79669, -9.9718 ], [ -67.79542, -9.9712 ] ], [ [ -67.79876, -9.96898 ], [ -67.79896, -9.96981 ], [ -67.7965, -9.9701 ], [ -67.79876, -9.96898 ] ] ], [ [ [ -67.80207, -9.9695 ], [ -67.80237, -9.97233 ], [ -67.80459, -9.97198 ], [ -67.80207, -9.9695 ] ] ] ] } },
{ "type": "Feature", "properties": { "cluster": 184.0, "hvi": 0.1303, "population": 2873, "setores": 3, "municipio": "Rio Branco" }, "geometry": { "type": "Polygon", "coordinates": [ [ [ -67.82406, -9.97986 ], [ -67.83172, -9.98031 ], [ -67.82763, -9.97884 ], [ -67.82951, -9.97769 ], [ -67.83193, -9.98047 ], [ -67.83338, -9.98038 ], [ -67.83257, -9.97493 ], [ -67.83058, -9.97609 ], [ -67.82837, -9.973 ], [ -67.82406, -9.97986 ] ] ] } },
{ "type": "Feature", "properties": { "cluster": 185.0, "hvi": 0.1221, "population": 2873, "setores": 4, "municipio": "Rio Branco" }, "geometry": { "type": "Polygon", "coordinates": [ [ [ -67.83589, -9.97962 ], [ -67.83602, -9.97864 ], [ -67.83711, -9.97875 ], [ -67.83668, -9.97315 ], [ -67.83279, -9.97379 ], [ -67.83372, -9.97518 ], [ -67.83185, -9.97409 ], [ -67.83208, -9.97331 ], [ -67.82826, -9.97442 ], [ -67.83105, -9.97675 ], [ -67.83155, -9.97507 ], [ -67.83154, -9.97698 ], [ -67.83431, -9.9784 ], [ -67.83338, -9.98038 ], [ -67.83589, -9.97962 ] ] ] } },
{ "type": "Feature", "properties": { "cluster": 186.0, "hvi": 0.1149, "population": 2410, "setores": 4, "municipio": "Rio Branco" }, "geometry": { "type": "Polygon", "coordinates": [ [ [ -67.82837, -9.973 ], [ -67.82416, -9.97327 ], [ -67.82802, -9.97299 ], [ -67.82788, -9.97053 ], [ -67.82388, -9.97089 ], [ -67.82403, -9.97327 ], [ -67.81892, -9.97339 ], [ -67.82379, -9.97656 ], [ -67.82363, -9.97827 ], [ -67.82679, -9.9756 ], [ -67.82837, -9.973 ] ] ] } },
{ "type": "Feature", "properties": { "cluster": 187.0, "hvi": 0.1262, "population": 1661, "setores": 2, "municipio": "Rio Branco" }, "geometry": { "type": "MultiPolygon", "coordinates": [ [ [ [ -67.82802, -9.97299 ], [ -67.83172, -9.97308 ], [ -67.83141, -9.97015 ], [ -67.82802, -9.97299 ] ] ], [ [ [ -67.82326, -9.97096 ], [ -67.83141, -9.97015 ], [ -67.83073, -9.96654 ], [ -67.81982, -9.9671 ], [ -67.81873, -9.97005 ], [ -67.82326, -9.97096 ] ] ] ] } },
{ "type": "Feature", "properties": { "cluster": 188.0, "hvi": 0.1236, "population": 2905, "setores": 4, "municipio": "Rio Branco" }, "geometry": { "type": "MultiPolygon", "coordinates": [ [ [ [ -67.82454, -9.96001 ], [ -67.81491, -9.9573 ], [ -67.81386, -9.95966 ], [ -67.8198, -9.96213 ], [ -67.81838, -9.96476 ], [ -67.82006, -9.96463 ], [ -67.81974, -9.96709 ], [ -67.82753, -9.96794 ], [ -67.83001, -9.96684 ], [ -67.82886, -9.96365 ], [ -67.8231, -9.96429 ], [ -67.82454, -9.96001 ] ] ], [ [ [ -67.83087, -9.95954 ], [ -67.82706, -9.95877 ], [ -67.82886, -9.96365 ], [ -67.83166, -9.96276 ], [ -67.83087, -9.95954 ] ] ] ] } },
{ "type": "Feature", "properties": { "cluster": 189.0, "hvi": 0.1077, "population": 2427, "setores": 5, "municipio": "Rio Branco" }, "geometry": { "type": "MultiPolygon", "coordinates": [ [ [ [ -67.80317, -9.96675 ], [ -67.79942, -9.96501 ], [ -67.8019, -9.9653 ], [ -67.7972, -9.96196 ], [ -67.79775, -9.96481 ], [ -67.8001, -9.96653 ], [ -67.80317, -9.96675 ] ] ], [ [ [ -67.7968, -9.96665 ], [ -67.79718, -9.96195 ], [ -67.80015, -9.96282 ], [ -67.7967, -9.95829 ], [ -67.79676, -9.96167 ], [ -67.79569, -9.96094 ], [ -67.79363, -9.96339 ], [ -67.79166, -9.96221 ], [ -67.792, -9.96533 ], [ -67.7968, -9.96665 ] ] ] ] } },
{ "type": "Feature", "properties": { "cluster": 190.0, "hvi": 0.1189, "population": 2582, "setores": 4, "municipio": "Rio Branco" }, "geometry": { "type": "MultiPolygon", "coordinates": [ [ [ [ -67.79821, -9.97473 ], [ -67.7919, -9.96977 ], [ -67.79292, -9.96784 ], [ -67.78968, -9.96649 ], [ -67.79045, -9.96863 ], [ -67.78459, -9.96402 ], [ -67.79079, -9.97283 ], [ -67.79821, -9.97473 ] ] ], [ [ [ -67.79832, -9.96716 ], [ -67.79413, -9.96601 ], [ -67.79553, -9.96927 ], [ -67.79832, -9.96716 ] ] ], [ [ [ -67.80317, -9.96675 ], [ -67.79723, -9.96554 ], [ -67.80207, -9.9695 ], [ -67.80317, -9.96675 ] ] ] ] } },
{ "type": "Feature", "properties": { "cluster": 191.0, "hvi": 0.106, "population": 2939, "setores": 7, "municipio": "Rio Branco" }, "geometry": { "type": "MultiPolygon", "coordinates": [ [ [ [ -67.78968, -9.96649 ], [ -67.78726, -9.96474 ], [ -67.79292, -9.96784 ], [ -67.79413, -9.96601 ], [ -67.79, -9.96187 ], [ -67.7891, -9.96234 ], [ -67.79071, -9.96143 ], [ -67.79166, -9.96221 ], [ -67.79413, -9.95935 ], [ -67.78969, -9.9605 ], [ -67.79159, -9.95901 ], [ -67.78445, -9.9553 ], [ -67.78793, -9.96088 ], [ -67.78882, -9.96043 ], [ -67.78864, -9.96258 ], [ -67.78612, -9.96391 ], [ -67.78446, -9.96272 ], [ -67.78188, -9.96265 ], [ -67.78821, -9.96793 ], [ -67.78968, -9.96649 ] ] ], [ [ [ -67.78188, -9.96265 ], [ -67.78856, -9.96255 ], [ -67.78094, -9.95574 ], [ -67.77823, -9.95635 ], [ -67.78188, -9.96265 ] ] ] ] } },
{ "type": "Feature", "properties": { "cluster": 192.0, "hvi": 0.1083, "population": 515, "setores": 1, "municipio": "Rio Branco" }, "geometry": { "type": "Polygon", "coordinates": [ [ [ -67.79856, -9.97123 ], [ -67.79591, -9.97296 ], [ -67.79842, -9.9739 ], [ -67.79856, -9.97123 ] ] ] } },
{ "type": "Feature", "properties": { "cluster": 193.0, "hvi": 0.1196, "population": 2876, "setores": 4, "municipio": "Rio Branco" }, "geometry": { "type": "MultiPolygon", "coordinates": [ [ [ [ -67.79905, -9.99848 ], [ -67.80121, -9.99299 ], [ -67.80047, -9.99314 ], [ -67.80138, -9.99279 ], [ -67.7958, -9.98072 ], [ -67.79207, -9.98581 ], [ -67.79264, -9.99387 ], [ -67.7961, -9.99448 ], [ -67.79905, -9.99848 ] ], [ [ -67.795, -9.98993 ], [ -67.79393, -9.98545 ], [ -67.7958, -9.98072 ], [ -67.795, -9.98993 ] ], [ [ -67.79599, -9.99404 ], [ -67.7957, -9.99282 ], [ -67.79731, -9.99378 ], [ -67.79599, -9.99404 ] ] ], [ [ [ -67.79391, -9.98118 ], [ -67.7934, -9.97587 ], [ -67.78548, -9.96943 ], [ -67.79098, -9.98136 ], [ -67.79391, -9.98118 ] ] ] ] } },
{ "type": "Feature", "properties": { "cluster": 194.0, "hvi": 0.1136, "population": 2370, "setores": 4, "municipio": "Rio Branco" }, "geometry": { "type": "MultiPolygon", "coordinates": [ [ [ [ -67.82292, -9.99457 ], [ -67.8238, -9.99203 ], [ -67.82147, -9.99317 ], [ -67.81927, -9.98995 ], [ -67.81831, -9.9929 ], [ -67.82187, -9.99363 ], [ -67.82292, -9.99457 ] ] ], [ [ [ -67.82187, -9.9949 ], [ -67.81569, -9.99322 ], [ -67.81803, -9.98782 ], [ -67.81279, -9.99121 ], [ -67.81731, -9.99637 ], [ -67.82187, -9.9949 ] ] ], [ [ [ -67.8187, -9.98901 ], [ -67.81664, -9.99234 ], [ -67.81927, -9.98995 ], [ -67.8187, -9.98901 ] ] ] ] } },
{ "type": "Feature", "properties": { "cluster": 195.0, "hvi": 0.1272, "population": 2555, "setores": 3, "municipio": "Rio Branco" }, "geometry": { "type": "MultiPolygon", "coordinates": [ [ [ [ -67.82494, -9.99107 ], [ -67.8271, -9.98768 ], [ -67.82471, -9.98881 ], [ -67.82257, -9.98832 ], [ -67.82494, -9.99107 ] ] ], [ [ [ -67.82486, -9.98177 ], [ -67.82097, -9.98801 ], [ -67.81875, -9.98899 ], [ -67.82113, -9.99238 ], [ -67.82486, -9.98177 ] ] ], [ [ [ -67.82796, -9.98638 ], [ -67.82641, -9.98474 ], [ -67.8235, -9.98564 ], [ -67.82453, -9.98823 ], [ -67.82796, -9.98638 ] ] ] ] } },
{ "type": "Feature", "properties": { "cluster": 196.0, "hvi": 0.111, "population": 2768, "setores": 6, "municipio": "Rio Branco" }, "geometry": { "type": "MultiPolygon", "coordinates": [ [ [ [ -67.81838, -9.98767 ], [ -67.82138, -9.98467 ], [ -67.81999, -9.98109 ], [ -67.82019, -9.98503 ], [ -67.81838, -9.98767 ] ] ], [ [ [ -67.82478, -9.982 ], [ -67.8235, -9.98564 ], [ -67.82622, -9.98642 ], [ -67.8276, -9.9846 ], [ -67.82478, -9.982 ] ] ], [ [ [ -67.8273, -9.98318 ], [ -67.82867, -9.98422 ], [ -67.82796, -9.98042 ], [ -67.82498, -9.98143 ], [ -67.82478, -9.982 ], [ -67.82779, -9.98455 ], [ -67.8273, -9.98318 ] ] ], [ [ [ -67.82345, -9.97972 ], [ -67.82209, -9.97694 ], [ -67.82005, -9.97862 ], [ -67.82301, -9.97973 ], [ -67.82049, -9.97978 ], [ -67.82148, -9.98331 ], [ -67.82498, -9.98143 ], [ -67.82527, -9.97969 ], [ -67.82345, -9.97972 ] ] ] ] } },
{ "type": "Feature", "properties": { "cluster": 197.0, "hvi": 0.1161, "population": 1959, "setores": 3, "municipio": "Rio Branco" }, "geometry": { "type": "MultiPolygon", "coordinates": [ [ [ [ -67.82482, -9.98879 ], [ -67.82824, -9.98669 ], [ -67.82453, -9.98823 ], [ -67.82482, -9.98879 ] ] ], [ [ [ -67.82797, -9.988 ], [ -67.83165, -9.98627 ], [ -67.83064, -9.98334 ], [ -67.82641, -9.98474 ], [ -67.8293, -9.98558 ], [ -67.82797, -9.988 ] ] ] ] } },
{ "type": "Feature", "properties": { "cluster": 198.0, "hvi": 0.1087, "population": 2659, "setores": 5, "municipio": "Rio Branco" }, "geometry": { "type": "MultiPolygon", "coordinates": [ [ [ [ -67.83216, -9.98602 ], [ -67.83296, -9.98552 ], [ -67.83056, -9.984 ], [ -67.83216, -9.98602 ] ] ], [ [ [ -67.83433, -9.98485 ], [ -67.83369, -9.98279 ], [ -67.83296, -9.98552 ], [ -67.83433, -9.98485 ] ] ], [ [ [ -67.82867, -9.98422 ], [ -67.83013, -9.983 ], [ -67.83174, -9.98294 ], [ -67.83139, -9.98029 ], [ -67.82992, -9.98248 ], [ -67.82905, -9.98029 ], [ -67.82867, -9.98422 ] ] ], [ [ [ -67.83139, -9.98029 ], [ -67.8342, -9.9827 ], [ -67.83414, -9.98038 ], [ -67.83139, -9.98029 ] ] ] ] } },
{ "type": "Feature", "properties": { "cluster": 199.0, "hvi": 0.1322, "population": 939, "setores": 1, "municipio": "Rio Branco" }, "geometry": { "type": "Polygon", "coordinates": [ [ [ -67.8314, -9.97013 ], [ -67.83172, -9.97308 ], [ -67.83507, -9.97348 ], [ -67.83452, -9.97035 ], [ -67.8314, -9.97013 ] ] ] } },
{ "type": "Feature", "properties": { "cluster": 200.0, "hvi": 0.116, "population": 2589, "setores": 4, "municipio": "Rio Branco" }, "geometry": { "type": "MultiPolygon", "coordinates": [ [ [ [ -67.83259, -9.96591 ], [ -67.8324, -9.96252 ], [ -67.82886, -9.96365 ], [ -67.83001, -9.96684 ], [ -67.83074, -9.96657 ], [ -67.8314, -9.97013 ], [ -67.83452, -9.97035 ], [ -67.83486, -9.96563 ], [ -67.83101, -9.96648 ], [ -67.83259, -9.96591 ] ] ], [ [ [ -67.83193, -9.95895 ], [ -67.83278, -9.95889 ], [ -67.8324, -9.96252 ], [ -67.83603, -9.9588 ], [ -67.83233, -9.95601 ], [ -67.83193, -9.95895 ] ] ] ] } },
{ "type": "Feature", "properties": { "cluster": 201.0, "hvi": 0.1226, "population": 2847, "setores": 4, "municipio": "Rio Branco" }, "geometry": { "type": "Polygon", "coordinates": [ [ [ -67.80419, -9.96062 ], [ -67.80549, -9.9613 ], [ -67.8079, -9.96036 ], [ -67.81091, -9.96046 ], [ -67.81137, -9.95785 ], [ -67.8061, -9.95804 ], [ -67.80328, -9.95985 ], [ -67.79646, -9.95768 ], [ -67.79961, -9.96241 ], [ -67.80088, -9.96297 ], [ -67.80348, -9.96347 ], [ -67.80419, -9.96062 ] ] ] } },
{ "type": "Feature", "properties": { "cluster": 202.0, "hvi": 0.1266, "population": 2428, "setores": 3, "municipio": "Rio Branco" }, "geometry": { "type": "MultiPolygon", "coordinates": [ [ [ [ -67.79817, -10.00835 ], [ -67.79372, -10.00956 ], [ -67.79875, -10.01129 ], [ -67.79892, -10.00698 ], [ -67.796, -10.00681 ], [ -67.79817, -10.00835 ] ] ], [ [ [ -67.79886, -10.01118 ], [ -67.80308, -10.00617 ], [ -67.79946, -10.00392 ], [ -67.79886, -10.01118 ] ] ], [ [ [ -67.79924, -10.00474 ], [ -67.79431, -10.00375 ], [ -67.7933, -10.00654 ], [ -67.79892, -10.00698 ], [ -67.79924, -10.00474 ] ] ] ] } },
{ "type": "Feature", "properties": { "cluster": 203.0, "hvi": 0.1269, "population": 2328, "setores": 3, "municipio": "Rio Branco" }, "geometry": { "type": "MultiPolygon", "coordinates": [ [ [ [ -67.82538, -9.99548 ], [ -67.8271, -9.9939 ], [ -67.8238, -9.99203 ], [ -67.82538, -9.99548 ] ] ], [ [ [ -67.82574, -9.99169 ], [ -67.82233, -9.98901 ], [ -67.82533, -9.99245 ], [ -67.82574, -9.99169 ] ] ], [ [ [ -67.82622, -9.99209 ], [ -67.82975, -9.98851 ], [ -67.82511, -9.99002 ], [ -67.82622, -9.99209 ] ] ] ] } },
{ "type": "Feature", "properties": { "cluster": 204.0, "hvi": 0.1151, "population": 2554, "setores": 4, "municipio": "Rio Branco" }, "geometry": { "type": "MultiPolygon", "coordinates": [ [ [ [ -67.83369, -9.98279 ], [ -67.83605, -9.986 ], [ -67.83083, -9.98739 ], [ -67.83725, -9.98841 ], [ -67.84053, -9.98338 ], [ -67.83566, -9.98303 ], [ -67.83597, -9.98431 ], [ -67.83369, -9.98279 ] ], [ [ -67.83622, -9.98596 ], [ -67.83633, -9.98575 ], [ -67.83637, -9.98592 ], [ -67.83622, -9.98596 ] ] ], [ [ [ -67.8342, -9.9827 ], [ -67.83841, -9.98186 ], [ -67.83414, -9.98038 ], [ -67.8342, -9.9827 ] ] ] ] } },
{ "type": "Feature", "properties": { "cluster": 205.0, "hvi": 0.1252, "population": 680, "setores": 1, "municipio": "Rio Branco" }, "geometry": { "type": "Polygon", "coordinates": [ [ [ -67.8382, -9.97283 ], [ -67.83711, -9.97875 ], [ -67.8384, -9.97863 ], [ -67.8382, -9.97283 ] ] ] } },
{ "type": "Feature", "properties": { "cluster": 206.0, "hvi": 0.1261, "population": 3211, "setores": 4, "municipio": "Rio Branco" }, "geometry": { "type": "Polygon", "coordinates": [ [ [ -67.84369, -9.97595 ], [ -67.84028, -9.97476 ], [ -67.84003, -9.97265 ], [ -67.84191, -9.97236 ], [ -67.84287, -9.96976 ], [ -67.83468, -9.97128 ], [ -67.838, -9.97201 ], [ -67.83507, -9.97348 ], [ -67.84002, -9.97265 ], [ -67.8384, -9.97863 ], [ -67.84393, -9.97799 ], [ -67.84369, -9.97595 ] ] ] } },
{ "type": "Feature", "properties": { "cluster": 207.0, "hvi": 0.1207, "population": 2941, "setores": 4, "municipio": "Rio Branco" }, "geometry": { "type": "MultiPolygon", "coordinates": [ [ [ [ -67.83468, -9.97128 ], [ -67.84069, -9.97023 ], [ -67.83937, -9.96547 ], [ -67.83485, -9.96669 ], [ -67.83589, -9.96934 ], [ -67.83468, -9.97128 ] ] ], [ [ [ -67.84143, -9.96281 ], [ -67.84933, -9.96127 ], [ -67.84603, -9.95686 ], [ -67.84126, -9.96276 ], [ -67.83722, -9.96162 ], [ -67.83923, -9.9654 ], [ -67.84269, -9.96317 ], [ -67.84143, -9.96281 ] ] ] ] } },
{ "type": "Feature", "properties": { "cluster": 208.0, "hvi": 0.1339, "population": 2818, "setores": 3, "municipio": "Rio Branco" }, "geometry": { "type": "MultiPolygon", "coordinates": [ [ [ [ -67.83486, -9.96563 ], [ -67.83464, -9.96171 ], [ -67.8324, -9.96252 ], [ -67.83486, -9.96563 ] ] ], [ [ [ -67.83166, -9.96276 ], [ -67.83278, -9.95889 ], [ -67.83127, -9.95202 ], [ -67.83166, -9.96276 ] ] ], [ [ [ -67.83065, -9.95722 ], [ -67.83127, -9.95202 ], [ -67.82878, -9.95133 ], [ -67.82804, -9.95641 ], [ -67.83065, -9.95722 ] ] ] ] } },
{ "type": "Feature", "properties": { "cluster": 209.0, "hvi": 0.1092, "population": 1596, "setores": 3, "municipio": "Rio Branco" }, "geometry": { "type": "MultiPolygon", "coordinates": [ [ [ [ -67.83087, -9.95954 ], [ -67.83168, -9.962 ], [ -67.83065, -9.95722 ], [ -67.83087, -9.95954 ] ] ], [ [ [ -67.82846, -9.95529 ], [ -67.82388, -9.95334 ], [ -67.82846, -9.95926 ], [ -67.82985, -9.95615 ], [ -67.82846, -9.95711 ], [ -67.82846, -9.95529 ] ] ] ] } },
{ "type": "Feature", "properties": { "cluster": 210.0, "hvi": 0.1132, "population": 2625, "setores": 5, "municipio": "Rio Branco" }, "geometry": { "type": "MultiPolygon", "coordinates": [ [ [ [ -67.82305, -9.96442 ], [ -67.82719, -9.96403 ], [ -67.82298, -9.96175 ], [ -67.82305, -9.96442 ] ] ], [ [ [ -67.82886, -9.96365 ], [ -67.829, -9.96034 ], [ -67.825, -9.95855 ], [ -67.82324, -9.95528 ], [ -67.82174, -9.95888 ], [ -67.82269, -9.95941 ], [ -67.82497, -9.95856 ], [ -67.82529, -9.96241 ], [ -67.82647, -9.96224 ], [ -67.82719, -9.96403 ], [ -67.82886, -9.96365 ] ] ], [ [ [ -67.81345, -9.95157 ], [ -67.81399, -9.95691 ], [ -67.82162, -9.95877 ], [ -67.82259, -9.95658 ], [ -67.81345, -9.95157 ] ] ] ] } },
{ "type": "Feature", "properties": { "cluster": 211.0, "hvi": 0.1268, "population": 2553, "setores": 3, "municipio": "Rio Branco" }, "geometry": { "type": "MultiPolygon", "coordinates": [ [ [ [ -67.81867, -9.95399 ], [ -67.82259, -9.95658 ], [ -67.82425, -9.95134 ], [ -67.82311, -9.95094 ], [ -67.82507, -9.94738 ], [ -67.82066, -9.94681 ], [ -67.82042, -9.95 ], [ -67.81867, -9.95399 ] ] ], [ [ [ -67.82997, -9.94276 ], [ -67.82505, -9.94745 ], [ -67.83645, -9.94741 ], [ -67.83613, -9.94449 ], [ -67.82997, -9.94276 ] ] ] ] } },
{ "type": "Feature", "properties": { "cluster": 212.0, "hvi": 0.1092, "population": 3675, "setores": 8, "municipio": "Rio Branco" }, "geometry": { "type": "MultiPolygon", "coordinates": [ [ [ [ -67.81579, -9.96052 ], [ -67.81166, -9.96451 ], [ -67.81364, -9.9654 ], [ -67.81579, -9.96052 ] ] ], [ [ [ -67.81337, -9.96075 ], [ -67.81345, -9.95157 ], [ -67.80711, -9.95212 ], [ -67.80633, -9.94985 ], [ -67.80023, -9.95424 ], [ -67.80329, -9.95606 ], [ -67.80259, -9.9567 ], [ -67.7986, -9.95562 ], [ -67.79775, -9.95321 ], [ -67.79517, -9.95181 ], [ -67.79344, -9.95572 ], [ -67.80003, -9.95969 ], [ -67.79895, -9.95663 ], [ -67.80211, -9.95946 ], [ -67.80259, -9.95862 ], [ -67.81145, -9.95811 ], [ -67.81271, -9.962 ], [ -67.81279, -9.9583 ], [ -67.81337, -9.96075 ] ], [ [ -67.80403, -9.95497 ], [ -67.80321, -9.95288 ], [ -67.80438, -9.95287 ], [ -67.80403, -9.95497 ] ], [ [ -67.80344, -9.95846 ], [ -67.80264, -9.95854 ], [ -67.80375, -9.9566 ], [ -67.80344, -9.95846 ] ], [ [ -67.81272, -9.95804 ], [ -67.81273, -9.95805 ], [ -67.81265, -9.95804 ], [ -67.81272, -9.95804 ] ] ] ] } },
{ "type": "Feature", "properties": { "cluster": 213.0, "hvi": 0.1158, "population": 1460, "setores": 3, "municipio": "Rio Branco" }, "geometry": { "type": "MultiPolygon", "coordinates": [ [ [ [ -67.8232, -10.00744 ], [ -67.82126, -10.0123 ], [ -67.82505, -10.00779 ], [ -67.8205, -10.00479 ], [ -67.81881, -10.01196 ], [ -67.8232, -10.00744 ] ], [ [ -67.82095, -10.00567 ], [ -67.82164, -10.00693 ], [ -67.81881, -10.01196 ], [ -67.82095, -10.00567 ] ] ], [ [ [ -67.8205, -10.00479 ], [ -67.81792, -10.00284 ], [ -67.81472, -10.00558 ], [ -67.81831, -10.00702 ], [ -67.8205, -10.00479 ] ] ] ] } },
{ "type": "Feature", "properties": { "cluster": 214.0, "hvi": 0.0948, "population": 2438, "setores": 11, "municipio": "Rio Branco" }, "geometry": { "type": "MultiPolygon", "coordinates": [ [ [ [ -67.83475, -10.06621 ], [ -67.82309, -10.05595 ], [ -67.81814, -10.07577 ], [ -67.82417, -10.08588 ], [ -67.83391, -10.07821 ], [ -67.83616, -10.07363 ], [ -67.84052, -10.07261 ], [ -67.84749, -10.0732 ], [ -67.85274, -10.07759 ], [ -67.85587, -10.07253 ], [ -67.85069, -10.0658 ], [ -67.85333, -10.05775 ], [ -67.85819, -10.05818 ], [ -67.86434, -10.05053 ], [ -67.86474, -10.04224 ], [ -67.86932, -10.04037 ], [ -67.87363, -10.04544 ], [ -67.87854, -10.03851 ], [ -67.87634, -10.03432 ], [ -67.86948, -10.0341 ], [ -67.85739, -10.02475 ], [ -67.84672, -10.01469 ], [ -67.85259, -10.00844 ], [ -67.83978, -10.0036 ], [ -67.836, -10.00744 ], [ -67.82984, -10.00696 ], [ -67.83539, -10.01099 ], [ -67.83407, -10.01359 ], [ -67.82818, -10.01113 ], [ -67.82331, -10.01634 ], [ -67.82076, -10.01169 ], [ -67.81882, -10.01318 ], [ -67.82115, -10.01864 ], [ -67.81725, -10.01162 ], [ -67.81255, -10.01629 ], [ -67.81831, -10.00702 ], [ -67.81308, -10.00318 ], [ -67.8157, -9.99951 ], [ -67.80771, -9.99647 ], [ -67.80684, -10.00478 ], [ -67.79852, -10.01197 ], [ -67.80919, -10.01347 ], [ -67.80012, -10.01286 ], [ -67.80167, -10.02521 ], [ -67.80558, -10.02882 ], [ -67.80095, -10.03694 ], [ -67.81554, -10.0396 ], [ -67.82234, -10.05535 ], [ -67.83491, -10.06396 ], [ -67.83475, -10.06621 ] ], [ [ -67.82391, -10.02691 ], [ -67.82092, -10.02685 ], [ -67.81142, -10.01534 ], [ -67.81255, -10.01629 ], [ -67.82391, -10.02691 ] ], [ [ -67.83921, -10.05947 ], [ -67.8382, -10.06052 ], [ -67.83249, -10.04825 ], [ -67.83921, -10.05947 ] ], [ [ -67.82523, -10.03561 ], [ -67.82274, -10.03124 ], [ -67.82201, -10.02948 ], [ -67.82523, -10.03561 ] ], [ [ -67.84358, -10.01173 ], [ -67.84355, -10.01171 ], [ -67.84062, -10.00779 ], [ -67.84358, -10.01173 ] ], [ [ -67.83446, -10.02606 ], [ -67.83379, -10.02711 ], [ -67.83137, -10.02706 ], [ -67.83446, -10.02606 ] ] ], [ [ [ -67.83236, -10.00314 ], [ -67.82925, -10.00378 ], [ -67.83159, -10.00676 ], [ -67.8336, -10.00428 ], [ -67.83236, -10.00314 ] ] ] ] } },
{ "type": "Feature", "properties": { "cluster": 215.0, "hvi": 0.1339, "population": 2927, "setores": 3, "municipio": "Rio Branco" }, "geometry": { "type": "MultiPolygon", "coordinates": [ [ [ [ -67.83355, -9.99394 ], [ -67.83272, -9.99493 ], [ -67.83034, -9.99341 ], [ -67.83141, -9.99024 ], [ -67.82909, -9.99338 ], [ -67.83135, -9.99666 ], [ -67.83223, -9.99556 ], [ -67.83517, -9.99798 ], [ -67.83685, -9.99584 ], [ -67.83355, -9.99394 ] ] ], [ [ [ -67.83033, -9.99583 ], [ -67.8271, -9.9939 ], [ -67.82409, -9.99565 ], [ -67.82716, -9.9976 ], [ -67.83033, -9.99583 ] ] ] ] } },
{ "type": "Feature", "properties": { "cluster": 216.0, "hvi": 0.1376, "population": 2056, "setores": 2, "municipio": "Rio Branco" }, "geometry": { "type": "Polygon", "coordinates": [ [ [ -67.83159, -10.00676 ], [ -67.83483, -10.00863 ], [ -67.83779, -10.00285 ], [ -67.82769, -9.99891 ], [ -67.82643, -10.00095 ], [ -67.8333, -10.00407 ], [ -67.83159, -10.00676 ] ] ] } },
{ "type": "Feature", "properties": { "cluster": 217.0, "hvi": 0.1222, "population": 3013, "setores": 4, "municipio": "Rio Branco" }, "geometry": { "type": "MultiPolygon", "coordinates": [ [ [ [ -67.83978, -10.0036 ], [ -67.83779, -10.00285 ], [ -67.83765, -10.00488 ], [ -67.83978, -10.0036 ] ] ], [ [ [ -67.83901, -10.00329 ], [ -67.84122, -9.99968 ], [ -67.83707, -10.00258 ], [ -67.83901, -10.00329 ] ] ], [ [ [ -67.83861, -10.00008 ], [ -67.83632, -9.99881 ], [ -67.83685, -9.99584 ], [ -67.83293, -10.00107 ], [ -67.83464, -9.99994 ], [ -67.83384, -10.00142 ], [ -67.83707, -10.00258 ], [ -67.83861, -10.00008 ] ] ] ] } },
{ "type": "Feature", "properties": { "cluster": 218.0, "hvi": 0.1261, "population": 2936, "setores": 4, "municipio": "Rio Branco" }, "geometry": { "type": "MultiPolygon", "coordinates": [ [ [ [ -67.84393, -9.97799 ], [ -67.84484, -9.97787 ], [ -67.8423, -9.97226 ], [ -67.84393, -9.97799 ] ] ], [ [ [ -67.84618, -9.9777 ], [ -67.84597, -9.97192 ], [ -67.84484, -9.97787 ], [ -67.84618, -9.9777 ] ] ], [ [ [ -67.84804, -9.97385 ], [ -67.84769, -9.97167 ], [ -67.84623, -9.97407 ], [ -67.84804, -9.97385 ] ] ], [ [ [ -67.85282, -9.96921 ], [ -67.85051, -9.97075 ], [ -67.84597, -9.96934 ], [ -67.85061, -9.97404 ], [ -67.85282, -9.96921 ] ] ] ] } },
{ "type": "Feature", "properties": { "cluster": 219.0, "hvi": 0.1168, "population": 2696, "setores": 4, "municipio": "Rio Branco" }, "geometry": { "type": "MultiPolygon", "coordinates": [ [ [ [ -67.84369, -9.97595 ], [ -67.84257, -9.9745 ], [ -67.8423, -9.97226 ], [ -67.84027, -9.97476 ], [ -67.84369, -9.97595 ] ] ], [ [ [ -67.84056, -9.96976 ], [ -67.84268, -9.97025 ], [ -67.84191, -9.97236 ], [ -67.84296, -9.97039 ], [ -67.84597, -9.97192 ], [ -67.84269, -9.96317 ], [ -67.83923, -9.9654 ], [ -67.83996, -9.96887 ], [ -67.84143, -9.96962 ], [ -67.84056, -9.96976 ] ] ], [ [ [ -67.85051, -9.97075 ], [ -67.85148, -9.96865 ], [ -67.84469, -9.96522 ], [ -67.84597, -9.96934 ], [ -67.85051, -9.97075 ] ] ] ] } },
{ "type": "Feature", "properties": { "cluster": 220.0, "hvi": 0.1239, "population": 2859, "setores": 4, "municipio": "Rio Branco" }, "geometry": { "type": "MultiPolygon", "coordinates": [ [ [ [ -67.84469, -9.96522 ], [ -67.85282, -9.96921 ], [ -67.85676, -9.9606 ], [ -67.84445, -9.96291 ], [ -67.84469, -9.96522 ] ] ], [ [ [ -67.85402, -9.9563 ], [ -67.8524, -9.95625 ], [ -67.85173, -9.96058 ], [ -67.85414, -9.95873 ], [ -67.85402, -9.9563 ] ] ], [ [ [ -67.85017, -9.96092 ], [ -67.84773, -9.95213 ], [ -67.84534, -9.9523 ], [ -67.84766, -9.95129 ], [ -67.83901, -9.95223 ], [ -67.83906, -9.95279 ], [ -67.84348, -9.9531 ], [ -67.84328, -9.95538 ], [ -67.85017, -9.96092 ] ] ] ] } },
{ "type": "Feature", "properties": { "cluster": 221.0, "hvi": 0.115, "population": 2475, "setores": 4, "municipio": "Rio Branco" }, "geometry": { "type": "MultiPolygon", "coordinates": [ [ [ [ -67.88149, -9.98352 ], [ -67.88126, -9.98256 ], [ -67.87612, -9.9832 ], [ -67.88149, -9.98352 ] ] ], [ [ [ -67.88368, -9.98208 ], [ -67.88149, -9.98352 ], [ -67.88472, -9.9838 ], [ -67.88431, -9.97758 ], [ -67.87937, -9.97828 ], [ -67.88107, -9.97978 ], [ -67.87878, -9.9793 ], [ -67.87582, -9.98177 ], [ -67.87983, -9.98264 ], [ -67.88368, -9.98208 ] ] ] ] } },
{ "type": "Feature", "properties": { "cluster": 222.0, "hvi": 0.1282, "population": 2667, "setores": 3, "municipio": "Rio Branco" }, "geometry": { "type": "MultiPolygon", "coordinates": [ [ [ [ -67.88105, -9.98546 ], [ -67.88366, -9.98724 ], [ -67.88573, -9.98421 ], [ -67.88105, -9.98546 ] ] ], [ [ [ -67.89614, -9.98041 ], [ -67.89307, -9.98033 ], [ -67.89377, -9.98643 ], [ -67.89614, -9.98041 ] ] ], [ [ [ -67.89176, -9.98439 ], [ -67.89307, -9.98033 ], [ -67.88431, -9.97758 ], [ -67.88472, -9.9838 ], [ -67.89176, -9.98439 ] ] ] ] } },
{ "type": "Feature", "properties": { "cluster": 223.0, "hvi": 0.1374, "population": 2155, "setores": 2, "municipio": "Rio Branco" }, "geometry": { "type": "MultiPolygon", "coordinates": [ [ [ [ -67.88229, -9.95296 ], [ -67.89058, -9.94783 ], [ -67.88544, -9.94973 ], [ -67.88325, -9.94749 ], [ -67.88229, -9.95296 ] ] ], [ [ [ -67.88544, -9.94973 ], [ -67.89036, -9.94765 ], [ -67.88468, -9.94348 ], [ -67.88544, -9.94973 ] ] ] ] } },
{ "type": "Feature", "properties": { "cluster": 224.0, "hvi": 0.1276, "population": 893, "setores": 1, "municipio": "Rio Branco" }, "geometry": { "type": "Polygon", "coordinates": [ [ [ -67.8759, -9.94542 ], [ -67.8782, -9.94694 ], [ -67.88083, -9.94528 ], [ -67.87938, -9.94311 ], [ -67.8759, -9.94542 ] ] ] } },
{ "type": "Feature", "properties": { "cluster": 225.0, "hvi": 0.123, "population": 2947, "setores": 4, "municipio": "Rio Branco" }, "geometry": { "type": "MultiPolygon", "coordinates": [ [ [ [ -67.85892, -9.95615 ], [ -67.85514, -9.95375 ], [ -67.85794, -9.95805 ], [ -67.85892, -9.95615 ] ] ], [ [ [ -67.85892, -9.95615 ], [ -67.86099, -9.95388 ], [ -67.85445, -9.95096 ], [ -67.85892, -9.95615 ] ] ], [ [ [ -67.86371, -9.95159 ], [ -67.86767, -9.94825 ], [ -67.86036, -9.94281 ], [ -67.86273, -9.94902 ], [ -67.86065, -9.94789 ], [ -67.85998, -9.94928 ], [ -67.85707, -9.94898 ], [ -67.85529, -9.95033 ], [ -67.86327, -9.95136 ], [ -67.86338, -9.95072 ], [ -67.86371, -9.95159 ] ] ] ] } },
{ "type": "Feature", "properties": { "cluster": 226.0, "hvi": 0.1337, "population": 1002, "setores": 1, "municipio": "Rio Branco" }, "geometry": { "type": "Polygon", "coordinates": [ [ [ -67.8592, -9.9503 ], [ -67.86099, -9.95388 ], [ -67.86371, -9.95159 ], [ -67.8592, -9.9503 ] ] ] } },
{ "type": "Feature", "properties": { "cluster": 227.0, "hvi": 0.1206, "population": 2911, "setores": 4, "municipio": "Rio Branco" }, "geometry": { "type": "MultiPolygon", "coordinates": [ [ [ [ -67.83923, -9.9654 ], [ -67.83726, -9.96169 ], [ -67.84118, -9.96286 ], [ -67.83956, -9.95703 ], [ -67.83614, -9.9571 ], [ -67.83602, -9.96133 ], [ -67.8372, -9.96168 ], [ -67.83616, -9.96603 ], [ -67.83923, -9.9654 ] ] ], [ [ [ -67.83616, -9.96603 ], [ -67.83589, -9.96136 ], [ -67.83486, -9.96563 ], [ -67.83616, -9.96603 ] ] ], [ [ [ -67.84112, -9.9598 ], [ -67.84392, -9.95959 ], [ -67.84279, -9.95601 ], [ -67.83948, -9.95665 ], [ -67.84112, -9.9598 ] ] ] ] } },
{ "type": "Feature", "properties": { "cluster": 228.0, "hvi": 0.1077, "population": 3310, "setores": 7, "municipio": "Rio Branco" }, "geometry": { "type": "MultiPolygon", "coordinates": [ [ [ [ -67.8349, -9.95859 ], [ -67.83464, -9.95706 ], [ -67.83551, -9.95655 ], [ -67.83564, -9.95418 ], [ -67.83378, -9.95668 ], [ -67.83448, -9.95663 ], [ -67.83394, -9.95875 ], [ -67.8349, -9.95859 ] ] ], [ [ [ -67.83634, -9.9541 ], [ -67.83534, -9.95868 ], [ -67.83597, -9.95881 ], [ -67.83634, -9.9541 ] ] ], [ [ [ -67.83264, -9.95238 ], [ -67.83309, -9.95072 ], [ -67.83143, -9.95069 ], [ -67.83173, -9.94812 ], [ -67.82878, -9.95133 ], [ -67.83261, -9.95237 ], [ -67.83186, -9.9522 ], [ -67.83376, -9.95639 ], [ -67.8363, -9.95325 ], [ -67.83264, -9.95238 ] ] ] ] } },
{ "type": "Feature", "properties": { "cluster": 229.0, "hvi": 0.1149, "population": 2381, "setores": 4, "municipio": "Rio Branco" }, "geometry": { "type": "MultiPolygon", "coordinates": [ [ [ [ -67.82904, -9.95225 ], [ -67.82697, -9.95185 ], [ -67.82843, -9.95528 ], [ -67.82904, -9.95225 ] ] ], [ [ [ -67.82697, -9.95185 ], [ -67.82425, -9.95134 ], [ -67.82623, -9.95434 ], [ -67.82697, -9.95185 ] ] ], [ [ [ -67.82878, -9.95133 ], [ -67.82978, -9.9483 ], [ -67.82505, -9.94745 ], [ -67.82462, -9.9495 ], [ -67.82632, -9.95025 ], [ -67.82308, -9.95099 ], [ -67.82847, -9.95204 ], [ -67.82785, -9.95092 ], [ -67.82878, -9.95133 ] ] ] ] } },
{ "type": "Feature", "properties": { "cluster": 230.0, "hvi": 0.1027, "population": 2513, "setores": 7, "municipio": "Rio Branco" }, "geometry": { "type": "MultiPolygon", "coordinates": [ [ [ [ -67.84186, -9.95193 ], [ -67.84315, -9.9518 ], [ -67.84181, -9.95139 ], [ -67.84186, -9.95193 ] ] ], [ [ [ -67.84481, -9.95153 ], [ -67.84312, -9.9515 ], [ -67.84315, -9.9518 ], [ -67.84481, -9.95153 ] ] ], [ [ [ -67.83587, -9.95306 ], [ -67.8357, -9.94883 ], [ -67.83387, -9.95015 ], [ -67.83173, -9.94812 ], [ -67.83359, -9.95036 ], [ -67.83263, -9.95239 ], [ -67.83587, -9.95306 ] ] ], [ [ [ -67.83925, -9.95122 ], [ -67.84296, -9.95128 ], [ -67.84101, -9.94891 ], [ -67.83925, -9.95122 ] ] ], [ [ [ -67.83658, -9.94977 ], [ -67.83645, -9.94741 ], [ -67.836, -9.95187 ], [ -67.83956, -9.95218 ], [ -67.83658, -9.94977 ] ] ], [ [ [ -67.84176, -9.94919 ], [ -67.84454, -9.95079 ], [ -67.84296, -9.94836 ], [ -67.84176, -9.94919 ] ] ] ] } },
{ "type": "Feature", "properties": { "cluster": 231.0, "hvi": 0.132, "population": 1587, "setores": 2, "municipio": "Rio Branco" }, "geometry": { "type": "MultiPolygon", "coordinates": [ [ [ [ -67.85316, -9.95625 ], [ -67.85494, -9.95717 ], [ -67.85707, -9.95374 ], [ -67.85281, -9.9527 ], [ -67.85316, -9.95625 ] ] ], [ [ [ -67.85529, -9.95033 ], [ -67.85127, -9.94867 ], [ -67.85281, -9.9527 ], [ -67.85529, -9.95033 ] ] ] ] } },
{ "type": "Feature", "properties": { "cluster": 232.0, "hvi": 0.1279, "population": 2347, "setores": 3, "municipio": "Rio Branco" }, "geometry": { "type": "MultiPolygon", "coordinates": [ [ [ [ -67.86065, -9.94789 ], [ -67.86338, -9.94937 ], [ -67.864, -9.94782 ], [ -67.86246, -9.94571 ], [ -67.86065, -9.94789 ] ] ], [ [ [ -67.86182, -9.94597 ], [ -67.8587, -9.94335 ], [ -67.8628, -9.94281 ], [ -67.85953, -9.94009 ], [ -67.85716, -9.94781 ], [ -67.86182, -9.94597 ] ] ] ] } },
{ "type": "Feature", "properties": { "cluster": 233.0, "hvi": 0.1235, "population": 2574, "setores": 4, "municipio": "Rio Branco" }, "geometry": { "type": "MultiPolygon", "coordinates": [ [ [ [ -67.84386, -9.95729 ], [ -67.84442, -9.95635 ], [ -67.84245, -9.95418 ], [ -67.84074, -9.9564 ], [ -67.84386, -9.95729 ] ] ], [ [ [ -67.83838, -9.95706 ], [ -67.84138, -9.95442 ], [ -67.83777, -9.95389 ], [ -67.83881, -9.95182 ], [ -67.83463, -9.95377 ], [ -67.83614, -9.9571 ], [ -67.83736, -9.9547 ], [ -67.83838, -9.95706 ] ] ], [ [ [ -67.84417, -9.95403 ], [ -67.84091, -9.95271 ], [ -67.84338, -9.95391 ], [ -67.84417, -9.95403 ] ] ] ] } },
{ "type": "Feature", "properties": { "cluster": 234.0, "hvi": 0.1069, "population": 2907, "setores": 6, "municipio": "Rio Branco" }, "geometry": { "type": "MultiPolygon", "coordinates": [ [ [ [ -67.85782, -9.94328 ], [ -67.85744, -9.9427 ], [ -67.85853, -9.94267 ], [ -67.85577, -9.93956 ], [ -67.85471, -9.94222 ], [ -67.85361, -9.94254 ], [ -67.85625, -9.9449 ], [ -67.85782, -9.94328 ] ] ], [ [ [ -67.86631, -9.94019 ], [ -67.86936, -9.93993 ], [ -67.86337, -9.93086 ], [ -67.83652, -9.93793 ], [ -67.83519, -9.94418 ], [ -67.83906, -9.95132 ], [ -67.84629, -9.94293 ], [ -67.84927, -9.94468 ], [ -67.84909, -9.94086 ], [ -67.86126, -9.93696 ], [ -67.85781, -9.93843 ], [ -67.86484, -9.94683 ], [ -67.87056, -9.94586 ], [ -67.86446, -9.94213 ], [ -67.86728, -9.94082 ], [ -67.86631, -9.94019 ] ] ], [ [ [ -67.85206, -9.94176 ], [ -67.85476, -9.94164 ], [ -67.85396, -9.94064 ], [ -67.85206, -9.94176 ] ] ], [ [ [ -67.85972, -9.94136 ], [ -67.85586, -9.93911 ], [ -67.85853, -9.94267 ], [ -67.85972, -9.94136 ] ] ] ] } },
{ "type": "Feature", "properties": { "cluster": 235.0, "hvi": 0.1092, "population": 1111, "setores": 2, "municipio": "Rio Branco" }, "geometry": { "type": "MultiPolygon", "coordinates": [ [ [ [ -67.83363, -9.94794 ], [ -67.8347, -9.95127 ], [ -67.8357, -9.94883 ], [ -67.83363, -9.94794 ] ] ], [ [ [ -67.83533, -9.94764 ], [ -67.83542, -9.94582 ], [ -67.83318, -9.94552 ], [ -67.83533, -9.94764 ] ] ] ] } },
{ "type": "Feature", "properties": { "cluster": 236.0, "hvi": 0.1317, "population": 2379, "setores": 3, "municipio": "Rio Branco" }, "geometry": { "type": "MultiPolygon", "coordinates": [ [ [ [ -67.81359, -9.94915 ], [ -67.81525, -9.95312 ], [ -67.82069, -9.94913 ], [ -67.81931, -9.94383 ], [ -67.81359, -9.94915 ] ] ], [ [ [ -67.82507, -9.94738 ], [ -67.82423, -9.94241 ], [ -67.81941, -9.94398 ], [ -67.82066, -9.94681 ], [ -67.82507, -9.94738 ] ] ], [ [ [ -67.81585, -9.94612 ], [ -67.81779, -9.94097 ], [ -67.81365, -9.94445 ], [ -67.81585, -9.94612 ] ] ] ] } },
{ "type": "Feature", "properties": { "cluster": 237.0, "hvi": 0.1174, "population": 2572, "setores": 4, "municipio": "Rio Branco" }, "geometry": { "type": "MultiPolygon", "coordinates": [ [ [ [ -67.82567, -9.94457 ], [ -67.83233, -9.9437 ], [ -67.82794, -9.9389 ], [ -67.83018, -9.94123 ], [ -67.83145, -9.93679 ], [ -67.82701, -9.93788 ], [ -67.82567, -9.94457 ] ] ], [ [ [ -67.82111, -9.94195 ], [ -67.82581, -9.94368 ], [ -67.82712, -9.9372 ], [ -67.8243, -9.93876 ], [ -67.82061, -9.93775 ], [ -67.8217, -9.9402 ], [ -67.82111, -9.94195 ] ] ] ] } },
{ "type": "Feature", "properties": { "cluster": 238.0, "hvi": 0.1227, "population": 2963, "setores": 4, "municipio": "Rio Branco" }, "geometry": { "type": "Polygon", "coordinates": [ [ [ -67.83519, -9.93742 ], [ -67.83727, -9.93498 ], [ -67.83316, -9.93383 ], [ -67.83384, -9.9327 ], [ -67.82959, -9.93124 ], [ -67.82992, -9.93278 ], [ -67.82776, -9.93622 ], [ -67.82943, -9.93746 ], [ -67.83165, -9.93608 ], [ -67.83233, -9.9437 ], [ -67.83719, -9.94132 ], [ -67.83652, -9.93793 ], [ -67.83519, -9.93742 ] ], [ [ -67.83164, -9.93607 ], [ -67.83169, -9.9361 ], [ -67.83165, -9.93608 ], [ -67.83164, -9.93607 ] ] ] } },
{ "type": "Feature", "properties": { "cluster": 239.0, "hvi": 0.1332, "population": 1937, "setores": 2, "municipio": "Rio Branco" }, "geometry": { "type": "MultiPolygon", "coordinates": [ [ [ [ -67.83232, -9.93178 ], [ -67.83491, -9.93281 ], [ -67.83628, -9.92984 ], [ -67.83232, -9.93178 ] ] ], [ [ [ -67.82959, -9.93124 ], [ -67.83249, -9.93058 ], [ -67.8307, -9.92871 ], [ -67.83315, -9.9274 ], [ -67.82881, -9.92707 ], [ -67.82959, -9.93124 ] ] ] ] } },
{ "type": "Feature", "properties": { "cluster": 240.0, "hvi": 0.1383, "population": 1879, "setores": 2, "municipio": "Rio Branco" }, "geometry": { "type": "Polygon", "coordinates": [ [ [ -67.83488, -9.93791 ], [ -67.83652, -9.93793 ], [ -67.83921, -9.92973 ], [ -67.83889, -9.93191 ], [ -67.84604, -9.92832 ], [ -67.83963, -9.92965 ], [ -67.83805, -9.92918 ], [ -67.83488, -9.93791 ] ] ] } },
{ "type": "Feature", "properties": { "cluster": 241.0, "hvi": 0.1178, "population": 2979, "setores": 4, "municipio": "Rio Branco" }, "geometry": { "type": "MultiPolygon", "coordinates": [ [ [ [ -67.81483, -9.93246 ], [ -67.81673, -9.92944 ], [ -67.81587, -9.9293 ], [ -67.81621, -9.92779 ], [ -67.81513, -9.92481 ], [ -67.81225, -9.92682 ], [ -67.81275, -9.92713 ], [ -67.8119, -9.92796 ], [ -67.81476, -9.92913 ], [ -67.81336, -9.9289 ], [ -67.8127, -9.93185 ], [ -67.81483, -9.93246 ] ] ], [ [ [ -67.81667, -9.92867 ], [ -67.81936, -9.92358 ], [ -67.81546, -9.92471 ], [ -67.81667, -9.92867 ] ] ] ] } },
{ "type": "Feature", "properties": { "cluster": 242.0, "hvi": 0.1214, "population": 2237, "setores": 3, "municipio": "Rio Branco" }, "geometry": { "type": "MultiPolygon", "coordinates": [ [ [ [ -67.81867, -9.93975 ], [ -67.82049, -9.93959 ], [ -67.81929, -9.93386 ], [ -67.81677, -9.93501 ], [ -67.81867, -9.93975 ] ] ], [ [ [ -67.82139, -9.93236 ], [ -67.82041, -9.92841 ], [ -67.81622, -9.93481 ], [ -67.82139, -9.93236 ] ] ], [ [ [ -67.81625, -9.9331 ], [ -67.82041, -9.92841 ], [ -67.82656, -9.93411 ], [ -67.82582, -9.93013 ], [ -67.81963, -9.9274 ], [ -67.81628, -9.9287 ], [ -67.81625, -9.9331 ] ] ] ] } },
{ "type": "Feature", "properties": { "cluster": 243.0, "hvi": 0.1172, "population": 2639, "setores": 4, "municipio": "Rio Branco" }, "geometry": { "type": "MultiPolygon", "coordinates": [ [ [ [ -67.82104, -9.93661 ], [ -67.8217, -9.93607 ], [ -67.8235, -9.93797 ], [ -67.82218, -9.93567 ], [ -67.82267, -9.93527 ], [ -67.82068, -9.93306 ], [ -67.82019, -9.93449 ], [ -67.82104, -9.93661 ] ] ], [ [ [ -67.82618, -9.93454 ], [ -67.82409, -9.93153 ], [ -67.82275, -9.9365 ], [ -67.82618, -9.93454 ] ] ], [ [ [ -67.82409, -9.93153 ], [ -67.8212, -9.92994 ], [ -67.82279, -9.93353 ], [ -67.82409, -9.93153 ] ] ] ] } },
{ "type": "Feature", "properties": { "cluster": 244.0, "hvi": 0.1127, "population": 1165, "setores": 2, "municipio": "Rio Branco" }, "geometry": { "type": "Polygon", "coordinates": [ [ [ -67.82275, -9.9365 ], [ -67.82528, -9.93916 ], [ -67.82966, -9.9327 ], [ -67.82603, -9.93127 ], [ -67.82696, -9.93637 ], [ -67.82614, -9.9342 ], [ -67.82275, -9.9365 ] ] ] } },
{ "type": "Feature", "properties": { "cluster": 245.0, "hvi": 0.1193, "population": 2857, "setores": 4, "municipio": "Rio Branco" }, "geometry": { "type": "MultiPolygon", "coordinates": [ [ [ [ -67.81731, -9.94469 ], [ -67.82087, -9.94361 ], [ -67.8218, -9.94041 ], [ -67.81992, -9.93203 ], [ -67.82063, -9.94045 ], [ -67.82138, -9.94043 ], [ -67.81779, -9.94097 ], [ -67.81731, -9.94469 ] ] ], [ [ [ -67.82063, -9.94045 ], [ -67.81623, -9.93482 ], [ -67.81699, -9.93358 ], [ -67.81552, -9.93175 ], [ -67.81119, -9.93556 ], [ -67.81326, -9.93966 ], [ -67.81752, -9.94097 ], [ -67.82063, -9.94045 ] ] ] ] } },
{ "type": "Feature", "properties": { "cluster": 246.0, "hvi": 0.118, "population": 2768, "setores": 4, "municipio": "Rio Branco" }, "geometry": { "type": "MultiPolygon", "coordinates": [ [ [ [ -67.81585, -9.94612 ], [ -67.81137, -9.94272 ], [ -67.80885, -9.94635 ], [ -67.81359, -9.94915 ], [ -67.81585, -9.94612 ] ] ], [ [ [ -67.81173, -9.94214 ], [ -67.81137, -9.94272 ], [ -67.81367, -9.94439 ], [ -67.81546, -9.94149 ], [ -67.81326, -9.93966 ], [ -67.81187, -9.94192 ], [ -67.81103, -9.94135 ], [ -67.80549, -9.94502 ], [ -67.80885, -9.94635 ], [ -67.81173, -9.94214 ] ] ] ] } },
{ "type": "Feature", "properties": { "cluster": 247.0, "hvi": 0.125, "population": 2378, "setores": 3, "municipio": "Rio Branco" }, "geometry": { "type": "Polygon", "coordinates": [ [ [ -67.80264, -9.94516 ], [ -67.80574, -9.94545 ], [ -67.80449, -9.94042 ], [ -67.80658, -9.94211 ], [ -67.80775, -9.94061 ], [ -67.81136, -9.94154 ], [ -67.81224, -9.94024 ], [ -67.80815, -9.93748 ], [ -67.80754, -9.94028 ], [ -67.80563, -9.93741 ], [ -67.80325, -9.93942 ], [ -67.80443, -9.94037 ], [ -67.80153, -9.9421 ], [ -67.80264, -9.94516 ] ] ] } },
{ "type": "Feature", "properties": { "cluster": 248.0, "hvi": 0.1247, "population": 2481, "setores": 3, "municipio": "Rio Branco" }, "geometry": { "type": "Polygon", "coordinates": [ [ [ -67.80153, -9.9421 ], [ -67.80447, -9.94034 ], [ -67.80335, -9.93935 ], [ -67.81079, -9.93394 ], [ -67.79652, -9.93731 ], [ -67.80003, -9.93934 ], [ -67.80145, -9.93893 ], [ -67.80153, -9.9421 ] ], [ [ -67.80253, -9.93862 ], [ -67.80283, -9.93854 ], [ -67.80312, -9.93914 ], [ -67.80253, -9.93862 ] ] ] } },
{ "type": "Feature", "properties": { "cluster": 249.0, "hvi": 0.1148, "population": 2664, "setores": 4, "municipio": "Rio Branco" }, "geometry": { "type": "MultiPolygon", "coordinates": [ [ [ [ -67.79589, -9.94978 ], [ -67.79983, -9.94884 ], [ -67.79733, -9.94519 ], [ -67.79487, -9.94623 ], [ -67.79589, -9.94978 ] ] ], [ [ [ -67.80252, -9.94894 ], [ -67.80258, -9.94514 ], [ -67.80386, -9.94464 ], [ -67.80015, -9.9439 ], [ -67.80208, -9.94303 ], [ -67.80172, -9.94243 ], [ -67.7975, -9.94262 ], [ -67.79684, -9.94539 ], [ -67.80013, -9.94391 ], [ -67.80093, -9.94483 ], [ -67.80083, -9.9481 ], [ -67.80252, -9.94894 ] ] ] ] } },
{ "type": "Feature", "properties": { "cluster": 250.0, "hvi": 0.1293, "population": 894, "setores": 1, "municipio": "Rio Branco" }, "geometry": { "type": "Polygon", "coordinates": [ [ [ -67.79542, -9.94001 ], [ -67.79466, -9.94486 ], [ -67.79487, -9.94623 ], [ -67.7981, -9.94025 ], [ -67.79542, -9.94001 ] ] ] } },
{ "type": "Feature", "properties": { "cluster": 251.0, "hvi": 0.1283, "population": 2522, "setores": 3, "municipio": "Rio Branco" }, "geometry": { "type": "MultiPolygon", "coordinates": [ [ [ [ -67.79738, -9.95043 ], [ -67.79758, -9.95212 ], [ -67.80265, -9.9497 ], [ -67.79738, -9.95043 ] ] ], [ [ [ -67.80574, -9.94545 ], [ -67.80284, -9.9452 ], [ -67.80252, -9.94894 ], [ -67.80536, -9.94804 ], [ -67.80574, -9.94545 ] ] ], [ [ [ -67.80048, -9.94976 ], [ -67.80012, -9.9439 ], [ -67.79811, -9.94638 ], [ -67.80048, -9.94976 ] ] ] ] } },
{ "type": "Feature", "properties": { "cluster": 252.0, "hvi": 0.0986, "population": 1036, "setores": 3, "municipio": "Rio Branco" }, "geometry": { "type": "MultiPolygon", "coordinates": [ [ [ [ -67.79828, -9.95123 ], [ -67.79778, -9.95295 ], [ -67.8077, -9.94813 ], [ -67.80633, -9.94583 ], [ -67.80468, -9.94828 ], [ -67.79828, -9.95123 ] ] ], [ [ [ -67.80994, -9.94777 ], [ -67.80858, -9.94625 ], [ -67.80801, -9.94863 ], [ -67.80994, -9.94777 ] ] ] ] } },
{ "type": "Feature", "properties": { "cluster": 253.0, "hvi": 0.1289, "population": 2681, "setores": 3, "municipio": "Rio Branco" }, "geometry": { "type": "Polygon", "coordinates": [ [ [ -67.84964, -9.99949 ], [ -67.8485, -10.00689 ], [ -67.86405, -10.01215 ], [ -67.88317, -10.00508 ], [ -67.89195, -9.99112 ], [ -67.89377, -9.98643 ], [ -67.89126, -9.98395 ], [ -67.88969, -9.98891 ], [ -67.8868, -9.98609 ], [ -67.88105, -9.98546 ], [ -67.87553, -9.98837 ], [ -67.86955, -10.00269 ], [ -67.86984, -9.99813 ], [ -67.84964, -9.99949 ] ] ] } },
{ "type": "Feature", "properties": { "cluster": 254.0, "hvi": 0.1064, "population": 2715, "setores": 6, "municipio": "Rio Branco" }, "geometry": { "type": "MultiPolygon", "coordinates": [ [ [ [ -67.84151, -9.9808 ], [ -67.83996, -9.98026 ], [ -67.84222, -9.97822 ], [ -67.83794, -9.97867 ], [ -67.83947, -9.98008 ], [ -67.83621, -9.97893 ], [ -67.84085, -9.98354 ], [ -67.84151, -9.9808 ] ] ], [ [ [ -67.84172, -9.98052 ], [ -67.84531, -9.98057 ], [ -67.84448, -9.97791 ], [ -67.84222, -9.97822 ], [ -67.84172, -9.98052 ] ] ], [ [ [ -67.84752, -9.981 ], [ -67.84913, -9.97737 ], [ -67.84542, -9.9778 ], [ -67.84612, -9.9811 ], [ -67.84752, -9.981 ] ] ], [ [ [ -67.86063, -9.96901 ], [ -67.85471, -9.96512 ], [ -67.84913, -9.97737 ], [ -67.86018, -9.97693 ], [ -67.86063, -9.96901 ] ] ] ] } },
{ "type": "Feature", "properties": { "cluster": 255.0, "hvi": 0.1102, "population": 1113, "setores": 2, "municipio": "Rio Branco" }, "geometry": { "type": "Polygon", "coordinates": [ [ [ -67.88467, -9.97758 ], [ -67.88468, -9.9767 ], [ -67.89185, -9.98026 ], [ -67.89789, -9.97761 ], [ -67.88303, -9.97111 ], [ -67.88231, -9.97552 ], [ -67.88467, -9.97758 ] ] ] } },
{ "type": "Feature", "properties": { "cluster": 256.0, "hvi": 0.11, "population": 2352, "setores": 5, "municipio": "Rio Branco" }, "geometry": { "type": "MultiPolygon", "coordinates": [ [ [ [ -67.84296, -9.94836 ], [ -67.84382, -9.94929 ], [ -67.8477, -9.95028 ], [ -67.84296, -9.94836 ] ] ], [ [ [ -67.84224, -9.94798 ], [ -67.8477, -9.95028 ], [ -67.85123, -9.94466 ], [ -67.84629, -9.94293 ], [ -67.84224, -9.94798 ] ] ], [ [ [ -67.85454, -9.94598 ], [ -67.85259, -9.94359 ], [ -67.85548, -9.94608 ], [ -67.85625, -9.9449 ], [ -67.8526, -9.94359 ], [ -67.84909, -9.94086 ], [ -67.85123, -9.94466 ], [ -67.85258, -9.9436 ], [ -67.85064, -9.94855 ], [ -67.85454, -9.94598 ] ] ] ] } },
{ "type": "Feature", "properties": { "cluster": 257.0, "hvi": 0.1242, "population": 2773, "setores": 4, "municipio": "Rio Branco" }, "geometry": { "type": "MultiPolygon", "coordinates": [ [ [ [ -67.7843, -9.99601 ], [ -67.78383, -10.00459 ], [ -67.78648, -10.00683 ], [ -67.79015, -9.99653 ], [ -67.78754, -10.00508 ], [ -67.78591, -10.00783 ], [ -67.78918, -10.00769 ], [ -67.79282, -9.99971 ], [ -67.79213, -10.00197 ], [ -67.79617, -9.99773 ], [ -67.79386, -9.99742 ], [ -67.79487, -9.99522 ], [ -67.79021, -9.99633 ], [ -67.7843, -9.99601 ] ] ], [ [ [ -67.78903, -9.9847 ], [ -67.79023, -9.99628 ], [ -67.795, -9.99487 ], [ -67.79134, -9.98644 ], [ -67.79391, -9.98118 ], [ -67.78903, -9.9847 ] ] ] ] } },
{ "type": "Feature", "properties": { "cluster": 258.0, "hvi": 0.1108, "population": 1753, "setores": 3, "municipio": "Rio Branco" }, "geometry": { "type": "MultiPolygon", "coordinates": [ [ [ [ -67.77212, -10.01193 ], [ -67.77516, -10.01187 ], [ -67.77602, -10.00382 ], [ -67.77347, -10.00959 ], [ -67.77212, -10.01193 ] ] ], [ [ [ -67.77239, -10.00748 ], [ -67.77489, -10.00345 ], [ -67.77197, -10.00114 ], [ -67.77017, -10.00606 ], [ -67.77239, -10.00748 ] ] ] ] } },
{ "type": "Feature", "properties": { "cluster": 259.0, "hvi": 0.1232, "population": 2989, "setores": 4, "municipio": "Rio Branco" }, "geometry": { "type": "MultiPolygon", "coordinates": [ [ [ [ -67.79824, -10.05152 ], [ -67.79446, -10.04607 ], [ -67.79808, -10.04614 ], [ -67.79859, -10.04206 ], [ -67.79536, -10.04014 ], [ -67.79051, -10.04598 ], [ -67.79384, -10.04605 ], [ -67.79188, -10.04798 ], [ -67.79358, -10.05251 ], [ -67.79824, -10.05152 ] ] ], [ [ [ -67.8123, -10.03892 ], [ -67.80104, -10.03695 ], [ -67.80555, -10.0285 ], [ -67.80251, -10.03186 ], [ -67.79882, -10.03216 ], [ -67.79536, -10.04014 ], [ -67.7984, -10.03894 ], [ -67.79635, -10.04055 ], [ -67.80126, -10.04246 ], [ -67.8123, -10.03892 ] ] ] ] } },
{ "type": "Feature", "properties": { "cluster": 260.0, "hvi": 0.1066, "population": 2420, "setores": 6, "municipio": "Rio Branco" }, "geometry": { "type": "Polygon", "coordinates": [ [ [ -67.53061, -10.04456 ], [ -67.5395, -10.05772 ], [ -67.55693, -10.06849 ], [ -67.56554, -10.06653 ], [ -67.57846, -10.07197 ], [ -67.5807, -10.06923 ], [ -67.60996, -10.04819 ], [ -67.61089, -10.04868 ], [ -67.6607, -10.01415 ], [ -67.65413, -9.98874 ], [ -67.672, -9.95335 ], [ -67.6696, -9.94585 ], [ -67.67436, -9.93329 ], [ -67.67257, -9.92196 ], [ -67.65789, -9.91766 ], [ -67.65647, -9.92927 ], [ -67.65595, -9.91409 ], [ -67.66225, -9.90986 ], [ -67.66101, -9.91215 ], [ -67.67295, -9.9114 ], [ -67.6839, -9.9189 ], [ -67.69943, -9.91863 ], [ -67.70644, -9.92337 ], [ -67.71612, -9.92282 ], [ -67.74092, -9.90772 ], [ -67.74739, -9.90943 ], [ -67.75199, -9.90416 ], [ -67.75206, -9.89502 ], [ -67.7418, -9.89251 ], [ -67.73082, -9.89616 ], [ -67.71976, -9.89256 ], [ -67.71532, -9.88541 ], [ -67.716, -9.87441 ], [ -67.6815, -9.85508 ], [ -67.67565, -9.8721 ], [ -67.6677, -9.86848 ], [ -67.64098, -9.87409 ], [ -67.63919, -9.87705 ], [ -67.6311, -9.86176 ], [ -67.62279, -9.8744 ], [ -67.60371, -9.86853 ], [ -67.59798, -9.87417 ], [ -67.59136, -9.875 ], [ -67.59288, -9.86454 ], [ -67.60057, -9.86501 ], [ -67.60956, -9.85127 ], [ -67.59729, -9.84926 ], [ -67.59184, -9.8415 ], [ -67.59496, -9.82972 ], [ -67.593, -9.82482 ], [ -67.5838, -9.82495 ], [ -67.58312, -9.82994 ], [ -67.58068, -9.82265 ], [ -67.57833, -9.82505 ], [ -67.58154, -9.83628 ], [ -67.57875, -9.84224 ], [ -67.57046, -9.84467 ], [ -67.5668, -9.8517 ], [ -67.55569, -9.85411 ], [ -67.55199, -9.85065 ], [ -67.5424, -9.85006 ], [ -67.52925, -9.85547 ], [ -67.51311, -9.88537 ], [ -67.51189, -9.89744 ], [ -67.51688, -9.90631 ], [ -67.48221, -9.92667 ], [ -67.49252, -9.94841 ], [ -67.49641, -9.96891 ], [ -67.49653, -9.97651 ], [ -67.48913, -9.98683 ], [ -67.48963, -9.99733 ], [ -67.49185, -10.00139 ], [ -67.49829, -10.00319 ], [ -67.50119, -10.01938 ], [ -67.50936, -10.02523 ], [ -67.52407, -10.02202 ], [ -67.52319, -10.02629 ], [ -67.53061, -10.04456 ] ], [ [ -67.6448, -9.92411 ], [ -67.645, -9.92365 ], [ -67.65647, -9.92927 ], [ -67.6448, -9.92411 ] ], [ [ -67.55578, -10.05057 ], [ -67.56032, -10.05826 ], [ -67.55164, -10.04399 ], [ -67.55578, -10.05057 ] ], [ [ -67.53492, -10.03475 ], [ -67.53461, -10.03402 ], [ -67.55164, -10.04399 ], [ -67.53492, -10.03475 ] ], [ [ -67.52846, -10.02106 ], [ -67.52871, -10.02163 ], [ -67.52537, -10.02173 ], [ -67.52846, -10.02106 ] ], [ [ -67.56268, -10.04123 ], [ -67.54871, -10.02947 ], [ -67.56275, -10.04114 ], [ -67.56268, -10.04123 ] ], [ [ -67.63898, -9.93229 ], [ -67.64042, -9.93301 ], [ -67.64024, -9.93345 ], [ -67.63898, -9.93229 ] ], [ [ -67.62897, -9.9208 ], [ -67.63378, -9.9275 ], [ -67.62942, -9.92348 ], [ -67.62897, -9.9208 ] ], [ [ -67.63328, -9.91229 ], [ -67.62859, -9.91853 ], [ -67.62825, -9.91654 ], [ -67.63328, -9.91229 ] ], [ [ -67.63708, -9.8913 ], [ -67.63697, -9.89158 ], [ -67.63645, -9.89126 ], [ -67.63708, -9.8913 ] ], [ [ -67.61943, -9.89948 ], [ -67.62439, -9.8967 ], [ -67.61982, -9.89975 ], [ -67.61943, -9.89948 ] ], [ [ -67.61202, -9.87263 ], [ -67.608, -9.87823 ], [ -67.61165, -9.8726 ], [ -67.61202, -9.87263 ] ], [ [ -67.60574, -9.87198 ], [ -67.61102, -9.87253 ], [ -67.60226, -9.87412 ], [ -67.60574, -9.87198 ] ], [ [ -67.59133, -9.87522 ], [ -67.59344, -9.87571 ], [ -67.5912, -9.87612 ], [ -67.59133, -9.87522 ] ], [ [ -67.66941, -9.88998 ], [ -67.67025, -9.88781 ], [ -67.66953, -9.88989 ], [ -67.66941, -9.88998 ] ] ] } },
{ "type": "Feature", "properties": { "cluster": 261.0, "hvi": 0.1188, "population": 2330, "setores": 5, "municipio": "Rio Branco" }, "geometry": { "type": "Polygon", "coordinates": [ [ [ -68.71546, -9.97616 ], [ -68.71865, -9.98332 ], [ -68.73169, -9.98597 ], [ -68.73522, -10.00099 ], [ -68.73149, -10.00732 ], [ -68.73953, -10.01322 ], [ -68.74418, -10.02175 ], [ -68.74225, -10.02728 ], [ -68.74678, -10.03321 ], [ -68.74462, -10.03445 ], [ -68.74537, -10.04549 ], [ -68.74227, -10.04626 ], [ -68.74309, -10.0508 ], [ -68.73802, -10.05311 ], [ -68.74255, -10.05656 ], [ -68.74051, -10.06314 ], [ -68.73727, -10.06304 ], [ -68.74138, -10.06781 ], [ -68.73944, -10.06879 ], [ -68.74241, -10.07429 ], [ -68.73902, -10.07824 ], [ -68.742, -10.08276 ], [ -68.74994, -10.08329 ], [ -68.75148, -10.07995 ], [ -68.76292, -10.08599 ], [ -68.77125, -10.08079 ], [ -68.78024, -10.08529 ], [ -68.78938, -10.08269 ], [ -68.7955, -10.08902 ], [ -68.79645, -10.09681 ], [ -68.80383, -10.0997 ], [ -68.80494, -10.10476 ], [ -68.81217, -10.10515 ], [ -68.81601, -10.10987 ], [ -68.82576, -10.10874 ], [ -68.82691, -10.11237 ], [ -68.83433, -10.11563 ], [ -68.83829, -10.11368 ], [ -68.84455, -10.12246 ], [ -68.85666, -10.12396 ], [ -68.85738, -10.12781 ], [ -68.86972, -10.12584 ], [ -68.87671, -10.13107 ], [ -68.87964, -10.12865 ], [ -68.89029, -10.13347 ], [ -68.89327, -10.13959 ], [ -68.90816, -10.14295 ], [ -68.91573, -10.14999 ], [ -68.91627, -10.15445 ], [ -68.91863, -10.15269 ], [ -68.92471, -10.15564 ], [ -68.92557, -10.15993 ], [ -68.93232, -10.16428 ], [ -68.94435, -10.16432 ], [ -68.95322, -10.1694 ], [ -68.97217, -10.1714 ], [ -68.97415, -10.17907 ], [ -68.98231, -10.18248 ], [ -68.98959, -10.19038 ], [ -68.98785, -10.19343 ], [ -68.99147, -10.19645 ], [ -68.99173, -10.20488 ], [ -69.00443, -10.20653 ], [ -69.11636, -10.26335 ], [ -69.04037, -10.16829 ], [ -69.05855, -10.15832 ], [ -69.05776, -10.13918 ], [ -69.05193, -10.12613 ], [ -69.06377, -10.11438 ], [ -69.06725, -10.0914 ], [ -69.05778, -10.08278 ], [ -69.05567, -10.0738 ], [ -69.06423, -10.06628 ], [ -69.06366, -10.05239 ], [ -69.06632, -10.04608 ], [ -69.06224, -10.03883 ], [ -69.06927, -10.03471 ], [ -69.07046, -10.0263 ], [ -69.05423, -10.02434 ], [ -69.05383, -10.0205 ], [ -69.0609, -10.01564 ], [ -69.05056, -10.01219 ], [ -69.04308, -10.0156 ], [ -69.04303, -10.00746 ], [ -69.03469, -10.01107 ], [ -69.02875, -10.00278 ], [ -69.02249, -10.0003 ], [ -69.01459, -10.0024 ], [ -69.01374, -9.99613 ], [ -68.98961, -9.98808 ], [ -68.98862, -9.98432 ], [ -68.99609, -9.97553 ], [ -68.99065, -9.96693 ], [ -68.97582, -9.96964 ], [ -68.97092, -9.96773 ], [ -68.9761, -9.95036 ], [ -68.96672, -9.95315 ], [ -68.96321, -9.94693 ], [ -68.95567, -9.94923 ], [ -68.95635, -9.93908 ], [ -68.95097, -9.94115 ], [ -68.95006, -9.94796 ], [ -68.94388, -9.94653 ], [ -68.94538, -9.93318 ], [ -68.96193, -9.91431 ], [ -68.95075, -9.90656 ], [ -68.95187, -9.89951 ], [ -68.945, -9.89823 ], [ -68.94429, -9.89151 ], [ -68.92774, -9.90349 ], [ -68.92604, -9.89819 ], [ -68.93346, -9.87663 ], [ -68.92897, -9.8734 ], [ -68.92239, -9.87595 ], [ -68.92192, -9.86635 ], [ -68.91137, -9.87119 ], [ -68.90497, -9.86333 ], [ -68.89516, -9.8603 ], [ -68.89142, -9.86404 ], [ -68.89384, -9.87405 ], [ -68.88295, -9.87454 ], [ -68.87822, -9.86396 ], [ -68.8882, -9.85165 ], [ -68.88439, -9.83876 ], [ -68.87482, -9.84973 ], [ -68.8778, -9.85987 ], [ -68.85835, -9.85568 ], [ -68.85214, -9.84694 ], [ -68.86044, -9.83529 ], [ -68.85978, -9.82989 ], [ -68.85402, -9.82208 ], [ -68.8497, -9.82233 ], [ -68.84824, -9.81303 ], [ -68.8429, -9.81743 ], [ -68.84075, -9.81564 ], [ -68.85029, -9.81028 ], [ -68.85208, -9.80005 ], [ -68.85061, -9.8022 ], [ -68.85047, -9.79991 ], [ -68.83887, -9.79329 ], [ -68.84096, -9.78904 ], [ -68.85314, -9.78417 ], [ -68.84401, -9.777 ], [ -68.84037, -9.7693 ], [ -68.84437, -9.7674 ], [ -68.85163, -9.77066 ], [ -68.85344, -9.76702 ], [ -68.83632, -9.76346 ], [ -68.83275, -9.75355 ], [ -68.83316, -9.73973 ], [ -68.82788, -9.73604 ], [ -68.81846, -9.73667 ], [ -68.80958, -9.72982 ], [ -68.80798, -9.72494 ], [ -68.81479, -9.72265 ], [ -68.81462, -9.71845 ], [ -68.80069, -9.72107 ], [ -68.80524, -9.71323 ], [ -68.79323, -9.70704 ], [ -68.79953, -9.70088 ], [ -68.79021, -9.70128 ], [ -68.79667, -9.69378 ], [ -68.78425, -9.6901 ], [ -68.77974, -9.67175 ], [ -68.78737, -9.66421 ], [ -68.78281, -9.65985 ], [ -68.78711, -9.65287 ], [ -68.78326, -9.64722 ], [ -68.78638, -9.64336 ], [ -68.7842, -9.63449 ], [ -68.77708, -9.63351 ], [ -68.77623, -9.63035 ], [ -68.78007, -9.62757 ], [ -68.78579, -9.63035 ], [ -68.78876, -9.62483 ], [ -68.77315, -9.62081 ], [ -68.76598, -9.62366 ], [ -68.7584, -9.62045 ], [ -68.74896, -9.62363 ], [ -68.74577, -9.62829 ], [ -68.7378, -9.62902 ], [ -68.7275, -9.63994 ], [ -68.71487, -9.64018 ], [ -68.70923, -9.64472 ], [ -68.69316, -9.64921 ], [ -68.67272, -9.56012 ], [ -68.63335, -9.51592 ], [ -68.60777, -9.50523 ], [ -68.60122, -9.53802 ], [ -68.58415, -9.5392 ], [ -68.51407, -9.58873 ], [ -68.5235, -9.58654 ], [ -68.52859, -9.5896 ], [ -68.52765, -9.59434 ], [ -68.53235, -9.59726 ], [ -68.53457, -9.60883 ], [ -68.54717, -9.6275 ], [ -68.54665, -9.63365 ], [ -68.54109, -9.63999 ], [ -68.54175, -9.64477 ], [ -68.54956, -9.65237 ], [ -68.55126, -9.66134 ], [ -68.55944, -9.67116 ], [ -68.55507, -9.67853 ], [ -68.55073, -9.67821 ], [ -68.5471, -9.68198 ], [ -68.54219, -9.69793 ], [ -68.53742, -9.69824 ], [ -68.5295, -9.70936 ], [ -68.54171, -9.72653 ], [ -68.54102, -9.73379 ], [ -68.54528, -9.73834 ], [ -68.54142, -9.74521 ], [ -68.53262, -9.74899 ], [ -68.53593, -9.77303 ], [ -68.5423, -9.78375 ], [ -68.54156, -9.79673 ], [ -68.55813, -9.79414 ], [ -68.56415, -9.81063 ], [ -68.56166, -9.81412 ], [ -68.57392, -9.82621 ], [ -68.58821, -9.82717 ], [ -68.60582, -9.8339 ], [ -68.60974, -9.83859 ], [ -68.62084, -9.83789 ], [ -68.6274, -9.84396 ], [ -68.63246, -9.8442 ], [ -68.63168, -9.8505 ], [ -68.64439, -9.85982 ], [ -68.64844, -9.87099 ], [ -68.65668, -9.87503 ], [ -68.62108, -9.87463 ], [ -68.61023, -9.85797 ], [ -68.59495, -9.84649 ], [ -68.58931, -9.84702 ], [ -68.58717, -9.84142 ], [ -68.57335, -9.84433 ], [ -68.55792, -9.84248 ], [ -68.5308, -9.85523 ], [ -68.5271, -9.86144 ], [ -68.51747, -9.86429 ], [ -68.50108, -9.87956 ], [ -68.50139, -9.88959 ], [ -68.49143, -9.89738 ], [ -68.48917, -9.90399 ], [ -68.49012, -9.91546 ], [ -68.49556, -9.92439 ], [ -68.49459, -9.93092 ], [ -68.49971, -9.93475 ], [ -68.50227, -9.94216 ], [ -68.50263, -9.9668 ], [ -68.50951, -9.9781 ], [ -68.51879, -9.97851 ], [ -68.52233, -9.99564 ], [ -68.53188, -10.00643 ], [ -68.53757, -9.99756 ], [ -68.53784, -9.98826 ], [ -68.54134, -9.99009 ], [ -68.55394, -9.98549 ], [ -68.55232, -9.98292 ], [ -68.55517, -9.98272 ], [ -68.55424, -9.97944 ], [ -68.56094, -9.97314 ], [ -68.55926, -9.97104 ], [ -68.56381, -9.97009 ], [ -68.56347, -9.96585 ], [ -68.57186, -9.9693 ], [ -68.57409, -9.96522 ], [ -68.57772, -9.96751 ], [ -68.57632, -9.96336 ], [ -68.57973, -9.9616 ], [ -68.58158, -9.96883 ], [ -68.58936, -9.97123 ], [ -68.6045, -9.96813 ], [ -68.60869, -9.96235 ], [ -68.60833, -9.96513 ], [ -68.61525, -9.9663 ], [ -68.61516, -9.96865 ], [ -68.61939, -9.96731 ], [ -68.6222, -9.97364 ], [ -68.6267, -9.96927 ], [ -68.63287, -9.97314 ], [ -68.6344, -9.9701 ], [ -68.63938, -9.97153 ], [ -68.64374, -9.96832 ], [ -68.64616, -9.95933 ], [ -68.65425, -9.95727 ], [ -68.6568, -9.95168 ], [ -68.66423, -9.95229 ], [ -68.6685, -9.95692 ], [ -68.68283, -9.94922 ], [ -68.68452, -9.95418 ], [ -68.68881, -9.95299 ], [ -68.69334, -9.9573 ], [ -68.70409, -9.96051 ], [ -68.71003, -9.97331 ], [ -68.71801, -9.97455 ], [ -68.71546, -9.97616 ] ], [ [ -68.70308, -9.93706 ], [ -68.70768, -9.93049 ], [ -68.69334, -9.9573 ], [ -68.70308, -9.93706 ] ], [ [ -68.84064, -9.80723 ], [ -68.84976, -9.80344 ], [ -68.84776, -9.80638 ], [ -68.84064, -9.80723 ] ], [ [ -68.72204, -9.90994 ], [ -68.71624, -9.91109 ], [ -68.72516, -9.90848 ], [ -68.71572, -9.91898 ], [ -68.72204, -9.90994 ] ] ] } },
{ "type": "Feature", "properties": { "cluster": 262.0, "hvi": 0.1221, "population": 2442, "setores": 5, "municipio": "Rio Branco" }, "geometry": { "type": "Polygon", "coordinates": [ [ [ -68.42945, -9.58521 ], [ -68.42758, -9.60034 ], [ -68.44125, -9.60751 ], [ -68.45546, -9.62515 ], [ -68.45158, -9.63284 ], [ -68.44051, -9.64123 ], [ -68.43937, -9.65049 ], [ -68.44307, -9.65905 ], [ -68.43371, -9.66578 ], [ -68.43013, -9.68302 ], [ -68.4225, -9.69167 ], [ -68.44972, -9.8243 ], [ -68.46276, -9.81498 ], [ -68.50225, -9.80209 ], [ -68.54156, -9.79673 ], [ -68.5423, -9.78375 ], [ -68.53593, -9.77303 ], [ -68.53262, -9.74899 ], [ -68.54142, -9.74521 ], [ -68.54528, -9.73834 ], [ -68.54102, -9.73379 ], [ -68.54171, -9.72653 ], [ -68.5295, -9.70936 ], [ -68.53742, -9.69824 ], [ -68.54219, -9.69793 ], [ -68.5471, -9.68198 ], [ -68.55073, -9.67821 ], [ -68.55507, -9.67853 ], [ -68.55944, -9.67116 ], [ -68.55126, -9.66134 ], [ -68.54956, -9.65237 ], [ -68.54175, -9.64477 ], [ -68.54109, -9.63999 ], [ -68.54665, -9.63365 ], [ -68.54717, -9.6275 ], [ -68.53457, -9.60883 ], [ -68.53235, -9.59726 ], [ -68.52765, -9.59434 ], [ -68.52859, -9.5896 ], [ -68.5235, -9.58654 ], [ -68.51436, -9.58852 ], [ -68.58415, -9.5392 ], [ -68.60122, -9.53802 ], [ -68.6091, -9.50579 ], [ -68.63335, -9.51592 ], [ -68.67272, -9.56012 ], [ -68.69316, -9.64921 ], [ -68.70923, -9.64472 ], [ -68.71487, -9.64018 ], [ -68.7275, -9.63994 ], [ -68.7378, -9.62902 ], [ -68.74577, -9.62829 ], [ -68.75116, -9.62228 ], [ -68.76023, -9.62019 ], [ -68.76598, -9.62366 ], [ -68.77167, -9.62082 ], [ -68.78876, -9.62483 ], [ -68.79053, -9.63128 ], [ -68.7963, -9.6337 ], [ -68.79487, -9.63889 ], [ -68.79825, -9.6405 ], [ -68.81169, -9.63176 ], [ -68.81888, -9.63455 ], [ -68.86874, -9.63275 ], [ -68.83645, -9.61241 ], [ -68.82611, -9.55481 ], [ -68.83039, -9.52406 ], [ -68.82523, -9.50823 ], [ -68.81548, -9.50009 ], [ -68.81272, -9.48822 ], [ -68.81617, -9.47199 ], [ -68.80275, -9.45467 ], [ -68.80241, -9.43987 ], [ -68.81445, -9.41407 ], [ -68.71168, -9.19568 ], [ -68.70516, -9.19387 ], [ -68.70346, -9.19853 ], [ -68.70051, -9.19516 ], [ -68.69842, -9.19797 ], [ -68.70679, -9.20633 ], [ -68.70349, -9.21367 ], [ -68.69834, -9.21038 ], [ -68.69607, -9.21607 ], [ -68.68766, -9.21651 ], [ -68.69009, -9.21908 ], [ -68.69457, -9.21765 ], [ -68.69595, -9.2282 ], [ -68.70299, -9.22272 ], [ -68.70461, -9.22504 ], [ -68.69571, -9.23999 ], [ -68.70617, -9.24832 ], [ -68.70183, -9.25985 ], [ -68.70625, -9.26638 ], [ -68.70215, -9.27472 ], [ -68.70196, -9.28503 ], [ -68.70764, -9.28719 ], [ -68.70654, -9.2807 ], [ -68.71271, -9.27142 ], [ -68.71955, -9.28215 ], [ -68.7115, -9.28826 ], [ -68.71778, -9.28547 ], [ -68.71938, -9.28891 ], [ -68.71812, -9.29226 ], [ -68.71372, -9.29067 ], [ -68.71073, -9.29357 ], [ -68.71344, -9.29403 ], [ -68.70529, -9.29494 ], [ -68.69395, -9.28834 ], [ -68.68449, -9.28834 ], [ -68.67602, -9.2902 ], [ -68.66784, -9.29824 ], [ -68.65005, -9.30756 ], [ -68.64474, -9.3156 ], [ -68.63135, -9.32054 ], [ -68.63755, -9.33033 ], [ -68.62985, -9.3342 ], [ -68.61564, -9.35317 ], [ -68.61863, -9.35966 ], [ -68.6166, -9.36738 ], [ -68.6032, -9.36832 ], [ -68.58487, -9.38616 ], [ -68.57618, -9.38373 ], [ -68.56372, -9.39386 ], [ -68.55347, -9.39078 ], [ -68.54003, -9.39979 ], [ -68.53835, -9.40988 ], [ -68.54539, -9.41722 ], [ -68.55144, -9.4316 ], [ -68.55047, -9.44458 ], [ -68.55347, -9.44911 ], [ -68.55139, -9.45442 ], [ -68.54486, -9.45667 ], [ -68.53256, -9.47092 ], [ -68.51729, -9.46926 ], [ -68.5093, -9.47833 ], [ -68.49173, -9.48138 ], [ -68.47375, -9.4782 ], [ -68.46392, -9.48549 ], [ -68.45456, -9.49861 ], [ -68.44826, -9.49911 ], [ -68.4458, -9.50345 ], [ -68.42823, -9.5045 ], [ -68.42521, -9.52329 ], [ -68.41859, -9.53405 ], [ -68.41017, -9.53854 ], [ -68.41191, -9.54249 ], [ -68.42216, -9.54567 ], [ -68.41801, -9.5455 ], [ -68.42572, -9.56097 ], [ -68.42291, -9.56969 ], [ -68.42945, -9.58521 ] ], [ [ -68.51307, -9.58528 ], [ -68.51403, -9.58859 ], [ -68.51391, -9.58862 ], [ -68.51307, -9.58528 ] ], [ [ -68.51025, -9.57554 ], [ -68.51031, -9.57574 ], [ -68.50948, -9.57507 ], [ -68.51025, -9.57554 ] ], [ [ -68.50456, -9.57208 ], [ -68.50611, -9.57302 ], [ -68.49656, -9.575 ], [ -68.50456, -9.57208 ] ], [ [ -68.43525, -9.54035 ], [ -68.43909, -9.54146 ], [ -68.43501, -9.54036 ], [ -68.43525, -9.54035 ] ], [ [ -68.43031, -9.54046 ], [ -68.43478, -9.54036 ], [ -68.4291, -9.54145 ], [ -68.43031, -9.54046 ] ], [ [ -68.4253, -9.5458 ], [ -68.42387, -9.54574 ], [ -68.42831, -9.5421 ], [ -68.42951, -9.54349 ], [ -68.4253, -9.5458 ] ], [ [ -68.70823, -9.38078 ], [ -68.70843, -9.38068 ], [ -68.70742, -9.38879 ], [ -68.70823, -9.38078 ] ], [ [ -68.68614, -9.38923 ], [ -68.69833, -9.39598 ], [ -68.69796, -9.39657 ], [ -68.68614, -9.38923 ] ], [ [ -68.62466, -9.40544 ], [ -68.62505, -9.4055 ], [ -68.62425, -9.4057 ], [ -68.62466, -9.40544 ] ], [ [ -68.61697, -9.41031 ], [ -68.62286, -9.40658 ], [ -68.62317, -9.4085 ], [ -68.61697, -9.41031 ] ], [ [ -68.77406, -9.61215 ], [ -68.7736, -9.6123 ], [ -68.77308, -9.59761 ], [ -68.77406, -9.61215 ] ], [ [ -68.76721, -9.59113 ], [ -68.76698, -9.59324 ], [ -68.76605, -9.59257 ], [ -68.76721, -9.59113 ] ], [ [ -68.77142, -9.58695 ], [ -68.76966, -9.58809 ], [ -68.7708, -9.58669 ], [ -68.77142, -9.58695 ] ], [ [ -68.77719, -9.59143 ], [ -68.77319, -9.58768 ], [ -68.7797, -9.59038 ], [ -68.77719, -9.59143 ] ], [ [ -68.76481, -9.53982 ], [ -68.76375, -9.55193 ], [ -68.76436, -9.53972 ], [ -68.76481, -9.53982 ] ], [ [ -68.75698, -9.53819 ], [ -68.76264, -9.53937 ], [ -68.74681, -9.54101 ], [ -68.75698, -9.53819 ] ], [ [ -68.71292, -9.39736 ], [ -68.72823, -9.39224 ], [ -68.71292, -9.39793 ], [ -68.71292, -9.39736 ] ], [ [ -68.7088, -9.38049 ], [ -68.71312, -9.37833 ], [ -68.71285, -9.38738 ], [ -68.7128, -9.38012 ], [ -68.7088, -9.38049 ] ], [ [ -68.7155, -9.29437 ], [ -68.71584, -9.30306 ], [ -68.71483, -9.29426 ], [ -68.7155, -9.29437 ] ], [ [ -68.72298, -9.31269 ], [ -68.71523, -9.32143 ], [ -68.72267, -9.31226 ], [ -68.72298, -9.31269 ] ], [ [ -68.72202, -9.3841 ], [ -68.72172, -9.3839 ], [ -68.72461, -9.38294 ], [ -68.72202, -9.3841 ] ], [ [ -68.71351, -9.37814 ], [ -68.71504, -9.37737 ], [ -68.72146, -9.38371 ], [ -68.71351, -9.37814 ] ] ] } },
{ "type": "Feature", "properties": { "cluster": 263.0, "hvi": 0.1175, "population": 697, "setores": 1, "municipio": "Rio Branco" }, "geometry": { "type": "Polygon", "coordinates": [ [ [ -67.84979, -9.97369 ], [ -67.84575, -9.97412 ], [ -67.84618, -9.9777 ], [ -67.84913, -9.97737 ], [ -67.84979, -9.97369 ] ] ] } },
{ "type": "Feature", "properties": { "cluster": 264.0, "hvi": 0.1196, "population": 2955, "setores": 4, "municipio": "Rio Branco" }, "geometry": { "type": "MultiPolygon", "coordinates": [ [ [ [ -67.83741, -9.93485 ], [ -67.83777, -9.93366 ], [ -67.83315, -9.93383 ], [ -67.83741, -9.93485 ] ] ], [ [ [ -67.83777, -9.93366 ], [ -67.83864, -9.9288 ], [ -67.83491, -9.93281 ], [ -67.83777, -9.93366 ] ] ], [ [ [ -67.83658, -9.92824 ], [ -67.8309, -9.92821 ], [ -67.83628, -9.92984 ], [ -67.83658, -9.92824 ] ] ], [ [ [ -67.83687, -9.9283 ], [ -67.83827, -9.92458 ], [ -67.83527, -9.92794 ], [ -67.83687, -9.9283 ] ] ] ] } },
{ "type": "Feature", "properties": { "cluster": 265.0, "hvi": 0.1401, "population": 1012, "setores": 1, "municipio": "Rio Branco" }, "geometry": { "type": "Polygon", "coordinates": [ [ [ -67.80775, -9.9406 ], [ -67.80549, -9.94502 ], [ -67.81103, -9.94135 ], [ -67.80775, -9.9406 ] ] ] } },
{ "type": "Feature", "properties": { "cluster": 266.0, "hvi": 0.1175, "population": 1356, "setores": 2, "municipio": "Rio Branco" }, "geometry": { "type": "MultiPolygon", "coordinates": [ [ [ [ -67.88937, -9.9895 ], [ -67.89074, -9.98358 ], [ -67.88967, -9.98337 ], [ -67.88937, -9.9895 ] ] ], [ [ [ -67.88446, -9.98645 ], [ -67.88823, -9.988 ], [ -67.88967, -9.98337 ], [ -67.88446, -9.98645 ] ] ] ] } },
{ "type": "Feature", "properties": { "cluster": 267.0, "hvi": 0.1376, "population": 2118, "setores": 2, "municipio": "Rio Branco" }, "geometry": { "type": "Polygon", "coordinates": [ [ [ -67.78454, -10.0117 ], [ -67.78391, -10.0075 ], [ -67.78025, -10.00699 ], [ -67.78042, -10.00474 ], [ -67.77625, -10.00429 ], [ -67.77516, -10.01187 ], [ -67.78454, -10.0117 ] ] ] } },
{ "type": "Feature", "properties": { "cluster": 268.0, "hvi": 0.1202, "population": 2278, "setores": 3, "municipio": "Rio Branco" }, "geometry": { "type": "MultiPolygon", "coordinates": [ [ [ [ -67.77212, -10.01193 ], [ -67.77239, -10.00748 ], [ -67.76835, -10.00553 ], [ -67.76831, -10.01202 ], [ -67.77212, -10.01193 ] ] ], [ [ [ -67.76718, -9.9972 ], [ -67.76665, -10.0027 ], [ -67.76835, -10.00553 ], [ -67.77197, -10.00114 ], [ -67.76718, -9.9972 ] ] ], [ [ [ -67.78065, -9.99549 ], [ -67.77268, -9.99516 ], [ -67.77049, -9.99972 ], [ -67.77625, -10.00429 ], [ -67.78065, -9.99549 ] ] ] ] } },
{ "type": "Feature", "properties": { "cluster": 269.0, "hvi": 0.1164, "population": 2543, "setores": 4, "municipio": "Rio Branco" }, "geometry": { "type": "MultiPolygon", "coordinates": [ [ [ [ -67.78871, -10.00797 ], [ -67.78391, -10.0075 ], [ -67.78454, -10.0117 ], [ -67.78814, -10.01164 ], [ -67.78871, -10.00797 ] ] ], [ [ [ -67.79032, -10.01159 ], [ -67.79049, -10.00694 ], [ -67.79366, -10.00658 ], [ -67.78929, -10.00464 ], [ -67.78814, -10.01164 ], [ -67.79032, -10.01159 ] ] ], [ [ [ -67.78648, -10.00683 ], [ -67.7837, -10.00449 ], [ -67.78016, -10.00698 ], [ -67.78648, -10.00683 ] ] ], [ [ [ -67.78584, -10.00264 ], [ -67.78398, -9.99551 ], [ -67.78065, -9.99549 ], [ -67.78031, -10.00569 ], [ -67.78584, -10.00264 ] ] ] ] } },
{ "type": "Feature", "properties": { "cluster": 270.0, "hvi": 0.1274, "population": 1755, "setores": 2, "municipio": "Rio Branco" }, "geometry": { "type": "MultiPolygon", "coordinates": [ [ [ [ -67.79118, -10.01914 ], [ -67.7895, -10.02673 ], [ -67.79863, -10.02669 ], [ -67.79826, -10.01731 ], [ -67.79118, -10.01914 ] ] ], [ [ [ -67.79826, -10.01731 ], [ -67.79814, -10.01474 ], [ -67.79369, -10.01476 ], [ -67.79826, -10.01731 ] ] ] ] } },
{ "type": "Feature", "properties": { "cluster": 271.0, "hvi": 0.1252, "population": 1695, "setores": 2, "municipio": "Rio Branco" }, "geometry": { "type": "MultiPolygon", "coordinates": [ [ [ [ -67.83315, -9.9274 ], [ -67.8341, -9.92278 ], [ -67.82872, -9.92632 ], [ -67.83315, -9.9274 ] ] ], [ [ [ -67.8331, -9.92136 ], [ -67.83464, -9.92287 ], [ -67.83714, -9.92033 ], [ -67.83445, -9.91852 ], [ -67.8331, -9.92136 ] ] ] ] } },
{ "type": "Feature", "properties": { "cluster": 272.0, "hvi": 0.0957, "population": 2827, "setores": 13, "municipio": "Rio Branco" }, "geometry": { "type": "Polygon", "coordinates": [ [ [ -68.44581, -10.26901 ], [ -68.4473, -10.29076 ], [ -68.46733, -10.31621 ], [ -68.49993, -10.33812 ], [ -68.49899, -10.34252 ], [ -68.50338, -10.34991 ], [ -68.50221, -10.3635 ], [ -68.52255, -10.37331 ], [ -68.54509, -10.3785 ], [ -68.54721, -10.39224 ], [ -68.55153, -10.39656 ], [ -68.56371, -10.39711 ], [ -68.57494, -10.39232 ], [ -68.57635, -10.40159 ], [ -68.58271, -10.40426 ], [ -68.57775, -10.41716 ], [ -68.58148, -10.42714 ], [ -68.60213, -10.43243 ], [ -68.61399, -10.41941 ], [ -68.6166, -10.40703 ], [ -68.62458, -10.39548 ], [ -68.62853, -10.37262 ], [ -68.62776, -10.36124 ], [ -68.62332, -10.35584 ], [ -68.62535, -10.34774 ], [ -68.62082, -10.34109 ], [ -68.62641, -10.33126 ], [ -68.6185, -10.30869 ], [ -68.6051, -10.29933 ], [ -68.59614, -10.29959 ], [ -68.59146, -10.29359 ], [ -68.58133, -10.29497 ], [ -68.57914, -10.28446 ], [ -68.60104, -10.28179 ], [ -68.61471, -10.27152 ], [ -68.62265, -10.26939 ], [ -68.63602, -10.27462 ], [ -68.63975, -10.26596 ], [ -68.64532, -10.2629 ], [ -68.65191, -10.24013 ], [ -68.66882, -10.21898 ], [ -68.67608, -10.23768 ], [ -68.68331, -10.24037 ], [ -68.68814, -10.21806 ], [ -68.69377, -10.21148 ], [ -68.70465, -10.21061 ], [ -68.70594, -10.20806 ], [ -68.71247, -10.2141 ], [ -68.71493, -10.22286 ], [ -68.71146, -10.23778 ], [ -68.71331, -10.24345 ], [ -68.72897, -10.2471 ], [ -68.73384, -10.25395 ], [ -68.74308, -10.25643 ], [ -68.749, -10.25269 ], [ -68.7649, -10.25419 ], [ -68.7706, -10.24969 ], [ -68.7808, -10.24999 ], [ -68.7649, -10.23019 ], [ -68.7655, -10.22389 ], [ -68.7754, -10.21669 ], [ -68.7757, -10.20619 ], [ -68.7874, -10.18639 ], [ -68.7835, -10.17109 ], [ -68.7784, -10.16959 ], [ -68.7757, -10.15909 ], [ -68.7592, -10.15429 ], [ -68.7526, -10.14679 ], [ -68.7517, -10.14109 ], [ -68.7655, -10.11678 ], [ -68.7802, -10.10508 ], [ -68.7826, -10.08948 ], [ -68.7795, -10.0829 ], [ -68.77439, -10.08136 ], [ -68.76728, -10.08149 ], [ -68.76781, -10.08388 ], [ -68.76273, -10.08599 ], [ -68.75148, -10.07995 ], [ -68.74994, -10.08329 ], [ -68.73986, -10.08018 ], [ -68.7424, -10.07344 ], [ -68.73727, -10.06304 ], [ -68.74051, -10.06314 ], [ -68.74255, -10.05656 ], [ -68.73802, -10.05311 ], [ -68.74309, -10.0508 ], [ -68.74227, -10.04626 ], [ -68.74537, -10.04549 ], [ -68.74462, -10.03445 ], [ -68.74678, -10.03321 ], [ -68.74225, -10.02728 ], [ -68.74418, -10.02175 ], [ -68.73953, -10.01322 ], [ -68.73149, -10.00732 ], [ -68.73522, -10.00099 ], [ -68.73169, -9.98597 ], [ -68.71865, -9.98332 ], [ -68.71546, -9.97616 ], [ -68.71801, -9.97455 ], [ -68.71003, -9.97331 ], [ -68.70409, -9.96051 ], [ -68.69296, -9.95812 ], [ -68.68881, -9.95299 ], [ -68.68452, -9.95418 ], [ -68.68283, -9.94922 ], [ -68.6685, -9.95692 ], [ -68.66423, -9.95229 ], [ -68.6568, -9.95168 ], [ -68.65425, -9.95727 ], [ -68.64616, -9.95933 ], [ -68.64667, -9.96397 ], [ -68.63973, -9.97136 ], [ -68.6344, -9.9701 ], [ -68.6323, -9.97311 ], [ -68.62602, -9.96936 ], [ -68.62231, -9.97366 ], [ -68.61939, -9.96731 ], [ -68.61516, -9.96865 ], [ -68.61525, -9.9663 ], [ -68.60833, -9.96513 ], [ -68.60869, -9.96235 ], [ -68.6045, -9.96813 ], [ -68.58446, -9.97108 ], [ -68.57867, -9.96172 ], [ -68.57632, -9.96336 ], [ -68.57772, -9.96751 ], [ -68.57409, -9.96522 ], [ -68.57186, -9.9693 ], [ -68.56347, -9.96585 ], [ -68.56381, -9.97009 ], [ -68.55926, -9.97104 ], [ -68.56094, -9.97314 ], [ -68.55424, -9.97944 ], [ -68.55517, -9.98272 ], [ -68.55232, -9.98292 ], [ -68.55394, -9.98549 ], [ -68.54134, -9.99009 ], [ -68.538, -9.98809 ], [ -68.53758, -9.99756 ], [ -68.53166, -10.00484 ], [ -68.53299, -10.00823 ], [ -68.5266, -10.00339 ], [ -68.52709, -9.99989 ], [ -68.52407, -10.00027 ], [ -68.51879, -9.97851 ], [ -68.50951, -9.9781 ], [ -68.50263, -9.9668 ], [ -68.50227, -9.94216 ], [ -68.49971, -9.93475 ], [ -68.49459, -9.93092 ], [ -68.49556, -9.92439 ], [ -68.48972, -9.90894 ], [ -68.49143, -9.89738 ], [ -68.50139, -9.88959 ], [ -68.50108, -9.87956 ], [ -68.50948, -9.87379 ], [ -68.51747, -9.86429 ], [ -68.5271, -9.86144 ], [ -68.5308, -9.85523 ], [ -68.54382, -9.84738 ], [ -68.56127, -9.84192 ], [ -68.57335, -9.84433 ], [ -68.58717, -9.84142 ], [ -68.58931, -9.84702 ], [ -68.59495, -9.84649 ], [ -68.61023, -9.85797 ], [ -68.62108, -9.87463 ], [ -68.65668, -9.87503 ], [ -68.64844, -9.87099 ], [ -68.64439, -9.85982 ], [ -68.63168, -9.8505 ], [ -68.63246, -9.8442 ], [ -68.6274, -9.84396 ], [ -68.62084, -9.83789 ], [ -68.60974, -9.83859 ], [ -68.60582, -9.8339 ], [ -68.58821, -9.82717 ], [ -68.57392, -9.82621 ], [ -68.56557, -9.81977 ], [ -68.56166, -9.81412 ], [ -68.56415, -9.81063 ], [ -68.55813, -9.79414 ], [ -68.50225, -9.80209 ], [ -68.46276, -9.81498 ], [ -68.44972, -9.8243 ], [ -68.45384, -9.84444 ], [ -68.44566, -9.83803 ], [ -68.44332, -9.82952 ], [ -68.42608, -9.82642 ], [ -68.42302, -9.81819 ], [ -68.41372, -9.81041 ], [ -68.39372, -9.80375 ], [ -68.39136, -9.79878 ], [ -68.39399, -9.79371 ], [ -68.39005, -9.78875 ], [ -68.3668, -9.78045 ], [ -68.34891, -9.78675 ], [ -68.3343, -9.7846 ], [ -68.30025, -9.79473 ], [ -68.27979, -9.82152 ], [ -68.27261, -9.82547 ], [ -68.26776, -9.82348 ], [ -68.2712, -9.83442 ], [ -68.29659, -9.84614 ], [ -68.30864, -9.84567 ], [ -68.31769, -9.83838 ], [ -68.33141, -9.83397 ], [ -68.35277, -9.83462 ], [ -68.38895, -9.8445 ], [ -68.39236, -9.84771 ], [ -68.39188, -9.85543 ], [ -68.40413, -9.87561 ], [ -68.42797, -9.84345 ], [ -68.39769, -9.8847 ], [ -68.38872, -9.89884 ], [ -68.37466, -9.9032 ], [ -68.36913, -9.90414 ], [ -68.33981, -9.89492 ], [ -68.33205, -9.89929 ], [ -68.31781, -9.92892 ], [ -68.30567, -9.93376 ], [ -68.30696, -9.93622 ], [ -68.30338, -9.93783 ], [ -68.30204, -9.9354 ], [ -68.29212, -9.93945 ], [ -68.26392, -9.94084 ], [ -68.23491, -9.94432 ], [ -68.18529, -9.96021 ], [ -68.17882, -9.97542 ], [ -68.17795, -10.03861 ], [ -68.17131, -10.04773 ], [ -68.17418, -10.04987 ], [ -68.17432, -10.05651 ], [ -68.16737, -10.05679 ], [ -68.16619, -10.05953 ], [ -68.16304, -10.05453 ], [ -68.15227, -10.05335 ], [ -68.14104, -10.05869 ], [ -68.13917, -10.06241 ], [ -68.14192, -10.06885 ], [ -68.13907, -10.0723 ], [ -68.13174, -10.06997 ], [ -68.1219, -10.07705 ], [ -68.12317, -10.0798 ], [ -68.11761, -10.08126 ], [ -68.11735, -10.0779 ], [ -68.11108, -10.07785 ], [ -68.10952, -10.09492 ], [ -68.10445, -10.09618 ], [ -68.10156, -10.10608 ], [ -68.10132, -10.12788 ], [ -68.10494, -10.12338 ], [ -68.11148, -10.12406 ], [ -68.1152, -10.12902 ], [ -68.12487, -10.13224 ], [ -68.12686, -10.13931 ], [ -68.13786, -10.14194 ], [ -68.14144, -10.14763 ], [ -68.1389, -10.15428 ], [ -68.1453, -10.16063 ], [ -68.14378, -10.18678 ], [ -68.14156, -10.19609 ], [ -68.1486, -10.19978 ], [ -68.14961, -10.20582 ], [ -68.15732, -10.20616 ], [ -68.16034, -10.2132 ], [ -68.15732, -10.22998 ], [ -68.17275, -10.25849 ], [ -68.17108, -10.26554 ], [ -68.1741, -10.27325 ], [ -68.17108, -10.2917 ], [ -68.18248, -10.29875 ], [ -68.19389, -10.30043 ], [ -68.19993, -10.31452 ], [ -68.21469, -10.31754 ], [ -68.19456, -10.33532 ], [ -68.19859, -10.35243 ], [ -68.19288, -10.37946 ], [ -68.20102, -10.37413 ], [ -68.20736, -10.37458 ], [ -68.20955, -10.37998 ], [ -68.21933, -10.38121 ], [ -68.22914, -10.3899 ], [ -68.23265, -10.38483 ], [ -68.23995, -10.38867 ], [ -68.24237, -10.38614 ], [ -68.25143, -10.3872 ], [ -68.25634, -10.3906 ], [ -68.27271, -10.38853 ], [ -68.28146, -10.40359 ], [ -68.2949, -10.40608 ], [ -68.29863, -10.41091 ], [ -68.31378, -10.41821 ], [ -68.32754, -10.40915 ], [ -68.32481, -10.39365 ], [ -68.38756, -10.37951 ], [ -68.39024, -10.3734 ], [ -68.35449, -10.35787 ], [ -68.35081, -10.33221 ], [ -68.37546, -10.31155 ], [ -68.41576, -10.30719 ], [ -68.41266, -10.30277 ], [ -68.41204, -10.29133 ], [ -68.41639, -10.27752 ], [ -68.41183, -10.26813 ], [ -68.43341, -10.26531 ], [ -68.44581, -10.26901 ] ], [ [ -68.45503, -10.22609 ], [ -68.45572, -10.21111 ], [ -68.45589, -10.21135 ], [ -68.45503, -10.22609 ] ], [ [ -68.45445, -10.23588 ], [ -68.44952, -10.25352 ], [ -68.45449, -10.23516 ], [ -68.45445, -10.23588 ] ], [ [ -68.42963, -9.8412 ], [ -68.42971, -9.84109 ], [ -68.44202, -9.83062 ], [ -68.42963, -9.8412 ] ], [ [ -68.35009, -10.02612 ], [ -68.3501, -10.02553 ], [ -68.3538, -10.02397 ], [ -68.35009, -10.02612 ] ], [ [ -68.27087, -10.05489 ], [ -68.27001, -10.05073 ], [ -68.27045, -10.051 ], [ -68.27087, -10.05489 ] ], [ [ -68.26534, -10.05975 ], [ -68.26589, -10.05685 ], [ -68.26597, -10.05682 ], [ -68.26534, -10.05975 ] ], [ [ -68.27869, -10.06723 ], [ -68.26388, -10.06747 ], [ -68.2639, -10.06736 ], [ -68.27869, -10.06723 ] ], [ [ -68.4386, -10.1912 ], [ -68.43767, -10.19163 ], [ -68.42491, -10.1834 ], [ -68.4386, -10.1912 ] ], [ [ -68.44503, -10.18816 ], [ -68.44498, -10.18823 ], [ -68.4448, -10.18832 ], [ -68.44503, -10.18816 ] ], [ [ -68.67027, -10.21707 ], [ -68.67022, -10.21708 ], [ -68.66728, -10.21045 ], [ -68.67027, -10.21707 ] ], [ [ -68.66819, -10.20217 ], [ -68.66871, -10.20298 ], [ -68.66728, -10.21045 ], [ -68.66819, -10.20217 ] ], [ [ -68.5632, -10.06504 ], [ -68.561, -10.07034 ], [ -68.56088, -10.07019 ], [ -68.5632, -10.06504 ] ], [ [ -68.56063, -10.03846 ], [ -68.56061, -10.03849 ], [ -68.55619, -10.03173 ], [ -68.56063, -10.03846 ] ], [ [ -68.53969, -10.00927 ], [ -68.53949, -10.01839 ], [ -68.53962, -10.00926 ], [ -68.53969, -10.00927 ] ], [ [ -68.5028, -10.00506 ], [ -68.51545, -10.00207 ], [ -68.50297, -10.00511 ], [ -68.5028, -10.00506 ] ], [ [ -68.48329, -9.99514 ], [ -68.48337, -9.9952 ], [ -68.48069, -9.99881 ], [ -68.48329, -9.99514 ] ], [ [ -68.45073, -10.00704 ], [ -68.45575, -10.0021 ], [ -68.45612, -10.00234 ], [ -68.45386, -10.00439 ], [ -68.45073, -10.00704 ] ], [ [ -68.42485, -10.0056 ], [ -68.42614, -10.00928 ], [ -68.42468, -10.00597 ], [ -68.42485, -10.0056 ] ], [ [ -68.42186, -10.01215 ], [ -68.42393, -10.00762 ], [ -68.42246, -10.0123 ], [ -68.42186, -10.01215 ] ], [ [ -68.56591, -10.273 ], [ -68.55355, -10.27965 ], [ -68.56551, -10.27272 ], [ -68.56591, -10.273 ] ], [ [ -68.54302, -10.27437 ], [ -68.53593, -10.27587 ], [ -68.53561, -10.27562 ], [ -68.54302, -10.27437 ] ], [ [ -68.51196, -10.25761 ], [ -68.50737, -10.25953 ], [ -68.50405, -10.25796 ], [ -68.51196, -10.25761 ] ], [ [ -68.50037, -10.25622 ], [ -68.49672, -10.2545 ], [ -68.49475, -10.25163 ], [ -68.50037, -10.25622 ] ], [ [ -68.49241, -10.2482 ], [ -68.49117, -10.24639 ], [ -68.48883, -10.22742 ], [ -68.49241, -10.2482 ] ], [ [ -68.47174, -10.19641 ], [ -68.46966, -10.19194 ], [ -68.47181, -10.19509 ], [ -68.47174, -10.19641 ] ], [ [ -68.46686, -10.18786 ], [ -68.4646, -10.18578 ], [ -68.46559, -10.18599 ], [ -68.46686, -10.18786 ] ], [ [ -68.45393, -10.18347 ], [ -68.44939, -10.18522 ], [ -68.45245, -10.18315 ], [ -68.45393, -10.18347 ] ], [ [ -68.40598, -9.90305 ], [ -68.40574, -9.90252 ], [ -68.41102, -9.9007 ], [ -68.40598, -9.90305 ] ], [ [ -68.38233, -10.19816 ], [ -68.38748, -10.22272 ], [ -68.38712, -10.22269 ], [ -68.38233, -10.19816 ] ], [ [ -68.3774, -10.17463 ], [ -68.37755, -10.17534 ], [ -68.36928, -10.16624 ], [ -68.3774, -10.17463 ] ], [ [ -68.34612, -10.15602 ], [ -68.36093, -10.15761 ], [ -68.36222, -10.15894 ], [ -68.34675, -10.15705 ], [ -68.34612, -10.15602 ] ], [ [ -68.33844, -10.13369 ], [ -68.34362, -10.15197 ], [ -68.34143, -10.14842 ], [ -68.33844, -10.13369 ] ], [ [ -68.26104, -10.11132 ], [ -68.26291, -10.11599 ], [ -68.26284, -10.11612 ], [ -68.26104, -10.11132 ] ], [ [ -68.25822, -10.1122 ], [ -68.25456, -10.1087 ], [ -68.26104, -10.11132 ], [ -68.25822, -10.1122 ] ], [ [ -68.24644, -10.09823 ], [ -68.25076, -10.10507 ], [ -68.24739, -10.10185 ], [ -68.24644, -10.09823 ] ], [ [ -68.23865, -10.07232 ], [ -68.23678, -10.0776 ], [ -68.23675, -10.07757 ], [ -68.23865, -10.07232 ] ], [ [ -68.23082, -10.05753 ], [ -68.23078, -10.0576 ], [ -68.23071, -10.05748 ], [ -68.23082, -10.05753 ] ], [ [ -68.2209, -10.05285 ], [ -68.22426, -10.04762 ], [ -68.22118, -10.05299 ], [ -68.22338, -10.05403 ], [ -68.22215, -10.05387 ], [ -68.2209, -10.05285 ] ], [ [ -68.21439, -10.03836 ], [ -68.21669, -10.04241 ], [ -68.21433, -10.03836 ], [ -68.21439, -10.03836 ] ], [ [ -68.20415, -10.03362 ], [ -68.20337, -10.03733 ], [ -68.20407, -10.03358 ], [ -68.20415, -10.03362 ] ], [ [ -68.18395, -10.04392 ], [ -68.19176, -10.03304 ], [ -68.1849, -10.04477 ], [ -68.18395, -10.04392 ] ], [ [ -68.3206, -10.18402 ], [ -68.32056, -10.1839 ], [ -68.32104, -10.18309 ], [ -68.3206, -10.18402 ] ], [ [ -68.32361, -10.19534 ], [ -68.31625, -10.20281 ], [ -68.32353, -10.19506 ], [ -68.32361, -10.19534 ] ], [ [ -68.17632, -10.21182 ], [ -68.17689, -10.21228 ], [ -68.18308, -10.22552 ], [ -68.17632, -10.21182 ] ], [ [ -68.16545, -10.20638 ], [ -68.16968, -10.20648 ], [ -68.17502, -10.21078 ], [ -68.16545, -10.20638 ] ], [ [ -68.15413, -10.20118 ], [ -68.15411, -10.20115 ], [ -68.15421, -10.20122 ], [ -68.15413, -10.20118 ] ], [ [ -68.26509, -10.04777 ], [ -68.26457, -10.04767 ], [ -68.26458, -10.04747 ], [ -68.26509, -10.04777 ] ], [ [ -68.26641, -10.02488 ], [ -68.26644, -10.02454 ], [ -68.26659, -10.02451 ], [ -68.26641, -10.02488 ] ], [ [ -68.28934, -9.99375 ], [ -68.28938, -9.9926 ], [ -68.28952, -9.99288 ], [ -68.28934, -9.99375 ] ], [ [ -68.2516, -10.0671 ], [ -68.24488, -10.05933 ], [ -68.25191, -10.06654 ], [ -68.2516, -10.0671 ] ] ] } },
{ "type": "Feature", "properties": { "cluster": 273.0, "hvi": 0.1094, "population": 2755, "setores": 6, "municipio": "Rio Branco" }, "geometry": { "type": "MultiPolygon", "coordinates": [ [ [ [ -67.71535, -10.02259 ], [ -67.71502, -10.01308 ], [ -67.70233, -10.01332 ], [ -67.70107, -10.02295 ], [ -67.6922, -10.02294 ], [ -67.69632, -10.01811 ], [ -67.69482, -10.01346 ], [ -67.67558, -10.01384 ], [ -67.67306, -10.02135 ], [ -67.67166, -10.01393 ], [ -67.6582, -10.01483 ], [ -67.61089, -10.04868 ], [ -67.62065, -10.04821 ], [ -67.63598, -10.05847 ], [ -67.64623, -10.08026 ], [ -67.67084, -10.10191 ], [ -67.69517, -10.10259 ], [ -67.68661, -10.10346 ], [ -67.75748, -10.10988 ], [ -67.75104, -10.09733 ], [ -67.75427, -10.09059 ], [ -67.75339, -10.08371 ], [ -67.73537, -10.08922 ], [ -67.73359, -10.072 ], [ -67.73601, -10.06354 ], [ -67.73045, -10.06358 ], [ -67.72981, -10.05976 ], [ -67.73966, -10.05301 ], [ -67.7364, -10.01265 ], [ -67.71871, -10.01301 ], [ -67.71535, -10.02259 ] ], [ [ -67.69636, -10.10247 ], [ -67.69749, -10.05686 ], [ -67.69649, -10.10246 ], [ -67.69636, -10.10247 ] ] ], [ [ [ -67.66539, -10.01403 ], [ -67.67619, -9.99131 ], [ -67.6927, -9.9796 ], [ -67.69941, -9.9694 ], [ -67.70454, -9.95227 ], [ -67.71316, -9.95362 ], [ -67.71968, -9.95045 ], [ -67.72454, -9.96004 ], [ -67.73072, -9.96398 ], [ -67.72889, -9.96417 ], [ -67.72555, -9.96983 ], [ -67.73377, -9.97104 ], [ -67.73153, -9.97464 ], [ -67.73538, -9.97632 ], [ -67.73516, -9.97089 ], [ -67.7386, -9.96714 ], [ -67.73508, -9.96074 ], [ -67.73905, -9.96757 ], [ -67.74809, -9.96269 ], [ -67.75339, -9.9698 ], [ -67.75886, -9.97141 ], [ -67.76837, -9.96382 ], [ -67.77023, -9.95746 ], [ -67.76761, -9.95085 ], [ -67.7521, -9.94992 ], [ -67.74118, -9.95257 ], [ -67.7362, -9.95742 ], [ -67.74083, -9.94013 ], [ -67.75162, -9.93643 ], [ -67.76297, -9.92352 ], [ -67.75275, -9.91739 ], [ -67.75374, -9.91201 ], [ -67.73819, -9.91026 ], [ -67.71523, -9.92307 ], [ -67.70615, -9.92333 ], [ -67.6993, -9.91861 ], [ -67.68406, -9.91895 ], [ -67.67201, -9.91124 ], [ -67.65595, -9.91478 ], [ -67.66199, -9.91979 ], [ -67.6729, -9.92253 ], [ -67.67434, -9.93494 ], [ -67.66945, -9.94751 ], [ -67.67234, -9.95327 ], [ -67.65413, -9.98874 ], [ -67.6607, -10.01415 ], [ -67.66539, -10.01403 ] ], [ [ -67.73213, -9.96092 ], [ -67.73246, -9.96213 ], [ -67.72487, -9.95825 ], [ -67.73508, -9.96074 ], [ -67.73213, -9.96092 ] ], [ [ -67.73274, -9.96314 ], [ -67.73291, -9.96377 ], [ -67.73174, -9.96388 ], [ -67.73274, -9.96314 ] ] ], [ [ [ -67.74953, -9.88605 ], [ -67.75199, -9.90416 ], [ -67.74627, -9.9102 ], [ -67.74092, -9.90772 ], [ -67.73985, -9.91044 ], [ -67.76042, -9.91255 ], [ -67.77712, -9.92312 ], [ -67.77676, -9.92037 ], [ -67.79098, -9.90672 ], [ -67.75663, -9.89139 ], [ -67.76252, -9.88225 ], [ -67.7558, -9.87114 ], [ -67.75128, -9.87395 ], [ -67.75428, -9.88376 ], [ -67.74953, -9.88605 ] ] ] ] } },
{ "type": "Feature", "properties": { "cluster": 274.0, "hvi": 0.0972, "population": 2319, "setores": 8, "municipio": "Rio Branco" }, "geometry": { "type": "MultiPolygon", "coordinates": [ [ [ [ -67.79379, -10.00303 ], [ -67.79517, -10.00183 ], [ -67.79302, -9.99989 ], [ -67.79346, -10.00278 ], [ -67.7922, -10.00185 ], [ -67.7933, -10.00654 ], [ -67.7944, -10.00347 ], [ -67.79379, -10.00303 ] ] ], [ [ [ -67.79199, -10.00565 ], [ -67.79034, -10.00178 ], [ -67.78945, -10.00554 ], [ -67.79199, -10.00565 ] ] ], [ [ [ -67.79431, -10.00375 ], [ -67.79735, -10.00369 ], [ -67.79648, -10.00477 ], [ -67.79924, -10.00474 ], [ -67.79907, -10.00158 ], [ -67.79777, -10.00318 ], [ -67.79751, -10.00234 ], [ -67.79431, -10.00375 ] ] ], [ [ [ -67.79869, -10.0001 ], [ -67.79871, -10.00155 ], [ -67.79907, -10.00158 ], [ -67.79869, -10.0001 ] ] ], [ [ [ -67.79789, -9.99824 ], [ -67.79838, -10.00031 ], [ -67.79869, -10.0001 ], [ -67.79789, -9.99824 ] ] ], [ [ [ -67.79444, -9.99545 ], [ -67.79905, -9.99848 ], [ -67.7962, -9.99493 ], [ -67.79444, -9.99545 ] ] ] ] } },
{ "type": "Feature", "properties": { "cluster": 275.0, "hvi": 0.1015, "population": 2977, "setores": 8, "municipio": "Rio Branco" }, "geometry": { "type": "MultiPolygon", "coordinates": [ [ [ [ -67.79529, -9.9418 ], [ -67.79295, -9.94193 ], [ -67.79356, -9.93885 ], [ -67.79512, -9.93852 ], [ -67.7939, -9.93717 ], [ -67.76497, -9.91442 ], [ -67.75374, -9.91201 ], [ -67.75275, -9.91739 ], [ -67.76297, -9.92352 ], [ -67.75162, -9.93643 ], [ -67.74083, -9.94013 ], [ -67.7362, -9.95742 ], [ -67.74118, -9.95257 ], [ -67.7521, -9.94992 ], [ -67.76761, -9.95085 ], [ -67.77023, -9.95746 ], [ -67.77806, -9.95783 ], [ -67.78612, -9.94422 ], [ -67.79466, -9.94513 ], [ -67.79529, -9.9418 ] ], [ [ -67.77479, -9.94801 ], [ -67.77333, -9.94729 ], [ -67.77679, -9.94577 ], [ -67.77404, -9.95006 ], [ -67.77279, -9.94972 ], [ -67.77479, -9.94801 ] ] ], [ [ [ -67.79354, -9.94035 ], [ -67.79529, -9.9418 ], [ -67.79512, -9.93852 ], [ -67.79354, -9.94035 ] ] ] ] } },
{ "type": "Feature", "properties": { "cluster": 276.0, "hvi": 0.1014, "population": 1639, "setores": 4, "municipio": "Rio Branco" }, "geometry": { "type": "MultiPolygon", "coordinates": [ [ [ [ -67.83395, -9.92262 ], [ -67.83535, -9.91978 ], [ -67.83158, -9.92039 ], [ -67.83652, -9.91712 ], [ -67.83255, -9.9143 ], [ -67.82579, -9.92031 ], [ -67.82619, -9.91972 ], [ -67.82412, -9.92062 ], [ -67.82444, -9.92229 ], [ -67.82514, -9.92126 ], [ -67.82469, -9.92401 ], [ -67.83297, -9.92259 ], [ -67.82977, -9.92511 ], [ -67.82757, -9.92374 ], [ -67.82872, -9.92632 ], [ -67.83395, -9.92262 ] ] ], [ [ [ -67.82513, -9.91772 ], [ -67.82305, -9.9168 ], [ -67.8235, -9.91919 ], [ -67.82513, -9.91772 ] ] ] ] } },
{ "type": "Feature", "properties": { "cluster": 277.0, "hvi": 0.1018, "population": 2704, "setores": 7, "municipio": "Rio Branco" }, "geometry": { "type": "MultiPolygon", "coordinates": [ [ [ [ -67.81119, -9.93556 ], [ -67.80941, -9.93668 ], [ -67.81079, -9.93395 ], [ -67.80549, -9.93712 ], [ -67.80748, -9.94054 ], [ -67.80886, -9.93779 ], [ -67.81154, -9.93897 ], [ -67.81188, -9.94193 ], [ -67.81119, -9.93556 ] ] ], [ [ [ -67.81483, -9.93246 ], [ -67.81273, -9.9313 ], [ -67.8118, -9.9279 ], [ -67.81084, -9.92979 ], [ -67.81095, -9.92923 ], [ -67.80721, -9.93029 ], [ -67.80631, -9.93314 ], [ -67.81038, -9.9323 ], [ -67.81079, -9.93395 ], [ -67.81119, -9.93556 ], [ -67.81483, -9.93246 ] ] ], [ [ [ -67.80362, -9.93357 ], [ -67.8054, -9.92936 ], [ -67.79887, -9.92941 ], [ -67.79645, -9.93624 ], [ -67.80257, -9.93605 ], [ -67.81071, -9.9337 ], [ -67.80362, -9.93357 ] ] ] ] } },
{ "type": "Feature", "properties": { "cluster": 278.0, "hvi": 0.1187, "population": 2081, "setores": 3, "municipio": "Rio Branco" }, "geometry": { "type": "MultiPolygon", "coordinates": [ [ [ [ -67.83639, -9.99877 ], [ -67.83763, -9.99938 ], [ -67.84005, -9.99661 ], [ -67.83666, -9.99564 ], [ -67.83639, -9.99877 ] ] ], [ [ [ -67.83672, -9.9902 ], [ -67.83355, -9.99394 ], [ -67.84039, -9.99589 ], [ -67.84005, -9.99661 ], [ -67.84336, -10.00498 ], [ -67.8485, -10.00689 ], [ -67.84815, -9.99028 ], [ -67.84462, -9.9869 ], [ -67.84189, -9.9927 ], [ -67.83672, -9.9902 ] ] ] ] } },
{ "type": "Feature", "properties": { "cluster": 279.0, "hvi": 0.119, "population": 2056, "setores": 3, "municipio": "Rio Branco" }, "geometry": { "type": "MultiPolygon", "coordinates": [ [ [ [ -67.83034, -9.99341 ], [ -67.8339, -9.99373 ], [ -67.83368, -9.99221 ], [ -67.83034, -9.99341 ] ] ], [ [ [ -67.83725, -9.98841 ], [ -67.83195, -9.98753 ], [ -67.83469, -9.99344 ], [ -67.83725, -9.98841 ] ], [ [ -67.83629, -9.9887 ], [ -67.83519, -9.98939 ], [ -67.83489, -9.98829 ], [ -67.83629, -9.9887 ] ] ] ] } },
{ "type": "Feature", "properties": { "cluster": 280.0, "hvi": 0.1184, "population": 2953, "setores": 4, "municipio": "Rio Branco" }, "geometry": { "type": "MultiPolygon", "coordinates": [ [ [ [ -67.78029, -10.02129 ], [ -67.78033, -10.02194 ], [ -67.78679, -10.02239 ], [ -67.78412, -10.0173 ], [ -67.78007, -10.01738 ], [ -67.78021, -10.01984 ], [ -67.77886, -10.01181 ], [ -67.77394, -10.0123 ], [ -67.77438, -10.02169 ], [ -67.78021, -10.01992 ], [ -67.77749, -10.02254 ], [ -67.78029, -10.02129 ] ] ], [ [ [ -67.78007, -10.01738 ], [ -67.7829, -10.01731 ], [ -67.78279, -10.01174 ], [ -67.77886, -10.01181 ], [ -67.78007, -10.01738 ] ] ] ] } },
{ "type": "Feature", "properties": { "cluster": 281.0, "hvi": 0.116, "population": 1398, "setores": 2, "municipio": "Rio Branco" }, "geometry": { "type": "Polygon", "coordinates": [ [ [ -67.78441, -10.02799 ], [ -67.78679, -10.02239 ], [ -67.78033, -10.02199 ], [ -67.7803, -10.02129 ], [ -67.77756, -10.02437 ], [ -67.78038, -10.02421 ], [ -67.78049, -10.02986 ], [ -67.78441, -10.02799 ] ] ] } },
{ "type": "Feature", "properties": { "cluster": 282.0, "hvi": 0.1293, "population": 1238, "setores": 2, "municipio": "Rio Branco" }, "geometry": { "type": "MultiPolygon", "coordinates": [ [ [ [ -67.81838, -9.98767 ], [ -67.81765, -9.98456 ], [ -67.81378, -9.98615 ], [ -67.8136, -9.98949 ], [ -67.81838, -9.98767 ] ] ], [ [ [ -67.82148, -9.98331 ], [ -67.81875, -9.98899 ], [ -67.82097, -9.98801 ], [ -67.82498, -9.98143 ], [ -67.82148, -9.98331 ] ] ] ] } },
{ "type": "Feature", "properties": { "cluster": 283.0, "hvi": 0.0938, "population": 223, "setores": 1, "municipio": "Rio Branco" }, "geometry": { "type": "Polygon", "coordinates": [ [ [ -67.80862, -9.96738 ], [ -67.80653, -9.97167 ], [ -67.81069, -9.97103 ], [ -67.80862, -9.96738 ] ] ] } },
{ "type": "Feature", "properties": { "cluster": 284.0, "hvi": 0.1209, "population": 2674, "setores": 4, "municipio": "Rio Branco" }, "geometry": { "type": "MultiPolygon", "coordinates": [ [ [ [ -67.82919, -10.00856 ], [ -67.82642, -10.00804 ], [ -67.82984, -10.00709 ], [ -67.82097, -10.00187 ], [ -67.81959, -10.0042 ], [ -67.82551, -10.00787 ], [ -67.82126, -10.0123 ], [ -67.82402, -10.01704 ], [ -67.82919, -10.00856 ] ] ], [ [ [ -67.83539, -10.01099 ], [ -67.83233, -10.00979 ], [ -67.83407, -10.01359 ], [ -67.83539, -10.01099 ] ] ], [ [ [ -67.83233, -10.00979 ], [ -67.82919, -10.00856 ], [ -67.82818, -10.01113 ], [ -67.83131, -10.01233 ], [ -67.83233, -10.00979 ] ] ] ] } },
{ "type": "Feature", "properties": { "cluster": 285.0, "hvi": 0.1214, "population": 2781, "setores": 5, "municipio": "Rio Branco" }, "geometry": { "type": "MultiPolygon", "coordinates": [ [ [ [ -67.82942, -10.00344 ], [ -67.83095, -10.00468 ], [ -67.83236, -10.00314 ], [ -67.82871, -9.99985 ], [ -67.8273, -10.00165 ], [ -67.82643, -10.00095 ], [ -67.82847, -10.00471 ], [ -67.82942, -10.00344 ] ] ], [ [ [ -67.82488, -10.00113 ], [ -67.82664, -9.99799 ], [ -67.82321, -9.99973 ], [ -67.82488, -10.00113 ] ] ], [ [ [ -67.82169, -9.99952 ], [ -67.82366, -9.99914 ], [ -67.82032, -9.99517 ], [ -67.81794, -9.99612 ], [ -67.81316, -9.99178 ], [ -67.81082, -9.99317 ], [ -67.82078, -10.00174 ], [ -67.83002, -10.00707 ], [ -67.82169, -9.99952 ] ] ] ] } },
{ "type": "Feature", "properties": { "cluster": 286.0, "hvi": 0.1272, "population": 2564, "setores": 3, "municipio": "Rio Branco" }, "geometry": { "type": "Polygon", "coordinates": [ [ [ -67.86182, -9.98644 ], [ -67.86574, -9.9959 ], [ -67.8617, -9.99792 ], [ -67.86734, -9.99894 ], [ -67.88154, -9.98372 ], [ -67.87573, -9.98359 ], [ -67.87425, -9.98066 ], [ -67.8748, -9.98135 ], [ -67.87945, -9.97916 ], [ -67.8708, -9.97854 ], [ -67.87117, -9.9835 ], [ -67.86915, -9.98346 ], [ -67.86327, -9.97774 ], [ -67.86182, -9.98644 ] ] ] } },
{ "type": "Feature", "properties": { "cluster": 287.0, "hvi": 0.1276, "population": 1237, "setores": 2, "municipio": "Rio Branco" }, "geometry": { "type": "Polygon", "coordinates": [ [ [ -67.84171, -9.9843 ], [ -67.84356, -9.98266 ], [ -67.8428, -9.9811 ], [ -67.84612, -9.9811 ], [ -67.84272, -9.98094 ], [ -67.84197, -9.97939 ], [ -67.83919, -9.98091 ], [ -67.84171, -9.9843 ] ] ] } },
{ "type": "Feature", "properties": { "cluster": 288.0, "hvi": 0.1185, "population": 2859, "setores": 4, "municipio": "Rio Branco" }, "geometry": { "type": "MultiPolygon", "coordinates": [ [ [ [ -67.87118, -9.98365 ], [ -67.87126, -9.98034 ], [ -67.86803, -9.98108 ], [ -67.86915, -9.98346 ], [ -67.87118, -9.98365 ] ] ], [ [ [ -67.86803, -9.98108 ], [ -67.86883, -9.97957 ], [ -67.87126, -9.98034 ], [ -67.86911, -9.97564 ], [ -67.86644, -9.97639 ], [ -67.86881, -9.97954 ], [ -67.86548, -9.97795 ], [ -67.86803, -9.98108 ] ] ], [ [ [ -67.87068, -9.97851 ], [ -67.87339, -9.97747 ], [ -67.87272, -9.97468 ], [ -67.86908, -9.97554 ], [ -67.87068, -9.97851 ] ] ] ] } },
{ "type": "Feature", "properties": { "cluster": 289.0, "hvi": 0.1112, "population": 2270, "setores": 4, "municipio": "Rio Branco" }, "geometry": { "type": "MultiPolygon", "coordinates": [ [ [ [ -67.88239, -9.94695 ], [ -67.88075, -9.94528 ], [ -67.88018, -9.94891 ], [ -67.88239, -9.94695 ] ] ], [ [ [ -67.88086, -9.95049 ], [ -67.88467, -9.94351 ], [ -67.89058, -9.94783 ], [ -67.89286, -9.9444 ], [ -67.88234, -9.93778 ], [ -67.87296, -9.94386 ], [ -67.8759, -9.94542 ], [ -67.87952, -9.94332 ], [ -67.88083, -9.94528 ], [ -67.8826, -9.94201 ], [ -67.88239, -9.94695 ], [ -67.88086, -9.95049 ] ], [ [ -67.88225, -9.94175 ], [ -67.8824, -9.94186 ], [ -67.88212, -9.94182 ], [ -67.88225, -9.94175 ] ] ] ] } },
{ "type": "Feature", "properties": { "cluster": 290.0, "hvi": 0.109, "population": 2836, "setores": 6, "municipio": "Rio Branco" }, "geometry": { "type": "Polygon", "coordinates": [ [ [ -67.87073, -9.96954 ], [ -67.87855, -9.96987 ], [ -67.87974, -9.966 ], [ -67.87741, -9.96405 ], [ -67.87254, -9.96094 ], [ -67.86148, -9.96163 ], [ -67.85674, -9.96026 ], [ -67.85794, -9.95805 ], [ -67.85403, -9.95726 ], [ -67.85292, -9.96073 ], [ -67.85657, -9.96046 ], [ -67.85471, -9.96512 ], [ -67.85987, -9.96897 ], [ -67.86643, -9.96932 ], [ -67.86504, -9.97211 ], [ -67.87066, -9.9708 ], [ -67.87073, -9.96954 ] ], [ [ -67.87068, -9.96954 ], [ -67.87053, -9.9672 ], [ -67.87741, -9.96405 ], [ -67.87068, -9.96954 ] ], [ [ -67.85934, -9.96279 ], [ -67.85973, -9.96191 ], [ -67.86012, -9.96261 ], [ -67.85934, -9.96279 ] ] ] } },
{ "type": "Feature", "properties": { "cluster": 291.0, "hvi": 0.1144, "population": 3130, "setores": 5, "municipio": "Rio Branco" }, "geometry": { "type": "MultiPolygon", "coordinates": [ [ [ [ -67.85173, -9.96058 ], [ -67.85294, -9.95305 ], [ -67.85128, -9.94869 ], [ -67.85329, -9.94916 ], [ -67.85441, -9.94621 ], [ -67.85064, -9.94855 ], [ -67.8512, -9.94868 ], [ -67.84784, -9.94896 ], [ -67.85017, -9.96092 ], [ -67.85173, -9.96058 ] ] ], [ [ [ -67.84467, -9.95103 ], [ -67.84489, -9.95158 ], [ -67.846, -9.95075 ], [ -67.84467, -9.95103 ] ] ], [ [ [ -67.85441, -9.94621 ], [ -67.85442, -9.94855 ], [ -67.85821, -9.94807 ], [ -67.85482, -9.95015 ], [ -67.85998, -9.94928 ], [ -67.86112, -9.94628 ], [ -67.85854, -9.94787 ], [ -67.85441, -9.94621 ] ] ] ] } },
{ "type": "Feature", "properties": { "cluster": 292.0, "hvi": 0.1007, "population": 395, "setores": 1, "municipio": "Rio Branco" }, "geometry": { "type": "Polygon", "coordinates": [ [ [ -67.83135, -9.99977 ], [ -67.83422, -9.99923 ], [ -67.83232, -9.99849 ], [ -67.83135, -9.99977 ] ] ] } },
{ "type": "Feature", "properties": { "cluster": 293.0, "hvi": 0.1228, "population": 814, "setores": 1, "municipio": "Rio Branco" }, "geometry": { "type": "Polygon", "coordinates": [ [ [ -67.8459, -9.95683 ], [ -67.8439, -9.96022 ], [ -67.84594, -9.96013 ], [ -67.8459, -9.95683 ] ] ] } },
{ "type": "Feature", "properties": { "cluster": 294.0, "hvi": 0.1243, "population": 2190, "setores": 3, "municipio": "Rio Branco" }, "geometry": { "type": "Polygon", "coordinates": [ [ [ -67.81623, -10.04125 ], [ -67.8123, -10.03892 ], [ -67.80085, -10.04298 ], [ -67.80126, -10.04246 ], [ -67.79678, -10.0406 ], [ -67.79859, -10.04206 ], [ -67.79909, -10.04492 ], [ -67.79504, -10.04793 ], [ -67.80583, -10.04998 ], [ -67.81623, -10.04125 ] ], [ [ -67.79962, -10.04453 ], [ -67.80075, -10.04311 ], [ -67.80583, -10.04998 ], [ -67.80087, -10.0436 ], [ -67.79962, -10.04453 ] ] ] } },
{ "type": "Feature", "properties": { "cluster": 295.0, "hvi": 0.0975, "population": 2887, "setores": 9, "municipio": "Rio Branco" }, "geometry": { "type": "Polygon", "coordinates": [ [ [ -67.80652, -10.07164 ], [ -67.8145, -10.0737 ], [ -67.81537, -10.06466 ], [ -67.82012, -10.06669 ], [ -67.82309, -10.05595 ], [ -67.81623, -10.04125 ], [ -67.80583, -10.04998 ], [ -67.80602, -10.05198 ], [ -67.7988, -10.04945 ], [ -67.79368, -10.05245 ], [ -67.79218, -10.04967 ], [ -67.79184, -10.05617 ], [ -67.7911, -10.05244 ], [ -67.78715, -10.05556 ], [ -67.78909, -10.05961 ], [ -67.78563, -10.06362 ], [ -67.79258, -10.05987 ], [ -67.79245, -10.05919 ], [ -67.79525, -10.06346 ], [ -67.78991, -10.07224 ], [ -67.7933, -10.07675 ], [ -67.79724, -10.07464 ], [ -67.78616, -10.08088 ], [ -67.80189, -10.09214 ], [ -67.8063, -10.09006 ], [ -67.80346, -10.08135 ], [ -67.80281, -10.08116 ], [ -67.80931, -10.07367 ], [ -67.80652, -10.07164 ] ], [ [ -67.79794, -10.06029 ], [ -67.79658, -10.05779 ], [ -67.80029, -10.05924 ], [ -67.79525, -10.06346 ], [ -67.79794, -10.06029 ] ], [ [ -67.80509, -10.0611 ], [ -67.8065, -10.05686 ], [ -67.80701, -10.06202 ], [ -67.80509, -10.0611 ] ], [ [ -67.79823, -10.05449 ], [ -67.79516, -10.05512 ], [ -67.79568, -10.05612 ], [ -67.79376, -10.05258 ], [ -67.79823, -10.05449 ] ] ] } },
{ "type": "Feature", "properties": { "cluster": 296.0, "hvi": 0.1117, "population": 2860, "setores": 5, "municipio": "Rio Branco" }, "geometry": { "type": "Polygon", "coordinates": [ [ [ -67.78225, -10.06926 ], [ -67.78449, -10.07593 ], [ -67.79087, -10.07129 ], [ -67.78625, -10.06783 ], [ -67.78686, -10.06387 ], [ -67.78589, -10.06236 ], [ -67.78909, -10.05961 ], [ -67.78847, -10.05474 ], [ -67.79216, -10.04979 ], [ -67.79051, -10.04598 ], [ -67.78399, -10.05053 ], [ -67.77706, -10.05375 ], [ -67.78015, -10.06298 ], [ -67.7759, -10.06564 ], [ -67.77518, -10.06278 ], [ -67.77233, -10.06256 ], [ -67.77235, -10.06115 ], [ -67.76959, -10.05847 ], [ -67.76205, -10.06188 ], [ -67.76552, -10.07142 ], [ -67.75957, -10.0796 ], [ -67.77212, -10.07484 ], [ -67.77542, -10.07651 ], [ -67.78225, -10.06926 ] ] ] } },
{ "type": "Feature", "properties": { "cluster": 297.0, "hvi": 0.107, "population": 2431, "setores": 5, "municipio": "Rio Branco" }, "geometry": { "type": "Polygon", "coordinates": [ [ [ -67.84462, -9.9869 ], [ -67.84133, -9.98755 ], [ -67.84221, -9.9872 ], [ -67.8414, -9.98692 ], [ -67.84368, -9.98647 ], [ -67.84296, -9.98577 ], [ -67.84452, -9.98688 ], [ -67.84752, -9.981 ], [ -67.84217, -9.98176 ], [ -67.84224, -9.98506 ], [ -67.84053, -9.98338 ], [ -67.84031, -9.98775 ], [ -67.83909, -9.9855 ], [ -67.8379, -9.98647 ], [ -67.83993, -9.98782 ], [ -67.83727, -9.98835 ], [ -67.84206, -9.99278 ], [ -67.84462, -9.9869 ] ] ] } },
{ "type": "Feature", "properties": { "cluster": 298.0, "hvi": 0.1406, "population": 2001, "setores": 2, "municipio": "Rio Branco" }, "geometry": { "type": "MultiPolygon", "coordinates": [ [ [ [ -67.84117, -9.99961 ], [ -67.83901, -10.00329 ], [ -67.84336, -10.00498 ], [ -67.84005, -9.99661 ], [ -67.83763, -9.99938 ], [ -67.84117, -9.99961 ] ] ], [ [ [ -67.84005, -9.99661 ], [ -67.84054, -9.99593 ], [ -67.83889, -9.99351 ], [ -67.83691, -9.99514 ], [ -67.84005, -9.99661 ] ] ] ] } },
{ "type": "Feature", "properties": { "cluster": 299.0, "hvi": 0.1188, "population": 2845, "setores": 4, "municipio": "Rio Branco" }, "geometry": { "type": "MultiPolygon", "coordinates": [ [ [ [ -67.84964, -9.99949 ], [ -67.86571, -9.99597 ], [ -67.86182, -9.98644 ], [ -67.86327, -9.97774 ], [ -67.84913, -9.97737 ], [ -67.84452, -9.98688 ], [ -67.85481, -9.98801 ], [ -67.84597, -9.98753 ], [ -67.84847, -9.99195 ], [ -67.84964, -9.99949 ] ], [ [ -67.85514, -9.98565 ], [ -67.85483, -9.98788 ], [ -67.85414, -9.98255 ], [ -67.85514, -9.98565 ] ] ], [ [ [ -67.86668, -9.97715 ], [ -67.86648, -9.96923 ], [ -67.86063, -9.96901 ], [ -67.86018, -9.97693 ], [ -67.86668, -9.97715 ] ] ] ] } },
{ "type": "Feature", "properties": { "cluster": 300.0, "hvi": 0.1199, "population": 2241, "setores": 3, "municipio": "Rio Branco" }, "geometry": { "type": "Polygon", "coordinates": [ [ [ -67.79017, -10.03465 ], [ -67.79661, -10.03401 ], [ -67.79413, -10.03355 ], [ -67.79885, -10.03373 ], [ -67.79873, -10.02983 ], [ -67.79882, -10.03216 ], [ -67.80242, -10.03198 ], [ -67.80198, -10.02998 ], [ -67.7987, -10.02888 ], [ -67.79863, -10.02669 ], [ -67.79398, -10.02695 ], [ -67.79708, -10.02876 ], [ -67.79157, -10.02669 ], [ -67.79017, -10.03465 ] ] ] } },
{ "type": "Feature", "properties": { "cluster": 301.0, "hvi": 0.1328, "population": 2925, "setores": 3, "municipio": "Rio Branco" }, "geometry": { "type": "MultiPolygon", "coordinates": [ [ [ [ -67.76556, -10.0617 ], [ -67.77084, -10.05735 ], [ -67.77028, -10.04839 ], [ -67.76327, -10.04699 ], [ -67.75918, -10.06172 ], [ -67.76556, -10.0617 ] ] ], [ [ [ -67.78656, -10.04875 ], [ -67.78223, -10.04032 ], [ -67.77812, -10.04308 ], [ -67.78249, -10.05157 ], [ -67.78656, -10.04875 ] ] ], [ [ [ -67.78249, -10.05157 ], [ -67.7756, -10.03819 ], [ -67.77028, -10.04839 ], [ -67.77969, -10.05291 ], [ -67.78249, -10.05157 ] ] ] ] } },
{ "type": "Feature", "properties": { "cluster": 302.0, "hvi": 0.1372, "population": 501, "setores": 1, "municipio": "Rio Branco" }, "geometry": { "type": "Polygon", "coordinates": [ [ [ -67.70283, -9.78737 ], [ -67.7669, -9.8582 ], [ -67.76847, -9.84969 ], [ -67.77567, -9.8459 ], [ -67.77744, -9.84964 ], [ -67.78754, -9.84043 ], [ -67.78486, -9.81843 ], [ -67.78737, -9.79778 ], [ -67.78434, -9.79279 ], [ -67.79397, -9.78226 ], [ -67.74352, -9.73973 ], [ -67.70283, -9.78737 ] ] ] } },
{ "type": "Feature", "properties": { "cluster": 303.0, "hvi": 0.0997, "population": 2999, "setores": 8, "municipio": "Capixaba" }, "geometry": { "type": "MultiPolygon", "coordinates": [ [ [ [ -67.7862, -10.21762 ], [ -67.78289, -10.22334 ], [ -67.78469, -10.23178 ], [ -67.78025, -10.24099 ], [ -67.77375, -10.2414 ], [ -67.76988, -10.25096 ], [ -67.76486, -10.25064 ], [ -67.76606, -10.25546 ], [ -67.75733, -10.26532 ], [ -67.75663, -10.27085 ], [ -67.75102, -10.27099 ], [ -67.73861, -10.28246 ], [ -67.73156, -10.28129 ], [ -67.72752, -10.28687 ], [ -67.71687, -10.29133 ], [ -67.69594, -10.32399 ], [ -67.69549, -10.34319 ], [ -67.68448, -10.36022 ], [ -67.7003, -10.36451 ], [ -67.70813, -10.36179 ], [ -67.71765, -10.39421 ], [ -67.78075, -10.37406 ], [ -67.75528, -10.34237 ], [ -67.76568, -10.335 ], [ -67.78876, -10.32088 ], [ -67.80976, -10.34217 ], [ -67.8528, -10.30028 ], [ -67.85156, -10.29036 ], [ -67.84208, -10.2819 ], [ -67.84662, -10.28045 ], [ -67.85592, -10.28551 ], [ -67.8466, -10.27093 ], [ -67.84237, -10.26971 ], [ -67.83485, -10.27516 ], [ -67.81769, -10.26591 ], [ -67.8203, -10.26144 ], [ -67.82498, -10.26213 ], [ -67.82989, -10.25844 ], [ -67.83283, -10.25294 ], [ -67.83207, -10.24513 ], [ -67.824, -10.2445 ], [ -67.82171, -10.23765 ], [ -67.81561, -10.23311 ], [ -67.81786, -10.2261 ], [ -67.81323, -10.22463 ], [ -67.81875, -10.21562 ], [ -67.82649, -10.21435 ], [ -67.82725, -10.20936 ], [ -67.80426, -10.20386 ], [ -67.80449, -10.19751 ], [ -67.80823, -10.20043 ], [ -67.81223, -10.19662 ], [ -67.80213, -10.18388 ], [ -67.80442, -10.17945 ], [ -67.80958, -10.18243 ], [ -67.81163, -10.17893 ], [ -67.80832, -10.1616 ], [ -67.81206, -10.16046 ], [ -67.81548, -10.16412 ], [ -67.8187, -10.15987 ], [ -67.81327, -10.14855 ], [ -67.82191, -10.14418 ], [ -67.81332, -10.13543 ], [ -67.8226, -10.1242 ], [ -67.82945, -10.12242 ], [ -67.82202, -10.11287 ], [ -67.82738, -10.11442 ], [ -67.82974, -10.11084 ], [ -67.82093, -10.10681 ], [ -67.81754, -10.09807 ], [ -67.82127, -10.09198 ], [ -67.81564, -10.08847 ], [ -67.81928, -10.08967 ], [ -67.81899, -10.07838 ], [ -67.81821, -10.07523 ], [ -67.82012, -10.06669 ], [ -67.81537, -10.06466 ], [ -67.8145, -10.0737 ], [ -67.81166, -10.07411 ], [ -67.81242, -10.07642 ], [ -67.80931, -10.07367 ], [ -67.80335, -10.07877 ], [ -67.8063, -10.09006 ], [ -67.80733, -10.09003 ], [ -67.7902, -10.09578 ], [ -67.77441, -10.10814 ], [ -67.75748, -10.10988 ], [ -67.7545, -10.12619 ], [ -67.74126, -10.14654 ], [ -67.75009, -10.14935 ], [ -67.74618, -10.15244 ], [ -67.75096, -10.15706 ], [ -67.74242, -10.15181 ], [ -67.73807, -10.16001 ], [ -67.7358, -10.1581 ], [ -67.73142, -10.16126 ], [ -67.72625, -10.15342 ], [ -67.71186, -10.16555 ], [ -67.72554, -10.16501 ], [ -67.73049, -10.16193 ], [ -67.73559, -10.16874 ], [ -67.73976, -10.16847 ], [ -67.74188, -10.16166 ], [ -67.73969, -10.16911 ], [ -67.7491, -10.17499 ], [ -67.75327, -10.18514 ], [ -67.76639, -10.19285 ], [ -67.77451, -10.19177 ], [ -67.77941, -10.19453 ], [ -67.79489, -10.18997 ], [ -67.80081, -10.19479 ], [ -67.8006, -10.20151 ], [ -67.80445, -10.19748 ], [ -67.80021, -10.21093 ], [ -67.78401, -10.21519 ], [ -67.7862, -10.21762 ] ], [ [ -67.81103, -10.08879 ], [ -67.81305, -10.08761 ], [ -67.8138, -10.08786 ], [ -67.81103, -10.08879 ] ], [ [ -67.80936, -10.08935 ], [ -67.81209, -10.08117 ], [ -67.81491, -10.08003 ], [ -67.80936, -10.08935 ] ], [ [ -67.75173, -10.15779 ], [ -67.74816, -10.16428 ], [ -67.75164, -10.1577 ], [ -67.75173, -10.15779 ] ] ], [ [ [ -67.82776, -10.09715 ], [ -67.8331, -10.09396 ], [ -67.83228, -10.08633 ], [ -67.84121, -10.0884 ], [ -67.83388, -10.08179 ], [ -67.83446, -10.07766 ], [ -67.82417, -10.08588 ], [ -67.81899, -10.07838 ], [ -67.82127, -10.09198 ], [ -67.8243, -10.09079 ], [ -67.82776, -10.09715 ] ] ] ] } },
{ "type": "Feature", "properties": { "cluster": 304.0, "hvi": 0.1061, "population": 1430, "setores": 4, "municipio": "Rio Branco" }, "geometry": { "type": "Polygon", "coordinates": [ [ [ -67.90017, -10.019 ], [ -67.9063, -10.01782 ], [ -67.91045, -10.02159 ], [ -67.90874, -10.03352 ], [ -67.91602, -10.04343 ], [ -67.90905, -10.05299 ], [ -67.91405, -10.06864 ], [ -67.94072, -10.08282 ], [ -67.94239, -10.08085 ], [ -67.93654, -10.06909 ], [ -67.93939, -10.06335 ], [ -67.95068, -10.06475 ], [ -67.9479, -10.06811 ], [ -67.9532, -10.07099 ], [ -67.95306, -10.06757 ], [ -67.96396, -10.06749 ], [ -67.96448, -10.05797 ], [ -67.97201, -10.06107 ], [ -67.97077, -10.0529 ], [ -67.98267, -10.04992 ], [ -67.9988, -10.03375 ], [ -68.0083, -10.03104 ], [ -68.0106, -10.02552 ], [ -68.02548, -10.02699 ], [ -68.02768, -10.02463 ], [ -68.02347, -10.01925 ], [ -68.02593, -10.01576 ], [ -68.01663, -9.9952 ], [ -67.96321, -10.02613 ], [ -67.96016, -10.01414 ], [ -67.94583, -10.01684 ], [ -67.94684, -10.03124 ], [ -67.9059, -10.01368 ], [ -67.91088, -10.00892 ], [ -67.91035, -10.00753 ], [ -67.90584, -10.00626 ], [ -67.89957, -10.01095 ], [ -67.9031, -10.01248 ], [ -67.89632, -10.00957 ], [ -67.90017, -10.019 ] ] ] } },
{ "type": "Feature", "properties": { "cluster": 305.0, "hvi": 0.1244, "population": 516, "setores": 1, "municipio": "Rio Branco" }, "geometry": { "type": "Polygon", "coordinates": [ [ [ -67.87548, -9.87517 ], [ -67.89808, -9.89038 ], [ -67.90441, -9.8807 ], [ -67.87758, -9.86341 ], [ -67.87548, -9.87517 ] ] ] } },
{ "type": "Feature", "properties": { "cluster": 306.0, "hvi": 0.111, "population": 2895, "setores": 5, "municipio": "Rio Branco" }, "geometry": { "type": "MultiPolygon", "coordinates": [ [ [ [ -67.82881, -9.92707 ], [ -67.82855, -9.92577 ], [ -67.82536, -9.92753 ], [ -67.82881, -9.92707 ] ] ], [ [ [ -67.82582, -9.93013 ], [ -67.82359, -9.91938 ], [ -67.82042, -9.92781 ], [ -67.82582, -9.93013 ] ] ], [ [ [ -67.81945, -9.92432 ], [ -67.81681, -9.92668 ], [ -67.82047, -9.92802 ], [ -67.81945, -9.92432 ] ] ], [ [ [ -67.82699, -9.92277 ], [ -67.82513, -9.92628 ], [ -67.82855, -9.92577 ], [ -67.82699, -9.92277 ] ] ] ] } },
{ "type": "Feature", "properties": { "cluster": 307.0, "hvi": 0.1114, "population": 2881, "setores": 5, "municipio": "Rio Branco" }, "geometry": { "type": "MultiPolygon", "coordinates": [ [ [ [ -67.80172, -9.94243 ], [ -67.80013, -9.9404 ], [ -67.79814, -9.943 ], [ -67.80172, -9.94243 ] ] ], [ [ [ -67.79969, -9.94016 ], [ -67.80003, -9.93934 ], [ -67.79652, -9.93731 ], [ -67.79542, -9.94001 ], [ -67.79969, -9.94016 ] ] ], [ [ [ -67.79544, -9.93958 ], [ -67.79645, -9.93624 ], [ -67.79335, -9.93496 ], [ -67.79737, -9.93367 ], [ -67.79546, -9.93378 ], [ -67.79793, -9.93241 ], [ -67.80489, -9.92431 ], [ -67.79303, -9.91684 ], [ -67.79176, -9.9298 ], [ -67.78705, -9.93024 ], [ -67.79544, -9.93958 ] ] ] ] } },
{ "type": "Feature", "properties": { "cluster": 308.0, "hvi": 0.114, "population": 600, "setores": 1, "municipio": "Rio Branco" }, "geometry": { "type": "Polygon", "coordinates": [ [ [ -67.73966, -10.05301 ], [ -67.73063, -10.05791 ], [ -67.73045, -10.06358 ], [ -67.7535, -10.0613 ], [ -67.75423, -10.05136 ], [ -67.73966, -10.05301 ] ] ] } },
{ "type": "Feature", "properties": { "cluster": 309.0, "hvi": 0.1186, "population": 2207, "setores": 3, "municipio": "Rio Branco" }, "geometry": { "type": "MultiPolygon", "coordinates": [ [ [ [ -67.76612, -10.03317 ], [ -67.76981, -10.03358 ], [ -67.76906, -10.02825 ], [ -67.76612, -10.03317 ] ] ], [ [ [ -67.76699, -10.02962 ], [ -67.76881, -10.02653 ], [ -67.76679, -10.02579 ], [ -67.76227, -10.03162 ], [ -67.76612, -10.03317 ], [ -67.76699, -10.02962 ] ] ] ] } },
{ "type": "Feature", "properties": { "cluster": 310.0, "hvi": 0.1231, "population": 1643, "setores": 2, "municipio": "Rio Branco" }, "geometry": { "type": "Polygon", "coordinates": [ [ [ -67.76227, -10.03162 ], [ -67.76407, -10.02787 ], [ -67.7649, -10.02863 ], [ -67.76679, -10.02579 ], [ -67.76353, -10.02362 ], [ -67.7621, -10.02608 ], [ -67.76227, -10.03162 ] ] ] } },
{ "type": "Feature", "properties": { "cluster": 311.0, "hvi": 0.1211, "population": 2344, "setores": 3, "municipio": "Rio Branco" }, "geometry": { "type": "Polygon", "coordinates": [ [ [ -67.75502, -10.02646 ], [ -67.75687, -10.02957 ], [ -67.75994, -10.02586 ], [ -67.76038, -10.02314 ], [ -67.7635, -10.0236 ], [ -67.76264, -10.01213 ], [ -67.75278, -10.01232 ], [ -67.75264, -10.02201 ], [ -67.75661, -10.02259 ], [ -67.75714, -10.02576 ], [ -67.75925, -10.02583 ], [ -67.75502, -10.02646 ] ] ] } },
{ "type": "Feature", "properties": { "cluster": 312.0, "hvi": 0.1133, "population": 1937, "setores": 4, "municipio": "Rio Branco" }, "geometry": { "type": "MultiPolygon", "coordinates": [ [ [ [ -67.75231, -10.05083 ], [ -67.75853, -10.03982 ], [ -67.75513, -10.03105 ], [ -67.74907, -10.02772 ], [ -67.74143, -10.02352 ], [ -67.75264, -10.02201 ], [ -67.75278, -10.01232 ], [ -67.7364, -10.01265 ], [ -67.73966, -10.05301 ], [ -67.75231, -10.05083 ] ] ], [ [ [ -67.75506, -10.02645 ], [ -67.75714, -10.02576 ], [ -67.75651, -10.02199 ], [ -67.75264, -10.02201 ], [ -67.75435, -10.0252 ], [ -67.75059, -10.02854 ], [ -67.75513, -10.03105 ], [ -67.75687, -10.02957 ], [ -67.75506, -10.02645 ] ] ], [ [ [ -67.75111, -10.02511 ], [ -67.74907, -10.02772 ], [ -67.75422, -10.02499 ], [ -67.75338, -10.02347 ], [ -67.75111, -10.02511 ] ] ] ] } },
{ "type": "Feature", "properties": { "cluster": 313.0, "hvi": 0.1215, "population": 1599, "setores": 2, "municipio": "Rio Branco" }, "geometry": { "type": "Polygon", "coordinates": [ [ [ -67.74907, -10.02772 ], [ -67.75338, -10.02347 ], [ -67.74644, -10.02208 ], [ -67.74135, -10.02212 ], [ -67.74149, -10.02362 ], [ -67.74907, -10.02772 ] ] ] } },
{ "type": "Feature", "properties": { "cluster": 314.0, "hvi": 0.1254, "population": 1547, "setores": 2, "municipio": "Rio Branco" }, "geometry": { "type": "Polygon", "coordinates": [ [ [ -67.80739, -9.93114 ], [ -67.81246, -9.92557 ], [ -67.81247, -9.92191 ], [ -67.80208, -9.92566 ], [ -67.80254, -9.92807 ], [ -67.80739, -9.93114 ] ] ] } },
{ "type": "Feature", "properties": { "cluster": 315.0, "hvi": 0.1027, "population": 2927, "setores": 8, "municipio": "Bujari" }, "geometry": { "type": "Polygon", "coordinates": [ [ [ -67.89286, -9.9444 ], [ -67.89554, -9.94093 ], [ -67.89243, -9.93344 ], [ -67.8983, -9.93087 ], [ -67.89751, -9.92539 ], [ -67.90065, -9.91731 ], [ -67.92294, -9.90834 ], [ -67.93331, -9.91195 ], [ -67.94718, -9.90753 ], [ -67.95519, -9.91522 ], [ -67.95812, -9.90759 ], [ -67.96393, -9.90667 ], [ -67.97978, -9.89492 ], [ -67.99331, -9.89117 ], [ -68.00683, -9.88932 ], [ -68.03097, -9.89451 ], [ -68.03801, -9.89056 ], [ -68.04429, -9.89158 ], [ -68.03667, -9.88078 ], [ -68.00174, -9.8679 ], [ -67.99071, -9.85438 ], [ -67.97607, -9.84558 ], [ -67.97236, -9.85173 ], [ -67.96697, -9.85344 ], [ -67.9495, -9.85356 ], [ -67.93458, -9.84939 ], [ -67.92687, -9.85382 ], [ -67.92342, -9.85141 ], [ -67.91928, -9.84656 ], [ -67.90528, -9.84673 ], [ -67.90111, -9.84293 ], [ -67.87793, -9.84264 ], [ -67.89028, -9.82352 ], [ -67.88267, -9.81875 ], [ -67.8439, -9.81757 ], [ -67.84226, -9.82212 ], [ -67.83394, -9.82166 ], [ -67.83367, -9.83304 ], [ -67.82529, -9.85152 ], [ -67.82936, -9.86988 ], [ -67.84473, -9.85889 ], [ -67.83054, -9.86928 ], [ -67.8305, -9.87047 ], [ -67.83031, -9.86976 ], [ -67.81663, -9.87488 ], [ -67.80974, -9.87118 ], [ -67.80884, -9.8856 ], [ -67.79717, -9.88891 ], [ -67.82619, -9.91972 ], [ -67.83243, -9.91372 ], [ -67.83686, -9.91709 ], [ -67.84042, -9.92211 ], [ -67.84273, -9.92185 ], [ -67.84156, -9.92014 ], [ -67.85143, -9.92654 ], [ -67.86025, -9.92478 ], [ -67.86411, -9.9305 ], [ -67.87265, -9.92602 ], [ -67.88386, -9.91021 ], [ -67.88723, -9.90811 ], [ -67.88991, -9.91159 ], [ -67.89146, -9.90519 ], [ -67.8852, -9.93205 ], [ -67.88035, -9.93775 ], [ -67.89286, -9.9444 ] ], [ [ -67.8975, -9.89168 ], [ -67.89808, -9.89038 ], [ -67.8723, -9.87366 ], [ -67.87548, -9.87517 ], [ -67.87758, -9.86341 ], [ -67.90441, -9.8807 ], [ -67.92342, -9.85141 ], [ -67.8975, -9.89168 ] ], [ [ -67.83103, -9.90724 ], [ -67.83115, -9.90737 ], [ -67.83132, -9.9082 ], [ -67.83103, -9.90724 ] ], [ [ -67.82327, -9.89991 ], [ -67.82352, -9.89939 ], [ -67.83021, -9.90638 ], [ -67.82327, -9.89991 ] ], [ [ -67.82991, -9.88588 ], [ -67.82991, -9.88601 ], [ -67.82894, -9.88793 ], [ -67.82991, -9.88588 ] ] ] } },
{ "type": "Feature", "properties": { "cluster": 316.0, "hvi": 0.1069, "population": 2740, "setores": 6, "municipio": "Rio Branco" }, "geometry": { "type": "MultiPolygon", "coordinates": [ [ [ [ -67.79861, -10.00293 ], [ -67.80081, -10.00237 ], [ -67.79808, -9.99893 ], [ -67.79861, -10.00293 ] ] ], [ [ [ -67.80384, -10.00518 ], [ -67.80397, -10.00568 ], [ -67.80707, -10.00427 ], [ -67.80765, -9.99717 ], [ -67.80796, -9.99226 ], [ -67.80622, -9.99242 ], [ -67.80785, -9.99013 ], [ -67.80569, -9.97966 ], [ -67.79746, -9.98136 ], [ -67.80086, -9.99406 ], [ -67.79905, -9.99848 ], [ -67.80308, -10.00617 ], [ -67.80384, -10.00518 ] ], [ [ -67.80486, -9.99525 ], [ -67.80442, -9.99494 ], [ -67.80569, -9.99315 ], [ -67.80486, -9.99525 ] ] ], [ [ [ -67.80819, -9.99657 ], [ -67.81015, -9.99026 ], [ -67.80771, -9.99647 ], [ -67.80819, -9.99657 ] ] ], [ [ [ -67.80741, -9.98793 ], [ -67.81218, -9.98727 ], [ -67.80883, -9.9863 ], [ -67.80701, -9.98192 ], [ -67.80741, -9.98793 ] ] ] ] } },
{ "type": "Feature", "properties": { "cluster": 317.0, "hvi": 0.1326, "population": 2583, "setores": 3, "municipio": "Rio Branco" }, "geometry": { "type": "MultiPolygon", "coordinates": [ [ [ [ -67.83726, -9.92664 ], [ -67.84105, -9.92661 ], [ -67.83885, -9.92419 ], [ -67.83609, -9.92437 ], [ -67.83726, -9.92664 ] ] ], [ [ [ -67.83526, -9.91799 ], [ -67.83714, -9.92033 ], [ -67.83464, -9.92287 ], [ -67.83796, -9.92289 ], [ -67.83758, -9.92371 ], [ -67.84162, -9.92508 ], [ -67.8435, -9.92159 ], [ -67.83906, -9.92137 ], [ -67.83526, -9.91799 ] ] ] ] } },
{ "type": "Feature", "properties": { "cluster": 318.0, "hvi": 0.1807, "population": 1205, "setores": 1, "municipio": "Rio Branco" }, "geometry": { "type": "Polygon", "coordinates": [ [ [ -67.82536, -9.92753 ], [ -67.82603, -9.93127 ], [ -67.82966, -9.9327 ], [ -67.82881, -9.92707 ], [ -67.82536, -9.92753 ] ] ] } },
{ "type": "Feature", "properties": { "cluster": 320.0, "hvi": 0.1115, "population": 2836, "setores": 5, "municipio": "Rio Branco" }, "geometry": { "type": "MultiPolygon", "coordinates": [ [ [ [ -67.80167, -10.02521 ], [ -67.79875, -10.01129 ], [ -67.79551, -10.01141 ], [ -67.79539, -10.0091 ], [ -67.79366, -10.00881 ], [ -67.79362, -10.00724 ], [ -67.79209, -10.00854 ], [ -67.79039, -10.00824 ], [ -67.79032, -10.01159 ], [ -67.79135, -10.01157 ], [ -67.79133, -10.01426 ], [ -67.79529, -10.01728 ], [ -67.79369, -10.01476 ], [ -67.79814, -10.01474 ], [ -67.79853, -10.01258 ], [ -67.79869, -10.02888 ], [ -67.80555, -10.0285 ], [ -67.80167, -10.02521 ] ] ], [ [ [ -67.79825, -10.0077 ], [ -67.79368, -10.00859 ], [ -67.79817, -10.00835 ], [ -67.79825, -10.0077 ] ] ] ] } },
{ "type": "Feature", "properties": { "cluster": 321.0, "hvi": 0.1059, "population": 2971, "setores": 7, "municipio": "Rio Branco" }, "geometry": { "type": "MultiPolygon", "coordinates": [ [ [ [ -67.79569, -9.96094 ], [ -67.79485, -9.96009 ], [ -67.79728, -9.95731 ], [ -67.79215, -9.95353 ], [ -67.79524, -9.94961 ], [ -67.79466, -9.94513 ], [ -67.78612, -9.94422 ], [ -67.77873, -9.95616 ], [ -67.78416, -9.95956 ], [ -67.78625, -9.95854 ], [ -67.78445, -9.9553 ], [ -67.78858, -9.95806 ], [ -67.78934, -9.95709 ], [ -67.79408, -9.95967 ], [ -67.79342, -9.96364 ], [ -67.79569, -9.96094 ] ] ], [ [ [ -67.80319, -9.95057 ], [ -67.79796, -9.95464 ], [ -67.80379, -9.95202 ], [ -67.80319, -9.95057 ] ] ], [ [ [ -67.80859, -9.95388 ], [ -67.81231, -9.94941 ], [ -67.81345, -9.95157 ], [ -67.81441, -9.9497 ], [ -67.81159, -9.94805 ], [ -67.81228, -9.94936 ], [ -67.8077, -9.94813 ], [ -67.80319, -9.95057 ], [ -67.80633, -9.94985 ], [ -67.80859, -9.95388 ] ] ], [ [ [ -67.79759, -9.94847 ], [ -67.79525, -9.95201 ], [ -67.79778, -9.95295 ], [ -67.79759, -9.94847 ] ] ] ] } },
{ "type": "Feature", "properties": { "cluster": 322.0, "hvi": 0.1119, "population": 1137, "setores": 2, "municipio": "Rio Branco" }, "geometry": { "type": "MultiPolygon", "coordinates": [ [ [ [ -67.83527, -9.92794 ], [ -67.83651, -9.9233 ], [ -67.83518, -9.92297 ], [ -67.83527, -9.92794 ] ] ], [ [ [ -67.83312, -9.92761 ], [ -67.83422, -9.92772 ], [ -67.83518, -9.92297 ], [ -67.83312, -9.92761 ] ] ] ] } },
{ "type": "Feature", "properties": { "cluster": 323.0, "hvi": 0.1245, "population": 782, "setores": 1, "municipio": "Rio Branco" }, "geometry": { "type": "Polygon", "coordinates": [ [ [ -67.77706, -10.05375 ], [ -67.76959, -10.05847 ], [ -67.7759, -10.06564 ], [ -67.78028, -10.0629 ], [ -67.77706, -10.05375 ] ] ] } },
{ "type": "Feature", "properties": { "cluster": 324.0, "hvi": 0.1108, "population": 557, "setores": 1, "municipio": "Rio Branco" }, "geometry": { "type": "Polygon", "coordinates": [ [ [ -67.73425, -10.07932 ], [ -67.73537, -10.08922 ], [ -67.75339, -10.08371 ], [ -67.7522, -10.07648 ], [ -67.74178, -10.07435 ], [ -67.73425, -10.07932 ] ] ] } },
{ "type": "Feature", "properties": { "cluster": 325.0, "hvi": 0.0944, "population": 2975, "setores": 12, "municipio": "Rio Branco" }, "geometry": { "type": "MultiPolygon", "coordinates": [ [ [ [ -67.79432, -10.01732 ], [ -67.79135, -10.01156 ], [ -67.78279, -10.01174 ], [ -67.78419, -10.01959 ], [ -67.78528, -10.01952 ], [ -67.78628, -10.02427 ], [ -67.77833, -10.0302 ], [ -67.78045, -10.02421 ], [ -67.77438, -10.02169 ], [ -67.77516, -10.01187 ], [ -67.76831, -10.01201 ], [ -67.76796, -9.99716 ], [ -67.77049, -9.99972 ], [ -67.77268, -9.99516 ], [ -67.78065, -9.99549 ], [ -67.77696, -9.98929 ], [ -67.7804, -9.98365 ], [ -67.77001, -9.98137 ], [ -67.78933, -9.98417 ], [ -67.79035, -9.97827 ], [ -67.78623, -9.97968 ], [ -67.79017, -9.97832 ], [ -67.78978, -9.97433 ], [ -67.78551, -9.96946 ], [ -67.78627, -9.96852 ], [ -67.78036, -9.96015 ], [ -67.77023, -9.95746 ], [ -67.76837, -9.96382 ], [ -67.75886, -9.97141 ], [ -67.75266, -9.96919 ], [ -67.74903, -9.96293 ], [ -67.73516, -9.97089 ], [ -67.73538, -9.97632 ], [ -67.73977, -9.97638 ], [ -67.73875, -9.97817 ], [ -67.73392, -9.97824 ], [ -67.73604, -9.98149 ], [ -67.73123, -9.99475 ], [ -67.73142, -10.01274 ], [ -67.76264, -10.01213 ], [ -67.7635, -10.0236 ], [ -67.76881, -10.02653 ], [ -67.76981, -10.03358 ], [ -67.77727, -10.03321 ], [ -67.77774, -10.03188 ], [ -67.7756, -10.03819 ], [ -67.77812, -10.04308 ], [ -67.78223, -10.04032 ], [ -67.78656, -10.04875 ], [ -67.79885, -10.03373 ], [ -67.79021, -10.03412 ], [ -67.79118, -10.01914 ], [ -67.79432, -10.01732 ] ] ], [ [ [ -67.77862, -9.98805 ], [ -67.78065, -9.99549 ], [ -67.79022, -9.99633 ], [ -67.7898, -9.99002 ], [ -67.77862, -9.98805 ] ] ], [ [ [ -67.7804, -9.98365 ], [ -67.77862, -9.98805 ], [ -67.78883, -9.98914 ], [ -67.78933, -9.98417 ], [ -67.7804, -9.98365 ] ] ] ] } },
{ "type": "Feature", "properties": { "cluster": 326.0, "hvi": 0.0961, "population": 2597, "setores": 11, "municipio": "Bujari" }, "geometry": { "type": "Polygon", "coordinates": [ [ [ -68.05376, -9.9744 ], [ -68.0769, -9.97438 ], [ -68.08755, -9.97771 ], [ -68.11312, -9.96768 ], [ -68.10718, -9.95011 ], [ -68.11354, -9.96748 ], [ -68.12464, -9.96298 ], [ -68.14408, -9.96207 ], [ -68.14741, -9.94876 ], [ -68.15312, -9.96107 ], [ -68.21475, -9.8871 ], [ -68.1535, -9.88022 ], [ -68.15219, -9.89555 ], [ -68.14738, -9.89523 ], [ -68.1466, -9.90601 ], [ -68.15138, -9.90642 ], [ -68.14739, -9.94871 ], [ -68.13748, -9.93567 ], [ -68.12145, -9.93848 ], [ -68.10072, -9.93077 ], [ -68.08725, -9.91974 ], [ -68.08433, -9.9085 ], [ -68.0682, -9.8949 ], [ -68.06307, -9.8955 ], [ -68.06066, -9.89038 ], [ -68.05334, -9.88755 ], [ -68.04398, -9.89091 ], [ -68.05925, -9.90288 ], [ -68.04429, -9.89158 ], [ -68.03801, -9.89056 ], [ -68.03097, -9.89451 ], [ -68.00683, -9.88932 ], [ -67.97978, -9.89492 ], [ -67.96393, -9.90667 ], [ -67.95639, -9.9087 ], [ -67.95519, -9.91522 ], [ -67.94718, -9.90753 ], [ -67.93331, -9.91195 ], [ -67.92669, -9.90849 ], [ -67.91323, -9.911 ], [ -67.90065, -9.91731 ], [ -67.89751, -9.92539 ], [ -67.90053, -9.93525 ], [ -67.90352, -9.93601 ], [ -67.90134, -9.93697 ], [ -67.8983, -9.93087 ], [ -67.89243, -9.93344 ], [ -67.89553, -9.94089 ], [ -67.88963, -9.9493 ], [ -67.87895, -9.95421 ], [ -67.87254, -9.96094 ], [ -67.88192, -9.96789 ], [ -67.88303, -9.97111 ], [ -67.89789, -9.97761 ], [ -67.89354, -9.98705 ], [ -67.89893, -9.98859 ], [ -67.90166, -9.98071 ], [ -67.9264, -9.98203 ], [ -67.93047, -9.97648 ], [ -67.94264, -9.97288 ], [ -67.94868, -9.97445 ], [ -67.96382, -9.96701 ], [ -67.97104, -9.95801 ], [ -67.97225, -9.95962 ], [ -67.96526, -9.96534 ], [ -67.98193, -9.96975 ], [ -67.98978, -9.97956 ], [ -68.0026, -9.97936 ], [ -68.0115, -9.98333 ], [ -68.01852, -9.99412 ], [ -68.05376, -9.9744 ] ], [ [ -67.94658, -9.92825 ], [ -67.94717, -9.92765 ], [ -67.94731, -9.92767 ], [ -67.94658, -9.92825 ] ], [ [ -67.9295, -9.9418 ], [ -67.91785, -9.94502 ], [ -67.9239, -9.94155 ], [ -67.9183, -9.93835 ], [ -67.91605, -9.93901 ], [ -67.91758, -9.93731 ], [ -67.92558, -9.94239 ], [ -67.93348, -9.93865 ], [ -67.9295, -9.9418 ] ], [ [ -67.91315, -9.93847 ], [ -67.91569, -9.93912 ], [ -67.91609, -9.94041 ], [ -67.91315, -9.93847 ] ], [ [ -67.98025, -9.94652 ], [ -67.98166, -9.94476 ], [ -67.98187, -9.94542 ], [ -67.98025, -9.94652 ] ], [ [ -67.91224, -9.93393 ], [ -67.91109, -9.93358 ], [ -67.91157, -9.9335 ], [ -67.91224, -9.93393 ] ] ] } },
{ "type": "Feature", "properties": { "cluster": 327.0, "hvi": 0.1053, "population": 3131, "setores": 8, "municipio": "Rio Branco" }, "geometry": { "type": "Polygon", "coordinates": [ [ [ -68.07751, -10.30874 ], [ -68.07111, -10.36374 ], [ -68.0257, -10.37 ], [ -68.02471, -10.3723 ], [ -68.02662, -10.37904 ], [ -68.0308, -10.37892 ], [ -68.03823, -10.38771 ], [ -68.04438, -10.38906 ], [ -68.04851, -10.38343 ], [ -68.05398, -10.38457 ], [ -68.05717, -10.38057 ], [ -68.06106, -10.3822 ], [ -68.06299, -10.3795 ], [ -68.07004, -10.38341 ], [ -68.09198, -10.36372 ], [ -68.09798, -10.36401 ], [ -68.10277, -10.3689 ], [ -68.11644, -10.36729 ], [ -68.12367, -10.37517 ], [ -68.139, -10.37461 ], [ -68.14366, -10.37084 ], [ -68.15065, -10.37053 ], [ -68.16174, -10.37605 ], [ -68.16505, -10.37382 ], [ -68.18007, -10.37689 ], [ -68.18304, -10.38125 ], [ -68.18914, -10.38235 ], [ -68.1959, -10.37088 ], [ -68.19859, -10.35243 ], [ -68.19456, -10.33532 ], [ -68.21469, -10.31754 ], [ -68.19993, -10.31452 ], [ -68.19389, -10.30043 ], [ -68.18248, -10.29875 ], [ -68.17108, -10.2917 ], [ -68.1741, -10.27325 ], [ -68.17108, -10.26554 ], [ -68.17275, -10.25849 ], [ -68.15732, -10.22998 ], [ -68.16034, -10.2132 ], [ -68.15732, -10.20616 ], [ -68.14961, -10.20582 ], [ -68.1486, -10.19978 ], [ -68.14156, -10.19609 ], [ -68.14378, -10.18678 ], [ -68.1453, -10.16063 ], [ -68.1389, -10.15428 ], [ -68.14144, -10.14763 ], [ -68.13786, -10.14194 ], [ -68.12702, -10.1394 ], [ -68.12402, -10.13153 ], [ -68.10494, -10.12338 ], [ -68.10315, -10.13069 ], [ -68.10128, -10.1278 ], [ -68.10156, -10.10608 ], [ -68.10445, -10.09618 ], [ -68.10952, -10.09492 ], [ -68.10822, -10.08801 ], [ -68.10332, -10.08723 ], [ -68.10906, -10.08801 ], [ -68.11203, -10.07722 ], [ -68.11735, -10.0779 ], [ -68.11761, -10.08126 ], [ -68.12317, -10.0798 ], [ -68.1219, -10.07705 ], [ -68.13174, -10.06997 ], [ -68.13917, -10.07222 ], [ -68.14192, -10.0687 ], [ -68.13924, -10.06202 ], [ -68.1455, -10.05622 ], [ -68.1548, -10.05297 ], [ -68.16304, -10.05453 ], [ -68.16619, -10.05953 ], [ -68.16737, -10.05679 ], [ -68.17432, -10.05651 ], [ -68.17418, -10.04987 ], [ -68.17128, -10.04794 ], [ -68.17795, -10.03861 ], [ -68.17921, -9.97181 ], [ -68.18529, -9.96021 ], [ -68.16874, -9.95512 ], [ -68.1563, -9.9644 ], [ -68.12916, -9.96112 ], [ -68.08755, -9.97771 ], [ -68.0769, -9.97438 ], [ -68.05295, -9.97471 ], [ -68.0176, -9.99466 ], [ -68.01852, -9.99412 ], [ -68.0115, -9.98333 ], [ -68.0026, -9.97936 ], [ -67.98978, -9.97956 ], [ -67.98193, -9.96975 ], [ -67.96526, -9.96534 ], [ -67.94868, -9.97445 ], [ -67.94264, -9.97288 ], [ -67.93047, -9.97648 ], [ -67.9264, -9.98203 ], [ -67.90173, -9.98051 ], [ -67.89893, -9.98859 ], [ -67.89354, -9.98705 ], [ -67.88317, -10.00508 ], [ -67.86417, -10.01214 ], [ -67.85259, -10.00844 ], [ -67.84621, -10.01523 ], [ -67.86175, -10.02965 ], [ -67.87836, -10.0365 ], [ -67.87363, -10.04544 ], [ -67.86932, -10.04037 ], [ -67.86474, -10.04224 ], [ -67.86501, -10.04913 ], [ -67.8602, -10.05503 ], [ -67.85741, -10.05866 ], [ -67.85398, -10.0573 ], [ -67.85069, -10.0658 ], [ -67.85568, -10.07016 ], [ -67.85353, -10.07665 ], [ -67.85145, -10.07783 ], [ -67.84749, -10.0732 ], [ -67.83616, -10.07363 ], [ -67.83388, -10.08179 ], [ -67.8408, -10.08909 ], [ -67.83228, -10.08633 ], [ -67.8331, -10.09396 ], [ -67.82776, -10.09715 ], [ -67.82214, -10.09065 ], [ -67.81754, -10.09807 ], [ -67.82093, -10.10681 ], [ -67.83454, -10.11318 ], [ -67.8426, -10.1255 ], [ -67.84949, -10.12927 ], [ -67.85304, -10.13879 ], [ -67.86265, -10.14549 ], [ -67.87029, -10.16105 ], [ -67.86993, -10.1668 ], [ -67.87735, -10.17472 ], [ -67.8772, -10.1809 ], [ -67.88263, -10.18675 ], [ -67.89193, -10.19257 ], [ -67.8964, -10.18569 ], [ -67.90356, -10.18961 ], [ -67.90161, -10.22955 ], [ -67.91217, -10.2366 ], [ -67.90888, -10.25233 ], [ -67.91057, -10.26665 ], [ -67.90382, -10.27211 ], [ -67.902, -10.2875 ], [ -67.94611, -10.2875 ], [ -67.94902, -10.29116 ], [ -67.94678, -10.29614 ], [ -67.94967, -10.29526 ], [ -67.95027, -10.29777 ], [ -67.94855, -10.30053 ], [ -67.95299, -10.30285 ], [ -67.95006, -10.30421 ], [ -67.9511, -10.30745 ], [ -67.95472, -10.30721 ], [ -67.95988, -10.31402 ], [ -67.96913, -10.31191 ], [ -67.98117, -10.31704 ], [ -67.99881, -10.31577 ], [ -68.00929, -10.32411 ], [ -68.06973, -10.32318 ], [ -68.07362, -10.30541 ], [ -68.07751, -10.30874 ] ], [ [ -67.87538, -10.06149 ], [ -67.86879, -10.06071 ], [ -67.8602, -10.05503 ], [ -67.87538, -10.06149 ] ], [ [ -68.00636, -10.06065 ], [ -68.00598, -10.06081 ], [ -68.0029, -10.05791 ], [ -68.00636, -10.06065 ] ], [ [ -68.00076, -10.06772 ], [ -67.99233, -10.0729 ], [ -68.0, -10.06677 ], [ -68.00076, -10.06772 ] ], [ [ -67.98912, -10.07055 ], [ -67.98973, -10.06748 ], [ -67.99233, -10.0729 ], [ -67.98912, -10.07055 ] ], [ [ -68.00543, -10.07355 ], [ -68.01782, -10.10279 ], [ -68.00242, -10.06979 ], [ -68.00543, -10.07355 ] ], [ [ -68.03017, -10.12747 ], [ -68.02999, -10.12735 ], [ -68.02586, -10.11743 ], [ -68.03017, -10.12747 ] ], [ [ -68.04541, -10.14979 ], [ -68.04535, -10.14979 ], [ -68.04046, -10.12852 ], [ -68.04541, -10.14979 ] ], [ [ -67.96962, -10.15338 ], [ -67.96931, -10.15237 ], [ -68.00451, -10.13935 ], [ -67.96962, -10.15338 ] ], [ [ -67.94939, -10.13224 ], [ -67.94028, -10.1305 ], [ -67.94958, -10.13222 ], [ -67.94939, -10.13224 ] ], [ [ -67.9353, -10.12954 ], [ -67.91722, -10.12078 ], [ -67.93564, -10.12961 ], [ -67.9353, -10.12954 ] ], [ [ -67.91768, -10.13833 ], [ -67.91752, -10.13865 ], [ -67.91438, -10.12309 ], [ -67.91768, -10.13833 ] ], [ [ -67.90596, -10.16017 ], [ -67.90193, -10.15775 ], [ -67.90557, -10.15818 ], [ -67.90596, -10.16017 ] ], [ [ -67.90178, -10.15766 ], [ -67.90466, -10.15557 ], [ -67.90189, -10.15772 ], [ -67.90178, -10.15766 ] ], [ [ -67.88819, -10.14462 ], [ -67.88903, -10.14365 ], [ -67.8884, -10.14462 ], [ -67.88819, -10.14462 ] ], [ [ -67.88689, -10.14109 ], [ -67.89044, -10.14146 ], [ -67.89025, -10.14175 ], [ -67.88689, -10.14109 ] ], [ [ -67.88554, -10.14082 ], [ -67.88686, -10.13178 ], [ -67.88561, -10.14084 ], [ -67.88554, -10.14082 ] ], [ [ -67.88299, -10.11573 ], [ -67.88302, -10.11582 ], [ -67.87926, -10.12113 ], [ -67.88299, -10.11573 ] ], [ [ -67.87557, -10.10206 ], [ -67.87563, -10.10209 ], [ -67.87324, -10.11146 ], [ -67.87557, -10.10206 ] ], [ [ -67.86834, -10.09836 ], [ -67.87166, -10.09267 ], [ -67.86846, -10.09842 ], [ -67.86834, -10.09836 ] ], [ [ -67.86876, -10.08641 ], [ -67.87386, -10.08447 ], [ -67.8688, -10.0865 ], [ -67.86876, -10.08641 ] ], [ [ -67.8761, -10.0793 ], [ -67.87621, -10.07933 ], [ -67.87386, -10.08447 ], [ -67.8761, -10.0793 ] ], [ [ -67.88002, -10.08038 ], [ -67.87909, -10.08157 ], [ -67.87643, -10.07939 ], [ -67.88002, -10.08038 ] ], [ [ -67.88056, -10.07569 ], [ -67.88256, -10.07756 ], [ -67.88114, -10.07895 ], [ -67.88056, -10.07569 ] ], [ [ -67.88028, -10.07415 ], [ -67.88322, -10.07239 ], [ -67.88054, -10.07557 ], [ -67.88028, -10.07415 ] ], [ [ -67.88283, -10.06466 ], [ -67.88458, -10.0654 ], [ -67.88437, -10.06557 ], [ -67.88283, -10.06466 ] ], [ [ -68.08121, -10.21162 ], [ -68.08187, -10.2068 ], [ -68.08231, -10.21164 ], [ -68.08121, -10.21162 ] ], [ [ -68.06395, -10.20925 ], [ -68.06853, -10.21679 ], [ -68.06388, -10.20923 ], [ -68.06395, -10.20925 ] ], [ [ -68.05544, -10.20724 ], [ -68.06206, -10.2088 ], [ -68.05497, -10.2073 ], [ -68.05544, -10.20724 ] ], [ [ -68.02519, -10.21547 ], [ -68.03413, -10.21005 ], [ -68.02896, -10.2147 ], [ -68.02519, -10.21547 ] ], [ [ -68.01769, -10.21568 ], [ -68.02087, -10.21636 ], [ -68.01899, -10.21675 ], [ -68.01769, -10.21568 ] ], [ [ -67.97626, -10.16004 ], [ -67.98112, -10.15985 ], [ -67.97646, -10.16021 ], [ -67.97626, -10.16004 ] ], [ [ -67.96982, -10.154 ], [ -67.97507, -10.15904 ], [ -67.97008, -10.15486 ], [ -67.96982, -10.154 ] ], [ [ -67.96263, -10.15886 ], [ -67.95341, -10.16192 ], [ -67.96234, -10.15859 ], [ -67.96263, -10.15886 ] ], [ [ -67.97442, -10.16221 ], [ -67.96893, -10.16108 ], [ -67.97441, -10.16217 ], [ -67.97442, -10.16221 ] ], [ [ -67.98131, -10.16835 ], [ -67.97629, -10.16776 ], [ -67.97625, -10.16765 ], [ -67.98131, -10.16835 ] ], [ [ -67.98068, -10.17394 ], [ -67.98092, -10.17212 ], [ -67.98235, -10.17186 ], [ -67.98068, -10.17394 ] ], [ [ -67.9743, -10.17642 ], [ -67.98005, -10.17472 ], [ -67.97845, -10.1767 ], [ -67.9743, -10.17642 ] ], [ [ -67.97931, -10.18477 ], [ -67.97723, -10.18514 ], [ -67.97935, -10.18459 ], [ -67.97931, -10.18477 ] ], [ [ -67.94265, -10.23332 ], [ -67.94284, -10.23296 ], [ -67.94313, -10.23351 ], [ -67.94265, -10.23332 ] ], [ [ -67.93932, -10.23987 ], [ -67.94013, -10.23827 ], [ -67.93941, -10.24018 ], [ -67.93932, -10.23987 ] ], [ [ -67.93773, -10.25792 ], [ -67.94274, -10.25212 ], [ -67.94278, -10.25227 ], [ -67.93773, -10.25792 ] ], [ [ -67.95107, -10.27669 ], [ -67.94876, -10.28172 ], [ -67.95098, -10.26467 ], [ -67.9511, -10.26473 ], [ -67.95107, -10.27669 ] ], [ [ -67.91405, -10.06864 ], [ -67.90905, -10.05299 ], [ -67.91602, -10.04343 ], [ -67.90874, -10.03352 ], [ -67.91033, -10.02135 ], [ -67.9063, -10.01782 ], [ -67.90032, -10.01912 ], [ -67.89642, -10.00983 ], [ -67.89957, -10.01095 ], [ -67.90584, -10.00626 ], [ -67.91035, -10.00753 ], [ -67.90589, -10.01369 ], [ -67.94684, -10.03124 ], [ -67.94583, -10.01684 ], [ -67.96016, -10.01414 ], [ -67.96321, -10.02613 ], [ -68.01664, -9.99521 ], [ -68.02593, -10.01576 ], [ -68.02347, -10.01925 ], [ -68.02815, -10.02356 ], [ -68.02548, -10.02699 ], [ -68.0106, -10.02552 ], [ -68.0083, -10.03104 ], [ -67.9988, -10.03375 ], [ -67.98267, -10.04992 ], [ -67.97288, -10.05119 ], [ -67.96966, -10.05771 ], [ -67.97156, -10.06043 ], [ -67.96962, -10.06178 ], [ -67.96473, -10.05781 ], [ -67.96445, -10.06716 ], [ -67.95736, -10.0695 ], [ -67.95306, -10.06757 ], [ -67.95358, -10.07102 ], [ -67.9479, -10.06811 ], [ -67.95068, -10.06475 ], [ -67.93939, -10.06335 ], [ -67.93654, -10.06909 ], [ -67.94239, -10.08085 ], [ -67.9378, -10.08288 ], [ -67.92615, -10.07343 ], [ -67.91405, -10.06864 ] ], [ [ -67.99205, -10.0637 ], [ -67.99033, -10.06454 ], [ -67.99145, -10.05897 ], [ -67.99205, -10.0637 ] ], [ [ -67.93594, -10.0837 ], [ -67.93366, -10.0847 ], [ -67.92807, -10.08164 ], [ -67.93594, -10.0837 ] ], [ [ -67.92725, -10.08119 ], [ -67.92636, -10.0807 ], [ -67.92703, -10.07653 ], [ -67.92725, -10.08119 ] ], [ [ -67.91333, -10.07563 ], [ -67.91938, -10.07286 ], [ -67.91371, -10.07663 ], [ -67.91333, -10.07563 ] ], [ [ -67.91382, -10.0769 ], [ -67.9214, -10.08051 ], [ -67.91465, -10.07903 ], [ -67.91382, -10.0769 ] ], [ [ -67.91512, -10.0858 ], [ -67.91148, -10.08745 ], [ -67.91124, -10.087 ], [ -67.91512, -10.0858 ] ], [ [ -67.91355, -10.09128 ], [ -67.90856, -10.09377 ], [ -67.90836, -10.09369 ], [ -67.91355, -10.09128 ] ], [ [ -67.90103, -10.09067 ], [ -67.90006, -10.09026 ], [ -67.90043, -10.09 ], [ -67.90103, -10.09067 ] ], [ [ -67.90421, -10.08314 ], [ -67.90019, -10.08672 ], [ -67.89952, -10.0865 ], [ -67.90421, -10.08314 ] ], [ [ -67.89838, -10.08612 ], [ -67.89629, -10.08543 ], [ -67.89649, -10.08513 ], [ -67.89838, -10.08612 ] ], [ [ -67.89936, -10.08061 ], [ -67.89552, -10.0776 ], [ -67.89944, -10.08051 ], [ -67.89936, -10.08061 ] ] ] } },
{ "type": "Feature", "properties": { "cluster": 328.0, "hvi": 0.1033, "population": 2881, "setores": 8, "municipio": "Rio Branco" }, "geometry": { "type": "MultiPolygon", "coordinates": [ [ [ [ -67.86895, -9.96279 ], [ -67.88229, -9.95296 ], [ -67.87296, -9.94386 ], [ -67.85726, -9.95951 ], [ -67.86895, -9.96279 ] ] ], [ [ [ -67.86732, -9.94112 ], [ -67.86446, -9.94213 ], [ -67.86587, -9.94495 ], [ -67.86834, -9.94347 ], [ -67.86732, -9.94112 ] ] ], [ [ [ -67.83652, -9.93793 ], [ -67.84776, -9.9339 ], [ -67.86403, -9.93052 ], [ -67.86337, -9.93086 ], [ -67.87056, -9.94586 ], [ -67.8852, -9.93205 ], [ -67.88958, -9.91294 ], [ -67.88709, -9.90794 ], [ -67.87278, -9.9259 ], [ -67.8641, -9.93048 ], [ -67.86025, -9.92478 ], [ -67.85134, -9.92672 ], [ -67.85163, -9.92606 ], [ -67.84446, -9.92253 ], [ -67.84202, -9.92482 ], [ -67.84162, -9.92898 ], [ -67.8445, -9.92702 ], [ -67.8437, -9.92628 ], [ -67.84604, -9.92832 ], [ -67.83861, -9.93278 ], [ -67.8387, -9.93499 ], [ -67.83814, -9.93462 ], [ -67.83652, -9.93793 ] ] ], [ [ [ -67.84014, -9.92691 ], [ -67.83707, -9.92806 ], [ -67.8411, -9.92998 ], [ -67.84162, -9.92898 ], [ -67.84014, -9.92691 ] ] ] ] } },
{ "type": "Feature", "properties": { "cluster": 329.0, "hvi": 0.1067, "population": 2880, "setores": 6, "municipio": "Rio Branco" }, "geometry": { "type": "MultiPolygon", "coordinates": [ [ [ [ -67.87339, -9.97747 ], [ -67.87955, -9.97347 ], [ -67.87584, -9.97702 ], [ -67.88204, -9.97789 ], [ -67.88292, -9.97029 ], [ -67.87974, -9.966 ], [ -67.87833, -9.96986 ], [ -67.87073, -9.96954 ], [ -67.87766, -9.97168 ], [ -67.87935, -9.97328 ], [ -67.87081, -9.97145 ], [ -67.87066, -9.9708 ], [ -67.86771, -9.97149 ], [ -67.86908, -9.97554 ], [ -67.87163, -9.97493 ], [ -67.87127, -9.97339 ], [ -67.87339, -9.97747 ] ] ], [ [ [ -67.86771, -9.97149 ], [ -67.86504, -9.97211 ], [ -67.86644, -9.97639 ], [ -67.86911, -9.97564 ], [ -67.86771, -9.97149 ] ] ] ] } },
{ "type": "Feature", "properties": { "cluster": 330.0, "hvi": 0.0978, "population": 2896, "setores": 9, "municipio": "Rio Branco" }, "geometry": { "type": "MultiPolygon", "coordinates": [ [ [ [ -67.71535, -10.02259 ], [ -67.71743, -10.02252 ], [ -67.7168, -10.01786 ], [ -67.71535, -10.02259 ] ] ], [ [ [ -67.70107, -10.02295 ], [ -67.70233, -10.01332 ], [ -67.69482, -10.01346 ], [ -67.69632, -10.01811 ], [ -67.69224, -10.02117 ], [ -67.6922, -10.02294 ], [ -67.70107, -10.02295 ] ] ], [ [ [ -67.67306, -10.02135 ], [ -67.67572, -10.01845 ], [ -67.67558, -10.01384 ], [ -67.67166, -10.01393 ], [ -67.67306, -10.02135 ] ] ], [ [ [ -67.7183, -10.01301 ], [ -67.71502, -10.01308 ], [ -67.7168, -10.01786 ], [ -67.71669, -10.01448 ], [ -67.71748, -10.01979 ], [ -67.71847, -10.01868 ], [ -67.7183, -10.01301 ] ] ], [ [ [ -67.72418, -9.9597 ], [ -67.71988, -9.95054 ], [ -67.71316, -9.95362 ], [ -67.70454, -9.95227 ], [ -67.69941, -9.9694 ], [ -67.6927, -9.9796 ], [ -67.67278, -9.99523 ], [ -67.67398, -9.99915 ], [ -67.66539, -10.01403 ], [ -67.73142, -10.01274 ], [ -67.73123, -9.99475 ], [ -67.73538, -9.97632 ], [ -67.73153, -9.97464 ], [ -67.73377, -9.97104 ], [ -67.72555, -9.96983 ], [ -67.73119, -9.96429 ], [ -67.72418, -9.9597 ] ] ] ] } },
{ "type": "Feature", "properties": { "cluster": 331.0, "hvi": 0.0939, "population": 2915, "setores": 15, "municipio": "Rio Branco" }, "geometry": { "type": "MultiPolygon", "coordinates": [ [ [ [ -67.81629, -9.92481 ], [ -67.81916, -9.92323 ], [ -67.81875, -9.92249 ], [ -67.81629, -9.92481 ] ] ], [ [ [ -67.79175, -9.92995 ], [ -67.79303, -9.91684 ], [ -67.80489, -9.92431 ], [ -67.80995, -9.92155 ], [ -67.81268, -9.92532 ], [ -67.82255, -9.91801 ], [ -67.7974, -9.89091 ], [ -67.79756, -9.88791 ], [ -67.80883, -9.8856 ], [ -67.80974, -9.87118 ], [ -67.82157, -9.87472 ], [ -67.82935, -9.87027 ], [ -67.82529, -9.85152 ], [ -67.83367, -9.83304 ], [ -67.83396, -9.81995 ], [ -67.83135, -9.80843 ], [ -67.82266, -9.79784 ], [ -67.82657, -9.78201 ], [ -67.81919, -9.77208 ], [ -67.79652, -9.76231 ], [ -67.74613, -9.72299 ], [ -67.74343, -9.68652 ], [ -67.73857, -9.68494 ], [ -67.70637, -9.72202 ], [ -67.712, -9.72707 ], [ -67.70991, -9.72897 ], [ -67.70822, -9.727 ], [ -67.69115, -9.73425 ], [ -67.69654, -9.7416 ], [ -67.70577, -9.74293 ], [ -67.70944, -9.74742 ], [ -67.7068, -9.76352 ], [ -67.70196, -9.76988 ], [ -67.70269, -9.78448 ], [ -67.70171, -9.78315 ], [ -67.68787, -9.78775 ], [ -67.66127, -9.80983 ], [ -67.60798, -9.82392 ], [ -67.5926, -9.8244 ], [ -67.59496, -9.82972 ], [ -67.5924, -9.84299 ], [ -67.5995, -9.85071 ], [ -67.60956, -9.85127 ], [ -67.60161, -9.86343 ], [ -67.59342, -9.86399 ], [ -67.59073, -9.87508 ], [ -67.59798, -9.87417 ], [ -67.60371, -9.86853 ], [ -67.62279, -9.8744 ], [ -67.6311, -9.86176 ], [ -67.63919, -9.87705 ], [ -67.64098, -9.87409 ], [ -67.6677, -9.86848 ], [ -67.67626, -9.87238 ], [ -67.68097, -9.85599 ], [ -67.68326, -9.85437 ], [ -67.69781, -9.86597 ], [ -67.71792, -9.87514 ], [ -67.71535, -9.88553 ], [ -67.71972, -9.89253 ], [ -67.72752, -9.8958 ], [ -67.74936, -9.89233 ], [ -67.74953, -9.88605 ], [ -67.75428, -9.88376 ], [ -67.75298, -9.87224 ], [ -67.75582, -9.86936 ], [ -67.76252, -9.88225 ], [ -67.75663, -9.89139 ], [ -67.78159, -9.90391 ], [ -67.79098, -9.90672 ], [ -67.78345, -9.91593 ], [ -67.78188, -9.91578 ], [ -67.77676, -9.92037 ], [ -67.78705, -9.93024 ], [ -67.79175, -9.92995 ] ], [ [ -67.7914, -9.90439 ], [ -67.79574, -9.90468 ], [ -67.79098, -9.90672 ], [ -67.7914, -9.90439 ] ], [ [ -67.8055, -9.91538 ], [ -67.80732, -9.9179 ], [ -67.79098, -9.90672 ], [ -67.8055, -9.91538 ] ], [ [ -67.77996, -9.87221 ], [ -67.77404, -9.86588 ], [ -67.7669, -9.8582 ], [ -67.77996, -9.87221 ] ], [ [ -67.71817, -9.80562 ], [ -67.70389, -9.78612 ], [ -67.74352, -9.73973 ], [ -67.79336, -9.78175 ], [ -67.78434, -9.79279 ], [ -67.78737, -9.79778 ], [ -67.78486, -9.81843 ], [ -67.78791, -9.83946 ], [ -67.77744, -9.84964 ], [ -67.77567, -9.8459 ], [ -67.76847, -9.84969 ], [ -67.7669, -9.8582 ], [ -67.71817, -9.80562 ] ], [ [ -67.79302, -9.91684 ], [ -67.79149, -9.91669 ], [ -67.79288, -9.91675 ], [ -67.79302, -9.91684 ] ], [ [ -67.79797, -9.90372 ], [ -67.79712, -9.90409 ], [ -67.79524, -9.89749 ], [ -67.79797, -9.90372 ] ], [ [ -67.79572, -9.76855 ], [ -67.7956, -9.77901 ], [ -67.79416, -9.78077 ], [ -67.79572, -9.76855 ] ], [ [ -67.707, -9.84983 ], [ -67.68341, -9.85426 ], [ -67.68414, -9.85375 ], [ -67.707, -9.84983 ] ], [ [ -67.75118, -9.8564 ], [ -67.75127, -9.85622 ], [ -67.75326, -9.86395 ], [ -67.75248, -9.86786 ], [ -67.75118, -9.8564 ] ], [ [ -67.71, -9.8364 ], [ -67.70962, -9.83393 ], [ -67.71363, -9.83191 ], [ -67.71, -9.8364 ] ], [ [ -67.60549, -9.86316 ], [ -67.61188, -9.86075 ], [ -67.60784, -9.863 ], [ -67.60549, -9.86316 ] ] ], [ [ [ -67.82255, -9.91801 ], [ -67.8186, -9.92216 ], [ -67.82129, -9.92308 ], [ -67.82255, -9.91801 ] ] ] ] } },
{ "type": "Feature", "properties": { "cluster": 332.0, "hvi": 0.1, "population": 2524, "setores": 8, "municipio": "Rio Branco" }, "geometry": { "type": "MultiPolygon", "coordinates": [ [ [ [ -67.81976, -10.00412 ], [ -67.81967, -10.00029 ], [ -67.81475, -9.99899 ], [ -67.81609, -10.00067 ], [ -67.81308, -10.00318 ], [ -67.81472, -10.00558 ], [ -67.81785, -10.00272 ], [ -67.81976, -10.00412 ] ] ], [ [ [ -67.81548, -9.9963 ], [ -67.81074, -9.99764 ], [ -67.81718, -9.99814 ], [ -67.81548, -9.9963 ] ] ], [ [ [ -67.8118, -9.99313 ], [ -67.80901, -9.9968 ], [ -67.81548, -9.9963 ], [ -67.8118, -9.99313 ] ] ], [ [ [ -67.80839, -9.99527 ], [ -67.81082, -9.99317 ], [ -67.8104, -9.99292 ], [ -67.80839, -9.99527 ] ] ], [ [ [ -67.81316, -9.99178 ], [ -67.8136, -9.98949 ], [ -67.81025, -9.99024 ], [ -67.81324, -9.98882 ], [ -67.80752, -9.988 ], [ -67.80797, -9.99207 ], [ -67.81015, -9.99028 ], [ -67.8104, -9.99292 ], [ -67.81316, -9.99178 ] ] ], [ [ [ -67.8128, -9.98487 ], [ -67.81324, -9.98882 ], [ -67.81469, -9.98813 ], [ -67.8128, -9.98487 ] ] ] ] } },
{ "type": "Feature", "properties": { "cluster": 333.0, "hvi": 0.1235, "population": 1601, "setores": 2, "municipio": "Rio Branco" }, "geometry": { "type": "Polygon", "coordinates": [ [ [ -67.79673, -10.00171 ], [ -67.79819, -9.99996 ], [ -67.79617, -9.99773 ], [ -67.79302, -9.99989 ], [ -67.79518, -10.00183 ], [ -67.79353, -10.00326 ], [ -67.7961, -10.00344 ], [ -67.79871, -10.00155 ], [ -67.79673, -10.00171 ] ] ] } },
{ "type": "Feature", "properties": { "cluster": 334.0, "hvi": 0.1001, "population": 2447, "setores": 7, "municipio": "Rio Branco" }, "geometry": { "type": "MultiPolygon", "coordinates": [ [ [ [ -67.83009, -9.99419 ], [ -67.82764, -9.99201 ], [ -67.829, -9.99548 ], [ -67.83009, -9.99419 ] ] ], [ [ [ -67.8271, -9.9939 ], [ -67.82574, -9.99169 ], [ -67.82544, -9.99403 ], [ -67.8271, -9.9939 ] ] ], [ [ [ -67.83002, -9.99177 ], [ -67.83188, -9.98985 ], [ -67.82978, -9.98963 ], [ -67.82882, -9.99073 ], [ -67.83002, -9.99177 ] ] ], [ [ [ -67.82764, -9.99201 ], [ -67.82882, -9.99073 ], [ -67.82991, -9.98895 ], [ -67.82764, -9.99201 ] ] ], [ [ [ -67.8284, -9.98905 ], [ -67.82764, -9.99201 ], [ -67.82975, -9.98851 ], [ -67.8284, -9.98905 ] ] ], [ [ [ -67.83209, -9.98988 ], [ -67.83182, -9.98816 ], [ -67.82975, -9.98851 ], [ -67.83209, -9.98988 ] ] ], [ [ [ -67.83195, -9.98753 ], [ -67.83025, -9.98731 ], [ -67.83182, -9.98816 ], [ -67.83242, -9.98872 ], [ -67.83195, -9.98753 ] ] ] ] } },
{ "type": "Feature", "properties": { "cluster": 335.0, "hvi": 0.1035, "population": 2899, "setores": 7, "municipio": "Rio Branco" }, "geometry": { "type": "MultiPolygon", "coordinates": [ [ [ [ -67.82067, -9.99971 ], [ -67.82517, -10.00272 ], [ -67.82181, -9.99839 ], [ -67.82067, -9.99971 ] ] ], [ [ [ -67.82664, -9.99799 ], [ -67.82606, -10.00139 ], [ -67.82792, -9.9991 ], [ -67.82664, -9.99799 ] ] ], [ [ [ -67.82918, -9.99965 ], [ -67.82887, -9.99758 ], [ -67.82588, -9.99728 ], [ -67.82918, -9.99965 ] ] ], [ [ [ -67.83137, -9.99965 ], [ -67.83517, -9.99798 ], [ -67.83221, -9.99554 ], [ -67.82918, -9.99965 ], [ -67.83293, -10.00107 ], [ -67.83137, -9.99965 ] ] ], [ [ [ -67.82865, -9.9959 ], [ -67.83001, -9.99849 ], [ -67.83135, -9.99666 ], [ -67.82865, -9.9959 ] ] ], [ [ [ -67.82198, -9.99512 ], [ -67.82096, -9.99755 ], [ -67.82366, -9.99914 ], [ -67.82252, -9.99614 ], [ -67.82324, -9.99751 ], [ -67.82546, -9.99864 ], [ -67.82626, -9.99763 ], [ -67.82198, -9.99512 ] ] ] ] } },
{ "type": "Feature", "properties": { "cluster": 336.0, "hvi": 0.1023, "population": 794, "setores": 2, "municipio": "Rio Branco" }, "geometry": { "type": "MultiPolygon", "coordinates": [ [ [ [ -67.81821, -9.99488 ], [ -67.82, -9.99513 ], [ -67.82051, -9.99357 ], [ -67.81821, -9.99488 ] ] ], [ [ [ -67.81875, -9.99303 ], [ -67.81569, -9.99322 ], [ -67.81821, -9.99488 ], [ -67.81875, -9.99303 ] ] ] ] } },
{ "type": "Feature", "properties": { "cluster": 337.0, "hvi": 0.0957, "population": 1477, "setores": 7, "municipio": "Rio Branco" }, "geometry": { "type": "MultiPolygon", "coordinates": [ [ [ [ -67.81218, -9.98727 ], [ -67.81126, -9.98156 ], [ -67.80821, -9.98182 ], [ -67.80957, -9.98018 ], [ -67.80406, -9.97553 ], [ -67.80222, -9.97789 ], [ -67.80663, -9.98373 ], [ -67.80738, -9.98282 ], [ -67.80883, -9.9863 ], [ -67.81218, -9.98727 ] ] ], [ [ [ -67.813, -9.97688 ], [ -67.81157, -9.97804 ], [ -67.81285, -9.97852 ], [ -67.813, -9.97688 ] ] ], [ [ [ -67.81103, -9.97622 ], [ -67.80653, -9.97259 ], [ -67.80492, -9.97587 ], [ -67.80773, -9.9783 ], [ -67.81209, -9.97673 ], [ -67.81103, -9.97622 ] ] ], [ [ [ -67.80145, -9.97514 ], [ -67.80222, -9.97789 ], [ -67.80276, -9.97528 ], [ -67.80145, -9.97514 ] ] ], [ [ [ -67.81341, -9.97555 ], [ -67.81103, -9.97622 ], [ -67.813, -9.97688 ], [ -67.81341, -9.97555 ] ] ] ] } },
{ "type": "Feature", "properties": { "cluster": 338.0, "hvi": 0.1071, "population": 2934, "setores": 6, "municipio": "Rio Branco" }, "geometry": { "type": "MultiPolygon", "coordinates": [ [ [ [ -67.77969, -10.05291 ], [ -67.77028, -10.04839 ], [ -67.77084, -10.05735 ], [ -67.77376, -10.05488 ], [ -67.77969, -10.05291 ] ] ], [ [ [ -67.76065, -10.05517 ], [ -67.76327, -10.04699 ], [ -67.75635, -10.04396 ], [ -67.75231, -10.05083 ], [ -67.75767, -10.05201 ], [ -67.75643, -10.05577 ], [ -67.76065, -10.05517 ] ] ], [ [ [ -67.77028, -10.04839 ], [ -67.77239, -10.04236 ], [ -67.77496, -10.04008 ], [ -67.77727, -10.03321 ], [ -67.76576, -10.03312 ], [ -67.75741, -10.02918 ], [ -67.75425, -10.03282 ], [ -67.75853, -10.03982 ], [ -67.75635, -10.04396 ], [ -67.76366, -10.0471 ], [ -67.77028, -10.04839 ] ] ], [ [ [ -67.76262, -10.02512 ], [ -67.75885, -10.02898 ], [ -67.76028, -10.02908 ], [ -67.76262, -10.02512 ] ] ], [ [ [ -67.76055, -10.0225 ], [ -67.76262, -10.02512 ], [ -67.76353, -10.02362 ], [ -67.76055, -10.0225 ] ] ] ] } },
{ "type": "Feature", "properties": { "cluster": 339.0, "hvi": 0.0919, "population": 2883, "setores": 12, "municipio": "Rio Branco" }, "geometry": { "type": "MultiPolygon", "coordinates": [ [ [ [ -67.77113, -10.07664 ], [ -67.75291, -10.08198 ], [ -67.75434, -10.08722 ], [ -67.75104, -10.09733 ], [ -67.75748, -10.10988 ], [ -67.77441, -10.10814 ], [ -67.7902, -10.09578 ], [ -67.80026, -10.09205 ], [ -67.79735, -10.08759 ], [ -67.78854, -10.08465 ], [ -67.78674, -10.08055 ], [ -67.7933, -10.07675 ], [ -67.78991, -10.07224 ], [ -67.78465, -10.07582 ], [ -67.78229, -10.06923 ], [ -67.77542, -10.07651 ], [ -67.77718, -10.07861 ], [ -67.77105, -10.07474 ], [ -67.77113, -10.07664 ] ] ], [ [ [ -67.76205, -10.06188 ], [ -67.75367, -10.06189 ], [ -67.75354, -10.06131 ], [ -67.75918, -10.06172 ], [ -67.76065, -10.05517 ], [ -67.75643, -10.05577 ], [ -67.75767, -10.05201 ], [ -67.75422, -10.05138 ], [ -67.7535, -10.06128 ], [ -67.75055, -10.05972 ], [ -67.74166, -10.06332 ], [ -67.73621, -10.06123 ], [ -67.73425, -10.07932 ], [ -67.74178, -10.07435 ], [ -67.7522, -10.07648 ], [ -67.75267, -10.07179 ], [ -67.75291, -10.08198 ], [ -67.76009, -10.07907 ], [ -67.7655, -10.07147 ], [ -67.76205, -10.06188 ] ] ], [ [ [ -67.73178, -10.14184 ], [ -67.73783, -10.13543 ], [ -67.74351, -10.14114 ], [ -67.7545, -10.12619 ], [ -67.75748, -10.10988 ], [ -67.67084, -10.10191 ], [ -67.64623, -10.08026 ], [ -67.63598, -10.05847 ], [ -67.62065, -10.04821 ], [ -67.61089, -10.04868 ], [ -67.5807, -10.06923 ], [ -67.58942, -10.07363 ], [ -67.59366, -10.08385 ], [ -67.61709, -10.10223 ], [ -67.65067, -10.10992 ], [ -67.66593, -10.10548 ], [ -67.66571, -10.10821 ], [ -67.66632, -10.10795 ], [ -67.66615, -10.10541 ], [ -67.66777, -10.11521 ], [ -67.66246, -10.12244 ], [ -67.66373, -10.13464 ], [ -67.6755, -10.12411 ], [ -67.67711, -10.13177 ], [ -67.69206, -10.1248 ], [ -67.68723, -10.11174 ], [ -67.68796, -10.11213 ], [ -67.69306, -10.12753 ], [ -67.70244, -10.13162 ], [ -67.71147, -10.15143 ], [ -67.7186, -10.15873 ], [ -67.72869, -10.15218 ], [ -67.73125, -10.14664 ], [ -67.73032, -10.14575 ], [ -67.73457, -10.14859 ], [ -67.72446, -10.13844 ], [ -67.73178, -10.14184 ] ], [ [ -67.71767, -10.12098 ], [ -67.71768, -10.12102 ], [ -67.70524, -10.10529 ], [ -67.71767, -10.12098 ] ], [ [ -67.724, -10.13823 ], [ -67.72597, -10.14157 ], [ -67.7209, -10.13671 ], [ -67.71799, -10.1224 ], [ -67.72127, -10.13696 ], [ -67.724, -10.13823 ] ], [ [ -67.67229, -10.10362 ], [ -67.67444, -10.10479 ], [ -67.67221, -10.10365 ], [ -67.67229, -10.10362 ] ] ] ] } },
{ "type": "Feature", "properties": { "cluster": 340.0, "hvi": 0.1182, "population": 694, "setores": 1, "municipio": "Rio Branco" }, "geometry": { "type": "Polygon", "coordinates": [ [ [ -67.791, -10.06126 ], [ -67.78593, -10.06555 ], [ -67.79087, -10.07129 ], [ -67.79525, -10.06346 ], [ -67.791, -10.06126 ] ] ] } },
{ "type": "Feature", "properties": { "cluster": 341.0, "hvi": 0.1176, "population": 835, "setores": 1, "municipio": "Rodrigues Alves" }, "geometry": { "type": "Polygon", "coordinates": [ [ [ -72.65204, -7.74263 ], [ -72.65706, -7.7428 ], [ -72.65848, -7.7381 ], [ -72.65229, -7.73784 ], [ -72.65204, -7.74263 ] ] ] } },
{ "type": "Feature", "properties": { "cluster": 342.0, "hvi": 0.1216, "population": 611, "setores": 1, "municipio": "Rodrigues Alves" }, "geometry": { "type": "Polygon", "coordinates": [ [ [ -73.28102, -7.83975 ], [ -73.25154, -7.79257 ], [ -73.21348, -7.75877 ], [ -73.20593, -7.76402 ], [ -73.18668, -7.75383 ], [ -73.16349, -7.74949 ], [ -73.14578, -7.76278 ], [ -73.14279, -7.77353 ], [ -73.12163, -7.7843 ], [ -73.11605, -7.81068 ], [ -73.04387, -7.7834 ], [ -73.0458, -7.77566 ], [ -73.05019, -7.77203 ], [ -73.04864, -7.76744 ], [ -72.9992, -7.766 ], [ -72.91747, -7.79997 ], [ -72.94387, -7.81112 ], [ -72.94993, -7.82262 ], [ -72.94886, -7.83418 ], [ -72.96174, -7.84503 ], [ -72.95697, -7.85692 ], [ -72.97341, -7.86026 ], [ -72.97739, -7.85721 ], [ -72.9851, -7.86048 ], [ -72.98478, -7.85803 ], [ -72.98898, -7.85788 ], [ -72.99147, -7.86334 ], [ -72.9959, -7.85854 ], [ -72.99813, -7.85981 ], [ -72.99784, -7.85572 ], [ -73.00444, -7.84991 ], [ -73.02641, -7.86291 ], [ -73.03123, -7.86167 ], [ -73.03339, -7.86608 ], [ -73.0444, -7.86443 ], [ -73.05454, -7.86967 ], [ -73.05506, -7.87317 ], [ -73.05913, -7.86915 ], [ -73.06255, -7.87286 ], [ -73.06771, -7.87069 ], [ -73.06958, -7.87458 ], [ -73.08708, -7.87332 ], [ -73.11576, -7.86532 ], [ -73.12274, -7.86822 ], [ -73.12823, -7.86529 ], [ -73.13954, -7.86936 ], [ -73.1484, -7.8666 ], [ -73.19281, -7.8666 ], [ -73.19421, -7.86097 ], [ -73.19875, -7.86094 ], [ -73.20173, -7.85469 ], [ -73.23094, -7.84109 ], [ -73.24977, -7.84073 ], [ -73.2591, -7.84357 ], [ -73.28102, -7.83975 ] ] ] } },
{ "type": "Feature", "properties": { "cluster": 343.0, "hvi": 0.1069, "population": 1559, "setores": 3, "municipio": "Cruzeiro do Sul" }, "geometry": { "type": "Polygon", "coordinates": [ [ [ -72.74535, -7.72215 ], [ -72.74346, -7.71959 ], [ -72.73536, -7.72189 ], [ -72.73533, -7.72515 ], [ -72.73035, -7.72548 ], [ -72.73002, -7.73238 ], [ -72.74183, -7.73501 ], [ -72.74749, -7.74456 ], [ -72.7636, -7.74578 ], [ -72.77078, -7.78251 ], [ -72.78381, -7.77775 ], [ -72.79836, -7.78705 ], [ -72.79936, -7.79702 ], [ -72.81364, -7.79775 ], [ -72.82452, -7.7928 ], [ -72.83723, -7.76957 ], [ -72.85651, -7.77866 ], [ -72.86342, -7.76349 ], [ -72.84927, -7.75533 ], [ -72.83933, -7.73395 ], [ -72.82868, -7.72989 ], [ -72.80569, -7.71334 ], [ -72.80701, -7.70472 ], [ -72.81106, -7.70347 ], [ -72.81038, -7.69172 ], [ -72.80699, -7.68473 ], [ -72.79638, -7.68732 ], [ -72.74535, -7.72215 ] ] ] } },
{ "type": "Feature", "properties": { "cluster": 344.0, "hvi": 0.1058, "population": 1114, "setores": 2, "municipio": "Rodrigues Alves" }, "geometry": { "type": "MultiPolygon", "coordinates": [ [ [ [ -72.65259, -7.73351 ], [ -72.65281, -7.73009 ], [ -72.65064, -7.72935 ], [ -72.65259, -7.73351 ] ] ], [ [ [ -72.65039, -7.73337 ], [ -72.64675, -7.72534 ], [ -72.64493, -7.73307 ], [ -72.65039, -7.73337 ] ] ] ] } },
{ "type": "Feature", "properties": { "cluster": 345.0, "hvi": 0.0922, "population": 3263, "setores": 12, "municipio": "Cruzeiro do Sul" }, "geometry": { "type": "MultiPolygon", "coordinates": [ [ [ [ -72.76678, -7.85119 ], [ -72.75464, -7.8685 ], [ -72.77865, -7.88484 ], [ -72.78103, -7.89785 ], [ -72.79544, -7.89926 ], [ -72.79697, -7.90645 ], [ -72.80187, -7.90665 ], [ -72.8214, -7.82126 ], [ -72.81031, -7.81993 ], [ -72.80232, -7.81486 ], [ -72.80056, -7.81535 ], [ -72.80632, -7.8095 ], [ -72.80819, -7.79797 ], [ -72.79936, -7.79702 ], [ -72.79836, -7.78705 ], [ -72.78381, -7.77775 ], [ -72.77075, -7.78236 ], [ -72.76323, -7.74545 ], [ -72.74705, -7.74436 ], [ -72.74183, -7.73501 ], [ -72.73006, -7.7325 ], [ -72.73035, -7.72548 ], [ -72.72208, -7.72552 ], [ -72.7333, -7.72519 ], [ -72.74346, -7.71959 ], [ -72.74535, -7.72215 ], [ -72.75711, -7.71408 ], [ -72.72774, -7.65838 ], [ -72.72789, -7.6316 ], [ -72.71655, -7.64073 ], [ -72.70478, -7.64398 ], [ -72.71169, -7.65055 ], [ -72.70785, -7.65276 ], [ -72.70558, -7.64943 ], [ -72.70145, -7.65394 ], [ -72.69884, -7.65155 ], [ -72.6983, -7.65498 ], [ -72.69312, -7.65138 ], [ -72.68706, -7.65806 ], [ -72.69054, -7.66244 ], [ -72.67277, -7.67316 ], [ -72.67157, -7.67514 ], [ -72.67379, -7.6695 ], [ -72.67184, -7.6655 ], [ -72.66192, -7.66576 ], [ -72.66186, -7.65854 ], [ -72.64704, -7.66088 ], [ -72.63925, -7.67352 ], [ -72.63407, -7.6735 ], [ -72.64004, -7.72247 ], [ -72.54908, -7.73355 ], [ -72.55005, -7.74076 ], [ -72.5567, -7.74613 ], [ -72.55638, -7.75442 ], [ -72.56958, -7.7609 ], [ -72.56497, -7.7718 ], [ -72.57991, -7.77945 ], [ -72.58017, -7.78958 ], [ -72.58768, -7.79336 ], [ -72.58481, -7.80617 ], [ -72.58905, -7.81587 ], [ -72.59681, -7.81892 ], [ -72.59886, -7.82822 ], [ -72.60777, -7.84068 ], [ -72.60774, -7.84714 ], [ -72.62051, -7.84905 ], [ -72.62894, -7.86204 ], [ -72.63674, -7.86327 ], [ -72.64031, -7.87317 ], [ -72.65928, -7.83456 ], [ -72.65245, -7.8336 ], [ -72.65472, -7.82519 ], [ -72.65462, -7.82694 ], [ -72.65833, -7.82653 ], [ -72.67054, -7.81967 ], [ -72.66887, -7.81701 ], [ -72.65485, -7.82286 ], [ -72.64674, -7.82068 ], [ -72.63861, -7.82296 ], [ -72.63957, -7.81361 ], [ -72.63187, -7.80524 ], [ -72.63973, -7.79714 ], [ -72.63662, -7.78304 ], [ -72.62479, -7.78136 ], [ -72.6202, -7.77141 ], [ -72.62426, -7.76998 ], [ -72.63496, -7.77569 ], [ -72.64285, -7.77399 ], [ -72.63628, -7.76567 ], [ -72.62425, -7.7655 ], [ -72.62288, -7.76034 ], [ -72.62594, -7.75263 ], [ -72.64284, -7.74286 ], [ -72.64327, -7.7411 ], [ -72.64302, -7.74243 ], [ -72.65146, -7.74342 ], [ -72.64906, -7.73746 ], [ -72.6496, -7.7358 ], [ -72.65229, -7.73784 ], [ -72.65241, -7.73593 ], [ -72.64968, -7.73554 ], [ -72.65039, -7.73337 ], [ -72.64525, -7.73309 ], [ -72.64675, -7.727 ], [ -72.64525, -7.72183 ], [ -72.6485, -7.72863 ], [ -72.66981, -7.73672 ], [ -72.68502, -7.73124 ], [ -72.6912, -7.73752 ], [ -72.70085, -7.7387 ], [ -72.69776, -7.75593 ], [ -72.70439, -7.76926 ], [ -72.70844, -7.7757 ], [ -72.70049, -7.77485 ], [ -72.6949, -7.78795 ], [ -72.69568, -7.79552 ], [ -72.7013, -7.80178 ], [ -72.71637, -7.80224 ], [ -72.71765, -7.81031 ], [ -72.72497, -7.80942 ], [ -72.75022, -7.82053 ], [ -72.78491, -7.82728 ], [ -72.77432, -7.84364 ], [ -72.77436, -7.84959 ], [ -72.76678, -7.85119 ] ], [ [ -72.65467, -7.69477 ], [ -72.65461, -7.69437 ], [ -72.7333, -7.72519 ], [ -72.65467, -7.69477 ] ], [ [ -72.64157, -7.70298 ], [ -72.64211, -7.6908 ], [ -72.64525, -7.72183 ], [ -72.64157, -7.70298 ] ], [ [ -72.66767, -7.68159 ], [ -72.666, -7.68193 ], [ -72.66868, -7.67992 ], [ -72.66767, -7.68159 ] ], [ [ -72.66003, -7.68314 ], [ -72.65884, -7.68232 ], [ -72.66217, -7.6827 ], [ -72.66003, -7.68314 ] ], [ [ -72.65425, -7.67916 ], [ -72.64706, -7.67527 ], [ -72.64855, -7.67452 ], [ -72.65425, -7.67916 ] ], [ [ -72.64251, -7.68191 ], [ -72.64271, -7.67747 ], [ -72.64484, -7.67639 ], [ -72.64251, -7.68191 ] ], [ [ -72.75331, -7.77857 ], [ -72.75348, -7.77866 ], [ -72.74591, -7.7802 ], [ -72.75331, -7.77857 ] ] ], [ [ [ -72.65241, -7.73593 ], [ -72.65259, -7.73351 ], [ -72.65039, -7.73337 ], [ -72.65241, -7.73593 ] ] ] ] } },
{ "type": "Feature", "properties": { "cluster": 346.0, "hvi": 0.1037, "population": 2738, "setores": 5, "municipio": "Rodrigues Alves" }, "geometry": { "type": "MultiPolygon", "coordinates": [ [ [ [ -72.64906, -7.73746 ], [ -72.6489, -7.74132 ], [ -72.65116, -7.74229 ], [ -72.65229, -7.73784 ], [ -72.64906, -7.73746 ] ] ], [ [ [ -72.65706, -7.7428 ], [ -72.66575, -7.74563 ], [ -72.67057, -7.73722 ], [ -72.66079, -7.73277 ], [ -72.65706, -7.7428 ] ] ], [ [ [ -72.659, -7.73622 ], [ -72.65243, -7.73571 ], [ -72.65554, -7.73812 ], [ -72.659, -7.73622 ] ] ], [ [ [ -72.65271, -7.73133 ], [ -72.65243, -7.73571 ], [ -72.65812, -7.73597 ], [ -72.659, -7.73622 ], [ -72.66079, -7.73277 ], [ -72.65271, -7.73133 ] ] ] ] } },
{ "type": "Feature", "properties": { "cluster": 347.0, "hvi": 0.0912, "population": 2446, "setores": 12, "municipio": "Cruzeiro do Sul" }, "geometry": { "type": "Polygon", "coordinates": [ [ [ -73.11923, -8.06153 ], [ -73.13743, -8.05001 ], [ -73.17797, -8.04032 ], [ -73.20479, -8.02491 ], [ -73.21683, -8.0267 ], [ -73.22977, -8.03308 ], [ -73.25879, -8.03634 ], [ -73.28764, -8.05854 ], [ -73.31783, -8.06659 ], [ -73.34117, -8.05412 ], [ -73.36913, -8.04945 ], [ -73.38502, -8.05025 ], [ -73.40224, -8.03069 ], [ -73.44332, -8.03574 ], [ -73.44118, -7.99728 ], [ -73.36465, -7.92543 ], [ -73.36766, -7.92128 ], [ -73.36589, -7.912 ], [ -73.36883, -7.90123 ], [ -73.37869, -7.89487 ], [ -73.38468, -7.86968 ], [ -73.39719, -7.86369 ], [ -73.40739, -7.86444 ], [ -73.40941, -7.85008 ], [ -73.40257, -7.84266 ], [ -73.404, -7.84 ], [ -73.39916, -7.83553 ], [ -73.39903, -7.82723 ], [ -73.39471, -7.82096 ], [ -73.39549, -7.81554 ], [ -73.39931, -7.81448 ], [ -73.39862, -7.80424 ], [ -73.396, -7.80009 ], [ -73.38783, -7.80103 ], [ -73.38481, -7.79765 ], [ -73.38621, -7.79134 ], [ -73.37023, -7.78278 ], [ -73.36933, -7.76949 ], [ -73.374, -7.76454 ], [ -73.37168, -7.75688 ], [ -73.376, -7.75172 ], [ -73.37199, -7.74871 ], [ -73.37387, -7.74567 ], [ -73.36797, -7.74334 ], [ -73.36265, -7.72904 ], [ -73.35435, -7.72941 ], [ -73.34944, -7.72018 ], [ -73.34428, -7.71907 ], [ -73.33828, -7.71014 ], [ -73.32923, -7.71053 ], [ -73.32779, -7.71378 ], [ -73.34157, -7.73332 ], [ -73.34186, -7.73786 ], [ -73.30544, -7.75816 ], [ -73.30306, -7.7704 ], [ -73.30816, -7.77762 ], [ -73.25154, -7.79257 ], [ -73.28096, -7.83975 ], [ -73.2591, -7.84357 ], [ -73.24977, -7.84073 ], [ -73.23094, -7.84109 ], [ -73.20173, -7.85469 ], [ -73.19875, -7.86094 ], [ -73.19421, -7.86097 ], [ -73.19281, -7.8666 ], [ -73.1484, -7.8666 ], [ -73.13954, -7.86936 ], [ -73.12823, -7.86529 ], [ -73.12274, -7.86822 ], [ -73.11576, -7.86532 ], [ -73.08708, -7.87332 ], [ -73.07445, -7.87375 ], [ -73.07455, -7.87234 ], [ -73.06958, -7.87458 ], [ -73.06771, -7.87069 ], [ -73.06255, -7.87286 ], [ -73.06313, -7.87073 ], [ -73.05754, -7.86917 ], [ -73.05488, -7.87314 ], [ -73.05454, -7.86967 ], [ -73.0444, -7.86443 ], [ -73.03339, -7.86608 ], [ -73.03123, -7.86167 ], [ -73.02641, -7.86291 ], [ -73.00444, -7.84991 ], [ -72.99784, -7.85572 ], [ -72.99813, -7.85981 ], [ -72.9959, -7.85854 ], [ -72.99147, -7.86334 ], [ -72.98898, -7.85788 ], [ -72.98478, -7.85803 ], [ -72.9851, -7.86048 ], [ -72.97739, -7.85721 ], [ -72.97341, -7.86026 ], [ -72.96095, -7.85846 ], [ -72.96017, -7.85555 ], [ -72.95697, -7.85692 ], [ -72.95449, -7.85154 ], [ -72.95756, -7.85444 ], [ -72.96174, -7.84514 ], [ -72.94886, -7.83418 ], [ -72.94993, -7.82262 ], [ -72.94387, -7.81112 ], [ -72.91754, -7.79995 ], [ -72.96821, -7.77963 ], [ -72.96219, -7.77066 ], [ -72.92161, -7.74407 ], [ -72.89792, -7.74726 ], [ -72.86712, -7.73928 ], [ -72.85804, -7.74369 ], [ -72.85443, -7.74192 ], [ -72.8547, -7.73583 ], [ -72.84979, -7.73743 ], [ -72.84521, -7.73324 ], [ -72.84086, -7.73629 ], [ -72.84927, -7.75533 ], [ -72.86342, -7.76349 ], [ -72.85667, -7.77831 ], [ -72.83723, -7.76957 ], [ -72.83081, -7.78501 ], [ -72.82178, -7.79556 ], [ -72.80816, -7.79843 ], [ -72.80285, -7.81554 ], [ -72.81031, -7.81993 ], [ -72.8214, -7.82126 ], [ -72.80449, -7.90166 ], [ -72.82193, -7.90376 ], [ -72.80424, -7.90186 ], [ -72.80612, -7.90615 ], [ -72.80189, -7.91876 ], [ -72.81843, -7.94272 ], [ -72.81869, -7.96642 ], [ -72.91718, -7.96397 ], [ -72.91128, -7.96541 ], [ -72.91468, -7.96948 ], [ -72.91947, -7.96638 ], [ -72.91782, -7.96396 ], [ -72.92004, -7.9639 ], [ -72.92794, -7.97222 ], [ -72.93122, -7.97156 ], [ -72.94562, -7.98179 ], [ -72.94954, -7.98122 ], [ -72.95339, -7.98723 ], [ -72.97854, -7.99615 ], [ -72.98358, -8.02486 ], [ -73.00505, -8.03299 ], [ -73.00516, -8.041 ], [ -73.01348, -8.04515 ], [ -73.01415, -8.05127 ], [ -73.01991, -8.05464 ], [ -73.01764, -8.06399 ], [ -73.02014, -8.06926 ], [ -73.02755, -8.07289 ], [ -73.02457, -8.0792 ], [ -73.0255, -8.09783 ], [ -73.02197, -8.10087 ], [ -73.04885, -8.10253 ], [ -73.10608, -8.08885 ], [ -73.11609, -8.08043 ], [ -73.11923, -8.06153 ] ], [ [ -72.92628, -7.85071 ], [ -72.93033, -7.86266 ], [ -72.92998, -7.8629 ], [ -72.92628, -7.85071 ] ], [ [ -72.91642, -7.87756 ], [ -72.9214, -7.87312 ], [ -72.91663, -7.87757 ], [ -72.91642, -7.87756 ] ], [ [ -72.9117, -7.87587 ], [ -72.89872, -7.87309 ], [ -72.91065, -7.87392 ], [ -72.91586, -7.87756 ], [ -72.91017, -7.87751 ], [ -72.9117, -7.87587 ] ], [ [ -72.90681, -7.8811 ], [ -72.90821, -7.87959 ], [ -72.90791, -7.8816 ], [ -72.90681, -7.8811 ] ], [ [ -72.90597, -7.89136 ], [ -72.90759, -7.88371 ], [ -72.90646, -7.89119 ], [ -72.90597, -7.89136 ] ], [ [ -73.24817, -7.93937 ], [ -73.24883, -7.93922 ], [ -73.25869, -7.95146 ], [ -73.26792, -7.95353 ], [ -73.25937, -7.95296 ], [ -73.24817, -7.93937 ] ], [ [ -73.23887, -7.94162 ], [ -73.23709, -7.94221 ], [ -73.23702, -7.94207 ], [ -73.23887, -7.94162 ] ], [ [ -73.21307, -7.9131 ], [ -73.21272, -7.91281 ], [ -73.21289, -7.91274 ], [ -73.21307, -7.9131 ] ], [ [ -73.20085, -7.91148 ], [ -73.20079, -7.91146 ], [ -73.20074, -7.91108 ], [ -73.20085, -7.91148 ] ], [ [ -73.19942, -7.90589 ], [ -73.17911, -7.90259 ], [ -73.19937, -7.90568 ], [ -73.19942, -7.90589 ] ], [ [ -73.17072, -7.89588 ], [ -73.16307, -7.90113 ], [ -73.17061, -7.89584 ], [ -73.17072, -7.89588 ] ], [ [ -73.14441, -7.89774 ], [ -73.1367, -7.90024 ], [ -73.13638, -7.8999 ], [ -73.14441, -7.89774 ] ], [ [ -73.11409, -7.89197 ], [ -73.1132, -7.89257 ], [ -73.10989, -7.88907 ], [ -73.11409, -7.89197 ] ], [ [ -73.10969, -7.88894 ], [ -73.10976, -7.88898 ], [ -73.1085, -7.8911 ], [ -73.10444, -7.88995 ], [ -73.10969, -7.88894 ] ], [ [ -73.09196, -7.88264 ], [ -73.082, -7.88263 ], [ -73.09205, -7.88224 ], [ -73.10081, -7.88892 ], [ -73.09781, -7.88807 ], [ -73.09196, -7.88264 ] ], [ [ -73.07431, -7.87581 ], [ -73.07442, -7.87422 ], [ -73.082, -7.88263 ], [ -73.07431, -7.87581 ] ], [ [ -73.10611, -7.91122 ], [ -73.10384, -7.89889 ], [ -73.10475, -7.89979 ], [ -73.10611, -7.91122 ] ], [ [ -73.1119, -7.91506 ], [ -73.11231, -7.91529 ], [ -73.11251, -7.91645 ], [ -73.1119, -7.91506 ] ], [ [ -73.08659, -7.93834 ], [ -73.07683, -7.94626 ], [ -73.07543, -7.94604 ], [ -73.08659, -7.93834 ] ], [ [ -73.00803, -7.93394 ], [ -72.98753, -7.9422 ], [ -73.00625, -7.93386 ], [ -73.00803, -7.93394 ] ], [ [ -72.89273, -7.9302 ], [ -72.87729, -7.92228 ], [ -72.88062, -7.92233 ], [ -72.89273, -7.9302 ] ], [ [ -73.37677, -7.99108 ], [ -73.37211, -7.98956 ], [ -73.37469, -7.98997 ], [ -73.37677, -7.99108 ] ], [ [ -73.38487, -7.99707 ], [ -73.38147, -7.99359 ], [ -73.38312, -7.99447 ], [ -73.38487, -7.99707 ] ], [ [ -72.88594, -7.87216 ], [ -72.88589, -7.87215 ], [ -72.8783, -7.86342 ], [ -72.88594, -7.87216 ] ], [ [ -72.89853, -7.87308 ], [ -72.89727, -7.87676 ], [ -72.89637, -7.87293 ], [ -72.89853, -7.87308 ] ], [ [ -72.8635, -7.78138 ], [ -72.86546, -7.78214 ], [ -72.86525, -7.78216 ], [ -72.8635, -7.78138 ] ] ] } },
{ "type": "Feature", "properties": { "cluster": 348.0, "hvi": 0.1038, "population": 2978, "setores": 6, "municipio": "Rodrigues Alves" }, "geometry": { "type": "MultiPolygon", "coordinates": [ [ [ [ -72.75802, -7.86952 ], [ -72.74956, -7.86926 ], [ -72.75148, -7.87817 ], [ -72.75555, -7.88168 ], [ -72.76659, -7.87894 ], [ -72.75802, -7.86952 ] ] ], [ [ [ -72.76571, -7.85599 ], [ -72.76678, -7.85119 ], [ -72.77436, -7.84959 ], [ -72.77432, -7.84364 ], [ -72.78554, -7.82741 ], [ -72.75022, -7.82053 ], [ -72.72497, -7.80942 ], [ -72.71765, -7.81031 ], [ -72.71637, -7.80224 ], [ -72.7013, -7.80178 ], [ -72.69884, -7.79724 ], [ -72.69416, -7.80373 ], [ -72.69711, -7.7976 ], [ -72.69486, -7.78851 ], [ -72.69693, -7.7806 ], [ -72.70068, -7.77474 ], [ -72.70844, -7.7757 ], [ -72.69776, -7.75593 ], [ -72.70039, -7.73881 ], [ -72.6912, -7.73752 ], [ -72.6853, -7.73133 ], [ -72.67014, -7.73635 ], [ -72.66575, -7.74563 ], [ -72.65204, -7.74263 ], [ -72.65032, -7.74498 ], [ -72.64302, -7.74243 ], [ -72.63857, -7.74741 ], [ -72.62746, -7.75132 ], [ -72.62288, -7.76034 ], [ -72.62425, -7.7655 ], [ -72.6345, -7.76521 ], [ -72.64052, -7.76923 ], [ -72.64226, -7.77469 ], [ -72.64441, -7.77623 ], [ -72.63496, -7.77569 ], [ -72.62233, -7.76965 ], [ -72.62028, -7.77286 ], [ -72.62479, -7.78136 ], [ -72.64506, -7.78637 ], [ -72.63684, -7.7846 ], [ -72.63973, -7.79714 ], [ -72.63505, -7.80049 ], [ -72.6392, -7.80289 ], [ -72.64574, -7.816 ], [ -72.63849, -7.81782 ], [ -72.63776, -7.82175 ], [ -72.65487, -7.82257 ], [ -72.66912, -7.81858 ], [ -72.66549, -7.8238 ], [ -72.65295, -7.82932 ], [ -72.65312, -7.83484 ], [ -72.65755, -7.83519 ], [ -72.68395, -7.82156 ], [ -72.68093, -7.82454 ], [ -72.68713, -7.83591 ], [ -72.68551, -7.83782 ], [ -72.68608, -7.84571 ], [ -72.6961, -7.84909 ], [ -72.70562, -7.84349 ], [ -72.72531, -7.85439 ], [ -72.73568, -7.85536 ], [ -72.73613, -7.85884 ], [ -72.72132, -7.8665 ], [ -72.73684, -7.876 ], [ -72.74203, -7.87465 ], [ -72.74663, -7.86758 ], [ -72.75674, -7.86715 ], [ -72.7582, -7.86011 ], [ -72.76571, -7.85599 ] ], [ [ -72.69385, -7.80416 ], [ -72.69366, -7.80414 ], [ -72.69391, -7.80407 ], [ -72.69385, -7.80416 ] ], [ [ -72.65071, -7.78107 ], [ -72.65952, -7.78219 ], [ -72.65912, -7.78261 ], [ -72.65071, -7.78107 ] ], [ [ -72.64907, -7.7765 ], [ -72.64521, -7.76687 ], [ -72.64936, -7.77651 ], [ -72.64907, -7.7765 ] ] ] ] } },
{ "type": "Feature", "properties": { "cluster": 349.0, "hvi": 0.1067, "population": 447, "setores": 1, "municipio": "Rodrigues Alves" }, "geometry": { "type": "Polygon", "coordinates": [ [ [ -72.63957, -7.81361 ], [ -72.63849, -7.81782 ], [ -72.64574, -7.816 ], [ -72.6392, -7.80289 ], [ -72.63505, -7.80049 ], [ -72.63187, -7.80524 ], [ -72.63957, -7.81361 ] ] ] } },
{ "type": "Feature", "properties": { "cluster": 350.0, "hvi": 0.0875, "population": 38, "setores": 1, "municipio": "Santa Rosa do Purus" }, "geometry": { "type": "Polygon", "coordinates": [ [ [ -69.8247, -9.1305 ], [ -69.82768, -9.13296 ], [ -69.83319, -9.12555 ], [ -69.82857, -9.12302 ], [ -69.8247, -9.1305 ] ] ] } },
{ "type": "Feature", "properties": { "cluster": 351.0, "hvi": 0.0874, "population": 58, "setores": 1, "municipio": "Santa Rosa do Purus" }, "geometry": { "type": "Polygon", "coordinates": [ [ [ -69.97885, -9.10263 ], [ -69.97016, -9.10334 ], [ -69.97498, -9.11381 ], [ -69.98361, -9.10605 ], [ -69.97885, -9.10263 ] ] ] } },
{ "type": "Feature", "properties": { "cluster": 352.0, "hvi": 0.0869, "population": 55, "setores": 1, "municipio": "Santa Rosa do Purus" }, "geometry": { "type": "Polygon", "coordinates": [ [ [ -70.05445, -9.11292 ], [ -70.04818, -9.11367 ], [ -70.04748, -9.1061 ], [ -70.03859, -9.10763 ], [ -70.04526, -9.12412 ], [ -70.05445, -9.11292 ] ] ] } },
{ "type": "Feature", "properties": { "cluster": 353.0, "hvi": 0.0905, "population": 53, "setores": 1, "municipio": "Santa Rosa do Purus" }, "geometry": { "type": "Polygon", "coordinates": [ [ [ -70.25886, -9.19254 ], [ -70.26515, -9.19573 ], [ -70.27101, -9.18862 ], [ -70.26497, -9.18511 ], [ -70.25886, -9.19254 ] ] ] } },
{ "type": "Feature", "properties": { "cluster": 354.0, "hvi": 0.0896, "population": 47, "setores": 1, "municipio": "Santa Rosa do Purus" }, "geometry": { "type": "Polygon", "coordinates": [ [ [ -70.25822, -9.19745 ], [ -70.26006, -9.21226 ], [ -70.2676, -9.21221 ], [ -70.26802, -9.20751 ], [ -70.26421, -9.2063 ], [ -70.26451, -9.19828 ], [ -70.25822, -9.19745 ] ] ] } },
{ "type": "Feature", "properties": { "cluster": 355.0, "hvi": 0.0907, "population": 66, "setores": 1, "municipio": "Santa Rosa do Purus" }, "geometry": { "type": "Polygon", "coordinates": [ [ [ -70.27541, -9.20124 ], [ -70.2765, -9.20554 ], [ -70.28571, -9.20304 ], [ -70.28515, -9.19927 ], [ -70.27541, -9.20124 ] ] ] } },
{ "type": "Feature", "properties": { "cluster": 356.0, "hvi": 0.0907, "population": 59, "setores": 1, "municipio": "Santa Rosa do Purus" }, "geometry": { "type": "Polygon", "coordinates": [ [ [ -70.28184, -9.21632 ], [ -70.28369, -9.21829 ], [ -70.2886, -9.21533 ], [ -70.28684, -9.21257 ], [ -70.28184, -9.21632 ] ] ] } },
{ "type": "Feature", "properties": { "cluster": 357.0, "hvi": 0.1029, "population": 0, "setores": 1, "municipio": "Santa Rosa do Purus" }, "geometry": { "type": "Polygon", "coordinates": [ [ [ -70.28052, -9.24033 ], [ -70.28466, -9.24105 ], [ -70.2857, -9.2378 ], [ -70.28366, -9.23622 ], [ -70.28052, -9.24033 ] ] ] } },
{ "type": "Feature", "properties": { "cluster": 358.0, "hvi": 0.1029, "population": 0, "setores": 1, "municipio": "Santa Rosa do Purus" }, "geometry": { "type": "Polygon", "coordinates": [ [ [ -70.28939, -9.24685 ], [ -70.28594, -9.25531 ], [ -70.2977, -9.25616 ], [ -70.29578, -9.24882 ], [ -70.28939, -9.24685 ] ] ] } },
{ "type": "Feature", "properties": { "cluster": 359.0, "hvi": 0.0934, "population": 71, "setores": 1, "municipio": "Santa Rosa do Purus" }, "geometry": { "type": "Polygon", "coordinates": [ [ [ -70.3244, -9.25352 ], [ -70.33099, -9.24922 ], [ -70.33, -9.24413 ], [ -70.32134, -9.24403 ], [ -70.31856, -9.24782 ], [ -70.3244, -9.25352 ] ] ] } },
{ "type": "Feature", "properties": { "cluster": 360.0, "hvi": 0.1029, "population": 0, "setores": 1, "municipio": "Santa Rosa do Purus" }, "geometry": { "type": "Polygon", "coordinates": [ [ [ -70.32694, -9.26409 ], [ -70.33372, -9.26547 ], [ -70.33493, -9.26134 ], [ -70.3299, -9.25926 ], [ -70.32694, -9.26409 ] ] ] } },
{ "type": "Feature", "properties": { "cluster": 361.0, "hvi": 0.1077, "population": 217, "setores": 1, "municipio": "Santa Rosa do Purus" }, "geometry": { "type": "Polygon", "coordinates": [ [ [ -70.33802, -9.28338 ], [ -70.34435, -9.28165 ], [ -70.33943, -9.2745 ], [ -70.33504, -9.27547 ], [ -70.33802, -9.28338 ] ] ] } },
{ "type": "Feature", "properties": { "cluster": 362.0, "hvi": 0.087, "population": 31, "setores": 1, "municipio": "Santa Rosa do Purus" }, "geometry": { "type": "Polygon", "coordinates": [ [ [ -70.35608, -9.29566 ], [ -70.35602, -9.2888 ], [ -70.35068, -9.28899 ], [ -70.34966, -9.29552 ], [ -70.35608, -9.29566 ] ] ] } },
{ "type": "Feature", "properties": { "cluster": 363.0, "hvi": 0.0883, "population": 24, "setores": 1, "municipio": "Santa Rosa do Purus" }, "geometry": { "type": "Polygon", "coordinates": [ [ [ -70.33972, -9.29223 ], [ -70.33869, -9.29579 ], [ -70.3413, -9.29631 ], [ -70.34219, -9.29274 ], [ -70.33972, -9.29223 ] ] ] } },
{ "type": "Feature", "properties": { "cluster": 364.0, "hvi": 0.1029, "population": 0, "setores": 1, "municipio": "Santa Rosa do Purus" }, "geometry": { "type": "Polygon", "coordinates": [ [ [ -70.35897, -9.3075 ], [ -70.36425, -9.30909 ], [ -70.36517, -9.30593 ], [ -70.36032, -9.30422 ], [ -70.35897, -9.3075 ] ] ] } },
{ "type": "Feature", "properties": { "cluster": 365.0, "hvi": 0.0897, "population": 42, "setores": 1, "municipio": "Santa Rosa do Purus" }, "geometry": { "type": "Polygon", "coordinates": [ [ [ -70.35549, -9.32109 ], [ -70.36001, -9.3223 ], [ -70.36234, -9.31832 ], [ -70.35732, -9.31635 ], [ -70.35549, -9.32109 ] ] ] } },
{ "type": "Feature", "properties": { "cluster": 366.0, "hvi": 0.0898, "population": 55, "setores": 1, "municipio": "Santa Rosa do Purus" }, "geometry": { "type": "Polygon", "coordinates": [ [ [ -70.391, -9.32351 ], [ -70.38943, -9.31937 ], [ -70.3902, -9.31232 ], [ -70.38441, -9.32088 ], [ -70.38701, -9.32539 ], [ -70.391, -9.32351 ] ] ] } },
{ "type": "Feature", "properties": { "cluster": 367.0, "hvi": 0.0885, "population": 31, "setores": 1, "municipio": "Santa Rosa do Purus" }, "geometry": { "type": "Polygon", "coordinates": [ [ [ -70.37957, -9.34366 ], [ -70.37393, -9.34065 ], [ -70.36954, -9.34495 ], [ -70.37658, -9.34891 ], [ -70.37957, -9.34366 ] ] ] } },
{ "type": "Feature", "properties": { "cluster": 368.0, "hvi": 0.0913, "population": 65, "setores": 1, "municipio": "Santa Rosa do Purus" }, "geometry": { "type": "Polygon", "coordinates": [ [ [ -70.4059, -9.32827 ], [ -70.40339, -9.33115 ], [ -70.40546, -9.33613 ], [ -70.40961, -9.33487 ], [ -70.4059, -9.32827 ] ] ] } },
{ "type": "Feature", "properties": { "cluster": 369.0, "hvi": 0.0947, "population": 117, "setores": 1, "municipio": "Santa Rosa do Purus" }, "geometry": { "type": "Polygon", "coordinates": [ [ [ -70.41144, -9.34462 ], [ -70.42038, -9.34311 ], [ -70.41994, -9.33891 ], [ -70.41058, -9.34043 ], [ -70.41144, -9.34462 ] ] ] } },
{ "type": "Feature", "properties": { "cluster": 370.0, "hvi": 0.0952, "population": 552, "setores": 11, "municipio": "Manoel Urbano" }, "geometry": { "type": "Polygon", "coordinates": [ [ [ -70.51204, -9.48143 ], [ -70.50206, -9.48316 ], [ -70.51777, -9.47277 ], [ -70.50889, -9.48076 ], [ -70.51546, -9.47928 ], [ -70.51992, -9.47646 ], [ -70.52291, -9.47319 ], [ -70.52452, -9.46747 ], [ -70.52107, -9.456 ], [ -70.51469, -9.45479 ], [ -70.51112, -9.4651 ], [ -70.50553, -9.46533 ], [ -70.50369, -9.46194 ], [ -70.51175, -9.44707 ], [ -70.50781, -9.44492 ], [ -70.49202, -9.4399 ], [ -70.49088, -9.44677 ], [ -70.483, -9.45387 ], [ -70.48459, -9.44084 ], [ -70.47638, -9.44117 ], [ -70.4728, -9.43793 ], [ -70.47323, -9.43243 ], [ -70.48011, -9.42791 ], [ -70.47766, -9.42162 ], [ -70.47125, -9.418 ], [ -70.47533, -9.41244 ], [ -70.49005, -9.40841 ], [ -70.49074, -9.40272 ], [ -70.47397, -9.40033 ], [ -70.46859, -9.39444 ], [ -70.477, -9.38224 ], [ -70.48403, -9.38194 ], [ -70.49541, -9.38741 ], [ -70.5004, -9.38342 ], [ -70.49963, -9.37929 ], [ -70.48478, -9.37279 ], [ -70.48392, -9.35309 ], [ -70.48081, -9.35013 ], [ -70.47677, -9.35181 ], [ -70.47822, -9.36025 ], [ -70.4744, -9.36491 ], [ -70.46002, -9.36425 ], [ -70.45337, -9.34914 ], [ -70.44812, -9.35309 ], [ -70.44774, -9.3634 ], [ -70.44341, -9.36718 ], [ -70.4316, -9.36287 ], [ -70.43417, -9.35487 ], [ -70.4442, -9.35602 ], [ -70.44635, -9.35072 ], [ -70.44331, -9.34559 ], [ -70.43776, -9.34478 ], [ -70.43184, -9.33487 ], [ -70.42469, -9.34795 ], [ -70.41829, -9.35353 ], [ -70.41665, -9.35962 ], [ -70.40796, -9.35659 ], [ -70.41044, -9.35195 ], [ -70.40701, -9.34841 ], [ -70.41144, -9.34462 ], [ -70.41058, -9.34043 ], [ -70.41994, -9.33891 ], [ -70.42038, -9.34311 ], [ -70.42448, -9.34153 ], [ -70.42412, -9.33858 ], [ -70.41037, -9.31723 ], [ -70.39474, -9.31469 ], [ -70.38972, -9.31629 ], [ -70.39274, -9.32603 ], [ -70.40339, -9.33115 ], [ -70.4059, -9.32827 ], [ -70.40961, -9.33487 ], [ -70.37957, -9.34366 ], [ -70.37658, -9.34891 ], [ -70.36954, -9.34495 ], [ -70.37331, -9.34004 ], [ -70.36498, -9.34267 ], [ -70.32847, -9.36697 ], [ -70.32768, -9.39318 ], [ -70.33022, -9.39597 ], [ -70.27115, -9.41992 ], [ -70.20423, -9.43771 ], [ -70.15518, -9.47215 ], [ -70.03542, -9.50481 ], [ -70.04017, -9.51977 ], [ -70.03712, -9.52731 ], [ -70.03195, -9.52268 ], [ -70.02997, -9.52423 ], [ -70.03868, -9.53515 ], [ -70.03902, -9.53366 ], [ -70.03857, -9.53658 ], [ -70.02879, -9.54633 ], [ -70.03751, -9.55038 ], [ -70.03412, -9.55141 ], [ -70.03344, -9.55728 ], [ -70.03837, -9.56261 ], [ -70.05029, -9.56098 ], [ -70.03314, -9.5723 ], [ -70.03496, -9.58093 ], [ -70.04006, -9.58101 ], [ -70.04351, -9.59775 ], [ -70.03611, -9.59566 ], [ -70.0283, -9.59933 ], [ -70.03326, -9.58927 ], [ -70.02242, -9.58859 ], [ -70.0204, -9.58978 ], [ -70.02265, -9.59417 ], [ -70.01514, -9.59119 ], [ -70.01719, -9.59969 ], [ -70.00868, -9.602 ], [ -70.00962, -9.60977 ], [ -70.01306, -9.61088 ], [ -70.01258, -9.62282 ], [ -70.00961, -9.63599 ], [ -70.0049, -9.63659 ], [ -70.00347, -9.64034 ], [ -70.01536, -9.6409 ], [ -70.01345, -9.64576 ], [ -70.01559, -9.64944 ], [ -70.0119, -9.65055 ], [ -70.00936, -9.65674 ], [ -70.01357, -9.66343 ], [ -70.01672, -9.65902 ], [ -70.02842, -9.66133 ], [ -70.02568, -9.67013 ], [ -70.03009, -9.67455 ], [ -70.03418, -9.67232 ], [ -70.03625, -9.68099 ], [ -70.0453, -9.68602 ], [ -70.0478, -9.67608 ], [ -70.05097, -9.67541 ], [ -70.05387, -9.6804 ], [ -70.04831, -9.69006 ], [ -70.03891, -9.69091 ], [ -70.02641, -9.70312 ], [ -70.03153, -9.70687 ], [ -70.03217, -9.71255 ], [ -70.02822, -9.71507 ], [ -70.02641, -9.72316 ], [ -70.03189, -9.72684 ], [ -70.02702, -9.73033 ], [ -70.03039, -9.7354 ], [ -70.04428, -9.73838 ], [ -70.04832, -9.73438 ], [ -70.04791, -9.72584 ], [ -70.05495, -9.72224 ], [ -70.0578, -9.72555 ], [ -70.0777, -9.72461 ], [ -70.08887, -9.73309 ], [ -70.10482, -9.72908 ], [ -70.10677, -9.73161 ], [ -70.11754, -9.72727 ], [ -70.14144, -9.74235 ], [ -70.14294, -9.75255 ], [ -70.1495, -9.75917 ], [ -70.1509, -9.76701 ], [ -70.14884, -9.7876 ], [ -70.15835, -9.7941 ], [ -70.15701, -9.79925 ], [ -70.16108, -9.79731 ], [ -70.16627, -9.8005 ], [ -70.16567, -9.80511 ], [ -70.17008, -9.8048 ], [ -70.17076, -9.80903 ], [ -70.17734, -9.81438 ], [ -70.17521, -9.81764 ], [ -70.17882, -9.82231 ], [ -70.17591, -9.82749 ], [ -70.17962, -9.83292 ], [ -70.17777, -9.8372 ], [ -70.19881, -9.85409 ], [ -70.2273, -9.86628 ], [ -70.23159, -9.87436 ], [ -70.23399, -9.89418 ], [ -70.25798, -9.92469 ], [ -70.25846, -9.9302 ], [ -70.26637, -9.93551 ], [ -70.28018, -9.93488 ], [ -70.28798, -9.92798 ], [ -70.29262, -9.93018 ], [ -70.31196, -9.92172 ], [ -70.32094, -9.92458 ], [ -70.3255, -9.92089 ], [ -70.33027, -9.92191 ], [ -70.33166, -9.91673 ], [ -70.33732, -9.91736 ], [ -70.33472, -9.91187 ], [ -70.33971, -9.90721 ], [ -70.35755, -9.90739 ], [ -70.36009, -9.89954 ], [ -70.37097, -9.89827 ], [ -70.37763, -9.88916 ], [ -70.39996, -9.88586 ], [ -70.42087, -9.89539 ], [ -70.42832, -9.90731 ], [ -70.43115, -9.90644 ], [ -70.43716, -9.91291 ], [ -70.43556, -9.91474 ], [ -70.44114, -9.92224 ], [ -70.43983, -9.93172 ], [ -70.45745, -9.94607 ], [ -70.45737, -9.95115 ], [ -70.47518, -9.96045 ], [ -70.48505, -9.95847 ], [ -70.50208, -9.9646 ], [ -70.51128, -9.98043 ], [ -70.51991, -9.98449 ], [ -70.53095, -10.00772 ], [ -70.53953, -10.00886 ], [ -70.55484, -10.02271 ], [ -70.5675, -10.01866 ], [ -70.57384, -10.02002 ], [ -70.59539, -10.05055 ], [ -70.61352, -10.06555 ], [ -70.62057, -10.07932 ], [ -70.62059, -9.83225 ], [ -70.62364, -9.82039 ], [ -70.61484, -9.81611 ], [ -70.61174, -9.8039 ], [ -70.60008, -9.80014 ], [ -70.59076, -9.80373 ], [ -70.58543, -9.79316 ], [ -70.58685, -9.78585 ], [ -70.57725, -9.77731 ], [ -70.56252, -9.7889 ], [ -70.55439, -9.7871 ], [ -70.53629, -9.7658 ], [ -70.53941, -9.75025 ], [ -70.53223, -9.74531 ], [ -70.53219, -9.73856 ], [ -70.53447, -9.73431 ], [ -70.52601, -9.72448 ], [ -70.52908, -9.71798 ], [ -70.52468, -9.71454 ], [ -70.53089, -9.71343 ], [ -70.54013, -9.68409 ], [ -70.54227, -9.67974 ], [ -70.54761, -9.6796 ], [ -70.55113, -9.66962 ], [ -70.5603, -9.66687 ], [ -70.56305, -9.66976 ], [ -70.57229, -9.66036 ], [ -70.57442, -9.64965 ], [ -70.57748, -9.65001 ], [ -70.57935, -9.6433 ], [ -70.58522, -9.64038 ], [ -70.58301, -9.63766 ], [ -70.59125, -9.62679 ], [ -70.59053, -9.62263 ], [ -70.59341, -9.62301 ], [ -70.59179, -9.61605 ], [ -70.59732, -9.60925 ], [ -70.59803, -9.60649 ], [ -70.58992, -9.60211 ], [ -70.58503, -9.59062 ], [ -70.58622, -9.58737 ], [ -70.59143, -9.58755 ], [ -70.58692, -9.58535 ], [ -70.58567, -9.57528 ], [ -70.59999, -9.56274 ], [ -70.59876, -9.55362 ], [ -70.58904, -9.54871 ], [ -70.58355, -9.55714 ], [ -70.58531, -9.56858 ], [ -70.58002, -9.56913 ], [ -70.57409, -9.56436 ], [ -70.56682, -9.57418 ], [ -70.55755, -9.575 ], [ -70.5525, -9.56758 ], [ -70.55632, -9.56058 ], [ -70.56997, -9.55337 ], [ -70.56338, -9.5333 ], [ -70.55441, -9.53937 ], [ -70.54273, -9.5386 ], [ -70.53758, -9.53447 ], [ -70.53803, -9.52741 ], [ -70.54696, -9.5256 ], [ -70.54616, -9.5139 ], [ -70.53921, -9.5096 ], [ -70.5284, -9.5087 ], [ -70.53191, -9.49982 ], [ -70.52981, -9.49575 ], [ -70.52473, -9.49602 ], [ -70.5192, -9.50439 ], [ -70.5147, -9.50161 ], [ -70.51505, -9.49552 ], [ -70.51384, -9.48698 ], [ -70.51204, -9.48143 ] ], [ [ -70.51035, -9.49611 ], [ -70.50913, -9.49626 ], [ -70.50809, -9.4895 ], [ -70.51035, -9.49611 ] ], [ [ -70.40238, -9.71935 ], [ -70.40495, -9.72023 ], [ -70.40062, -9.72041 ], [ -70.40238, -9.71935 ] ], [ [ -70.38998, -9.71364 ], [ -70.39699, -9.72057 ], [ -70.39588, -9.72062 ], [ -70.38998, -9.71364 ] ], [ [ -70.3399, -9.66159 ], [ -70.34595, -9.66557 ], [ -70.33392, -9.66068 ], [ -70.3399, -9.66159 ] ], [ [ -70.2936, -9.69088 ], [ -70.29464, -9.68645 ], [ -70.29374, -9.69091 ], [ -70.2936, -9.69088 ] ], [ [ -70.26319, -9.68956 ], [ -70.26537, -9.69009 ], [ -70.26333, -9.69107 ], [ -70.26319, -9.68956 ] ], [ [ -70.25896, -9.6846 ], [ -70.25897, -9.6847 ], [ -70.24772, -9.68359 ], [ -70.25896, -9.6846 ] ], [ [ -70.24706, -9.67932 ], [ -70.24745, -9.67901 ], [ -70.24772, -9.68359 ], [ -70.24706, -9.67932 ] ], [ [ -70.2437, -9.68108 ], [ -70.24388, -9.68139 ], [ -70.24369, -9.68156 ], [ -70.2437, -9.68108 ] ], [ [ -70.22417, -9.66254 ], [ -70.22904, -9.66162 ], [ -70.22404, -9.66274 ], [ -70.22417, -9.66254 ] ], [ [ -70.16356, -9.57747 ], [ -70.16333, -9.58522 ], [ -70.16329, -9.57727 ], [ -70.16356, -9.57747 ] ], [ [ -70.15772, -9.57307 ], [ -70.15998, -9.56934 ], [ -70.1579, -9.57318 ], [ -70.15772, -9.57307 ] ], [ [ -70.1552, -9.56215 ], [ -70.15969, -9.56891 ], [ -70.15217, -9.55968 ], [ -70.1552, -9.56215 ] ], [ [ -70.14804, -9.55632 ], [ -70.14882, -9.55696 ], [ -70.14363, -9.55901 ], [ -70.14804, -9.55632 ] ], [ [ -70.14118, -9.56278 ], [ -70.14541, -9.56286 ], [ -70.14122, -9.56298 ], [ -70.14118, -9.56278 ] ], [ [ -70.13418, -9.54322 ], [ -70.13423, -9.5434 ], [ -70.12676, -9.5426 ], [ -70.13418, -9.54322 ] ], [ [ -70.11383, -9.5461 ], [ -70.1238, -9.5393 ], [ -70.12069, -9.54373 ], [ -70.11383, -9.5461 ] ], [ [ -70.10965, -9.54283 ], [ -70.11291, -9.54642 ], [ -70.11253, -9.54655 ], [ -70.10965, -9.54283 ] ], [ [ -70.10919, -9.53391 ], [ -70.10863, -9.53621 ], [ -70.10919, -9.53653 ], [ -70.10389, -9.54312 ], [ -70.10919, -9.53391 ] ], [ [ -70.0775, -9.54174 ], [ -70.08035, -9.53974 ], [ -70.07751, -9.5421 ], [ -70.0775, -9.54174 ] ], [ [ -70.04027, -9.52824 ], [ -70.04301, -9.53153 ], [ -70.04016, -9.52872 ], [ -70.04027, -9.52824 ] ], [ [ -70.35511, -9.82285 ], [ -70.34617, -9.81917 ], [ -70.34529, -9.81697 ], [ -70.35511, -9.82285 ] ], [ [ -70.37515, -9.84948 ], [ -70.37889, -9.85799 ], [ -70.378, -9.85852 ], [ -70.37556, -9.85526 ], [ -70.37515, -9.84948 ] ], [ [ -70.38859, -9.86555 ], [ -70.38358, -9.86584 ], [ -70.38283, -9.86388 ], [ -70.38859, -9.86555 ] ], [ [ -70.26627, -9.69923 ], [ -70.2651, -9.69942 ], [ -70.26568, -9.69905 ], [ -70.26627, -9.69923 ] ], [ [ -70.26894, -9.70001 ], [ -70.26869, -9.7037 ], [ -70.26799, -9.69973 ], [ -70.26894, -9.70001 ] ], [ [ -70.29873, -9.7479 ], [ -70.29864, -9.74793 ], [ -70.29491, -9.7408 ], [ -70.29873, -9.7479 ] ], [ [ -70.33167, -9.80258 ], [ -70.32942, -9.80431 ], [ -70.33018, -9.80002 ], [ -70.33167, -9.80258 ] ], [ [ -70.34072, -9.81007 ], [ -70.32935, -9.80469 ], [ -70.32939, -9.8045 ], [ -70.34072, -9.81007 ] ], [ [ -70.3423, -9.81154 ], [ -70.34325, -9.81215 ], [ -70.33966, -9.81382 ], [ -70.3423, -9.81154 ] ], [ [ -70.34554, -9.81362 ], [ -70.34477, -9.81568 ], [ -70.34339, -9.81224 ], [ -70.34554, -9.81362 ] ], [ [ -70.33523, -9.4309 ], [ -70.32994, -9.44028 ], [ -70.32974, -9.43854 ], [ -70.33523, -9.4309 ] ], [ [ -70.3315, -9.45336 ], [ -70.33198, -9.45632 ], [ -70.33187, -9.45645 ], [ -70.3315, -9.45336 ] ], [ [ -70.14681, -9.52237 ], [ -70.13184, -9.51733 ], [ -70.13198, -9.51728 ], [ -70.14681, -9.52237 ] ], [ [ -70.13152, -9.51746 ], [ -70.12348, -9.52409 ], [ -70.12566, -9.51972 ], [ -70.13152, -9.51746 ] ], [ [ -70.11906, -9.52627 ], [ -70.11864, -9.52885 ], [ -70.11737, -9.52675 ], [ -70.11906, -9.52627 ] ], [ [ -70.11028, -9.53201 ], [ -70.11843, -9.53006 ], [ -70.11834, -9.53063 ], [ -70.10983, -9.5328 ], [ -70.11028, -9.53201 ] ], [ [ -70.42932, -9.35656 ], [ -70.42858, -9.35706 ], [ -70.42925, -9.35644 ], [ -70.42932, -9.35656 ] ], [ [ -70.40988, -9.38272 ], [ -70.41955, -9.36534 ], [ -70.42068, -9.36431 ], [ -70.40988, -9.38272 ] ], [ [ -70.41189, -9.40709 ], [ -70.41171, -9.40726 ], [ -70.40538, -9.39526 ], [ -70.41189, -9.40709 ] ], [ [ -70.40391, -9.41447 ], [ -70.40409, -9.41373 ], [ -70.40913, -9.40964 ], [ -70.40391, -9.41447 ] ], [ [ -70.38163, -9.42739 ], [ -70.38213, -9.41796 ], [ -70.3842, -9.41686 ], [ -70.38163, -9.42739 ] ], [ [ -70.37266, -9.43787 ], [ -70.36239, -9.43329 ], [ -70.373, -9.43747 ], [ -70.37266, -9.43787 ] ] ] } },
{ "type": "Feature", "properties": { "cluster": 371.0, "hvi": 0.1303, "population": 2643, "setores": 3, "municipio": "Santa Rosa do Purus" }, "geometry": { "type": "Polygon", "coordinates": [ [ [ -70.48224, -9.45146 ], [ -70.4836, -9.45188 ], [ -70.48823, -9.44723 ], [ -70.49171, -9.44623 ], [ -70.49202, -9.4399 ], [ -70.49472, -9.43998 ], [ -70.4945, -9.43418 ], [ -70.48959, -9.43899 ], [ -70.49287, -9.43465 ], [ -70.49021, -9.42419 ], [ -70.48617, -9.42744 ], [ -70.48249, -9.44032 ], [ -70.48836, -9.4402 ], [ -70.48459, -9.44084 ], [ -70.48224, -9.45146 ] ] ] } },
{ "type": "Feature", "properties": { "cluster": 372.0, "hvi": 0.1108, "population": 507, "setores": 1, "municipio": "Santa Rosa do Purus" }, "geometry": { "type": "Polygon", "coordinates": [ [ [ -70.49287, -9.43465 ], [ -70.49415, -9.42877 ], [ -70.49117, -9.42409 ], [ -70.49287, -9.43465 ] ] ] } },
{ "type": "Feature", "properties": { "cluster": 373.0, "hvi": 0.0888, "population": 74, "setores": 2, "municipio": "Santa Rosa do Purus" }, "geometry": { "type": "Polygon", "coordinates": [ [ [ -70.2848, -9.22175 ], [ -70.28624, -9.22745 ], [ -70.2912, -9.22539 ], [ -70.2958, -9.22538 ], [ -70.29689, -9.22091 ], [ -70.29364, -9.21829 ], [ -70.2848, -9.22175 ] ] ] } },
{ "type": "Feature", "properties": { "cluster": 374.0, "hvi": 0.1201, "population": 1620, "setores": 2, "municipio": "Senador Guiomard" }, "geometry": { "type": "MultiPolygon", "coordinates": [ [ [ [ -67.7358, -10.1581 ], [ -67.73807, -10.16001 ], [ -67.74242, -10.15181 ], [ -67.73956, -10.15055 ], [ -67.7358, -10.1581 ] ] ], [ [ [ -67.74618, -10.15244 ], [ -67.75009, -10.14935 ], [ -67.74126, -10.14654 ], [ -67.73956, -10.15055 ], [ -67.74618, -10.15244 ] ] ] ] } },
{ "type": "Feature", "properties": { "cluster": 375.0, "hvi": 0.1046, "population": 2715, "setores": 5, "municipio": "Senador Guiomard" }, "geometry": { "type": "MultiPolygon", "coordinates": [ [ [ [ -67.73717, -10.1556 ], [ -67.7377, -10.15449 ], [ -67.73257, -10.14969 ], [ -67.73228, -10.15446 ], [ -67.73717, -10.1556 ] ] ], [ [ [ -67.7377, -10.15449 ], [ -67.74315, -10.14184 ], [ -67.73768, -10.13972 ], [ -67.73871, -10.14272 ], [ -67.7359, -10.1486 ], [ -67.73659, -10.14969 ], [ -67.7335, -10.14962 ], [ -67.7377, -10.15449 ] ] ], [ [ [ -67.73424, -10.13852 ], [ -67.73624, -10.14257 ], [ -67.73768, -10.13972 ], [ -67.73424, -10.13852 ] ] ] ] } },
{ "type": "Feature", "properties": { "cluster": 376.0, "hvi": 0.1152, "population": 2135, "setores": 3, "municipio": "Senador Guiomard" }, "geometry": { "type": "MultiPolygon", "coordinates": [ [ [ [ -67.73482, -10.1589 ], [ -67.73717, -10.1556 ], [ -67.73242, -10.15375 ], [ -67.73482, -10.1589 ] ] ], [ [ [ -67.73173, -10.1471 ], [ -67.73119, -10.15231 ], [ -67.73242, -10.15375 ], [ -67.73173, -10.1471 ] ] ], [ [ [ -67.72991, -10.15359 ], [ -67.73125, -10.14664 ], [ -67.72908, -10.15212 ], [ -67.72991, -10.15359 ] ] ] ] } },
{ "type": "Feature", "properties": { "cluster": 377.0, "hvi": 0.1074, "population": 2386, "setores": 4, "municipio": "Senador Guiomard" }, "geometry": { "type": "Polygon", "coordinates": [ [ [ -67.7335, -10.1599 ], [ -67.73482, -10.1589 ], [ -67.73056, -10.15535 ], [ -67.7296, -10.14984 ], [ -67.72674, -10.15528 ], [ -67.72807, -10.15531 ], [ -67.72789, -10.15723 ], [ -67.72864, -10.15627 ], [ -67.73146, -10.16133 ], [ -67.7335, -10.1599 ] ], [ [ -67.7287, -10.15619 ], [ -67.73026, -10.15534 ], [ -67.7335, -10.1599 ], [ -67.7287, -10.15619 ] ] ] } },
{ "type": "Feature", "properties": { "cluster": 378.0, "hvi": 0.1173, "population": 695, "setores": 1, "municipio": "Senador Guiomard" }, "geometry": { "type": "Polygon", "coordinates": [ [ [ -67.59866, -10.30699 ], [ -67.59702, -10.30991 ], [ -67.61175, -10.30313 ], [ -67.61422, -10.29858 ], [ -67.62053, -10.26505 ], [ -67.61083, -10.24217 ], [ -67.61461, -10.23127 ], [ -67.61492, -10.20553 ], [ -67.59927, -10.18604 ], [ -67.59799, -10.17834 ], [ -67.60718, -10.16457 ], [ -67.60428, -10.15938 ], [ -67.58681, -10.15328 ], [ -67.58315, -10.13424 ], [ -67.56801, -10.10962 ], [ -67.54538, -10.11054 ], [ -67.54593, -10.10561 ], [ -67.54167, -10.10517 ], [ -67.54498, -10.09597 ], [ -67.54837, -10.09573 ], [ -67.54717, -10.09146 ], [ -67.52458, -10.107 ], [ -67.53032, -10.11586 ], [ -67.52937, -10.12112 ], [ -67.52328, -10.13258 ], [ -67.523, -10.14253 ], [ -67.51555, -10.15282 ], [ -67.51478, -10.16371 ], [ -67.50937, -10.171 ], [ -67.50904, -10.17924 ], [ -67.51702, -10.19203 ], [ -67.51144, -10.21162 ], [ -67.51573, -10.21665 ], [ -67.51404, -10.23133 ], [ -67.52166, -10.24325 ], [ -67.53371, -10.27601 ], [ -67.59866, -10.30699 ] ] ] } },
{ "type": "Feature", "properties": { "cluster": 379.0, "hvi": 0.0972, "population": 2997, "setores": 10, "municipio": "Senador Guiomard" }, "geometry": { "type": "Polygon", "coordinates": [ [ [ -67.50829, -10.02466 ], [ -67.50119, -10.01938 ], [ -67.49829, -10.00319 ], [ -67.49185, -10.00139 ], [ -67.48963, -9.99733 ], [ -67.48913, -9.98683 ], [ -67.49653, -9.97651 ], [ -67.49641, -9.96891 ], [ -67.49252, -9.94841 ], [ -67.48228, -9.92663 ], [ -67.51688, -9.90631 ], [ -67.51189, -9.89744 ], [ -67.51311, -9.88537 ], [ -67.52925, -9.85547 ], [ -67.5424, -9.85006 ], [ -67.55199, -9.85065 ], [ -67.55569, -9.85411 ], [ -67.5668, -9.8517 ], [ -67.57046, -9.84467 ], [ -67.57875, -9.84224 ], [ -67.58154, -9.83628 ], [ -67.57863, -9.82431 ], [ -67.59041, -9.8134 ], [ -67.59103, -9.80412 ], [ -67.58307, -9.80131 ], [ -67.58106, -9.79677 ], [ -67.58322, -9.793 ], [ -67.59149, -9.79493 ], [ -67.59551, -9.7885 ], [ -67.58228, -9.77676 ], [ -67.5846, -9.77301 ], [ -67.59184, -9.77163 ], [ -67.59685, -9.76317 ], [ -67.58995, -9.75938 ], [ -67.58148, -9.76442 ], [ -67.58459, -9.75197 ], [ -67.57727, -9.74536 ], [ -67.57487, -9.73411 ], [ -67.57637, -9.7305 ], [ -67.58867, -9.73049 ], [ -67.58538, -9.72501 ], [ -67.57685, -9.72316 ], [ -67.55803, -9.73655 ], [ -67.55717, -9.72898 ], [ -67.5646, -9.72307 ], [ -67.56267, -9.71431 ], [ -67.56473, -9.70775 ], [ -67.56105, -9.70429 ], [ -67.55739, -9.70528 ], [ -67.55732, -9.71091 ], [ -67.54952, -9.72301 ], [ -67.51804, -9.74974 ], [ -67.508, -9.76442 ], [ -67.47548, -9.79513 ], [ -67.45231, -9.79519 ], [ -67.44708, -9.80297 ], [ -67.45008, -9.81111 ], [ -67.44898, -9.83068 ], [ -67.4416, -9.84621 ], [ -67.44157, -9.8704 ], [ -67.44159, -9.845 ], [ -67.43757, -9.83496 ], [ -67.41956, -9.82466 ], [ -67.40662, -9.80419 ], [ -67.36802, -9.78204 ], [ -67.3623, -9.76487 ], [ -67.35434, -9.7534 ], [ -67.35901, -9.74655 ], [ -67.35984, -9.74235 ], [ -67.35589, -9.74615 ], [ -67.35406, -9.75298 ], [ -67.33901, -9.73126 ], [ -67.33294, -9.72049 ], [ -67.33624, -9.71022 ], [ -67.33648, -9.6994 ], [ -67.35257, -9.70032 ], [ -67.35307, -9.70611 ], [ -67.36413, -9.70912 ], [ -67.37004, -9.67258 ], [ -67.3825, -9.66089 ], [ -67.3651, -9.63182 ], [ -67.42721, -9.60257 ], [ -67.41703, -9.57736 ], [ -67.32548, -9.59253 ], [ -67.13498, -9.67592 ], [ -67.13956, -9.68418 ], [ -67.14575, -9.68462 ], [ -67.14555, -9.68797 ], [ -67.15321, -9.68525 ], [ -67.15705, -9.68668 ], [ -67.15779, -9.69126 ], [ -67.1614, -9.68514 ], [ -67.16625, -9.68895 ], [ -67.17027, -9.68504 ], [ -67.17472, -9.68995 ], [ -67.17281, -9.69225 ], [ -67.1878, -9.69242 ], [ -67.19228, -9.69882 ], [ -67.18762, -9.69996 ], [ -67.19334, -9.70457 ], [ -67.18994, -9.70781 ], [ -67.1895, -9.70751 ], [ -67.1879, -9.71138 ], [ -67.18511, -9.71002 ], [ -67.09025, -9.95729 ], [ -67.13786, -9.97464 ], [ -67.14316, -9.96043 ], [ -67.15596, -9.94939 ], [ -67.22883, -9.75229 ], [ -67.23527, -9.75934 ], [ -67.23223, -9.76178 ], [ -67.25443, -9.77326 ], [ -67.25583, -9.77717 ], [ -67.25266, -9.77733 ], [ -67.25278, -9.78114 ], [ -67.25873, -9.78098 ], [ -67.26464, -9.78691 ], [ -67.26724, -9.80298 ], [ -67.27395, -9.80469 ], [ -67.27929, -9.81034 ], [ -67.30701, -9.8071 ], [ -67.27959, -9.81034 ], [ -67.28525, -9.81557 ], [ -67.28338, -9.82261 ], [ -67.28717, -9.82181 ], [ -67.28859, -9.82465 ], [ -67.28681, -9.83251 ], [ -67.28916, -9.83716 ], [ -67.3074, -9.84683 ], [ -67.30736, -9.84988 ], [ -67.31449, -9.84647 ], [ -67.31611, -9.85319 ], [ -67.32186, -9.84914 ], [ -67.3283, -9.85091 ], [ -67.33517, -9.85501 ], [ -67.33447, -9.86133 ], [ -67.34663, -9.86336 ], [ -67.35427, -9.86974 ], [ -67.35274, -9.87228 ], [ -67.35834, -9.87432 ], [ -67.36058, -9.88031 ], [ -67.35468, -9.89371 ], [ -67.36919, -9.9007 ], [ -67.36751, -9.90394 ], [ -67.3772, -9.90164 ], [ -67.38231, -9.90789 ], [ -67.39577, -9.90015 ], [ -67.40085, -9.90583 ], [ -67.40899, -9.90403 ], [ -67.41122, -9.908 ], [ -67.41583, -9.90748 ], [ -67.41514, -9.91214 ], [ -67.42215, -9.92181 ], [ -67.41733, -9.93218 ], [ -67.42136, -9.93516 ], [ -67.42008, -9.9384 ], [ -67.42886, -9.94112 ], [ -67.4302, -9.94591 ], [ -67.43631, -9.94528 ], [ -67.43458, -9.94869 ], [ -67.44277, -9.94852 ], [ -67.44649, -9.95458 ], [ -67.45266, -9.95641 ], [ -67.45473, -9.96225 ], [ -67.4498, -9.96618 ], [ -67.44859, -9.98456 ], [ -67.45025, -9.98324 ], [ -67.45172, -9.98816 ], [ -67.46644, -9.99046 ], [ -67.47461, -9.99722 ], [ -67.47316, -10.00693 ], [ -67.48009, -10.00929 ], [ -67.48151, -10.01439 ], [ -67.49039, -10.01537 ], [ -67.4976, -10.02606 ], [ -67.50638, -10.02921 ], [ -67.50829, -10.02466 ] ], [ [ -67.47225, -9.91754 ], [ -67.46913, -9.91506 ], [ -67.46949, -9.91502 ], [ -67.47225, -9.91754 ] ], [ [ -67.46118, -9.91597 ], [ -67.44937, -9.91765 ], [ -67.44928, -9.91733 ], [ -67.46118, -9.91597 ] ], [ [ -67.44756, -9.9107 ], [ -67.44268, -9.89188 ], [ -67.44421, -9.89512 ], [ -67.44756, -9.9107 ] ], [ [ -67.4378, -9.88132 ], [ -67.44268, -9.8812 ], [ -67.43793, -9.8818 ], [ -67.4378, -9.88132 ] ], [ [ -67.20534, -9.71894 ], [ -67.2053, -9.71905 ], [ -67.19898, -9.70856 ], [ -67.20534, -9.71894 ] ], [ [ -67.19254, -9.70956 ], [ -67.19407, -9.71038 ], [ -67.19401, -9.71054 ], [ -67.19254, -9.70956 ] ], [ [ -67.21517, -9.73715 ], [ -67.2383, -9.72075 ], [ -67.21582, -9.73749 ], [ -67.21855, -9.73918 ], [ -67.2168, -9.74209 ], [ -67.21517, -9.73715 ] ], [ [ -67.20711, -9.73715 ], [ -67.21331, -9.73715 ], [ -67.2124, -9.73841 ], [ -67.20711, -9.73715 ] ], [ [ -67.25287, -9.73732 ], [ -67.32661, -9.7419 ], [ -67.32658, -9.74192 ], [ -67.25287, -9.73732 ] ], [ [ -67.33684, -9.68504 ], [ -67.33697, -9.68222 ], [ -67.3372, -9.68264 ], [ -67.33684, -9.68504 ] ] ] } },
{ "type": "Feature", "properties": { "cluster": 380.0, "hvi": 0.1329, "population": 2948, "setores": 3, "municipio": "Senador Guiomard" }, "geometry": { "type": "Polygon", "coordinates": [ [ [ -67.7359, -10.1486 ], [ -67.73823, -10.14295 ], [ -67.73517, -10.14053 ], [ -67.73325, -10.14038 ], [ -67.73424, -10.13852 ], [ -67.74351, -10.14114 ], [ -67.73783, -10.13543 ], [ -67.73338, -10.13857 ], [ -67.733, -10.14036 ], [ -67.72785, -10.13995 ], [ -67.72743, -10.14072 ], [ -67.7359, -10.1486 ] ] ] } },
{ "type": "Feature", "properties": { "cluster": 381.0, "hvi": 0.1177, "population": 723, "setores": 1, "municipio": "Senador Guiomard" }, "geometry": { "type": "Polygon", "coordinates": [ [ [ -67.71186, -10.16555 ], [ -67.72133, -10.1712 ], [ -67.72554, -10.16501 ], [ -67.72439, -10.16446 ], [ -67.71186, -10.16555 ] ] ] } },
{ "type": "Feature", "properties": { "cluster": 382.0, "hvi": 0.0933, "population": 1058, "setores": 3, "municipio": "Senador Guiomard" }, "geometry": { "type": "Polygon", "coordinates": [ [ [ -67.26464, -9.78691 ], [ -67.25873, -9.78098 ], [ -67.25278, -9.78115 ], [ -67.25266, -9.77733 ], [ -67.25583, -9.77717 ], [ -67.25443, -9.77326 ], [ -67.23223, -9.76178 ], [ -67.23527, -9.75934 ], [ -67.22923, -9.7512 ], [ -67.15596, -9.94939 ], [ -67.14316, -9.96043 ], [ -67.13786, -9.97464 ], [ -67.16562, -9.98477 ], [ -67.2158, -10.01059 ], [ -67.22585, -10.00393 ], [ -67.23473, -9.96772 ], [ -67.24843, -9.9637 ], [ -67.25002, -9.95226 ], [ -67.26025, -9.94645 ], [ -67.25898, -9.91162 ], [ -67.25745, -9.90743 ], [ -67.24684, -9.90604 ], [ -67.24098, -9.89376 ], [ -67.24419, -9.88972 ], [ -67.264, -9.88232 ], [ -67.26442, -9.86935 ], [ -67.27042, -9.85917 ], [ -67.26833, -9.84801 ], [ -67.28074, -9.83155 ], [ -67.28927, -9.82876 ], [ -67.2873, -9.82187 ], [ -67.2828, -9.82144 ], [ -67.28529, -9.81571 ], [ -67.26724, -9.80298 ], [ -67.26464, -9.78691 ] ] ] } },
{ "type": "Feature", "properties": { "cluster": 383.0, "hvi": 0.1374, "population": 2911, "setores": 4, "municipio": "Sena Madureira" }, "geometry": { "type": "MultiPolygon", "coordinates": [ [ [ [ -68.64868, -9.07417 ], [ -68.65501, -9.07646 ], [ -68.65227, -9.07524 ], [ -68.64868, -9.07417 ] ] ], [ [ [ -68.65402, -9.07484 ], [ -68.65336, -9.07106 ], [ -68.65227, -9.07524 ], [ -68.65402, -9.07484 ] ] ], [ [ [ -68.65072, -9.07002 ], [ -68.64884, -9.07189 ], [ -68.65183, -9.07382 ], [ -68.65072, -9.07002 ] ] ], [ [ [ -68.65445, -9.0737 ], [ -68.65321, -9.06627 ], [ -68.65072, -9.07002 ], [ -68.65336, -9.07106 ], [ -68.65445, -9.0737 ] ] ] ] } },
{ "type": "Feature", "properties": { "cluster": 384.0, "hvi": 0.1154, "population": 2339, "setores": 5, "municipio": "Sena Madureira" }, "geometry": { "type": "MultiPolygon", "coordinates": [ [ [ [ -68.65578, -9.07636 ], [ -68.66037, -9.07589 ], [ -68.65975, -9.07156 ], [ -68.65717, -9.07191 ], [ -68.65578, -9.07636 ] ] ], [ [ [ -68.66158, -9.07495 ], [ -68.66203, -9.06898 ], [ -68.66068, -9.06895 ], [ -68.66036, -9.07514 ], [ -68.66158, -9.07495 ] ] ], [ [ [ -68.6614, -9.06486 ], [ -68.65879, -9.06528 ], [ -68.65931, -9.06888 ], [ -68.66203, -9.06898 ], [ -68.6614, -9.06486 ] ] ] ] } },
{ "type": "Feature", "properties": { "cluster": 385.0, "hvi": 0.1231, "population": 2950, "setores": 5, "municipio": "Sena Madureira" }, "geometry": { "type": "MultiPolygon", "coordinates": [ [ [ [ -68.64474, -9.09537 ], [ -68.64971, -9.08947 ], [ -68.661, -9.08793 ], [ -68.66162, -9.08107 ], [ -68.63724, -9.08561 ], [ -68.64182, -9.09581 ], [ -68.64474, -9.09537 ] ] ], [ [ [ -68.66602, -9.08029 ], [ -68.67208, -9.07918 ], [ -68.66581, -9.07819 ], [ -68.66686, -9.07805 ], [ -68.66454, -9.07477 ], [ -68.6637, -9.07819 ], [ -68.66283, -9.0749 ], [ -68.66036, -9.07514 ], [ -68.66162, -9.08107 ], [ -68.66433, -9.0806 ], [ -68.66376, -9.07845 ], [ -68.6658, -9.07819 ], [ -68.66602, -9.08029 ] ] ], [ [ [ -68.66563, -9.07037 ], [ -68.66203, -9.06898 ], [ -68.66283, -9.0749 ], [ -68.66811, -9.07412 ], [ -68.66563, -9.07037 ] ] ] ] } },
{ "type": "Feature", "properties": { "cluster": 386.0, "hvi": 0.1044, "population": 2492, "setores": 11, "municipio": "Sena Madureira" }, "geometry": { "type": "MultiPolygon", "coordinates": [ [ [ [ -68.70595, -9.09421 ], [ -68.69938, -9.09171 ], [ -68.6939, -9.08256 ], [ -68.68387, -9.08505 ], [ -68.68646, -9.09632 ], [ -68.70024, -9.10078 ], [ -68.70595, -9.09421 ] ] ], [ [ [ -68.67177, -9.07927 ], [ -68.66991, -9.08038 ], [ -68.67196, -9.08023 ], [ -68.67177, -9.07927 ] ] ], [ [ [ -68.69547, -9.07984 ], [ -68.69199, -9.07549 ], [ -68.68229, -9.0773 ], [ -68.68736, -9.0824 ], [ -68.6939, -9.08256 ], [ -68.69547, -9.07984 ] ] ], [ [ [ -68.66686, -9.07805 ], [ -68.67079, -9.07759 ], [ -68.67208, -9.07918 ], [ -68.68229, -9.0773 ], [ -68.67727, -9.0736 ], [ -68.67966, -9.06688 ], [ -68.66697, -9.07288 ], [ -68.66802, -9.07418 ], [ -68.66458, -9.07669 ], [ -68.66773, -9.0761 ], [ -68.66469, -9.0773 ], [ -68.66771, -9.07737 ], [ -68.66686, -9.07805 ] ], [ [ -68.66818, -9.07699 ], [ -68.66808, -9.07603 ], [ -68.66933, -9.0758 ], [ -68.66946, -9.07596 ], [ -68.66818, -9.07699 ] ] ], [ [ [ -68.61343, -9.10846 ], [ -68.61043, -9.13543 ], [ -68.62026, -9.1503 ], [ -68.6378, -9.15273 ], [ -68.64606, -9.16083 ], [ -68.6447, -9.1665 ], [ -68.64959, -9.17052 ], [ -68.65597, -9.17048 ], [ -68.65887, -9.16733 ], [ -68.65483, -9.16213 ], [ -68.6556, -9.15499 ], [ -68.65906, -9.1561 ], [ -68.66229, -9.1517 ], [ -68.67009, -9.15484 ], [ -68.67777, -9.1468 ], [ -68.67347, -9.12456 ], [ -68.67657, -9.1164 ], [ -68.6633, -9.11597 ], [ -68.6469, -9.10126 ], [ -68.64474, -9.09537 ], [ -68.64182, -9.09581 ], [ -68.63746, -9.08609 ], [ -68.6483, -9.08358 ], [ -68.64594, -9.06891 ], [ -68.63491, -9.07428 ], [ -68.62846, -9.08817 ], [ -68.63313, -9.08709 ], [ -68.62765, -9.08907 ], [ -68.61343, -9.10846 ] ] ], [ [ [ -68.66433, -9.0806 ], [ -68.66602, -9.08029 ], [ -68.6658, -9.07818 ], [ -68.66433, -9.0806 ] ] ], [ [ [ -68.66037, -9.07589 ], [ -68.64702, -9.07489 ], [ -68.6483, -9.08358 ], [ -68.66162, -9.08107 ], [ -68.66037, -9.07589 ] ] ] ] } },
{ "type": "Feature", "properties": { "cluster": 387.0, "hvi": 0.1061, "population": 2971, "setores": 78, "municipio": "Assis Brasil" }, "geometry": { "type": "MultiPolygon", "coordinates": [ [ [ [ -70.20033, -10.77239 ], [ -70.19687, -10.76251 ], [ -70.18157, -10.74619 ], [ -70.182, -10.73459 ], [ -70.18719, -10.72507 ], [ -70.1842, -10.71777 ], [ -70.18855, -10.71045 ], [ -70.18642, -10.70496 ], [ -70.18109, -10.70304 ], [ -70.18566, -10.69592 ], [ -70.17708, -10.696 ], [ -70.17609, -10.67375 ], [ -70.17863, -10.6783 ], [ -70.17675, -10.67691 ], [ -70.17877, -10.69074 ], [ -70.19166, -10.69382 ], [ -70.20167, -10.68951 ], [ -70.20775, -10.69352 ], [ -70.20459, -10.69961 ], [ -70.20862, -10.7019 ], [ -70.21614, -10.69546 ], [ -70.21262, -10.68729 ], [ -70.22412, -10.68626 ], [ -70.23484, -10.69466 ], [ -70.25158, -10.69757 ], [ -70.25295, -10.7112 ], [ -70.25769, -10.71404 ], [ -70.27118, -10.7071 ], [ -70.27036, -10.69718 ], [ -70.27369, -10.69287 ], [ -70.27632, -10.69491 ], [ -70.27408, -10.7068 ], [ -70.27632, -10.70871 ], [ -70.28651, -10.69624 ], [ -70.29515, -10.70251 ], [ -70.30707, -10.69987 ], [ -70.3124, -10.70251 ], [ -70.31413, -10.71409 ], [ -70.32493, -10.71292 ], [ -70.32833, -10.71986 ], [ -70.3333, -10.70777 ], [ -70.3431, -10.70485 ], [ -70.34546, -10.70809 ], [ -70.34169, -10.71761 ], [ -70.3541, -10.71136 ], [ -70.36497, -10.71334 ], [ -70.36649, -10.73042 ], [ -70.37471, -10.72876 ], [ -70.38016, -10.73163 ], [ -70.38271, -10.72023 ], [ -70.38572, -10.72343 ], [ -70.39243, -10.72145 ], [ -70.40083, -10.72578 ], [ -70.40697, -10.71587 ], [ -70.41458, -10.71828 ], [ -70.42007, -10.7101 ], [ -70.42468, -10.71405 ], [ -70.42284, -10.72472 ], [ -70.43519, -10.71433 ], [ -70.43749, -10.71978 ], [ -70.4428, -10.72032 ], [ -70.44627, -10.7102 ], [ -70.45305, -10.71493 ], [ -70.45787, -10.71336 ], [ -70.45585, -10.70281 ], [ -70.45982, -10.70132 ], [ -70.46326, -10.70136 ], [ -70.46609, -10.71542 ], [ -70.47639, -10.71525 ], [ -70.47868, -10.72102 ], [ -70.48452, -10.72472 ], [ -70.48981, -10.71977 ], [ -70.49727, -10.71987 ], [ -70.50193, -10.71434 ], [ -70.50072, -10.72319 ], [ -70.5092, -10.72133 ], [ -70.50833, -10.7278 ], [ -70.51427, -10.71729 ], [ -70.526, -10.71946 ], [ -70.5336, -10.71204 ], [ -70.53461, -10.70408 ], [ -70.52516, -10.70338 ], [ -70.52254, -10.7001 ], [ -70.53321, -10.69965 ], [ -70.53181, -10.69631 ], [ -70.53549, -10.69279 ], [ -70.54701, -10.69236 ], [ -70.55457, -10.68765 ], [ -70.56404, -10.69433 ], [ -70.5706, -10.69084 ], [ -70.56992, -10.69612 ], [ -70.57833, -10.70364 ], [ -70.58731, -10.69802 ], [ -70.59735, -10.70048 ], [ -70.59972, -10.69722 ], [ -70.60411, -10.70363 ], [ -70.60832, -10.70189 ], [ -70.61507, -10.70587 ], [ -70.61491, -10.71197 ], [ -70.61975, -10.71296 ], [ -70.6206, -10.50987 ], [ -70.61573, -10.50527 ], [ -70.61481, -10.49953 ], [ -70.60747, -10.49754 ], [ -70.60693, -10.49066 ], [ -70.59848, -10.48731 ], [ -70.60037, -10.4841 ], [ -70.59644, -10.47562 ], [ -70.59249, -10.47674 ], [ -70.58882, -10.46685 ], [ -70.58659, -10.46982 ], [ -70.58295, -10.46608 ], [ -70.58564, -10.4602 ], [ -70.57625, -10.45875 ], [ -70.57167, -10.46415 ], [ -70.56222, -10.46483 ], [ -70.55142, -10.47183 ], [ -70.54624, -10.4802 ], [ -70.54282, -10.51002 ], [ -70.51466, -10.52722 ], [ -70.49466, -10.52741 ], [ -70.4818, -10.53273 ], [ -70.47266, -10.52882 ], [ -70.46847, -10.5304 ], [ -70.45997, -10.52349 ], [ -70.44998, -10.52458 ], [ -70.43666, -10.53574 ], [ -70.43566, -10.54016 ], [ -70.42465, -10.5402 ], [ -70.40988, -10.53039 ], [ -70.40623, -10.51921 ], [ -70.39603, -10.51927 ], [ -70.39323, -10.51332 ], [ -70.38729, -10.51408 ], [ -70.38633, -10.51085 ], [ -70.38447, -10.51229 ], [ -70.37672, -10.50705 ], [ -70.37884, -10.52152 ], [ -70.34492, -10.54373 ], [ -70.34491, -10.54372 ], [ -70.32801, -10.52565 ], [ -70.31965, -10.49998 ], [ -70.32071, -10.49487 ], [ -70.33108, -10.49069 ], [ -70.33714, -10.48417 ], [ -70.33796, -10.47737 ], [ -70.34621, -10.47255 ], [ -70.34977, -10.4587 ], [ -70.35401, -10.45903 ], [ -70.35243, -10.44908 ], [ -70.35638, -10.44761 ], [ -70.35609, -10.44409 ], [ -70.35097, -10.44221 ], [ -70.35421, -10.43764 ], [ -70.34867, -10.43219 ], [ -70.34974, -10.42702 ], [ -70.35296, -10.42602 ], [ -70.2561, -10.4255 ], [ -70.3517, -10.42535 ], [ -70.35186, -10.42479 ], [ -70.62049, -10.42495 ], [ -70.62057, -10.07932 ], [ -70.61352, -10.06555 ], [ -70.59539, -10.05055 ], [ -70.57437, -10.02052 ], [ -70.5675, -10.01866 ], [ -70.55484, -10.02271 ], [ -70.53953, -10.00886 ], [ -70.53095, -10.00772 ], [ -70.51991, -9.98449 ], [ -70.51128, -9.98043 ], [ -70.50208, -9.9646 ], [ -70.48505, -9.95847 ], [ -70.47518, -9.96045 ], [ -70.45737, -9.95115 ], [ -70.45745, -9.94607 ], [ -70.43983, -9.93172 ], [ -70.44114, -9.92224 ], [ -70.43626, -9.91186 ], [ -70.43115, -9.90644 ], [ -70.42832, -9.90731 ], [ -70.42087, -9.89539 ], [ -70.40092, -9.88572 ], [ -70.37763, -9.88916 ], [ -70.37097, -9.89827 ], [ -70.36009, -9.89954 ], [ -70.35755, -9.90739 ], [ -70.33971, -9.90721 ], [ -70.33472, -9.91187 ], [ -70.33732, -9.91736 ], [ -70.33166, -9.91673 ], [ -70.33027, -9.92191 ], [ -70.3255, -9.92088 ], [ -70.32094, -9.92458 ], [ -70.31196, -9.92172 ], [ -70.29262, -9.93018 ], [ -70.28798, -9.92798 ], [ -70.28018, -9.93488 ], [ -70.26637, -9.93551 ], [ -70.25846, -9.9302 ], [ -70.25798, -9.92469 ], [ -70.23399, -9.89418 ], [ -70.23159, -9.87436 ], [ -70.2273, -9.86628 ], [ -70.19881, -9.85409 ], [ -70.17777, -9.8372 ], [ -70.17962, -9.83292 ], [ -70.17591, -9.82749 ], [ -70.17882, -9.82231 ], [ -70.17521, -9.81764 ], [ -70.17734, -9.81438 ], [ -70.17076, -9.80903 ], [ -70.17008, -9.8048 ], [ -70.16567, -9.80511 ], [ -70.16627, -9.8005 ], [ -70.16108, -9.79731 ], [ -70.15701, -9.79925 ], [ -70.15835, -9.7941 ], [ -70.14884, -9.7876 ], [ -70.1509, -9.76701 ], [ -70.1495, -9.75917 ], [ -70.14294, -9.75255 ], [ -70.14215, -9.74323 ], [ -70.11754, -9.72727 ], [ -70.10677, -9.73161 ], [ -70.10482, -9.72908 ], [ -70.08887, -9.73309 ], [ -70.0777, -9.72461 ], [ -70.04927, -9.72397 ], [ -70.04832, -9.73438 ], [ -70.04428, -9.73838 ], [ -70.03039, -9.7354 ], [ -70.03551, -9.74405 ], [ -70.02702, -9.73033 ], [ -70.03193, -9.72801 ], [ -70.02641, -9.72316 ], [ -70.02822, -9.71507 ], [ -70.03217, -9.71255 ], [ -70.03127, -9.70611 ], [ -70.02641, -9.70312 ], [ -70.03891, -9.69091 ], [ -70.04831, -9.69006 ], [ -70.05387, -9.6804 ], [ -70.05097, -9.67541 ], [ -70.0478, -9.67608 ], [ -70.0453, -9.68602 ], [ -70.03625, -9.68099 ], [ -70.03418, -9.67232 ], [ -70.03009, -9.67455 ], [ -70.02568, -9.67013 ], [ -70.02842, -9.66133 ], [ -70.01672, -9.65902 ], [ -70.01357, -9.66343 ], [ -70.00936, -9.65674 ], [ -70.0119, -9.65055 ], [ -70.01559, -9.64944 ], [ -70.01345, -9.64576 ], [ -70.01536, -9.6409 ], [ -70.00347, -9.64034 ], [ -70.0049, -9.63659 ], [ -70.00961, -9.63599 ], [ -70.01258, -9.62282 ], [ -70.01306, -9.61088 ], [ -70.00962, -9.60977 ], [ -70.00868, -9.602 ], [ -70.01719, -9.59969 ], [ -70.01514, -9.59119 ], [ -70.02265, -9.59417 ], [ -70.0204, -9.58978 ], [ -70.02242, -9.58859 ], [ -70.03326, -9.58927 ], [ -70.0283, -9.59933 ], [ -70.03611, -9.59566 ], [ -70.04351, -9.59775 ], [ -70.04006, -9.58101 ], [ -70.03496, -9.58093 ], [ -70.03314, -9.5723 ], [ -70.05031, -9.56153 ], [ -70.03837, -9.56261 ], [ -70.03344, -9.55728 ], [ -70.03412, -9.55141 ], [ -70.03751, -9.55038 ], [ -70.02876, -9.54698 ], [ -70.03875, -9.53621 ], [ -70.0297, -9.52358 ], [ -70.0377, -9.52682 ], [ -70.04022, -9.51629 ], [ -70.03722, -9.51358 ], [ -70.03695, -9.50617 ], [ -70.02841, -9.50894 ], [ -70.03542, -9.50481 ], [ -70.15518, -9.47215 ], [ -70.20423, -9.43771 ], [ -70.27115, -9.41992 ], [ -70.33022, -9.39597 ], [ -70.31668, -9.38868 ], [ -70.31213, -9.37719 ], [ -70.29641, -9.36534 ], [ -70.29514, -9.35996 ], [ -70.29955, -9.34873 ], [ -70.29819, -9.33785 ], [ -70.28766, -9.33625 ], [ -70.27199, -9.34096 ], [ -70.26793, -9.33495 ], [ -70.26738, -9.31974 ], [ -70.26084, -9.31489 ], [ -70.24909, -9.317 ], [ -70.24154, -9.31002 ], [ -70.23727, -9.30053 ], [ -70.22567, -9.29851 ], [ -70.2176, -9.29344 ], [ -70.21148, -9.28022 ], [ -70.19435, -9.27811 ], [ -70.19976, -9.27866 ], [ -70.21206, -9.248 ], [ -70.20951, -9.23307 ], [ -70.20387, -9.22943 ], [ -70.20132, -9.21322 ], [ -70.20733, -9.19956 ], [ -70.20551, -9.18827 ], [ -70.20933, -9.18153 ], [ -70.20827, -9.1754 ], [ -70.19635, -9.17483 ], [ -70.19693, -9.16832 ], [ -70.20042, -9.16674 ], [ -70.19635, -9.16517 ], [ -70.2011, -9.15615 ], [ -70.20438, -9.15755 ], [ -70.20817, -9.14714 ], [ -70.19227, -9.15324 ], [ -70.18762, -9.15974 ], [ -70.18811, -9.16563 ], [ -70.17934, -9.16368 ], [ -70.18286, -9.15626 ], [ -70.1817, -9.15091 ], [ -70.17802, -9.15193 ], [ -70.17783, -9.1421 ], [ -70.18168, -9.14228 ], [ -70.18111, -9.13182 ], [ -70.17015, -9.1277 ], [ -70.16799, -9.1314 ], [ -70.1605, -9.12869 ], [ -70.16256, -9.12348 ], [ -70.1548, -9.11653 ], [ -70.15021, -9.12201 ], [ -70.15629, -9.13567 ], [ -70.16668, -9.13781 ], [ -70.15767, -9.1501 ], [ -70.14855, -9.13922 ], [ -70.1432, -9.14355 ], [ -70.13318, -9.13254 ], [ -70.13889, -9.12722 ], [ -70.12729, -9.11985 ], [ -70.12222, -9.12262 ], [ -70.12683, -9.13192 ], [ -70.1227, -9.1385 ], [ -70.12431, -9.1451 ], [ -70.11761, -9.14426 ], [ -70.11382, -9.13791 ], [ -70.11588, -9.1289 ], [ -70.10974, -9.12727 ], [ -70.1073, -9.13065 ], [ -70.11254, -9.1423 ], [ -70.10563, -9.14508 ], [ -70.10091, -9.1337 ], [ -70.0934, -9.13181 ], [ -70.09169, -9.11709 ], [ -70.08571, -9.11463 ], [ -70.08152, -9.09897 ], [ -70.07726, -9.10001 ], [ -70.07502, -9.10247 ], [ -70.07979, -9.10462 ], [ -70.07239, -9.11728 ], [ -70.07527, -9.1222 ], [ -70.0706, -9.12856 ], [ -70.07185, -9.1322 ], [ -70.06595, -9.14638 ], [ -70.06866, -9.16214 ], [ -70.0198, -9.21059 ], [ -70.00063, -9.21951 ], [ -69.99865, -9.22337 ], [ -69.99728, -9.22107 ], [ -69.97488, -9.22888 ], [ -69.9681, -9.22311 ], [ -69.9577, -9.22495 ], [ -69.9486, -9.21457 ], [ -69.93299, -9.22351 ], [ -69.9267, -9.21709 ], [ -69.91686, -9.21405 ], [ -69.9115, -9.21945 ], [ -69.90896, -9.21592 ], [ -69.90819, -9.2265 ], [ -69.90737, -9.21652 ], [ -69.90184, -9.21773 ], [ -69.89715, -9.2247 ], [ -69.88963, -9.21845 ], [ -69.88622, -9.22451 ], [ -69.88289, -9.22458 ], [ -69.88009, -9.20627 ], [ -69.87265, -9.20857 ], [ -69.86473, -9.19914 ], [ -69.85393, -9.2027 ], [ -69.85013, -9.1885 ], [ -69.85695, -9.18419 ], [ -69.84372, -9.17643 ], [ -69.84741, -9.16644 ], [ -69.83429, -9.16764 ], [ -69.83101, -9.16015 ], [ -69.83265, -9.15466 ], [ -69.83009, -9.15398 ], [ -69.82831, -9.15822 ], [ -69.81707, -9.15555 ], [ -69.81954, -9.14924 ], [ -69.80331, -9.13375 ], [ -69.79591, -9.11363 ], [ -69.78444, -9.1092 ], [ -69.78924, -9.11828 ], [ -69.77818, -9.12331 ], [ -69.77425, -9.11103 ], [ -69.76671, -9.10257 ], [ -69.76063, -9.10117 ], [ -69.76359, -9.09534 ], [ -69.76792, -9.09696 ], [ -69.77609, -9.08997 ], [ -69.77845, -9.08327 ], [ -69.77588, -9.06676 ], [ -69.77039, -9.06431 ], [ -69.76311, -9.07324 ], [ -69.765, -9.09001 ], [ -69.75144, -9.10933 ], [ -69.75588, -9.11685 ], [ -69.73979, -9.11975 ], [ -69.73922, -9.10977 ], [ -69.73429, -9.10794 ], [ -69.73625, -9.11441 ], [ -69.72881, -9.11342 ], [ -69.73567, -9.13166 ], [ -69.73465, -9.13759 ], [ -69.74234, -9.13711 ], [ -69.74389, -9.14472 ], [ -69.73816, -9.15019 ], [ -69.7379, -9.16575 ], [ -69.73078, -9.17285 ], [ -69.72788, -9.18617 ], [ -69.7302, -9.19467 ], [ -69.71986, -9.20143 ], [ -69.71773, -9.21362 ], [ -69.70462, -9.21719 ], [ -69.69636, -9.23757 ], [ -69.7699, -9.33868 ], [ -69.78473, -9.32992 ], [ -69.79736, -9.33425 ], [ -69.78997, -9.35935 ], [ -69.78861, -9.36396 ], [ -69.75881, -9.35609 ], [ -69.69153, -9.25163 ], [ -69.44669, -9.14372 ], [ -69.44266, -9.14989 ], [ -69.44631, -9.1624 ], [ -69.45404, -9.16441 ], [ -69.45135, -9.1745 ], [ -69.45603, -9.17995 ], [ -69.45386, -9.18528 ], [ -69.44564, -9.1866 ], [ -69.43992, -9.19432 ], [ -69.41808, -9.19634 ], [ -69.41237, -9.20374 ], [ -69.38932, -9.21311 ], [ -69.38224, -9.22063 ], [ -69.37726, -9.24034 ], [ -69.37341, -9.24304 ], [ -69.36108, -9.27065 ], [ -69.35154, -9.277 ], [ -69.32992, -9.27627 ], [ -69.33288, -9.27072 ], [ -69.32953, -9.26994 ], [ -69.32897, -9.2728 ], [ -69.31846, -9.26506 ], [ -69.3202, -9.2581 ], [ -69.31247, -9.25587 ], [ -69.30636, -9.26091 ], [ -69.30232, -9.25848 ], [ -69.30298, -9.26463 ], [ -69.30208, -9.25774 ], [ -69.28987, -9.24997 ], [ -69.29378, -9.24592 ], [ -69.28422, -9.23858 ], [ -69.28106, -9.24038 ], [ -69.28011, -9.24712 ], [ -69.26703, -9.2441 ], [ -69.26297, -9.23382 ], [ -69.25736, -9.23011 ], [ -69.25747, -9.23489 ], [ -69.25265, -9.23466 ], [ -69.25429, -9.22052 ], [ -69.25186, -9.21848 ], [ -69.25198, -9.22206 ], [ -69.24622, -9.2212 ], [ -69.24246, -9.21206 ], [ -69.23578, -9.20827 ], [ -69.24165, -9.19766 ], [ -69.23321, -9.19543 ], [ -69.23296, -9.19213 ], [ -69.2258, -9.18896 ], [ -69.2225, -9.18437 ], [ -69.21884, -9.18695 ], [ -69.22213, -9.18221 ], [ -69.21923, -9.18163 ], [ -69.21485, -9.1871 ], [ -69.21177, -9.18206 ], [ -69.20261, -9.18555 ], [ -69.2058, -9.19448 ], [ -69.20061, -9.19523 ], [ -69.20219, -9.20042 ], [ -69.19974, -9.19248 ], [ -69.19218, -9.19337 ], [ -69.18465, -9.18622 ], [ -69.18216, -9.18837 ], [ -69.18524, -9.19265 ], [ -69.17923, -9.18875 ], [ -69.18288, -9.18483 ], [ -69.17851, -9.18364 ], [ -69.17796, -9.17842 ], [ -69.17448, -9.17877 ], [ -69.17145, -9.17438 ], [ -69.16369, -9.18011 ], [ -69.16767, -9.18009 ], [ -69.16366, -9.18065 ], [ -69.1647, -9.18511 ], [ -69.16172, -9.18894 ], [ -69.1697, -9.18974 ], [ -69.17109, -9.19451 ], [ -69.16635, -9.19635 ], [ -69.17015, -9.19707 ], [ -69.17149, -9.20252 ], [ -69.17806, -9.20082 ], [ -69.18263, -9.21529 ], [ -69.19178, -9.21467 ], [ -69.18835, -9.21706 ], [ -69.19391, -9.2231 ], [ -69.19065, -9.23211 ], [ -69.19929, -9.23597 ], [ -69.19847, -9.24157 ], [ -69.2014, -9.24151 ], [ -69.2048, -9.24757 ], [ -69.20488, -9.2578 ], [ -69.21183, -9.2598 ], [ -69.20954, -9.26296 ], [ -69.21237, -9.27143 ], [ -69.20376, -9.27653 ], [ -69.19005, -9.2941 ], [ -69.19392, -9.30806 ], [ -69.18501, -9.32142 ], [ -69.18971, -9.33218 ], [ -69.18683, -9.34262 ], [ -69.18909, -9.35145 ], [ -69.16298, -9.39944 ], [ -69.15294, -9.39921 ], [ -69.14717, -9.39322 ], [ -69.13348, -9.38767 ], [ -69.11212, -9.37182 ], [ -69.10035, -9.3565 ], [ -69.0461, -9.34798 ], [ -69.02977, -9.33892 ], [ -69.01032, -9.34281 ], [ -69.00781, -9.34946 ], [ -68.98416, -9.36512 ], [ -68.96938, -9.355 ], [ -68.96383, -9.34715 ], [ -68.96117, -9.34603 ], [ -68.95992, -9.34976 ], [ -68.94773, -9.34489 ], [ -68.94295, -9.32678 ], [ -68.92816, -9.32143 ], [ -68.92615, -9.33038 ], [ -68.91052, -9.31869 ], [ -68.90377, -9.32318 ], [ -68.90336, -9.32709 ], [ -68.89717, -9.32236 ], [ -68.89338, -9.32435 ], [ -68.88937, -9.31997 ], [ -68.85618, -9.32926 ], [ -68.85302, -9.33312 ], [ -68.84672, -9.33238 ], [ -68.84749, -9.3489 ], [ -68.85355, -9.34568 ], [ -68.85746, -9.34863 ], [ -68.86154, -9.3436 ], [ -68.87058, -9.34829 ], [ -68.87886, -9.3436 ], [ -68.87881, -9.34817 ], [ -68.87301, -9.35098 ], [ -68.87468, -9.35265 ], [ -68.88377, -9.35526 ], [ -68.88812, -9.36377 ], [ -68.89819, -9.35948 ], [ -68.90601, -9.37019 ], [ -68.89167, -9.37655 ], [ -68.89641, -9.38267 ], [ -68.88826, -9.38512 ], [ -68.90142, -9.39641 ], [ -68.89669, -9.40386 ], [ -68.9059, -9.40706 ], [ -68.9019, -9.42164 ], [ -68.90734, -9.42184 ], [ -68.91612, -9.43314 ], [ -68.91582, -9.44405 ], [ -68.92039, -9.44888 ], [ -68.91559, -9.46528 ], [ -68.92567, -9.46435 ], [ -68.92562, -9.46126 ], [ -68.92888, -9.46336 ], [ -68.93077, -9.47559 ], [ -68.93344, -9.47401 ], [ -68.93955, -9.47902 ], [ -68.93507, -9.48541 ], [ -68.95039, -9.48991 ], [ -68.9472, -9.50117 ], [ -68.94385, -9.50136 ], [ -68.94365, -9.49682 ], [ -68.93544, -9.49649 ], [ -68.93359, -9.50316 ], [ -68.94522, -9.50875 ], [ -68.94028, -9.51483 ], [ -68.9356, -9.51459 ], [ -68.9348, -9.52578 ], [ -68.93891, -9.52843 ], [ -68.94279, -9.52617 ], [ -68.94885, -9.53121 ], [ -68.94034, -9.55693 ], [ -68.93536, -9.56903 ], [ -68.91753, -9.57462 ], [ -68.91335, -9.59547 ], [ -68.90747, -9.606 ], [ -68.89886, -9.61474 ], [ -68.86874, -9.63275 ], [ -68.88951, -9.67093 ], [ -68.9094, -9.69872 ], [ -68.92643, -9.73632 ], [ -68.9542, -9.77687 ], [ -68.97101, -9.79114 ], [ -68.99246, -9.80024 ], [ -69.01687, -9.82442 ], [ -69.05456, -9.84935 ], [ -69.06715, -9.87704 ], [ -69.01361, -9.91302 ], [ -69.01305, -9.91697 ], [ -69.00586, -9.9212 ], [ -68.9986, -9.91892 ], [ -68.99248, -9.92466 ], [ -68.98713, -9.92179 ], [ -68.98356, -9.92431 ], [ -68.98446, -9.93939 ], [ -68.9727, -9.94675 ], [ -68.97666, -9.95102 ], [ -68.97154, -9.96863 ], [ -68.98977, -9.96615 ], [ -68.99609, -9.97553 ], [ -68.98856, -9.98719 ], [ -69.01374, -9.99613 ], [ -69.01459, -10.0024 ], [ -69.02249, -10.0003 ], [ -69.02875, -10.00278 ], [ -69.03469, -10.01107 ], [ -69.04303, -10.00746 ], [ -69.04308, -10.0156 ], [ -69.05056, -10.01219 ], [ -69.0609, -10.01564 ], [ -69.05383, -10.0205 ], [ -69.05523, -10.02494 ], [ -69.06891, -10.0262 ], [ -69.06927, -10.03471 ], [ -69.06224, -10.03883 ], [ -69.06632, -10.04608 ], [ -69.06366, -10.05239 ], [ -69.06423, -10.06628 ], [ -69.05567, -10.0738 ], [ -69.05778, -10.08278 ], [ -69.06725, -10.0914 ], [ -69.06377, -10.11438 ], [ -69.05193, -10.12613 ], [ -69.05776, -10.13918 ], [ -69.05855, -10.15832 ], [ -69.04037, -10.16829 ], [ -69.12084, -10.26894 ], [ -69.1839, -10.29298 ], [ -69.31089, -10.36392 ], [ -69.34201, -10.40285 ], [ -69.36378, -10.46308 ], [ -69.34181, -10.48533 ], [ -69.374, -10.48914 ], [ -69.3698, -10.49216 ], [ -69.36182, -10.5122 ], [ -69.34832, -10.51451 ], [ -69.34206, -10.51206 ], [ -69.33256, -10.51655 ], [ -69.32095, -10.517 ], [ -69.31204, -10.52892 ], [ -69.29995, -10.52982 ], [ -69.29556, -10.54419 ], [ -69.2844, -10.55034 ], [ -69.27777, -10.54979 ], [ -69.26447, -10.53856 ], [ -69.24942, -10.55045 ], [ -69.25474, -10.55664 ], [ -69.26511, -10.55854 ], [ -69.27456, -10.56731 ], [ -69.29225, -10.56487 ], [ -69.29919, -10.56134 ], [ -69.3086, -10.5725 ], [ -69.31722, -10.56959 ], [ -69.32215, -10.57438 ], [ -69.32819, -10.57505 ], [ -69.34076, -10.58835 ], [ -69.35613, -10.59576 ], [ -69.36282, -10.5945 ], [ -69.36365, -10.61184 ], [ -69.3726, -10.61469 ], [ -69.37685, -10.61951 ], [ -69.38092, -10.61709 ], [ -69.38869, -10.61851 ], [ -69.39917, -10.62376 ], [ -69.40627, -10.61824 ], [ -69.41712, -10.61742 ], [ -69.42295, -10.61994 ], [ -69.43172, -10.63165 ], [ -69.44297, -10.62704 ], [ -69.45565, -10.63342 ], [ -69.46494, -10.62791 ], [ -69.47505, -10.62636 ], [ -69.4787, -10.62906 ], [ -69.49389, -10.62895 ], [ -69.50375, -10.63714 ], [ -69.52863, -10.63836 ], [ -69.55759, -10.65186 ], [ -69.57891, -10.64352 ], [ -69.58835, -10.64308 ], [ -69.65212, -10.68966 ], [ -69.67054, -10.73127 ], [ -69.75568, -10.74145 ], [ -69.76586, -10.75824 ], [ -69.76493, -10.75828 ], [ -69.77789, -10.78187 ], [ -69.76881, -10.7896 ], [ -69.7685, -10.79962 ], [ -69.77338, -10.80109 ], [ -69.77591, -10.8069 ], [ -69.79086, -10.80666 ], [ -69.79535, -10.8093 ], [ -69.81052, -10.80252 ], [ -69.81531, -10.80634 ], [ -69.8219, -10.80636 ], [ -69.82129, -10.79786 ], [ -69.81592, -10.79763 ], [ -69.82212, -10.78882 ], [ -69.82991, -10.78436 ], [ -69.84168, -10.78247 ], [ -69.8483, -10.77727 ], [ -69.92683, -10.74749 ], [ -69.92946, -10.75196 ], [ -69.9377, -10.75434 ], [ -69.93959, -10.7582 ], [ -69.94364, -10.75653 ], [ -69.94549, -10.76014 ], [ -69.95255, -10.76189 ], [ -69.95883, -10.7593 ], [ -69.96658, -10.74812 ], [ -69.97289, -10.74467 ], [ -69.99333, -10.75097 ], [ -70.02211, -10.73557 ], [ -70.03797, -10.74583 ], [ -70.04767, -10.74233 ], [ -70.05651, -10.74815 ], [ -70.13723, -10.76009 ], [ -70.17047, -10.81656 ], [ -70.21116, -10.83105 ], [ -70.2006, -10.80645 ], [ -70.2003, -10.79768 ], [ -70.2042, -10.79349 ], [ -70.19968, -10.78449 ], [ -70.20456, -10.77346 ], [ -70.20033, -10.77239 ] ], [ [ -70.31265, -10.56419 ], [ -70.30988, -10.56466 ], [ -70.34491, -10.54372 ], [ -70.31265, -10.56419 ] ], [ [ -69.82279, -9.36843 ], [ -69.84658, -9.36878 ], [ -69.8455, -9.36965 ], [ -69.82763, -9.37025 ], [ -69.78997, -9.35935 ], [ -69.82279, -9.36843 ] ], [ [ -69.07155, -10.021 ], [ -69.07335, -10.02101 ], [ -69.06891, -10.0262 ], [ -69.07155, -10.021 ] ], [ [ -69.89537, -9.23183 ], [ -69.90801, -9.22888 ], [ -69.90799, -9.22922 ], [ -69.89537, -9.23183 ] ], [ [ -69.91086, -9.23442 ], [ -69.90931, -9.23224 ], [ -69.91014, -9.23199 ], [ -69.91086, -9.23442 ] ], [ [ -69.91279, -9.24376 ], [ -69.91136, -9.23999 ], [ -69.90643, -9.24005 ], [ -69.91151, -9.23988 ], [ -69.9119, -9.23792 ], [ -69.91349, -9.24327 ], [ -69.91279, -9.24376 ] ], [ [ -69.9078, -9.2707 ], [ -69.91142, -9.27607 ], [ -69.90788, -9.28436 ], [ -69.90993, -9.28717 ], [ -69.89648, -9.27932 ], [ -69.89713, -9.27726 ], [ -69.90493, -9.27937 ], [ -69.90677, -9.27564 ], [ -69.89904, -9.2744 ], [ -69.90022, -9.27016 ], [ -69.9078, -9.2707 ] ], [ [ -69.90995, -9.29632 ], [ -69.91176, -9.28969 ], [ -69.91202, -9.29004 ], [ -69.90995, -9.29632 ] ], [ [ -69.90814, -9.30294 ], [ -69.90827, -9.30245 ], [ -69.90974, -9.30232 ], [ -69.90814, -9.30294 ] ], [ [ -69.91282, -9.30113 ], [ -69.91232, -9.30132 ], [ -69.91299, -9.29931 ], [ -69.91282, -9.30113 ] ], [ [ -69.91479, -9.29583 ], [ -69.91424, -9.29558 ], [ -69.91434, -9.29528 ], [ -69.91479, -9.29583 ] ], [ [ -69.92009, -9.30273 ], [ -69.91988, -9.30205 ], [ -69.92026, -9.30252 ], [ -69.92009, -9.30273 ] ], [ [ -69.91608, -9.31052 ], [ -69.91642, -9.30993 ], [ -69.91675, -9.31196 ], [ -69.91608, -9.31052 ] ], [ [ -69.90603, -9.31107 ], [ -69.90864, -9.31093 ], [ -69.90309, -9.31342 ], [ -69.90603, -9.31107 ] ], [ [ -69.84729, -9.36822 ], [ -69.85466, -9.3543 ], [ -69.85108, -9.36518 ], [ -69.84729, -9.36822 ] ], [ [ -69.92742, -9.62893 ], [ -69.9461, -9.67482 ], [ -69.97236, -9.70692 ], [ -69.97772, -9.72528 ], [ -69.97722, -9.78239 ], [ -70.02112, -9.83215 ], [ -70.03879, -9.86557 ], [ -70.03225, -9.8925 ], [ -70.04364, -9.9312 ], [ -70.03774, -9.95222 ], [ -70.04263, -9.98992 ], [ -70.27458, -10.52967 ], [ -70.18777, -10.32799 ], [ -70.17111, -10.32855 ], [ -70.15267, -10.32155 ], [ -70.14034, -10.30645 ], [ -70.13962, -10.29472 ], [ -70.15194, -10.28057 ], [ -70.14538, -10.27233 ], [ -70.13561, -10.26803 ], [ -70.13291, -10.25556 ], [ -70.12037, -10.24725 ], [ -70.10433, -10.24404 ], [ -70.0554, -10.24732 ], [ -70.03973, -10.22815 ], [ -70.00735, -10.20591 ], [ -70.00334, -10.19818 ], [ -69.9908, -10.19687 ], [ -69.98056, -10.19983 ], [ -69.9722, -10.19604 ], [ -69.97012, -10.19867 ], [ -69.95351, -10.20042 ], [ -69.94514, -10.20908 ], [ -69.93767, -10.20546 ], [ -69.9341, -10.20177 ], [ -69.92964, -10.20299 ], [ -69.92348, -10.19521 ], [ -69.92133, -10.19707 ], [ -69.91989, -10.19317 ], [ -69.90961, -10.18958 ], [ -69.90836, -10.1856 ], [ -69.88728, -10.18264 ], [ -69.87373, -10.17251 ], [ -69.87097, -10.17449 ], [ -69.86985, -10.16957 ], [ -69.86527, -10.16911 ], [ -69.86149, -10.1625 ], [ -69.86038, -10.16459 ], [ -69.85004, -10.15996 ], [ -69.84824, -10.15545 ], [ -69.83618, -10.15867 ], [ -69.82926, -10.15293 ], [ -69.8207, -10.15304 ], [ -69.82044, -10.14798 ], [ -69.81104, -10.14624 ], [ -69.81343, -10.14448 ], [ -69.80993, -10.13945 ], [ -69.80197, -10.14019 ], [ -69.79815, -10.1344 ], [ -69.79334, -10.13359 ], [ -69.79376, -10.12909 ], [ -69.78818, -10.13096 ], [ -69.76916, -10.12356 ], [ -69.76746, -10.11885 ], [ -69.75943, -10.11906 ], [ -69.75377, -10.11567 ], [ -69.75148, -10.11866 ], [ -69.7477, -10.11247 ], [ -69.74284, -10.11411 ], [ -69.74114, -10.11066 ], [ -69.73578, -10.11094 ], [ -69.73087, -10.10679 ], [ -69.73147, -10.09765 ], [ -69.71883, -10.09434 ], [ -69.71496, -10.08593 ], [ -69.7116, -10.08668 ], [ -69.67985, -10.06421 ], [ -69.67518, -10.06252 ], [ -69.67152, -10.06575 ], [ -69.66727, -10.06078 ], [ -69.66211, -10.0657 ], [ -69.64889, -10.06228 ], [ -69.64019, -10.05304 ], [ -69.63456, -10.05365 ], [ -69.63196, -10.04772 ], [ -69.62224, -10.04391 ], [ -69.61991, -10.03566 ], [ -69.60235, -10.02799 ], [ -69.5935, -10.02932 ], [ -69.58928, -10.02377 ], [ -69.58655, -10.02403 ], [ -69.58768, -10.02667 ], [ -69.5818, -10.0266 ], [ -69.57904, -10.01884 ], [ -69.57284, -10.0221 ], [ -69.56651, -10.01875 ], [ -69.56082, -10.02468 ], [ -69.55532, -10.02149 ], [ -69.5555, -10.0164 ], [ -69.54888, -10.01752 ], [ -69.54481, -10.0108 ], [ -69.54022, -10.01238 ], [ -69.53991, -10.00891 ], [ -69.5349, -10.00737 ], [ -69.53481, -10.00105 ], [ -69.53005, -9.99992 ], [ -69.52745, -9.98996 ], [ -69.52277, -9.99556 ], [ -69.52249, -9.99356 ], [ -69.5317, -9.98432 ], [ -69.52941, -9.98007 ], [ -69.52874, -9.98254 ], [ -69.52473, -9.98036 ], [ -69.5265, -9.97645 ], [ -69.52276, -9.97422 ], [ -69.52301, -9.96866 ], [ -69.50559, -9.96687 ], [ -69.50706, -9.96441 ], [ -69.5039, -9.96189 ], [ -69.50739, -9.96099 ], [ -69.51001, -9.95748 ], [ -69.50782, -9.955 ], [ -69.51008, -9.95351 ], [ -69.5313, -9.95669 ], [ -69.54076, -9.96837 ], [ -69.54849, -9.9662 ], [ -69.54896, -9.96969 ], [ -69.55943, -9.97011 ], [ -69.57182, -9.98406 ], [ -69.57775, -9.982 ], [ -69.5854, -9.98577 ], [ -69.60039, -9.98362 ], [ -69.60754, -9.98626 ], [ -69.61618, -9.9814 ], [ -69.62173, -9.98219 ], [ -69.63264, -9.98924 ], [ -69.658, -9.99417 ], [ -69.66645, -10.00403 ], [ -69.67044, -10.00252 ], [ -69.68159, -10.00931 ], [ -69.70474, -10.00637 ], [ -69.71681, -10.01089 ], [ -69.7382, -10.01257 ], [ -69.75652, -10.02375 ], [ -69.76145, -10.02278 ], [ -69.78328, -10.01089 ], [ -69.78578, -10.00016 ], [ -69.79429, -9.99822 ], [ -69.80036, -9.98061 ], [ -69.81121, -9.97206 ], [ -69.82334, -9.96846 ], [ -69.8467, -9.96851 ], [ -69.86445, -9.95639 ], [ -69.8825, -9.96635 ], [ -69.89389, -9.98628 ], [ -69.92967, -9.97961 ], [ -69.76679, -9.81669 ], [ -69.60188, -9.78461 ], [ -69.59935, -9.75621 ], [ -69.60437, -9.74458 ], [ -69.59948, -9.7262 ], [ -69.59062, -9.70902 ], [ -69.57731, -9.69691 ], [ -69.57067, -9.65849 ], [ -69.56141, -9.6408 ], [ -69.55981, -9.62171 ], [ -69.554, -9.60828 ], [ -69.55993, -9.59881 ], [ -69.58349, -9.59202 ], [ -69.58745, -9.5817 ], [ -69.60437, -9.56531 ], [ -69.60517, -9.55672 ], [ -69.61323, -9.55143 ], [ -69.61858, -9.54172 ], [ -69.60433, -9.51706 ], [ -69.60154, -9.51671 ], [ -69.59959, -9.50864 ], [ -69.59261, -9.50424 ], [ -69.58744, -9.49584 ], [ -69.59713, -9.48396 ], [ -69.59673, -9.47475 ], [ -69.59784, -9.47227 ], [ -69.60798, -9.47352 ], [ -69.60896, -9.47838 ], [ -69.61691, -9.48101 ], [ -69.6182, -9.48476 ], [ -69.62207, -9.48309 ], [ -69.62434, -9.48984 ], [ -69.6286, -9.48823 ], [ -69.63141, -9.49781 ], [ -69.63752, -9.4983 ], [ -69.63956, -9.50492 ], [ -69.64263, -9.50276 ], [ -69.64498, -9.50432 ], [ -69.64249, -9.50438 ], [ -69.64474, -9.50724 ], [ -69.64245, -9.50875 ], [ -69.64854, -9.51158 ], [ -69.65269, -9.51814 ], [ -69.6559, -9.51617 ], [ -69.6578, -9.51955 ], [ -69.66246, -9.51682 ], [ -69.66314, -9.52177 ], [ -69.66824, -9.51756 ], [ -69.6735, -9.51913 ], [ -69.6713, -9.52439 ], [ -69.67356, -9.52585 ], [ -69.6877, -9.52465 ], [ -69.68563, -9.53304 ], [ -69.6891, -9.53717 ], [ -69.68815, -9.54285 ], [ -69.69625, -9.54789 ], [ -69.69716, -9.54448 ], [ -69.7047, -9.55596 ], [ -69.71321, -9.54934 ], [ -69.71663, -9.55324 ], [ -69.714, -9.55614 ], [ -69.71637, -9.5574 ], [ -69.71565, -9.56287 ], [ -69.72019, -9.56306 ], [ -69.72917, -9.57308 ], [ -69.73355, -9.57302 ], [ -69.73588, -9.56915 ], [ -69.73873, -9.57554 ], [ -69.74398, -9.57656 ], [ -69.74185, -9.58523 ], [ -69.74853, -9.59057 ], [ -69.74508, -9.59301 ], [ -69.7471, -9.6002 ], [ -69.75353, -9.60618 ], [ -69.75234, -9.60959 ], [ -69.75627, -9.61171 ], [ -69.75797, -9.6186 ], [ -69.77086, -9.61761 ], [ -69.78493, -9.60542 ], [ -69.80714, -9.60271 ], [ -69.81871, -9.60475 ], [ -69.83342, -9.60216 ], [ -69.85817, -9.60995 ], [ -69.87261, -9.6063 ], [ -69.88743, -9.612 ], [ -69.90012, -9.6063 ], [ -69.91342, -9.60988 ], [ -69.9292, -9.6084 ], [ -69.93135, -9.61119 ], [ -69.92742, -9.62893 ] ], [ [ -69.9954, -10.44569 ], [ -70.01489, -10.42279 ], [ -69.99903, -10.44316 ], [ -69.9954, -10.44569 ] ], [ [ -70.00432, -10.45571 ], [ -69.99455, -10.45544 ], [ -69.98164, -10.45062 ], [ -69.98913, -10.45304 ], [ -69.99114, -10.45068 ], [ -69.99169, -10.4538 ], [ -70.00432, -10.45571 ] ], [ [ -69.97696, -10.44911 ], [ -69.97728, -10.44921 ], [ -69.96673, -10.456 ], [ -69.97696, -10.44911 ] ], [ [ -69.89314, -10.43628 ], [ -69.89254, -10.44101 ], [ -69.89227, -10.44118 ], [ -69.89314, -10.43628 ] ], [ [ -69.82013, -10.40772 ], [ -69.82031, -10.40784 ], [ -69.81153, -10.41276 ], [ -69.82013, -10.40772 ] ], [ [ -69.82999, -10.49866 ], [ -69.83366, -10.50098 ], [ -69.83216, -10.50939 ], [ -69.815, -10.50974 ], [ -69.81167, -10.50738 ], [ -69.82505, -10.5094 ], [ -69.8088, -10.40979 ], [ -69.82386, -10.50158 ], [ -69.82999, -10.49866 ] ], [ [ -69.79334, -10.5072 ], [ -69.79964, -10.50684 ], [ -69.80009, -10.50564 ], [ -69.80473, -10.50634 ], [ -69.79645, -10.50883 ], [ -69.79334, -10.5072 ] ], [ [ -69.71033, -10.43847 ], [ -69.70609, -10.4479 ], [ -69.70964, -10.43812 ], [ -69.71033, -10.43847 ] ], [ [ -69.69871, -10.43261 ], [ -69.70698, -10.43678 ], [ -69.69716, -10.43353 ], [ -69.69871, -10.43261 ] ], [ [ -69.68918, -10.43902 ], [ -69.68885, -10.43848 ], [ -69.69463, -10.43504 ], [ -69.69434, -10.43706 ], [ -69.68918, -10.43902 ] ], [ [ -69.68206, -10.41155 ], [ -69.68363, -10.41197 ], [ -69.68373, -10.4245 ], [ -69.68805, -10.43715 ], [ -69.68418, -10.43072 ], [ -69.68206, -10.41155 ] ], [ [ -69.68098, -10.41125 ], [ -69.68171, -10.41145 ], [ -69.68087, -10.41211 ], [ -69.68098, -10.41125 ] ], [ [ -69.6792, -10.42473 ], [ -69.67974, -10.42064 ], [ -69.6802, -10.42384 ], [ -69.6792, -10.42473 ] ], [ [ -69.6702, -10.42704 ], [ -69.67791, -10.42588 ], [ -69.67543, -10.4281 ], [ -69.6702, -10.42704 ] ], [ [ -69.66448, -10.42732 ], [ -69.67008, -10.41819 ], [ -69.67339, -10.42169 ], [ -69.66983, -10.41885 ], [ -69.66448, -10.42732 ] ], [ [ -69.65786, -10.42301 ], [ -69.65943, -10.42211 ], [ -69.6593, -10.42276 ], [ -69.66448, -10.42732 ], [ -69.65786, -10.42301 ] ], [ [ -69.65042, -10.42046 ], [ -69.64657, -10.42859 ], [ -69.6453, -10.42944 ], [ -69.65042, -10.42046 ] ], [ [ -69.64667, -10.41586 ], [ -69.64844, -10.41759 ], [ -69.65042, -10.42046 ], [ -69.64667, -10.41586 ] ], [ [ -69.64335, -10.41263 ], [ -69.64405, -10.4133 ], [ -69.63546, -10.41086 ], [ -69.64335, -10.41263 ] ], [ [ -69.6308, -10.39661 ], [ -69.62668, -10.40564 ], [ -69.63051, -10.39632 ], [ -69.6308, -10.39661 ] ], [ [ -69.629, -10.39477 ], [ -69.62982, -10.39561 ], [ -69.62781, -10.39441 ], [ -69.629, -10.39477 ] ], [ [ -69.6191, -10.39181 ], [ -69.62117, -10.39243 ], [ -69.61105, -10.39438 ], [ -69.6191, -10.39181 ] ], [ [ -69.61781, -10.38365 ], [ -69.61846, -10.38744 ], [ -69.61793, -10.38794 ], [ -69.6173, -10.38508 ], [ -69.61781, -10.38365 ] ], [ [ -69.61421, -10.38178 ], [ -69.61382, -10.38237 ], [ -69.61638, -10.38436 ], [ -69.61306, -10.38216 ], [ -69.61421, -10.38178 ] ], [ [ -69.60471, -10.38058 ], [ -69.60611, -10.38396 ], [ -69.60537, -10.38422 ], [ -69.60471, -10.38058 ] ], [ [ -69.59276, -10.37685 ], [ -69.59509, -10.37767 ], [ -69.5928, -10.37729 ], [ -69.59276, -10.37685 ] ], [ [ -69.59182, -10.36724 ], [ -69.59192, -10.37024 ], [ -69.59089, -10.3705 ], [ -69.59182, -10.36724 ] ], [ [ -69.5622, -10.38844 ], [ -69.56831, -10.38906 ], [ -69.56218, -10.38858 ], [ -69.5622, -10.38844 ] ], [ [ -69.53305, -10.48416 ], [ -69.53752, -10.46811 ], [ -69.53331, -10.48374 ], [ -69.53305, -10.48416 ] ], [ [ -69.50788, -10.505 ], [ -69.53239, -10.4852 ], [ -69.52934, -10.49006 ], [ -69.50788, -10.505 ] ], [ [ -69.83236, -10.50968 ], [ -69.83324, -10.51098 ], [ -69.83008, -10.51284 ], [ -69.83236, -10.50968 ] ], [ [ -69.8307, -10.52335 ], [ -69.83231, -10.53166 ], [ -69.83137, -10.5334 ], [ -69.82914, -10.51415 ], [ -69.83022, -10.51684 ], [ -69.83042, -10.52247 ], [ -69.8358, -10.52517 ], [ -69.8307, -10.52335 ] ], [ [ -69.84201, -10.54132 ], [ -69.84448, -10.54187 ], [ -69.8323, -10.54029 ], [ -69.8321, -10.53878 ], [ -69.83828, -10.52555 ], [ -69.84379, -10.52794 ], [ -69.84201, -10.54132 ] ], [ [ -69.85447, -10.54358 ], [ -69.85418, -10.54531 ], [ -69.85443, -10.54317 ], [ -69.84996, -10.54259 ], [ -69.85592, -10.54194 ], [ -69.85447, -10.54358 ] ], [ [ -69.85832, -10.5254 ], [ -69.8621, -10.52261 ], [ -69.87471, -10.52269 ], [ -69.87831, -10.53341 ], [ -69.87436, -10.541 ], [ -69.86521, -10.54353 ], [ -69.8645, -10.54684 ], [ -69.86522, -10.54116 ], [ -69.85811, -10.53946 ], [ -69.85045, -10.54233 ], [ -69.85572, -10.53964 ], [ -69.85361, -10.53601 ], [ -69.85832, -10.5254 ] ], [ [ -69.85008, -10.54747 ], [ -69.85185, -10.55016 ], [ -69.85074, -10.55065 ], [ -69.84946, -10.54745 ], [ -69.85008, -10.54747 ] ], [ [ -69.85522, -10.55529 ], [ -69.85614, -10.55513 ], [ -69.84998, -10.55872 ], [ -69.85522, -10.55529 ] ], [ [ -69.85758, -10.60044 ], [ -69.85761, -10.601 ], [ -69.85148, -10.60652 ], [ -69.85758, -10.60044 ] ], [ [ -69.85429, -10.6127 ], [ -69.85165, -10.62364 ], [ -69.85083, -10.62252 ], [ -69.85429, -10.6127 ] ], [ [ -69.85965, -10.63739 ], [ -69.85992, -10.63752 ], [ -69.85786, -10.63965 ], [ -69.85965, -10.63739 ] ], [ [ -69.86122, -10.64604 ], [ -69.86341, -10.65022 ], [ -69.86021, -10.6482 ], [ -69.86122, -10.64604 ] ], [ [ -69.86304, -10.65879 ], [ -69.86054, -10.66062 ], [ -69.86341, -10.65022 ], [ -69.86304, -10.65879 ] ], [ [ -69.86045, -10.66094 ], [ -69.86578, -10.66345 ], [ -69.86037, -10.66122 ], [ -69.86045, -10.66094 ] ], [ [ -69.86823, -10.67063 ], [ -69.87938, -10.67234 ], [ -69.86868, -10.67195 ], [ -69.86823, -10.67063 ] ], [ [ -69.88116, -10.67262 ], [ -69.88146, -10.67266 ], [ -69.88974, -10.67997 ], [ -69.88116, -10.67262 ] ], [ [ -69.8932, -10.68304 ], [ -69.89331, -10.68313 ], [ -69.90354, -10.71338 ], [ -69.8932, -10.68304 ] ], [ [ -69.91451, -10.74146 ], [ -69.92575, -10.74564 ], [ -69.92679, -10.74742 ], [ -69.91451, -10.74146 ] ], [ [ -70.29121, -10.56778 ], [ -70.29095, -10.56754 ], [ -70.29525, -10.5671 ], [ -70.29121, -10.56778 ] ], [ [ -70.1713, -10.51408 ], [ -70.17171, -10.51424 ], [ -70.17197, -10.51464 ], [ -70.1713, -10.51408 ] ], [ [ -70.15643, -10.50876 ], [ -70.15714, -10.50875 ], [ -70.16742, -10.51262 ], [ -70.15643, -10.50876 ] ], [ [ -70.12317, -10.50224 ], [ -70.13181, -10.50374 ], [ -70.13985, -10.50902 ], [ -70.12317, -10.50224 ] ], [ [ -70.10952, -10.49669 ], [ -70.10746, -10.4873 ], [ -70.10778, -10.48777 ], [ -70.10952, -10.49669 ] ], [ [ -70.05697, -10.55252 ], [ -70.05241, -10.55792 ], [ -70.07, -10.52908 ], [ -70.05697, -10.55252 ] ], [ [ -70.03339, -10.56511 ], [ -70.03549, -10.56331 ], [ -70.04554, -10.56605 ], [ -70.03339, -10.56511 ] ], [ [ -69.97448, -10.56761 ], [ -69.97321, -10.5688 ], [ -69.97538, -10.56368 ], [ -69.97448, -10.56761 ] ], [ [ -69.96815, -10.56625 ], [ -69.97004, -10.57301 ], [ -69.96792, -10.56811 ], [ -69.96607, -10.56904 ], [ -69.96815, -10.56625 ] ], [ [ -69.9708, -10.57813 ], [ -69.97119, -10.57621 ], [ -69.97398, -10.58195 ], [ -69.97638, -10.58036 ], [ -69.97517, -10.58504 ], [ -69.97151, -10.58239 ], [ -69.97394, -10.58189 ], [ -69.96689, -10.57533 ], [ -69.96821, -10.57392 ], [ -69.96607, -10.56904 ], [ -69.9708, -10.57813 ] ], [ [ -69.97734, -10.57669 ], [ -69.97703, -10.57786 ], [ -69.97606, -10.57637 ], [ -69.97734, -10.57669 ] ], [ [ -69.97851, -10.5855 ], [ -69.97706, -10.58641 ], [ -69.9758, -10.5855 ], [ -69.97851, -10.5855 ] ], [ [ -69.99155, -10.57106 ], [ -69.98216, -10.5832 ], [ -69.98157, -10.58357 ], [ -69.99155, -10.57106 ] ], [ [ -69.99773, -10.57506 ], [ -69.99681, -10.57607 ], [ -69.99155, -10.57106 ], [ -69.99773, -10.57506 ] ], [ [ -69.96297, -10.59042 ], [ -69.96382, -10.57865 ], [ -69.96558, -10.57675 ], [ -69.96297, -10.59042 ] ], [ [ -69.93664, -10.56278 ], [ -69.93824, -10.56442 ], [ -69.93711, -10.56383 ], [ -69.93664, -10.56278 ] ], [ [ -69.93081, -10.54979 ], [ -69.93289, -10.55064 ], [ -69.93454, -10.55811 ], [ -69.93081, -10.54979 ] ], [ [ -69.92316, -10.55234 ], [ -69.92643, -10.54928 ], [ -69.92459, -10.54728 ], [ -69.92979, -10.54938 ], [ -69.92287, -10.55377 ], [ -69.92332, -10.55566 ], [ -69.92028, -10.55075 ], [ -69.92316, -10.55234 ] ], [ [ -69.89894, -10.55846 ], [ -69.90303, -10.55947 ], [ -69.89506, -10.55894 ], [ -69.89929, -10.55623 ], [ -69.89894, -10.55846 ] ], [ [ -69.89957, -10.55443 ], [ -69.89394, -10.5509 ], [ -69.89974, -10.55334 ], [ -69.89957, -10.55443 ] ], [ [ -69.90165, -10.54729 ], [ -69.9018, -10.5463 ], [ -69.90661, -10.54403 ], [ -69.90774, -10.54464 ], [ -69.90165, -10.54729 ] ], [ [ -69.91452, -10.55091 ], [ -69.92081, -10.56054 ], [ -69.9196, -10.56068 ], [ -69.91172, -10.54791 ], [ -69.90859, -10.54512 ], [ -69.91206, -10.54702 ], [ -69.91138, -10.54753 ], [ -69.91452, -10.55091 ] ], [ [ -69.87807, -10.56087 ], [ -69.8732, -10.56191 ], [ -69.88432, -10.55668 ], [ -69.87807, -10.56087 ] ], [ [ -69.87587, -10.55501 ], [ -69.87643, -10.55597 ], [ -69.8732, -10.56191 ], [ -69.87587, -10.55501 ] ], [ [ -69.88462, -10.54792 ], [ -69.88604, -10.54752 ], [ -69.88702, -10.54904 ], [ -69.88462, -10.54792 ] ], [ [ -69.88894, -10.5545 ], [ -69.88919, -10.55238 ], [ -69.89338, -10.55882 ], [ -69.89203, -10.55873 ], [ -69.88894, -10.5545 ] ], [ [ -70.16248, -10.66503 ], [ -70.16606, -10.67347 ], [ -70.16189, -10.66569 ], [ -70.16248, -10.66503 ] ], [ [ -70.12156, -10.65359 ], [ -70.12572, -10.64306 ], [ -70.12358, -10.63952 ], [ -70.11994, -10.63879 ], [ -70.12336, -10.63649 ], [ -70.13999, -10.63857 ], [ -70.15269, -10.65418 ], [ -70.15664, -10.66464 ], [ -70.15041, -10.66713 ], [ -70.13583, -10.66281 ], [ -70.13135, -10.65406 ], [ -70.1236, -10.65679 ], [ -70.12156, -10.65359 ] ], [ [ -70.11845, -10.63978 ], [ -70.11059, -10.64723 ], [ -70.1036, -10.65087 ], [ -70.10607, -10.64539 ], [ -70.10655, -10.64779 ], [ -70.11845, -10.63978 ] ], [ [ -70.10521, -10.64109 ], [ -70.1057, -10.64352 ], [ -70.10366, -10.64078 ], [ -70.10521, -10.64109 ] ], [ [ -70.0676, -10.6339 ], [ -70.07032, -10.61624 ], [ -70.0683, -10.63496 ], [ -70.07519, -10.63433 ], [ -70.07454, -10.62855 ], [ -70.08985, -10.62626 ], [ -70.09126, -10.63895 ], [ -70.09954, -10.64367 ], [ -70.10183, -10.64041 ], [ -70.10283, -10.64061 ], [ -70.09598, -10.65158 ], [ -70.09102, -10.65164 ], [ -70.08292, -10.63905 ], [ -70.07051, -10.6386 ], [ -70.0676, -10.6339 ] ], [ [ -70.05565, -10.61833 ], [ -70.06452, -10.61381 ], [ -70.05579, -10.61864 ], [ -70.05565, -10.61833 ] ], [ [ -70.05191, -10.60456 ], [ -70.05508, -10.61713 ], [ -70.05105, -10.60856 ], [ -70.05191, -10.60456 ] ], [ [ -70.04475, -10.6065 ], [ -70.03515, -10.6043 ], [ -70.0342, -10.61295 ], [ -70.03243, -10.59597 ], [ -70.0346, -10.60385 ], [ -70.04475, -10.6065 ] ], [ [ -70.00456, -10.58318 ], [ -70.00604, -10.58218 ], [ -70.01363, -10.59064 ], [ -70.00695, -10.58374 ], [ -70.00456, -10.58318 ] ], [ [ -69.99982, -10.58639 ], [ -70.00184, -10.58502 ], [ -69.99575, -10.59242 ], [ -69.99982, -10.58639 ] ], [ [ -69.99341, -10.581 ], [ -69.99371, -10.58177 ], [ -69.98863, -10.58504 ], [ -69.99341, -10.581 ] ], [ [ -70.05124, -10.60193 ], [ -70.03741, -10.59788 ], [ -70.05087, -10.60047 ], [ -70.05124, -10.60193 ] ], [ [ -70.2372, -10.65922 ], [ -70.22292, -10.65642 ], [ -70.22912, -10.65562 ], [ -70.2372, -10.65922 ] ], [ [ -70.21474, -10.65497 ], [ -70.21052, -10.65613 ], [ -70.21461, -10.65488 ], [ -70.21474, -10.65497 ] ], [ [ -70.20203, -10.65871 ], [ -70.19761, -10.66078 ], [ -70.19808, -10.65992 ], [ -70.20203, -10.65871 ] ], [ [ -70.19435, -10.66231 ], [ -70.19262, -10.66312 ], [ -70.1931, -10.66189 ], [ -70.19435, -10.66231 ] ], [ [ -70.1848, -10.66929 ], [ -70.18837, -10.67156 ], [ -70.18806, -10.67169 ], [ -70.1848, -10.66929 ] ], [ [ -70.18439, -10.6777 ], [ -70.18234, -10.68106 ], [ -70.18155, -10.68047 ], [ -70.18439, -10.6777 ] ], [ [ -69.95542, -10.57426 ], [ -69.95597, -10.57938 ], [ -69.95524, -10.57415 ], [ -69.95542, -10.57426 ] ], [ [ -70.09825, -10.47353 ], [ -70.09649, -10.46285 ], [ -70.09844, -10.47381 ], [ -70.09825, -10.47353 ] ], [ [ -70.0264, -9.51865 ], [ -70.0269, -9.51836 ], [ -70.0268, -9.51898 ], [ -70.0264, -9.51865 ] ], [ [ -69.96471, -9.40345 ], [ -69.97437, -9.4156 ], [ -69.97391, -9.41591 ], [ -69.96471, -9.40345 ] ], [ [ -69.94396, -9.38965 ], [ -69.94666, -9.39311 ], [ -69.94572, -9.39309 ], [ -69.94396, -9.38965 ] ], [ [ -69.94816, -9.38227 ], [ -69.94273, -9.38725 ], [ -69.9419, -9.38562 ], [ -69.94816, -9.38227 ] ], [ [ -69.94009, -9.38208 ], [ -69.9453, -9.37956 ], [ -69.94908, -9.38143 ], [ -69.94009, -9.38208 ] ], [ [ -69.94983, -9.38074 ], [ -69.94943, -9.38111 ], [ -69.94929, -9.37849 ], [ -69.94983, -9.38074 ] ], [ [ -69.94727, -9.37004 ], [ -69.94757, -9.37128 ], [ -69.94575, -9.37106 ], [ -69.94727, -9.37004 ] ], [ [ -69.93172, -9.37729 ], [ -69.93376, -9.37871 ], [ -69.93359, -9.37885 ], [ -69.93172, -9.37729 ] ], [ [ -69.92644, -9.36788 ], [ -69.92835, -9.37448 ], [ -69.92781, -9.37402 ], [ -69.92644, -9.36788 ] ], [ [ -69.93581, -9.37046 ], [ -69.92924, -9.36182 ], [ -69.92963, -9.36098 ], [ -69.93581, -9.37046 ] ], [ [ -69.91401, -9.33317 ], [ -69.91055, -9.34317 ], [ -69.91017, -9.34325 ], [ -69.91401, -9.33317 ] ], [ [ -69.92968, -9.34157 ], [ -69.92854, -9.34095 ], [ -69.93068, -9.34008 ], [ -69.92968, -9.34157 ] ], [ [ -69.93296, -9.3367 ], [ -69.93211, -9.33795 ], [ -69.93096, -9.33382 ], [ -69.93296, -9.3367 ] ], [ [ -69.92822, -9.30884 ], [ -69.92527, -9.32562 ], [ -69.92678, -9.30953 ], [ -69.92822, -9.30884 ] ], [ [ -69.91767, -9.31392 ], [ -69.92121, -9.31222 ], [ -69.91796, -9.31454 ], [ -69.91767, -9.31392 ] ], [ [ -70.08067, -9.80273 ], [ -70.08042, -9.80329 ], [ -70.07978, -9.80311 ], [ -70.08067, -9.80273 ] ], [ [ -70.08089, -9.8045 ], [ -70.08198, -9.80598 ], [ -70.07091, -9.8073 ], [ -70.08089, -9.8045 ] ], [ [ -70.05969, -9.83596 ], [ -70.06621, -9.84393 ], [ -70.0657, -9.84398 ], [ -70.05969, -9.83596 ] ], [ [ -70.06563, -9.84398 ], [ -70.05912, -9.84455 ], [ -70.06414, -9.84232 ], [ -70.06563, -9.84398 ] ], [ [ -70.06316, -9.84636 ], [ -70.0567, -9.8506 ], [ -70.05656, -9.85044 ], [ -70.06316, -9.84636 ] ], [ [ -70.05772, -9.85178 ], [ -70.05719, -9.85117 ], [ -70.06591, -9.85301 ], [ -70.05772, -9.85178 ] ], [ [ -70.10376, -9.92336 ], [ -70.10494, -9.92531 ], [ -70.10476, -9.92552 ], [ -70.10376, -9.92336 ] ], [ [ -70.09466, -9.92145 ], [ -70.1022, -9.92079 ], [ -70.10235, -9.92104 ], [ -70.09466, -9.92145 ] ], [ [ -70.03717, -9.76324 ], [ -70.03612, -9.76243 ], [ -70.03675, -9.76141 ], [ -70.03717, -9.76324 ] ], [ [ -70.05138, -9.76761 ], [ -70.03987, -9.76533 ], [ -70.03951, -9.76506 ], [ -70.05138, -9.76761 ] ], [ [ -70.05564, -9.75899 ], [ -70.05605, -9.75951 ], [ -70.05004, -9.75922 ], [ -70.05564, -9.75899 ] ], [ [ -70.06858, -9.77888 ], [ -70.06024, -9.78025 ], [ -70.06834, -9.77805 ], [ -70.06858, -9.77888 ] ], [ [ -70.06045, -9.7855 ], [ -70.05959, -9.78493 ], [ -70.06024, -9.78025 ], [ -70.06045, -9.7855 ] ], [ [ -70.07427, -9.79243 ], [ -70.07449, -9.79179 ], [ -70.07963, -9.79131 ], [ -70.07427, -9.79243 ] ], [ [ -70.07457, -9.79506 ], [ -70.07339, -9.79498 ], [ -70.0739, -9.79351 ], [ -70.07457, -9.79506 ] ], [ [ -70.07905, -9.80289 ], [ -70.07792, -9.80256 ], [ -70.0795, -9.79541 ], [ -70.07905, -9.80289 ] ], [ [ -70.02937, -9.75295 ], [ -70.02886, -9.75278 ], [ -70.03184, -9.74793 ], [ -70.02937, -9.75295 ] ], [ [ -70.03264, -9.75227 ], [ -70.03985, -9.75632 ], [ -70.02999, -9.75315 ], [ -70.03264, -9.75227 ] ], [ [ -70.17919, -9.27287 ], [ -70.18542, -9.2701 ], [ -70.18695, -9.27149 ], [ -70.17919, -9.27287 ] ], [ [ -70.16544, -9.27075 ], [ -70.17795, -9.26979 ], [ -70.17797, -9.26982 ], [ -70.16544, -9.27075 ] ], [ [ -70.16021, -9.26679 ], [ -70.16131, -9.2664 ], [ -70.16173, -9.26685 ], [ -70.16021, -9.26679 ] ], [ [ -70.15709, -9.26991 ], [ -70.15214, -9.26966 ], [ -70.15773, -9.26768 ], [ -70.15709, -9.26991 ] ], [ [ -70.15235, -9.2735 ], [ -70.15069, -9.27276 ], [ -70.15214, -9.26966 ], [ -70.15235, -9.2735 ] ], [ [ -70.14434, -9.28656 ], [ -70.14424, -9.28648 ], [ -70.14534, -9.28415 ], [ -70.14434, -9.28656 ] ], [ [ -70.12478, -9.28708 ], [ -70.12253, -9.28697 ], [ -70.12907, -9.2826 ], [ -70.12478, -9.28708 ] ], [ [ -70.11855, -9.2903 ], [ -70.11806, -9.28995 ], [ -70.11874, -9.2895 ], [ -70.11855, -9.2903 ] ], [ [ -70.01661, -9.2666 ], [ -70.01798, -9.25977 ], [ -70.01689, -9.26655 ], [ -70.01661, -9.2666 ] ], [ [ -70.01213, -9.2585 ], [ -70.01229, -9.25829 ], [ -70.01798, -9.25977 ], [ -70.01213, -9.2585 ] ], [ [ -70.01353, -9.25532 ], [ -70.01401, -9.25537 ], [ -70.01387, -9.25557 ], [ -70.01353, -9.25532 ] ], [ [ -69.99284, -9.26261 ], [ -69.9927, -9.26231 ], [ -69.9938, -9.25887 ], [ -69.99284, -9.26261 ] ], [ [ -69.98726, -9.26294 ], [ -69.9866, -9.26181 ], [ -69.99161, -9.26 ], [ -69.98726, -9.26294 ] ], [ [ -69.97681, -9.25423 ], [ -69.97651, -9.25339 ], [ -69.98192, -9.25174 ], [ -69.97681, -9.25423 ] ], [ [ -69.97026, -9.24937 ], [ -69.96954, -9.24389 ], [ -69.9704, -9.24938 ], [ -69.97026, -9.24937 ] ], [ [ -69.6936, -10.4421 ], [ -69.68696, -10.45254 ], [ -69.69411, -10.43858 ], [ -69.6936, -10.4421 ] ], [ [ -69.68119, -10.47419 ], [ -69.68267, -10.47278 ], [ -69.68761, -10.47323 ], [ -69.68119, -10.47419 ] ], [ [ -69.67417, -10.4849 ], [ -69.67472, -10.48035 ], [ -69.67975, -10.47556 ], [ -69.67417, -10.4849 ] ], [ [ -69.66779, -10.49558 ], [ -69.66883, -10.49055 ], [ -69.67111, -10.49002 ], [ -69.66779, -10.49558 ] ], [ [ -69.62756, -10.52636 ], [ -69.63261, -10.51832 ], [ -69.63333, -10.51811 ], [ -69.62756, -10.52636 ] ], [ [ -69.63275, -10.53836 ], [ -69.63265, -10.53841 ], [ -69.63271, -10.53827 ], [ -69.63275, -10.53836 ] ], [ [ -69.63083, -10.54359 ], [ -69.62351, -10.56003 ], [ -69.63069, -10.54304 ], [ -69.63083, -10.54359 ] ], [ [ -69.75669, -10.60123 ], [ -69.76224, -10.59883 ], [ -69.75665, -10.60144 ], [ -69.75669, -10.60123 ] ], [ [ -69.75283, -10.61923 ], [ -69.75414, -10.6131 ], [ -69.75462, -10.61572 ], [ -69.75283, -10.61923 ] ], [ [ -69.74565, -10.62687 ], [ -69.75145, -10.62192 ], [ -69.75022, -10.62435 ], [ -69.74565, -10.62687 ] ], [ [ -69.74454, -10.62781 ], [ -69.74469, -10.62769 ], [ -69.74461, -10.62872 ], [ -69.74454, -10.62781 ] ], [ [ -69.74855, -10.63611 ], [ -69.7452, -10.63657 ], [ -69.74859, -10.63584 ], [ -69.74855, -10.63611 ] ], [ [ -69.74891, -10.64594 ], [ -69.7489, -10.64561 ], [ -69.74931, -10.64619 ], [ -69.74891, -10.64594 ] ], [ [ -69.75781, -10.6514 ], [ -69.75582, -10.65019 ], [ -69.75796, -10.6513 ], [ -69.75781, -10.6514 ] ], [ [ -69.79293, -10.75366 ], [ -69.79412, -10.73407 ], [ -69.78968, -10.72747 ], [ -69.7942, -10.7332 ], [ -69.79379, -10.75301 ], [ -69.79293, -10.75366 ] ], [ [ -69.78591, -10.75852 ], [ -69.78948, -10.75629 ], [ -69.78623, -10.75878 ], [ -69.78591, -10.75852 ] ], [ [ -69.50244, -9.76526 ], [ -69.50032, -9.76485 ], [ -69.4947, -9.76013 ], [ -69.50244, -9.76526 ] ], [ [ -69.39888, -9.87694 ], [ -69.40058, -9.87623 ], [ -69.40055, -9.87733 ], [ -69.39143, -9.8755 ], [ -69.39888, -9.87694 ] ], [ [ -69.38796, -9.86887 ], [ -69.3869, -9.89639 ], [ -69.38767, -9.86831 ], [ -69.38796, -9.86887 ] ], [ [ -69.40117, -10.05096 ], [ -69.3945, -10.07757 ], [ -69.39581, -10.06364 ], [ -69.40117, -10.05096 ] ], [ [ -69.36927, -10.10692 ], [ -69.34839, -10.09366 ], [ -69.28613, -10.05153 ], [ -69.36927, -10.10692 ] ], [ [ -69.31817, -10.15193 ], [ -69.32719, -10.1708 ], [ -69.31642, -10.15086 ], [ -69.31817, -10.15193 ] ], [ [ -69.31434, -10.14959 ], [ -69.31348, -10.15061 ], [ -69.31321, -10.1489 ], [ -69.31434, -10.14959 ] ], [ [ -69.31465, -10.15816 ], [ -69.30788, -10.15774 ], [ -69.30707, -10.15664 ], [ -69.31465, -10.15816 ] ], [ [ -69.30333, -10.15158 ], [ -69.30151, -10.14911 ], [ -69.30234, -10.1495 ], [ -69.30333, -10.15158 ] ], [ [ -69.28748, -10.1421 ], [ -69.28648, -10.14164 ], [ -69.28584, -10.13971 ], [ -69.28748, -10.1421 ] ], [ [ -69.28513, -10.13757 ], [ -69.28426, -10.13493 ], [ -69.28742, -10.13198 ], [ -69.28513, -10.13757 ] ], [ [ -69.29745, -10.12222 ], [ -69.29759, -10.11631 ], [ -69.29779, -10.12198 ], [ -69.29745, -10.12222 ] ], [ [ -69.26129, -10.1188 ], [ -69.2531, -10.1058 ], [ -69.25437, -10.10612 ], [ -69.26129, -10.1188 ] ], [ [ -69.21499, -10.08785 ], [ -69.23059, -10.10018 ], [ -69.23636, -10.10162 ], [ -69.23262, -10.10084 ], [ -69.2323, -10.10195 ], [ -69.21499, -10.08785 ] ], [ [ -69.08607, -10.03977 ], [ -69.07406, -10.02102 ], [ -69.07487, -10.02102 ], [ -69.08607, -10.03977 ] ], [ [ -69.76804, -10.39809 ], [ -69.76643, -10.39901 ], [ -69.76814, -10.39704 ], [ -69.76804, -10.39809 ] ], [ [ -69.76386, -10.40049 ], [ -69.74959, -10.3978 ], [ -69.74956, -10.39697 ], [ -69.76386, -10.40049 ] ], [ [ -69.74553, -10.39712 ], [ -69.73554, -10.39352 ], [ -69.74728, -10.39641 ], [ -69.74553, -10.39712 ] ], [ [ -69.64126, -10.3457 ], [ -69.64186, -10.34593 ], [ -69.64186, -10.34609 ], [ -69.64126, -10.3457 ] ], [ [ -69.62977, -10.3412 ], [ -69.62781, -10.34088 ], [ -69.6285, -10.33738 ], [ -69.62848, -10.3407 ], [ -69.62977, -10.3412 ] ], [ [ -69.61242, -10.34087 ], [ -69.61198, -10.33738 ], [ -69.61918, -10.34565 ], [ -69.61242, -10.34087 ] ], [ [ -69.60803, -10.33874 ], [ -69.61174, -10.33711 ], [ -69.61187, -10.33726 ], [ -69.60803, -10.33874 ] ], [ [ -69.60459, -10.33098 ], [ -69.60465, -10.33048 ], [ -69.60803, -10.33874 ], [ -69.60459, -10.33098 ] ], [ [ -69.60344, -10.34056 ], [ -69.60328, -10.34055 ], [ -69.60382, -10.3366 ], [ -69.60344, -10.34056 ] ], [ [ -69.59009, -10.34531 ], [ -69.59314, -10.33988 ], [ -69.59326, -10.33989 ], [ -69.59009, -10.34531 ] ], [ [ -69.59188, -10.35157 ], [ -69.5913, -10.35136 ], [ -69.59009, -10.34531 ], [ -69.59188, -10.35157 ] ], [ [ -69.58766, -10.35017 ], [ -69.57264, -10.34919 ], [ -69.58268, -10.34787 ], [ -69.58766, -10.35017 ] ], [ [ -69.59364, -10.36087 ], [ -69.58977, -10.35378 ], [ -69.59345, -10.36009 ], [ -69.59511, -10.36085 ], [ -69.59307, -10.36287 ], [ -69.59364, -10.36087 ] ], [ [ -69.59593, -10.36553 ], [ -69.5926, -10.3645 ], [ -69.59272, -10.36408 ], [ -69.59593, -10.36553 ] ], [ [ -69.76902, -10.40171 ], [ -69.77141, -10.40656 ], [ -69.76864, -10.40165 ], [ -69.76902, -10.40171 ] ], [ [ -69.59822, -10.36308 ], [ -69.59772, -10.36205 ], [ -69.59874, -10.36252 ], [ -69.59822, -10.36308 ] ], [ [ -69.60191, -10.37385 ], [ -69.59836, -10.37489 ], [ -69.59875, -10.37372 ], [ -69.60191, -10.37385 ] ], [ [ -69.70218, -10.41734 ], [ -69.70094, -10.42428 ], [ -69.69847, -10.42667 ], [ -69.70218, -10.41734 ] ], [ [ -69.61634, -10.38109 ], [ -69.61732, -10.38077 ], [ -69.61743, -10.38138 ], [ -69.61634, -10.38109 ] ], [ [ -69.58022, -10.33674 ], [ -69.57755, -10.34113 ], [ -69.57766, -10.33753 ], [ -69.58022, -10.33674 ] ], [ [ -69.57121, -10.32143 ], [ -69.57758, -10.33226 ], [ -69.57622, -10.33267 ], [ -69.57766, -10.33753 ], [ -69.57121, -10.32143 ] ], [ [ -69.57651, -10.30972 ], [ -69.57808, -10.31026 ], [ -69.57121, -10.32143 ], [ -69.57651, -10.30972 ] ], [ [ -69.53369, -10.07633 ], [ -69.53365, -10.07566 ], [ -69.54739, -10.09567 ], [ -69.53369, -10.07633 ] ], [ [ -69.60872, -10.19867 ], [ -69.60434, -10.18471 ], [ -69.60874, -10.19749 ], [ -69.60872, -10.19867 ] ], [ [ -69.60742, -10.23332 ], [ -69.60866, -10.20319 ], [ -69.60814, -10.23884 ], [ -69.60742, -10.23332 ] ], [ [ -69.52349, -10.00944 ], [ -69.51875, -10.01838 ], [ -69.51783, -10.01759 ], [ -69.52339, -10.00869 ], [ -69.52349, -10.00944 ] ], [ [ -69.40345, -9.87791 ], [ -69.40065, -9.87735 ], [ -69.40519, -9.87592 ], [ -69.40345, -9.87791 ] ], [ [ -69.50918, -9.94616 ], [ -69.50549, -9.9431 ], [ -69.50927, -9.94594 ], [ -69.50918, -9.94616 ] ], [ [ -69.56524, -10.30533 ], [ -69.56261, -10.3046 ], [ -69.55647, -10.29544 ], [ -69.56524, -10.30533 ] ], [ [ -69.23307, -10.10258 ], [ -69.23404, -10.10167 ], [ -69.23593, -10.10491 ], [ -69.23307, -10.10258 ] ], [ [ -69.23654, -10.10595 ], [ -69.23689, -10.10653 ], [ -69.23155, -10.11366 ], [ -69.23654, -10.10595 ] ], [ [ -69.43383, -10.30918 ], [ -69.43036, -10.30991 ], [ -69.43381, -10.309 ], [ -69.43383, -10.30918 ] ], [ [ -69.37189, -10.34882 ], [ -69.37214, -10.34873 ], [ -69.37862, -10.35208 ], [ -69.37189, -10.34882 ] ], [ [ -69.36723, -10.35793 ], [ -69.36694, -10.35812 ], [ -69.36469, -10.3551 ], [ -69.36723, -10.35793 ] ], [ [ -69.37319, -10.3802 ], [ -69.36918, -10.39083 ], [ -69.37311, -10.38012 ], [ -69.37319, -10.3802 ] ], [ [ -69.43186, -9.36385 ], [ -69.43238, -9.37615 ], [ -69.4322, -9.37616 ], [ -69.43186, -9.36385 ] ], [ [ -69.47209, -9.40086 ], [ -69.47638, -9.40152 ], [ -69.47632, -9.40318 ], [ -69.47209, -9.40086 ] ], [ [ -69.4785, -9.40566 ], [ -69.47895, -9.40961 ], [ -69.47833, -9.40428 ], [ -69.477, -9.40355 ], [ -69.47745, -9.40287 ], [ -69.4825, -9.40807 ], [ -69.4785, -9.40566 ] ], [ [ -69.48643, -9.4051 ], [ -69.48766, -9.40416 ], [ -69.48669, -9.406 ], [ -69.48643, -9.4051 ] ], [ [ -69.48732, -9.4082 ], [ -69.48867, -9.40882 ], [ -69.48767, -9.40943 ], [ -69.48732, -9.4082 ] ], [ [ -69.49631, -9.41238 ], [ -69.4964, -9.41243 ], [ -69.49639, -9.41245 ], [ -69.49631, -9.41238 ] ], [ [ -69.57139, -9.46817 ], [ -69.57201, -9.4674 ], [ -69.57736, -9.47132 ], [ -69.57139, -9.46817 ] ], [ [ -69.58735, -9.46734 ], [ -69.59282, -9.46839 ], [ -69.59278, -9.46842 ], [ -69.58735, -9.46734 ] ], [ [ -69.59158, -9.46953 ], [ -69.5901, -9.47089 ], [ -69.58992, -9.47079 ], [ -69.59158, -9.46953 ] ], [ [ -69.70745, -9.38142 ], [ -69.70583, -9.381 ], [ -69.70218, -9.37847 ], [ -69.70745, -9.38142 ] ], [ [ -69.68851, -9.36897 ], [ -69.68749, -9.36826 ], [ -69.68734, -9.36724 ], [ -69.68851, -9.36897 ] ], [ [ -69.67593, -9.34258 ], [ -69.64474, -9.33841 ], [ -69.67464, -9.34129 ], [ -69.67593, -9.34258 ] ], [ [ -69.59635, -9.31652 ], [ -69.58548, -9.3134 ], [ -69.58499, -9.3128 ], [ -69.59635, -9.31652 ] ], [ [ -69.58305, -9.31042 ], [ -69.57998, -9.30666 ], [ -69.57595, -9.29091 ], [ -69.58305, -9.31042 ] ], [ [ -69.56472, -9.28346 ], [ -69.56254, -9.28365 ], [ -69.56391, -9.28293 ], [ -69.56472, -9.28346 ] ], [ [ -69.548, -9.29134 ], [ -69.54132, -9.2961 ], [ -69.53137, -9.30012 ], [ -69.548, -9.29134 ] ], [ [ -69.52486, -9.30275 ], [ -69.52149, -9.30411 ], [ -69.49343, -9.30316 ], [ -69.52486, -9.30275 ] ], [ [ -69.41827, -9.34291 ], [ -69.41259, -9.34631 ], [ -69.41235, -9.34623 ], [ -69.41827, -9.34291 ] ], [ [ -69.40798, -9.34516 ], [ -69.41065, -9.3488 ], [ -69.40844, -9.34809 ], [ -69.40798, -9.34516 ] ], [ [ -69.4131, -9.34958 ], [ -69.41436, -9.3481 ], [ -69.41521, -9.35025 ], [ -69.4131, -9.34958 ] ], [ [ -69.34008, -9.58504 ], [ -69.33965, -9.58094 ], [ -69.3505, -9.60132 ], [ -69.34008, -9.58504 ] ], [ [ -69.33499, -9.57656 ], [ -69.3352, -9.56631 ], [ -69.33588, -9.5774 ], [ -69.33499, -9.57656 ] ], [ [ -69.30048, -9.47423 ], [ -69.30119, -9.47261 ], [ -69.30322, -9.47854 ], [ -69.30048, -9.47423 ] ], [ [ -69.29361, -9.4658 ], [ -69.29937, -9.46733 ], [ -69.30005, -9.4693 ], [ -69.29361, -9.4658 ] ], [ [ -69.29407, -9.46214 ], [ -69.28451, -9.47587 ], [ -69.28611, -9.47101 ], [ -69.29407, -9.46214 ] ], [ [ -69.27993, -9.52157 ], [ -69.26812, -9.52151 ], [ -69.28028, -9.51996 ], [ -69.27993, -9.52157 ] ], [ [ -69.07053, -9.55745 ], [ -69.0551, -9.51418 ], [ -69.06484, -9.53998 ], [ -69.07053, -9.55745 ] ], [ [ -69.01983, -9.49363 ], [ -69.01982, -9.49333 ], [ -69.02835, -9.50042 ], [ -69.01983, -9.49363 ] ], [ [ -69.00895, -9.4648 ], [ -69.01135, -9.44747 ], [ -69.00386, -9.42876 ], [ -69.01151, -9.44669 ], [ -69.00895, -9.4648 ] ], [ [ -69.20214, -9.80059 ], [ -69.35588, -9.69638 ], [ -69.20379, -9.80076 ], [ -69.21126, -9.81129 ], [ -69.20325, -9.80041 ], [ -69.20023, -9.8029 ], [ -69.20214, -9.80059 ] ], [ [ -69.19161, -9.80457 ], [ -69.19573, -9.80611 ], [ -69.19482, -9.80639 ], [ -69.19161, -9.80457 ] ], [ [ -69.17726, -9.78686 ], [ -69.19043, -9.79693 ], [ -69.17963, -9.79085 ], [ -69.17303, -9.78089 ], [ -69.17437, -9.7813 ], [ -69.17532, -9.77666 ], [ -69.17726, -9.78686 ] ], [ [ -69.17437, -9.77167 ], [ -69.17451, -9.77243 ], [ -69.17344, -9.77143 ], [ -69.17437, -9.77167 ] ], [ [ -69.16823, -9.77007 ], [ -69.17105, -9.7708 ], [ -69.16928, -9.77203 ], [ -69.16823, -9.77007 ] ], [ [ -69.12856, -9.70672 ], [ -69.13086, -9.71331 ], [ -69.12696, -9.70584 ], [ -69.12856, -9.70672 ] ], [ [ -69.06137, -9.67664 ], [ -69.07263, -9.6833 ], [ -69.05878, -9.67628 ], [ -69.06137, -9.67664 ] ], [ [ -69.05583, -9.67478 ], [ -69.05416, -9.67393 ], [ -69.05273, -9.68158 ], [ -69.05359, -9.67425 ], [ -69.05818, -9.67089 ], [ -69.05583, -9.67478 ] ], [ [ -69.04548, -9.68342 ], [ -69.04559, -9.6834 ], [ -69.04935, -9.69342 ], [ -69.04548, -9.68342 ] ], [ [ -69.17078, -9.7802 ], [ -69.16996, -9.78121 ], [ -69.16646, -9.77887 ], [ -69.17078, -9.7802 ] ], [ [ -69.0516, -9.66072 ], [ -69.0459, -9.6583 ], [ -69.0507, -9.65934 ], [ -69.0516, -9.66072 ] ], [ [ -68.98024, -9.5923 ], [ -68.98321, -9.58535 ], [ -68.98428, -9.58564 ], [ -68.98024, -9.5923 ] ], [ [ -69.17662, -9.58276 ], [ -69.1629, -9.5877 ], [ -69.15634, -9.58744 ], [ -69.17662, -9.58276 ] ], [ [ -69.14609, -9.58703 ], [ -69.14327, -9.58692 ], [ -69.13748, -9.58444 ], [ -69.14609, -9.58703 ] ], [ [ -69.24011, -9.29179 ], [ -69.23373, -9.28581 ], [ -69.23661, -9.2871 ], [ -69.24011, -9.29179 ] ], [ [ -69.2246, -9.2822 ], [ -69.21838, -9.27895 ], [ -69.23022, -9.28424 ], [ -69.22425, -9.28284 ], [ -69.2246, -9.2822 ] ], [ [ -69.21131, -9.26508 ], [ -69.21192, -9.25982 ], [ -69.21248, -9.25998 ], [ -69.21131, -9.26508 ] ], [ [ -69.00194, -9.41894 ], [ -69.00609, -9.42372 ], [ -69.00598, -9.42397 ], [ -69.00194, -9.41894 ] ], [ [ -69.4048, -9.34316 ], [ -69.40418, -9.34297 ], [ -69.40565, -9.33735 ], [ -69.4048, -9.34316 ] ], [ [ -69.40074, -9.33328 ], [ -69.39996, -9.33292 ], [ -69.40016, -9.33279 ], [ -69.40074, -9.33328 ] ], [ [ -69.39205, -9.33771 ], [ -69.39172, -9.33792 ], [ -69.38907, -9.33522 ], [ -69.39205, -9.33771 ] ], [ [ -69.38099, -9.34087 ], [ -69.3807, -9.34107 ], [ -69.38086, -9.34055 ], [ -69.38099, -9.34087 ] ], [ [ -69.36802, -9.31507 ], [ -69.37039, -9.30998 ], [ -69.3707, -9.31016 ], [ -69.36802, -9.31507 ] ], [ [ -69.36985, -9.30966 ], [ -69.36446, -9.30781 ], [ -69.36643, -9.30765 ], [ -69.36985, -9.30966 ] ], [ [ -69.36266, -9.30795 ], [ -69.35401, -9.31005 ], [ -69.35376, -9.30865 ], [ -69.36266, -9.30795 ] ], [ [ -69.34939, -9.30899 ], [ -69.34886, -9.30923 ], [ -69.3487, -9.30904 ], [ -69.34939, -9.30899 ] ], [ [ -69.33521, -9.28452 ], [ -69.33505, -9.28446 ], [ -69.33509, -9.28395 ], [ -69.33521, -9.28452 ] ], [ [ -69.22162, -9.28887 ], [ -69.22121, -9.28841 ], [ -69.22123, -9.28838 ], [ -69.22162, -9.28887 ] ], [ [ -69.22751, -9.29645 ], [ -69.22662, -9.29603 ], [ -69.22702, -9.29581 ], [ -69.22751, -9.29645 ] ], [ [ -69.2231, -9.29955 ], [ -69.21586, -9.30201 ], [ -69.22395, -9.29752 ], [ -69.2231, -9.29955 ] ], [ [ -69.2167, -9.31558 ], [ -69.21442, -9.30721 ], [ -69.21586, -9.30201 ], [ -69.2167, -9.31558 ] ], [ [ -69.22283, -9.3198 ], [ -69.22284, -9.31984 ], [ -69.2167, -9.31558 ], [ -69.22283, -9.3198 ] ], [ [ -69.22325, -9.32307 ], [ -69.22134, -9.3223 ], [ -69.22285, -9.31995 ], [ -69.22325, -9.32307 ] ], [ [ -69.22723, -9.32456 ], [ -69.22728, -9.32469 ], [ -69.22685, -9.32452 ], [ -69.22723, -9.32456 ] ], [ [ -69.23005, -9.33172 ], [ -69.23002, -9.33173 ], [ -69.22853, -9.32785 ], [ -69.23005, -9.33172 ] ], [ [ -69.22759, -9.34006 ], [ -69.22748, -9.34006 ], [ -69.22709, -9.33279 ], [ -69.22759, -9.34006 ] ], [ [ -69.28333, -9.4361 ], [ -69.28335, -9.43617 ], [ -69.27761, -9.43845 ], [ -69.28333, -9.4361 ] ], [ [ -69.28544, -9.44656 ], [ -69.28542, -9.44657 ], [ -69.28494, -9.44407 ], [ -69.28544, -9.44656 ] ], [ [ -69.28865, -9.44523 ], [ -69.28877, -9.44532 ], [ -69.28636, -9.44622 ], [ -69.28865, -9.44523 ] ], [ [ -69.29314, -9.44845 ], [ -69.294, -9.45121 ], [ -69.28892, -9.44543 ], [ -69.29314, -9.44845 ] ], [ [ -69.29426, -9.45203 ], [ -69.29061, -9.4548 ], [ -69.29416, -9.45171 ], [ -69.29426, -9.45203 ] ], [ [ -69.29452, -9.45856 ], [ -69.29408, -9.46211 ], [ -69.29061, -9.4548 ], [ -69.29452, -9.45856 ] ] ], [ [ [ -70.07857, -10.63374 ], [ -70.06933, -10.63542 ], [ -70.07051, -10.6386 ], [ -70.07926, -10.63758 ], [ -70.07857, -10.63374 ] ] ], [ [ [ -69.17333, -9.17588 ], [ -69.17448, -9.17877 ], [ -69.18043, -9.17664 ], [ -69.17759, -9.17346 ], [ -69.17333, -9.17588 ] ] ] ] } },
{ "type": "Feature", "properties": { "cluster": 388.0, "hvi": 0.1148, "population": 2893, "setores": 6, "municipio": "Bujari" }, "geometry": { "type": "Polygon", "coordinates": [ [ [ -68.05953, -9.39051 ], [ -68.05458, -9.39804 ], [ -68.05613, -9.41226 ], [ -68.04168, -9.42881 ], [ -68.0393, -9.43715 ], [ -68.02633, -9.44317 ], [ -68.02337, -9.4538 ], [ -68.0177, -9.46022 ], [ -68.0177, -9.46897 ], [ -68.02018, -9.48068 ], [ -68.02787, -9.48498 ], [ -68.02978, -9.49392 ], [ -68.04153, -9.499 ], [ -68.07405, -9.52453 ], [ -68.08713, -9.54515 ], [ -68.09034, -9.5578 ], [ -68.02049, -9.60098 ], [ -68.02871, -9.61334 ], [ -68.06645, -9.64928 ], [ -68.09465, -9.66574 ], [ -68.14846, -9.71053 ], [ -68.16636, -9.69942 ], [ -68.25019, -9.60646 ], [ -68.24585, -9.60044 ], [ -68.24323, -9.58029 ], [ -68.23999, -9.57605 ], [ -68.24223, -9.56877 ], [ -68.23811, -9.56833 ], [ -68.22792, -9.55606 ], [ -68.21828, -9.55493 ], [ -68.21835, -9.55227 ], [ -68.20754, -9.54615 ], [ -68.20044, -9.54719 ], [ -68.19302, -9.5373 ], [ -68.19441, -9.53203 ], [ -68.19014, -9.53337 ], [ -68.192, -9.52981 ], [ -68.18247, -9.52254 ], [ -68.17911, -9.50845 ], [ -68.16417, -9.48962 ], [ -68.16184, -9.47257 ], [ -68.16986, -9.46674 ], [ -68.17168, -9.45913 ], [ -68.16763, -9.42905 ], [ -68.16469, -9.42794 ], [ -68.16734, -9.42133 ], [ -68.16679, -9.42702 ], [ -68.16933, -9.42638 ], [ -68.17057, -9.43024 ], [ -68.17224, -9.42844 ], [ -68.17363, -9.43365 ], [ -68.17908, -9.43026 ], [ -68.18323, -9.4339 ], [ -68.18729, -9.4305 ], [ -68.18573, -9.42712 ], [ -68.18982, -9.42916 ], [ -68.19303, -9.4263 ], [ -68.1975, -9.43257 ], [ -68.19878, -9.4285 ], [ -68.20076, -9.43184 ], [ -68.20537, -9.42987 ], [ -68.2075, -9.4336 ], [ -68.20902, -9.43088 ], [ -68.21596, -9.43541 ], [ -68.21848, -9.43235 ], [ -68.22079, -9.43544 ], [ -68.22677, -9.42995 ], [ -68.23032, -9.43071 ], [ -68.23245, -9.42593 ], [ -68.23823, -9.42817 ], [ -68.2414, -9.43367 ], [ -68.24678, -9.42672 ], [ -68.25205, -9.4252 ], [ -68.25438, -9.42869 ], [ -68.26116, -9.4226 ], [ -68.26498, -9.42666 ], [ -68.27153, -9.42423 ], [ -68.2729, -9.42899 ], [ -68.27597, -9.42713 ], [ -68.27661, -9.42967 ], [ -68.27812, -9.42734 ], [ -68.2838, -9.42957 ], [ -68.29206, -9.4233 ], [ -68.29758, -9.42618 ], [ -68.30256, -9.41895 ], [ -68.29564, -9.40795 ], [ -68.29564, -9.39835 ], [ -68.29958, -9.39249 ], [ -68.29545, -9.38182 ], [ -68.29837, -9.37325 ], [ -68.29366, -9.36561 ], [ -68.29609, -9.34221 ], [ -68.31295, -9.33654 ], [ -68.32657, -9.33964 ], [ -68.33404, -9.33457 ], [ -68.33155, -9.32523 ], [ -68.32221, -9.31661 ], [ -68.32354, -9.3138 ], [ -68.31648, -9.30397 ], [ -68.31643, -9.29541 ], [ -68.33529, -9.2905 ], [ -68.34768, -9.29106 ], [ -68.35581, -9.30013 ], [ -68.36516, -9.29829 ], [ -68.36941, -9.30513 ], [ -68.39932, -9.3217 ], [ -68.40075, -9.32384 ], [ -68.38885, -9.34379 ], [ -68.39408, -9.34899 ], [ -68.4011, -9.3474 ], [ -68.41099, -9.35328 ], [ -68.42266, -9.34369 ], [ -68.43782, -9.34192 ], [ -68.44225, -9.333 ], [ -68.44564, -9.33341 ], [ -68.45519, -9.3475 ], [ -68.46339, -9.35276 ], [ -68.48762, -9.35888 ], [ -68.49242, -9.35683 ], [ -68.50043, -9.36938 ], [ -68.50717, -9.37117 ], [ -68.50984, -9.37708 ], [ -68.52634, -9.38958 ], [ -68.54392, -9.38919 ], [ -68.55003, -9.39276 ], [ -68.55587, -9.39051 ], [ -68.56337, -9.3939 ], [ -68.57618, -9.38373 ], [ -68.58582, -9.38568 ], [ -68.6032, -9.36832 ], [ -68.6166, -9.36738 ], [ -68.61863, -9.35966 ], [ -68.61564, -9.35317 ], [ -68.62985, -9.3342 ], [ -68.63755, -9.33033 ], [ -68.62491, -9.31166 ], [ -68.61637, -9.30978 ], [ -68.60227, -9.29248 ], [ -68.60908, -9.28112 ], [ -68.61084, -9.2679 ], [ -68.60588, -9.25974 ], [ -68.60684, -9.25131 ], [ -68.60022, -9.24654 ], [ -68.5997, -9.23761 ], [ -68.60448, -9.22998 ], [ -68.60192, -9.21949 ], [ -68.60385, -9.21556 ], [ -68.59666, -9.20183 ], [ -68.60732, -9.1867 ], [ -68.60758, -9.17954 ], [ -68.61324, -9.17613 ], [ -68.61247, -9.16418 ], [ -68.62036, -9.15144 ], [ -68.61043, -9.13543 ], [ -68.61343, -9.10846 ], [ -68.62846, -9.08817 ], [ -68.63491, -9.07428 ], [ -68.64594, -9.06891 ], [ -68.64521, -9.06254 ], [ -68.64913, -9.06506 ], [ -68.65194, -9.06258 ], [ -68.64782, -9.04887 ], [ -67.97684, -9.35273 ], [ -67.97728, -9.3541 ], [ -67.98354, -9.35709 ], [ -67.98914, -9.35364 ], [ -67.98917, -9.35616 ], [ -67.99541, -9.35608 ], [ -67.99415, -9.35785 ], [ -67.99765, -9.35964 ], [ -67.99952, -9.35604 ], [ -68.00213, -9.35866 ], [ -68.00242, -9.35511 ], [ -68.00707, -9.35561 ], [ -68.00715, -9.35253 ], [ -68.01022, -9.3561 ], [ -68.01456, -9.35436 ], [ -68.02076, -9.35815 ], [ -68.0241, -9.34652 ], [ -68.02762, -9.3477 ], [ -68.02739, -9.34427 ], [ -68.03227, -9.34429 ], [ -68.03447, -9.3502 ], [ -68.03526, -9.34783 ], [ -68.03909, -9.35059 ], [ -68.04007, -9.34744 ], [ -68.04264, -9.35211 ], [ -68.0436, -9.34948 ], [ -68.04901, -9.35302 ], [ -68.048, -9.35508 ], [ -68.05165, -9.35424 ], [ -68.05161, -9.35794 ], [ -68.04682, -9.35951 ], [ -68.05953, -9.39051 ] ], [ [ -68.05783, -9.3592 ], [ -68.05728, -9.35953 ], [ -68.05158, -9.36065 ], [ -68.05783, -9.3592 ] ], [ [ -68.31024, -9.29022 ], [ -68.31136, -9.29116 ], [ -68.30104, -9.29017 ], [ -68.31024, -9.29022 ] ], [ [ -68.2902, -9.28454 ], [ -68.28593, -9.28415 ], [ -68.28321, -9.28066 ], [ -68.2902, -9.28454 ] ] ] } },
{ "type": "Feature", "properties": { "cluster": 389.0, "hvi": 0.1052, "population": 2969, "setores": 13, "municipio": "Sena Madureira" }, "geometry": { "type": "MultiPolygon", "coordinates": [ [ [ [ -68.65931, -9.06888 ], [ -68.65669, -9.06879 ], [ -68.65717, -9.07191 ], [ -68.65975, -9.07156 ], [ -68.65931, -9.06888 ] ] ], [ [ [ -68.658, -9.06883 ], [ -68.65931, -9.06888 ], [ -68.65879, -9.06528 ], [ -68.658, -9.06883 ] ] ], [ [ [ -68.66115, -9.06358 ], [ -68.66721, -9.06222 ], [ -68.66677, -9.06097 ], [ -68.66188, -9.05998 ], [ -68.66225, -9.06252 ], [ -68.65858, -9.06398 ], [ -68.65804, -9.06049 ], [ -68.65404, -9.0628 ], [ -68.65375, -9.06738 ], [ -68.65442, -9.06761 ], [ -68.65477, -9.0756 ], [ -68.65578, -9.07636 ], [ -68.65517, -9.07224 ], [ -68.65717, -9.07191 ], [ -68.65661, -9.06836 ], [ -68.658, -9.06883 ], [ -68.65815, -9.06448 ], [ -68.65879, -9.06528 ], [ -68.6614, -9.06486 ], [ -68.66115, -9.06358 ] ], [ [ -68.65516, -9.07223 ], [ -68.65447, -9.06763 ], [ -68.65645, -9.0683 ], [ -68.65497, -9.07094 ], [ -68.65696, -9.07065 ], [ -68.65516, -9.07223 ] ], [ [ -68.65858, -9.06399 ], [ -68.66113, -9.06358 ], [ -68.65879, -9.06528 ], [ -68.65858, -9.06399 ] ] ], [ [ [ -68.66188, -9.05998 ], [ -68.66294, -9.05985 ], [ -68.66283, -9.05777 ], [ -68.66188, -9.05998 ] ] ], [ [ [ -68.66141, -9.05702 ], [ -68.65747, -9.05704 ], [ -68.65804, -9.06049 ], [ -68.66188, -9.05998 ], [ -68.66141, -9.05702 ] ] ] ] } },
{ "type": "Feature", "properties": { "cluster": 390.0, "hvi": 0.1425, "population": 929, "setores": 1, "municipio": "Sena Madureira" }, "geometry": { "type": "Polygon", "coordinates": [ [ [ -68.66549, -9.05305 ], [ -68.66165, -9.05797 ], [ -68.66294, -9.05985 ], [ -68.66549, -9.05305 ] ] ] } },
{ "type": "Feature", "properties": { "cluster": 391.0, "hvi": 0.1258, "population": 2828, "setores": 5, "municipio": "Sena Madureira" }, "geometry": { "type": "MultiPolygon", "coordinates": [ [ [ [ -68.64702, -9.07489 ], [ -68.65351, -9.06575 ], [ -68.65394, -9.0619 ], [ -68.64594, -9.06891 ], [ -68.64702, -9.07489 ] ] ], [ [ [ -68.64521, -9.06254 ], [ -68.64594, -9.06891 ], [ -68.65298, -9.06213 ], [ -68.64913, -9.06506 ], [ -68.64521, -9.06254 ] ] ], [ [ [ -68.66228, -9.0625 ], [ -68.66188, -9.05998 ], [ -68.65804, -9.06049 ], [ -68.65844, -9.06308 ], [ -68.66228, -9.0625 ] ] ], [ [ [ -68.65272, -9.0553 ], [ -68.65388, -9.06129 ], [ -68.65804, -9.06049 ], [ -68.65747, -9.05704 ], [ -68.65272, -9.0553 ] ] ], [ [ [ -68.64991, -9.05241 ], [ -68.65194, -9.06258 ], [ -68.65221, -9.05344 ], [ -68.6478, -9.04994 ], [ -68.64991, -9.05241 ] ] ] ] } },
{ "type": "Feature", "properties": { "cluster": 392.0, "hvi": 0.111, "population": 432, "setores": 1, "municipio": "Sena Madureira" }, "geometry": { "type": "Polygon", "coordinates": [ [ [ -68.66774, -9.05222 ], [ -68.67021, -9.0556 ], [ -68.67619, -9.05377 ], [ -68.67537, -9.04932 ], [ -68.66774, -9.05222 ] ] ] } },
{ "type": "Feature", "properties": { "cluster": 393.0, "hvi": 0.1105, "population": 3060, "setores": 8, "municipio": "Sena Madureira" }, "geometry": { "type": "Polygon", "coordinates": [ [ [ -68.66784, -9.29824 ], [ -68.67602, -9.2902 ], [ -68.69396, -9.28834 ], [ -68.70802, -9.29522 ], [ -68.71372, -9.29067 ], [ -68.71876, -9.29178 ], [ -68.71778, -9.28547 ], [ -68.71349, -9.28905 ], [ -68.71115, -9.28725 ], [ -68.71955, -9.28215 ], [ -68.71271, -9.27142 ], [ -68.70654, -9.2807 ], [ -68.70764, -9.28719 ], [ -68.70224, -9.28588 ], [ -68.70174, -9.27666 ], [ -68.70625, -9.26638 ], [ -68.70183, -9.25985 ], [ -68.70617, -9.24832 ], [ -68.69571, -9.23999 ], [ -68.70461, -9.22504 ], [ -68.70299, -9.22272 ], [ -68.69595, -9.2282 ], [ -68.69457, -9.21765 ], [ -68.69009, -9.21908 ], [ -68.68766, -9.21651 ], [ -68.69607, -9.21607 ], [ -68.69834, -9.21038 ], [ -68.70349, -9.21367 ], [ -68.70679, -9.20633 ], [ -68.699, -9.20075 ], [ -68.69929, -9.19573 ], [ -68.70346, -9.19853 ], [ -68.70516, -9.19387 ], [ -68.7089, -9.19631 ], [ -68.71584, -9.19456 ], [ -68.71087, -9.18934 ], [ -68.71619, -9.18663 ], [ -68.73181, -9.18672 ], [ -68.73765, -9.18224 ], [ -68.73743, -9.175 ], [ -68.74892, -9.16808 ], [ -68.73356, -9.16427 ], [ -68.73539, -9.16323 ], [ -68.72209, -9.1346 ], [ -68.75969, -9.11504 ], [ -68.74215, -9.11181 ], [ -68.75836, -9.11377 ], [ -68.77169, -9.12354 ], [ -68.78043, -9.12141 ], [ -68.7955, -9.14769 ], [ -68.83879, -9.12554 ], [ -68.83878, -9.1164 ], [ -68.84981, -9.11352 ], [ -68.8454, -9.10322 ], [ -68.84755, -9.10105 ], [ -68.83926, -9.09 ], [ -68.83633, -9.09144 ], [ -68.83541, -9.10385 ], [ -68.81975, -9.09961 ], [ -68.82237, -9.09185 ], [ -68.8195, -9.07746 ], [ -68.81022, -9.07849 ], [ -68.80376, -9.07268 ], [ -68.80304, -9.0634 ], [ -68.79837, -9.06038 ], [ -68.79019, -9.07488 ], [ -68.78209, -9.07922 ], [ -68.77772, -9.07229 ], [ -68.78285, -9.06436 ], [ -68.77956, -9.05774 ], [ -68.76824, -9.05671 ], [ -68.77002, -9.06254 ], [ -68.76516, -9.07198 ], [ -68.75059, -9.07042 ], [ -68.75402, -9.06182 ], [ -68.74664, -9.06176 ], [ -68.7394, -9.05386 ], [ -68.73104, -9.06619 ], [ -68.721, -9.0614 ], [ -68.71931, -9.05467 ], [ -68.71343, -9.06242 ], [ -68.70921, -9.05393 ], [ -68.70825, -9.04098 ], [ -68.69269, -9.02877 ], [ -68.68846, -9.03487 ], [ -68.67755, -9.02853 ], [ -68.67737, -9.04166 ], [ -68.67198, -9.04884 ], [ -68.66397, -9.05079 ], [ -68.6609, -9.04743 ], [ -68.65016, -9.04686 ], [ -68.64782, -9.04887 ], [ -68.65672, -9.05767 ], [ -68.66518, -9.05388 ], [ -68.66294, -9.05985 ], [ -68.6645, -9.06163 ], [ -68.67021, -9.0556 ], [ -68.66721, -9.06222 ], [ -68.67419, -9.06307 ], [ -68.6746, -9.06552 ], [ -68.67674, -9.06518 ], [ -68.67469, -9.06314 ], [ -68.68168, -9.06399 ], [ -68.66601, -9.0708 ], [ -68.66697, -9.07288 ], [ -68.68148, -9.06443 ], [ -68.67727, -9.0736 ], [ -68.68229, -9.0773 ], [ -68.69199, -9.07549 ], [ -68.69547, -9.07984 ], [ -68.69365, -9.08417 ], [ -68.70078, -9.09302 ], [ -68.7095, -9.09392 ], [ -68.70024, -9.10078 ], [ -68.68591, -9.09617 ], [ -68.67984, -9.08879 ], [ -68.67528, -9.09039 ], [ -68.67105, -9.08122 ], [ -68.67468, -9.0877 ], [ -68.67536, -9.08346 ], [ -68.67177, -9.07927 ], [ -68.66162, -9.08107 ], [ -68.661, -9.08793 ], [ -68.64971, -9.08947 ], [ -68.64492, -9.09633 ], [ -68.6633, -9.11597 ], [ -68.67657, -9.1164 ], [ -68.67347, -9.12456 ], [ -68.67821, -9.14552 ], [ -68.67009, -9.15484 ], [ -68.65932, -9.153 ], [ -68.65941, -9.15697 ], [ -68.6556, -9.15499 ], [ -68.65483, -9.16213 ], [ -68.65887, -9.16733 ], [ -68.65552, -9.1705 ], [ -68.64959, -9.17052 ], [ -68.6447, -9.1665 ], [ -68.64606, -9.16083 ], [ -68.63734, -9.15248 ], [ -68.62026, -9.1503 ], [ -68.61463, -9.15698 ], [ -68.61343, -9.17571 ], [ -68.60758, -9.17954 ], [ -68.60732, -9.1867 ], [ -68.59666, -9.20183 ], [ -68.60385, -9.21556 ], [ -68.60192, -9.21949 ], [ -68.60448, -9.22998 ], [ -68.5997, -9.23761 ], [ -68.60022, -9.24654 ], [ -68.60684, -9.25131 ], [ -68.60588, -9.25974 ], [ -68.61084, -9.2679 ], [ -68.60908, -9.28112 ], [ -68.60227, -9.29248 ], [ -68.61604, -9.30947 ], [ -68.62398, -9.3109 ], [ -68.63135, -9.32054 ], [ -68.64474, -9.3156 ], [ -68.65005, -9.30756 ], [ -68.66784, -9.29824 ] ], [ [ -68.71013, -9.09399 ], [ -68.71046, -9.09402 ], [ -68.74215, -9.11181 ], [ -68.71013, -9.09399 ] ], [ [ -68.66619, -9.05343 ], [ -68.67537, -9.04932 ], [ -68.67525, -9.05406 ], [ -68.67021, -9.0556 ], [ -68.66619, -9.05343 ] ], [ [ -68.68233, -9.06259 ], [ -68.68181, -9.06371 ], [ -68.67554, -9.0568 ], [ -68.68233, -9.06259 ] ], [ [ -68.72167, -9.18065 ], [ -68.72154, -9.18098 ], [ -68.72118, -9.18058 ], [ -68.72167, -9.18065 ] ] ] } },
{ "type": "Feature", "properties": { "cluster": 394.0, "hvi": 0.1458, "population": 2991, "setores": 3, "municipio": "Sena Madureira" }, "geometry": { "type": "Polygon", "coordinates": [ [ [ -68.66303, -9.06903 ], [ -68.66601, -9.0708 ], [ -68.67417, -9.06401 ], [ -68.66721, -9.06222 ], [ -68.66237, -9.06339 ], [ -68.66381, -9.06422 ], [ -68.66115, -9.06358 ], [ -68.66203, -9.06898 ], [ -68.66378, -9.06853 ], [ -68.66303, -9.06903 ] ], [ [ -68.66802, -9.06565 ], [ -68.66445, -9.06807 ], [ -68.66504, -9.06493 ], [ -68.66662, -9.06585 ], [ -68.66773, -9.06442 ], [ -68.66802, -9.06565 ] ] ] } },
{ "type": "Feature", "properties": { "cluster": 395.0, "hvi": 0.1194, "population": 2813, "setores": 7, "municipio": "Sena Madureira" }, "geometry": { "type": "MultiPolygon", "coordinates": [ [ [ [ -68.97231, -9.94846 ], [ -68.9756, -9.94372 ], [ -68.9842, -9.93997 ], [ -68.98222, -9.92728 ], [ -68.98548, -9.92239 ], [ -68.99248, -9.92466 ], [ -68.9986, -9.91892 ], [ -69.00586, -9.9212 ], [ -69.01305, -9.91697 ], [ -69.01361, -9.91302 ], [ -69.06715, -9.87704 ], [ -69.05456, -9.84935 ], [ -69.01687, -9.82442 ], [ -68.99246, -9.80024 ], [ -68.97101, -9.79114 ], [ -68.9542, -9.77687 ], [ -68.92643, -9.73632 ], [ -68.9094, -9.69872 ], [ -68.88951, -9.67093 ], [ -68.86874, -9.63275 ], [ -68.81888, -9.63455 ], [ -68.81169, -9.63176 ], [ -68.79825, -9.6405 ], [ -68.79487, -9.63889 ], [ -68.7963, -9.6337 ], [ -68.79053, -9.63128 ], [ -68.78906, -9.62611 ], [ -68.78527, -9.63055 ], [ -68.77834, -9.628 ], [ -68.77655, -9.63274 ], [ -68.7842, -9.63449 ], [ -68.78644, -9.64421 ], [ -68.78326, -9.64722 ], [ -68.78723, -9.65185 ], [ -68.78281, -9.65884 ], [ -68.78713, -9.66497 ], [ -68.77974, -9.67175 ], [ -68.78488, -9.6912 ], [ -68.79667, -9.69378 ], [ -68.79031, -9.70184 ], [ -68.79953, -9.70088 ], [ -68.79359, -9.70822 ], [ -68.80524, -9.71323 ], [ -68.79993, -9.72013 ], [ -68.81462, -9.71845 ], [ -68.81479, -9.72265 ], [ -68.80866, -9.72416 ], [ -68.80791, -9.72738 ], [ -68.81846, -9.73667 ], [ -68.83189, -9.73807 ], [ -68.83632, -9.76346 ], [ -68.85344, -9.76702 ], [ -68.85163, -9.77066 ], [ -68.84065, -9.7684 ], [ -68.84401, -9.777 ], [ -68.85314, -9.78417 ], [ -68.83882, -9.79195 ], [ -68.85337, -9.80365 ], [ -68.85029, -9.81028 ], [ -68.84075, -9.81564 ], [ -68.8429, -9.81743 ], [ -68.84824, -9.81303 ], [ -68.8497, -9.82233 ], [ -68.85475, -9.82275 ], [ -68.86081, -9.83324 ], [ -68.85236, -9.84777 ], [ -68.85835, -9.85568 ], [ -68.87649, -9.86056 ], [ -68.87864, -9.8569 ], [ -68.87482, -9.84973 ], [ -68.88379, -9.83852 ], [ -68.8882, -9.85165 ], [ -68.87822, -9.86396 ], [ -68.88295, -9.87454 ], [ -68.89384, -9.87405 ], [ -68.89166, -9.86268 ], [ -68.89776, -9.85992 ], [ -68.91137, -9.87119 ], [ -68.92192, -9.86635 ], [ -68.92305, -9.87629 ], [ -68.93205, -9.87443 ], [ -68.9338, -9.87912 ], [ -68.92648, -9.8965 ], [ -68.92718, -9.90276 ], [ -68.94429, -9.89151 ], [ -68.945, -9.89823 ], [ -68.95187, -9.89951 ], [ -68.95075, -9.90656 ], [ -68.96193, -9.91431 ], [ -68.94538, -9.93318 ], [ -68.94388, -9.94653 ], [ -68.95006, -9.94796 ], [ -68.95097, -9.94115 ], [ -68.95635, -9.93908 ], [ -68.95477, -9.94832 ], [ -68.96321, -9.94693 ], [ -68.96905, -9.95301 ], [ -68.97455, -9.94977 ], [ -68.97231, -9.94846 ] ] ], [ [ [ -68.80275, -9.45467 ], [ -68.81617, -9.47199 ], [ -68.81272, -9.48822 ], [ -68.81548, -9.50009 ], [ -68.82523, -9.50823 ], [ -68.83039, -9.52406 ], [ -68.82611, -9.55481 ], [ -68.83645, -9.61241 ], [ -68.86874, -9.63275 ], [ -68.89886, -9.61474 ], [ -68.90747, -9.606 ], [ -68.91335, -9.59547 ], [ -68.91753, -9.57462 ], [ -68.93702, -9.56694 ], [ -68.93665, -9.56134 ], [ -68.94427, -9.55029 ], [ -68.94336, -9.54328 ], [ -68.94885, -9.53121 ], [ -68.94279, -9.52617 ], [ -68.93891, -9.52843 ], [ -68.9348, -9.52578 ], [ -68.9356, -9.51459 ], [ -68.94028, -9.51483 ], [ -68.94522, -9.50875 ], [ -68.93359, -9.50316 ], [ -68.93544, -9.49649 ], [ -68.94365, -9.49682 ], [ -68.94385, -9.50136 ], [ -68.9472, -9.50117 ], [ -68.95039, -9.48991 ], [ -68.93507, -9.48541 ], [ -68.93955, -9.47902 ], [ -68.93344, -9.47401 ], [ -68.93077, -9.47559 ], [ -68.92796, -9.46195 ], [ -68.91559, -9.46528 ], [ -68.92039, -9.44888 ], [ -68.91582, -9.44405 ], [ -68.91612, -9.43314 ], [ -68.90734, -9.42184 ], [ -68.9019, -9.42164 ], [ -68.9059, -9.40706 ], [ -68.89669, -9.40386 ], [ -68.90142, -9.39641 ], [ -68.88826, -9.38512 ], [ -68.89641, -9.38267 ], [ -68.89167, -9.37655 ], [ -68.90565, -9.37115 ], [ -68.89906, -9.36015 ], [ -68.88739, -9.36337 ], [ -68.88377, -9.35526 ], [ -68.87301, -9.35098 ], [ -68.87881, -9.34817 ], [ -68.87886, -9.3436 ], [ -68.87058, -9.34829 ], [ -68.86154, -9.3436 ], [ -68.85746, -9.34863 ], [ -68.85355, -9.34568 ], [ -68.84677, -9.34836 ], [ -68.84672, -9.33238 ], [ -68.85302, -9.33312 ], [ -68.85637, -9.33005 ], [ -68.85288, -9.32877 ], [ -68.85618, -9.32926 ], [ -68.88662, -9.3207 ], [ -68.89338, -9.32435 ], [ -68.89717, -9.32236 ], [ -68.90336, -9.32709 ], [ -68.90377, -9.32318 ], [ -68.9113, -9.31866 ], [ -68.92615, -9.33038 ], [ -68.92816, -9.32143 ], [ -68.94295, -9.32678 ], [ -68.94773, -9.34489 ], [ -68.95992, -9.34976 ], [ -68.96117, -9.34603 ], [ -68.96383, -9.34715 ], [ -68.98308, -9.36584 ], [ -69.00781, -9.34946 ], [ -69.01032, -9.34281 ], [ -69.02977, -9.33892 ], [ -69.0461, -9.34798 ], [ -69.10035, -9.3565 ], [ -69.11212, -9.37182 ], [ -69.13348, -9.38767 ], [ -69.14717, -9.39322 ], [ -69.15294, -9.39921 ], [ -69.16298, -9.39944 ], [ -69.18909, -9.35145 ], [ -69.18683, -9.34262 ], [ -69.18971, -9.33218 ], [ -69.18501, -9.32142 ], [ -69.19392, -9.30806 ], [ -69.19005, -9.2941 ], [ -69.21218, -9.26978 ], [ -69.21084, -9.25938 ], [ -69.20497, -9.25799 ], [ -69.2048, -9.24757 ], [ -69.2014, -9.24151 ], [ -69.19847, -9.24157 ], [ -69.19929, -9.23597 ], [ -69.19059, -9.23196 ], [ -69.19391, -9.2231 ], [ -69.18835, -9.21706 ], [ -69.19178, -9.21467 ], [ -69.18263, -9.21529 ], [ -69.17806, -9.20082 ], [ -69.17149, -9.20252 ], [ -69.17015, -9.19707 ], [ -69.16635, -9.19635 ], [ -69.17124, -9.19236 ], [ -69.16806, -9.18867 ], [ -69.16634, -9.19082 ], [ -69.16166, -9.18885 ], [ -69.1647, -9.18511 ], [ -69.16369, -9.18011 ], [ -69.1619, -9.17934 ], [ -69.17806, -9.17353 ], [ -69.18043, -9.17664 ], [ -69.17752, -9.18141 ], [ -69.18288, -9.18483 ], [ -69.18045, -9.18809 ], [ -69.18465, -9.18622 ], [ -69.19218, -9.19337 ], [ -69.19814, -9.1916 ], [ -69.20367, -9.19627 ], [ -69.20606, -9.19147 ], [ -69.20261, -9.18555 ], [ -69.21177, -9.18206 ], [ -69.21485, -9.1871 ], [ -69.21923, -9.18163 ], [ -69.22213, -9.18221 ], [ -69.2258, -9.18896 ], [ -69.23362, -9.19274 ], [ -69.23321, -9.19543 ], [ -69.24165, -9.19766 ], [ -69.23578, -9.20827 ], [ -69.24246, -9.21206 ], [ -69.24622, -9.2212 ], [ -69.25198, -9.22206 ], [ -69.25186, -9.21848 ], [ -69.25429, -9.22052 ], [ -69.25265, -9.23466 ], [ -69.25747, -9.23489 ], [ -69.25603, -9.2313 ], [ -69.25864, -9.23055 ], [ -69.26297, -9.23382 ], [ -69.26665, -9.24385 ], [ -69.27977, -9.24716 ], [ -69.28135, -9.23986 ], [ -69.28498, -9.23883 ], [ -69.29378, -9.24592 ], [ -69.28962, -9.24863 ], [ -69.29102, -9.25196 ], [ -69.29905, -9.25469 ], [ -69.30034, -9.25842 ], [ -69.30636, -9.26091 ], [ -69.31247, -9.25587 ], [ -69.32061, -9.2583 ], [ -69.31846, -9.26506 ], [ -69.32897, -9.2728 ], [ -69.32953, -9.26994 ], [ -69.33304, -9.27088 ], [ -69.33011, -9.27634 ], [ -69.34669, -9.27797 ], [ -69.36108, -9.27065 ], [ -69.37341, -9.24304 ], [ -69.37726, -9.24034 ], [ -69.38576, -9.21607 ], [ -69.41237, -9.20374 ], [ -69.41808, -9.19634 ], [ -69.43992, -9.19432 ], [ -69.44564, -9.1866 ], [ -69.45386, -9.18528 ], [ -69.45603, -9.17995 ], [ -69.45135, -9.1745 ], [ -69.45404, -9.16441 ], [ -69.44631, -9.1624 ], [ -69.44266, -9.14989 ], [ -69.44669, -9.14372 ], [ -69.3296, -9.09212 ], [ -69.1958, -9.02135 ], [ -69.10032, -9.02471 ], [ -68.99528, -9.06746 ], [ -68.89985, -9.08917 ], [ -68.87711, -9.0886 ], [ -68.87316, -9.07327 ], [ -68.84241, -9.08538 ], [ -68.84177, -9.09327 ], [ -68.84559, -9.09907 ], [ -68.85757, -9.08341 ], [ -68.86123, -9.08414 ], [ -68.85957, -9.10392 ], [ -68.86703, -9.10049 ], [ -68.87161, -9.10189 ], [ -68.87802, -9.11246 ], [ -68.88263, -9.10894 ], [ -68.88144, -9.10297 ], [ -68.89056, -9.10637 ], [ -68.89221, -9.1138 ], [ -68.8852, -9.12338 ], [ -68.88846, -9.12647 ], [ -68.89001, -9.12176 ], [ -68.89402, -9.12252 ], [ -68.90043, -9.13573 ], [ -68.8981, -9.1317 ], [ -68.8942, -9.13155 ], [ -68.89058, -9.14191 ], [ -68.89561, -9.14592 ], [ -68.8992, -9.15513 ], [ -68.89568, -9.15851 ], [ -68.90211, -9.17205 ], [ -68.89918, -9.18289 ], [ -68.90583, -9.18842 ], [ -68.90386, -9.20181 ], [ -68.90723, -9.21047 ], [ -68.90319, -9.22133 ], [ -68.90669, -9.22962 ], [ -68.90496, -9.23627 ], [ -68.89452, -9.24232 ], [ -68.8888, -9.24981 ], [ -68.88996, -9.25678 ], [ -68.8859, -9.26944 ], [ -68.87433, -9.27314 ], [ -68.86985, -9.25789 ], [ -68.83212, -9.2182 ], [ -68.78309, -9.12436 ], [ -68.78036, -9.12137 ], [ -68.77151, -9.12347 ], [ -68.75969, -9.11504 ], [ -68.72213, -9.13455 ], [ -68.73539, -9.16323 ], [ -68.74937, -9.16936 ], [ -68.73743, -9.175 ], [ -68.73765, -9.18224 ], [ -68.73181, -9.18672 ], [ -68.71838, -9.18743 ], [ -68.71773, -9.18676 ], [ -68.71087, -9.18934 ], [ -68.71652, -9.19303 ], [ -68.71168, -9.19568 ], [ -68.81445, -9.41407 ], [ -68.80241, -9.43987 ], [ -68.80275, -9.45467 ] ], [ [ -68.90901, -9.1288 ], [ -68.9092, -9.12927 ], [ -68.90043, -9.13573 ], [ -68.90901, -9.1288 ] ], [ [ -68.84364, -9.32537 ], [ -68.84403, -9.32525 ], [ -68.84402, -9.32551 ], [ -68.84364, -9.32537 ] ], [ [ -68.76563, -9.21878 ], [ -68.76676, -9.21951 ], [ -68.76789, -9.22394 ], [ -68.76722, -9.22443 ], [ -68.76563, -9.21878 ] ], [ [ -68.75417, -9.21463 ], [ -68.75917, -9.21462 ], [ -68.76442, -9.218 ], [ -68.75417, -9.21463 ] ], [ [ -68.75469, -9.22017 ], [ -68.75343, -9.22187 ], [ -68.75463, -9.21955 ], [ -68.75469, -9.22017 ] ], [ [ -68.74923, -9.22754 ], [ -68.74573, -9.22359 ], [ -68.74957, -9.22708 ], [ -68.74923, -9.22754 ] ], [ [ -68.74422, -9.22188 ], [ -68.74583, -9.20862 ], [ -68.74524, -9.22303 ], [ -68.74422, -9.22188 ] ], [ [ -69.15847, -9.18196 ], [ -69.15503, -9.18181 ], [ -69.15883, -9.18045 ], [ -69.15847, -9.18196 ] ], [ [ -69.1478, -9.1582 ], [ -69.14838, -9.15877 ], [ -69.14827, -9.15882 ], [ -69.1478, -9.1582 ] ], [ [ -69.13502, -9.14605 ], [ -69.13538, -9.14587 ], [ -69.13638, -9.14687 ], [ -69.13502, -9.14605 ] ], [ [ -69.13022, -9.15059 ], [ -69.12996, -9.1486 ], [ -69.13425, -9.14644 ], [ -69.13022, -9.15059 ] ], [ [ -69.124, -9.157 ], [ -69.12383, -9.15326 ], [ -69.12451, -9.15648 ], [ -69.124, -9.157 ] ], [ [ -69.04817, -9.14684 ], [ -69.0592, -9.1469 ], [ -69.05913, -9.14712 ], [ -69.04817, -9.14684 ] ], [ [ -69.02359, -9.14781 ], [ -69.02359, -9.14733 ], [ -69.02511, -9.14822 ], [ -69.02359, -9.14781 ] ], [ [ -69.02358, -9.13601 ], [ -69.02537, -9.13871 ], [ -69.02359, -9.14483 ], [ -69.02358, -9.13601 ] ], [ [ -69.0164, -9.13813 ], [ -69.02314, -9.13534 ], [ -69.02339, -9.13573 ], [ -69.0164, -9.13813 ] ], [ [ -69.01192, -9.13967 ], [ -69.00965, -9.13809 ], [ -69.0122, -9.13958 ], [ -69.01192, -9.13967 ] ], [ [ -69.00657, -9.13596 ], [ -69.01111, -9.12555 ], [ -69.00677, -9.1361 ], [ -69.00657, -9.13596 ] ], [ [ -69.00049, -9.11385 ], [ -69.00141, -9.11446 ], [ -68.99513, -9.1179 ], [ -69.00049, -9.11385 ] ], [ [ -68.99665, -9.11146 ], [ -68.99685, -9.11141 ], [ -68.99726, -9.11168 ], [ -68.99665, -9.11146 ] ], [ [ -68.97967, -9.10539 ], [ -68.97965, -9.10177 ], [ -68.98091, -9.10384 ], [ -68.97967, -9.10539 ] ], [ [ -68.97929, -9.11238 ], [ -68.97532, -9.11359 ], [ -68.97918, -9.11228 ], [ -68.97929, -9.11238 ] ], [ [ -68.97874, -9.10027 ], [ -68.97914, -9.10092 ], [ -68.97798, -9.10163 ], [ -68.97874, -9.10027 ] ], [ [ -68.96062, -9.10195 ], [ -68.9612, -9.10224 ], [ -68.96076, -9.10241 ], [ -68.96062, -9.10195 ] ], [ [ -68.96078, -9.13355 ], [ -68.95605, -9.13864 ], [ -68.94875, -9.13923 ], [ -68.94255, -9.13524 ], [ -68.94703, -9.1177 ], [ -68.95221, -9.11509 ], [ -68.95817, -9.11738 ], [ -68.96431, -9.11401 ], [ -68.95903, -9.11719 ], [ -68.96078, -9.13355 ] ], [ [ -68.90237, -9.10654 ], [ -68.90391, -9.10671 ], [ -68.90248, -9.10702 ], [ -68.90237, -9.10654 ] ], [ [ -68.90396, -9.11374 ], [ -68.90339, -9.11115 ], [ -68.9043, -9.11338 ], [ -68.90396, -9.11374 ] ], [ [ -68.86929, -9.27722 ], [ -68.86912, -9.27797 ], [ -68.86914, -9.27732 ], [ -68.86929, -9.27722 ] ], [ [ -69.42615, -9.15803 ], [ -69.4207, -9.15687 ], [ -69.41932, -9.15588 ], [ -69.42615, -9.15803 ] ], [ [ -69.41565, -9.15327 ], [ -69.41255, -9.15106 ], [ -69.40451, -9.13877 ], [ -69.41565, -9.15327 ] ], [ [ -69.07311, -9.11117 ], [ -69.06821, -9.11687 ], [ -69.06813, -9.11683 ], [ -69.07311, -9.11117 ] ], [ [ -69.05977, -9.11243 ], [ -69.0561, -9.11635 ], [ -69.0596, -9.11234 ], [ -69.05977, -9.11243 ] ], [ [ -69.02487, -9.11839 ], [ -69.02368, -9.11887 ], [ -69.02303, -9.11851 ], [ -69.02487, -9.11839 ] ] ] ] } },
{ "type": "Feature", "properties": { "cluster": 396.0, "hvi": 0.1017, "population": 125, "setores": 1, "municipio": "Sena Madureira" }, "geometry": { "type": "Polygon", "coordinates": [ [ [ -69.82386, -10.50158 ], [ -69.82505, -10.5094 ], [ -69.83308, -10.50784 ], [ -69.83366, -10.50099 ], [ -69.82999, -10.49866 ], [ -69.82386, -10.50158 ] ] ] } },
{ "type": "Feature", "properties": { "cluster": 397.0, "hvi": 0.0984, "population": 128, "setores": 1, "municipio": "Sena Madureira" }, "geometry": { "type": "Polygon", "coordinates": [ [ [ -69.8318, -10.53942 ], [ -69.84201, -10.54132 ], [ -69.8429, -10.53911 ], [ -69.84216, -10.52618 ], [ -69.83639, -10.52674 ], [ -69.83529, -10.53573 ], [ -69.8318, -10.53942 ] ] ] } },
{ "type": "Feature", "properties": { "cluster": 398.0, "hvi": 0.099, "population": 132, "setores": 1, "municipio": "Sena Madureira" }, "geometry": { "type": "Polygon", "coordinates": [ [ [ -69.85572, -10.53964 ], [ -69.86403, -10.54042 ], [ -69.86521, -10.54353 ], [ -69.87436, -10.541 ], [ -69.87831, -10.53341 ], [ -69.87471, -10.52269 ], [ -69.8621, -10.52261 ], [ -69.85832, -10.5254 ], [ -69.85361, -10.53601 ], [ -69.85572, -10.53964 ] ] ] } },
{ "type": "Feature", "properties": { "cluster": 399.0, "hvi": 0.1013, "population": 172, "setores": 1, "municipio": "Sena Madureira" }, "geometry": { "type": "Polygon", "coordinates": [ [ [ -70.13583, -10.66281 ], [ -70.15041, -10.66713 ], [ -70.15664, -10.66464 ], [ -70.15269, -10.65418 ], [ -70.13999, -10.63857 ], [ -70.12057, -10.63838 ], [ -70.12572, -10.64306 ], [ -70.12242, -10.65638 ], [ -70.13135, -10.65406 ], [ -70.13583, -10.66281 ] ] ] } },
{ "type": "Feature", "properties": { "cluster": 400.0, "hvi": 0.0981, "population": 124, "setores": 1, "municipio": "Sena Madureira" }, "geometry": { "type": "Polygon", "coordinates": [ [ [ -70.09954, -10.64367 ], [ -70.09126, -10.63895 ], [ -70.08985, -10.62626 ], [ -70.07336, -10.63045 ], [ -70.09321, -10.65259 ], [ -70.09954, -10.64367 ] ] ] } },
{ "type": "Feature", "properties": { "cluster": 401.0, "hvi": 0.1309, "population": 2962, "setores": 4, "municipio": "Sena Madureira" }, "geometry": { "type": "MultiPolygon", "coordinates": [ [ [ [ -68.68006, -9.08545 ], [ -68.68158, -9.09252 ], [ -68.68646, -9.09632 ], [ -68.68387, -9.08505 ], [ -68.68006, -9.08545 ] ] ], [ [ [ -68.67984, -9.08879 ], [ -68.68006, -9.08545 ], [ -68.68744, -9.08349 ], [ -68.68229, -9.0773 ], [ -68.67208, -9.07918 ], [ -68.67409, -9.0811 ], [ -68.67552, -9.0846 ], [ -68.67528, -9.09039 ], [ -68.67984, -9.08879 ] ] ] ] } },
{ "type": "Feature", "properties": { "cluster": 402.0, "hvi": 0.1365, "population": 896, "setores": 1, "municipio": "Sena Madureira" }, "geometry": { "type": "Polygon", "coordinates": [ [ [ -68.67169, -9.06809 ], [ -68.6746, -9.06552 ], [ -68.67417, -9.06401 ], [ -68.67043, -9.06595 ], [ -68.67169, -9.06809 ] ] ] } },
{ "type": "Feature", "properties": { "cluster": 403.0, "hvi": 0.146, "population": 2848, "setores": 3, "municipio": "Tarauacá" }, "geometry": { "type": "MultiPolygon", "coordinates": [ [ [ [ -70.76522, -8.16748 ], [ -70.76322, -8.16736 ], [ -70.76264, -8.16819 ], [ -70.76003, -8.16611 ], [ -70.75993, -8.17052 ], [ -70.76447, -8.17098 ], [ -70.76522, -8.16748 ] ] ], [ [ [ -70.76893, -8.16716 ], [ -70.7678, -8.16331 ], [ -70.76527, -8.16342 ], [ -70.76522, -8.16748 ], [ -70.76893, -8.16716 ] ] ] ] } },
{ "type": "Feature", "properties": { "cluster": 404.0, "hvi": 0.1418, "population": 2603, "setores": 3, "municipio": "Tarauacá" }, "geometry": { "type": "Polygon", "coordinates": [ [ [ -70.77342, -8.17355 ], [ -70.77537, -8.17102 ], [ -70.7712, -8.1667 ], [ -70.77179, -8.16531 ], [ -70.7678, -8.16331 ], [ -70.76799, -8.16731 ], [ -70.76522, -8.16748 ], [ -70.76523, -8.17097 ], [ -70.76965, -8.17036 ], [ -70.77342, -8.17355 ] ] ] } },
{ "type": "Feature", "properties": { "cluster": 405.0, "hvi": 0.1393, "population": 2504, "setores": 3, "municipio": "Tarauacá" }, "geometry": { "type": "MultiPolygon", "coordinates": [ [ [ [ -70.77111, -8.15831 ], [ -70.77186, -8.1649 ], [ -70.7744, -8.1583 ], [ -70.77111, -8.15831 ] ] ], [ [ [ -70.77509, -8.15829 ], [ -70.77526, -8.15277 ], [ -70.77407, -8.1583 ], [ -70.77509, -8.15829 ] ] ], [ [ [ -70.77434, -8.15973 ], [ -70.77951, -8.15951 ], [ -70.78806, -8.14954 ], [ -70.78877, -8.14151 ], [ -70.78562, -8.14182 ], [ -70.7815, -8.15112 ], [ -70.77434, -8.15973 ] ] ] ] } },
{ "type": "Feature", "properties": { "cluster": 406.0, "hvi": 0.1896, "population": 2327, "setores": 2, "municipio": "Tarauacá" }, "geometry": { "type": "MultiPolygon", "coordinates": [ [ [ [ -70.76243, -8.1586 ], [ -70.76436, -8.16 ], [ -70.77111, -8.15831 ], [ -70.77064, -8.15462 ], [ -70.76243, -8.1586 ] ] ], [ [ [ -70.76243, -8.1586 ], [ -70.76457, -8.15604 ], [ -70.7613, -8.1529 ], [ -70.75869, -8.15567 ], [ -70.76243, -8.1586 ] ] ] ] } },
{ "type": "Feature", "properties": { "cluster": 407.0, "hvi": 0.1321, "population": 2573, "setores": 5, "municipio": "Tarauacá" }, "geometry": { "type": "Polygon", "coordinates": [ [ [ -70.72862, -8.15191 ], [ -70.74626, -8.15203 ], [ -70.74152, -8.13857 ], [ -70.7356, -8.13901 ], [ -70.7247, -8.14878 ], [ -70.70278, -8.14078 ], [ -70.7085, -8.12758 ], [ -70.72723, -8.1156 ], [ -70.71936, -8.11024 ], [ -70.71104, -8.1196 ], [ -70.70256, -8.11645 ], [ -70.7082, -8.10344 ], [ -70.70433, -8.09327 ], [ -70.72607, -8.08414 ], [ -70.72449, -8.08064 ], [ -70.71287, -8.0799 ], [ -70.71362, -8.07398 ], [ -70.72153, -8.06922 ], [ -70.71393, -8.06308 ], [ -70.70819, -8.06318 ], [ -70.69945, -8.07149 ], [ -70.69384, -8.06749 ], [ -70.69907, -8.04337 ], [ -70.69033, -8.04486 ], [ -70.70123, -8.0409 ], [ -70.71132, -8.04282 ], [ -70.69446, -8.02316 ], [ -70.68608, -8.02902 ], [ -70.68705, -8.01783 ], [ -70.69499, -8.01649 ], [ -70.69994, -8.00849 ], [ -70.69737, -8.0015 ], [ -70.67708, -7.99099 ], [ -70.67861, -7.97984 ], [ -70.79373, -7.96749 ], [ -70.78313, -7.95387 ], [ -70.78808, -7.94521 ], [ -70.7841, -7.93531 ], [ -70.77649, -7.92854 ], [ -70.77772, -7.92311 ], [ -70.77122, -7.91977 ], [ -70.76884, -7.92165 ], [ -70.76921, -7.90812 ], [ -70.7613, -7.90149 ], [ -70.76312, -7.88813 ], [ -70.72568, -7.81021 ], [ -70.68682, -7.78302 ], [ -70.67793, -7.77365 ], [ -70.51515, -7.79238 ], [ -70.51894, -7.7984 ], [ -70.54438, -7.80679 ], [ -70.54578, -7.82111 ], [ -70.56874, -7.83316 ], [ -70.57748, -7.84163 ], [ -70.57033, -7.85309 ], [ -70.57981, -7.85589 ], [ -70.58379, -7.87298 ], [ -70.60348, -7.87187 ], [ -70.60761, -7.87469 ], [ -70.60043, -7.89379 ], [ -70.62026, -7.89364 ], [ -70.61689, -7.90589 ], [ -70.61964, -7.91166 ], [ -70.63062, -7.91476 ], [ -70.63686, -7.92193 ], [ -70.63858, -7.909 ], [ -70.64315, -7.90646 ], [ -70.64692, -7.90818 ], [ -70.64172, -7.92356 ], [ -70.62974, -7.92687 ], [ -70.63986, -7.92741 ], [ -70.64301, -7.93035 ], [ -70.63309, -7.93573 ], [ -70.63331, -7.9435 ], [ -70.64141, -7.93976 ], [ -70.63522, -7.94402 ], [ -70.64234, -7.94384 ], [ -70.64398, -7.9491 ], [ -70.64179, -7.95058 ], [ -70.64694, -7.95191 ], [ -70.64035, -7.95453 ], [ -70.64043, -7.95824 ], [ -70.63812, -7.95673 ], [ -70.63895, -7.96232 ], [ -70.63238, -7.96423 ], [ -70.63453, -7.96975 ], [ -70.63138, -7.97409 ], [ -70.63572, -7.97512 ], [ -70.63046, -7.97884 ], [ -70.63216, -7.98381 ], [ -70.62812, -7.98442 ], [ -70.62461, -7.98067 ], [ -70.62525, -7.98416 ], [ -70.61974, -7.98664 ], [ -70.62039, -7.99183 ], [ -70.61758, -7.99314 ], [ -70.61051, -7.99086 ], [ -70.6051, -7.99612 ], [ -70.59214, -7.98985 ], [ -70.59202, -7.99297 ], [ -70.58513, -7.99572 ], [ -70.58989, -7.99813 ], [ -70.58728, -8.00128 ], [ -70.58942, -8.00402 ], [ -70.58475, -8.00762 ], [ -70.58123, -8.01754 ], [ -70.57766, -8.01766 ], [ -70.57918, -8.02117 ], [ -70.57473, -8.02224 ], [ -70.57684, -8.02878 ], [ -70.57403, -8.02838 ], [ -70.5747, -8.03325 ], [ -70.56807, -8.04301 ], [ -70.56943, -8.04981 ], [ -70.57792, -8.05536 ], [ -70.57444, -8.10593 ], [ -70.5779, -8.11082 ], [ -70.57746, -8.11868 ], [ -70.56849, -8.13507 ], [ -70.56474, -8.13692 ], [ -70.56454, -8.14492 ], [ -70.55513, -8.15679 ], [ -70.55869, -8.16672 ], [ -70.56745, -8.17161 ], [ -70.57621, -8.18879 ], [ -70.61703, -8.18545 ], [ -70.68654, -8.16855 ], [ -70.70102, -8.16812 ], [ -70.72325, -8.15846 ], [ -70.72245, -8.15696 ], [ -70.72434, -8.15701 ], [ -70.72862, -8.15191 ] ], [ [ -70.65317, -8.15881 ], [ -70.65473, -8.16077 ], [ -70.6525, -8.17045 ], [ -70.65317, -8.15881 ] ], [ [ -70.63742, -8.13911 ], [ -70.63742, -8.13908 ], [ -70.63781, -8.13956 ], [ -70.63742, -8.13911 ] ], [ [ -70.63053, -8.12082 ], [ -70.6281, -8.11357 ], [ -70.63871, -8.13353 ], [ -70.63053, -8.12082 ] ], [ [ -70.63741, -8.09072 ], [ -70.63975, -8.0896 ], [ -70.63655, -8.09398 ], [ -70.63741, -8.09072 ] ], [ [ -70.68441, -8.05287 ], [ -70.68538, -8.0543 ], [ -70.68359, -8.05447 ], [ -70.68441, -8.05287 ] ], [ [ -70.67529, -7.97324 ], [ -70.66171, -7.97423 ], [ -70.67478, -7.97184 ], [ -70.67529, -7.97324 ] ], [ [ -70.65965, -7.97193 ], [ -70.66019, -7.97102 ], [ -70.66171, -7.97423 ], [ -70.65965, -7.97193 ] ] ] } },
{ "type": "Feature", "properties": { "cluster": 408.0, "hvi": 0.1236, "population": 2661, "setores": 7, "municipio": "Tarauacá" }, "geometry": { "type": "MultiPolygon", "coordinates": [ [ [ [ -70.75301, -8.42236 ], [ -70.74784, -8.42893 ], [ -70.74516, -8.4258 ], [ -70.73398, -8.43463 ], [ -70.73677, -8.4374 ], [ -70.73451, -8.43956 ], [ -70.73749, -8.44062 ], [ -70.73273, -8.45649 ], [ -70.73699, -8.45776 ], [ -70.73781, -8.46247 ], [ -70.73014, -8.48982 ], [ -70.73548, -8.49883 ], [ -70.73312, -8.50992 ], [ -70.74032, -8.52902 ], [ -70.74607, -8.53114 ], [ -70.75063, -8.53823 ], [ -70.75702, -8.53374 ], [ -70.76259, -8.53392 ], [ -70.76934, -8.5442 ], [ -70.77877, -8.54839 ], [ -70.77879, -8.55394 ], [ -70.78609, -8.55992 ], [ -70.78193, -8.57731 ], [ -70.78862, -8.58225 ], [ -70.80774, -8.52446 ], [ -70.80748, -8.49769 ], [ -70.81628, -8.47495 ], [ -70.82567, -8.46884 ], [ -70.8342, -8.45608 ], [ -70.83137, -8.45195 ], [ -70.83713, -8.44243 ], [ -70.83842, -8.45002 ], [ -70.84813, -8.4516 ], [ -70.84471, -8.45844 ], [ -70.86004, -8.46207 ], [ -70.86454, -8.46812 ], [ -70.85691, -8.4843 ], [ -70.8603, -8.48814 ], [ -70.85926, -8.50093 ], [ -70.86272, -8.50142 ], [ -70.86613, -8.49472 ], [ -70.87506, -8.50177 ], [ -70.88612, -8.5042 ], [ -70.88574, -8.5097 ], [ -70.88002, -8.50757 ], [ -70.8654, -8.51815 ], [ -70.87353, -8.52419 ], [ -70.88303, -8.51798 ], [ -70.88686, -8.51914 ], [ -70.88317, -8.52308 ], [ -70.89439, -8.5249 ], [ -70.89411, -8.5365 ], [ -70.97947, -8.46529 ], [ -70.94286, -8.44641 ], [ -70.91436, -8.42709 ], [ -70.8937, -8.39998 ], [ -70.83452, -8.26961 ], [ -70.7711, -8.19951 ], [ -70.75993, -8.17052 ], [ -70.75102, -8.17793 ], [ -70.75897, -8.19557 ], [ -70.74925, -8.19664 ], [ -70.76483, -8.21367 ], [ -70.75688, -8.21567 ], [ -70.75647, -8.22106 ], [ -70.76708, -8.22689 ], [ -70.76199, -8.2306 ], [ -70.76398, -8.24126 ], [ -70.76085, -8.24294 ], [ -70.76143, -8.24258 ], [ -70.7593, -8.23764 ], [ -70.74037, -8.23441 ], [ -70.73702, -8.23696 ], [ -70.73406, -8.25815 ], [ -70.73964, -8.26227 ], [ -70.7569, -8.25549 ], [ -70.75788, -8.25966 ], [ -70.75291, -8.26789 ], [ -70.75421, -8.27132 ], [ -70.76005, -8.27238 ], [ -70.76053, -8.27827 ], [ -70.75313, -8.27922 ], [ -70.75173, -8.28274 ], [ -70.75536, -8.2862 ], [ -70.75125, -8.29068 ], [ -70.75801, -8.29146 ], [ -70.76377, -8.29844 ], [ -70.75228, -8.31405 ], [ -70.75046, -8.32544 ], [ -70.75879, -8.32648 ], [ -70.75905, -8.33331 ], [ -70.76885, -8.33165 ], [ -70.76801, -8.34257 ], [ -70.77157, -8.34468 ], [ -70.77098, -8.35096 ], [ -70.77806, -8.3579 ], [ -70.78008, -8.36478 ], [ -70.78529, -8.36644 ], [ -70.77934, -8.37275 ], [ -70.78326, -8.37243 ], [ -70.78768, -8.38361 ], [ -70.78319, -8.38468 ], [ -70.78422, -8.38886 ], [ -70.77987, -8.3872 ], [ -70.78202, -8.39255 ], [ -70.775, -8.39163 ], [ -70.7802, -8.397 ], [ -70.7787, -8.40422 ], [ -70.78218, -8.40545 ], [ -70.77711, -8.40668 ], [ -70.77788, -8.41484 ], [ -70.77088, -8.42109 ], [ -70.75301, -8.42236 ] ], [ [ -70.78943, -8.36945 ], [ -70.78714, -8.36703 ], [ -70.79561, -8.36973 ], [ -70.78943, -8.36945 ] ], [ [ -70.75469, -8.24679 ], [ -70.75484, -8.24669 ], [ -70.75508, -8.24771 ], [ -70.75469, -8.24679 ] ] ], [ [ [ -71.24198, -8.44995 ], [ -71.24181, -8.43574 ], [ -71.23547, -8.42889 ], [ -71.24232, -8.42204 ], [ -71.24626, -8.40543 ], [ -71.24489, -8.39054 ], [ -71.25037, -8.37889 ], [ -71.23899, -8.37933 ], [ -71.23346, -8.37619 ], [ -71.22972, -8.37182 ], [ -71.22512, -8.3506 ], [ -71.22186, -8.34973 ], [ -71.21952, -8.35389 ], [ -71.22285, -8.3576 ], [ -71.2165, -8.36879 ], [ -71.21063, -8.35857 ], [ -71.1996, -8.35969 ], [ -71.19811, -8.34605 ], [ -71.20599, -8.33119 ], [ -71.19919, -8.32256 ], [ -71.1866, -8.31849 ], [ -71.18806, -8.31533 ], [ -71.19388, -8.31567 ], [ -71.19793, -8.31226 ], [ -71.20417, -8.31555 ], [ -71.21141, -8.31351 ], [ -71.21752, -8.30902 ], [ -71.21936, -8.30188 ], [ -71.22606, -8.29809 ], [ -71.22664, -8.28592 ], [ -71.23025, -8.28461 ], [ -71.23246, -8.27314 ], [ -71.23561, -8.27163 ], [ -71.22836, -8.24523 ], [ -71.23076, -8.22702 ], [ -71.22762, -8.21906 ], [ -71.23254, -8.20755 ], [ -71.2338, -8.19164 ], [ -71.21401, -8.17886 ], [ -71.20198, -8.17928 ], [ -71.19664, -8.17269 ], [ -71.18648, -8.17447 ], [ -71.18366, -8.15981 ], [ -71.16607, -8.14097 ], [ -71.15843, -8.14003 ], [ -71.13947, -8.12468 ], [ -70.93464, -8.21965 ], [ -70.93147, -8.21829 ], [ -70.92587, -8.23158 ], [ -70.95046, -8.23688 ], [ -70.94872, -8.24481 ], [ -70.9564, -8.24784 ], [ -70.96202, -8.2561 ], [ -70.96198, -8.24539 ], [ -70.97931, -8.41072 ], [ -70.98257, -8.41439 ], [ -70.97691, -8.42755 ], [ -70.98274, -8.4547 ], [ -70.97947, -8.46529 ], [ -71.10036, -8.46668 ], [ -71.09625, -8.44448 ], [ -71.09009, -8.43773 ], [ -71.085, -8.42384 ], [ -71.08481, -8.41152 ], [ -71.07219, -8.39734 ], [ -71.07068, -8.38898 ], [ -71.07305, -8.37698 ], [ -71.10138, -8.34949 ], [ -71.00171, -8.2577 ], [ -71.23205, -8.46981 ], [ -71.24198, -8.44995 ] ], [ [ -71.00013, -8.25742 ], [ -71.00056, -8.25302 ], [ -71.00171, -8.2577 ], [ -71.00013, -8.25742 ] ], [ [ -71.18477, -8.3263 ], [ -71.18252, -8.32724 ], [ -71.18454, -8.3229 ], [ -71.18477, -8.3263 ] ], [ [ -71.18075, -8.32798 ], [ -71.18051, -8.32669 ], [ -71.18179, -8.32755 ], [ -71.18075, -8.32798 ] ], [ [ -71.17245, -8.32262 ], [ -71.17207, -8.3222 ], [ -71.17833, -8.31976 ], [ -71.17838, -8.3206 ], [ -71.17245, -8.32262 ] ], [ [ -71.17045, -8.32041 ], [ -71.17076, -8.32009 ], [ -71.17094, -8.32096 ], [ -71.17045, -8.32041 ] ], [ [ -71.17666, -8.31408 ], [ -71.17775, -8.31515 ], [ -71.17255, -8.31827 ], [ -71.17666, -8.31408 ] ], [ [ -71.17308, -8.31132 ], [ -71.17388, -8.31134 ], [ -71.17472, -8.31217 ], [ -71.17308, -8.31132 ] ], [ [ -71.00072, -8.25138 ], [ -71.00081, -8.25044 ], [ -71.00485, -8.24887 ], [ -71.00072, -8.25138 ] ], [ [ -70.99624, -8.25674 ], [ -70.98944, -8.24997 ], [ -70.99868, -8.25717 ], [ -70.99624, -8.25674 ] ], [ [ -70.98592, -8.24882 ], [ -70.98536, -8.24679 ], [ -70.98627, -8.2475 ], [ -70.98592, -8.24882 ] ], [ [ -70.98504, -8.26244 ], [ -70.9842, -8.26201 ], [ -70.9884, -8.2579 ], [ -70.98504, -8.26244 ] ], [ [ -70.97743, -8.25855 ], [ -70.97716, -8.25788 ], [ -70.97986, -8.25979 ], [ -70.97743, -8.25855 ] ], [ [ -70.97105, -8.24628 ], [ -70.97214, -8.24638 ], [ -70.97232, -8.24682 ], [ -70.97105, -8.24628 ] ] ] ] } },
{ "type": "Feature", "properties": { "cluster": 409.0, "hvi": 0.1148, "population": 2976, "setores": 17, "municipio": "Tarauacá" }, "geometry": { "type": "MultiPolygon", "coordinates": [ [ [ [ -71.16607, -8.14097 ], [ -71.18366, -8.15981 ], [ -71.18648, -8.17447 ], [ -71.19664, -8.17269 ], [ -71.20198, -8.17928 ], [ -71.21401, -8.17886 ], [ -71.2338, -8.19164 ], [ -71.23254, -8.20755 ], [ -71.22762, -8.21906 ], [ -71.23076, -8.22702 ], [ -71.2293, -8.24932 ], [ -71.23561, -8.27163 ], [ -71.24245, -8.27761 ], [ -71.25055, -8.27361 ], [ -71.25499, -8.27532 ], [ -71.25572, -8.2842 ], [ -71.25971, -8.28278 ], [ -71.26501, -8.28816 ], [ -71.27703, -8.2893 ], [ -71.28223, -8.28292 ], [ -71.27947, -8.27821 ], [ -71.28392, -8.27677 ], [ -71.28819, -8.27989 ], [ -71.29949, -8.27799 ], [ -71.30229, -8.28171 ], [ -71.3065, -8.27993 ], [ -71.31347, -8.28472 ], [ -71.34246, -8.28095 ], [ -71.35342, -8.2891 ], [ -71.3828, -8.29696 ], [ -71.40256, -8.32256 ], [ -71.41214, -8.32873 ], [ -71.42899, -8.31453 ], [ -71.44065, -8.32091 ], [ -71.44561, -8.31881 ], [ -71.44705, -8.31178 ], [ -71.44987, -8.31109 ], [ -71.47603, -8.32475 ], [ -71.47563, -8.33285 ], [ -71.52154, -8.37665 ], [ -71.52593, -8.37447 ], [ -71.53607, -8.33977 ], [ -71.59776, -8.29483 ], [ -71.57933, -8.28804 ], [ -71.57505, -8.28252 ], [ -71.54781, -8.28523 ], [ -71.5288, -8.2636 ], [ -71.52486, -8.25409 ], [ -71.52052, -8.25233 ], [ -71.52023, -8.24484 ], [ -71.5134, -8.23721 ], [ -71.51223, -8.22502 ], [ -71.50623, -8.21443 ], [ -71.49663, -8.20954 ], [ -71.49358, -8.20101 ], [ -71.46232, -8.1904 ], [ -71.4567, -8.18391 ], [ -71.45091, -8.16752 ], [ -71.43641, -8.14797 ], [ -71.43637, -8.14159 ], [ -71.43258, -8.13666 ], [ -71.42314, -8.13684 ], [ -71.41761, -8.13182 ], [ -71.4127, -8.13141 ], [ -71.41212, -8.13394 ], [ -71.40514, -8.12983 ], [ -71.40149, -8.12958 ], [ -71.40246, -8.13142 ], [ -71.398, -8.12668 ], [ -71.38898, -8.12915 ], [ -71.38474, -8.12513 ], [ -71.38228, -8.12636 ], [ -71.38257, -8.12219 ], [ -71.37379, -8.12081 ], [ -71.3703, -8.11599 ], [ -71.36331, -8.11599 ], [ -71.35351, -8.11079 ], [ -71.34793, -8.11342 ], [ -71.34077, -8.10946 ], [ -71.34076, -8.10579 ], [ -71.33117, -8.10213 ], [ -71.32391, -8.10483 ], [ -71.32138, -8.10173 ], [ -71.31236, -8.10313 ], [ -71.30446, -8.0989 ], [ -71.29037, -8.10064 ], [ -71.28348, -8.09769 ], [ -71.28155, -8.10024 ], [ -71.28113, -8.09747 ], [ -71.26957, -8.09531 ], [ -71.26716, -8.09873 ], [ -71.26215, -8.09688 ], [ -71.2596, -8.09108 ], [ -71.25467, -8.09043 ], [ -71.24304, -8.09278 ], [ -71.24112, -8.09631 ], [ -71.23296, -8.09201 ], [ -71.23072, -8.09455 ], [ -71.20813, -8.09351 ], [ -71.20349, -8.08647 ], [ -71.1989, -8.09193 ], [ -71.19756, -8.08837 ], [ -71.19667, -8.0905 ], [ -71.1895, -8.08579 ], [ -71.18418, -8.08678 ], [ -71.18125, -8.08375 ], [ -71.18568, -8.08203 ], [ -71.18409, -8.07822 ], [ -71.17916, -8.07442 ], [ -71.18004, -8.07088 ], [ -71.17675, -8.07256 ], [ -71.17544, -8.06723 ], [ -71.17065, -8.06872 ], [ -71.16756, -8.06538 ], [ -71.15989, -8.06502 ], [ -71.15502, -8.05936 ], [ -71.14641, -8.06018 ], [ -71.14466, -8.05768 ], [ -71.13934, -8.0633 ], [ -71.13119, -8.05368 ], [ -71.12065, -8.052 ], [ -71.12153, -8.04862 ], [ -71.11931, -8.04696 ], [ -71.12044, -8.04546 ], [ -71.11926, -8.04247 ], [ -71.12308, -8.04402 ], [ -71.13089, -8.03178 ], [ -71.14033, -8.03118 ], [ -71.14149, -8.02678 ], [ -71.15848, -8.0179 ], [ -71.16249, -8.00432 ], [ -71.16701, -8.00346 ], [ -71.17956, -7.98968 ], [ -71.17979, -7.98151 ], [ -71.17364, -7.97629 ], [ -71.17419, -7.96554 ], [ -71.19046, -7.93931 ], [ -71.18976, -7.93101 ], [ -71.20259, -7.90185 ], [ -71.20872, -7.89565 ], [ -71.21918, -7.89368 ], [ -71.17989, -7.87793 ], [ -71.16273, -7.87659 ], [ -71.1431, -7.88217 ], [ -71.12616, -7.87949 ], [ -71.12081, -7.87525 ], [ -71.11101, -7.87703 ], [ -71.10587, -7.86968 ], [ -71.09695, -7.8658 ], [ -71.09424, -7.86763 ], [ -71.09188, -7.86005 ], [ -71.09365, -7.85183 ], [ -71.08338, -7.84834 ], [ -71.0792, -7.84207 ], [ -71.06901, -7.83616 ], [ -71.06463, -7.83025 ], [ -71.0634, -7.81945 ], [ -71.05699, -7.81538 ], [ -71.05472, -7.81705 ], [ -71.05187, -7.81375 ], [ -71.05244, -7.80726 ], [ -71.04484, -7.80516 ], [ -71.0399, -7.79649 ], [ -71.03881, -7.80051 ], [ -71.02298, -7.80225 ], [ -71.02066, -7.79865 ], [ -71.01693, -7.79978 ], [ -71.01808, -7.79756 ], [ -71.01436, -7.79989 ], [ -71.01441, -7.79715 ], [ -71.0105, -7.7979 ], [ -71.0094, -7.79429 ], [ -70.99886, -7.79706 ], [ -70.99381, -7.79319 ], [ -70.99026, -7.79513 ], [ -70.9802, -7.79207 ], [ -70.96954, -7.77979 ], [ -70.95202, -7.77591 ], [ -70.95247, -7.77068 ], [ -70.94643, -7.76961 ], [ -70.94231, -7.7606 ], [ -70.9387, -7.76143 ], [ -70.9337, -7.75292 ], [ -70.92395, -7.75322 ], [ -70.92048, -7.74775 ], [ -70.91832, -7.75057 ], [ -70.91767, -7.74738 ], [ -70.91308, -7.74932 ], [ -70.91157, -7.7467 ], [ -70.67793, -7.77365 ], [ -70.68682, -7.78302 ], [ -70.72568, -7.81021 ], [ -70.76312, -7.88813 ], [ -70.7613, -7.90149 ], [ -70.76921, -7.90812 ], [ -70.76884, -7.92165 ], [ -70.77641, -7.92154 ], [ -70.77649, -7.92854 ], [ -70.78512, -7.93733 ], [ -70.78808, -7.9461 ], [ -70.7831, -7.9537 ], [ -70.78799, -7.95772 ], [ -70.78822, -7.96205 ], [ -70.79268, -7.96324 ], [ -70.79373, -7.96749 ], [ -70.67775, -7.97993 ], [ -70.67708, -7.99099 ], [ -70.69737, -8.0015 ], [ -70.69994, -8.00849 ], [ -70.69499, -8.01649 ], [ -70.68705, -8.01783 ], [ -70.68608, -8.02902 ], [ -70.69446, -8.02316 ], [ -70.71176, -8.0414 ], [ -70.70993, -8.04398 ], [ -70.69903, -8.042 ], [ -70.69967, -8.04945 ], [ -70.69466, -8.05775 ], [ -70.69384, -8.06749 ], [ -70.69945, -8.07149 ], [ -70.70819, -8.06318 ], [ -70.71393, -8.06308 ], [ -70.72153, -8.06922 ], [ -70.71362, -8.07398 ], [ -70.71287, -8.0799 ], [ -70.72449, -8.08064 ], [ -70.72607, -8.08414 ], [ -70.70433, -8.09327 ], [ -70.7082, -8.10344 ], [ -70.70186, -8.11487 ], [ -70.71104, -8.1196 ], [ -70.71936, -8.11024 ], [ -70.7267, -8.11418 ], [ -70.72588, -8.11777 ], [ -70.7085, -8.12758 ], [ -70.70227, -8.13797 ], [ -70.70376, -8.14193 ], [ -70.7247, -8.14878 ], [ -70.73929, -8.1381 ], [ -70.7444, -8.14294 ], [ -70.7547, -8.14127 ], [ -70.75843, -8.14791 ], [ -70.76623, -8.14164 ], [ -70.77023, -8.15197 ], [ -70.77735, -8.14746 ], [ -70.77395, -8.14228 ], [ -70.76663, -8.14132 ], [ -70.8248, -8.13819 ], [ -70.78877, -8.14151 ], [ -70.78806, -8.14954 ], [ -70.78029, -8.1586 ], [ -70.78786, -8.16525 ], [ -70.78351, -8.17029 ], [ -70.78345, -8.17718 ], [ -70.7919, -8.18008 ], [ -70.80217, -8.17639 ], [ -70.81437, -8.19169 ], [ -70.83291, -8.18907 ], [ -70.83955, -8.1833 ], [ -70.84558, -8.1824 ], [ -70.85311, -8.1922 ], [ -70.84422, -8.1955 ], [ -70.84435, -8.1989 ], [ -70.86223, -8.19084 ], [ -70.88181, -8.19425 ], [ -70.88938, -8.18902 ], [ -70.89806, -8.20176 ], [ -70.89889, -8.20512 ], [ -70.89323, -8.21305 ], [ -70.90559, -8.20627 ], [ -70.91296, -8.21091 ], [ -70.92414, -8.21005 ], [ -70.93464, -8.21965 ], [ -71.14056, -8.12445 ], [ -71.14, -8.12589 ], [ -71.15843, -8.14003 ], [ -71.16607, -8.14097 ] ], [ [ -71.17675, -8.07256 ], [ -71.14864, -8.07813 ], [ -71.08884, -8.08572 ], [ -71.17675, -8.07256 ] ], [ [ -70.70537, -7.79165 ], [ -70.70475, -7.78886 ], [ -70.72568, -7.81021 ], [ -70.70537, -7.79165 ] ], [ [ -70.92658, -8.12861 ], [ -71.01761, -8.12135 ], [ -71.01594, -8.12219 ], [ -70.8248, -8.13819 ], [ -70.92658, -8.12861 ] ], [ [ -70.91643, -8.15691 ], [ -70.90883, -8.1454 ], [ -70.90515, -8.1316 ], [ -70.91643, -8.15691 ] ], [ [ -71.1146, -8.04879 ], [ -71.11615, -8.04482 ], [ -71.1164, -8.04506 ], [ -71.1146, -8.04879 ] ], [ [ -71.1119, -8.04578 ], [ -71.11288, -8.0452 ], [ -71.1146, -8.04879 ], [ -71.1119, -8.04578 ] ], [ [ -71.10469, -8.04326 ], [ -71.10151, -8.04015 ], [ -71.10966, -8.0433 ], [ -71.10469, -8.04326 ] ], [ [ -71.09959, -8.03826 ], [ -71.10089, -8.03577 ], [ -71.10107, -8.03972 ], [ -71.09959, -8.03826 ] ], [ [ -71.04427, -8.03459 ], [ -71.04404, -8.03465 ], [ -71.04426, -8.03443 ], [ -71.04427, -8.03459 ] ], [ [ -71.03685, -8.03632 ], [ -71.03441, -8.0349 ], [ -71.04336, -8.03481 ], [ -71.03685, -8.03632 ] ], [ [ -71.03005, -8.03589 ], [ -71.0314, -8.03552 ], [ -71.03344, -8.03849 ], [ -71.03005, -8.03589 ] ], [ [ -71.02476, -8.02561 ], [ -71.02553, -8.02494 ], [ -71.0296, -8.02755 ], [ -71.02476, -8.02561 ] ], [ [ -71.01999, -8.02949 ], [ -71.01989, -8.02896 ], [ -71.02017, -8.02922 ], [ -71.01999, -8.02949 ] ], [ [ -71.01568, -8.02765 ], [ -71.01525, -8.0247 ], [ -71.0175, -8.02677 ], [ -71.01568, -8.02765 ] ], [ [ -71.01292, -8.02789 ], [ -71.01242, -8.02441 ], [ -71.01326, -8.02743 ], [ -71.01292, -8.02789 ] ], [ [ -70.97939, -7.99733 ], [ -70.97937, -7.99728 ], [ -70.99129, -8.00263 ], [ -70.97939, -7.99733 ] ], [ [ -70.95364, -7.972 ], [ -70.95675, -7.97323 ], [ -70.95574, -7.97515 ], [ -70.95364, -7.972 ] ], [ [ -70.95639, -7.96605 ], [ -70.95776, -7.96707 ], [ -70.95745, -7.96743 ], [ -70.95639, -7.96605 ] ], [ [ -70.95536, -7.96471 ], [ -70.95922, -7.96211 ], [ -70.95553, -7.96493 ], [ -70.95536, -7.96471 ] ], [ [ -70.94398, -7.94618 ], [ -70.94171, -7.95552 ], [ -70.9441, -7.94551 ], [ -70.93873, -7.9448 ], [ -70.94384, -7.94493 ], [ -70.94646, -7.94812 ], [ -70.94398, -7.94618 ] ], [ [ -70.87601, -7.85655 ], [ -70.87596, -7.85631 ], [ -70.8836, -7.86467 ], [ -70.87601, -7.85655 ] ], [ [ -70.87182, -7.8712 ], [ -70.87186, -7.86254 ], [ -70.8742, -7.86075 ], [ -70.87182, -7.8712 ] ], [ [ -70.84132, -8.0845 ], [ -70.84259, -8.09056 ], [ -70.84122, -8.08449 ], [ -70.84132, -8.0845 ] ], [ [ -70.85282, -8.10424 ], [ -70.85027, -8.1127 ], [ -70.85104, -8.10162 ], [ -70.85282, -8.10424 ] ], [ [ -70.84996, -8.11374 ], [ -70.84264, -8.11377 ], [ -70.85003, -8.11352 ], [ -70.84996, -8.11374 ] ], [ [ -70.82645, -8.14051 ], [ -70.82625, -8.14042 ], [ -70.82638, -8.14041 ], [ -70.82645, -8.14051 ] ], [ [ -71.14703, -8.11995 ], [ -71.14199, -8.12101 ], [ -71.14201, -8.12092 ], [ -71.14703, -8.11995 ] ], [ [ -70.90563, -8.19589 ], [ -70.90838, -8.18654 ], [ -70.90834, -8.18943 ], [ -70.90563, -8.19589 ] ], [ [ -70.9085, -8.17648 ], [ -70.90695, -8.16816 ], [ -70.90866, -8.16381 ], [ -70.9085, -8.17648 ] ], [ [ -70.90874, -8.16359 ], [ -70.90885, -8.16331 ], [ -70.91374, -8.16368 ], [ -70.90874, -8.16359 ] ], [ [ -70.91698, -8.15813 ], [ -70.91706, -8.15832 ], [ -70.91374, -8.16368 ], [ -70.91698, -8.15813 ] ], [ [ -71.02206, -8.09719 ], [ -71.01609, -8.11041 ], [ -71.01596, -8.10964 ], [ -71.02206, -8.09719 ] ], [ [ -70.79585, -7.77694 ], [ -70.79978, -7.7794 ], [ -70.79899, -7.7812 ], [ -70.79585, -7.77694 ] ], [ [ -70.80215, -7.78548 ], [ -70.80179, -7.785 ], [ -70.80262, -7.7854 ], [ -70.80215, -7.78548 ] ], [ [ -70.80898, -7.78425 ], [ -70.80483, -7.785 ], [ -70.80907, -7.78392 ], [ -70.80898, -7.78425 ] ], [ [ -70.82137, -7.78633 ], [ -70.81852, -7.78089 ], [ -70.81945, -7.78105 ], [ -70.82137, -7.78633 ] ], [ [ -70.85557, -7.80215 ], [ -70.84824, -7.79537 ], [ -70.8556, -7.80196 ], [ -70.85557, -7.80215 ] ], [ [ -70.85373, -7.80357 ], [ -70.85547, -7.80298 ], [ -70.85365, -7.81701 ], [ -70.85373, -7.80357 ] ], [ [ -70.87517, -7.85264 ], [ -70.8807, -7.84817 ], [ -70.87562, -7.85472 ], [ -70.87517, -7.85264 ] ], [ [ -70.78655, -7.77112 ], [ -70.7832, -7.76965 ], [ -70.78632, -7.76844 ], [ -70.785, -7.77014 ], [ -70.78655, -7.77112 ] ], [ [ -70.78449, -8.09448 ], [ -70.79388, -8.09952 ], [ -70.78507, -8.09562 ], [ -70.78961, -8.10718 ], [ -70.78633, -8.10869 ], [ -70.77808, -8.10212 ], [ -70.78449, -8.09448 ] ], [ [ -70.77634, -7.77048 ], [ -70.77683, -7.76812 ], [ -70.77808, -7.77008 ], [ -70.77634, -7.77048 ] ] ], [ [ [ -71.17827, -8.0707 ], [ -71.17627, -8.07005 ], [ -71.17675, -8.07256 ], [ -71.17827, -8.0707 ] ] ], [ [ [ -70.78219, -8.14983 ], [ -70.78562, -8.14182 ], [ -70.77395, -8.14228 ], [ -70.78219, -8.14983 ] ] ] ] } },
{ "type": "Feature", "properties": { "cluster": 410.0, "hvi": 0.1275, "population": 2915, "setores": 5, "municipio": "Tarauacá" }, "geometry": { "type": "MultiPolygon", "coordinates": [ [ [ [ -70.77162, -8.16224 ], [ -70.77111, -8.15831 ], [ -70.77088, -8.16223 ], [ -70.77162, -8.16224 ] ] ], [ [ [ -70.77407, -8.1583 ], [ -70.77395, -8.15424 ], [ -70.77111, -8.15831 ], [ -70.77407, -8.1583 ] ] ], [ [ [ -70.77509, -8.15829 ], [ -70.78219, -8.14983 ], [ -70.77757, -8.14748 ], [ -70.77057, -8.1508 ], [ -70.77076, -8.15557 ], [ -70.77532, -8.15313 ], [ -70.77583, -8.15605 ], [ -70.77509, -8.15829 ] ], [ [ -70.77552, -8.15302 ], [ -70.77647, -8.15251 ], [ -70.7775, -8.15497 ], [ -70.77552, -8.15302 ] ] ] ] } },
{ "type": "Feature", "properties": { "cluster": 411.0, "hvi": 0.1273, "population": 2418, "setores": 5, "municipio": "Cruzeiro do Sul" }, "geometry": { "type": "Polygon", "coordinates": [ [ [ -71.88447, -8.07675 ], [ -71.90568, -8.0991 ], [ -71.89603, -8.115 ], [ -71.90663, -8.14086 ], [ -71.93679, -8.16733 ], [ -71.91035, -8.21642 ], [ -71.90017, -8.22896 ], [ -71.89337, -8.23257 ], [ -71.88227, -8.22959 ], [ -71.8665, -8.23137 ], [ -71.95936, -8.35779 ], [ -71.95989, -8.36533 ], [ -71.96777, -8.36462 ], [ -71.99199, -8.38215 ], [ -72.00465, -8.3789 ], [ -72.01079, -8.36661 ], [ -72.01838, -8.36155 ], [ -72.02164, -8.36318 ], [ -72.02615, -8.35287 ], [ -72.0285, -8.33372 ], [ -72.03429, -8.32667 ], [ -72.02868, -8.30335 ], [ -72.02507, -8.29919 ], [ -72.02995, -8.28726 ], [ -72.03393, -8.28618 ], [ -72.04622, -8.26937 ], [ -72.05851, -8.26431 ], [ -72.06339, -8.25618 ], [ -72.07383, -8.24956 ], [ -72.06796, -8.25524 ], [ -72.0705, -8.26397 ], [ -72.07744, -8.26951 ], [ -72.072, -8.29089 ], [ -72.08177, -8.29369 ], [ -72.08206, -8.298 ], [ -72.08803, -8.29603 ], [ -72.08812, -8.30165 ], [ -72.09153, -8.29961 ], [ -72.09734, -8.30614 ], [ -72.09233, -8.30907 ], [ -72.09887, -8.30887 ], [ -72.09845, -8.31445 ], [ -72.10729, -8.31965 ], [ -72.10959, -8.31783 ], [ -72.10708, -8.31824 ], [ -72.10808, -8.31353 ], [ -72.11399, -8.31615 ], [ -72.13912, -8.31017 ], [ -72.15464, -8.2972 ], [ -72.16585, -8.3 ], [ -72.17068, -8.29698 ], [ -72.18381, -8.29683 ], [ -72.22563, -8.28089 ], [ -72.2663, -8.26057 ], [ -72.25768, -8.07145 ], [ -72.2617, -8.0591 ], [ -72.24733, -8.03654 ], [ -72.22569, -8.02036 ], [ -72.2253, -8.00525 ], [ -72.21959, -7.9951 ], [ -72.21613, -7.97607 ], [ -72.20452, -7.96944 ], [ -72.2003, -7.96161 ], [ -72.18268, -7.94662 ], [ -72.15976, -7.93999 ], [ -72.15811, -7.93799 ], [ -72.16752, -7.94117 ], [ -72.1847, -7.9191 ], [ -72.17869, -7.91905 ], [ -72.17358, -7.90699 ], [ -72.16561, -7.90603 ], [ -72.15386, -7.89556 ], [ -72.15969, -7.877 ], [ -72.15668, -7.86549 ], [ -72.15074, -7.85769 ], [ -72.1528, -7.85336 ], [ -72.12811, -7.84137 ], [ -72.1233, -7.82697 ], [ -72.11567, -7.81755 ], [ -72.10426, -7.81049 ], [ -72.09879, -7.80101 ], [ -72.08092, -7.78944 ], [ -72.08251, -7.75949 ], [ -72.09032, -7.72541 ], [ -72.08707, -7.72848 ], [ -72.07176, -7.72596 ], [ -72.06715, -7.72852 ], [ -72.054, -7.72528 ], [ -72.0429, -7.71571 ], [ -72.02189, -7.71298 ], [ -72.01591, -7.70871 ], [ -72.00556, -7.71089 ], [ -72.00067, -7.71591 ], [ -72.00129, -7.72045 ], [ -71.99309, -7.72762 ], [ -71.99627, -7.73458 ], [ -71.9926, -7.7479 ], [ -71.99975, -7.74826 ], [ -71.99525, -7.75608 ], [ -71.99974, -7.76619 ], [ -72.00528, -7.76664 ], [ -72.0102, -7.78198 ], [ -72.01291, -7.77876 ], [ -72.01644, -7.78 ], [ -72.01725, -7.7898 ], [ -72.02922, -7.80088 ], [ -72.02416, -7.80525 ], [ -72.02949, -7.80484 ], [ -72.02614, -7.8121 ], [ -72.03128, -7.81159 ], [ -72.03123, -7.82102 ], [ -72.03614, -7.81975 ], [ -72.03819, -7.82495 ], [ -72.04194, -7.82294 ], [ -72.04176, -7.82644 ], [ -72.04925, -7.83203 ], [ -72.04932, -7.83405 ], [ -72.04394, -7.83235 ], [ -72.04701, -7.83769 ], [ -72.00067, -7.80778 ], [ -71.86224, -7.83762 ], [ -71.82486, -7.84832 ], [ -71.80647, -7.84996 ], [ -71.69999, -7.88323 ], [ -71.65849, -7.8918 ], [ -71.6647, -7.91295 ], [ -71.75306, -7.88549 ], [ -71.75077, -7.89496 ], [ -71.77503, -7.89273 ], [ -71.77098, -7.89958 ], [ -71.77533, -7.91775 ], [ -71.79616, -7.93065 ], [ -71.84172, -7.93417 ], [ -71.88993, -7.98075 ], [ -71.99332, -7.97088 ], [ -71.88971, -7.98078 ], [ -71.88447, -8.07675 ] ], [ [ -72.05406, -7.9471 ], [ -72.06351, -7.94845 ], [ -72.05383, -7.94742 ], [ -72.05608, -7.95217 ], [ -72.05381, -7.94862 ], [ -71.99332, -7.97088 ], [ -72.05406, -7.9471 ] ], [ [ -72.06448, -7.92232 ], [ -72.06481, -7.91996 ], [ -72.06506, -7.91993 ], [ -72.06448, -7.92232 ] ], [ [ -72.06715, -7.92654 ], [ -72.06366, -7.92817 ], [ -72.06384, -7.92686 ], [ -72.06715, -7.92654 ] ], [ [ -72.07642, -8.24705 ], [ -72.07606, -8.2474 ], [ -72.07563, -8.24653 ], [ -72.07642, -8.24705 ] ], [ [ -72.07506, -8.24092 ], [ -72.07389, -8.24299 ], [ -72.07015, -8.23542 ], [ -72.07506, -8.24092 ] ], [ [ -72.06992, -8.20596 ], [ -72.07345, -8.21294 ], [ -72.07019, -8.21024 ], [ -72.06992, -8.20596 ] ], [ [ -72.07418, -8.20225 ], [ -72.07386, -8.20253 ], [ -72.07222, -8.19513 ], [ -72.07418, -8.20225 ] ], [ [ -72.06604, -8.18755 ], [ -72.07195, -8.19414 ], [ -72.07206, -8.19455 ], [ -72.06734, -8.19145 ], [ -72.06604, -8.18755 ] ], [ [ -72.06577, -8.18674 ], [ -72.0686, -8.1856 ], [ -72.06594, -8.18724 ], [ -72.06577, -8.18674 ] ], [ [ -72.07151, -8.15182 ], [ -72.07121, -8.15213 ], [ -72.06809, -8.14287 ], [ -72.07151, -8.15182 ] ], [ [ -72.07007, -8.11235 ], [ -72.06807, -8.1138 ], [ -72.06743, -8.11234 ], [ -72.07007, -8.11235 ] ], [ [ -72.07626, -8.10787 ], [ -72.07459, -8.10908 ], [ -72.07577, -8.10752 ], [ -72.07626, -8.10787 ] ], [ [ -72.05513, -7.96505 ], [ -72.05039, -7.96679 ], [ -72.05114, -7.96574 ], [ -72.05513, -7.96505 ] ], [ [ -72.05804, -7.96398 ], [ -72.05737, -7.96422 ], [ -72.05467, -7.96045 ], [ -72.05804, -7.96398 ] ], [ [ -72.05659, -7.95594 ], [ -72.05751, -7.95647 ], [ -72.05362, -7.95897 ], [ -72.05332, -7.95855 ], [ -72.05659, -7.95594 ] ] ] } },
{ "type": "Feature", "properties": { "cluster": 412.0, "hvi": 0.1091, "population": 430, "setores": 2, "municipio": "Tarauacá" }, "geometry": { "type": "MultiPolygon", "coordinates": [ [ [ [ -71.64144, -8.14574 ], [ -71.64362, -8.14125 ], [ -71.65418, -8.13599 ], [ -71.66131, -8.1258 ], [ -71.62234, -8.09257 ], [ -71.59644, -8.03943 ], [ -71.59525, -8.01651 ], [ -71.56768, -8.00525 ], [ -71.54023, -7.98951 ], [ -71.52827, -7.96201 ], [ -71.5173, -7.94775 ], [ -71.48163, -7.95393 ], [ -71.4856, -7.95918 ], [ -71.48398, -7.9623 ], [ -71.48951, -7.96244 ], [ -71.49284, -7.97177 ], [ -71.49594, -7.97242 ], [ -71.49421, -7.97662 ], [ -71.49906, -7.98049 ], [ -71.49684, -7.98594 ], [ -71.50127, -7.98674 ], [ -71.50414, -7.99327 ], [ -71.50852, -7.99292 ], [ -71.50788, -7.99699 ], [ -71.51243, -7.99566 ], [ -71.52657, -8.00372 ], [ -71.52867, -8.01476 ], [ -71.52506, -8.02258 ], [ -71.5298, -8.02735 ], [ -71.53222, -8.02285 ], [ -71.53334, -8.02778 ], [ -71.54345, -8.02737 ], [ -71.5447, -8.03148 ], [ -71.54879, -8.0261 ], [ -71.54927, -8.02934 ], [ -71.5567, -8.03227 ], [ -71.56173, -8.03996 ], [ -71.56559, -8.03921 ], [ -71.57399, -8.04784 ], [ -71.57021, -8.05176 ], [ -71.57896, -8.05174 ], [ -71.57795, -8.05462 ], [ -71.58146, -8.05594 ], [ -71.58805, -8.07027 ], [ -71.58582, -8.07389 ], [ -71.59106, -8.07677 ], [ -71.58972, -8.08355 ], [ -71.59461, -8.08361 ], [ -71.59353, -8.0864 ], [ -71.60037, -8.09678 ], [ -71.60454, -8.09636 ], [ -71.60389, -8.10609 ], [ -71.61081, -8.10611 ], [ -71.6126, -8.11826 ], [ -71.61658, -8.11907 ], [ -71.61549, -8.12678 ], [ -71.62019, -8.12812 ], [ -71.6223, -8.13309 ], [ -71.61889, -8.13701 ], [ -71.62179, -8.1386 ], [ -71.62022, -8.1433 ], [ -71.62488, -8.14418 ], [ -71.62079, -8.1476 ], [ -71.63527, -8.14871 ], [ -71.63849, -8.14476 ], [ -71.64144, -8.14574 ] ] ], [ [ [ -71.48163, -7.95393 ], [ -71.48438, -7.9474 ], [ -71.48187, -7.9442 ], [ -71.47773, -7.94602 ], [ -71.4782, -7.95486 ], [ -71.48163, -7.95393 ] ] ] ] } },
{ "type": "Feature", "properties": { "cluster": 413.0, "hvi": 0.153, "population": 1055, "setores": 1, "municipio": "Tarauacá" }, "geometry": { "type": "Polygon", "coordinates": [ [ [ -70.76447, -8.14231 ], [ -70.75813, -8.14824 ], [ -70.76125, -8.1548 ], [ -70.77064, -8.15462 ], [ -70.76907, -8.14678 ], [ -70.76447, -8.14231 ] ] ] } },
{ "type": "Feature", "properties": { "cluster": 414.0, "hvi": 0.1338, "population": 2743, "setores": 4, "municipio": "Tarauacá" }, "geometry": { "type": "Polygon", "coordinates": [ [ [ -70.76173, -8.15944 ], [ -70.75924, -8.15693 ], [ -70.76243, -8.1586 ], [ -70.75965, -8.15504 ], [ -70.76119, -8.15249 ], [ -70.75743, -8.14944 ], [ -70.75613, -8.14974 ], [ -70.75843, -8.14791 ], [ -70.7547, -8.14127 ], [ -70.7444, -8.14294 ], [ -70.74626, -8.15203 ], [ -70.7603, -8.16079 ], [ -70.76173, -8.15944 ] ], [ [ -70.75734, -8.15206 ], [ -70.75738, -8.15069 ], [ -70.75795, -8.15285 ], [ -70.75734, -8.15206 ] ], [ [ -70.75728, -8.15357 ], [ -70.75763, -8.15531 ], [ -70.75724, -8.15491 ], [ -70.75728, -8.15357 ] ] ] } },
{ "type": "Feature", "properties": { "cluster": 415.0, "hvi": 0.1454, "population": 1572, "setores": 2, "municipio": "Tarauacá" }, "geometry": { "type": "MultiPolygon", "coordinates": [ [ [ [ -70.76003, -8.16611 ], [ -70.76458, -8.16748 ], [ -70.7641, -8.16471 ], [ -70.76003, -8.16611 ] ] ], [ [ [ -70.76014, -8.16542 ], [ -70.7641, -8.16471 ], [ -70.76522, -8.16748 ], [ -70.76527, -8.1633 ], [ -70.76033, -8.1623 ], [ -70.76014, -8.16542 ] ] ] ] } },
{ "type": "Feature", "properties": { "cluster": 416.0, "hvi": 0.1462, "population": 1844, "setores": 2, "municipio": "Tarauacá" }, "geometry": { "type": "Polygon", "coordinates": [ [ [ -70.77975, -8.16281 ], [ -70.78239, -8.16812 ], [ -70.78498, -8.16717 ], [ -70.78483, -8.16837 ], [ -70.78721, -8.16887 ], [ -70.78745, -8.16365 ], [ -70.7839, -8.15964 ], [ -70.77434, -8.15973 ], [ -70.77428, -8.16213 ], [ -70.77975, -8.16281 ] ], [ [ -70.78534, -8.16275 ], [ -70.78553, -8.16276 ], [ -70.78544, -8.16354 ], [ -70.78534, -8.16275 ] ] ] } },
{ "type": "Feature", "properties": { "cluster": 417.0, "hvi": 0.1296, "population": 1790, "setores": 3, "municipio": "Tarauacá" }, "geometry": { "type": "MultiPolygon", "coordinates": [ [ [ [ -70.77186, -8.1649 ], [ -70.77537, -8.17102 ], [ -70.76797, -8.18021 ], [ -70.7732, -8.18688 ], [ -70.78174, -8.1857 ], [ -70.78074, -8.17932 ], [ -70.78483, -8.16837 ], [ -70.77975, -8.16281 ], [ -70.77186, -8.1649 ] ] ], [ [ [ -70.76786, -8.15835 ], [ -70.7647, -8.15954 ], [ -70.76527, -8.16342 ], [ -70.7678, -8.16331 ], [ -70.77136, -8.16529 ], [ -70.77041, -8.15832 ], [ -70.76786, -8.15835 ] ] ] ] } },
{ "type": "Feature", "properties": { "cluster": 418.0, "hvi": 0.1284, "population": 619, "setores": 1, "municipio": "Tarauacá" }, "geometry": { "type": "Polygon", "coordinates": [ [ [ -70.72434, -8.15701 ], [ -70.73345, -8.15557 ], [ -70.7364, -8.15169 ], [ -70.72862, -8.15191 ], [ -70.72434, -8.15701 ] ] ] } },
{ "type": "Feature", "properties": { "cluster": 419.0, "hvi": 0.1262, "population": 2731, "setores": 6, "municipio": "Tarauacá" }, "geometry": { "type": "Polygon", "coordinates": [ [ [ -71.18154, -8.0842 ], [ -71.19435, -8.09011 ], [ -71.19756, -8.08837 ], [ -71.1989, -8.09193 ], [ -71.20349, -8.08647 ], [ -71.20813, -8.09351 ], [ -71.23072, -8.09455 ], [ -71.23296, -8.09201 ], [ -71.24112, -8.09631 ], [ -71.24304, -8.09278 ], [ -71.25467, -8.09043 ], [ -71.2596, -8.09108 ], [ -71.26215, -8.09688 ], [ -71.26716, -8.09873 ], [ -71.26957, -8.09531 ], [ -71.28113, -8.09747 ], [ -71.28155, -8.10024 ], [ -71.28348, -8.09769 ], [ -71.29037, -8.10064 ], [ -71.30446, -8.0989 ], [ -71.31236, -8.10313 ], [ -71.32138, -8.10173 ], [ -71.32391, -8.10483 ], [ -71.33117, -8.10213 ], [ -71.34076, -8.10579 ], [ -71.34077, -8.10946 ], [ -71.34793, -8.11342 ], [ -71.35351, -8.11079 ], [ -71.36331, -8.11599 ], [ -71.3703, -8.11599 ], [ -71.37379, -8.12081 ], [ -71.38257, -8.12219 ], [ -71.38228, -8.12636 ], [ -71.38474, -8.12513 ], [ -71.38898, -8.12915 ], [ -71.398, -8.12668 ], [ -71.40246, -8.13142 ], [ -71.40149, -8.12958 ], [ -71.40514, -8.12983 ], [ -71.41212, -8.13394 ], [ -71.4127, -8.13141 ], [ -71.41761, -8.13182 ], [ -71.42314, -8.13684 ], [ -71.43258, -8.13666 ], [ -71.43637, -8.14159 ], [ -71.43641, -8.14797 ], [ -71.45091, -8.16752 ], [ -71.4567, -8.18391 ], [ -71.46232, -8.1904 ], [ -71.49358, -8.20101 ], [ -71.49663, -8.20954 ], [ -71.50623, -8.21443 ], [ -71.51223, -8.22502 ], [ -71.5134, -8.23721 ], [ -71.52023, -8.24484 ], [ -71.52052, -8.25233 ], [ -71.52486, -8.25409 ], [ -71.5288, -8.2636 ], [ -71.54781, -8.28523 ], [ -71.57505, -8.28252 ], [ -71.57933, -8.28804 ], [ -71.59712, -8.29451 ], [ -71.56824, -8.26665 ], [ -71.57463, -8.24207 ], [ -71.56656, -8.23436 ], [ -71.5664, -8.22553 ], [ -71.57294, -8.22195 ], [ -71.56929, -8.20942 ], [ -71.57118, -8.20489 ], [ -71.57615, -8.20586 ], [ -71.58344, -8.20109 ], [ -71.36338, -8.04185 ], [ -71.58261, -8.20043 ], [ -71.58986, -8.19315 ], [ -71.58793, -8.17964 ], [ -71.59759, -8.172 ], [ -71.59918, -8.1607 ], [ -71.60334, -8.1587 ], [ -71.61323, -8.1411 ], [ -71.62235, -8.1339 ], [ -71.62019, -8.12812 ], [ -71.61549, -8.12678 ], [ -71.61672, -8.11951 ], [ -71.6126, -8.11826 ], [ -71.61081, -8.10611 ], [ -71.60389, -8.10609 ], [ -71.60454, -8.09636 ], [ -71.60037, -8.09678 ], [ -71.59353, -8.0864 ], [ -71.59461, -8.08361 ], [ -71.58972, -8.08355 ], [ -71.59106, -8.07677 ], [ -71.58582, -8.07389 ], [ -71.58805, -8.07027 ], [ -71.58146, -8.05594 ], [ -71.57795, -8.05462 ], [ -71.57896, -8.05174 ], [ -71.57021, -8.05176 ], [ -71.57399, -8.04784 ], [ -71.56559, -8.03921 ], [ -71.56173, -8.03996 ], [ -71.5567, -8.03227 ], [ -71.54927, -8.02934 ], [ -71.54879, -8.0261 ], [ -71.5447, -8.03148 ], [ -71.54345, -8.02737 ], [ -71.53334, -8.02778 ], [ -71.53222, -8.02285 ], [ -71.5298, -8.02735 ], [ -71.52506, -8.02258 ], [ -71.52867, -8.01476 ], [ -71.52657, -8.00372 ], [ -71.51243, -7.99566 ], [ -71.50788, -7.99699 ], [ -71.50852, -7.99292 ], [ -71.50414, -7.99327 ], [ -71.50127, -7.98674 ], [ -71.49684, -7.98594 ], [ -71.49906, -7.98049 ], [ -71.49421, -7.97662 ], [ -71.49594, -7.97242 ], [ -71.49284, -7.97177 ], [ -71.48951, -7.96244 ], [ -71.48398, -7.9623 ], [ -71.4856, -7.95918 ], [ -71.48163, -7.95393 ], [ -71.53169, -7.94512 ], [ -71.5173, -7.94775 ], [ -71.52827, -7.96201 ], [ -71.54023, -7.98951 ], [ -71.56768, -8.00525 ], [ -71.59525, -8.01651 ], [ -71.59644, -8.03943 ], [ -71.62234, -8.09257 ], [ -71.66447, -8.12813 ], [ -71.67694, -8.12355 ], [ -71.68462, -8.12721 ], [ -71.68967, -8.1237 ], [ -71.69705, -8.12778 ], [ -71.7073, -8.12816 ], [ -71.73711, -8.15148 ], [ -71.7522, -8.15246 ], [ -71.75548, -8.14631 ], [ -71.76187, -8.14531 ], [ -71.77261, -8.13334 ], [ -71.77355, -8.12362 ], [ -71.76281, -8.11593 ], [ -71.76341, -8.10985 ], [ -71.77418, -8.10367 ], [ -71.77375, -8.09822 ], [ -71.78325, -8.09766 ], [ -71.79306, -8.08449 ], [ -71.79054, -8.07992 ], [ -71.79491, -8.07384 ], [ -71.79178, -8.06069 ], [ -71.79357, -8.05498 ], [ -71.79759, -8.05656 ], [ -71.79853, -8.06362 ], [ -71.8048, -8.07216 ], [ -71.80321, -8.07401 ], [ -71.80695, -8.07508 ], [ -71.80585, -8.07851 ], [ -71.80915, -8.0781 ], [ -71.80919, -8.08082 ], [ -71.81897, -8.08479 ], [ -71.8211, -8.08857 ], [ -71.82948, -8.08843 ], [ -71.84287, -8.09574 ], [ -71.84529, -8.09424 ], [ -71.85778, -8.10781 ], [ -71.88073, -8.11072 ], [ -71.88844, -8.12387 ], [ -71.88889, -8.13022 ], [ -71.91364, -8.149 ], [ -71.90663, -8.14086 ], [ -71.89603, -8.115 ], [ -71.90568, -8.0991 ], [ -71.88447, -8.07675 ], [ -71.88993, -7.98075 ], [ -71.84172, -7.93417 ], [ -71.79616, -7.93065 ], [ -71.77533, -7.91775 ], [ -71.77098, -7.89958 ], [ -71.77503, -7.89273 ], [ -71.75077, -7.89496 ], [ -71.75306, -7.88549 ], [ -71.6647, -7.91295 ], [ -71.65874, -7.89267 ], [ -71.69999, -7.88323 ], [ -71.80324, -7.85037 ], [ -71.80193, -7.84186 ], [ -71.79114, -7.83207 ], [ -71.7906, -7.82437 ], [ -71.77932, -7.80823 ], [ -71.7804, -7.79846 ], [ -71.7753, -7.79238 ], [ -71.77309, -7.77138 ], [ -71.74821, -7.75745 ], [ -71.73946, -7.7455 ], [ -71.71511, -7.7362 ], [ -71.70865, -7.72416 ], [ -71.69489, -7.72075 ], [ -71.69304, -7.71656 ], [ -71.68976, -7.71922 ], [ -71.68459, -7.71669 ], [ -71.68873, -7.70623 ], [ -71.68527, -7.69388 ], [ -71.6579, -7.67639 ], [ -71.64894, -7.66128 ], [ -71.38167, -7.69276 ], [ -70.91157, -7.7467 ], [ -70.91308, -7.74932 ], [ -70.91767, -7.74738 ], [ -70.9181, -7.75055 ], [ -70.92048, -7.74775 ], [ -70.92067, -7.75125 ], [ -70.92687, -7.75416 ], [ -70.9337, -7.75292 ], [ -70.9387, -7.76143 ], [ -70.94231, -7.7606 ], [ -70.94643, -7.76961 ], [ -70.95247, -7.77068 ], [ -70.95185, -7.77579 ], [ -70.96954, -7.77979 ], [ -70.9802, -7.79207 ], [ -70.99026, -7.79513 ], [ -70.99381, -7.79319 ], [ -70.99886, -7.79706 ], [ -71.0094, -7.79429 ], [ -71.0105, -7.7979 ], [ -71.01441, -7.79715 ], [ -71.01436, -7.79989 ], [ -71.01808, -7.79756 ], [ -71.01824, -7.79835 ], [ -71.01716, -7.79849 ], [ -71.01693, -7.79978 ], [ -71.02066, -7.79865 ], [ -71.02298, -7.80225 ], [ -71.03881, -7.80051 ], [ -71.0399, -7.79649 ], [ -71.04484, -7.80516 ], [ -71.05244, -7.80726 ], [ -71.05187, -7.81375 ], [ -71.05472, -7.81705 ], [ -71.05699, -7.81538 ], [ -71.0634, -7.81945 ], [ -71.06463, -7.83025 ], [ -71.06901, -7.83616 ], [ -71.0792, -7.84207 ], [ -71.08338, -7.84834 ], [ -71.09365, -7.85183 ], [ -71.09188, -7.86005 ], [ -71.09424, -7.86763 ], [ -71.09695, -7.8658 ], [ -71.10587, -7.86968 ], [ -71.11101, -7.87703 ], [ -71.12081, -7.87525 ], [ -71.12616, -7.87949 ], [ -71.1431, -7.88217 ], [ -71.16273, -7.87659 ], [ -71.17989, -7.87793 ], [ -71.21918, -7.89368 ], [ -71.21082, -7.89495 ], [ -71.20259, -7.90185 ], [ -71.19582, -7.91487 ], [ -71.18976, -7.93101 ], [ -71.19046, -7.93931 ], [ -71.17419, -7.96554 ], [ -71.17364, -7.97629 ], [ -71.17979, -7.98151 ], [ -71.17956, -7.98968 ], [ -71.16701, -8.00346 ], [ -71.16249, -8.00432 ], [ -71.15848, -8.0179 ], [ -71.14149, -8.02678 ], [ -71.14033, -8.03118 ], [ -71.13089, -8.03178 ], [ -71.12308, -8.04402 ], [ -71.11926, -8.04247 ], [ -71.12044, -8.04546 ], [ -71.11804, -8.04586 ], [ -71.12153, -8.04862 ], [ -71.12065, -8.052 ], [ -71.13119, -8.05368 ], [ -71.13934, -8.0633 ], [ -71.14466, -8.05768 ], [ -71.14641, -8.06018 ], [ -71.15502, -8.05936 ], [ -71.15989, -8.06502 ], [ -71.16756, -8.06538 ], [ -71.17065, -8.06872 ], [ -71.17493, -8.06704 ], [ -71.18005, -8.07088 ], [ -71.20067, -8.05961 ], [ -71.17987, -8.07284 ], [ -71.18565, -8.08186 ], [ -71.18154, -8.0842 ] ], [ [ -71.47819, -7.95466 ], [ -71.47773, -7.94607 ], [ -71.48187, -7.9442 ], [ -71.47954, -7.9413 ], [ -71.48444, -7.94707 ], [ -71.48163, -7.95393 ], [ -71.47819, -7.95466 ] ], [ [ -71.33692, -8.01978 ], [ -71.33501, -8.0209 ], [ -71.37819, -7.9926 ], [ -71.33692, -8.01978 ] ], [ [ -71.29014, -8.04713 ], [ -71.28959, -8.04726 ], [ -71.29128, -8.04646 ], [ -71.29014, -8.04713 ] ], [ [ -71.5883, -7.91392 ], [ -71.61176, -7.90342 ], [ -71.62305, -7.90084 ], [ -71.5883, -7.91392 ] ], [ [ -71.54988, -7.94178 ], [ -71.54951, -7.94185 ], [ -71.58714, -7.91444 ], [ -71.54988, -7.94178 ] ], [ [ -71.48735, -7.89507 ], [ -71.48426, -7.89445 ], [ -71.48766, -7.89402 ], [ -71.48735, -7.89507 ] ], [ [ -71.48816, -7.89234 ], [ -71.48783, -7.89345 ], [ -71.48361, -7.8882 ], [ -71.48816, -7.89234 ] ], [ [ -71.48325, -7.88476 ], [ -71.48832, -7.88404 ], [ -71.48311, -7.88567 ], [ -71.48325, -7.88476 ] ], [ [ -71.48455, -7.87618 ], [ -71.48554, -7.88244 ], [ -71.48328, -7.88455 ], [ -71.48455, -7.87618 ] ], [ [ -71.45466, -7.84032 ], [ -71.47165, -7.82566 ], [ -71.47083, -7.83338 ], [ -71.4714, -7.8268 ], [ -71.45466, -7.84032 ] ], [ [ -71.30147, -7.95591 ], [ -71.31524, -7.95374 ], [ -71.30701, -7.95622 ], [ -71.30147, -7.95591 ] ], [ [ -71.27886, -7.93376 ], [ -71.29583, -7.95559 ], [ -71.29456, -7.95552 ], [ -71.27886, -7.93376 ] ], [ [ -71.47175, -7.82466 ], [ -71.46796, -7.81508 ], [ -71.47187, -7.82354 ], [ -71.47175, -7.82466 ] ], [ [ -71.46653, -7.81108 ], [ -71.46639, -7.81096 ], [ -71.46661, -7.81097 ], [ -71.46653, -7.81108 ] ] ] } },
{ "type": "Feature", "properties": { "cluster": 420.0, "hvi": 0.1054, "population": 2896, "setores": 72, "municipio": "Cruzeiro do Sul" }, "geometry": { "type": "MultiPolygon", "coordinates": [ [ [ [ -72.42718, -8.7948 ], [ -72.43532, -8.82604 ], [ -72.45071, -8.84148 ], [ -72.46972, -8.84913 ], [ -72.47359, -8.85488 ], [ -72.48199, -8.85826 ], [ -72.4869, -8.85656 ], [ -72.49227, -8.84879 ], [ -72.50652, -8.84795 ], [ -72.50847, -8.85479 ], [ -72.51535, -8.8531 ], [ -72.52143, -8.85549 ], [ -72.52853, -8.85249 ], [ -72.54325, -8.85462 ], [ -72.55159, -8.84622 ], [ -72.56036, -8.84975 ], [ -72.58174, -8.84709 ], [ -72.59253, -8.8497 ], [ -72.66215, -8.80989 ], [ -72.70485, -8.77512 ], [ -72.74852, -8.74822 ], [ -72.76562, -8.72131 ], [ -72.75044, -8.71543 ], [ -72.73955, -8.70429 ], [ -72.73673, -8.68462 ], [ -72.7315, -8.67274 ], [ -72.72754, -8.67419 ], [ -72.73184, -8.67209 ], [ -72.6785, -8.61637 ], [ -72.74751, -8.55872 ], [ -72.77295, -8.51365 ], [ -72.7102, -8.51346 ], [ -72.72048, -8.50156 ], [ -72.72666, -8.50059 ], [ -72.73021, -8.49341 ], [ -72.73354, -8.49301 ], [ -72.73173, -8.49159 ], [ -72.7382, -8.48038 ], [ -72.74548, -8.47351 ], [ -72.74759, -8.46423 ], [ -72.74434, -8.44857 ], [ -72.73887, -8.44615 ], [ -72.73973, -8.4434 ], [ -72.73182, -8.43572 ], [ -72.73098, -8.42565 ], [ -72.7282, -8.42604 ], [ -72.72573, -8.4166 ], [ -72.71906, -8.41135 ], [ -72.7192, -8.40593 ], [ -72.71471, -8.40548 ], [ -72.71279, -8.39976 ], [ -72.71684, -8.39534 ], [ -72.7148, -8.3883 ], [ -72.7172, -8.38526 ], [ -72.71329, -8.3745 ], [ -72.72032, -8.36825 ], [ -72.71363, -8.36457 ], [ -72.71211, -8.35863 ], [ -72.71878, -8.34781 ], [ -72.72124, -8.35255 ], [ -72.72565, -8.35215 ], [ -72.73191, -8.3401 ], [ -72.728, -8.33656 ], [ -72.72641, -8.32105 ], [ -72.73542, -8.3098 ], [ -72.73119, -8.3075 ], [ -72.70837, -8.31001 ], [ -72.70821, -8.30599 ], [ -72.71251, -8.30416 ], [ -72.72328, -8.30679 ], [ -72.72948, -8.30354 ], [ -72.7264, -8.28886 ], [ -72.73533, -8.28131 ], [ -72.72632, -8.27253 ], [ -72.73014, -8.26997 ], [ -72.74085, -8.27114 ], [ -72.7392, -8.26373 ], [ -72.73181, -8.2688 ], [ -72.73411, -8.24683 ], [ -72.75511, -8.23784 ], [ -72.75194, -8.23369 ], [ -72.73873, -8.2347 ], [ -72.73861, -8.22943 ], [ -72.73325, -8.22825 ], [ -72.73169, -8.21801 ], [ -72.72583, -8.21259 ], [ -72.71868, -8.2149 ], [ -72.71215, -8.21296 ], [ -72.70893, -8.21563 ], [ -72.70351, -8.21264 ], [ -72.69928, -8.22199 ], [ -72.69236, -8.21861 ], [ -72.68331, -8.22453 ], [ -72.67398, -8.22316 ], [ -72.63402, -8.18517 ], [ -72.56217, -8.18844 ], [ -72.56228, -8.18613 ], [ -72.55889, -8.18842 ], [ -72.55583, -8.18602 ], [ -72.55483, -8.19029 ], [ -72.54372, -8.19492 ], [ -72.54268, -8.19866 ], [ -72.54696, -8.19998 ], [ -72.54512, -8.20305 ], [ -72.53538, -8.21019 ], [ -72.52906, -8.21098 ], [ -72.52748, -8.21616 ], [ -72.51792, -8.21732 ], [ -72.51812, -8.24923 ], [ -72.51653, -8.22327 ], [ -72.51212, -8.22378 ], [ -72.50685, -8.23313 ], [ -72.47535, -8.23625 ], [ -72.46123, -8.23151 ], [ -72.4561, -8.2362 ], [ -72.44837, -8.23666 ], [ -72.44897, -8.23999 ], [ -72.43278, -8.24064 ], [ -72.41798, -8.25366 ], [ -72.39574, -8.25441 ], [ -72.38741, -8.24911 ], [ -72.39746, -8.12706 ], [ -72.39723, -8.11647 ], [ -72.39313, -8.11467 ], [ -72.39139, -8.10763 ], [ -72.39408, -8.10376 ], [ -72.39242, -8.09896 ], [ -72.4015, -8.08796 ], [ -72.39569, -8.07712 ], [ -72.39736, -8.06035 ], [ -72.37142, -8.06039 ], [ -72.33949, -8.05543 ], [ -72.28494, -8.06947 ], [ -72.28083, -8.05065 ], [ -72.27671, -8.04554 ], [ -72.28231, -8.03752 ], [ -72.28019, -8.03508 ], [ -72.28292, -8.02563 ], [ -72.29646, -8.01167 ], [ -72.29407, -7.99838 ], [ -72.28519, -7.98864 ], [ -72.28706, -7.98252 ], [ -72.28389, -7.96988 ], [ -72.28414, -7.95209 ], [ -72.28984, -7.94734 ], [ -72.29591, -7.9486 ], [ -72.29008, -7.94619 ], [ -72.28875, -7.93844 ], [ -72.27066, -7.90757 ], [ -72.27273, -7.89573 ], [ -72.2666, -7.89085 ], [ -72.26658, -7.88346 ], [ -72.25933, -7.88146 ], [ -72.26021, -7.89076 ], [ -72.2535, -7.90973 ], [ -72.23675, -7.917 ], [ -72.23024, -7.91249 ], [ -72.20727, -7.93072 ], [ -72.19628, -7.92712 ], [ -72.18981, -7.91995 ], [ -72.18479, -7.92026 ], [ -72.16752, -7.94117 ], [ -72.18268, -7.94662 ], [ -72.2003, -7.96161 ], [ -72.20452, -7.96944 ], [ -72.21613, -7.97607 ], [ -72.21959, -7.9951 ], [ -72.2253, -8.00525 ], [ -72.22569, -8.02036 ], [ -72.24733, -8.03654 ], [ -72.26146, -8.05825 ], [ -72.26158, -8.06543 ], [ -72.25768, -8.07145 ], [ -72.2663, -8.26057 ], [ -72.22563, -8.28089 ], [ -72.18381, -8.29683 ], [ -72.17068, -8.29698 ], [ -72.16585, -8.3 ], [ -72.15464, -8.2972 ], [ -72.13912, -8.31017 ], [ -72.11468, -8.31527 ], [ -72.10897, -8.32589 ], [ -72.11399, -8.31615 ], [ -72.10808, -8.31353 ], [ -72.10708, -8.31824 ], [ -72.10959, -8.31783 ], [ -72.10729, -8.31965 ], [ -72.10112, -8.31666 ], [ -72.09887, -8.30887 ], [ -72.09233, -8.30907 ], [ -72.09734, -8.30614 ], [ -72.09153, -8.29961 ], [ -72.08812, -8.30165 ], [ -72.08803, -8.29603 ], [ -72.08206, -8.298 ], [ -72.08177, -8.29369 ], [ -72.072, -8.29089 ], [ -72.07744, -8.26951 ], [ -72.0705, -8.26397 ], [ -72.06628, -8.25491 ], [ -72.05851, -8.26431 ], [ -72.04622, -8.26937 ], [ -72.03393, -8.28618 ], [ -72.02995, -8.28726 ], [ -72.02507, -8.29919 ], [ -72.02868, -8.30335 ], [ -72.03429, -8.32667 ], [ -72.0285, -8.33372 ], [ -72.02615, -8.35287 ], [ -72.02164, -8.36318 ], [ -72.01838, -8.36155 ], [ -72.01079, -8.36661 ], [ -72.00465, -8.3789 ], [ -71.99434, -8.38215 ], [ -71.97844, -8.37456 ], [ -71.96777, -8.36462 ], [ -71.95997, -8.36533 ], [ -71.95936, -8.35779 ], [ -71.86696, -8.23199 ], [ -71.87832, -8.22976 ], [ -71.89307, -8.23259 ], [ -71.89894, -8.23002 ], [ -71.91035, -8.21642 ], [ -71.93679, -8.16733 ], [ -71.88889, -8.13022 ], [ -71.88844, -8.12387 ], [ -71.88073, -8.11072 ], [ -71.85778, -8.10781 ], [ -71.84529, -8.09424 ], [ -71.84287, -8.09574 ], [ -71.83925, -8.09204 ], [ -71.81286, -8.08395 ], [ -71.80915, -8.0781 ], [ -71.80573, -8.07839 ], [ -71.80695, -8.07508 ], [ -71.80321, -8.07401 ], [ -71.80072, -8.06394 ], [ -71.79331, -8.0668 ], [ -71.79463, -8.07544 ], [ -71.79054, -8.07992 ], [ -71.79316, -8.08421 ], [ -71.78725, -8.0937 ], [ -71.78325, -8.09766 ], [ -71.77375, -8.09822 ], [ -71.77418, -8.10367 ], [ -71.76571, -8.10661 ], [ -71.76265, -8.11495 ], [ -71.77355, -8.12362 ], [ -71.77128, -8.13411 ], [ -71.76187, -8.14531 ], [ -71.75548, -8.14631 ], [ -71.7522, -8.15246 ], [ -71.74039, -8.1522 ], [ -71.70892, -8.12867 ], [ -71.69705, -8.12778 ], [ -71.68967, -8.1237 ], [ -71.68521, -8.12726 ], [ -71.67694, -8.12355 ], [ -71.67273, -8.12711 ], [ -71.66131, -8.1258 ], [ -71.65418, -8.13599 ], [ -71.63327, -8.14841 ], [ -71.62419, -8.14792 ], [ -71.62445, -8.14909 ], [ -71.62075, -8.14732 ], [ -71.62475, -8.14367 ], [ -71.62055, -8.14376 ], [ -71.62188, -8.13976 ], [ -71.61323, -8.1411 ], [ -71.60334, -8.1587 ], [ -71.59871, -8.1615 ], [ -71.59759, -8.172 ], [ -71.58793, -8.17964 ], [ -71.58986, -8.19315 ], [ -71.58467, -8.19605 ], [ -71.58326, -8.20218 ], [ -71.57615, -8.20586 ], [ -71.57118, -8.20489 ], [ -71.56929, -8.20942 ], [ -71.57294, -8.22195 ], [ -71.5664, -8.22553 ], [ -71.56656, -8.23436 ], [ -71.57463, -8.24207 ], [ -71.56856, -8.26781 ], [ -71.59776, -8.29483 ], [ -71.62646, -8.27437 ], [ -71.53607, -8.33977 ], [ -71.52087, -8.38943 ], [ -71.52479, -8.37633 ], [ -71.51557, -8.37256 ], [ -71.47563, -8.33285 ], [ -71.47603, -8.32475 ], [ -71.44987, -8.31109 ], [ -71.44705, -8.31178 ], [ -71.44561, -8.31881 ], [ -71.44065, -8.32091 ], [ -71.42899, -8.31453 ], [ -71.41214, -8.32873 ], [ -71.40256, -8.32256 ], [ -71.3828, -8.29696 ], [ -71.35342, -8.2891 ], [ -71.34246, -8.28095 ], [ -71.31347, -8.28472 ], [ -71.3065, -8.27993 ], [ -71.30229, -8.28171 ], [ -71.29949, -8.27799 ], [ -71.28819, -8.27989 ], [ -71.28392, -8.27677 ], [ -71.27947, -8.27821 ], [ -71.28223, -8.28292 ], [ -71.27832, -8.28892 ], [ -71.26786, -8.2888 ], [ -71.25971, -8.28278 ], [ -71.25572, -8.2842 ], [ -71.25499, -8.27532 ], [ -71.25055, -8.27361 ], [ -71.24245, -8.27761 ], [ -71.23561, -8.27163 ], [ -71.23246, -8.27314 ], [ -71.23025, -8.28461 ], [ -71.22664, -8.28592 ], [ -71.22606, -8.29809 ], [ -71.21926, -8.30199 ], [ -71.21752, -8.30902 ], [ -71.20847, -8.31468 ], [ -71.19793, -8.31226 ], [ -71.19388, -8.31567 ], [ -71.18806, -8.31533 ], [ -71.1869, -8.31831 ], [ -71.20002, -8.32361 ], [ -71.20599, -8.33119 ], [ -71.20253, -8.34037 ], [ -71.19811, -8.34605 ], [ -71.19782, -8.35754 ], [ -71.20081, -8.36 ], [ -71.21112, -8.35839 ], [ -71.21467, -8.35165 ], [ -71.21023, -8.36014 ], [ -71.2165, -8.36879 ], [ -71.22077, -8.36522 ], [ -71.22286, -8.35733 ], [ -71.21949, -8.35389 ], [ -71.22186, -8.34973 ], [ -71.22619, -8.35287 ], [ -71.22972, -8.37182 ], [ -71.23899, -8.37933 ], [ -71.24882, -8.37776 ], [ -71.25039, -8.37161 ], [ -71.25877, -8.37449 ], [ -71.26283, -8.37205 ], [ -71.27911, -8.36966 ], [ -71.27858, -8.37683 ], [ -71.28562, -8.37872 ], [ -71.28707, -8.384 ], [ -71.28086, -8.3831 ], [ -71.27969, -8.38913 ], [ -71.27452, -8.39183 ], [ -71.27885, -8.40233 ], [ -71.2818, -8.40285 ], [ -71.2827, -8.39583 ], [ -71.28719, -8.39553 ], [ -71.29879, -8.39104 ], [ -71.30137, -8.3926 ], [ -71.29712, -8.39646 ], [ -71.29737, -8.41264 ], [ -71.30068, -8.41625 ], [ -71.30997, -8.4172 ], [ -71.31331, -8.42294 ], [ -71.31599, -8.42284 ], [ -71.31419, -8.43122 ], [ -71.31666, -8.43803 ], [ -71.32743, -8.44199 ], [ -71.32574, -8.42917 ], [ -71.3321, -8.44643 ], [ -71.34173, -8.43837 ], [ -71.35007, -8.44898 ], [ -71.34828, -8.44252 ], [ -71.35076, -8.43846 ], [ -71.3507, -8.4404 ], [ -71.35649, -8.44603 ], [ -71.35581, -8.44702 ], [ -71.35799, -8.45052 ], [ -71.36623, -8.4512 ], [ -71.36633, -8.4465 ], [ -71.36058, -8.44226 ], [ -71.35661, -8.43185 ], [ -71.36075, -8.44107 ], [ -71.3645, -8.43816 ], [ -71.36427, -8.43927 ], [ -71.3774, -8.43665 ], [ -71.38341, -8.43903 ], [ -71.37955, -8.44269 ], [ -71.38368, -8.44977 ], [ -71.38064, -8.45631 ], [ -71.3773, -8.45434 ], [ -71.36979, -8.45816 ], [ -71.37009, -8.4644 ], [ -71.37825, -8.46856 ], [ -71.38045, -8.46022 ], [ -71.38681, -8.46327 ], [ -71.39045, -8.4566 ], [ -71.39465, -8.45635 ], [ -71.3979, -8.46014 ], [ -71.40004, -8.4572 ], [ -71.40352, -8.45873 ], [ -71.40435, -8.45321 ], [ -71.40619, -8.45356 ], [ -71.40578, -8.45031 ], [ -71.41069, -8.45125 ], [ -71.41121, -8.44773 ], [ -71.41822, -8.44368 ], [ -71.42469, -8.44556 ], [ -71.43081, -8.44434 ], [ -71.42994, -8.4418 ], [ -71.43682, -8.44339 ], [ -71.43738, -8.4462 ], [ -71.44459, -8.44597 ], [ -71.44909, -8.44954 ], [ -71.44845, -8.45255 ], [ -71.45362, -8.45461 ], [ -71.45635, -8.45229 ], [ -71.45686, -8.45718 ], [ -71.45993, -8.45749 ], [ -71.46405, -8.45425 ], [ -71.47171, -8.45416 ], [ -71.48008, -8.44499 ], [ -71.4968, -8.44589 ], [ -71.53758, -8.43932 ], [ -71.54659, -8.41663 ], [ -71.53422, -8.41326 ], [ -71.56028, -8.42012 ], [ -71.57396, -8.4301 ], [ -71.57836, -8.44061 ], [ -71.59725, -8.45345 ], [ -71.61919, -8.47851 ], [ -71.62349, -8.4921 ], [ -71.6363, -8.49201 ], [ -71.65237, -8.51557 ], [ -71.67424, -8.51885 ], [ -71.67312, -8.53078 ], [ -71.6833, -8.53927 ], [ -71.72358, -8.55482 ], [ -71.74162, -8.56771 ], [ -71.74825, -8.57661 ], [ -71.76246, -8.57737 ], [ -71.77004, -8.58416 ], [ -71.78447, -8.57836 ], [ -71.83055, -8.60569 ], [ -71.841, -8.61491 ], [ -71.81054, -8.64438 ], [ -71.79878, -8.64426 ], [ -71.78843, -8.65993 ], [ -71.77993, -8.66216 ], [ -71.77743, -8.6701 ], [ -71.77358, -8.6715 ], [ -71.77717, -8.67613 ], [ -71.78671, -8.67615 ], [ -71.79015, -8.67087 ], [ -71.79339, -8.6721 ], [ -71.80354, -8.66457 ], [ -71.80633, -8.66771 ], [ -71.81077, -8.6637 ], [ -71.81379, -8.66688 ], [ -71.83208, -8.66264 ], [ -71.84032, -8.66576 ], [ -71.85253, -8.66073 ], [ -71.8569, -8.6556 ], [ -71.87591, -8.65664 ], [ -71.88398, -8.65275 ], [ -71.90317, -8.65566 ], [ -71.91408, -8.66623 ], [ -71.91226, -8.67551 ], [ -71.92031, -8.67699 ], [ -71.92864, -8.70202 ], [ -71.94102, -8.71521 ], [ -71.93459, -8.73771 ], [ -71.93153, -8.74157 ], [ -71.92124, -8.74093 ], [ -71.91417, -8.74591 ], [ -71.91208, -8.75957 ], [ -71.9034, -8.75507 ], [ -71.89038, -8.75861 ], [ -71.89231, -8.77276 ], [ -71.89649, -8.77886 ], [ -71.88788, -8.80981 ], [ -71.89146, -8.81187 ], [ -71.896, -8.80971 ], [ -71.89818, -8.80267 ], [ -71.89964, -8.80659 ], [ -71.90944, -8.80647 ], [ -71.90922, -8.7976 ], [ -71.91591, -8.79864 ], [ -71.91417, -8.79511 ], [ -71.91942, -8.78732 ], [ -71.92684, -8.79352 ], [ -71.92802, -8.78957 ], [ -71.93213, -8.79049 ], [ -71.93584, -8.78563 ], [ -71.93703, -8.78802 ], [ -71.94299, -8.78488 ], [ -71.94768, -8.78751 ], [ -71.94921, -8.78314 ], [ -71.95592, -8.78561 ], [ -71.95847, -8.78216 ], [ -71.96411, -8.78325 ], [ -71.96373, -8.78011 ], [ -71.9682, -8.77745 ], [ -71.98074, -8.78501 ], [ -71.98256, -8.78279 ], [ -71.9898, -8.79298 ], [ -71.98878, -8.79644 ], [ -71.99337, -8.7987 ], [ -71.99593, -8.79614 ], [ -71.99955, -8.79996 ], [ -72.00253, -8.79802 ], [ -72.0035, -8.80194 ], [ -72.01085, -8.80054 ], [ -72.01865, -8.80522 ], [ -72.03347, -8.81942 ], [ -72.03422, -8.82412 ], [ -72.03972, -8.82552 ], [ -72.04331, -8.83182 ], [ -72.05054, -8.83331 ], [ -72.04991, -8.83646 ], [ -72.05429, -8.83921 ], [ -72.06929, -8.8396 ], [ -72.07791, -8.84716 ], [ -72.08092, -8.85437 ], [ -72.0779, -8.86813 ], [ -72.12484, -8.82853 ], [ -72.14398, -8.71181 ], [ -72.21398, -8.70082 ], [ -72.23019, -8.59693 ], [ -72.20129, -8.5519 ], [ -72.20728, -8.54412 ], [ -72.22288, -8.58245 ], [ -72.26348, -8.58227 ], [ -72.29733, -8.58625 ], [ -72.3895, -8.55616 ], [ -72.39178, -8.54807 ], [ -72.39745, -8.54738 ], [ -72.41204, -8.53528 ], [ -72.41113, -8.52486 ], [ -72.41415, -8.5187 ], [ -72.44313, -8.50224 ], [ -72.45294, -8.49934 ], [ -72.45509, -8.49496 ], [ -72.45834, -8.49508 ], [ -72.45439, -8.49663 ], [ -72.45614, -8.49968 ], [ -72.45983, -8.49991 ], [ -72.4739, -8.49041 ], [ -72.47769, -8.49405 ], [ -72.48209, -8.48814 ], [ -72.49134, -8.48805 ], [ -72.49464, -8.48196 ], [ -72.49293, -8.47817 ], [ -72.49557, -8.47794 ], [ -72.49363, -8.47612 ], [ -72.49739, -8.47593 ], [ -72.49643, -8.47276 ], [ -72.50157, -8.47351 ], [ -72.50081, -8.47178 ], [ -72.50619, -8.47152 ], [ -72.50678, -8.469 ], [ -72.49809, -8.46815 ], [ -72.51078, -8.46665 ], [ -72.51096, -8.46039 ], [ -72.4991, -8.45936 ], [ -72.51645, -8.46061 ], [ -72.5192, -8.45898 ], [ -72.51896, -8.45392 ], [ -72.52661, -8.45316 ], [ -72.51826, -8.4483 ], [ -72.52641, -8.45089 ], [ -72.53087, -8.44744 ], [ -72.53618, -8.45068 ], [ -72.54117, -8.44409 ], [ -72.5382, -8.44222 ], [ -72.54019, -8.43959 ], [ -72.53189, -8.43461 ], [ -72.5382, -8.43833 ], [ -72.54422, -8.43124 ], [ -72.55096, -8.42768 ], [ -72.55461, -8.42918 ], [ -72.556, -8.4253 ], [ -72.56091, -8.42609 ], [ -72.55877, -8.42413 ], [ -72.56301, -8.42305 ], [ -72.56411, -8.41796 ], [ -72.5727, -8.41632 ], [ -72.56805, -8.40915 ], [ -72.57621, -8.40457 ], [ -72.57884, -8.40857 ], [ -72.58615, -8.4002 ], [ -72.59004, -8.40135 ], [ -72.59604, -8.3856 ], [ -72.59953, -8.38337 ], [ -72.60346, -8.38574 ], [ -72.60429, -8.38149 ], [ -72.60632, -8.3838 ], [ -72.61123, -8.38075 ], [ -72.61472, -8.38366 ], [ -72.61271, -8.3894 ], [ -72.61839, -8.40494 ], [ -72.61688, -8.41442 ], [ -72.60683, -8.42598 ], [ -72.59356, -8.43261 ], [ -72.5875, -8.45669 ], [ -72.5729, -8.47052 ], [ -72.5674, -8.48379 ], [ -72.55432, -8.4927 ], [ -72.56911, -8.52644 ], [ -72.58769, -8.538 ], [ -72.60141, -8.55469 ], [ -72.59732, -8.55472 ], [ -72.59976, -8.55967 ], [ -72.59745, -8.56478 ], [ -72.5902, -8.57107 ], [ -72.5805, -8.5893 ], [ -72.56421, -8.62722 ], [ -72.55669, -8.66444 ], [ -72.54562, -8.66809 ], [ -72.5163, -8.68187 ], [ -72.50418, -8.70293 ], [ -72.49447, -8.71002 ], [ -72.47593, -8.73556 ], [ -72.46221, -8.76304 ], [ -72.46755, -8.76293 ], [ -72.46463, -8.76425 ], [ -72.44604, -8.75502 ], [ -72.43798, -8.76295 ], [ -72.41603, -8.75017 ], [ -72.39704, -8.75386 ], [ -72.3889, -8.76608 ], [ -72.37724, -8.76653 ], [ -72.37695, -8.77419 ], [ -72.36987, -8.78063 ], [ -72.35631, -8.78034 ], [ -72.35628, -8.78568 ], [ -72.36188, -8.78965 ], [ -72.37751, -8.78956 ], [ -72.39418, -8.7831 ], [ -72.42312, -8.78917 ], [ -72.42718, -8.7948 ] ], [ [ -71.31658, -8.42282 ], [ -71.31937, -8.42271 ], [ -71.32574, -8.42917 ], [ -71.31658, -8.42282 ] ], [ [ -72.28362, -8.20987 ], [ -72.29035, -8.20455 ], [ -72.29058, -8.20467 ], [ -72.28362, -8.20987 ] ], [ [ -71.92632, -8.44224 ], [ -71.92399, -8.44299 ], [ -71.9256, -8.44198 ], [ -71.92632, -8.44224 ] ], [ [ -71.92678, -8.44241 ], [ -71.92568, -8.44542 ], [ -71.92641, -8.44227 ], [ -71.92678, -8.44241 ] ], [ [ -71.92019, -8.46045 ], [ -71.9198, -8.46051 ], [ -71.92056, -8.45945 ], [ -71.92019, -8.46045 ] ], [ [ -71.90855, -8.46987 ], [ -71.91353, -8.46172 ], [ -71.91375, -8.4617 ], [ -71.90855, -8.46987 ] ], [ [ -71.89773, -8.48042 ], [ -71.89736, -8.48044 ], [ -71.90005, -8.47819 ], [ -71.89773, -8.48042 ] ], [ [ -71.8798, -8.47858 ], [ -71.87962, -8.47848 ], [ -71.88266, -8.47421 ], [ -71.8798, -8.47858 ] ], [ [ -71.82984, -8.46027 ], [ -71.82819, -8.4592 ], [ -71.83384, -8.4586 ], [ -71.82984, -8.46027 ] ], [ [ -71.82245, -8.45932 ], [ -71.8227, -8.45875 ], [ -71.82282, -8.45918 ], [ -71.82245, -8.45932 ] ], [ [ -71.82008, -8.45527 ], [ -71.82145, -8.45428 ], [ -71.82209, -8.45657 ], [ -71.82008, -8.45527 ] ], [ [ -71.81624, -8.46168 ], [ -71.81538, -8.45864 ], [ -71.81798, -8.45677 ], [ -71.81624, -8.46168 ] ], [ [ -71.80366, -8.4462 ], [ -71.8074, -8.44723 ], [ -71.80675, -8.44861 ], [ -71.80366, -8.4462 ] ], [ [ -71.79735, -8.44129 ], [ -71.80066, -8.44205 ], [ -71.80048, -8.44373 ], [ -71.79735, -8.44129 ] ], [ [ -71.79324, -8.43168 ], [ -71.80007, -8.43984 ], [ -71.80001, -8.43987 ], [ -71.79324, -8.43168 ] ], [ [ -71.78122, -8.4096 ], [ -71.78157, -8.40949 ], [ -71.77982, -8.41223 ], [ -71.78122, -8.4096 ] ], [ [ -71.7726, -8.40325 ], [ -71.773, -8.40134 ], [ -71.77802, -8.41067 ], [ -71.7726, -8.40325 ] ], [ [ -71.76875, -8.39788 ], [ -71.77105, -8.39771 ], [ -71.77135, -8.39828 ], [ -71.76875, -8.39788 ] ], [ [ -71.7711, -8.39151 ], [ -71.7732, -8.39367 ], [ -71.77318, -8.39367 ], [ -71.7711, -8.39151 ] ], [ [ -71.76981, -8.38747 ], [ -71.77245, -8.38919 ], [ -71.76708, -8.38819 ], [ -71.77621, -8.38544 ], [ -71.76981, -8.38747 ] ], [ [ -71.74761, -8.38837 ], [ -71.74747, -8.38768 ], [ -71.76638, -8.38536 ], [ -71.74761, -8.38837 ] ], [ [ -71.74665, -8.38358 ], [ -71.73658, -8.3769 ], [ -71.74131, -8.37646 ], [ -71.73973, -8.37277 ], [ -71.74298, -8.37356 ], [ -71.74065, -8.37919 ], [ -71.7462, -8.38236 ], [ -71.74869, -8.37494 ], [ -71.74682, -8.3844 ], [ -71.74665, -8.38358 ] ], [ [ -71.72742, -8.36889 ], [ -71.73442, -8.36323 ], [ -71.73545, -8.36581 ], [ -71.72742, -8.36889 ] ], [ [ -71.73662, -8.35966 ], [ -71.73424, -8.36211 ], [ -71.72993, -8.36246 ], [ -71.73662, -8.35966 ] ], [ [ -71.73366, -8.35849 ], [ -71.73424, -8.35776 ], [ -71.73756, -8.35869 ], [ -71.73715, -8.35911 ], [ -71.73366, -8.35849 ] ], [ [ -71.73698, -8.35434 ], [ -71.73832, -8.35407 ], [ -71.73537, -8.35635 ], [ -71.73698, -8.35434 ] ], [ [ -71.7381, -8.35293 ], [ -71.73973, -8.35297 ], [ -71.73894, -8.35359 ], [ -71.7381, -8.35293 ] ], [ [ -71.73087, -8.34205 ], [ -71.73079, -8.34131 ], [ -71.73475, -8.34331 ], [ -71.73087, -8.34205 ] ], [ [ -71.72347, -8.34835 ], [ -71.72347, -8.34761 ], [ -71.72908, -8.35056 ], [ -71.72347, -8.34835 ] ], [ [ -71.72347, -8.33843 ], [ -71.72812, -8.3452 ], [ -71.72542, -8.34334 ], [ -71.72347, -8.34508 ], [ -71.72347, -8.33843 ] ], [ [ -71.71688, -8.33303 ], [ -71.71717, -8.33286 ], [ -71.71744, -8.33349 ], [ -71.71688, -8.33303 ] ], [ [ -71.71232, -8.32929 ], [ -71.71539, -8.33044 ], [ -71.71527, -8.33171 ], [ -71.71232, -8.32929 ] ], [ [ -71.70767, -8.3277 ], [ -71.70771, -8.32755 ], [ -71.70791, -8.32763 ], [ -71.70767, -8.3277 ] ], [ [ -71.69743, -8.31928 ], [ -71.69571, -8.31996 ], [ -71.69653, -8.31795 ], [ -71.69743, -8.31928 ] ], [ [ -71.69142, -8.32244 ], [ -71.68571, -8.32145 ], [ -71.69318, -8.32151 ], [ -71.69142, -8.32244 ] ], [ [ -71.67873, -8.31649 ], [ -71.68169, -8.31685 ], [ -71.68571, -8.32145 ], [ -71.67873, -8.31649 ] ], [ [ -71.67096, -8.31449 ], [ -71.67419, -8.29904 ], [ -71.67182, -8.31066 ], [ -71.67272, -8.31421 ], [ -71.67096, -8.31449 ] ], [ [ -71.66741, -8.29511 ], [ -71.66755, -8.2946 ], [ -71.66927, -8.29447 ], [ -71.66926, -8.29457 ], [ -71.66741, -8.29511 ] ], [ [ -71.66557, -8.29565 ], [ -71.66608, -8.29467 ], [ -71.66654, -8.29536 ], [ -71.66557, -8.29565 ] ], [ [ -71.66972, -8.28771 ], [ -71.66927, -8.29439 ], [ -71.66762, -8.29173 ], [ -71.66972, -8.28771 ] ], [ [ -71.66625, -8.28071 ], [ -71.66577, -8.27683 ], [ -71.66694, -8.27771 ], [ -71.66625, -8.28071 ] ], [ [ -71.66344, -8.27505 ], [ -71.6654, -8.27655 ], [ -71.66455, -8.2773 ], [ -71.66344, -8.27505 ] ], [ [ -71.64486, -8.27117 ], [ -71.66046, -8.2728 ], [ -71.66125, -8.2734 ], [ -71.64486, -8.27117 ] ], [ [ -72.70317, -8.51344 ], [ -72.69893, -8.5171 ], [ -72.69908, -8.51654 ], [ -72.70317, -8.51344 ] ], [ [ -72.69596, -8.52837 ], [ -72.67806, -8.53465 ], [ -72.68162, -8.53221 ], [ -72.69596, -8.52837 ] ], [ [ -72.65608, -8.54972 ], [ -72.6773, -8.53517 ], [ -72.67734, -8.53551 ], [ -72.65608, -8.54972 ] ], [ [ -72.60935, -8.55982 ], [ -72.60959, -8.55503 ], [ -72.61012, -8.55506 ], [ -72.60935, -8.55982 ] ], [ [ -72.67842, -8.61629 ], [ -72.67583, -8.60615 ], [ -72.67847, -8.61633 ], [ -72.67842, -8.61629 ] ], [ [ -72.65247, -8.75883 ], [ -72.66171, -8.75791 ], [ -72.66175, -8.75809 ], [ -72.65247, -8.75883 ] ], [ [ -72.63376, -8.7691 ], [ -72.634, -8.76912 ], [ -72.63127, -8.77487 ], [ -72.63376, -8.7691 ] ], [ [ -72.6248, -8.77452 ], [ -72.62411, -8.77334 ], [ -72.63127, -8.77487 ], [ -72.6248, -8.77452 ] ], [ [ -72.6123, -8.77081 ], [ -72.61966, -8.77238 ], [ -72.6151, -8.77336 ], [ -72.6123, -8.77081 ] ], [ [ -72.47383, -8.7628 ], [ -72.474, -8.76304 ], [ -72.47343, -8.76281 ], [ -72.47383, -8.7628 ] ], [ [ -72.22878, -8.50216 ], [ -72.2316, -8.41026 ], [ -72.22833, -8.5168 ], [ -72.22878, -8.50216 ] ], [ [ -72.43984, -8.49545 ], [ -72.43529, -8.49641 ], [ -72.43953, -8.49481 ], [ -72.43984, -8.49545 ] ], [ [ -72.72827, -8.2667 ], [ -72.72818, -8.26693 ], [ -72.72768, -8.26671 ], [ -72.72827, -8.2667 ] ], [ [ -72.72228, -8.26681 ], [ -72.72346, -8.26678 ], [ -72.72261, -8.26845 ], [ -72.72228, -8.26681 ] ], [ [ -72.72078, -8.26931 ], [ -72.72185, -8.26995 ], [ -72.7185, -8.27651 ], [ -72.72078, -8.26931 ] ], [ [ -72.69873, -8.28238 ], [ -72.69918, -8.27803 ], [ -72.6989, -8.28239 ], [ -72.69873, -8.28238 ] ], [ [ -72.69803, -8.28037 ], [ -72.69872, -8.28238 ], [ -72.69549, -8.28231 ], [ -72.69803, -8.28037 ] ], [ [ -72.61417, -8.37533 ], [ -72.61208, -8.37918 ], [ -72.61248, -8.37315 ], [ -72.61417, -8.37533 ] ], [ [ -72.47518, -8.28579 ], [ -72.49186, -8.27907 ], [ -72.47989, -8.28554 ], [ -72.47518, -8.28579 ] ], [ [ -72.11889, -8.77941 ], [ -72.11574, -8.78025 ], [ -72.11522, -8.77831 ], [ -72.11889, -8.77941 ] ], [ [ -71.99617, -8.66644 ], [ -71.98789, -8.66824 ], [ -72.00072, -8.66546 ], [ -71.99617, -8.66644 ] ], [ [ -72.00741, -8.58492 ], [ -72.00619, -8.56611 ], [ -72.00697, -8.57819 ], [ -72.00741, -8.58492 ] ], [ [ -71.77275, -8.38938 ], [ -71.77365, -8.38997 ], [ -71.77027, -8.3901 ], [ -71.77275, -8.38938 ] ], [ [ -71.62401, -8.32656 ], [ -71.62687, -8.32723 ], [ -71.62523, -8.32829 ], [ -71.62401, -8.32656 ] ], [ [ -71.62069, -8.32185 ], [ -71.62314, -8.31747 ], [ -71.62185, -8.3235 ], [ -71.62069, -8.32185 ] ], [ [ -71.62988, -8.31782 ], [ -71.63029, -8.3188 ], [ -71.62314, -8.31747 ], [ -71.62988, -8.31782 ] ], [ [ -71.71997, -8.24677 ], [ -71.71923, -8.24253 ], [ -71.72158, -8.24782 ], [ -71.79388, -8.18094 ], [ -71.72193, -8.24883 ], [ -71.71997, -8.24677 ] ], [ [ -71.91263, -8.44664 ], [ -71.91256, -8.44661 ], [ -71.91285, -8.44657 ], [ -71.91263, -8.44664 ] ], [ [ -71.90759, -8.44392 ], [ -71.90772, -8.44374 ], [ -71.90965, -8.44503 ], [ -71.90759, -8.44392 ] ], [ [ -71.76517, -8.33141 ], [ -71.77587, -8.32866 ], [ -71.7775, -8.32947 ], [ -71.76517, -8.33141 ] ], [ [ -71.7526, -8.32465 ], [ -71.74979, -8.31098 ], [ -71.75351, -8.32514 ], [ -71.7526, -8.32465 ] ], [ [ -71.68427, -8.23376 ], [ -71.68445, -8.23544 ], [ -71.67634, -8.23557 ], [ -71.68427, -8.23376 ] ], [ [ -71.67586, -8.22308 ], [ -71.66907, -8.22403 ], [ -71.66884, -8.22335 ], [ -71.67586, -8.22308 ] ], [ [ -71.62529, -8.15277 ], [ -71.62481, -8.15239 ], [ -71.62505, -8.15174 ], [ -71.62529, -8.15277 ] ], [ [ -71.64252, -8.18701 ], [ -71.64146, -8.18707 ], [ -71.62509, -8.17622 ], [ -71.64252, -8.18701 ] ], [ [ -71.62528, -8.17375 ], [ -71.62665, -8.17347 ], [ -71.62509, -8.17622 ], [ -71.62528, -8.17375 ] ], [ [ -71.65228, -8.18311 ], [ -71.643, -8.17016 ], [ -71.65308, -8.18193 ], [ -71.65228, -8.18311 ] ], [ [ -71.64651, -8.18678 ], [ -71.65099, -8.18503 ], [ -71.64993, -8.18659 ], [ -71.64651, -8.18678 ] ], [ [ -71.66284, -8.20054 ], [ -71.66412, -8.20033 ], [ -71.66444, -8.20119 ], [ -71.66284, -8.20054 ] ], [ [ -71.66493, -8.20252 ], [ -71.66557, -8.20427 ], [ -71.66279, -8.20468 ], [ -71.66493, -8.20252 ] ], [ [ -71.40481, -8.45013 ], [ -71.40543, -8.45025 ], [ -71.40467, -8.45105 ], [ -71.40481, -8.45013 ] ], [ [ -71.35266, -8.43533 ], [ -71.35432, -8.43724 ], [ -71.35194, -8.43652 ], [ -71.35266, -8.43533 ] ] ], [ [ [ -72.56805, -8.40915 ], [ -72.5708, -8.41216 ], [ -72.57884, -8.40857 ], [ -72.5762, -8.40467 ], [ -72.56805, -8.40915 ] ] ], [ [ [ -71.79174, -8.05913 ], [ -71.79446, -8.06528 ], [ -71.79945, -8.06432 ], [ -71.79357, -8.05498 ], [ -71.79174, -8.05913 ] ] ], [ [ [ -71.25319, -8.37998 ], [ -71.25837, -8.38036 ], [ -71.25877, -8.37449 ], [ -71.25254, -8.37274 ], [ -71.25319, -8.37998 ] ] ], [ [ [ -71.62188, -8.13976 ], [ -71.62179, -8.1386 ], [ -71.61846, -8.13814 ], [ -71.62188, -8.13976 ] ] ] ] } },
{ "type": "Feature", "properties": { "cluster": 421.0, "hvi": 0.11, "population": 2752, "setores": 17, "municipio": "Tarauacá" }, "geometry": { "type": "MultiPolygon", "coordinates": [ [ [ [ -71.34793, -8.74975 ], [ -71.32242, -8.75059 ], [ -71.32006, -8.75977 ], [ -71.30735, -8.76371 ], [ -71.31038, -8.76992 ], [ -71.30758, -8.77593 ], [ -71.30443, -8.77598 ], [ -71.3061, -8.78125 ], [ -71.30081, -8.78733 ], [ -71.29273, -8.78912 ], [ -71.28472, -8.8076 ], [ -71.28669, -8.80945 ], [ -71.28055, -8.81096 ], [ -71.28094, -8.81572 ], [ -71.27594, -8.82033 ], [ -71.27931, -8.82405 ], [ -71.2724, -8.82745 ], [ -71.27536, -8.83173 ], [ -71.27451, -8.85032 ], [ -71.27863, -8.84996 ], [ -71.28294, -8.84201 ], [ -71.29028, -8.84742 ], [ -71.28923, -8.84125 ], [ -71.2952, -8.84184 ], [ -71.29442, -8.84998 ], [ -71.29968, -8.84651 ], [ -71.29994, -8.85454 ], [ -71.31002, -8.86421 ], [ -71.31599, -8.85395 ], [ -71.31773, -8.86533 ], [ -71.32206, -8.86913 ], [ -71.3264, -8.86898 ], [ -71.32152, -8.8634 ], [ -71.32309, -8.86148 ], [ -71.32631, -8.86678 ], [ -71.33191, -8.86444 ], [ -71.33082, -8.86822 ], [ -71.33481, -8.87551 ], [ -71.33852, -8.86809 ], [ -71.34438, -8.87002 ], [ -71.34848, -8.88026 ], [ -71.35493, -8.87748 ], [ -71.35601, -8.87392 ], [ -71.35854, -8.8827 ], [ -71.36571, -8.88054 ], [ -71.36214, -8.88653 ], [ -71.36665, -8.8912 ], [ -71.37124, -8.89359 ], [ -71.37536, -8.89167 ], [ -71.38405, -8.89648 ], [ -71.38015, -8.88819 ], [ -71.38118, -8.88325 ], [ -71.38806, -8.88569 ], [ -71.39015, -8.88999 ], [ -71.39607, -8.87795 ], [ -71.4092, -8.87593 ], [ -71.40924, -8.88126 ], [ -71.41407, -8.88255 ], [ -71.41557, -8.8781 ], [ -71.42113, -8.88675 ], [ -71.43019, -8.87365 ], [ -71.43343, -8.87848 ], [ -71.44252, -8.86902 ], [ -71.44789, -8.87439 ], [ -71.45012, -8.87106 ], [ -71.4575, -8.87305 ], [ -71.45647, -8.86741 ], [ -71.46239, -8.87131 ], [ -71.46887, -8.86813 ], [ -71.4699, -8.87784 ], [ -71.4766, -8.87708 ], [ -71.48155, -8.88409 ], [ -71.48899, -8.88192 ], [ -71.49144, -8.87602 ], [ -71.50256, -8.86955 ], [ -71.52451, -8.87385 ], [ -71.53792, -8.85946 ], [ -71.55259, -8.85077 ], [ -71.61859, -8.85842 ], [ -71.61483, -8.85454 ], [ -71.61994, -8.84606 ], [ -71.61804, -8.82082 ], [ -71.60692, -8.81465 ], [ -71.59795, -8.8048 ], [ -71.59204, -8.78754 ], [ -71.5802, -8.77846 ], [ -71.58181, -8.77206 ], [ -71.57323, -8.75501 ], [ -71.5661, -8.75471 ], [ -71.56678, -8.75153 ], [ -71.56038, -8.74856 ], [ -71.55684, -8.74153 ], [ -71.54253, -8.73932 ], [ -71.54497, -8.70919 ], [ -71.55589, -8.70069 ], [ -71.55491, -8.68972 ], [ -71.56058, -8.67979 ], [ -71.55586, -8.67394 ], [ -71.55816, -8.66925 ], [ -71.54963, -8.67021 ], [ -71.55985, -8.66763 ], [ -71.55803, -8.66267 ], [ -71.56062, -8.66202 ], [ -71.55702, -8.65679 ], [ -71.56006, -8.65424 ], [ -71.55638, -8.65368 ], [ -71.55862, -8.6506 ], [ -71.55635, -8.6506 ], [ -71.55515, -8.63947 ], [ -71.54958, -8.63514 ], [ -71.5561, -8.63039 ], [ -71.55524, -8.62301 ], [ -71.54031, -8.60188 ], [ -71.53009, -8.60001 ], [ -71.52992, -8.58787 ], [ -71.52674, -8.58711 ], [ -71.52374, -8.59967 ], [ -71.51962, -8.59322 ], [ -71.51971, -8.58159 ], [ -71.51335, -8.59144 ], [ -71.50623, -8.5883 ], [ -71.50185, -8.57922 ], [ -71.49833, -8.57862 ], [ -71.49387, -8.58406 ], [ -71.49662, -8.57268 ], [ -71.48829, -8.5726 ], [ -71.48692, -8.57005 ], [ -71.49095, -8.55444 ], [ -71.47319, -8.54204 ], [ -71.47259, -8.53636 ], [ -71.4634, -8.53008 ], [ -71.46589, -8.52439 ], [ -71.47095, -8.52328 ], [ -71.47053, -8.52031 ], [ -71.46366, -8.51862 ], [ -71.46194, -8.51263 ], [ -71.44958, -8.51552 ], [ -71.441, -8.52231 ], [ -71.44074, -8.51705 ], [ -71.44881, -8.51178 ], [ -71.44503, -8.5027 ], [ -71.4301, -8.50694 ], [ -71.42624, -8.4999 ], [ -71.40838, -8.50245 ], [ -71.40581, -8.49888 ], [ -71.41353, -8.48088 ], [ -71.40778, -8.4774 ], [ -71.401, -8.48088 ], [ -71.40043, -8.47223 ], [ -71.39566, -8.47978 ], [ -71.40106, -8.46623 ], [ -71.39337, -8.46294 ], [ -71.39609, -8.45981 ], [ -71.39465, -8.45635 ], [ -71.39045, -8.4566 ], [ -71.38681, -8.46327 ], [ -71.38023, -8.4611 ], [ -71.37825, -8.46856 ], [ -71.37009, -8.4644 ], [ -71.36979, -8.45816 ], [ -71.38272, -8.45508 ], [ -71.38368, -8.44977 ], [ -71.37955, -8.44269 ], [ -71.38263, -8.43784 ], [ -71.36178, -8.43979 ], [ -71.36058, -8.44226 ], [ -71.36734, -8.44855 ], [ -71.3623, -8.45252 ], [ -71.3507, -8.4404 ], [ -71.34868, -8.44948 ], [ -71.34173, -8.43837 ], [ -71.33386, -8.44646 ], [ -71.33084, -8.44529 ], [ -71.32946, -8.43831 ], [ -71.32743, -8.44199 ], [ -71.31666, -8.43803 ], [ -71.31419, -8.43122 ], [ -71.31607, -8.42246 ], [ -71.31203, -8.42138 ], [ -71.30997, -8.4172 ], [ -71.30068, -8.41625 ], [ -71.29737, -8.41264 ], [ -71.29712, -8.39646 ], [ -71.30108, -8.39152 ], [ -71.2827, -8.39583 ], [ -71.2818, -8.40285 ], [ -71.27885, -8.40233 ], [ -71.27452, -8.39183 ], [ -71.27969, -8.38913 ], [ -71.28086, -8.3831 ], [ -71.28707, -8.384 ], [ -71.28562, -8.37872 ], [ -71.27858, -8.37683 ], [ -71.27949, -8.37093 ], [ -71.26057, -8.37274 ], [ -71.25637, -8.38114 ], [ -71.25272, -8.37941 ], [ -71.25207, -8.37173 ], [ -71.2495, -8.37189 ], [ -71.24232, -8.42204 ], [ -71.23547, -8.42889 ], [ -71.24181, -8.43574 ], [ -71.24198, -8.44995 ], [ -71.23496, -8.46091 ], [ -71.23239, -8.47803 ], [ -71.23205, -8.46981 ], [ -71.10138, -8.34949 ], [ -71.07305, -8.37698 ], [ -71.07068, -8.38898 ], [ -71.07219, -8.39734 ], [ -71.08481, -8.41152 ], [ -71.085, -8.42384 ], [ -71.09009, -8.43773 ], [ -71.09625, -8.44448 ], [ -71.1029, -8.47587 ], [ -71.10036, -8.46668 ], [ -70.97947, -8.46529 ], [ -70.89449, -8.53618 ], [ -70.89439, -8.5249 ], [ -70.89062, -8.52237 ], [ -70.88403, -8.52435 ], [ -70.88519, -8.51815 ], [ -70.87353, -8.52419 ], [ -70.8654, -8.51815 ], [ -70.88002, -8.50757 ], [ -70.88574, -8.5097 ], [ -70.88612, -8.5042 ], [ -70.87506, -8.50177 ], [ -70.86613, -8.49472 ], [ -70.86272, -8.50142 ], [ -70.85942, -8.50115 ], [ -70.8603, -8.48814 ], [ -70.85691, -8.4843 ], [ -70.86454, -8.46812 ], [ -70.86004, -8.46207 ], [ -70.84471, -8.45844 ], [ -70.84813, -8.4516 ], [ -70.8392, -8.45106 ], [ -70.83751, -8.44375 ], [ -70.83137, -8.45195 ], [ -70.8342, -8.45608 ], [ -70.82567, -8.46884 ], [ -70.81628, -8.47495 ], [ -70.80848, -8.49459 ], [ -70.80774, -8.52446 ], [ -70.78862, -8.58225 ], [ -70.78193, -8.57731 ], [ -70.78609, -8.55992 ], [ -70.77879, -8.55394 ], [ -70.77877, -8.54839 ], [ -70.76934, -8.5442 ], [ -70.76259, -8.53392 ], [ -70.75702, -8.53374 ], [ -70.75063, -8.53823 ], [ -70.74607, -8.53114 ], [ -70.74032, -8.52902 ], [ -70.73312, -8.50992 ], [ -70.73548, -8.49883 ], [ -70.73014, -8.48982 ], [ -70.73781, -8.46247 ], [ -70.73699, -8.45776 ], [ -70.73273, -8.45649 ], [ -70.73749, -8.44062 ], [ -70.73451, -8.43956 ], [ -70.73677, -8.4374 ], [ -70.73398, -8.43463 ], [ -70.74516, -8.4258 ], [ -70.74803, -8.42883 ], [ -70.75301, -8.42236 ], [ -70.76663, -8.42228 ], [ -70.7742, -8.41854 ], [ -70.77788, -8.41484 ], [ -70.77698, -8.4069 ], [ -70.78218, -8.40561 ], [ -70.7787, -8.40422 ], [ -70.7802, -8.397 ], [ -70.775, -8.39163 ], [ -70.78202, -8.39255 ], [ -70.77987, -8.3872 ], [ -70.78422, -8.38886 ], [ -70.78319, -8.38468 ], [ -70.78768, -8.38361 ], [ -70.78326, -8.37243 ], [ -70.77934, -8.37275 ], [ -70.78368, -8.3662 ], [ -70.77098, -8.35096 ], [ -70.77157, -8.34468 ], [ -70.76801, -8.34257 ], [ -70.76937, -8.33232 ], [ -70.75905, -8.33331 ], [ -70.75879, -8.32648 ], [ -70.75046, -8.32544 ], [ -70.75228, -8.31405 ], [ -70.76377, -8.29844 ], [ -70.75801, -8.29146 ], [ -70.75125, -8.29068 ], [ -70.7549, -8.28456 ], [ -70.74813, -8.28817 ], [ -70.75337, -8.28367 ], [ -70.75313, -8.27922 ], [ -70.76045, -8.27885 ], [ -70.7593, -8.27175 ], [ -70.75129, -8.27178 ], [ -70.75366, -8.27069 ], [ -70.75819, -8.25499 ], [ -70.73964, -8.26227 ], [ -70.73406, -8.25815 ], [ -70.73702, -8.23696 ], [ -70.74007, -8.23395 ], [ -70.7593, -8.23764 ], [ -70.76143, -8.24258 ], [ -70.76418, -8.24089 ], [ -70.76202, -8.23428 ], [ -70.76214, -8.23204 ], [ -70.76684, -8.22745 ], [ -70.76481, -8.22379 ], [ -70.75647, -8.22106 ], [ -70.75688, -8.21567 ], [ -70.76483, -8.21367 ], [ -70.74925, -8.19664 ], [ -70.75897, -8.19557 ], [ -70.75103, -8.18051 ], [ -70.75249, -8.17537 ], [ -70.75993, -8.17052 ], [ -70.7603, -8.16079 ], [ -70.75747, -8.15712 ], [ -70.74626, -8.15203 ], [ -70.7364, -8.15169 ], [ -70.73345, -8.15557 ], [ -70.70062, -8.16827 ], [ -70.68654, -8.16855 ], [ -70.61703, -8.18545 ], [ -70.57621, -8.18879 ], [ -70.58035, -8.19686 ], [ -70.5749, -8.20529 ], [ -70.56546, -8.20964 ], [ -70.56556, -8.21714 ], [ -70.56957, -8.22268 ], [ -70.57742, -8.22374 ], [ -70.58582, -8.23055 ], [ -70.6268, -8.29978 ], [ -70.63944, -8.32406 ], [ -70.63247, -8.31448 ], [ -70.62493, -8.34066 ], [ -70.68012, -8.38265 ], [ -70.67605, -8.43789 ], [ -70.65295, -8.4664 ], [ -70.70249, -8.4771 ], [ -70.68842, -8.52319 ], [ -70.72687, -8.56967 ], [ -70.74228, -8.60911 ], [ -70.76778, -8.61079 ], [ -70.78396, -8.63999 ], [ -70.83648, -8.64616 ], [ -70.85797, -8.66993 ], [ -70.8699, -8.65727 ], [ -70.8735, -8.64093 ], [ -70.89226, -8.64 ], [ -70.91382, -8.60542 ], [ -70.9228, -8.60148 ], [ -70.9217, -8.59613 ], [ -70.91651, -8.59268 ], [ -70.92454, -8.59666 ], [ -70.92544, -8.60164 ], [ -70.93155, -8.60207 ], [ -70.93505, -8.61246 ], [ -70.94226, -8.61217 ], [ -70.94666, -8.6207 ], [ -70.94125, -8.62621 ], [ -70.94917, -8.62214 ], [ -70.96378, -8.63453 ], [ -70.96086, -8.64142 ], [ -70.96241, -8.65122 ], [ -70.96591, -8.65152 ], [ -70.96687, -8.64357 ], [ -70.97142, -8.64813 ], [ -70.9826, -8.64987 ], [ -70.97711, -8.66718 ], [ -70.98623, -8.6718 ], [ -70.99187, -8.66928 ], [ -70.98837, -8.67634 ], [ -70.99468, -8.67657 ], [ -70.99399, -8.6826 ], [ -71.00153, -8.68328 ], [ -71.00346, -8.69085 ], [ -71.00893, -8.69146 ], [ -71.01294, -8.68478 ], [ -71.02305, -8.6904 ], [ -71.02404, -8.68736 ], [ -71.02901, -8.68878 ], [ -71.03084, -8.68558 ], [ -71.03714, -8.68504 ], [ -71.07579, -8.68996 ], [ -71.08635, -8.68553 ], [ -71.09567, -8.69011 ], [ -71.11082, -8.67524 ], [ -71.12916, -8.67566 ], [ -71.14204, -8.67134 ], [ -71.15102, -8.66101 ], [ -71.15272, -8.64189 ], [ -71.16771, -8.64 ], [ -71.18084, -8.64753 ], [ -71.18738, -8.64627 ], [ -71.19268, -8.62018 ], [ -71.1995, -8.62068 ], [ -71.20997, -8.63949 ], [ -71.22702, -8.6498 ], [ -71.25385, -8.68037 ], [ -71.26669, -8.68518 ], [ -71.31665, -8.69343 ], [ -71.35415, -8.71587 ], [ -71.37971, -8.74816 ], [ -71.386, -8.75097 ], [ -71.39579, -8.7452 ], [ -71.40066, -8.74552 ], [ -71.39006, -8.75726 ], [ -71.36849, -8.75046 ], [ -71.35262, -8.75347 ], [ -71.34793, -8.74975 ] ], [ [ -70.74831, -8.28897 ], [ -70.74059, -8.28478 ], [ -70.74813, -8.28817 ], [ -70.74831, -8.28897 ] ], [ [ -71.32081, -8.5715 ], [ -71.32058, -8.57146 ], [ -71.31919, -8.56997 ], [ -71.32081, -8.5715 ] ], [ [ -71.31532, -8.56583 ], [ -71.31442, -8.56487 ], [ -71.31401, -8.55758 ], [ -71.31532, -8.56583 ] ], [ [ -71.30822, -8.5531 ], [ -71.30354, -8.55625 ], [ -71.3023, -8.55527 ], [ -71.30822, -8.5531 ] ], [ [ -71.29903, -8.5594 ], [ -71.29896, -8.54783 ], [ -71.30088, -8.55415 ], [ -71.2994, -8.55298 ], [ -71.29903, -8.5594 ] ], [ [ -71.27554, -8.50697 ], [ -71.27223, -8.50611 ], [ -71.27558, -8.50681 ], [ -71.27554, -8.50697 ] ], [ [ -71.26507, -8.49401 ], [ -71.26438, -8.49357 ], [ -71.26802, -8.48487 ], [ -71.26507, -8.49401 ] ], [ [ -71.27914, -8.45662 ], [ -71.28386, -8.45628 ], [ -71.28383, -8.45674 ], [ -71.27914, -8.45662 ] ], [ [ -71.28387, -8.45598 ], [ -71.28212, -8.45365 ], [ -71.28407, -8.45234 ], [ -71.28387, -8.45598 ] ], [ [ -71.29056, -8.44044 ], [ -71.29096, -8.43929 ], [ -71.2967, -8.43538 ], [ -71.29056, -8.44044 ] ], [ [ -71.29263, -8.43457 ], [ -71.29536, -8.43341 ], [ -71.29573, -8.43395 ], [ -71.29263, -8.43457 ] ], [ [ -71.29908, -8.43155 ], [ -71.29607, -8.42375 ], [ -71.29922, -8.43148 ], [ -71.29908, -8.43155 ] ], [ [ -71.3009, -8.42568 ], [ -71.30164, -8.42173 ], [ -71.30316, -8.42226 ], [ -71.3009, -8.42568 ] ], [ [ -71.30855, -8.42398 ], [ -71.3075, -8.42053 ], [ -71.30815, -8.42071 ], [ -71.30855, -8.42398 ] ], [ [ -71.22051, -8.52792 ], [ -71.21782, -8.53747 ], [ -71.21718, -8.53581 ], [ -71.22051, -8.52792 ] ], [ [ -71.21321, -8.55384 ], [ -71.2128, -8.55527 ], [ -71.21261, -8.55523 ], [ -71.21321, -8.55384 ] ], [ [ -71.22154, -8.557 ], [ -71.22577, -8.56077 ], [ -71.22735, -8.56444 ], [ -71.22154, -8.557 ] ], [ [ -71.23068, -8.57217 ], [ -71.23201, -8.57527 ], [ -71.23154, -8.58109 ], [ -71.23068, -8.57217 ] ], [ [ -71.23121, -8.58508 ], [ -71.23101, -8.58756 ], [ -71.22901, -8.58926 ], [ -71.23121, -8.58508 ] ], [ [ -71.23, -8.62479 ], [ -71.25024, -8.65337 ], [ -71.25034, -8.65411 ], [ -71.23, -8.62479 ] ], [ [ -71.35732, -8.70122 ], [ -71.36414, -8.70911 ], [ -71.34668, -8.69535 ], [ -71.35732, -8.70122 ] ], [ [ -71.3784, -8.71531 ], [ -71.37552, -8.71807 ], [ -71.37537, -8.71795 ], [ -71.3784, -8.71531 ] ], [ [ -71.43314, -8.748 ], [ -71.42012, -8.7468 ], [ -71.43243, -8.7476 ], [ -71.43314, -8.748 ] ], [ [ -70.89596, -8.56783 ], [ -70.90022, -8.56804 ], [ -70.9, -8.56824 ], [ -70.89596, -8.56783 ] ], [ [ -70.90053, -8.56777 ], [ -70.90452, -8.56209 ], [ -70.90611, -8.5628 ], [ -70.90053, -8.56777 ] ], [ [ -70.92362, -8.58235 ], [ -70.92388, -8.58288 ], [ -70.92343, -8.5829 ], [ -70.92362, -8.58235 ] ], [ [ -70.89458, -8.54456 ], [ -70.8947, -8.54671 ], [ -70.8946, -8.54667 ], [ -70.89458, -8.54456 ] ], [ [ -70.73523, -8.22654 ], [ -70.68523, -8.21196 ], [ -70.74625, -8.22973 ], [ -70.73523, -8.22654 ] ], [ [ -70.74696, -8.29398 ], [ -70.74965, -8.2952 ], [ -70.74977, -8.29575 ], [ -70.74696, -8.29398 ] ], [ [ -70.65655, -8.33718 ], [ -70.65627, -8.33687 ], [ -70.65732, -8.33658 ], [ -70.65655, -8.33718 ] ], [ [ -70.63961, -8.32429 ], [ -70.63953, -8.32417 ], [ -70.64718, -8.32685 ], [ -70.63961, -8.32429 ] ] ], [ [ [ -70.76527, -8.1633 ], [ -70.7653, -8.16085 ], [ -70.76352, -8.16337 ], [ -70.76527, -8.1633 ] ] ], [ [ [ -70.76436, -8.16 ], [ -70.7603, -8.16079 ], [ -70.76033, -8.1623 ], [ -70.76436, -8.16 ] ] ] ] } },
{ "type": "Feature", "properties": { "cluster": 422.0, "hvi": 0.164, "population": 807, "setores": 1, "municipio": "Tarauacá" }, "geometry": { "type": "Polygon", "coordinates": [ [ [ -70.96148, -8.25612 ], [ -70.95504, -8.24623 ], [ -70.94872, -8.24481 ], [ -70.95046, -8.23688 ], [ -70.92587, -8.23158 ], [ -70.93191, -8.21808 ], [ -70.92414, -8.21005 ], [ -70.91296, -8.21091 ], [ -70.902, -8.20623 ], [ -70.8939, -8.21397 ], [ -70.89908, -8.20388 ], [ -70.88986, -8.18918 ], [ -70.88181, -8.19425 ], [ -70.86223, -8.19084 ], [ -70.84435, -8.1989 ], [ -70.84422, -8.1955 ], [ -70.85311, -8.1922 ], [ -70.84558, -8.1824 ], [ -70.83955, -8.1833 ], [ -70.83291, -8.18907 ], [ -70.81437, -8.19169 ], [ -70.80217, -8.17639 ], [ -70.7919, -8.18008 ], [ -70.78212, -8.17712 ], [ -70.78099, -8.18707 ], [ -70.77413, -8.18718 ], [ -70.76797, -8.18021 ], [ -70.77283, -8.17229 ], [ -70.75993, -8.17052 ], [ -70.7711, -8.19951 ], [ -70.83452, -8.26961 ], [ -70.8937, -8.39998 ], [ -70.91436, -8.42709 ], [ -70.94286, -8.44641 ], [ -70.97947, -8.46529 ], [ -70.98274, -8.4547 ], [ -70.97691, -8.42755 ], [ -70.98257, -8.41439 ], [ -70.97931, -8.41072 ], [ -70.96148, -8.25612 ] ] ] } },
{ "type": "Feature", "properties": { "cluster": 423.0, "hvi": 0.1641, "population": 1270, "setores": 1, "municipio": "Xapuri" }, "geometry": { "type": "Polygon", "coordinates": [ [ [ -68.49336, -10.65444 ], [ -68.4831, -10.65672 ], [ -68.49412, -10.65846 ], [ -68.49336, -10.65444 ] ] ] } },
{ "type": "Feature", "properties": { "cluster": 424.0, "hvi": 0.1115, "population": 1212, "setores": 6, "municipio": "Xapuri" }, "geometry": { "type": "MultiPolygon", "coordinates": [ [ [ [ -68.18462, -10.55707 ], [ -68.2212, -10.56508 ], [ -68.22575, -10.56295 ], [ -68.23098, -10.569 ], [ -68.23431, -10.56479 ], [ -68.24154, -10.56808 ], [ -68.2479, -10.5664 ], [ -68.25505, -10.56195 ], [ -68.25573, -10.5417 ], [ -68.27071, -10.53064 ], [ -68.27246, -10.52537 ], [ -68.27908, -10.52483 ], [ -68.29015, -10.50958 ], [ -68.29433, -10.50904 ], [ -68.29973, -10.51444 ], [ -68.31444, -10.51565 ], [ -68.32416, -10.49649 ], [ -68.32281, -10.48866 ], [ -68.33415, -10.47408 ], [ -68.3328, -10.46531 ], [ -68.33968, -10.45141 ], [ -68.33928, -10.44344 ], [ -68.31809, -10.43116 ], [ -68.31248, -10.41638 ], [ -68.29863, -10.41091 ], [ -68.29458, -10.40594 ], [ -68.28056, -10.40273 ], [ -68.27338, -10.38882 ], [ -68.25634, -10.3906 ], [ -68.25143, -10.3872 ], [ -68.24237, -10.38614 ], [ -68.23995, -10.38867 ], [ -68.23265, -10.38483 ], [ -68.22955, -10.38999 ], [ -68.21933, -10.38121 ], [ -68.20955, -10.37998 ], [ -68.20771, -10.37462 ], [ -68.20102, -10.37413 ], [ -68.18629, -10.38251 ], [ -68.18007, -10.37689 ], [ -68.16505, -10.37382 ], [ -68.16174, -10.37605 ], [ -68.14832, -10.37043 ], [ -68.139, -10.37461 ], [ -68.12367, -10.37517 ], [ -68.11644, -10.36729 ], [ -68.10277, -10.3689 ], [ -68.09798, -10.36401 ], [ -68.09198, -10.36372 ], [ -68.07004, -10.38341 ], [ -68.06267, -10.37948 ], [ -68.04064, -10.38891 ], [ -68.0459, -10.39385 ], [ -68.04748, -10.40443 ], [ -68.0564, -10.41286 ], [ -68.05389, -10.42097 ], [ -68.06381, -10.42513 ], [ -68.04304, -10.47255 ], [ -68.04532, -10.48055 ], [ -68.04938, -10.48104 ], [ -68.04837, -10.47508 ], [ -68.05282, -10.4738 ], [ -68.05337, -10.46522 ], [ -68.05962, -10.46355 ], [ -68.05988, -10.47993 ], [ -68.06292, -10.48356 ], [ -68.07301, -10.48521 ], [ -68.08013, -10.49618 ], [ -68.08995, -10.49529 ], [ -68.10478, -10.47679 ], [ -68.16842, -10.48714 ], [ -68.16798, -10.4884 ], [ -68.19411, -10.49287 ], [ -68.18924, -10.51645 ], [ -68.17778, -10.53052 ], [ -68.16598, -10.53161 ], [ -68.16466, -10.53676 ], [ -68.17837, -10.5487 ], [ -68.18659, -10.54697 ], [ -68.18462, -10.55707 ] ] ], [ [ [ -68.58931, -10.52963 ], [ -68.60673, -10.53001 ], [ -68.60706, -10.52369 ], [ -68.61376, -10.52133 ], [ -68.6131, -10.51159 ], [ -68.61925, -10.50311 ], [ -68.62034, -10.49337 ], [ -68.61935, -10.48668 ], [ -68.60621, -10.47742 ], [ -68.59752, -10.46602 ], [ -68.60315, -10.4342 ], [ -68.59073, -10.42798 ], [ -68.58148, -10.42714 ], [ -68.57775, -10.41716 ], [ -68.58271, -10.40426 ], [ -68.57635, -10.40159 ], [ -68.57494, -10.39232 ], [ -68.56371, -10.39711 ], [ -68.55153, -10.39656 ], [ -68.54721, -10.39224 ], [ -68.54509, -10.3785 ], [ -68.52255, -10.37331 ], [ -68.50169, -10.36267 ], [ -68.50063, -10.36829 ], [ -68.50338, -10.35069 ], [ -68.49899, -10.34252 ], [ -68.49993, -10.33812 ], [ -68.46733, -10.31621 ], [ -68.44997, -10.2943 ], [ -68.44502, -10.26822 ], [ -68.42823, -10.26434 ], [ -68.41183, -10.26813 ], [ -68.41639, -10.27752 ], [ -68.41204, -10.29133 ], [ -68.41266, -10.30277 ], [ -68.41576, -10.30719 ], [ -68.37546, -10.31155 ], [ -68.35081, -10.33221 ], [ -68.35449, -10.35787 ], [ -68.39024, -10.3734 ], [ -68.38756, -10.37951 ], [ -68.32481, -10.39365 ], [ -68.32754, -10.40915 ], [ -68.31382, -10.41818 ], [ -68.31809, -10.43116 ], [ -68.33253, -10.43926 ], [ -68.34265, -10.44034 ], [ -68.35345, -10.45316 ], [ -68.36371, -10.45478 ], [ -68.36762, -10.46355 ], [ -68.38179, -10.46558 ], [ -68.39421, -10.47989 ], [ -68.39637, -10.49014 ], [ -68.40515, -10.495 ], [ -68.41286, -10.49346 ], [ -68.41182, -10.49548 ], [ -68.40813, -10.49544 ], [ -68.41312, -10.51621 ], [ -68.42661, -10.5314 ], [ -68.43278, -10.52439 ], [ -68.43928, -10.5234 ], [ -68.44739, -10.52978 ], [ -68.4588, -10.53321 ], [ -68.47404, -10.52849 ], [ -68.47787, -10.52163 ], [ -68.49157, -10.51392 ], [ -68.56621, -10.53278 ], [ -68.58243, -10.53394 ], [ -68.58931, -10.52963 ] ], [ [ -68.54415, -10.43442 ], [ -68.53818, -10.42311 ], [ -68.53851, -10.42255 ], [ -68.54415, -10.43442 ] ], [ [ -68.41389, -10.49145 ], [ -68.41176, -10.36628 ], [ -68.4146, -10.49007 ], [ -68.41389, -10.49145 ] ] ] ] } },
{ "type": "Feature", "properties": { "cluster": 425.0, "hvi": 0.1061, "population": 2154, "setores": 11, "municipio": "Xapuri" }, "geometry": { "type": "MultiPolygon", "coordinates": [ [ [ [ -68.43475, -10.75598 ], [ -68.43226, -10.74748 ], [ -68.43416, -10.73909 ], [ -68.42859, -10.72226 ], [ -68.42986, -10.7252 ], [ -68.44153, -10.71963 ], [ -68.45024, -10.70059 ], [ -68.46836, -10.69993 ], [ -68.4832, -10.69211 ], [ -68.48431, -10.67009 ], [ -68.47949, -10.65863 ], [ -68.48368, -10.66841 ], [ -68.48821, -10.66503 ], [ -68.48627, -10.66283 ], [ -68.48853, -10.65817 ], [ -68.48382, -10.65692 ], [ -68.48898, -10.65487 ], [ -68.48219, -10.65031 ], [ -68.48854, -10.65457 ], [ -68.49195, -10.64899 ], [ -68.48866, -10.64703 ], [ -68.48834, -10.64194 ], [ -68.48256, -10.64952 ], [ -68.48535, -10.64355 ], [ -68.47874, -10.64172 ], [ -68.4725, -10.63277 ], [ -68.46263, -10.63357 ], [ -68.4535, -10.6293 ], [ -68.45386, -10.63666 ], [ -68.4478, -10.63734 ], [ -68.45228, -10.64292 ], [ -68.44232, -10.65042 ], [ -68.44151, -10.63505 ], [ -68.43645, -10.6452 ], [ -68.43177, -10.63867 ], [ -68.42337, -10.63658 ], [ -68.41113, -10.62535 ], [ -68.40492, -10.62843 ], [ -68.40783, -10.61619 ], [ -68.39798, -10.61495 ], [ -68.39243, -10.60704 ], [ -68.3841, -10.60892 ], [ -68.38791, -10.61532 ], [ -68.38701, -10.63029 ], [ -68.3759, -10.6158 ], [ -68.36833, -10.62362 ], [ -68.36315, -10.6248 ], [ -68.363, -10.61607 ], [ -68.35546, -10.61039 ], [ -68.35499, -10.61602 ], [ -68.35967, -10.62343 ], [ -68.35249, -10.62348 ], [ -68.3459, -10.62765 ], [ -68.34096, -10.62158 ], [ -68.341, -10.61486 ], [ -68.33529, -10.60969 ], [ -68.33179, -10.61508 ], [ -68.32451, -10.61196 ], [ -68.32436, -10.62309 ], [ -68.31396, -10.60585 ], [ -68.30707, -10.60012 ], [ -68.29704, -10.60299 ], [ -68.30671, -10.60844 ], [ -68.30385, -10.61785 ], [ -68.29243, -10.61023 ], [ -68.2927, -10.60506 ], [ -68.28643, -10.60965 ], [ -68.29256, -10.61328 ], [ -68.29075, -10.61668 ], [ -68.27923, -10.61092 ], [ -68.27489, -10.61186 ], [ -68.27133, -10.60742 ], [ -68.27321, -10.60073 ], [ -68.26881, -10.59278 ], [ -68.26397, -10.59492 ], [ -68.26292, -10.60121 ], [ -68.24981, -10.60761 ], [ -68.2538, -10.61542 ], [ -68.23576, -10.64613 ], [ -68.24002, -10.67612 ], [ -68.25934, -10.66701 ], [ -68.18758, -10.70169 ], [ -68.17582, -10.70219 ], [ -68.15145, -10.70149 ], [ -68.14397, -10.69442 ], [ -68.11868, -10.68107 ], [ -68.06436, -10.6249 ], [ -68.04662, -10.62395 ], [ -68.02228, -10.60411 ], [ -68.01635, -10.60247 ], [ -68.01075, -10.6102 ], [ -68.00911, -10.63377 ], [ -68.0036, -10.64043 ], [ -68.00221, -10.64844 ], [ -68.00609, -10.65246 ], [ -68.0128, -10.64863 ], [ -68.01526, -10.65252 ], [ -68.01637, -10.65017 ], [ -68.02363, -10.65151 ], [ -68.02301, -10.65467 ], [ -68.02838, -10.65838 ], [ -68.03312, -10.65579 ], [ -68.03128, -10.65798 ], [ -68.03365, -10.6576 ], [ -68.03365, -10.66204 ], [ -68.03, -10.66255 ], [ -68.03373, -10.66709 ], [ -68.03621, -10.66586 ], [ -68.03646, -10.66845 ], [ -68.04711, -10.67235 ], [ -68.05516, -10.67039 ], [ -68.05679, -10.67489 ], [ -68.06387, -10.67781 ], [ -68.06609, -10.68514 ], [ -68.07678, -10.68462 ], [ -68.07946, -10.69436 ], [ -68.08131, -10.69271 ], [ -68.08813, -10.69806 ], [ -68.09169, -10.70525 ], [ -68.09684, -10.70521 ], [ -68.09517, -10.71029 ], [ -68.10286, -10.71236 ], [ -68.10282, -10.71684 ], [ -68.10735, -10.71684 ], [ -68.1048, -10.71821 ], [ -68.10496, -10.72299 ], [ -68.10882, -10.7258 ], [ -68.10447, -10.72752 ], [ -68.10682, -10.73258 ], [ -68.09701, -10.74944 ], [ -68.10194, -10.75297 ], [ -68.10139, -10.75609 ], [ -68.10373, -10.75542 ], [ -68.10205, -10.76002 ], [ -68.10731, -10.76488 ], [ -68.10403, -10.77676 ], [ -68.11253, -10.78417 ], [ -68.11821, -10.7841 ], [ -68.11979, -10.79023 ], [ -68.12553, -10.79316 ], [ -68.12563, -10.79843 ], [ -68.14025, -10.80824 ], [ -68.1482, -10.8201 ], [ -68.15386, -10.82115 ], [ -68.15385, -10.82431 ], [ -68.16031, -10.82885 ], [ -68.15982, -10.83226 ], [ -68.17319, -10.83963 ], [ -68.17487, -10.84712 ], [ -68.18447, -10.85852 ], [ -68.19721, -10.85866 ], [ -68.1963, -10.85899 ], [ -68.19796, -10.87381 ], [ -68.20634, -10.88107 ], [ -68.20383, -10.89196 ], [ -68.20721, -10.90204 ], [ -68.2243, -10.91162 ], [ -68.2291, -10.9212 ], [ -68.22697, -10.9254 ], [ -68.23073, -10.92905 ], [ -68.2306, -10.94308 ], [ -68.23726, -10.95575 ], [ -68.24863, -10.96142 ], [ -68.25738, -10.97278 ], [ -68.27135, -10.97934 ], [ -68.27202, -10.98376 ], [ -68.27856, -10.98931 ], [ -68.28642, -10.99018 ], [ -68.29347, -10.97874 ], [ -68.28955, -10.98805 ], [ -68.30721, -10.99193 ], [ -68.32069, -11.00006 ], [ -68.32542, -11.00913 ], [ -68.33104, -11.0126 ], [ -68.3461, -11.004 ], [ -68.3618, -11.00696 ], [ -68.38646, -11.01979 ], [ -68.39065, -11.02898 ], [ -68.38821, -11.04058 ], [ -68.39858, -11.03675 ], [ -68.40255, -11.01467 ], [ -68.40014, -11.00112 ], [ -68.4108, -10.98873 ], [ -68.40566, -10.98793 ], [ -68.40393, -10.98419 ], [ -68.40318, -10.96414 ], [ -68.41853, -10.93733 ], [ -68.41412, -10.93436 ], [ -68.423, -10.93245 ], [ -68.41905, -10.92674 ], [ -68.42173, -10.92097 ], [ -68.41318, -10.91837 ], [ -68.42137, -10.91304 ], [ -68.42113, -10.90995 ], [ -68.41421, -10.90521 ], [ -68.41046, -10.90654 ], [ -68.40188, -10.8941 ], [ -68.40126, -10.88608 ], [ -68.40872, -10.88131 ], [ -68.40672, -10.874 ], [ -68.40307, -10.87319 ], [ -68.40597, -10.86479 ], [ -68.40254, -10.85797 ], [ -68.4262, -10.83917 ], [ -68.4273, -10.82541 ], [ -68.43567, -10.8265 ], [ -68.45877, -10.81561 ], [ -68.4528, -10.78545 ], [ -68.43475, -10.75598 ] ], [ [ -68.35766, -10.78167 ], [ -68.35461, -10.77384 ], [ -68.35577, -10.77481 ], [ -68.35766, -10.78167 ] ], [ [ -68.38232, -10.83042 ], [ -68.38276, -10.83749 ], [ -68.38221, -10.82996 ], [ -68.38232, -10.83042 ] ], [ [ -68.36426, -10.86059 ], [ -68.36451, -10.85931 ], [ -68.37618, -10.83946 ], [ -68.36426, -10.86059 ] ], [ [ -68.36412, -10.8821 ], [ -68.36314, -10.88322 ], [ -68.36221, -10.8707 ], [ -68.36369, -10.86341 ], [ -68.36412, -10.8821 ] ], [ [ -68.29946, -10.97891 ], [ -68.30024, -10.97474 ], [ -68.30088, -10.97491 ], [ -68.29946, -10.97891 ] ], [ [ -68.45929, -10.6509 ], [ -68.45738, -10.64397 ], [ -68.4577, -10.64403 ], [ -68.45929, -10.6509 ] ], [ [ -68.41137, -10.65476 ], [ -68.41415, -10.65436 ], [ -68.41493, -10.65447 ], [ -68.41137, -10.65476 ] ], [ [ -68.35003, -10.68162 ], [ -68.32774, -10.67702 ], [ -68.33462, -10.67803 ], [ -68.35003, -10.68162 ] ], [ [ -68.42533, -10.7147 ], [ -68.42546, -10.71498 ], [ -68.37176, -10.69511 ], [ -68.42533, -10.7147 ] ], [ [ -68.35165, -10.77136 ], [ -68.35358, -10.77298 ], [ -68.34936, -10.77114 ], [ -68.35165, -10.77136 ] ], [ [ -68.33184, -10.78167 ], [ -68.33997, -10.77023 ], [ -68.33606, -10.77894 ], [ -68.33184, -10.78167 ] ], [ [ -68.30709, -10.77772 ], [ -68.32729, -10.78461 ], [ -68.32583, -10.78555 ], [ -68.30709, -10.77772 ] ], [ [ -68.25833, -10.76066 ], [ -68.26414, -10.7729 ], [ -68.26045, -10.76908 ], [ -68.25833, -10.76066 ] ], [ [ -68.21406, -10.85541 ], [ -68.22748, -10.85199 ], [ -68.26736, -10.85199 ], [ -68.23666, -10.85225 ], [ -68.21406, -10.85541 ] ], [ [ -68.19838, -10.85825 ], [ -68.20513, -10.85124 ], [ -68.20171, -10.85707 ], [ -68.19838, -10.85825 ] ], [ [ -68.32307, -10.88726 ], [ -68.32001, -10.88842 ], [ -68.33979, -10.86891 ], [ -68.32307, -10.88726 ] ], [ [ -68.31112, -10.8918 ], [ -68.30512, -10.89049 ], [ -68.31427, -10.8906 ], [ -68.31112, -10.8918 ] ], [ [ -68.30371, -10.89019 ], [ -68.30232, -10.88988 ], [ -68.29, -10.8813 ], [ -68.29656, -10.88372 ], [ -68.30371, -10.89019 ] ], [ [ -68.27091, -10.87747 ], [ -68.27263, -10.87663 ], [ -68.28501, -10.88328 ], [ -68.27091, -10.87747 ] ], [ [ -68.26356, -10.88778 ], [ -68.2663, -10.87973 ], [ -68.26941, -10.87821 ], [ -68.26356, -10.88778 ] ], [ [ -68.24669, -10.89744 ], [ -68.24649, -10.89708 ], [ -68.26356, -10.88778 ], [ -68.24669, -10.89744 ] ], [ [ -68.18697, -10.73825 ], [ -68.1897, -10.73588 ], [ -68.18963, -10.73794 ], [ -68.20849, -10.73255 ], [ -68.19328, -10.73815 ], [ -68.18697, -10.73825 ] ], [ [ -68.17094, -10.74603 ], [ -68.15273, -10.75295 ], [ -68.16816, -10.7452 ], [ -68.17094, -10.74603 ] ], [ [ -68.11462, -10.72064 ], [ -68.1087, -10.71684 ], [ -68.11065, -10.71684 ], [ -68.11462, -10.72064 ] ] ], [ [ [ -68.49616, -10.64847 ], [ -68.49398, -10.64162 ], [ -68.48834, -10.64194 ], [ -68.4928, -10.64662 ], [ -68.49616, -10.64847 ] ] ] ] } },
{ "type": "Feature", "properties": { "cluster": 426.0, "hvi": 0.1149, "population": 3478, "setores": 12, "municipio": "Xapuri" }, "geometry": { "type": "MultiPolygon", "coordinates": [ [ [ [ -68.55582, -10.75752 ], [ -68.54863, -10.75689 ], [ -68.54502, -10.76553 ], [ -68.54149, -10.76556 ], [ -68.54244, -10.75607 ], [ -68.53899, -10.75035 ], [ -68.53414, -10.75235 ], [ -68.5321, -10.74829 ], [ -68.54476, -10.73639 ], [ -68.54465, -10.72925 ], [ -68.53307, -10.72785 ], [ -68.53272, -10.73135 ], [ -68.53108, -10.72596 ], [ -68.53338, -10.71921 ], [ -68.54313, -10.71868 ], [ -68.54335, -10.71972 ], [ -68.5521, -10.71678 ], [ -68.60548, -10.65777 ], [ -68.64361, -10.65499 ], [ -68.64168, -10.6265 ], [ -68.63684, -10.61969 ], [ -68.64072, -10.61731 ], [ -68.64306, -10.61937 ], [ -68.64898, -10.61446 ], [ -68.65392, -10.62173 ], [ -68.65567, -10.61906 ], [ -68.6641, -10.62337 ], [ -68.66843, -10.62012 ], [ -68.67178, -10.623 ], [ -68.6714, -10.61885 ], [ -68.67424, -10.62324 ], [ -68.68009, -10.62544 ], [ -68.67904, -10.62825 ], [ -68.68361, -10.62899 ], [ -68.68569, -10.63317 ], [ -68.68724, -10.63118 ], [ -68.68833, -10.63355 ], [ -68.6974, -10.63355 ], [ -68.69733, -10.63135 ], [ -68.69965, -10.63471 ], [ -68.70107, -10.63211 ], [ -68.70285, -10.63654 ], [ -68.71109, -10.63803 ], [ -68.71145, -10.64657 ], [ -68.71563, -10.64442 ], [ -68.71888, -10.64918 ], [ -68.73154, -10.64813 ], [ -68.73008, -10.64598 ], [ -68.73265, -10.64539 ], [ -68.73821, -10.65253 ], [ -68.73681, -10.6554 ], [ -68.74995, -10.6591 ], [ -68.75356, -10.67035 ], [ -68.76124, -10.67528 ], [ -68.76646, -10.66753 ], [ -68.77338, -10.66881 ], [ -68.78194, -10.66531 ], [ -68.78165, -10.66264 ], [ -68.78704, -10.66708 ], [ -68.79273, -10.66666 ], [ -68.79189, -10.66951 ], [ -68.79588, -10.66686 ], [ -68.79906, -10.65959 ], [ -68.79306, -10.65499 ], [ -68.80296, -10.64163 ], [ -68.79728, -10.63449 ], [ -68.79735, -10.62696 ], [ -68.79144, -10.61415 ], [ -68.79864, -10.60885 ], [ -68.79916, -10.58626 ], [ -68.79401, -10.58241 ], [ -68.79474, -10.57697 ], [ -68.78861, -10.56411 ], [ -68.7821, -10.56274 ], [ -68.78006, -10.56801 ], [ -68.77734, -10.56101 ], [ -68.77458, -10.56269 ], [ -68.77181, -10.55975 ], [ -68.77445, -10.55499 ], [ -68.77005, -10.55315 ], [ -68.76598, -10.5561 ], [ -68.76745, -10.55939 ], [ -68.76359, -10.56008 ], [ -68.76405, -10.55448 ], [ -68.75908, -10.55292 ], [ -68.75467, -10.55669 ], [ -68.74875, -10.55618 ], [ -68.74659, -10.55967 ], [ -68.75087, -10.56225 ], [ -68.75036, -10.56565 ], [ -68.74346, -10.56541 ], [ -68.73859, -10.57205 ], [ -68.72841, -10.55945 ], [ -68.71874, -10.5617 ], [ -68.70756, -10.55702 ], [ -68.70296, -10.56286 ], [ -68.69855, -10.56212 ], [ -68.69513, -10.5688 ], [ -68.6871, -10.56911 ], [ -68.68455, -10.57566 ], [ -68.68229, -10.56646 ], [ -68.67666, -10.56784 ], [ -68.67263, -10.55861 ], [ -68.66992, -10.56064 ], [ -68.67339, -10.56378 ], [ -68.67309, -10.56932 ], [ -68.66471, -10.55951 ], [ -68.65913, -10.56965 ], [ -68.66307, -10.57097 ], [ -68.65978, -10.57403 ], [ -68.65491, -10.57263 ], [ -68.65678, -10.57552 ], [ -68.64903, -10.57596 ], [ -68.64499, -10.57095 ], [ -68.64484, -10.57756 ], [ -68.63838, -10.57664 ], [ -68.63691, -10.58309 ], [ -68.63063, -10.5765 ], [ -68.63311, -10.58423 ], [ -68.62581, -10.59037 ], [ -68.62961, -10.59383 ], [ -68.62303, -10.59395 ], [ -68.62043, -10.59183 ], [ -68.62275, -10.58569 ], [ -68.61862, -10.57728 ], [ -68.61233, -10.57442 ], [ -68.60505, -10.56156 ], [ -68.60019, -10.55857 ], [ -68.56527, -10.57161 ], [ -68.51505, -10.62519 ], [ -68.5074, -10.64977 ], [ -68.50836, -10.65174 ], [ -68.50541, -10.65681 ], [ -68.50602, -10.65538 ], [ -68.50151, -10.65819 ], [ -68.50135, -10.65555 ], [ -68.49397, -10.6608 ], [ -68.49824, -10.65982 ], [ -68.49472, -10.66158 ], [ -68.49597, -10.66518 ], [ -68.4927, -10.66289 ], [ -68.48616, -10.66729 ], [ -68.48982, -10.66388 ], [ -68.4827, -10.66909 ], [ -68.48398, -10.6728 ], [ -68.4824, -10.69388 ], [ -68.46836, -10.69993 ], [ -68.45024, -10.70059 ], [ -68.44153, -10.71963 ], [ -68.42986, -10.7252 ], [ -68.43424, -10.7395 ], [ -68.43226, -10.74748 ], [ -68.43478, -10.75602 ], [ -68.4528, -10.78545 ], [ -68.45724, -10.81371 ], [ -68.47871, -10.83566 ], [ -68.49765, -10.81816 ], [ -68.50328, -10.81645 ], [ -68.50687, -10.80884 ], [ -68.52202, -10.80455 ], [ -68.53454, -10.794 ], [ -68.54409, -10.79343 ], [ -68.56149, -10.77241 ], [ -68.55899, -10.76434 ], [ -68.55582, -10.75752 ] ], [ [ -68.51067, -10.74622 ], [ -68.51061, -10.74619 ], [ -68.51102, -10.74598 ], [ -68.51067, -10.74622 ] ], [ [ -68.50321, -10.7431 ], [ -68.50127, -10.73745 ], [ -68.49753, -10.73899 ], [ -68.50045, -10.73663 ], [ -68.51016, -10.746 ], [ -68.50321, -10.7431 ] ], [ [ -68.48537, -10.74383 ], [ -68.49308, -10.74088 ], [ -68.49619, -10.74177 ], [ -68.48537, -10.74383 ] ], [ [ -68.46667, -10.78528 ], [ -68.46118, -10.76474 ], [ -68.462, -10.76403 ], [ -68.46667, -10.78528 ] ], [ [ -68.53265, -10.73201 ], [ -68.52668, -10.7317 ], [ -68.53267, -10.73182 ], [ -68.53265, -10.73201 ] ], [ [ -68.50469, -10.65849 ], [ -68.50934, -10.66285 ], [ -68.50803, -10.66344 ], [ -68.50469, -10.65849 ] ], [ [ -68.54272, -10.71672 ], [ -68.54308, -10.71845 ], [ -68.5346, -10.7139 ], [ -68.54272, -10.71672 ] ], [ [ -68.67072, -10.60198 ], [ -68.65754, -10.58104 ], [ -68.65807, -10.57798 ], [ -68.67072, -10.60198 ] ], [ [ -68.61563, -10.60216 ], [ -68.61706, -10.60461 ], [ -68.61497, -10.60337 ], [ -68.61563, -10.60216 ] ], [ [ -68.61866, -10.60734 ], [ -68.62003, -10.6097 ], [ -68.61774, -10.60919 ], [ -68.61866, -10.60734 ] ], [ [ -68.55107, -10.65786 ], [ -68.5509, -10.65798 ], [ -68.54326, -10.64889 ], [ -68.55107, -10.65786 ] ], [ [ -68.53407, -10.6355 ], [ -68.52732, -10.63805 ], [ -68.53415, -10.63516 ], [ -68.53407, -10.6355 ] ], [ [ -68.51789, -10.63593 ], [ -68.51514, -10.6449 ], [ -68.51749, -10.63585 ], [ -68.51789, -10.63593 ] ], [ [ -68.51455, -10.65268 ], [ -68.51476, -10.65298 ], [ -68.51171, -10.65419 ], [ -68.51455, -10.65268 ] ], [ [ -68.50991, -10.65491 ], [ -68.50954, -10.65506 ], [ -68.50851, -10.65205 ], [ -68.50991, -10.65491 ] ] ], [ [ [ -68.5024, -10.65463 ], [ -68.5019, -10.65788 ], [ -68.50602, -10.65538 ], [ -68.5024, -10.65463 ] ] ], [ [ [ -68.49861, -10.65493 ], [ -68.49908, -10.65706 ], [ -68.50135, -10.65555 ], [ -68.49861, -10.65493 ] ] ], [ [ [ -68.50081, -10.65316 ], [ -68.50142, -10.65039 ], [ -68.49787, -10.65043 ], [ -68.50081, -10.65316 ] ] ] ] } },
{ "type": "Feature", "properties": { "cluster": 427.0, "hvi": 0.1229, "population": 2829, "setores": 8, "municipio": "Xapuri" }, "geometry": { "type": "MultiPolygon", "coordinates": [ [ [ [ -68.50135, -10.65555 ], [ -68.50836, -10.65222 ], [ -68.50628, -10.64872 ], [ -68.50206, -10.65015 ], [ -68.5006, -10.65184 ], [ -68.50135, -10.65555 ] ] ], [ [ [ -68.51064, -10.64614 ], [ -68.51034, -10.64018 ], [ -68.5074, -10.64977 ], [ -68.51064, -10.64614 ] ] ], [ [ [ -68.5648, -10.57193 ], [ -68.59551, -10.55974 ], [ -68.61544, -10.52207 ], [ -68.61993, -10.52405 ], [ -68.63433, -10.52367 ], [ -68.64055, -10.51281 ], [ -68.65067, -10.50482 ], [ -68.64954, -10.49708 ], [ -68.65576, -10.48982 ], [ -68.7879, -10.49923 ], [ -68.78789, -10.49104 ], [ -68.79715, -10.48738 ], [ -68.80943, -10.46993 ], [ -68.79887, -10.4695 ], [ -68.79306, -10.4542 ], [ -68.76962, -10.44653 ], [ -68.75493, -10.43783 ], [ -68.73942, -10.41456 ], [ -68.73898, -10.40099 ], [ -68.7336, -10.40056 ], [ -68.72929, -10.39108 ], [ -68.71237, -10.38373 ], [ -68.71207, -10.37575 ], [ -68.70643, -10.36406 ], [ -68.69744, -10.36133 ], [ -68.69473, -10.35575 ], [ -68.68864, -10.35905 ], [ -68.68325, -10.35544 ], [ -68.68158, -10.34438 ], [ -68.68513, -10.33928 ], [ -68.68087, -10.33085 ], [ -68.66099, -10.328 ], [ -68.65693, -10.31876 ], [ -68.64669, -10.31351 ], [ -68.6406, -10.30528 ], [ -68.62424, -10.30424 ], [ -68.61675, -10.30658 ], [ -68.62641, -10.33126 ], [ -68.62082, -10.34109 ], [ -68.62535, -10.34774 ], [ -68.62332, -10.35584 ], [ -68.62776, -10.36124 ], [ -68.62853, -10.37262 ], [ -68.62458, -10.39548 ], [ -68.6166, -10.40703 ], [ -68.61399, -10.41941 ], [ -68.60198, -10.43143 ], [ -68.60257, -10.44846 ], [ -68.59733, -10.46503 ], [ -68.60621, -10.47742 ], [ -68.62013, -10.488 ], [ -68.61925, -10.50311 ], [ -68.6131, -10.51159 ], [ -68.61376, -10.52133 ], [ -68.61442, -10.52162 ], [ -68.60706, -10.52369 ], [ -68.60673, -10.53001 ], [ -68.58931, -10.52963 ], [ -68.58104, -10.5339 ], [ -68.56621, -10.53278 ], [ -68.49157, -10.51392 ], [ -68.48245, -10.51797 ], [ -68.47404, -10.52849 ], [ -68.46667, -10.53223 ], [ -68.4588, -10.53321 ], [ -68.44739, -10.52978 ], [ -68.43928, -10.5234 ], [ -68.43367, -10.52394 ], [ -68.42696, -10.53033 ], [ -68.4272, -10.53458 ], [ -68.42605, -10.52974 ], [ -68.41312, -10.51621 ], [ -68.40813, -10.49544 ], [ -68.39489, -10.48866 ], [ -68.39421, -10.47989 ], [ -68.38935, -10.4726 ], [ -68.38179, -10.46558 ], [ -68.36762, -10.46355 ], [ -68.36371, -10.45478 ], [ -68.35561, -10.45451 ], [ -68.34387, -10.44115 ], [ -68.33793, -10.44088 ], [ -68.34009, -10.44952 ], [ -68.3332, -10.46342 ], [ -68.33415, -10.47408 ], [ -68.32281, -10.48866 ], [ -68.32416, -10.49649 ], [ -68.31444, -10.51565 ], [ -68.29973, -10.51444 ], [ -68.29433, -10.50904 ], [ -68.29015, -10.50958 ], [ -68.27908, -10.52483 ], [ -68.27246, -10.52537 ], [ -68.27071, -10.53064 ], [ -68.25573, -10.5417 ], [ -68.25505, -10.56195 ], [ -68.23981, -10.56715 ], [ -68.23887, -10.56923 ], [ -68.23971, -10.56695 ], [ -68.23431, -10.56479 ], [ -68.23098, -10.569 ], [ -68.22575, -10.56295 ], [ -68.2212, -10.56508 ], [ -68.18462, -10.55707 ], [ -68.18609, -10.54784 ], [ -68.1779, -10.54849 ], [ -68.16432, -10.536 ], [ -68.16598, -10.53161 ], [ -68.17445, -10.53146 ], [ -68.18924, -10.51645 ], [ -68.19411, -10.49287 ], [ -68.10478, -10.47679 ], [ -68.08995, -10.49529 ], [ -68.08013, -10.49618 ], [ -68.07301, -10.48521 ], [ -68.06172, -10.48259 ], [ -68.05803, -10.47409 ], [ -68.06112, -10.46502 ], [ -68.05425, -10.46441 ], [ -68.05282, -10.4738 ], [ -68.04837, -10.47508 ], [ -68.04878, -10.4815 ], [ -68.04574, -10.48134 ], [ -68.04302, -10.47277 ], [ -68.04197, -10.48433 ], [ -68.03728, -10.48987 ], [ -68.02976, -10.51675 ], [ -68.03413, -10.52676 ], [ -68.02846, -10.54215 ], [ -68.01793, -10.55126 ], [ -68.01748, -10.56538 ], [ -67.98426, -10.59372 ], [ -68.02228, -10.60411 ], [ -68.04662, -10.62395 ], [ -68.06436, -10.6249 ], [ -68.11868, -10.68107 ], [ -68.14397, -10.69442 ], [ -68.15145, -10.70149 ], [ -68.18653, -10.70204 ], [ -68.24002, -10.67612 ], [ -68.23576, -10.64613 ], [ -68.2538, -10.61542 ], [ -68.24981, -10.60761 ], [ -68.25468, -10.59369 ], [ -68.25345, -10.60523 ], [ -68.25873, -10.60078 ], [ -68.26292, -10.60121 ], [ -68.26397, -10.59492 ], [ -68.26881, -10.59278 ], [ -68.27321, -10.60073 ], [ -68.27133, -10.60742 ], [ -68.27489, -10.61186 ], [ -68.27923, -10.61092 ], [ -68.29075, -10.61668 ], [ -68.29256, -10.61328 ], [ -68.28643, -10.60965 ], [ -68.2927, -10.60506 ], [ -68.29243, -10.61023 ], [ -68.30385, -10.61785 ], [ -68.30671, -10.60844 ], [ -68.29704, -10.60299 ], [ -68.30707, -10.60012 ], [ -68.31676, -10.6097 ], [ -68.32321, -10.6226 ], [ -68.32583, -10.622 ], [ -68.32451, -10.61196 ], [ -68.33179, -10.61508 ], [ -68.33571, -10.60974 ], [ -68.34117, -10.61523 ], [ -68.34152, -10.62268 ], [ -68.34772, -10.62786 ], [ -68.35249, -10.62348 ], [ -68.36083, -10.62255 ], [ -68.3559, -10.6182 ], [ -68.35408, -10.61078 ], [ -68.36116, -10.60738 ], [ -68.35697, -10.61014 ], [ -68.363, -10.61607 ], [ -68.36315, -10.6248 ], [ -68.36833, -10.62362 ], [ -68.3759, -10.6158 ], [ -68.38701, -10.63029 ], [ -68.38791, -10.61532 ], [ -68.3841, -10.60892 ], [ -68.39243, -10.60704 ], [ -68.39798, -10.61495 ], [ -68.40783, -10.61619 ], [ -68.40492, -10.62843 ], [ -68.41113, -10.62535 ], [ -68.42337, -10.63658 ], [ -68.43177, -10.63867 ], [ -68.43645, -10.6452 ], [ -68.44151, -10.63505 ], [ -68.44309, -10.65068 ], [ -68.45215, -10.64452 ], [ -68.4478, -10.63734 ], [ -68.4541, -10.63631 ], [ -68.45317, -10.62931 ], [ -68.46263, -10.63357 ], [ -68.47375, -10.63336 ], [ -68.48192, -10.64351 ], [ -68.49338, -10.64119 ], [ -68.50001, -10.65056 ], [ -68.50446, -10.63945 ], [ -68.51034, -10.64018 ], [ -68.51472, -10.62568 ], [ -68.52137, -10.61856 ], [ -68.5648, -10.57193 ] ], [ [ -68.51956, -10.60493 ], [ -68.52188, -10.60914 ], [ -68.52137, -10.61856 ], [ -68.51956, -10.60493 ] ], [ [ -68.50479, -10.60482 ], [ -68.51754, -10.60125 ], [ -68.51825, -10.60255 ], [ -68.50479, -10.60482 ] ], [ [ -68.41456, -10.55019 ], [ -68.41458, -10.54991 ], [ -68.4252, -10.56084 ], [ -68.41456, -10.55019 ] ], [ [ -68.41529, -10.54183 ], [ -68.40861, -10.54739 ], [ -68.41237, -10.54237 ], [ -68.41858, -10.54103 ], [ -68.41555, -10.54192 ], [ -68.41484, -10.54703 ], [ -68.41529, -10.54183 ] ], [ [ -68.41014, -10.55719 ], [ -68.40976, -10.55717 ], [ -68.41008, -10.55678 ], [ -68.41014, -10.55719 ] ], [ [ -68.26582, -10.58766 ], [ -68.26557, -10.58806 ], [ -68.26084, -10.58445 ], [ -68.26582, -10.58766 ] ], [ [ -68.24115, -10.5881 ], [ -68.23944, -10.59068 ], [ -68.23939, -10.59055 ], [ -68.24115, -10.5881 ] ], [ [ -68.2362, -10.5764 ], [ -68.24662, -10.57989 ], [ -68.24632, -10.58034 ], [ -68.23602, -10.5769 ], [ -68.2362, -10.5764 ] ], [ [ -68.42654, -10.53867 ], [ -68.42731, -10.53671 ], [ -68.4274, -10.53842 ], [ -68.42654, -10.53867 ] ] ] ] } },
{ "type": "Feature", "properties": { "cluster": 429.0, "hvi": 0.1241, "population": 2128, "setores": 4, "municipio": "Xapuri" }, "geometry": { "type": "MultiPolygon", "coordinates": [ [ [ [ -68.48853, -10.65817 ], [ -68.48627, -10.66283 ], [ -68.48821, -10.66503 ], [ -68.49012, -10.66366 ], [ -68.49033, -10.66452 ], [ -68.49706, -10.66435 ], [ -68.49397, -10.6608 ], [ -68.49251, -10.66189 ], [ -68.49534, -10.65821 ], [ -68.48989, -10.6595 ], [ -68.48853, -10.65817 ] ] ], [ [ [ -68.49534, -10.65821 ], [ -68.49473, -10.65425 ], [ -68.49412, -10.65846 ], [ -68.49534, -10.65821 ] ] ] ] } },
{ "type": "Feature", "properties": { "cluster": 430.0, "hvi": 0.1747, "population": 834, "setores": 1, "municipio": "Xapuri" }, "geometry": { "type": "Polygon", "coordinates": [ [ [ -68.51034, -10.64018 ], [ -68.50446, -10.63945 ], [ -68.50206, -10.65015 ], [ -68.50628, -10.64872 ], [ -68.51034, -10.64018 ] ] ] } },
{ "type": "Feature", "properties": { "cluster": 431.0, "hvi": 0.1424, "population": 2527, "setores": 3, "municipio": "Xapuri" }, "geometry": { "type": "MultiPolygon", "coordinates": [ [ [ [ -68.49894, -10.64997 ], [ -68.49612, -10.64967 ], [ -68.49616, -10.64847 ], [ -68.48946, -10.64352 ], [ -68.48866, -10.64703 ], [ -68.49195, -10.64899 ], [ -68.48854, -10.65457 ], [ -68.49597, -10.65402 ], [ -68.49894, -10.64997 ] ] ], [ [ [ -68.49473, -10.65425 ], [ -68.49558, -10.65954 ], [ -68.49908, -10.65706 ], [ -68.4984, -10.65358 ], [ -68.49597, -10.65402 ], [ -68.49473, -10.65425 ] ] ] ] } },
{ "type": "Feature", "properties": { "cluster": 432.0, "hvi": 0.1181, "population": 411, "setores": 3, "municipio": "Xapuri" }, "geometry": { "type": "Polygon", "coordinates": [ [ [ -68.70823, -10.55929 ], [ -68.70756, -10.55702 ], [ -68.71874, -10.5617 ], [ -68.72811, -10.5593 ], [ -68.73859, -10.57205 ], [ -68.74346, -10.56541 ], [ -68.74985, -10.5663 ], [ -68.75087, -10.56225 ], [ -68.74659, -10.55967 ], [ -68.74879, -10.54371 ], [ -68.74766, -10.5562 ], [ -68.76282, -10.55334 ], [ -68.76261, -10.55938 ], [ -68.76614, -10.56006 ], [ -68.76598, -10.5561 ], [ -68.77005, -10.55315 ], [ -68.77445, -10.55499 ], [ -68.77181, -10.55975 ], [ -68.77458, -10.56269 ], [ -68.7783, -10.56149 ], [ -68.77945, -10.56783 ], [ -68.78198, -10.56709 ], [ -68.78133, -10.56313 ], [ -68.78451, -10.56368 ], [ -68.78058, -10.49871 ], [ -68.65576, -10.48982 ], [ -68.64954, -10.49708 ], [ -68.65067, -10.50482 ], [ -68.6376, -10.51552 ], [ -68.6349, -10.52326 ], [ -68.61993, -10.52405 ], [ -68.6159, -10.5212 ], [ -68.59949, -10.54697 ], [ -68.59551, -10.55974 ], [ -68.60019, -10.55857 ], [ -68.60505, -10.56156 ], [ -68.6097, -10.57105 ], [ -68.61798, -10.5764 ], [ -68.62228, -10.5841 ], [ -68.62082, -10.59264 ], [ -68.62712, -10.59584 ], [ -68.62974, -10.59273 ], [ -68.62616, -10.58918 ], [ -68.63003, -10.58928 ], [ -68.63311, -10.58423 ], [ -68.63063, -10.5765 ], [ -68.63649, -10.58312 ], [ -68.63838, -10.57664 ], [ -68.64484, -10.57756 ], [ -68.64424, -10.57118 ], [ -68.64903, -10.57596 ], [ -68.65691, -10.57552 ], [ -68.65473, -10.57269 ], [ -68.65978, -10.57403 ], [ -68.66307, -10.57097 ], [ -68.65913, -10.56965 ], [ -68.66471, -10.55951 ], [ -68.67282, -10.56943 ], [ -68.67339, -10.56378 ], [ -68.66992, -10.56064 ], [ -68.67447, -10.55982 ], [ -68.67666, -10.56784 ], [ -68.68152, -10.56612 ], [ -68.6839, -10.56877 ], [ -68.68455, -10.57566 ], [ -68.6871, -10.56911 ], [ -68.69513, -10.5688 ], [ -68.69855, -10.56212 ], [ -68.70105, -10.56241 ], [ -68.70823, -10.55929 ] ], [ [ -68.73823, -10.52858 ], [ -68.74893, -10.54206 ], [ -68.74893, -10.54216 ], [ -68.73823, -10.52858 ] ], [ [ -68.70505, -10.5046 ], [ -68.70499, -10.50502 ], [ -68.70449, -10.50371 ], [ -68.70505, -10.5046 ] ] ] } },
{ "type": "Feature", "properties": { "cluster": 433.0, "hvi": 0.1325, "population": 1589, "setores": 2, "municipio": "Porto Acre" }, "geometry": { "type": "Polygon", "coordinates": [ [ [ -67.42981, -9.68767 ], [ -67.44023, -9.67649 ], [ -67.46332, -9.67516 ], [ -67.48651, -9.65949 ], [ -67.49155, -9.65031 ], [ -67.50419, -9.64515 ], [ -67.51294, -9.6237 ], [ -67.51175, -9.6054 ], [ -67.5143, -9.59674 ], [ -67.52934, -9.5888 ], [ -67.52881, -9.58804 ], [ -67.53185, -9.59117 ], [ -67.53428, -9.58953 ], [ -67.54562, -9.59338 ], [ -67.54212, -9.58804 ], [ -67.52801, -9.58182 ], [ -67.52917, -9.57833 ], [ -67.52258, -9.57272 ], [ -67.51732, -9.56071 ], [ -67.41703, -9.57736 ], [ -67.42717, -9.60274 ], [ -67.3651, -9.63182 ], [ -67.3825, -9.66089 ], [ -67.37004, -9.67258 ], [ -67.36848, -9.6859 ], [ -67.37741, -9.68613 ], [ -67.38723, -9.67711 ], [ -67.38945, -9.68012 ], [ -67.39716, -9.67934 ], [ -67.40138, -9.6859 ], [ -67.40027, -9.69067 ], [ -67.4199, -9.69213 ], [ -67.42981, -9.68767 ] ], [ [ -67.52686, -9.58525 ], [ -67.52768, -9.58281 ], [ -67.52757, -9.58626 ], [ -67.52686, -9.58525 ] ] ] } },
{ "type": "Feature", "properties": { "cluster": 434.0, "hvi": 0.1165, "population": 1931, "setores": 4, "municipio": "Porto Acre" }, "geometry": { "type": "Polygon", "coordinates": [ [ [ -67.53496, -9.70402 ], [ -67.53671, -9.69736 ], [ -67.54501, -9.69487 ], [ -67.55183, -9.7041 ], [ -67.55156, -9.71071 ], [ -67.54606, -9.71061 ], [ -67.54706, -9.70179 ], [ -67.53514, -9.71108 ], [ -67.54456, -9.71967 ], [ -67.55244, -9.71711 ], [ -67.55732, -9.71091 ], [ -67.55776, -9.70483 ], [ -67.56384, -9.70587 ], [ -67.5646, -9.72307 ], [ -67.55717, -9.72898 ], [ -67.55803, -9.73655 ], [ -67.5762, -9.72338 ], [ -67.58451, -9.72454 ], [ -67.58836, -9.73153 ], [ -67.57567, -9.73101 ], [ -67.57629, -9.74287 ], [ -67.58544, -9.74206 ], [ -67.60316, -9.74678 ], [ -67.66939, -9.72892 ], [ -67.68197, -9.71803 ], [ -67.67091, -9.70317 ], [ -67.65734, -9.69952 ], [ -67.64986, -9.68506 ], [ -67.6378, -9.6775 ], [ -67.63426, -9.65942 ], [ -67.62708, -9.65541 ], [ -67.62042, -9.64589 ], [ -67.60968, -9.64332 ], [ -67.6035, -9.63628 ], [ -67.60788, -9.62021 ], [ -67.59056, -9.59714 ], [ -67.5827, -9.59202 ], [ -67.57069, -9.59356 ], [ -67.55998, -9.58655 ], [ -67.54746, -9.59301 ], [ -67.53254, -9.59126 ], [ -67.52934, -9.5888 ], [ -67.5143, -9.59674 ], [ -67.51175, -9.6054 ], [ -67.51294, -9.6237 ], [ -67.50397, -9.64537 ], [ -67.49155, -9.65031 ], [ -67.48651, -9.65949 ], [ -67.46332, -9.67516 ], [ -67.44023, -9.67649 ], [ -67.42981, -9.68767 ], [ -67.4199, -9.69213 ], [ -67.40813, -9.69057 ], [ -67.40868, -9.69955 ], [ -67.39929, -9.70454 ], [ -67.39673, -9.71662 ], [ -67.39537, -9.72906 ], [ -67.40973, -9.74358 ], [ -67.41399, -9.74062 ], [ -67.42624, -9.74138 ], [ -67.42975, -9.73629 ], [ -67.44391, -9.73529 ], [ -67.46482, -9.72418 ], [ -67.47349, -9.72307 ], [ -67.47504, -9.71501 ], [ -67.48085, -9.71249 ], [ -67.4961, -9.72062 ], [ -67.50067, -9.71961 ], [ -67.51916, -9.70287 ], [ -67.5301, -9.70106 ], [ -67.53013, -9.70166 ], [ -67.53496, -9.70402 ] ], [ [ -67.5367, -9.60449 ], [ -67.5366, -9.60275 ], [ -67.54326, -9.6046 ], [ -67.5367, -9.60449 ] ], [ [ -67.53629, -9.59728 ], [ -67.53667, -9.59781 ], [ -67.53649, -9.60087 ], [ -67.53629, -9.59728 ] ] ] } },
{ "type": "Feature", "properties": { "cluster": 435.0, "hvi": 0.1041, "population": 1738, "setores": 6, "municipio": "Porto Acre" }, "geometry": { "type": "Polygon", "coordinates": [ [ [ -67.43785, -9.83527 ], [ -67.44165, -9.84619 ], [ -67.44898, -9.83068 ], [ -67.45008, -9.81111 ], [ -67.44708, -9.80297 ], [ -67.44926, -9.79868 ], [ -67.45651, -9.79428 ], [ -67.46988, -9.79707 ], [ -67.47548, -9.79513 ], [ -67.49845, -9.77401 ], [ -67.51804, -9.74974 ], [ -67.54952, -9.72301 ], [ -67.55018, -9.71867 ], [ -67.54312, -9.71927 ], [ -67.53514, -9.71108 ], [ -67.54706, -9.70179 ], [ -67.54606, -9.71061 ], [ -67.55067, -9.71208 ], [ -67.55277, -9.70683 ], [ -67.55026, -9.70143 ], [ -67.54236, -9.69431 ], [ -67.5364, -9.69771 ], [ -67.53496, -9.70402 ], [ -67.53024, -9.70103 ], [ -67.51916, -9.70287 ], [ -67.49825, -9.72033 ], [ -67.48085, -9.71249 ], [ -67.47504, -9.71501 ], [ -67.47349, -9.72307 ], [ -67.46482, -9.72418 ], [ -67.44391, -9.73529 ], [ -67.42975, -9.73629 ], [ -67.42342, -9.74226 ], [ -67.41399, -9.74062 ], [ -67.40973, -9.74358 ], [ -67.39537, -9.72906 ], [ -67.38692, -9.73655 ], [ -67.38576, -9.73684 ], [ -67.39552, -9.72881 ], [ -67.3992, -9.70472 ], [ -67.40769, -9.70168 ], [ -67.40878, -9.69375 ], [ -67.40792, -9.69131 ], [ -67.40019, -9.6906 ], [ -67.40138, -9.6859 ], [ -67.39716, -9.67934 ], [ -67.38945, -9.68012 ], [ -67.38723, -9.67711 ], [ -67.37741, -9.68613 ], [ -67.36848, -9.6859 ], [ -67.36413, -9.70912 ], [ -67.3764, -9.71519 ], [ -67.35307, -9.70611 ], [ -67.35257, -9.70032 ], [ -67.33472, -9.6993 ], [ -67.33624, -9.71022 ], [ -67.33301, -9.72104 ], [ -67.35292, -9.75344 ], [ -67.35869, -9.74301 ], [ -67.35987, -9.74271 ], [ -67.35454, -9.75542 ], [ -67.35948, -9.76139 ], [ -67.36769, -9.78157 ], [ -67.40782, -9.80517 ], [ -67.41956, -9.82466 ], [ -67.43785, -9.83527 ] ], [ [ -67.37636, -9.72662 ], [ -67.37628, -9.72649 ], [ -67.3764, -9.71519 ], [ -67.37636, -9.72662 ] ], [ [ -67.36321, -9.75803 ], [ -67.36957, -9.75234 ], [ -67.35948, -9.76139 ], [ -67.36321, -9.75803 ] ], [ [ -67.35973, -9.75524 ], [ -67.3576, -9.75258 ], [ -67.36321, -9.75803 ], [ -67.35973, -9.75524 ] ], [ [ -67.36625, -9.74172 ], [ -67.3624, -9.74206 ], [ -67.38293, -9.73686 ], [ -67.37669, -9.72713 ], [ -67.38521, -9.73697 ], [ -67.3664, -9.74169 ], [ -67.36957, -9.75234 ], [ -67.36625, -9.74172 ] ] ] } },
{ "type": "Feature", "properties": { "cluster": 436.0, "hvi": 0.1193, "population": 1122, "setores": 2, "municipio": "Porto Acre" }, "geometry": { "type": "MultiPolygon", "coordinates": [ [ [ [ -67.69622, -9.74134 ], [ -67.69056, -9.73344 ], [ -67.68062, -9.74014 ], [ -67.69156, -9.75376 ], [ -67.70452, -9.74265 ], [ -67.69622, -9.74134 ] ] ], [ [ [ -67.69115, -9.73425 ], [ -67.69799, -9.72729 ], [ -67.69607, -9.72465 ], [ -67.68896, -9.73113 ], [ -67.69115, -9.73425 ] ] ] ] } },
{ "type": "Feature", "properties": { "cluster": 437.0, "hvi": 0.1024, "population": 2788, "setores": 11, "municipio": "Bujari" }, "geometry": { "type": "MultiPolygon", "coordinates": [ [ [ [ -67.80947, -9.75146 ], [ -67.80415, -9.74774 ], [ -67.80532, -9.74146 ], [ -67.8137, -9.74095 ], [ -67.81472, -9.74652 ], [ -67.82782, -9.75218 ], [ -67.84651, -9.74373 ], [ -67.84295, -9.73922 ], [ -67.84592, -9.7362 ], [ -67.84975, -9.73614 ], [ -67.8512, -9.74044 ], [ -67.85413, -9.73933 ], [ -67.85704, -9.72673 ], [ -67.86462, -9.7408 ], [ -67.87206, -9.73282 ], [ -67.87549, -9.72048 ], [ -67.87689, -9.72353 ], [ -67.88336, -9.71541 ], [ -67.88452, -9.71959 ], [ -67.90603, -9.71192 ], [ -67.91402, -9.70568 ], [ -67.91218, -9.69601 ], [ -67.92186, -9.69355 ], [ -67.91588, -9.68687 ], [ -67.9222, -9.69355 ], [ -67.92366, -9.6891 ], [ -67.92081, -9.68895 ], [ -67.9198, -9.68471 ], [ -67.92173, -9.67613 ], [ -67.91004, -9.66927 ], [ -67.99359, -9.61761 ], [ -68.00758, -9.62445 ], [ -68.01422, -9.62009 ], [ -68.01764, -9.62128 ], [ -68.03132, -9.63744 ], [ -68.04323, -9.64416 ], [ -68.07194, -9.67007 ], [ -68.0814, -9.68303 ], [ -68.08637, -9.68387 ], [ -68.08908, -9.69251 ], [ -68.10582, -9.69544 ], [ -68.12574, -9.70959 ], [ -68.14094, -9.70823 ], [ -68.14445, -9.71304 ], [ -68.14846, -9.71053 ], [ -68.09465, -9.66574 ], [ -68.06645, -9.64928 ], [ -68.02871, -9.61334 ], [ -68.02049, -9.60098 ], [ -68.09034, -9.5578 ], [ -68.08713, -9.54515 ], [ -68.07405, -9.52453 ], [ -68.04153, -9.499 ], [ -68.02978, -9.49392 ], [ -68.02787, -9.48498 ], [ -68.02018, -9.48068 ], [ -68.0177, -9.46897 ], [ -68.0177, -9.46022 ], [ -68.02337, -9.4538 ], [ -68.02633, -9.44317 ], [ -68.0393, -9.43715 ], [ -68.04168, -9.42881 ], [ -68.05613, -9.41226 ], [ -68.05458, -9.39804 ], [ -68.0593, -9.38888 ], [ -68.04673, -9.35914 ], [ -68.05183, -9.35442 ], [ -68.048, -9.35508 ], [ -68.04901, -9.35302 ], [ -68.0436, -9.34948 ], [ -68.04264, -9.35211 ], [ -68.04007, -9.34744 ], [ -68.03909, -9.35059 ], [ -68.03526, -9.34783 ], [ -68.03447, -9.3502 ], [ -68.0319, -9.34417 ], [ -68.02739, -9.34427 ], [ -68.02762, -9.3477 ], [ -68.0241, -9.34652 ], [ -68.02076, -9.35815 ], [ -68.01456, -9.35436 ], [ -68.01022, -9.3561 ], [ -68.00715, -9.35253 ], [ -68.00707, -9.35561 ], [ -68.00242, -9.35511 ], [ -68.00213, -9.35866 ], [ -67.99952, -9.35604 ], [ -67.99765, -9.35964 ], [ -67.99415, -9.35785 ], [ -67.99541, -9.35608 ], [ -67.98917, -9.35616 ], [ -67.98914, -9.35364 ], [ -67.98354, -9.35709 ], [ -67.97717, -9.35259 ], [ -67.51732, -9.56071 ], [ -67.52258, -9.57272 ], [ -67.52917, -9.57833 ], [ -67.52771, -9.58169 ], [ -67.54746, -9.59301 ], [ -67.55998, -9.58655 ], [ -67.57069, -9.59356 ], [ -67.5827, -9.59202 ], [ -67.591, -9.59747 ], [ -67.60788, -9.62021 ], [ -67.6035, -9.63628 ], [ -67.60968, -9.64332 ], [ -67.62042, -9.64589 ], [ -67.62708, -9.6554 ], [ -67.63426, -9.65942 ], [ -67.63755, -9.67712 ], [ -67.64986, -9.68506 ], [ -67.72036, -9.57683 ], [ -67.68559, -9.63089 ], [ -67.73814, -9.67577 ], [ -67.74247, -9.6736 ], [ -67.74705, -9.67523 ], [ -67.74926, -9.67946 ], [ -67.77336, -9.67585 ], [ -67.75031, -9.67939 ], [ -67.74343, -9.68652 ], [ -67.74613, -9.72299 ], [ -67.79658, -9.76192 ], [ -67.80947, -9.75146 ] ], [ [ -67.8835, -9.43015 ], [ -67.88606, -9.39825 ], [ -67.88086, -9.47 ], [ -67.8835, -9.43015 ] ], [ [ -67.74386, -9.50442 ], [ -67.79617, -9.5353 ], [ -67.77578, -9.52349 ], [ -67.74386, -9.50442 ] ], [ [ -67.75147, -9.52243 ], [ -67.75168, -9.52244 ], [ -67.74013, -9.52997 ], [ -67.75147, -9.52243 ] ], [ [ -67.74537, -9.54083 ], [ -67.74449, -9.542 ], [ -67.74013, -9.52997 ], [ -67.74537, -9.54083 ] ], [ [ -67.7419, -9.54358 ], [ -67.73761, -9.54585 ], [ -67.74261, -9.54246 ], [ -67.7438, -9.54292 ], [ -67.74117, -9.54643 ], [ -67.7419, -9.54358 ] ], [ [ -67.73359, -9.55503 ], [ -67.73358, -9.55492 ], [ -67.73761, -9.54585 ], [ -67.73359, -9.55503 ] ], [ [ -67.74085, -9.54769 ], [ -67.74096, -9.54727 ], [ -67.7449, -9.54684 ], [ -67.74085, -9.54769 ] ], [ [ -67.76082, -9.56092 ], [ -67.75743, -9.55502 ], [ -67.76168, -9.56136 ], [ -67.76082, -9.56092 ] ], [ [ -67.78812, -9.58252 ], [ -67.78179, -9.57929 ], [ -67.79084, -9.58111 ], [ -67.78812, -9.58252 ] ], [ [ -67.79919, -9.58345 ], [ -67.79749, -9.58244 ], [ -67.7985, -9.58264 ], [ -67.79919, -9.58345 ] ], [ [ -67.79805, -9.59121 ], [ -67.80004, -9.58446 ], [ -67.80071, -9.58526 ], [ -67.79805, -9.59121 ] ], [ [ -67.80173, -9.59352 ], [ -67.80144, -9.59334 ], [ -67.80834, -9.59019 ], [ -67.80173, -9.59352 ] ], [ [ -67.81609, -9.60961 ], [ -67.81797, -9.6066 ], [ -67.81717, -9.61014 ], [ -67.81609, -9.60961 ] ], [ [ -67.80832, -9.62003 ], [ -67.81679, -9.61224 ], [ -67.81761, -9.61295 ], [ -67.80832, -9.62003 ] ], [ [ -67.83538, -9.60691 ], [ -67.8405, -9.61012 ], [ -67.83994, -9.61229 ], [ -67.83538, -9.60691 ] ], [ [ -67.83961, -9.61357 ], [ -67.83951, -9.61397 ], [ -67.83863, -9.61386 ], [ -67.83961, -9.61357 ] ], [ [ -67.83356, -9.61325 ], [ -67.82953, -9.61277 ], [ -67.83324, -9.612 ], [ -67.83356, -9.61325 ] ], [ [ -67.82529, -9.61962 ], [ -67.8196, -9.6165 ], [ -67.81921, -9.61434 ], [ -67.82529, -9.61962 ] ], [ [ -67.72423, -9.53665 ], [ -67.73169, -9.53809 ], [ -67.72472, -9.53788 ], [ -67.72423, -9.53665 ] ], [ [ -67.72224, -9.53167 ], [ -67.72225, -9.5317 ], [ -67.72212, -9.5317 ], [ -67.72224, -9.53167 ] ], [ [ -67.72051, -9.528 ], [ -67.71907, -9.53162 ], [ -67.71811, -9.53159 ], [ -67.72051, -9.528 ] ], [ [ -67.6998, -9.52641 ], [ -67.70508, -9.52574 ], [ -67.69969, -9.52656 ], [ -67.6998, -9.52641 ] ], [ [ -67.70229, -9.51496 ], [ -67.70197, -9.51628 ], [ -67.70191, -9.51483 ], [ -67.70229, -9.51496 ] ], [ [ -67.69511, -9.5126 ], [ -67.69533, -9.51267 ], [ -67.6951, -9.51265 ], [ -67.69511, -9.5126 ] ], [ [ -67.69606, -9.50974 ], [ -67.69563, -9.51083 ], [ -67.69594, -9.50979 ], [ -67.69606, -9.50974 ] ], [ [ -67.68436, -9.50539 ], [ -67.69088, -9.5117 ], [ -67.69084, -9.51172 ], [ -67.68436, -9.50539 ] ], [ [ -67.67788, -9.50198 ], [ -67.67856, -9.50288 ], [ -67.67715, -9.50399 ], [ -67.67788, -9.50198 ] ], [ [ -67.6638, -9.51496 ], [ -67.66694, -9.51467 ], [ -67.66381, -9.51503 ], [ -67.6638, -9.51496 ] ] ] ] } },
{ "type": "Feature", "properties": { "cluster": 438.0, "hvi": 0.1181, "population": 2142, "setores": 4, "municipio": "Porto Acre" }, "geometry": { "type": "MultiPolygon", "coordinates": [ [ [ [ -67.70157, -9.73148 ], [ -67.70516, -9.7292 ], [ -67.7023, -9.72543 ], [ -67.69941, -9.7274 ], [ -67.70157, -9.73148 ] ] ], [ [ [ -67.70516, -9.7292 ], [ -67.70822, -9.727 ], [ -67.70506, -9.72348 ], [ -67.70879, -9.71924 ], [ -67.702, -9.71351 ], [ -67.69899, -9.7169 ], [ -67.70501, -9.72352 ], [ -67.7024, -9.72536 ], [ -67.70516, -9.7292 ] ] ], [ [ [ -67.712, -9.72707 ], [ -67.70637, -9.72202 ], [ -67.70991, -9.72897 ], [ -67.712, -9.72707 ] ] ] ] } },
{ "type": "Feature", "properties": { "cluster": 439.0, "hvi": 0.1123, "population": 2930, "setores": 7, "municipio": "Porto Acre" }, "geometry": { "type": "Polygon", "coordinates": [ [ [ -67.70635, -9.74335 ], [ -67.69156, -9.75376 ], [ -67.68062, -9.74014 ], [ -67.69056, -9.73344 ], [ -67.68917, -9.73094 ], [ -67.69607, -9.72469 ], [ -67.6962, -9.72961 ], [ -67.7, -9.73252 ], [ -67.70157, -9.73148 ], [ -67.69609, -9.72467 ], [ -67.69686, -9.72398 ], [ -67.69936, -9.72744 ], [ -67.70502, -9.72354 ], [ -67.69899, -9.7169 ], [ -67.702, -9.71351 ], [ -67.70971, -9.71824 ], [ -67.73846, -9.68511 ], [ -67.73838, -9.68267 ], [ -67.7406, -9.6859 ], [ -67.74764, -9.68406 ], [ -67.74294, -9.6799 ], [ -67.74926, -9.67947 ], [ -67.74705, -9.67523 ], [ -67.73814, -9.67577 ], [ -67.68559, -9.63089 ], [ -67.64986, -9.68506 ], [ -67.65734, -9.69952 ], [ -67.66981, -9.7024 ], [ -67.67576, -9.70886 ], [ -67.68146, -9.71847 ], [ -67.66939, -9.72892 ], [ -67.62184, -9.7429 ], [ -67.61682, -9.74145 ], [ -67.60316, -9.74678 ], [ -67.58544, -9.74206 ], [ -67.57629, -9.74287 ], [ -67.58459, -9.75197 ], [ -67.58148, -9.76442 ], [ -67.58995, -9.75938 ], [ -67.59685, -9.76317 ], [ -67.59184, -9.77163 ], [ -67.5846, -9.77301 ], [ -67.58228, -9.77676 ], [ -67.59551, -9.7885 ], [ -67.59149, -9.79493 ], [ -67.58422, -9.79292 ], [ -67.5816, -9.79497 ], [ -67.58307, -9.80131 ], [ -67.59122, -9.80505 ], [ -67.59041, -9.8134 ], [ -67.58081, -9.82413 ], [ -67.60798, -9.82392 ], [ -67.66151, -9.80971 ], [ -67.68787, -9.78775 ], [ -67.70243, -9.78305 ], [ -67.70196, -9.76988 ], [ -67.7068, -9.76352 ], [ -67.70948, -9.74814 ], [ -67.70635, -9.74335 ] ] ] } },
{ "type": "Feature", "properties": { "cluster": 440.0, "hvi": 0.1179, "population": 543, "setores": 1, "municipio": "Porto Acre" }, "geometry": { "type": "Polygon", "coordinates": [ [ [ -67.74294, -9.6799 ], [ -67.74769, -9.68401 ], [ -67.75031, -9.67939 ], [ -67.74294, -9.6799 ] ] ] } }
]
}
