{
"type": "FeatureCollection",
"name": "clusters_df",
"crs": { "type": "name", "properties": { "name": "urn:ogc:def:crs:OGC:1.3:CRS84" } },
"xy_coordinate_resolution": 1e-05,
"features": [
{ "type": "Feature", "properties": { "cluster": 0.0, "hvi": 0.1286, "population": 2095, "setores": 3, "municipio": "Brasília" }, "geometry": { "type": "MultiPolygon", "coordinates": [ [ [ [ -47.88406, -15.78102 ], [ -47.88319, -15.78098 ], [ -47.88231, -15.7829 ], [ -47.88406, -15.78102 ] ] ], [ [ [ -47.88069, -15.77929 ], [ -47.88231, -15.77884 ], [ -47.88406, -15.78102 ], [ -47.88442, -15.7774 ], [ -47.88069, -15.77929 ] ] ] ] } },
{ "type": "Feature", "properties": { "cluster": 1.0, "hvi": 0.1204, "population": 2796, "setores": 6, "municipio": "Brasília" }, "geometry": { "type": "MultiPolygon", "coordinates": [ [ [ [ -47.88481, -15.78021 ], [ -47.88611, -15.77981 ], [ -47.88762, -15.78115 ], [ -47.8882, -15.77514 ], [ -47.88588, -15.77708 ], [ -47.88449, -15.777 ], [ -47.88481, -15.78021 ] ], [ [ -47.88622, -15.77958 ], [ -47.88655, -15.77885 ], [ -47.88766, -15.7806 ], [ -47.88622, -15.77958 ] ], [ [ -47.88704, -15.77774 ], [ -47.88722, -15.77735 ], [ -47.88794, -15.7775 ], [ -47.88704, -15.77774 ] ] ], [ [ [ -47.88462, -15.77477 ], [ -47.88586, -15.77707 ], [ -47.88535, -15.77485 ], [ -47.88462, -15.77477 ] ] ], [ [ [ -47.88535, -15.77485 ], [ -47.88751, -15.77551 ], [ -47.88756, -15.77506 ], [ -47.88535, -15.77485 ] ] ] ] } },
{ "type": "Feature", "properties": { "cluster": 2.0, "hvi": 0.1274, "population": 2887, "setores": 5, "municipio": "Brasília" }, "geometry": { "type": "MultiPolygon", "coordinates": [ [ [ [ -47.88462, -15.77477 ], [ -47.88333, -15.77461 ], [ -47.88442, -15.7774 ], [ -47.88462, -15.77477 ] ] ], [ [ [ -47.88333, -15.77461 ], [ -47.88117, -15.77435 ], [ -47.88231, -15.77726 ], [ -47.88333, -15.77461 ] ] ], [ [ [ -47.88462, -15.77477 ], [ -47.88398, -15.77258 ], [ -47.88512, -15.77226 ], [ -47.88529, -15.77136 ], [ -47.88174, -15.77069 ], [ -47.88131, -15.77332 ], [ -47.88257, -15.77297 ], [ -47.88117, -15.77435 ], [ -47.88462, -15.77477 ] ] ], [ [ [ -47.88817, -15.7715 ], [ -47.88512, -15.77226 ], [ -47.888, -15.77229 ], [ -47.88817, -15.7715 ] ] ] ] } },
{ "type": "Feature", "properties": { "cluster": 3.0, "hvi": 0.1167, "population": 2868, "setores": 6, "municipio": "Brasília" }, "geometry": { "type": "MultiPolygon", "coordinates": [ [ [ [ -47.88842, -15.77034 ], [ -47.88869, -15.77204 ], [ -47.88929, -15.76946 ], [ -47.88842, -15.77034 ] ] ], [ [ [ -47.88677, -15.77065 ], [ -47.88842, -15.77034 ], [ -47.88866, -15.76931 ], [ -47.88677, -15.77065 ] ] ], [ [ [ -47.88669, -15.77117 ], [ -47.88643, -15.76893 ], [ -47.88579, -15.76878 ], [ -47.88669, -15.77117 ] ] ], [ [ [ -47.88599, -15.76791 ], [ -47.88806, -15.76969 ], [ -47.88866, -15.76931 ], [ -47.88944, -15.76882 ], [ -47.88599, -15.76791 ] ] ], [ [ [ -47.89023, -15.76613 ], [ -47.88944, -15.76882 ], [ -47.89758, -15.77096 ], [ -47.89879, -15.76717 ], [ -47.89023, -15.76613 ] ] ], [ [ [ -47.89127, -15.76599 ], [ -47.89165, -15.76387 ], [ -47.89102, -15.76365 ], [ -47.89127, -15.76599 ] ] ] ] } },
{ "type": "Feature", "properties": { "cluster": 4.0, "hvi": 0.1234, "population": 2540, "setores": 5, "municipio": "Brasília" }, "geometry": { "type": "MultiPolygon", "coordinates": [ [ [ [ -47.88599, -15.76791 ], [ -47.88944, -15.76882 ], [ -47.89015, -15.76639 ], [ -47.88692, -15.76737 ], [ -47.88599, -15.76791 ] ] ], [ [ [ -47.88757, -15.7627 ], [ -47.88857, -15.76411 ], [ -47.88712, -15.76457 ], [ -47.8865, -15.76625 ], [ -47.89015, -15.76639 ], [ -47.89039, -15.76353 ], [ -47.88827, -15.76289 ], [ -47.88918, -15.76392 ], [ -47.88757, -15.7627 ] ] ] ] } },
{ "type": "Feature", "properties": { "cluster": 5.0, "hvi": 0.139, "population": 2395, "setores": 3, "municipio": "Brasília" }, "geometry": { "type": "MultiPolygon", "coordinates": [ [ [ [ -47.89882, -15.76172 ], [ -47.89975, -15.759 ], [ -47.89301, -15.75747 ], [ -47.89216, -15.76006 ], [ -47.89882, -15.76172 ] ] ], [ [ [ -47.89301, -15.75747 ], [ -47.89096, -15.75689 ], [ -47.89212, -15.76017 ], [ -47.89301, -15.75747 ] ] ], [ [ [ -47.89096, -15.75689 ], [ -47.88956, -15.75651 ], [ -47.89039, -15.7592 ], [ -47.89096, -15.75689 ] ] ] ] } },
{ "type": "Feature", "properties": { "cluster": 6.0, "hvi": 0.1304, "population": 1292, "setores": 2, "municipio": "Brasília" }, "geometry": { "type": "MultiPolygon", "coordinates": [ [ [ [ -47.88627, -15.75543 ], [ -47.88817, -15.75605 ], [ -47.88895, -15.75244 ], [ -47.88627, -15.75543 ] ] ], [ [ [ -47.88653, -15.75463 ], [ -47.88691, -15.75338 ], [ -47.88444, -15.75274 ], [ -47.88653, -15.75463 ] ] ] ] } },
{ "type": "Feature", "properties": { "cluster": 7.0, "hvi": 0.112, "population": 1955, "setores": 6, "municipio": "Brasília" }, "geometry": { "type": "MultiPolygon", "coordinates": [ [ [ [ -47.88317, -15.75364 ], [ -47.88252, -15.75049 ], [ -47.88094, -15.75301 ], [ -47.88317, -15.75364 ] ] ], [ [ [ -47.88765, -15.7511 ], [ -47.89077, -15.75295 ], [ -47.89104, -15.75211 ], [ -47.88765, -15.7511 ] ] ], [ [ [ -47.88252, -15.75049 ], [ -47.88323, -15.75345 ], [ -47.88392, -15.75135 ], [ -47.88738, -15.75196 ], [ -47.88252, -15.75049 ] ] ], [ [ [ -47.88765, -15.7511 ], [ -47.88429, -15.75021 ], [ -47.88738, -15.75196 ], [ -47.88765, -15.7511 ] ] ], [ [ [ -47.8867, -15.74921 ], [ -47.88765, -15.7511 ], [ -47.88824, -15.74922 ], [ -47.88726, -15.74995 ], [ -47.8867, -15.74921 ] ] ] ] } },
{ "type": "Feature", "properties": { "cluster": 8.0, "hvi": 0.1172, "population": 3269, "setores": 8, "municipio": "Brasília" }, "geometry": { "type": "MultiPolygon", "coordinates": [ [ [ [ -47.89326, -15.75669 ], [ -47.89483, -15.75801 ], [ -47.89496, -15.75753 ], [ -47.89326, -15.75669 ] ] ], [ [ [ -47.89219, -15.75636 ], [ -47.89326, -15.75669 ], [ -47.89439, -15.75104 ], [ -47.89296, -15.75284 ], [ -47.89039, -15.75399 ], [ -47.8932, -15.75475 ], [ -47.89158, -15.75554 ], [ -47.89183, -15.75447 ], [ -47.88956, -15.75651 ], [ -47.89301, -15.75747 ], [ -47.89219, -15.75636 ] ], [ [ -47.89396, -15.75239 ], [ -47.89349, -15.7526 ], [ -47.89439, -15.75104 ], [ -47.89396, -15.75239 ] ] ], [ [ [ -47.89397, -15.75447 ], [ -47.89417, -15.75697 ], [ -47.89487, -15.75473 ], [ -47.89397, -15.75447 ] ] ], [ [ [ -47.8924, -15.75214 ], [ -47.8929, -15.75272 ], [ -47.894, -15.75092 ], [ -47.8924, -15.75214 ] ] ] ] } },
{ "type": "Feature", "properties": { "cluster": 9.0, "hvi": 0.119, "population": 2169, "setores": 5, "municipio": "Brasília" }, "geometry": { "type": "MultiPolygon", "coordinates": [ [ [ [ -47.8929, -15.7506 ], [ -47.8916, -15.7502 ], [ -47.8924, -15.75214 ], [ -47.8929, -15.7506 ] ] ], [ [ [ -47.8916, -15.7502 ], [ -47.89184, -15.74945 ], [ -47.88851, -15.7484 ], [ -47.88765, -15.7511 ], [ -47.89076, -15.75039 ], [ -47.89104, -15.75211 ], [ -47.8916, -15.7502 ] ] ], [ [ [ -47.89334, -15.74954 ], [ -47.8936, -15.74995 ], [ -47.89412, -15.74841 ], [ -47.89334, -15.74954 ] ] ], [ [ [ -47.89252, -15.74766 ], [ -47.89334, -15.74954 ], [ -47.89376, -15.7483 ], [ -47.89252, -15.74766 ] ] ] ] } },
{ "type": "Feature", "properties": { "cluster": 10.0, "hvi": 0.114, "population": 2486, "setores": 6, "municipio": "Brasília" }, "geometry": { "type": "MultiPolygon", "coordinates": [ [ [ [ -47.89679, -15.75179 ], [ -47.89703, -15.75101 ], [ -47.895, -15.75122 ], [ -47.89679, -15.75179 ] ] ], [ [ [ -47.89184, -15.74945 ], [ -47.895, -15.75122 ], [ -47.89521, -15.75056 ], [ -47.89184, -15.74945 ] ] ], [ [ [ -47.89158, -15.74736 ], [ -47.89184, -15.74945 ], [ -47.89252, -15.74766 ], [ -47.89158, -15.74736 ] ] ], [ [ [ -47.89125, -15.74847 ], [ -47.88892, -15.74712 ], [ -47.89061, -15.74905 ], [ -47.89125, -15.74847 ] ] ], [ [ [ -47.89135, -15.74695 ], [ -47.89252, -15.74766 ], [ -47.89283, -15.74679 ], [ -47.88937, -15.74574 ], [ -47.89123, -15.74688 ], [ -47.8903, -15.74755 ], [ -47.89125, -15.74847 ], [ -47.89135, -15.74695 ] ] ] ] } },
{ "type": "Feature", "properties": { "cluster": 11.0, "hvi": 0.1124, "population": 1651, "setores": 5, "municipio": "Brasília" }, "geometry": { "type": "MultiPolygon", "coordinates": [ [ [ [ -47.89315, -15.74557 ], [ -47.89346, -15.74439 ], [ -47.89227, -15.74403 ], [ -47.89283, -15.74679 ], [ -47.89297, -15.74626 ], [ -47.89495, -15.74685 ], [ -47.89524, -15.74571 ], [ -47.89422, -15.74596 ], [ -47.89457, -15.74497 ], [ -47.89315, -15.74557 ] ], [ [ -47.89314, -15.74562 ], [ -47.8942, -15.74596 ], [ -47.89297, -15.74626 ], [ -47.89314, -15.74562 ] ] ], [ [ [ -47.89524, -15.74571 ], [ -47.89559, -15.74465 ], [ -47.89425, -15.74429 ], [ -47.89524, -15.74571 ] ] ], [ [ [ -47.89559, -15.74465 ], [ -47.89593, -15.7443 ], [ -47.89371, -15.74364 ], [ -47.89559, -15.74465 ] ] ] ] } },
{ "type": "Feature", "properties": { "cluster": 12.0, "hvi": 0.1253, "population": 2789, "setores": 5, "municipio": "Brasília" }, "geometry": { "type": "MultiPolygon", "coordinates": [ [ [ [ -47.88937, -15.74574 ], [ -47.89346, -15.74439 ], [ -47.89325, -15.74096 ], [ -47.89052, -15.74217 ], [ -47.88937, -15.74574 ] ] ], [ [ [ -47.89812, -15.74153 ], [ -47.89609, -15.74315 ], [ -47.89722, -15.74433 ], [ -47.89812, -15.74153 ] ] ], [ [ [ -47.89609, -15.74315 ], [ -47.89761, -15.74099 ], [ -47.89409, -15.74254 ], [ -47.89609, -15.74315 ] ] ], [ [ [ -47.89372, -15.7398 ], [ -47.89612, -15.74053 ], [ -47.8956, -15.73779 ], [ -47.89431, -15.73916 ], [ -47.8937, -15.73856 ], [ -47.89372, -15.7398 ] ] ] ] } },
{ "type": "Feature", "properties": { "cluster": 13.0, "hvi": 0.115, "population": 2919, "setores": 8, "municipio": "Brasília" }, "geometry": { "type": "MultiPolygon", "coordinates": [ [ [ [ -47.89913, -15.73835 ], [ -47.89768, -15.73964 ], [ -47.89827, -15.73902 ], [ -47.89612, -15.74053 ], [ -47.89812, -15.74153 ], [ -47.89913, -15.73835 ] ], [ [ -47.89756, -15.73969 ], [ -47.89756, -15.73975 ], [ -47.89654, -15.74066 ], [ -47.89756, -15.73969 ] ] ], [ [ [ -47.89521, -15.73992 ], [ -47.89913, -15.73835 ], [ -47.89402, -15.73128 ], [ -47.89242, -15.73631 ], [ -47.89331, -15.73746 ], [ -47.89154, -15.73899 ], [ -47.89307, -15.73944 ], [ -47.89364, -15.73789 ], [ -47.89521, -15.73992 ] ] ], [ [ [ -47.88938, -15.73732 ], [ -47.89226, -15.73678 ], [ -47.88904, -15.73624 ], [ -47.88938, -15.73732 ] ] ] ] } },
{ "type": "Feature", "properties": { "cluster": 14.0, "hvi": 0.1183, "population": 2812, "setores": 8, "municipio": "Brasília" }, "geometry": { "type": "MultiPolygon", "coordinates": [ [ [ [ -47.85679, -15.76523 ], [ -47.85668, -15.76587 ], [ -47.85793, -15.76645 ], [ -47.85679, -15.76523 ] ] ], [ [ [ -47.88822, -15.73775 ], [ -47.89136, -15.73952 ], [ -47.89192, -15.73778 ], [ -47.89058, -15.73814 ], [ -47.88885, -15.73573 ], [ -47.88592, -15.73491 ], [ -47.88833, -15.73737 ], [ -47.88495, -15.73792 ], [ -47.88725, -15.74094 ], [ -47.88822, -15.73775 ] ], [ [ -47.88822, -15.73774 ], [ -47.88999, -15.73829 ], [ -47.88822, -15.73775 ], [ -47.88822, -15.73774 ] ] ], [ [ [ -47.88615, -15.73432 ], [ -47.89226, -15.73678 ], [ -47.89402, -15.73128 ], [ -47.89189, -15.73143 ], [ -47.88615, -15.73432 ] ] ] ] } },
{ "type": "Feature", "properties": { "cluster": 15.0, "hvi": 0.1184, "population": 2932, "setores": 7, "municipio": "Brasília" }, "geometry": { "type": "MultiPolygon", "coordinates": [ [ [ [ -47.8888, -15.7592 ], [ -47.88537, -15.75816 ], [ -47.8884, -15.76018 ], [ -47.8888, -15.7592 ] ] ], [ [ [ -47.88803, -15.756 ], [ -47.88537, -15.75816 ], [ -47.88699, -15.75864 ], [ -47.88803, -15.756 ] ] ], [ [ [ -47.88537, -15.75816 ], [ -47.88653, -15.75463 ], [ -47.88317, -15.75364 ], [ -47.88279, -15.75658 ], [ -47.88508, -15.7562 ], [ -47.88537, -15.75816 ] ] ], [ [ [ -47.88392, -15.75135 ], [ -47.88409, -15.7539 ], [ -47.88483, -15.7516 ], [ -47.88392, -15.75135 ] ] ], [ [ [ -47.88483, -15.7516 ], [ -47.88691, -15.75338 ], [ -47.88725, -15.75233 ], [ -47.88483, -15.7516 ] ] ] ] } },
{ "type": "Feature", "properties": { "cluster": 16.0, "hvi": 0.1121, "population": 2988, "setores": 9, "municipio": "Brasília" }, "geometry": { "type": "MultiPolygon", "coordinates": [ [ [ [ -47.8812, -15.75983 ], [ -47.88203, -15.75716 ], [ -47.88059, -15.75669 ], [ -47.8812, -15.75983 ] ] ], [ [ [ -47.87972, -15.75944 ], [ -47.88059, -15.75669 ], [ -47.8791, -15.75618 ], [ -47.87972, -15.75944 ] ] ], [ [ [ -47.88344, -15.75458 ], [ -47.88228, -15.75642 ], [ -47.88305, -15.75746 ], [ -47.88431, -15.75703 ], [ -47.8828, -15.75658 ], [ -47.88344, -15.75458 ] ] ], [ [ [ -47.88235, -15.75624 ], [ -47.88302, -15.75403 ], [ -47.88115, -15.75416 ], [ -47.87999, -15.75347 ], [ -47.88107, -15.75474 ], [ -47.8791, -15.75618 ], [ -47.88203, -15.75716 ], [ -47.88151, -15.75525 ], [ -47.88235, -15.75624 ] ] ], [ [ [ -47.88084, -15.75081 ], [ -47.88072, -15.75368 ], [ -47.88096, -15.75301 ], [ -47.88164, -15.75105 ], [ -47.88084, -15.75081 ] ] ] ] } },
{ "type": "Feature", "properties": { "cluster": 17.0, "hvi": 0.1461, "population": 958, "setores": 1, "municipio": "Brasília" }, "geometry": { "type": "Polygon", "coordinates": [ [ [ -47.88113, -15.76073 ], [ -47.88355, -15.76388 ], [ -47.88426, -15.76168 ], [ -47.88113, -15.76073 ] ] ] } },
{ "type": "Feature", "properties": { "cluster": 18.0, "hvi": 0.1139, "population": 2951, "setores": 8, "municipio": "Brasília" }, "geometry": { "type": "MultiPolygon", "coordinates": [ [ [ [ -47.87841, -15.76722 ], [ -47.87908, -15.76669 ], [ -47.87684, -15.76613 ], [ -47.87717, -15.76818 ], [ -47.87822, -15.76736 ], [ -47.8795, -15.76928 ], [ -47.87975, -15.76818 ], [ -47.87841, -15.76722 ] ] ], [ [ [ -47.87767, -15.76519 ], [ -47.88264, -15.76706 ], [ -47.88338, -15.76439 ], [ -47.87885, -15.76301 ], [ -47.8795, -15.7632 ], [ -47.8806, -15.76113 ], [ -47.88161, -15.76335 ], [ -47.88106, -15.76026 ], [ -47.87743, -15.7614 ], [ -47.87761, -15.76515 ], [ -47.87651, -15.76442 ], [ -47.87908, -15.76669 ], [ -47.87767, -15.76519 ] ] ] ] } },
{ "type": "Feature", "properties": { "cluster": 19.0, "hvi": 0.1112, "population": 2656, "setores": 9, "municipio": "Brasília" }, "geometry": { "type": "MultiPolygon", "coordinates": [ [ [ [ -47.88332, -15.76922 ], [ -47.88529, -15.77136 ], [ -47.8854, -15.77086 ], [ -47.88332, -15.76922 ] ] ], [ [ [ -47.88474, -15.76854 ], [ -47.8854, -15.77086 ], [ -47.88579, -15.76878 ], [ -47.88474, -15.76854 ] ] ], [ [ [ -47.88239, -15.76797 ], [ -47.87823, -15.77003 ], [ -47.88174, -15.77069 ], [ -47.88239, -15.76797 ] ] ], [ [ [ -47.87878, -15.76798 ], [ -47.88239, -15.76797 ], [ -47.88579, -15.76878 ], [ -47.88712, -15.76457 ], [ -47.88338, -15.76439 ], [ -47.88405, -15.76639 ], [ -47.87878, -15.76798 ] ], [ [ -47.88513, -15.76633 ], [ -47.88514, -15.76632 ], [ -47.88514, -15.76633 ], [ -47.88513, -15.76633 ] ] ], [ [ [ -47.88338, -15.76439 ], [ -47.88355, -15.76388 ], [ -47.88049, -15.763 ], [ -47.88338, -15.76439 ] ] ] ] } },
{ "type": "Feature", "properties": { "cluster": 20.0, "hvi": 0.1139, "population": 1913, "setores": 5, "municipio": "Brasília" }, "geometry": { "type": "MultiPolygon", "coordinates": [ [ [ [ -47.87771, -15.77384 ], [ -47.8768, -15.7747 ], [ -47.87724, -15.77688 ], [ -47.87771, -15.77384 ] ] ], [ [ [ -47.88117, -15.77434 ], [ -47.88137, -15.77288 ], [ -47.8781, -15.77126 ], [ -47.87792, -15.77244 ], [ -47.87507, -15.77064 ], [ -47.8763, -15.77284 ], [ -47.8767, -15.7722 ], [ -47.87777, -15.77345 ], [ -47.88117, -15.77434 ] ] ], [ [ [ -47.87478, -15.77268 ], [ -47.87571, -15.77461 ], [ -47.87777, -15.77345 ], [ -47.87478, -15.77268 ] ] ] ] } },
{ "type": "Feature", "properties": { "cluster": 21.0, "hvi": 0.1187, "population": 2803, "setores": 6, "municipio": "Brasília" }, "geometry": { "type": "MultiPolygon", "coordinates": [ [ [ [ -47.87707, -15.78009 ], [ -47.8741, -15.77949 ], [ -47.87393, -15.78184 ], [ -47.87541, -15.78044 ], [ -47.87707, -15.78009 ] ] ], [ [ [ -47.87718, -15.77874 ], [ -47.87421, -15.77753 ], [ -47.87707, -15.78009 ], [ -47.87717, -15.77925 ], [ -47.88077, -15.77818 ], [ -47.88117, -15.77435 ], [ -47.87771, -15.77384 ], [ -47.87719, -15.77843 ], [ -47.8768, -15.7747 ], [ -47.87451, -15.77446 ], [ -47.87718, -15.77874 ] ] ] ] } },
{ "type": "Feature", "properties": { "cluster": 22.0, "hvi": 0.1154, "population": 2625, "setores": 7, "municipio": "Brasília" }, "geometry": { "type": "MultiPolygon", "coordinates": [ [ [ [ -47.87886, -15.78368 ], [ -47.87835, -15.78181 ], [ -47.87801, -15.78229 ], [ -47.87839, -15.78061 ], [ -47.88059, -15.78073 ], [ -47.87978, -15.77906 ], [ -47.88077, -15.77818 ], [ -47.87928, -15.77804 ], [ -47.87708, -15.78054 ], [ -47.87788, -15.78247 ], [ -47.87696, -15.78375 ], [ -47.87886, -15.78368 ] ] ], [ [ [ -47.8754, -15.78141 ], [ -47.87384, -15.78344 ], [ -47.87519, -15.78351 ], [ -47.8754, -15.78141 ] ] ], [ [ [ -47.88059, -15.78073 ], [ -47.87886, -15.78368 ], [ -47.88053, -15.78362 ], [ -47.88059, -15.78073 ] ] ], [ [ [ -47.87708, -15.78054 ], [ -47.87545, -15.78253 ], [ -47.87698, -15.78285 ], [ -47.87708, -15.78054 ] ] ] ] } },
{ "type": "Feature", "properties": { "cluster": 23.0, "hvi": 0.1186, "population": 2675, "setores": 6, "municipio": "Brasília" }, "geometry": { "type": "Polygon", "coordinates": [ [ [ -47.88452, -15.80736 ], [ -47.88713, -15.80576 ], [ -47.88677, -15.8084 ], [ -47.88947, -15.80624 ], [ -47.88847, -15.80251 ], [ -47.893, -15.79952 ], [ -47.89183, -15.79762 ], [ -47.88559, -15.80085 ], [ -47.88877, -15.80537 ], [ -47.88741, -15.80371 ], [ -47.88721, -15.80519 ], [ -47.88215, -15.79415 ], [ -47.87604, -15.79604 ], [ -47.87854, -15.7989 ], [ -47.87664, -15.8002 ], [ -47.88201, -15.80767 ], [ -47.88467, -15.80591 ], [ -47.88315, -15.80906 ], [ -47.88438, -15.80754 ], [ -47.88625, -15.80781 ], [ -47.88452, -15.80736 ] ] ] } },
{ "type": "Feature", "properties": { "cluster": 24.0, "hvi": 0.1118, "population": 2666, "setores": 8, "municipio": "Brasília" }, "geometry": { "type": "MultiPolygon", "coordinates": [ [ [ [ -47.89201, -15.81407 ], [ -47.89052, -15.81272 ], [ -47.88859, -15.81502 ], [ -47.8901, -15.81536 ], [ -47.89015, -15.81652 ], [ -47.89201, -15.81407 ] ] ], [ [ [ -47.89052, -15.81272 ], [ -47.88707, -15.81337 ], [ -47.88793, -15.81431 ], [ -47.89052, -15.81272 ] ] ], [ [ [ -47.88705, -15.8109 ], [ -47.88707, -15.81337 ], [ -47.88856, -15.81214 ], [ -47.88705, -15.8109 ] ] ], [ [ [ -47.88939, -15.8114 ], [ -47.88654, -15.80816 ], [ -47.88315, -15.80906 ], [ -47.88571, -15.81188 ], [ -47.88758, -15.81002 ], [ -47.88856, -15.81214 ], [ -47.88939, -15.8114 ] ] ] ] } },
{ "type": "Feature", "properties": { "cluster": 25.0, "hvi": 0.1247, "population": 2636, "setores": 5, "municipio": "Brasília" }, "geometry": { "type": "MultiPolygon", "coordinates": [ [ [ [ -47.89078, -15.81289 ], [ -47.89224, -15.81153 ], [ -47.88935, -15.81135 ], [ -47.89078, -15.81289 ] ] ], [ [ [ -47.89332, -15.81051 ], [ -47.89197, -15.80907 ], [ -47.89011, -15.8107 ], [ -47.89224, -15.81153 ], [ -47.89332, -15.81051 ] ] ], [ [ [ -47.89013, -15.80697 ], [ -47.88935, -15.81135 ], [ -47.89197, -15.80907 ], [ -47.89141, -15.80844 ], [ -47.89332, -15.81051 ], [ -47.8943, -15.80827 ], [ -47.89141, -15.80843 ], [ -47.89013, -15.80697 ] ] ], [ [ [ -47.88947, -15.80624 ], [ -47.88814, -15.80996 ], [ -47.89013, -15.80697 ], [ -47.88947, -15.80624 ] ] ] ] } },
{ "type": "Feature", "properties": { "cluster": 26.0, "hvi": 0.1088, "population": 483, "setores": 2, "municipio": "Brasília" }, "geometry": { "type": "MultiPolygon", "coordinates": [ [ [ [ -47.89276, -15.8148 ], [ -47.8936, -15.81567 ], [ -47.89509, -15.8141 ], [ -47.89276, -15.8148 ] ] ], [ [ [ -47.89509, -15.8141 ], [ -47.89605, -15.81313 ], [ -47.89418, -15.81137 ], [ -47.89509, -15.8141 ] ] ] ] } },
{ "type": "Feature", "properties": { "cluster": 27.0, "hvi": 0.1204, "population": 2857, "setores": 6, "municipio": "Brasília" }, "geometry": { "type": "MultiPolygon", "coordinates": [ [ [ [ -47.89808, -15.81928 ], [ -47.8963, -15.81789 ], [ -47.89592, -15.82149 ], [ -47.89808, -15.81928 ] ] ], [ [ [ -47.89471, -15.81656 ], [ -47.89457, -15.82046 ], [ -47.8963, -15.81789 ], [ -47.89471, -15.81656 ] ] ], [ [ [ -47.8936, -15.81567 ], [ -47.89287, -15.81901 ], [ -47.89471, -15.81656 ], [ -47.8936, -15.81567 ] ] ], [ [ [ -47.89151, -15.81782 ], [ -47.8936, -15.81567 ], [ -47.89015, -15.81652 ], [ -47.89151, -15.81782 ] ] ], [ [ [ -47.89774, -15.81459 ], [ -47.8936, -15.81567 ], [ -47.89435, -15.81623 ], [ -47.89774, -15.81459 ] ] ], [ [ [ -47.89721, -15.80949 ], [ -47.89605, -15.81313 ], [ -47.89849, -15.8106 ], [ -47.89721, -15.80949 ] ] ] ] } },
{ "type": "Feature", "properties": { "cluster": 28.0, "hvi": 0.1289, "population": 1187, "setores": 2, "municipio": "Brasília" }, "geometry": { "type": "Polygon", "coordinates": [ [ [ -47.89907, -15.82007 ], [ -47.90114, -15.82013 ], [ -47.90228, -15.81808 ], [ -47.89799, -15.81663 ], [ -47.89907, -15.82007 ] ] ] } },
{ "type": "Feature", "properties": { "cluster": 29.0, "hvi": 0.1221, "population": 2880, "setores": 6, "municipio": "Brasília" }, "geometry": { "type": "MultiPolygon", "coordinates": [ [ [ [ -47.90217, -15.82224 ], [ -47.90643, -15.81689 ], [ -47.90175, -15.81344 ], [ -47.90119, -15.8173 ], [ -47.90248, -15.81723 ], [ -47.90165, -15.81764 ], [ -47.90227, -15.81809 ], [ -47.89977, -15.8206 ], [ -47.90217, -15.82224 ] ] ], [ [ [ -47.90589, -15.81763 ], [ -47.90657, -15.82119 ], [ -47.90757, -15.81989 ], [ -47.90589, -15.81763 ] ] ], [ [ [ -47.90582, -15.8121 ], [ -47.90599, -15.8165 ], [ -47.90836, -15.81397 ], [ -47.90582, -15.8121 ] ] ] ] } },
{ "type": "Feature", "properties": { "cluster": 30.0, "hvi": 0.1192, "population": 2880, "setores": 6, "municipio": "Brasília" }, "geometry": { "type": "MultiPolygon", "coordinates": [ [ [ [ -47.90287, -15.82274 ], [ -47.90036, -15.82103 ], [ -47.89964, -15.8242 ], [ -47.90185, -15.82581 ], [ -47.90287, -15.82274 ] ] ], [ [ [ -47.90612, -15.82087 ], [ -47.90395, -15.82178 ], [ -47.90383, -15.82 ], [ -47.90375, -15.82335 ], [ -47.90391, -15.82205 ], [ -47.90475, -15.82279 ], [ -47.90612, -15.82087 ] ] ], [ [ [ -47.89907, -15.82007 ], [ -47.8981, -15.82307 ], [ -47.90036, -15.82103 ], [ -47.89907, -15.82007 ] ] ], [ [ [ -47.89808, -15.81928 ], [ -47.89725, -15.82246 ], [ -47.89907, -15.82007 ], [ -47.89808, -15.81928 ] ] ] ] } },
{ "type": "Feature", "properties": { "cluster": 31.0, "hvi": 0.1209, "population": 1417, "setores": 3, "municipio": "Brasília" }, "geometry": { "type": "MultiPolygon", "coordinates": [ [ [ [ -47.90586, -15.82645 ], [ -47.90677, -15.82557 ], [ -47.90535, -15.82455 ], [ -47.90586, -15.82645 ] ] ], [ [ [ -47.90752, -15.82375 ], [ -47.90582, -15.82376 ], [ -47.90756, -15.8219 ], [ -47.90612, -15.82087 ], [ -47.90372, -15.82188 ], [ -47.90518, -15.82443 ], [ -47.90575, -15.82383 ], [ -47.90677, -15.82557 ], [ -47.90752, -15.82375 ] ] ] ] } },
{ "type": "Feature", "properties": { "cluster": 32.0, "hvi": 0.1104, "population": 2719, "setores": 9, "municipio": "Brasília" }, "geometry": { "type": "MultiPolygon", "coordinates": [ [ [ [ -47.90886, -15.82887 ], [ -47.90984, -15.82783 ], [ -47.90708, -15.82958 ], [ -47.90774, -15.83006 ], [ -47.90882, -15.82892 ], [ -47.90993, -15.83098 ], [ -47.91059, -15.83016 ], [ -47.90886, -15.82887 ] ] ], [ [ [ -47.90708, -15.82958 ], [ -47.90889, -15.82711 ], [ -47.90716, -15.82586 ], [ -47.90586, -15.82871 ], [ -47.90736, -15.82792 ], [ -47.90708, -15.82958 ] ] ], [ [ [ -47.90359, -15.82514 ], [ -47.90441, -15.82658 ], [ -47.9033, -15.82687 ], [ -47.90502, -15.82814 ], [ -47.90716, -15.82586 ], [ -47.90502, -15.82642 ], [ -47.90359, -15.82514 ] ] ], [ [ [ -47.90265, -15.82472 ], [ -47.90265, -15.82639 ], [ -47.90359, -15.82514 ], [ -47.90265, -15.82472 ] ] ], [ [ [ -47.9044, -15.8257 ], [ -47.90535, -15.82455 ], [ -47.90438, -15.82389 ], [ -47.9044, -15.8257 ] ] ], [ [ [ -47.90344, -15.82504 ], [ -47.90438, -15.82389 ], [ -47.90287, -15.82274 ], [ -47.90344, -15.82504 ] ] ] ] } },
{ "type": "Feature", "properties": { "cluster": 33.0, "hvi": 0.1173, "population": 2834, "setores": 7, "municipio": "Brasília" }, "geometry": { "type": "MultiPolygon", "coordinates": [ [ [ [ -47.90984, -15.82783 ], [ -47.91106, -15.83051 ], [ -47.91128, -15.83067 ], [ -47.91251, -15.82903 ], [ -47.90984, -15.82783 ] ] ], [ [ [ -47.91238, -15.82858 ], [ -47.91251, -15.82903 ], [ -47.91309, -15.82828 ], [ -47.91238, -15.82858 ] ] ], [ [ [ -47.91107, -15.82624 ], [ -47.91238, -15.82858 ], [ -47.91307, -15.8277 ], [ -47.91107, -15.82624 ] ] ], [ [ [ -47.91107, -15.82624 ], [ -47.91408, -15.8223 ], [ -47.91096, -15.82014 ], [ -47.90886, -15.82284 ], [ -47.91015, -15.82599 ], [ -47.908, -15.82541 ], [ -47.90984, -15.82783 ], [ -47.91107, -15.82624 ] ] ] ] } },
{ "type": "Feature", "properties": { "cluster": 34.0, "hvi": 0.1195, "population": 2608, "setores": 6, "municipio": "Brasília" }, "geometry": { "type": "MultiPolygon", "coordinates": [ [ [ [ -47.92022, -15.82672 ], [ -47.91947, -15.82621 ], [ -47.91503, -15.82729 ], [ -47.91709, -15.82459 ], [ -47.91289, -15.82575 ], [ -47.91196, -15.82508 ], [ -47.91271, -15.82876 ], [ -47.91663, -15.8299 ], [ -47.91734, -15.82897 ], [ -47.91968, -15.83066 ], [ -47.92022, -15.82672 ] ] ], [ [ [ -47.91408, -15.8223 ], [ -47.91196, -15.82508 ], [ -47.91409, -15.82524 ], [ -47.91558, -15.82345 ], [ -47.91408, -15.8223 ] ] ] ] } },
{ "type": "Feature", "properties": { "cluster": 35.0, "hvi": 0.1119, "population": 2100, "setores": 6, "municipio": "Brasília" }, "geometry": { "type": "MultiPolygon", "coordinates": [ [ [ [ -47.91454, -15.83492 ], [ -47.91553, -15.83202 ], [ -47.91416, -15.83282 ], [ -47.91342, -15.83205 ], [ -47.91454, -15.83492 ] ] ], [ [ [ -47.91553, -15.83202 ], [ -47.91687, -15.83428 ], [ -47.91757, -15.83338 ], [ -47.91553, -15.83202 ] ] ], [ [ [ -47.91241, -15.83342 ], [ -47.91342, -15.83205 ], [ -47.91042, -15.83197 ], [ -47.91241, -15.83342 ] ] ], [ [ [ -47.91255, -15.82976 ], [ -47.91334, -15.83199 ], [ -47.91433, -15.83106 ], [ -47.91255, -15.82976 ] ] ], [ [ [ -47.91042, -15.83197 ], [ -47.91255, -15.82976 ], [ -47.90876, -15.83076 ], [ -47.91042, -15.83197 ] ] ] ] } },
{ "type": "Feature", "properties": { "cluster": 36.0, "hvi": 0.1252, "population": 2406, "setores": 4, "municipio": "Brasília" }, "geometry": { "type": "MultiPolygon", "coordinates": [ [ [ [ -47.91637, -15.83621 ], [ -47.91793, -15.83364 ], [ -47.91454, -15.83492 ], [ -47.91637, -15.83621 ] ] ], [ [ [ -47.91757, -15.83338 ], [ -47.91968, -15.83066 ], [ -47.91806, -15.8295 ], [ -47.91515, -15.83179 ], [ -47.91757, -15.83338 ] ] ], [ [ [ -47.91663, -15.8299 ], [ -47.91447, -15.83007 ], [ -47.91271, -15.82876 ], [ -47.91515, -15.83179 ], [ -47.91663, -15.8299 ] ] ] ] } },
{ "type": "Feature", "properties": { "cluster": 37.0, "hvi": 0.1151, "population": 804, "setores": 2, "municipio": "Brasília" }, "geometry": { "type": "Polygon", "coordinates": [ [ [ -47.91883, -15.83629 ], [ -47.91845, -15.83516 ], [ -47.91993, -15.83511 ], [ -47.91793, -15.83364 ], [ -47.91661, -15.83541 ], [ -47.91883, -15.83629 ] ] ] } },
{ "type": "Feature", "properties": { "cluster": 38.0, "hvi": 0.123, "population": 2632, "setores": 5, "municipio": "Brasília" }, "geometry": { "type": "MultiPolygon", "coordinates": [ [ [ [ -47.92198, -15.84027 ], [ -47.92352, -15.83797 ], [ -47.92014, -15.83896 ], [ -47.92198, -15.84027 ] ] ], [ [ [ -47.92104, -15.83781 ], [ -47.91883, -15.83629 ], [ -47.92014, -15.83896 ], [ -47.92104, -15.83781 ] ] ], [ [ [ -47.92427, -15.83749 ], [ -47.92292, -15.83481 ], [ -47.92352, -15.83797 ], [ -47.92427, -15.83749 ] ] ], [ [ [ -47.92303, -15.83387 ], [ -47.91869, -15.83604 ], [ -47.92043, -15.83734 ], [ -47.92303, -15.83387 ] ] ], [ [ [ -47.91931, -15.83257 ], [ -47.91993, -15.83511 ], [ -47.92111, -15.83422 ], [ -47.91931, -15.83257 ] ] ] ] } },
{ "type": "Feature", "properties": { "cluster": 39.0, "hvi": 0.1134, "population": 2945, "setores": 9, "municipio": "Brasília" }, "geometry": { "type": "MultiPolygon", "coordinates": [ [ [ [ -47.92484, -15.83009 ], [ -47.92491, -15.83285 ], [ -47.92272, -15.83286 ], [ -47.92694, -15.8359 ], [ -47.92777, -15.83284 ], [ -47.92493, -15.83285 ], [ -47.92484, -15.83009 ] ] ], [ [ [ -47.92964, -15.83008 ], [ -47.92694, -15.83006 ], [ -47.92869, -15.83134 ], [ -47.92964, -15.83008 ] ] ], [ [ [ -47.92194, -15.82974 ], [ -47.92343, -15.83196 ], [ -47.92484, -15.83009 ], [ -47.92274, -15.82867 ], [ -47.92194, -15.82974 ] ] ], [ [ [ -47.92977, -15.82994 ], [ -47.92654, -15.82708 ], [ -47.92401, -15.82524 ], [ -47.92573, -15.82815 ], [ -47.92448, -15.8298 ], [ -47.92977, -15.82994 ] ] ], [ [ [ -47.9236, -15.8263 ], [ -47.92312, -15.82843 ], [ -47.92476, -15.82715 ], [ -47.9236, -15.8263 ] ] ], [ [ [ -47.92248, -15.82491 ], [ -47.92234, -15.82791 ], [ -47.92401, -15.82524 ], [ -47.92248, -15.82491 ] ] ], [ [ [ -47.92138, -15.82633 ], [ -47.92248, -15.82491 ], [ -47.92157, -15.82427 ], [ -47.92138, -15.82633 ] ] ] ] } },
{ "type": "Feature", "properties": { "cluster": 40.0, "hvi": 0.1231, "population": 2424, "setores": 5, "municipio": "Brasília" }, "geometry": { "type": "MultiPolygon", "coordinates": [ [ [ [ -47.92694, -15.8359 ], [ -47.92272, -15.83286 ], [ -47.92427, -15.83749 ], [ -47.92694, -15.8359 ] ] ], [ [ [ -47.92111, -15.83422 ], [ -47.92272, -15.83286 ], [ -47.91968, -15.83066 ], [ -47.91757, -15.83338 ], [ -47.92111, -15.83422 ] ] ], [ [ [ -47.92274, -15.82867 ], [ -47.92035, -15.83114 ], [ -47.92272, -15.83286 ], [ -47.92274, -15.82867 ] ] ], [ [ [ -47.92255, -15.82683 ], [ -47.91933, -15.82821 ], [ -47.92035, -15.83114 ], [ -47.92255, -15.82683 ] ] ], [ [ [ -47.92454, -15.8274 ], [ -47.92234, -15.82791 ], [ -47.92448, -15.8298 ], [ -47.92575, -15.82819 ], [ -47.92454, -15.8274 ] ] ] ] } },
{ "type": "Feature", "properties": { "cluster": 41.0, "hvi": 0.1206, "population": 1778, "setores": 4, "municipio": "Brasília" }, "geometry": { "type": "Polygon", "coordinates": [ [ [ -47.91986, -15.82645 ], [ -47.92195, -15.82378 ], [ -47.91582, -15.82077 ], [ -47.91674, -15.82429 ], [ -47.91819, -15.82242 ], [ -47.91815, -15.82643 ], [ -47.92042, -15.8242 ], [ -47.91986, -15.82645 ] ], [ [ -47.91821, -15.82243 ], [ -47.92042, -15.8242 ], [ -47.91903, -15.82399 ], [ -47.91821, -15.82243 ] ] ] } },
{ "type": "Feature", "properties": { "cluster": 42.0, "hvi": 0.1147, "population": 2804, "setores": 8, "municipio": "Brasília" }, "geometry": { "type": "MultiPolygon", "coordinates": [ [ [ [ -47.91859, -15.82137 ], [ -47.91553, -15.82176 ], [ -47.9178, -15.82244 ], [ -47.91859, -15.82137 ] ] ], [ [ [ -47.91442, -15.82252 ], [ -47.91655, -15.81988 ], [ -47.91375, -15.81784 ], [ -47.91236, -15.82116 ], [ -47.91442, -15.82252 ] ] ], [ [ [ -47.9082, -15.81975 ], [ -47.91096, -15.82014 ], [ -47.9091, -15.81866 ], [ -47.9082, -15.81975 ] ] ], [ [ [ -47.91125, -15.81831 ], [ -47.91135, -15.82041 ], [ -47.91375, -15.81784 ], [ -47.91125, -15.81831 ] ] ], [ [ [ -47.9199, -15.81861 ], [ -47.91856, -15.82134 ], [ -47.92617, -15.81886 ], [ -47.9222, -15.81395 ], [ -47.92001, -15.8184 ], [ -47.91949, -15.81803 ], [ -47.9199, -15.81861 ] ] ] ] } },
{ "type": "Feature", "properties": { "cluster": 43.0, "hvi": 0.1169, "population": 2941, "setores": 7, "municipio": "Brasília" }, "geometry": { "type": "MultiPolygon", "coordinates": [ [ [ [ -47.90749, -15.8261 ], [ -47.90957, -15.82335 ], [ -47.90752, -15.82375 ], [ -47.90749, -15.8261 ] ] ], [ [ [ -47.90976, -15.82176 ], [ -47.90869, -15.81843 ], [ -47.90657, -15.82119 ], [ -47.90886, -15.82284 ], [ -47.90976, -15.82176 ] ] ], [ [ [ -47.91036, -15.81707 ], [ -47.91096, -15.82014 ], [ -47.91154, -15.81933 ], [ -47.91036, -15.81707 ] ] ], [ [ [ -47.91418, -15.81815 ], [ -47.91939, -15.81136 ], [ -47.91238, -15.81686 ], [ -47.91038, -15.81545 ], [ -47.90884, -15.8161 ], [ -47.90833, -15.81811 ], [ -47.91036, -15.81707 ], [ -47.91418, -15.81815 ] ] ], [ [ [ -47.91514, -15.80854 ], [ -47.9121, -15.80648 ], [ -47.90982, -15.81504 ], [ -47.91213, -15.81668 ], [ -47.91514, -15.80854 ] ] ] ] } },
{ "type": "Feature", "properties": { "cluster": 44.0, "hvi": 0.1232, "population": 994, "setores": 2, "municipio": "Brasília" }, "geometry": { "type": "Polygon", "coordinates": [ [ [ -47.90757, -15.81989 ], [ -47.90869, -15.81843 ], [ -47.9079, -15.81789 ], [ -47.90888, -15.81654 ], [ -47.90733, -15.81477 ], [ -47.90789, -15.81788 ], [ -47.90643, -15.81689 ], [ -47.90757, -15.81989 ] ] ] } },
{ "type": "Feature", "properties": { "cluster": 45.0, "hvi": 0.1198, "population": 2755, "setores": 6, "municipio": "Brasília" }, "geometry": { "type": "Polygon", "coordinates": [ [ [ -47.90623, -15.81548 ], [ -47.90453, -15.81377 ], [ -47.90545, -15.81182 ], [ -47.90982, -15.81504 ], [ -47.91138, -15.81099 ], [ -47.90864, -15.80901 ], [ -47.9121, -15.80648 ], [ -47.909, -15.80402 ], [ -47.9031, -15.81005 ], [ -47.90462, -15.8112 ], [ -47.90329, -15.81021 ], [ -47.90079, -15.8127 ], [ -47.90373, -15.81479 ], [ -47.90451, -15.81379 ], [ -47.90529, -15.81624 ], [ -47.90623, -15.81548 ] ] ] } },
{ "type": "Feature", "properties": { "cluster": 46.0, "hvi": 0.1201, "population": 2712, "setores": 6, "municipio": "Brasília" }, "geometry": { "type": "MultiPolygon", "coordinates": [ [ [ [ -47.8989, -15.81556 ], [ -47.89606, -15.81472 ], [ -47.89668, -15.81816 ], [ -47.8989, -15.81556 ] ] ], [ [ [ -47.90106, -15.81292 ], [ -47.90001, -15.81644 ], [ -47.90175, -15.81344 ], [ -47.90106, -15.81292 ] ] ], [ [ [ -47.89887, -15.8109 ], [ -47.89605, -15.81313 ], [ -47.89821, -15.81499 ], [ -47.89887, -15.8109 ] ] ], [ [ [ -47.90106, -15.81292 ], [ -47.90329, -15.81021 ], [ -47.90119, -15.80843 ], [ -47.90102, -15.81023 ], [ -47.90013, -15.80955 ], [ -47.90054, -15.81244 ], [ -47.89887, -15.8109 ], [ -47.89916, -15.81392 ], [ -47.90106, -15.81292 ] ], [ [ -47.90084, -15.81217 ], [ -47.90079, -15.81268 ], [ -47.90057, -15.81248 ], [ -47.90084, -15.81217 ] ] ] ] } },
{ "type": "Feature", "properties": { "cluster": 47.0, "hvi": 0.1228, "population": 3000, "setores": 6, "municipio": "Brasília" }, "geometry": { "type": "MultiPolygon", "coordinates": [ [ [ [ -47.89418, -15.81137 ], [ -47.89078, -15.81289 ], [ -47.89276, -15.8148 ], [ -47.89418, -15.81137 ] ] ], [ [ [ -47.89332, -15.81051 ], [ -47.89418, -15.81137 ], [ -47.89477, -15.81196 ], [ -47.89721, -15.80949 ], [ -47.89332, -15.81051 ] ] ], [ [ [ -47.9031, -15.81005 ], [ -47.909, -15.80402 ], [ -47.90547, -15.80368 ], [ -47.90085, -15.80811 ], [ -47.90003, -15.80735 ], [ -47.89617, -15.80849 ], [ -47.89887, -15.8109 ], [ -47.90116, -15.8084 ], [ -47.9031, -15.81005 ] ] ], [ [ [ -47.89617, -15.80849 ], [ -47.8978, -15.80701 ], [ -47.89595, -15.8058 ], [ -47.89617, -15.80849 ] ] ] ] } },
{ "type": "Feature", "properties": { "cluster": 48.0, "hvi": 0.1191, "population": 2976, "setores": 7, "municipio": "Brasília" }, "geometry": { "type": "MultiPolygon", "coordinates": [ [ [ [ -47.89584, -15.80814 ], [ -47.89411, -15.80618 ], [ -47.89438, -15.80952 ], [ -47.89584, -15.80814 ] ] ], [ [ [ -47.89411, -15.80618 ], [ -47.89053, -15.80743 ], [ -47.89141, -15.80843 ], [ -47.89411, -15.80618 ] ] ], [ [ [ -47.89718, -15.80612 ], [ -47.89858, -15.80593 ], [ -47.89478, -15.80176 ], [ -47.89465, -15.80348 ], [ -47.89371, -15.80222 ], [ -47.89383, -15.80584 ], [ -47.89452, -15.80522 ], [ -47.89443, -15.80648 ], [ -47.89773, -15.80668 ], [ -47.89718, -15.80612 ] ], [ [ -47.89459, -15.80428 ], [ -47.89458, -15.80445 ], [ -47.89446, -15.80414 ], [ -47.89459, -15.80428 ] ] ], [ [ [ -47.893, -15.79952 ], [ -47.89287, -15.80243 ], [ -47.89478, -15.80176 ], [ -47.893, -15.79952 ] ] ] ] } },
{ "type": "Feature", "properties": { "cluster": 49.0, "hvi": 0.1115, "population": 1670, "setores": 6, "municipio": "Brasília" }, "geometry": { "type": "MultiPolygon", "coordinates": [ [ [ [ -47.89053, -15.80743 ], [ -47.89213, -15.80582 ], [ -47.89164, -15.80345 ], [ -47.88894, -15.80562 ], [ -47.89053, -15.80743 ] ] ], [ [ [ -47.89198, -15.80466 ], [ -47.8925, -15.8062 ], [ -47.89294, -15.80581 ], [ -47.89198, -15.80466 ] ] ], [ [ [ -47.89212, -15.80403 ], [ -47.89198, -15.80466 ], [ -47.89339, -15.80547 ], [ -47.89212, -15.80403 ] ] ], [ [ [ -47.88847, -15.80251 ], [ -47.89164, -15.80345 ], [ -47.89135, -15.80301 ], [ -47.89189, -15.80374 ], [ -47.89371, -15.80222 ], [ -47.89251, -15.79987 ], [ -47.89017, -15.80138 ], [ -47.88847, -15.80251 ] ], [ [ -47.89107, -15.80262 ], [ -47.89105, -15.80261 ], [ -47.89017, -15.80138 ], [ -47.89107, -15.80262 ] ] ] ] } },
{ "type": "Feature", "properties": { "cluster": 50.0, "hvi": 0.1231, "population": 2922, "setores": 6, "municipio": "Brasília" }, "geometry": { "type": "MultiPolygon", "coordinates": [ [ [ [ -47.91211, -15.8126 ], [ -47.91613, -15.81142 ], [ -47.92612, -15.81346 ], [ -47.92834, -15.80693 ], [ -47.91356, -15.79822 ], [ -47.90688, -15.78745 ], [ -47.8917, -15.79737 ], [ -47.89675, -15.80395 ], [ -47.89705, -15.80229 ], [ -47.89805, -15.8034 ], [ -47.8999, -15.80144 ], [ -47.89766, -15.79896 ], [ -47.90154, -15.80308 ], [ -47.89876, -15.80611 ], [ -47.90084, -15.80812 ], [ -47.90547, -15.80368 ], [ -47.90301, -15.80328 ], [ -47.91005, -15.80426 ], [ -47.91448, -15.80948 ], [ -47.91211, -15.8126 ] ], [ [ -47.90238, -15.80319 ], [ -47.90249, -15.80321 ], [ -47.90229, -15.80342 ], [ -47.90238, -15.80319 ] ] ], [ [ [ -47.8999, -15.80144 ], [ -47.89876, -15.80611 ], [ -47.9014, -15.80306 ], [ -47.8999, -15.80144 ] ] ] ] } },
{ "type": "Feature", "properties": { "cluster": 51.0, "hvi": 0.1213, "population": 2891, "setores": 6, "municipio": "Brasília" }, "geometry": { "type": "MultiPolygon", "coordinates": [ [ [ [ -47.92157, -15.82351 ], [ -47.92977, -15.82994 ], [ -47.93629, -15.82103 ], [ -47.9376, -15.81086 ], [ -47.92834, -15.80693 ], [ -47.92669, -15.81295 ], [ -47.9225, -15.81339 ], [ -47.92822, -15.82102 ], [ -47.92617, -15.81886 ], [ -47.92157, -15.82351 ] ] ], [ [ [ -47.9202, -15.8192 ], [ -47.91856, -15.82134 ], [ -47.92157, -15.82351 ], [ -47.92322, -15.82138 ], [ -47.9202, -15.8192 ] ] ], [ [ [ -47.92008, -15.81726 ], [ -47.91418, -15.81815 ], [ -47.91755, -15.82061 ], [ -47.92008, -15.81726 ] ] ], [ [ [ -47.91983, -15.81708 ], [ -47.9225, -15.81339 ], [ -47.91939, -15.81136 ], [ -47.91552, -15.81583 ], [ -47.91717, -15.81631 ], [ -47.91689, -15.81684 ], [ -47.91727, -15.81634 ], [ -47.91983, -15.81708 ] ] ] ] } },
{ "type": "Feature", "properties": { "cluster": 52.0, "hvi": 0.1193, "population": 2608, "setores": 7, "municipio": "Brasília" }, "geometry": { "type": "MultiPolygon", "coordinates": [ [ [ [ -47.89067, -15.78021 ], [ -47.89078, -15.77878 ], [ -47.88837, -15.78003 ], [ -47.89067, -15.78021 ] ] ], [ [ [ -47.89078, -15.77878 ], [ -47.89142, -15.77793 ], [ -47.88883, -15.77529 ], [ -47.88859, -15.77738 ], [ -47.89043, -15.77774 ], [ -47.88783, -15.77872 ], [ -47.89078, -15.77878 ] ] ], [ [ [ -47.89502, -15.77588 ], [ -47.89598, -15.77043 ], [ -47.8897, -15.77199 ], [ -47.89114, -15.77521 ], [ -47.89502, -15.77588 ] ] ] ] } },
{ "type": "Feature", "properties": { "cluster": 53.0, "hvi": 0.1165, "population": 2034, "setores": 5, "municipio": "Brasília" }, "geometry": { "type": "MultiPolygon", "coordinates": [ [ [ [ -47.89903, -15.76646 ], [ -47.89403, -15.76394 ], [ -47.89117, -15.76639 ], [ -47.89903, -15.76646 ] ] ], [ [ [ -47.89404, -15.76378 ], [ -47.89778, -15.76502 ], [ -47.89882, -15.76172 ], [ -47.89489, -15.76088 ], [ -47.89569, -15.76024 ], [ -47.89329, -15.75952 ], [ -47.89208, -15.76313 ], [ -47.89127, -15.76288 ], [ -47.89268, -15.7647 ], [ -47.89404, -15.76378 ] ] ], [ [ [ -47.89085, -15.76034 ], [ -47.89106, -15.76139 ], [ -47.89135, -15.7605 ], [ -47.89085, -15.76034 ] ] ] ] } },
{ "type": "Feature", "properties": { "cluster": 54.0, "hvi": 0.1203, "population": 1444, "setores": 3, "municipio": "Brasília" }, "geometry": { "type": "MultiPolygon", "coordinates": [ [ [ [ -47.89417, -15.75697 ], [ -47.89607, -15.75754 ], [ -47.89694, -15.75481 ], [ -47.89417, -15.75697 ] ] ], [ [ [ -47.89754, -15.75292 ], [ -47.895, -15.75122 ], [ -47.89397, -15.75447 ], [ -47.89694, -15.75481 ], [ -47.89754, -15.75292 ] ] ], [ [ [ -47.89806, -15.75133 ], [ -47.89703, -15.75101 ], [ -47.89754, -15.75292 ], [ -47.89806, -15.75133 ] ] ] ] } },
{ "type": "Feature", "properties": { "cluster": 55.0, "hvi": 0.1207, "population": 2445, "setores": 5, "municipio": "Brasília" }, "geometry": { "type": "MultiPolygon", "coordinates": [ [ [ [ -47.90358, -15.75343 ], [ -47.899, -15.74841 ], [ -47.89981, -15.7459 ], [ -47.89781, -15.74529 ], [ -47.89885, -15.74837 ], [ -47.89612, -15.74776 ], [ -47.89525, -15.75046 ], [ -47.90358, -15.75343 ] ] ], [ [ [ -47.89252, -15.74766 ], [ -47.89521, -15.75056 ], [ -47.89612, -15.74776 ], [ -47.89252, -15.74766 ] ] ], [ [ [ -47.89701, -15.74497 ], [ -47.89495, -15.74686 ], [ -47.89612, -15.74776 ], [ -47.89701, -15.74497 ] ] ] ] } },
{ "type": "Feature", "properties": { "cluster": 56.0, "hvi": 0.1102, "population": 2880, "setores": 10, "municipio": "Brasília" }, "geometry": { "type": "MultiPolygon", "coordinates": [ [ [ [ -47.90258, -15.74969 ], [ -47.8989, -15.75024 ], [ -47.90203, -15.75117 ], [ -47.90258, -15.74969 ] ] ], [ [ [ -47.89994, -15.74699 ], [ -47.90258, -15.74969 ], [ -47.90308, -15.74796 ], [ -47.89994, -15.74699 ] ] ], [ [ [ -47.90134, -15.74649 ], [ -47.90308, -15.74796 ], [ -47.90333, -15.7471 ], [ -47.90134, -15.74649 ] ] ], [ [ [ -47.89994, -15.74699 ], [ -47.90172, -15.74707 ], [ -47.89981, -15.7459 ], [ -47.89994, -15.74699 ] ] ], [ [ [ -47.8971, -15.74757 ], [ -47.89781, -15.74529 ], [ -47.89701, -15.74497 ], [ -47.8971, -15.74757 ] ] ], [ [ [ -47.89847, -15.74463 ], [ -47.90024, -15.74604 ], [ -47.90049, -15.74525 ], [ -47.89847, -15.74463 ] ] ], [ [ [ -47.89722, -15.74433 ], [ -47.8988, -15.74559 ], [ -47.89894, -15.74511 ], [ -47.89722, -15.74433 ] ] ], [ [ [ -47.89409, -15.74254 ], [ -47.89701, -15.74497 ], [ -47.89722, -15.74433 ], [ -47.89409, -15.74254 ] ] ], [ [ [ -47.89722, -15.74433 ], [ -47.89808, -15.74451 ], [ -47.8991, -15.74149 ], [ -47.89722, -15.74433 ] ] ], [ [ [ -47.9002, -15.74163 ], [ -47.90014, -15.7401 ], [ -47.89872, -15.73965 ], [ -47.9002, -15.74163 ] ] ] ] } },
{ "type": "Feature", "properties": { "cluster": 57.0, "hvi": 0.1041, "population": 2954, "setores": 16, "municipio": "Brasília" }, "geometry": { "type": "MultiPolygon", "coordinates": [ [ [ [ -48.01325, -15.76155 ], [ -48.01154, -15.76281 ], [ -48.00806, -15.75381 ], [ -48.01719, -15.75156 ], [ -48.04763, -15.75367 ], [ -48.05532, -15.74187 ], [ -48.07777, -15.7343 ], [ -48.08642, -15.72395 ], [ -48.08967, -15.67717 ], [ -48.07585, -15.63036 ], [ -48.07094, -15.62503 ], [ -48.04516, -15.61268 ], [ -48.02723, -15.59152 ], [ -48.00947, -15.57803 ], [ -48.00275, -15.57934 ], [ -47.9878, -15.59047 ], [ -47.97612, -15.57649 ], [ -47.97474, -15.57214 ], [ -47.98172, -15.57639 ], [ -47.97911, -15.57126 ], [ -47.98226, -15.57257 ], [ -47.98023, -15.56864 ], [ -47.98228, -15.56769 ], [ -47.97833, -15.56288 ], [ -47.98805, -15.56556 ], [ -47.98245, -15.56141 ], [ -47.98264, -15.55694 ], [ -47.98633, -15.55787 ], [ -47.98441, -15.55372 ], [ -47.99092, -15.55593 ], [ -47.9917, -15.56051 ], [ -48.00361, -15.56309 ], [ -47.9979, -15.57359 ], [ -48.00811, -15.5735 ], [ -48.00795, -15.56602 ], [ -48.02395, -15.56577 ], [ -48.02466, -15.57321 ], [ -48.03498, -15.56522 ], [ -48.02548, -15.56092 ], [ -48.03096, -15.56154 ], [ -48.0351, -15.56502 ], [ -48.0337, -15.55754 ], [ -48.00436, -15.53774 ], [ -48.0125, -15.53829 ], [ -48.00774, -15.53328 ], [ -48.01525, -15.52925 ], [ -48.01933, -15.53038 ], [ -48.01854, -15.53538 ], [ -48.02389, -15.53591 ], [ -48.02646, -15.52628 ], [ -48.02435, -15.53429 ], [ -48.02823, -15.54197 ], [ -48.0323, -15.53973 ], [ -48.03148, -15.53586 ], [ -48.03494, -15.53534 ], [ -48.03172, -15.53124 ], [ -48.03558, -15.53102 ], [ -48.03966, -15.51977 ], [ -48.03484, -15.50223 ], [ -47.97625, -15.50221 ], [ -47.97014, -15.52961 ], [ -47.95044, -15.55108 ], [ -47.95557, -15.56478 ], [ -47.95349, -15.57201 ], [ -47.95075, -15.57568 ], [ -47.93811, -15.57375 ], [ -47.93362, -15.58033 ], [ -47.93788, -15.58222 ], [ -47.93576, -15.58637 ], [ -47.9379, -15.59295 ], [ -47.93316, -15.5978 ], [ -47.9201, -15.59905 ], [ -47.91315, -15.60314 ], [ -47.91458, -15.60806 ], [ -47.9091, -15.61194 ], [ -47.90994, -15.61604 ], [ -47.91706, -15.61566 ], [ -47.91731, -15.61095 ], [ -47.92768, -15.6115 ], [ -47.94013, -15.60383 ], [ -47.94324, -15.60475 ], [ -47.94177, -15.6004 ], [ -47.95176, -15.59866 ], [ -47.95062, -15.59462 ], [ -47.954, -15.59731 ], [ -47.95238, -15.59426 ], [ -47.95985, -15.59158 ], [ -47.96005, -15.5888 ], [ -47.96588, -15.58906 ], [ -47.96254, -15.58613 ], [ -47.96735, -15.58554 ], [ -47.97733, -15.59827 ], [ -47.88148, -15.66961 ], [ -47.88441, -15.67285 ], [ -47.88881, -15.67062 ], [ -47.89829, -15.68427 ], [ -47.91148, -15.69523 ], [ -47.91484, -15.69348 ], [ -47.92007, -15.70297 ], [ -47.92219, -15.72404 ], [ -47.90971, -15.72852 ], [ -47.92112, -15.74418 ], [ -47.92794, -15.74023 ], [ -47.93677, -15.74633 ], [ -47.93343, -15.74613 ], [ -47.93691, -15.75137 ], [ -47.93404, -15.75526 ], [ -47.95069, -15.76052 ], [ -47.97268, -15.75583 ], [ -47.97623, -15.76421 ], [ -47.97561, -15.772 ], [ -47.97131, -15.7767 ], [ -47.97807, -15.78284 ], [ -48.00361, -15.75597 ], [ -48.00472, -15.76709 ], [ -48.00121, -15.78617 ], [ -48.00462, -15.77938 ], [ -48.00415, -15.78297 ], [ -48.01011, -15.78044 ], [ -48.01055, -15.77682 ], [ -48.01658, -15.77565 ], [ -48.01496, -15.769 ], [ -48.01596, -15.76907 ], [ -48.01325, -15.76155 ] ], [ [ -48.00613, -15.75429 ], [ -48.00801, -15.75383 ], [ -48.00647, -15.76544 ], [ -48.00613, -15.75429 ] ], [ [ -48.00492, -15.75459 ], [ -48.00581, -15.75437 ], [ -48.00437, -15.75517 ], [ -48.00492, -15.75459 ] ], [ [ -48.01787, -15.51718 ], [ -48.02327, -15.51486 ], [ -48.02376, -15.51661 ], [ -48.01787, -15.51718 ] ], [ [ -48.00576, -15.51969 ], [ -48.00503, -15.51928 ], [ -48.01276, -15.51309 ], [ -48.00576, -15.51969 ] ], [ [ -48.00935, -15.55488 ], [ -48.00769, -15.55944 ], [ -48.00915, -15.55478 ], [ -48.00935, -15.55488 ] ], [ [ -48.00111, -15.55849 ], [ -48.00109, -15.55847 ], [ -48.00395, -15.55672 ], [ -48.00111, -15.55849 ] ], [ [ -47.96891, -15.58358 ], [ -47.96904, -15.58189 ], [ -47.97302, -15.57954 ], [ -47.96891, -15.58358 ] ] ], [ [ [ -48.03909, -15.75895 ], [ -48.04262, -15.75384 ], [ -48.04292, -15.75335 ], [ -48.03697, -15.7576 ], [ -48.03909, -15.75895 ] ] ], [ [ [ -47.90971, -15.72852 ], [ -47.90073, -15.72788 ], [ -47.89411, -15.73101 ], [ -47.89733, -15.73465 ], [ -47.89766, -15.73403 ], [ -47.89764, -15.73506 ], [ -47.89813, -15.73359 ], [ -47.89846, -15.73256 ], [ -47.89808, -15.73575 ], [ -47.90249, -15.73905 ], [ -47.90321, -15.7368 ], [ -47.91662, -15.73956 ], [ -47.90971, -15.72852 ] ], [ [ -47.89793, -15.73354 ], [ -47.89809, -15.73324 ], [ -47.89813, -15.73359 ], [ -47.89793, -15.73354 ] ] ], [ [ [ -47.90017, -15.71335 ], [ -47.8944, -15.73015 ], [ -47.89911, -15.72755 ], [ -47.90971, -15.72852 ], [ -47.90017, -15.71335 ] ] ] ] } },
{ "type": "Feature", "properties": { "cluster": 58.0, "hvi": 0.1326, "population": 2231, "setores": 3, "municipio": "Brasília" }, "geometry": { "type": "MultiPolygon", "coordinates": [ [ [ [ -47.84821, -15.79493 ], [ -47.84993, -15.79394 ], [ -47.85083, -15.79524 ], [ -47.85254, -15.79323 ], [ -47.84899, -15.78997 ], [ -47.85108, -15.79194 ], [ -47.84998, -15.79327 ], [ -47.84728, -15.79353 ], [ -47.84821, -15.79493 ] ] ], [ [ [ -47.85189, -15.78991 ], [ -47.84891, -15.78496 ], [ -47.84096, -15.78667 ], [ -47.84097, -15.79013 ], [ -47.84899, -15.78997 ], [ -47.85189, -15.78991 ] ] ] ] } },
{ "type": "Feature", "properties": { "cluster": 59.0, "hvi": 0.1301, "population": 2870, "setores": 4, "municipio": "Brasília" }, "geometry": { "type": "MultiPolygon", "coordinates": [ [ [ [ -47.85383, -15.79448 ], [ -47.84794, -15.79498 ], [ -47.84728, -15.79353 ], [ -47.84466, -15.794 ], [ -47.84639, -15.79624 ], [ -47.84865, -15.79656 ], [ -47.8484, -15.79601 ], [ -47.85318, -15.79607 ], [ -47.85383, -15.79448 ] ] ], [ [ [ -47.85165, -15.79308 ], [ -47.85383, -15.79448 ], [ -47.8557, -15.78975 ], [ -47.85126, -15.78991 ], [ -47.85165, -15.79308 ] ] ] ] } },
{ "type": "Feature", "properties": { "cluster": 60.0, "hvi": 0.1189, "population": 2832, "setores": 7, "municipio": "Brasília" }, "geometry": { "type": "MultiPolygon", "coordinates": [ [ [ [ -47.90904, -15.83565 ], [ -47.90766, -15.83879 ], [ -47.91057, -15.83648 ], [ -47.90904, -15.83565 ] ] ], [ [ [ -47.87974, -15.82135 ], [ -47.89038, -15.83322 ], [ -47.90908, -15.84017 ], [ -47.90775, -15.84442 ], [ -47.91416, -15.84624 ], [ -47.91546, -15.84248 ], [ -47.89477, -15.83327 ], [ -47.88372, -15.82116 ], [ -47.85439, -15.80519 ], [ -47.83324, -15.82051 ], [ -47.85324, -15.81866 ], [ -47.87974, -15.82135 ] ] ], [ [ [ -47.82262, -15.79323 ], [ -47.82605, -15.79197 ], [ -47.82601, -15.78773 ], [ -47.81886, -15.79229 ], [ -47.8304, -15.79988 ], [ -47.82988, -15.81358 ], [ -47.83258, -15.81943 ], [ -47.85439, -15.80519 ], [ -47.8351, -15.7934 ], [ -47.82262, -15.79323 ] ] ], [ [ [ -47.83287, -15.78829 ], [ -47.83187, -15.79024 ], [ -47.83291, -15.79023 ], [ -47.83287, -15.78829 ] ] ], [ [ [ -47.83396, -15.7882 ], [ -47.83291, -15.79023 ], [ -47.83397, -15.79025 ], [ -47.83396, -15.7882 ] ] ], [ [ [ -47.83396, -15.7882 ], [ -47.83395, -15.78744 ], [ -47.83237, -15.78747 ], [ -47.83393, -15.78596 ], [ -47.82846, -15.78609 ], [ -47.82601, -15.78773 ], [ -47.82783, -15.79184 ], [ -47.83222, -15.78762 ], [ -47.83396, -15.7882 ] ] ] ] } },
{ "type": "Feature", "properties": { "cluster": 61.0, "hvi": 0.1252, "population": 0, "setores": 1, "municipio": "Brasília" }, "geometry": { "type": "Polygon", "coordinates": [ [ [ -47.89116, -15.81813 ], [ -47.89148, -15.82058 ], [ -47.89258, -15.81937 ], [ -47.89116, -15.81813 ] ] ] } },
{ "type": "Feature", "properties": { "cluster": 62.0, "hvi": 0.1234, "population": 2892, "setores": 5, "municipio": "Brasília" }, "geometry": { "type": "MultiPolygon", "coordinates": [ [ [ [ -47.928, -15.79427 ], [ -47.92985, -15.79605 ], [ -47.93038, -15.79521 ], [ -47.928, -15.79427 ] ] ], [ [ [ -47.92153, -15.79353 ], [ -47.92773, -15.79484 ], [ -47.9294, -15.78906 ], [ -47.92454, -15.78162 ], [ -47.91392, -15.78497 ], [ -47.91491, -15.78909 ], [ -47.91895, -15.78781 ], [ -47.92153, -15.79353 ] ] ], [ [ [ -47.93291, -15.77897 ], [ -47.93293, -15.78417 ], [ -47.93389, -15.78419 ], [ -47.93291, -15.77897 ] ] ], [ [ [ -47.9357, -15.77027 ], [ -47.92815, -15.77368 ], [ -47.92259, -15.76055 ], [ -47.91005, -15.77122 ], [ -47.91049, -15.78606 ], [ -47.91392, -15.78497 ], [ -47.93847, -15.7772 ], [ -47.9357, -15.77027 ] ] ], [ [ [ -47.92923, -15.76813 ], [ -47.93059, -15.77211 ], [ -47.9357, -15.77027 ], [ -47.93352, -15.76668 ], [ -47.92923, -15.76813 ] ] ] ] } },
{ "type": "Feature", "properties": { "cluster": 63.0, "hvi": 0.1149, "population": 2540, "setores": 7, "municipio": "Brasília" }, "geometry": { "type": "MultiPolygon", "coordinates": [ [ [ [ -47.88898, -15.76161 ], [ -47.88786, -15.76189 ], [ -47.89067, -15.76267 ], [ -47.88936, -15.76184 ], [ -47.89022, -15.76134 ], [ -47.88898, -15.76161 ] ] ], [ [ [ -47.89152, -15.75999 ], [ -47.89067, -15.76267 ], [ -47.88757, -15.7627 ], [ -47.89103, -15.76363 ], [ -47.89152, -15.75999 ] ] ], [ [ [ -47.88893, -15.75876 ], [ -47.88939, -15.76111 ], [ -47.89135, -15.7605 ], [ -47.89152, -15.75999 ], [ -47.89167, -15.75955 ], [ -47.88893, -15.75876 ] ] ], [ [ [ -47.8888, -15.7592 ], [ -47.88893, -15.75876 ], [ -47.88956, -15.75651 ], [ -47.89007, -15.75494 ], [ -47.88817, -15.75605 ], [ -47.88803, -15.756 ], [ -47.8888, -15.7592 ] ] ], [ [ [ -47.89007, -15.75494 ], [ -47.89077, -15.75295 ], [ -47.88895, -15.75244 ], [ -47.89007, -15.75494 ] ] ] ] } },
{ "type": "Feature", "properties": { "cluster": 64.0, "hvi": 0.122, "population": 2949, "setores": 6, "municipio": "Brasília" }, "geometry": { "type": "MultiPolygon", "coordinates": [ [ [ [ -47.88786, -15.76189 ], [ -47.88579, -15.76213 ], [ -47.88712, -15.76457 ], [ -47.88786, -15.76189 ] ] ], [ [ [ -47.88602, -15.76425 ], [ -47.88579, -15.76213 ], [ -47.88426, -15.76168 ], [ -47.88602, -15.76425 ] ] ], [ [ [ -47.88786, -15.76189 ], [ -47.8884, -15.76018 ], [ -47.88452, -15.76085 ], [ -47.88786, -15.76189 ] ] ], [ [ [ -47.88093, -15.76067 ], [ -47.88426, -15.76168 ], [ -47.88452, -15.76085 ], [ -47.88093, -15.76067 ] ] ], [ [ [ -47.88537, -15.75816 ], [ -47.88305, -15.75746 ], [ -47.88308, -15.76004 ], [ -47.88462, -15.76052 ], [ -47.88366, -15.75866 ], [ -47.88537, -15.75816 ] ] ] ] } },
{ "type": "Feature", "properties": { "cluster": 65.0, "hvi": 0.1164, "population": 2757, "setores": 7, "municipio": "Brasília" }, "geometry": { "type": "MultiPolygon", "coordinates": [ [ [ [ -47.88747, -15.74223 ], [ -47.88688, -15.74208 ], [ -47.88721, -15.7441 ], [ -47.88747, -15.74223 ] ] ], [ [ [ -47.88717, -15.74119 ], [ -47.8887, -15.74397 ], [ -47.89052, -15.74217 ], [ -47.88717, -15.74119 ] ] ], [ [ [ -47.89098, -15.74073 ], [ -47.89451, -15.74135 ], [ -47.89478, -15.74056 ], [ -47.89113, -15.74026 ], [ -47.88904, -15.74172 ], [ -47.89052, -15.74217 ], [ -47.89097, -15.74073 ], [ -47.89261, -15.74279 ], [ -47.89299, -15.74173 ], [ -47.89098, -15.74073 ] ] ], [ [ [ -47.88796, -15.73847 ], [ -47.88984, -15.74039 ], [ -47.89136, -15.73952 ], [ -47.88796, -15.73847 ] ] ], [ [ [ -47.89307, -15.73944 ], [ -47.89336, -15.74012 ], [ -47.8937, -15.73856 ], [ -47.89307, -15.73944 ] ] ] ] } },
{ "type": "Feature", "properties": { "cluster": 66.0, "hvi": 0.1214, "population": 2506, "setores": 5, "municipio": "Brasília" }, "geometry": { "type": "MultiPolygon", "coordinates": [ [ [ [ -47.88514, -15.75046 ], [ -47.88577, -15.74847 ], [ -47.88429, -15.75021 ], [ -47.88514, -15.75046 ] ] ], [ [ [ -47.88655, -15.7487 ], [ -47.88577, -15.74847 ], [ -47.88634, -15.75036 ], [ -47.88655, -15.7487 ] ] ], [ [ [ -47.8845, -15.74947 ], [ -47.88186, -15.74759 ], [ -47.88406, -15.75094 ], [ -47.8845, -15.74947 ] ] ], [ [ [ -47.88591, -15.74472 ], [ -47.88738, -15.74681 ], [ -47.88483, -15.74817 ], [ -47.88824, -15.74922 ], [ -47.88937, -15.74574 ], [ -47.88742, -15.74678 ], [ -47.88822, -15.74538 ], [ -47.88591, -15.74472 ] ] ] ] } },
{ "type": "Feature", "properties": { "cluster": 67.0, "hvi": 0.1106, "population": 2388, "setores": 8, "municipio": "Brasília" }, "geometry": { "type": "MultiPolygon", "coordinates": [ [ [ [ -47.88371, -15.7492 ], [ -47.88489, -15.74917 ], [ -47.88516, -15.74745 ], [ -47.88371, -15.7492 ] ] ], [ [ [ -47.88344, -15.74807 ], [ -47.88377, -15.74701 ], [ -47.88297, -15.74677 ], [ -47.88344, -15.74807 ] ] ], [ [ [ -47.88274, -15.74748 ], [ -47.88297, -15.74677 ], [ -47.88221, -15.74652 ], [ -47.88274, -15.74748 ] ] ], [ [ [ -47.88792, -15.7453 ], [ -47.88937, -15.74574 ], [ -47.89024, -15.74304 ], [ -47.88792, -15.7453 ] ] ], [ [ [ -47.88792, -15.7453 ], [ -47.88856, -15.74325 ], [ -47.88757, -15.74297 ], [ -47.88792, -15.7453 ] ] ], [ [ [ -47.88221, -15.74652 ], [ -47.88377, -15.74701 ], [ -47.88516, -15.74745 ], [ -47.88717, -15.74119 ], [ -47.88725, -15.74094 ], [ -47.88437, -15.73975 ], [ -47.88221, -15.74652 ] ] ], [ [ [ -47.88904, -15.74172 ], [ -47.8895, -15.74029 ], [ -47.88819, -15.73988 ], [ -47.88904, -15.74172 ] ] ], [ [ [ -47.88717, -15.74119 ], [ -47.88771, -15.74133 ], [ -47.88828, -15.73952 ], [ -47.88717, -15.74119 ] ] ] ] } },
{ "type": "Feature", "properties": { "cluster": 68.0, "hvi": 0.1212, "population": 2947, "setores": 7, "municipio": "Brasília" }, "geometry": { "type": "MultiPolygon", "coordinates": [ [ [ [ -47.85369, -15.79659 ], [ -47.86218, -15.7983 ], [ -47.87509, -15.79322 ], [ -47.87381, -15.78378 ], [ -47.87535, -15.77078 ], [ -47.87797, -15.7721 ], [ -47.87835, -15.77014 ], [ -47.88137, -15.77288 ], [ -47.88174, -15.77069 ], [ -47.87836, -15.77006 ], [ -47.87856, -15.76907 ], [ -47.87575, -15.76735 ], [ -47.88593, -15.73502 ], [ -47.89411, -15.73101 ], [ -47.88136, -15.7354 ], [ -47.88086, -15.74065 ], [ -47.87931, -15.7425 ], [ -47.87393, -15.74517 ], [ -47.8627, -15.75903 ], [ -47.85512, -15.75941 ], [ -47.84985, -15.76657 ], [ -47.84824, -15.77078 ], [ -47.85588, -15.77492 ], [ -47.86059, -15.7809 ], [ -47.8557, -15.78975 ], [ -47.85369, -15.79659 ] ], [ [ -47.88445, -15.73575 ], [ -47.88531, -15.73533 ], [ -47.8834, -15.73762 ], [ -47.88445, -15.73575 ] ], [ [ -47.85679, -15.76523 ], [ -47.85793, -15.76645 ], [ -47.85668, -15.76587 ], [ -47.85679, -15.76523 ] ] ], [ [ [ -47.88239, -15.76797 ], [ -47.88174, -15.77069 ], [ -47.88437, -15.77014 ], [ -47.88474, -15.76854 ], [ -47.88239, -15.76797 ] ] ] ] } },
{ "type": "Feature", "properties": { "cluster": 69.0, "hvi": 0.112, "population": 2666, "setores": 8, "municipio": "Brasília" }, "geometry": { "type": "MultiPolygon", "coordinates": [ [ [ [ -47.88956, -15.77458 ], [ -47.88796, -15.77734 ], [ -47.88859, -15.77738 ], [ -47.88956, -15.77458 ] ] ], [ [ [ -47.88956, -15.77458 ], [ -47.8911, -15.7756 ], [ -47.89121, -15.77481 ], [ -47.88956, -15.77458 ] ] ], [ [ [ -47.88696, -15.77412 ], [ -47.88828, -15.77451 ], [ -47.88908, -15.77451 ], [ -47.89018, -15.76979 ], [ -47.8883, -15.77439 ], [ -47.88869, -15.77204 ], [ -47.88557, -15.77364 ], [ -47.88606, -15.77239 ], [ -47.88433, -15.77215 ], [ -47.88543, -15.77398 ], [ -47.88643, -15.77396 ], [ -47.88462, -15.77477 ], [ -47.8882, -15.77514 ], [ -47.88696, -15.77412 ] ] ], [ [ [ -47.89211, -15.77025 ], [ -47.89256, -15.76865 ], [ -47.89066, -15.76796 ], [ -47.8915, -15.76928 ], [ -47.88944, -15.76882 ], [ -47.89211, -15.77025 ] ] ] ] } },
{ "type": "Feature", "properties": { "cluster": 70.0, "hvi": 0.1095, "population": 2741, "setores": 11, "municipio": "Brasília" }, "geometry": { "type": "MultiPolygon", "coordinates": [ [ [ [ -47.9005, -15.75637 ], [ -47.90196, -15.75725 ], [ -47.90213, -15.75679 ], [ -47.9005, -15.75637 ] ] ], [ [ [ -47.90064, -15.75594 ], [ -47.90213, -15.75679 ], [ -47.90229, -15.75638 ], [ -47.90064, -15.75594 ] ] ], [ [ [ -47.90164, -15.75512 ], [ -47.9028, -15.75518 ], [ -47.89976, -15.75426 ], [ -47.90229, -15.75638 ], [ -47.90265, -15.75559 ], [ -47.90164, -15.75512 ] ] ], [ [ [ -47.9028, -15.75518 ], [ -47.90315, -15.75469 ], [ -47.90128, -15.75422 ], [ -47.9028, -15.75518 ] ] ], [ [ [ -47.89929, -15.75215 ], [ -47.90315, -15.75469 ], [ -47.90363, -15.75364 ], [ -47.89929, -15.75215 ] ] ], [ [ [ -47.89607, -15.75754 ], [ -47.89387, -15.75688 ], [ -47.89496, -15.75753 ], [ -47.89607, -15.75754 ] ] ], [ [ [ -47.9005, -15.75637 ], [ -47.89889, -15.75556 ], [ -47.8999, -15.75382 ], [ -47.89794, -15.75171 ], [ -47.89595, -15.75792 ], [ -47.90025, -15.75909 ], [ -47.90196, -15.75725 ], [ -47.90036, -15.75637 ], [ -47.9005, -15.75637 ] ] ], [ [ [ -47.9005, -15.75637 ], [ -47.90064, -15.75594 ], [ -47.89928, -15.75552 ], [ -47.9005, -15.75637 ] ] ] ] } },
{ "type": "Feature", "properties": { "cluster": 71.0, "hvi": 0.1144, "population": 2573, "setores": 7, "municipio": "Brasília" }, "geometry": { "type": "Polygon", "coordinates": [ [ [ -47.90049, -15.74525 ], [ -47.9002, -15.74615 ], [ -47.90333, -15.7471 ], [ -47.90606, -15.73633 ], [ -47.90044, -15.73887 ], [ -47.89896, -15.73886 ], [ -47.89989, -15.73912 ], [ -47.89872, -15.73965 ], [ -47.90035, -15.74047 ], [ -47.90142, -15.74237 ], [ -47.899, -15.7418 ], [ -47.90049, -15.74525 ] ], [ [ -47.90129, -15.74299 ], [ -47.90412, -15.74384 ], [ -47.90123, -15.74321 ], [ -47.90129, -15.74299 ] ] ] } },
{ "type": "Feature", "properties": { "cluster": 72.0, "hvi": 0.1276, "population": 2644, "setores": 6, "municipio": "Brasília" }, "geometry": { "type": "MultiPolygon", "coordinates": [ [ [ [ -47.87753, -15.80257 ], [ -47.87509, -15.79322 ], [ -47.86218, -15.7983 ], [ -47.85328, -15.79765 ], [ -47.85369, -15.79659 ], [ -47.84426, -15.79425 ], [ -47.84945, -15.79257 ], [ -47.84896, -15.78994 ], [ -47.84097, -15.79001 ], [ -47.84096, -15.78667 ], [ -47.83393, -15.78596 ], [ -47.83397, -15.79019 ], [ -47.83099, -15.79026 ], [ -47.82262, -15.79323 ], [ -47.83925, -15.79432 ], [ -47.8382, -15.79524 ], [ -47.87982, -15.81911 ], [ -47.88388, -15.8099 ], [ -47.87753, -15.80257 ] ] ], [ [ [ -47.83853, -15.73413 ], [ -47.83561, -15.74195 ], [ -47.83269, -15.74093 ], [ -47.82406, -15.74555 ], [ -47.82115, -15.75241 ], [ -47.8163, -15.75167 ], [ -47.81983, -15.75861 ], [ -47.81377, -15.76372 ], [ -47.8188, -15.76491 ], [ -47.81699, -15.77484 ], [ -47.80505, -15.78837 ], [ -47.78591, -15.79033 ], [ -47.78364, -15.79718 ], [ -47.78587, -15.80225 ], [ -47.78951, -15.79571 ], [ -47.79852, -15.79729 ], [ -47.80245, -15.79273 ], [ -47.80909, -15.79309 ], [ -47.81537, -15.80306 ], [ -47.81339, -15.80602 ], [ -47.81701, -15.80569 ], [ -47.81893, -15.80904 ], [ -47.81929, -15.81754 ], [ -47.81636, -15.82152 ], [ -47.82123, -15.82193 ], [ -47.82704, -15.82773 ], [ -47.82549, -15.83243 ], [ -47.83385, -15.83104 ], [ -47.84093, -15.83944 ], [ -47.85362, -15.83979 ], [ -47.86388, -15.84967 ], [ -47.8589, -15.85314 ], [ -47.86692, -15.8521 ], [ -47.87157, -15.85886 ], [ -47.87466, -15.85759 ], [ -47.86872, -15.85221 ], [ -47.86825, -15.84459 ], [ -47.85547, -15.82732 ], [ -47.87055, -15.82997 ], [ -47.87188, -15.82453 ], [ -47.87685, -15.82458 ], [ -47.88319, -15.82857 ], [ -47.88511, -15.83575 ], [ -47.89073, -15.84014 ], [ -47.8982, -15.8406 ], [ -47.9142, -15.8483 ], [ -47.90775, -15.84442 ], [ -47.90908, -15.84017 ], [ -47.89038, -15.83322 ], [ -47.87974, -15.82135 ], [ -47.85324, -15.81866 ], [ -47.83324, -15.82051 ], [ -47.82988, -15.81358 ], [ -47.8304, -15.79988 ], [ -47.81898, -15.79253 ], [ -47.82916, -15.78594 ], [ -47.85895, -15.78424 ], [ -47.85898, -15.77811 ], [ -47.84819, -15.77065 ], [ -47.8547, -15.75991 ], [ -47.86292, -15.75886 ], [ -47.87393, -15.74517 ], [ -47.88075, -15.74179 ], [ -47.88177, -15.73508 ], [ -47.8952, -15.7311 ], [ -47.90024, -15.72787 ], [ -47.87993, -15.73076 ], [ -47.87247, -15.74107 ], [ -47.84655, -15.75482 ], [ -47.83191, -15.77364 ], [ -47.82697, -15.76066 ], [ -47.82987, -15.75555 ], [ -47.82758, -15.75096 ], [ -47.84013, -15.74421 ], [ -47.85954, -15.72569 ], [ -47.8476, -15.72961 ], [ -47.84385, -15.73492 ], [ -47.83853, -15.73413 ] ], [ [ -47.82133, -15.7591 ], [ -47.82041, -15.75909 ], [ -47.82103, -15.75848 ], [ -47.82133, -15.7591 ] ], [ [ -47.83214, -15.74307 ], [ -47.83312, -15.74255 ], [ -47.83285, -15.74328 ], [ -47.83214, -15.74307 ] ] ] ] } },
{ "type": "Feature", "properties": { "cluster": 73.0, "hvi": 0.1248, "population": 499, "setores": 1, "municipio": "Brasília" }, "geometry": { "type": "Polygon", "coordinates": [ [ [ -47.92623, -15.82897 ], [ -47.92443, -15.83136 ], [ -47.92777, -15.83284 ], [ -47.92869, -15.83134 ], [ -47.92623, -15.82897 ] ] ] } },
{ "type": "Feature", "properties": { "cluster": 74.0, "hvi": 0.1106, "population": 330, "setores": 1, "municipio": "Brasília" }, "geometry": { "type": "Polygon", "coordinates": [ [ [ -47.88986, -15.78777 ], [ -47.88913, -15.79035 ], [ -47.89725, -15.78733 ], [ -47.88986, -15.78777 ] ] ] } },
{ "type": "Feature", "properties": { "cluster": 75.0, "hvi": 0.1006, "population": 118, "setores": 1, "municipio": "Brasília" }, "geometry": { "type": "Polygon", "coordinates": [ [ [ -47.87892, -15.75919 ], [ -47.88106, -15.76026 ], [ -47.8812, -15.75983 ], [ -47.87892, -15.75919 ] ] ] } },
{ "type": "Feature", "properties": { "cluster": 76.0, "hvi": 0.1094, "population": 1362, "setores": 8, "municipio": "Brasília" }, "geometry": { "type": "MultiPolygon", "coordinates": [ [ [ [ -47.85089, -15.78717 ], [ -47.85012, -15.78859 ], [ -47.85126, -15.78823 ], [ -47.85089, -15.78717 ] ] ], [ [ [ -47.8557, -15.78975 ], [ -47.85797, -15.78718 ], [ -47.853, -15.78329 ], [ -47.85201, -15.7861 ], [ -47.84997, -15.7844 ], [ -47.84928, -15.78608 ], [ -47.85041, -15.78571 ], [ -47.84954, -15.78684 ], [ -47.85067, -15.78648 ], [ -47.84976, -15.78754 ], [ -47.85089, -15.78717 ], [ -47.85077, -15.78678 ], [ -47.85126, -15.78823 ], [ -47.8557, -15.78975 ] ], [ [ -47.85162, -15.78721 ], [ -47.85077, -15.78678 ], [ -47.85077, -15.78678 ], [ -47.8519, -15.78641 ], [ -47.85162, -15.78721 ] ] ], [ [ [ -47.85915, -15.78115 ], [ -47.85797, -15.78718 ], [ -47.86135, -15.78186 ], [ -47.85915, -15.78115 ] ] ] ] } },
{ "type": "Feature", "properties": { "cluster": 77.0, "hvi": 0.1215, "population": 2202, "setores": 5, "municipio": "Brasília" }, "geometry": { "type": "Polygon", "coordinates": [ [ [ -47.92077, -15.8466 ], [ -47.92194, -15.84688 ], [ -47.91859, -15.8438 ], [ -47.92031, -15.84646 ], [ -47.91919, -15.84612 ], [ -47.91546, -15.84248 ], [ -47.91416, -15.84624 ], [ -47.91965, -15.85156 ], [ -47.93233, -15.85132 ], [ -47.93154, -15.84509 ], [ -47.92437, -15.84548 ], [ -47.92119, -15.84489 ], [ -47.92351, -15.84677 ], [ -47.92319, -15.84725 ], [ -47.92077, -15.8466 ] ], [ [ -47.92248, -15.8483 ], [ -47.92207, -15.84893 ], [ -47.92077, -15.8466 ], [ -47.92248, -15.8483 ] ] ] } },
{ "type": "Feature", "properties": { "cluster": 78.0, "hvi": 0.1379, "population": 2378, "setores": 3, "municipio": "Brasília" }, "geometry": { "type": "Polygon", "coordinates": [ [ [ -47.91365, -15.74301 ], [ -47.9141, -15.73878 ], [ -47.91087, -15.73781 ], [ -47.91058, -15.74106 ], [ -47.90972, -15.73746 ], [ -47.90931, -15.7427 ], [ -47.91056, -15.74137 ], [ -47.91365, -15.74301 ] ] ] } },
{ "type": "Feature", "properties": { "cluster": 79.0, "hvi": 0.116, "population": 1780, "setores": 5, "municipio": "Brasília" }, "geometry": { "type": "MultiPolygon", "coordinates": [ [ [ [ -47.91477, -15.74702 ], [ -47.91616, -15.74375 ], [ -47.91345, -15.74617 ], [ -47.91477, -15.74702 ] ] ], [ [ [ -47.91352, -15.74482 ], [ -47.91173, -15.7445 ], [ -47.91345, -15.74617 ], [ -47.91352, -15.74482 ] ] ], [ [ [ -47.91294, -15.74297 ], [ -47.90931, -15.7427 ], [ -47.91288, -15.74353 ], [ -47.91294, -15.74297 ] ] ], [ [ [ -47.91395, -15.74041 ], [ -47.91288, -15.74353 ], [ -47.91616, -15.74375 ], [ -47.91785, -15.74153 ], [ -47.91395, -15.74041 ] ] ] ] } },
{ "type": "Feature", "properties": { "cluster": 80.0, "hvi": 0.1402, "population": 2572, "setores": 3, "municipio": "Brasília" }, "geometry": { "type": "MultiPolygon", "coordinates": [ [ [ [ -47.91163, -15.74606 ], [ -47.90906, -15.74586 ], [ -47.91154, -15.74741 ], [ -47.91163, -15.74606 ] ] ], [ [ [ -47.91173, -15.7445 ], [ -47.90918, -15.74434 ], [ -47.91163, -15.74606 ], [ -47.91173, -15.7445 ] ] ], [ [ [ -47.90926, -15.74329 ], [ -47.91352, -15.74482 ], [ -47.91358, -15.74358 ], [ -47.90926, -15.74329 ] ] ] ] } },
{ "type": "Feature", "properties": { "cluster": 81.0, "hvi": 0.1309, "population": 2115, "setores": 3, "municipio": "Brasília" }, "geometry": { "type": "MultiPolygon", "coordinates": [ [ [ [ -47.91148, -15.74847 ], [ -47.91154, -15.74741 ], [ -47.90895, -15.74721 ], [ -47.91148, -15.74847 ] ] ], [ [ [ -47.91326, -15.74829 ], [ -47.91268, -15.74676 ], [ -47.9115, -15.74822 ], [ -47.91326, -15.74829 ] ] ], [ [ [ -47.91424, -15.7462 ], [ -47.91163, -15.74606 ], [ -47.91417, -15.7475 ], [ -47.91424, -15.7462 ] ] ] ] } },
{ "type": "Feature", "properties": { "cluster": 82.0, "hvi": 0.1206, "population": 2915, "setores": 9, "municipio": "Brasília" }, "geometry": { "type": "MultiPolygon", "coordinates": [ [ [ [ -47.91785, -15.74153 ], [ -47.9115, -15.74822 ], [ -47.91134, -15.75168 ], [ -47.91422, -15.75448 ], [ -47.9084, -15.75409 ], [ -47.90797, -15.75887 ], [ -47.92106, -15.76145 ], [ -47.92781, -15.75747 ], [ -47.91785, -15.74153 ] ], [ [ -47.91847, -15.75543 ], [ -47.91725, -15.75329 ], [ -47.91748, -15.75287 ], [ -47.9202, -15.75457 ], [ -47.91847, -15.75543 ] ], [ [ -47.91155, -15.74977 ], [ -47.91209, -15.74935 ], [ -47.91289, -15.75039 ], [ -47.91155, -15.74977 ] ], [ [ -47.91346, -15.74887 ], [ -47.91399, -15.74904 ], [ -47.91326, -15.74949 ], [ -47.91346, -15.74887 ] ], [ [ -47.91429, -15.74886 ], [ -47.91409, -15.74898 ], [ -47.91411, -15.74886 ], [ -47.91429, -15.74886 ] ], [ [ -47.91447, -15.75101 ], [ -47.91564, -15.74927 ], [ -47.91543, -15.75143 ], [ -47.91447, -15.75101 ] ], [ [ -47.92355, -15.75281 ], [ -47.9212, -15.75421 ], [ -47.92118, -15.75283 ], [ -47.92355, -15.75281 ] ] ], [ [ [ -47.90872, -15.75012 ], [ -47.91134, -15.75168 ], [ -47.91135, -15.7512 ], [ -47.90872, -15.75012 ] ] ], [ [ [ -47.90886, -15.74826 ], [ -47.91135, -15.7512 ], [ -47.91148, -15.74847 ], [ -47.90886, -15.74826 ] ] ] ] } },
{ "type": "Feature", "properties": { "cluster": 83.0, "hvi": 0.1431, "population": 2580, "setores": 3, "municipio": "Brasília" }, "geometry": { "type": "MultiPolygon", "coordinates": [ [ [ [ -47.90851, -15.75265 ], [ -47.9084, -15.75409 ], [ -47.91422, -15.75448 ], [ -47.90851, -15.75265 ] ] ], [ [ [ -47.91373, -15.75186 ], [ -47.9129, -15.7518 ], [ -47.91367, -15.75301 ], [ -47.91373, -15.75186 ] ] ], [ [ [ -47.9129, -15.7518 ], [ -47.9086, -15.75154 ], [ -47.91282, -15.75296 ], [ -47.9129, -15.7518 ] ] ] ] } },
{ "type": "Feature", "properties": { "cluster": 84.0, "hvi": 0.1241, "population": 2166, "setores": 4, "municipio": "Brasília" }, "geometry": { "type": "Polygon", "coordinates": [ [ [ -47.90699, -15.77228 ], [ -47.90989, -15.77166 ], [ -47.91304, -15.76786 ], [ -47.92106, -15.76145 ], [ -47.91492, -15.75939 ], [ -47.90797, -15.75887 ], [ -47.90766, -15.7629 ], [ -47.91275, -15.76489 ], [ -47.90743, -15.76591 ], [ -47.90699, -15.77228 ] ], [ [ -47.91293, -15.76302 ], [ -47.91349, -15.76303 ], [ -47.91275, -15.76489 ], [ -47.91293, -15.76302 ] ] ] } },
{ "type": "Feature", "properties": { "cluster": 85.0, "hvi": 0.1113, "population": 2543, "setores": 7, "municipio": "Brasília" }, "geometry": { "type": "MultiPolygon", "coordinates": [ [ [ [ -48.06589, -16.01185 ], [ -48.06411, -16.01095 ], [ -48.06486, -16.00955 ], [ -48.06374, -16.00899 ], [ -48.0641, -16.01095 ], [ -48.06299, -16.01038 ], [ -48.06436, -16.00781 ], [ -48.06263, -16.00852 ], [ -48.06284, -16.00517 ], [ -48.06091, -16.00551 ], [ -48.06121, -16.00278 ], [ -48.0597, -16.00573 ], [ -48.0598, -16.00784 ], [ -48.06292, -16.01035 ], [ -48.05985, -16.00879 ], [ -48.06006, -16.01322 ], [ -48.06454, -16.01364 ], [ -48.06589, -16.01185 ] ] ], [ [ [ -48.06719, -16.0125 ], [ -48.06784, -16.01126 ], [ -48.06813, -16.01298 ], [ -48.06964, -16.01031 ], [ -48.06752, -16.00938 ], [ -48.0678, -16.01103 ], [ -48.06486, -16.00955 ], [ -48.06719, -16.0125 ] ] ] ] } },
{ "type": "Feature", "properties": { "cluster": 86.0, "hvi": 0.1625, "population": 2766, "setores": 3, "municipio": "Brasília" }, "geometry": { "type": "MultiPolygon", "coordinates": [ [ [ [ -48.06012, -16.01444 ], [ -48.0617, -16.01438 ], [ -48.06168, -16.01393 ], [ -48.06012, -16.01444 ] ] ], [ [ [ -48.06528, -16.01328 ], [ -48.06327, -16.01228 ], [ -48.06297, -16.01538 ], [ -48.06528, -16.01328 ] ] ], [ [ [ -48.06168, -16.01393 ], [ -48.06164, -16.01326 ], [ -48.0601, -16.014 ], [ -48.06168, -16.01393 ] ] ] ] } },
{ "type": "Feature", "properties": { "cluster": 87.0, "hvi": 0.1125, "population": 2671, "setores": 7, "municipio": "Brasília" }, "geometry": { "type": "MultiPolygon", "coordinates": [ [ [ [ -48.06417, -16.01546 ], [ -48.06397, -16.01516 ], [ -48.06356, -16.01584 ], [ -48.06417, -16.01546 ] ] ], [ [ [ -48.06378, -16.01488 ], [ -48.06297, -16.01581 ], [ -48.06397, -16.01516 ], [ -48.06378, -16.01488 ] ] ], [ [ [ -48.06297, -16.01548 ], [ -48.06173, -16.01498 ], [ -48.06176, -16.01553 ], [ -48.06297, -16.01548 ] ] ], [ [ [ -48.06467, -16.01433 ], [ -48.06397, -16.01516 ], [ -48.06477, -16.01478 ], [ -48.06417, -16.01546 ], [ -48.0652, -16.01457 ], [ -48.06467, -16.01433 ] ] ], [ [ [ -48.06294, -16.01394 ], [ -48.06236, -16.01496 ], [ -48.06298, -16.01494 ], [ -48.06294, -16.01394 ] ] ], [ [ [ -48.06528, -16.01328 ], [ -48.0652, -16.01457 ], [ -48.06574, -16.01351 ], [ -48.06528, -16.01328 ] ] ] ] } },
{ "type": "Feature", "properties": { "cluster": 88.0, "hvi": 0.1148, "population": 2976, "setores": 7, "municipio": "Brasília" }, "geometry": { "type": "MultiPolygon", "coordinates": [ [ [ [ -48.06177, -16.01582 ], [ -48.06028, -16.01788 ], [ -48.06248, -16.01776 ], [ -48.06177, -16.01582 ] ] ], [ [ [ -48.05703, -16.018 ], [ -48.06028, -16.01788 ], [ -48.06012, -16.01444 ], [ -48.06006, -16.01322 ], [ -48.05703, -16.018 ] ] ], [ [ [ -48.06012, -16.01444 ], [ -48.06019, -16.01589 ], [ -48.06177, -16.01582 ], [ -48.06012, -16.01444 ] ] ], [ [ [ -48.05661, -16.00897 ], [ -48.05667, -15.99963 ], [ -48.05611, -15.99877 ], [ -48.05308, -15.99854 ], [ -48.05324, -16.00175 ], [ -48.05381, -16.0014 ], [ -48.05617, -15.99994 ], [ -48.05453, -16.01684 ], [ -48.05703, -16.018 ], [ -48.05602, -16.009 ], [ -48.05661, -16.00897 ] ] ], [ [ [ -48.05394, -16.01642 ], [ -48.05453, -16.01684 ], [ -48.05381, -16.0014 ], [ -48.05394, -16.01642 ] ] ] ] } },
{ "type": "Feature", "properties": { "cluster": 89.0, "hvi": 0.1159, "population": 2202, "setores": 5, "municipio": "Brasília" }, "geometry": { "type": "MultiPolygon", "coordinates": [ [ [ [ -48.06513, -16.01814 ], [ -48.06187, -16.01779 ], [ -48.06202, -16.02096 ], [ -48.06513, -16.01814 ] ] ], [ [ [ -48.06248, -16.01776 ], [ -48.06307, -16.01773 ], [ -48.06651, -16.01584 ], [ -48.06742, -16.01434 ], [ -48.06178, -16.01597 ], [ -48.06297, -16.01588 ], [ -48.06297, -16.01592 ], [ -48.06181, -16.01645 ], [ -48.063, -16.01642 ], [ -48.06248, -16.01776 ] ] ] ] } },
{ "type": "Feature", "properties": { "cluster": 90.0, "hvi": 0.1368, "population": 2470, "setores": 3, "municipio": "Brasília" }, "geometry": { "type": "Polygon", "coordinates": [ [ [ -48.06054, -16.02327 ], [ -48.06305, -16.02453 ], [ -48.06753, -16.02176 ], [ -48.0635, -16.02246 ], [ -48.07195, -16.01661 ], [ -48.06761, -16.01749 ], [ -48.06633, -16.01995 ], [ -48.06513, -16.01814 ], [ -48.06305, -16.02254 ], [ -48.0621, -16.02271 ], [ -48.06028, -16.01788 ], [ -48.06054, -16.02327 ] ] ] } },
{ "type": "Feature", "properties": { "cluster": 91.0, "hvi": 0.1281, "population": 1373, "setores": 2, "municipio": "Brasília" }, "geometry": { "type": "Polygon", "coordinates": [ [ [ -48.06923, -16.02163 ], [ -48.07101, -16.02431 ], [ -48.07345, -16.02279 ], [ -48.07325, -16.01821 ], [ -48.07026, -16.01946 ], [ -48.07269, -16.0203 ], [ -48.06923, -16.02163 ] ] ] } },
{ "type": "Feature", "properties": { "cluster": 92.0, "hvi": 0.1248, "population": 2484, "setores": 4, "municipio": "Brasília" }, "geometry": { "type": "MultiPolygon", "coordinates": [ [ [ [ -48.07645, -16.01715 ], [ -48.07402, -16.01862 ], [ -48.07405, -16.01966 ], [ -48.07715, -16.0205 ], [ -48.08006, -16.01869 ], [ -48.07947, -16.01565 ], [ -48.07688, -16.01726 ], [ -48.07659, -16.01828 ], [ -48.07645, -16.01715 ] ] ], [ [ [ -48.08263, -16.01707 ], [ -48.08083, -16.01548 ], [ -48.08006, -16.01869 ], [ -48.08263, -16.01707 ] ] ] ] } },
{ "type": "Feature", "properties": { "cluster": 93.0, "hvi": 0.1216, "population": 2753, "setores": 6, "municipio": "Brasília" }, "geometry": { "type": "MultiPolygon", "coordinates": [ [ [ [ -48.06905, -16.02136 ], [ -48.06759, -16.01917 ], [ -48.06779, -16.02215 ], [ -48.06905, -16.02136 ] ] ], [ [ [ -48.07331, -16.01947 ], [ -48.07617, -16.01732 ], [ -48.07315, -16.01604 ], [ -48.07321, -16.0174 ], [ -48.07195, -16.01661 ], [ -48.06759, -16.01917 ], [ -48.07043, -16.02175 ], [ -48.07321, -16.01741 ], [ -48.07331, -16.01947 ] ] ], [ [ [ -48.08005, -16.01529 ], [ -48.0775, -16.01382 ], [ -48.07663, -16.01741 ], [ -48.08005, -16.01529 ] ] ], [ [ [ -48.07579, -16.01342 ], [ -48.07399, -16.01623 ], [ -48.07645, -16.01715 ], [ -48.07579, -16.01342 ] ] ], [ [ [ -48.08275, -16.01324 ], [ -48.08035, -16.01577 ], [ -48.08284, -16.01676 ], [ -48.08275, -16.01324 ] ] ] ] } },
{ "type": "Feature", "properties": { "cluster": 94.0, "hvi": 0.1228, "population": 2410, "setores": 4, "municipio": "Brasília" }, "geometry": { "type": "MultiPolygon", "coordinates": [ [ [ [ -48.0793, -16.01204 ], [ -48.07673, -16.01364 ], [ -48.07909, -16.01509 ], [ -48.07958, -16.01413 ], [ -48.07987, -16.015 ], [ -48.08275, -16.01324 ], [ -48.07941, -16.01282 ], [ -48.0793, -16.01204 ] ] ], [ [ [ -48.08259, -16.01001 ], [ -48.08156, -16.01022 ], [ -48.07989, -16.01168 ], [ -48.08251, -16.01297 ], [ -48.08259, -16.01001 ] ] ], [ [ [ -48.08352, -16.01161 ], [ -48.08386, -16.0075 ], [ -48.08266, -16.01165 ], [ -48.08352, -16.01161 ] ] ] ] } },
{ "type": "Feature", "properties": { "cluster": 95.0, "hvi": 0.1311, "population": 2232, "setores": 3, "municipio": "Brasília" }, "geometry": { "type": "MultiPolygon", "coordinates": [ [ [ [ -48.07267, -16.01307 ], [ -48.07339, -16.01531 ], [ -48.07579, -16.01342 ], [ -48.07267, -16.01307 ] ] ], [ [ [ -48.07961, -16.01185 ], [ -48.07734, -16.0102 ], [ -48.07616, -16.01398 ], [ -48.07961, -16.01185 ] ] ], [ [ [ -48.07961, -16.01185 ], [ -48.08259, -16.01001 ], [ -48.079, -16.00918 ], [ -48.07961, -16.01185 ] ] ] ] } },
{ "type": "Feature", "properties": { "cluster": 96.0, "hvi": 0.1218, "population": 2275, "setores": 4, "municipio": "Brasília" }, "geometry": { "type": "MultiPolygon", "coordinates": [ [ [ [ -48.07579, -16.01342 ], [ -48.07636, -16.01209 ], [ -48.07573, -16.00973 ], [ -48.07276, -16.01158 ], [ -48.07579, -16.01342 ] ] ], [ [ [ -48.07303, -16.01141 ], [ -48.0725, -16.00842 ], [ -48.07054, -16.01099 ], [ -48.07303, -16.01141 ] ] ], [ [ [ -48.07573, -16.00973 ], [ -48.0795, -16.01111 ], [ -48.07906, -16.00767 ], [ -48.07573, -16.00973 ] ] ], [ [ [ -48.08255, -16.00923 ], [ -48.08197, -16.00586 ], [ -48.07944, -16.00824 ], [ -48.08255, -16.00923 ] ] ] ] } },
{ "type": "Feature", "properties": { "cluster": 97.0, "hvi": 0.1235, "population": 2985, "setores": 5, "municipio": "Brasília" }, "geometry": { "type": "MultiPolygon", "coordinates": [ [ [ [ -48.07621, -16.00943 ], [ -48.07875, -16.00785 ], [ -48.07446, -16.00681 ], [ -48.07621, -16.00943 ] ] ], [ [ [ -48.07944, -16.00453 ], [ -48.07877, -16.00419 ], [ -48.07608, -16.00288 ], [ -48.07634, -16.00605 ], [ -48.07875, -16.00785 ], [ -48.07944, -16.00453 ] ] ], [ [ [ -48.08197, -16.00586 ], [ -48.07944, -16.00453 ], [ -48.08087, -16.00696 ], [ -48.08197, -16.00586 ] ] ], [ [ [ -48.07508, -16.0027 ], [ -48.07307, -16.00477 ], [ -48.076, -16.00585 ], [ -48.07608, -16.00288 ], [ -48.07508, -16.0027 ] ] ] ] } },
{ "type": "Feature", "properties": { "cluster": 98.0, "hvi": 0.1189, "population": 2974, "setores": 6, "municipio": "Brasília" }, "geometry": { "type": "MultiPolygon", "coordinates": [ [ [ [ -48.07321, -16.0174 ], [ -48.07305, -16.01552 ], [ -48.06813, -16.01298 ], [ -48.06761, -16.01749 ], [ -48.07321, -16.0174 ] ] ], [ [ [ -48.06813, -16.01298 ], [ -48.06589, -16.01185 ], [ -48.06534, -16.01535 ], [ -48.06598, -16.01481 ], [ -48.06582, -16.0156 ], [ -48.06813, -16.01298 ] ] ], [ [ [ -48.07137, -16.01282 ], [ -48.06964, -16.01031 ], [ -48.07017, -16.01399 ], [ -48.07137, -16.01282 ] ] ], [ [ [ -48.0695, -16.00698 ], [ -48.06964, -16.01031 ], [ -48.07239, -16.00851 ], [ -48.07303, -16.01141 ], [ -48.07621, -16.00943 ], [ -48.0695, -16.00698 ] ] ] ] } },
{ "type": "Feature", "properties": { "cluster": 99.0, "hvi": 0.12, "population": 2694, "setores": 5, "municipio": "Brasília" }, "geometry": { "type": "MultiPolygon", "coordinates": [ [ [ [ -48.07285, -16.00781 ], [ -48.07214, -16.00453 ], [ -48.06993, -16.00671 ], [ -48.07231, -16.00815 ], [ -48.07285, -16.00781 ] ] ], [ [ [ -48.07545, -16.00619 ], [ -48.07307, -16.00477 ], [ -48.07285, -16.00781 ], [ -48.07545, -16.00619 ] ] ], [ [ [ -48.0695, -16.00698 ], [ -48.07214, -16.00453 ], [ -48.06933, -16.00369 ], [ -48.0695, -16.00698 ] ] ], [ [ [ -48.0722, -16.00127 ], [ -48.06957, -16.00279 ], [ -48.07255, -16.00427 ], [ -48.07252, -16.0051 ], [ -48.07537, -16.00252 ], [ -48.07262, -16.00194 ], [ -48.07257, -16.00344 ], [ -48.0722, -16.00127 ] ] ] ] } },
{ "type": "Feature", "properties": { "cluster": 100.0, "hvi": 0.1353, "population": 2484, "setores": 3, "municipio": "Brasília" }, "geometry": { "type": "MultiPolygon", "coordinates": [ [ [ [ -48.07339, -16.01531 ], [ -48.06964, -16.01031 ], [ -48.07137, -16.01282 ], [ -48.07339, -16.01531 ] ] ], [ [ [ -48.06964, -16.01031 ], [ -48.06932, -16.00294 ], [ -48.06252, -15.9996 ], [ -48.06374, -16.00899 ], [ -48.06964, -16.01031 ] ] ], [ [ [ -48.06284, -16.00517 ], [ -48.06265, -16.00137 ], [ -48.06133, -16.00523 ], [ -48.06284, -16.00517 ] ] ] ] } },
{ "type": "Feature", "properties": { "cluster": 101.0, "hvi": 0.1329, "population": 767, "setores": 1, "municipio": "Brasília" }, "geometry": { "type": "Polygon", "coordinates": [ [ [ -48.05782, -15.99729 ], [ -48.05956, -16.00285 ], [ -48.06121, -16.00278 ], [ -48.06252, -15.9996 ], [ -48.05782, -15.99729 ] ] ] } },
{ "type": "Feature", "properties": { "cluster": 102.0, "hvi": 0.1283, "population": 2788, "setores": 4, "municipio": "Brasília" }, "geometry": { "type": "Polygon", "coordinates": [ [ [ -48.05617, -15.99994 ], [ -48.05661, -16.00897 ], [ -48.05741, -16.00892 ], [ -48.05763, -16.01334 ], [ -48.06006, -16.01322 ], [ -48.0593, -15.99908 ], [ -48.05694, -15.99946 ], [ -48.05741, -16.0088 ], [ -48.05617, -15.99994 ] ] ] } },
{ "type": "Feature", "properties": { "cluster": 103.0, "hvi": 0.1194, "population": 2539, "setores": 5, "municipio": "Brasília" }, "geometry": { "type": "MultiPolygon", "coordinates": [ [ [ [ -48.05097, -16.00825 ], [ -48.05357, -16.00859 ], [ -48.05339, -16.00499 ], [ -48.05054, -16.00756 ], [ -48.05097, -16.00825 ] ] ], [ [ [ -48.05324, -16.00175 ], [ -48.05034, -16.00367 ], [ -48.05339, -16.00499 ], [ -48.05324, -16.00175 ] ] ], [ [ [ -48.05596, -15.99676 ], [ -48.04791, -15.99049 ], [ -48.04352, -15.99461 ], [ -48.05034, -16.00367 ], [ -48.05436, -15.99873 ], [ -48.05526, -15.9993 ], [ -48.05596, -15.99676 ] ] ], [ [ [ -48.05866, -15.99839 ], [ -48.05595, -15.99638 ], [ -48.05667, -15.99963 ], [ -48.05866, -15.99839 ] ] ] ] } },
{ "type": "Feature", "properties": { "cluster": 104.0, "hvi": 0.1259, "population": 1318, "setores": 2, "municipio": "Brasília" }, "geometry": { "type": "Polygon", "coordinates": [ [ [ -48.04957, -16.00735 ], [ -48.05182, -16.00677 ], [ -48.05241, -16.00493 ], [ -48.04965, -16.0041 ], [ -48.04709, -16.00568 ], [ -48.04957, -16.00735 ] ] ] } },
{ "type": "Feature", "properties": { "cluster": 105.0, "hvi": 0.1156, "population": 1852, "setores": 4, "municipio": "Brasília" }, "geometry": { "type": "MultiPolygon", "coordinates": [ [ [ [ -48.04976, -16.01094 ], [ -48.0474, -16.00951 ], [ -48.04718, -16.01147 ], [ -48.04578, -16.0115 ], [ -48.04553, -16.01392 ], [ -48.04867, -16.01203 ], [ -48.04976, -16.01094 ] ] ], [ [ [ -48.04802, -16.0138 ], [ -48.05007, -16.01434 ], [ -48.05004, -16.01531 ], [ -48.05144, -16.01444 ], [ -48.05016, -16.01152 ], [ -48.05008, -16.01415 ], [ -48.04867, -16.01203 ], [ -48.04802, -16.0138 ] ] ] ] } },
{ "type": "Feature", "properties": { "cluster": 106.0, "hvi": 0.1287, "population": 2809, "setores": 4, "municipio": "Brasília" }, "geometry": { "type": "MultiPolygon", "coordinates": [ [ [ [ -48.05374, -16.01232 ], [ -48.0536, -16.00939 ], [ -48.04984, -16.01172 ], [ -48.05374, -16.01232 ] ] ], [ [ [ -48.0536, -16.00939 ], [ -48.05357, -16.00859 ], [ -48.04996, -16.00792 ], [ -48.04695, -16.0098 ], [ -48.05032, -16.01059 ], [ -48.0536, -16.00939 ] ] ], [ [ [ -48.05128, -16.00711 ], [ -48.04957, -16.00735 ], [ -48.04673, -16.0059 ], [ -48.0469, -16.00885 ], [ -48.05128, -16.00711 ] ] ] ] } },
{ "type": "Feature", "properties": { "cluster": 107.0, "hvi": 0.1289, "population": 1466, "setores": 2, "municipio": "Brasília" }, "geometry": { "type": "MultiPolygon", "coordinates": [ [ [ [ -48.04469, -16.0167 ], [ -48.04522, -16.01843 ], [ -48.04729, -16.01782 ], [ -48.04469, -16.0167 ] ] ], [ [ [ -48.04544, -16.0165 ], [ -48.04722, -16.01601 ], [ -48.04711, -16.01351 ], [ -48.04544, -16.0165 ] ] ] ] } },
{ "type": "Feature", "properties": { "cluster": 108.0, "hvi": 0.1225, "population": 2960, "setores": 5, "municipio": "Brasília" }, "geometry": { "type": "MultiPolygon", "coordinates": [ [ [ [ -48.05046, -16.02207 ], [ -48.04833, -16.02068 ], [ -48.0506, -16.01831 ], [ -48.04926, -16.01749 ], [ -48.05088, -16.01812 ], [ -48.04993, -16.01457 ], [ -48.04777, -16.01299 ], [ -48.04732, -16.01631 ], [ -48.04732, -16.02029 ], [ -48.04791, -16.02324 ], [ -48.05046, -16.02207 ] ], [ [ -48.04964, -16.01477 ], [ -48.04805, -16.01676 ], [ -48.04732, -16.01631 ], [ -48.04964, -16.01477 ] ] ], [ [ [ -48.0534, -16.02023 ], [ -48.05382, -16.01923 ], [ -48.05394, -16.01642 ], [ -48.05088, -16.01812 ], [ -48.0534, -16.02023 ] ] ] ] } },
{ "type": "Feature", "properties": { "cluster": 109.0, "hvi": 0.1221, "population": 2942, "setores": 5, "municipio": "Brasília" }, "geometry": { "type": "MultiPolygon", "coordinates": [ [ [ [ -48.0506, -16.01831 ], [ -48.04792, -16.01992 ], [ -48.05091, -16.02178 ], [ -48.0534, -16.02023 ], [ -48.0506, -16.01831 ] ] ], [ [ [ -48.05328, -16.01669 ], [ -48.05378, -16.01308 ], [ -48.05109, -16.01467 ], [ -48.05088, -16.01812 ], [ -48.05328, -16.01669 ] ] ], [ [ [ -48.05374, -16.01232 ], [ -48.05016, -16.01152 ], [ -48.0505, -16.01422 ], [ -48.05378, -16.01308 ], [ -48.05374, -16.01232 ] ] ] ] } },
{ "type": "Feature", "properties": { "cluster": 110.0, "hvi": 0.1368, "population": 862, "setores": 1, "municipio": "Brasília" }, "geometry": { "type": "Polygon", "coordinates": [ [ [ -48.04791, -16.02324 ], [ -48.04979, -16.02611 ], [ -48.0515, -16.02579 ], [ -48.05046, -16.02207 ], [ -48.04791, -16.02324 ] ] ] } },
{ "type": "Feature", "properties": { "cluster": 111.0, "hvi": 0.1308, "population": 2998, "setores": 4, "municipio": "Brasília" }, "geometry": { "type": "MultiPolygon", "coordinates": [ [ [ [ -48.05413, -16.03083 ], [ -48.05386, -16.02716 ], [ -48.05139, -16.02852 ], [ -48.05328, -16.03137 ], [ -48.05413, -16.03083 ] ] ], [ [ [ -48.05414, -16.027 ], [ -48.05409, -16.02358 ], [ -48.05091, -16.02178 ], [ -48.0512, -16.02532 ], [ -48.05325, -16.02663 ], [ -48.05069, -16.02559 ], [ -48.05139, -16.02852 ], [ -48.05414, -16.027 ] ] ] ] } },
{ "type": "Feature", "properties": { "cluster": 112.0, "hvi": 0.1181, "population": 2926, "setores": 6, "municipio": "Brasília" }, "geometry": { "type": "MultiPolygon", "coordinates": [ [ [ [ -48.0574, -16.02521 ], [ -48.05409, -16.02358 ], [ -48.05414, -16.027 ], [ -48.0574, -16.02521 ] ] ], [ [ [ -48.0574, -16.02521 ], [ -48.06035, -16.02658 ], [ -48.06054, -16.02327 ], [ -48.0574, -16.02521 ] ] ], [ [ [ -48.05423, -16.02112 ], [ -48.05091, -16.02178 ], [ -48.05409, -16.02358 ], [ -48.05423, -16.02112 ] ] ], [ [ [ -48.05434, -16.02341 ], [ -48.06035, -16.01908 ], [ -48.05394, -16.01642 ], [ -48.05349, -16.02007 ], [ -48.05435, -16.02043 ], [ -48.05434, -16.02341 ] ] ] ] } },
{ "type": "Feature", "properties": { "cluster": 113.0, "hvi": 0.1143, "population": 2118, "setores": 5, "municipio": "Brasília" }, "geometry": { "type": "MultiPolygon", "coordinates": [ [ [ [ -48.05469, -16.03062 ], [ -48.05627, -16.02964 ], [ -48.0542, -16.02985 ], [ -48.05469, -16.03062 ] ] ], [ [ [ -48.05627, -16.02964 ], [ -48.05743, -16.02884 ], [ -48.0574, -16.02521 ], [ -48.05386, -16.02716 ], [ -48.05627, -16.02964 ] ] ], [ [ [ -48.06035, -16.01908 ], [ -48.05957, -16.02032 ], [ -48.05409, -16.02358 ], [ -48.0574, -16.02521 ], [ -48.06054, -16.02327 ], [ -48.06035, -16.01908 ] ] ] ] } },
{ "type": "Feature", "properties": { "cluster": 114.0, "hvi": 0.1221, "population": 2854, "setores": 5, "municipio": "Brasília" }, "geometry": { "type": "MultiPolygon", "coordinates": [ [ [ [ -48.06131, -16.0341 ], [ -48.06406, -16.03302 ], [ -48.062, -16.02988 ], [ -48.05954, -16.03141 ], [ -48.06131, -16.0341 ] ] ], [ [ [ -48.06577, -16.03197 ], [ -48.06365, -16.02884 ], [ -48.06406, -16.03302 ], [ -48.06577, -16.03197 ] ] ], [ [ [ -48.06052, -16.03048 ], [ -48.06038, -16.02723 ], [ -48.05751, -16.0287 ], [ -48.05983, -16.02994 ], [ -48.06052, -16.03048 ] ] ], [ [ [ -48.06133, -16.02685 ], [ -48.06052, -16.03048 ], [ -48.06365, -16.02884 ], [ -48.06133, -16.02685 ] ] ], [ [ [ -48.06054, -16.02327 ], [ -48.06133, -16.02685 ], [ -48.06397, -16.02499 ], [ -48.06054, -16.02327 ] ] ] ] } },
{ "type": "Feature", "properties": { "cluster": 115.0, "hvi": 0.1246, "population": 2508, "setores": 4, "municipio": "Brasília" }, "geometry": { "type": "MultiPolygon", "coordinates": [ [ [ [ -48.05802, -16.03234 ], [ -48.05731, -16.02897 ], [ -48.05469, -16.03062 ], [ -48.05777, -16.0325 ], [ -48.05984, -16.03562 ], [ -48.06159, -16.03453 ], [ -48.05802, -16.03234 ] ] ], [ [ [ -48.0608, -16.03063 ], [ -48.05751, -16.0287 ], [ -48.05802, -16.03234 ], [ -48.0608, -16.03063 ] ] ], [ [ [ -48.06038, -16.02723 ], [ -48.05947, -16.02607 ], [ -48.05751, -16.0287 ], [ -48.06038, -16.02723 ] ] ] ] } },
{ "type": "Feature", "properties": { "cluster": 116.0, "hvi": 0.1213, "population": 2796, "setores": 5, "municipio": "Brasília" }, "geometry": { "type": "MultiPolygon", "coordinates": [ [ [ [ -48.06167, -16.04134 ], [ -48.06095, -16.04102 ], [ -48.06298, -16.04042 ], [ -48.0604, -16.03648 ], [ -48.05992, -16.03922 ], [ -48.05818, -16.03978 ], [ -48.05893, -16.04229 ], [ -48.06167, -16.04134 ] ] ], [ [ [ -48.05569, -16.03329 ], [ -48.05748, -16.03268 ], [ -48.05313, -16.03535 ], [ -48.05668, -16.04067 ], [ -48.0604, -16.03648 ], [ -48.05777, -16.0325 ], [ -48.05436, -16.03012 ], [ -48.05569, -16.03329 ] ] ] ] } },
{ "type": "Feature", "properties": { "cluster": 117.0, "hvi": 0.1127, "population": 394, "setores": 1, "municipio": "Brasília" }, "geometry": { "type": "Polygon", "coordinates": [ [ [ -48.05772, -16.03817 ], [ -48.05992, -16.03923 ], [ -48.05879, -16.0375 ], [ -48.05772, -16.03817 ] ] ] } },
{ "type": "Feature", "properties": { "cluster": 118.0, "hvi": 0.1282, "population": 2798, "setores": 4, "municipio": "Brasília" }, "geometry": { "type": "MultiPolygon", "coordinates": [ [ [ [ -48.06298, -16.04042 ], [ -48.06721, -16.03779 ], [ -48.06467, -16.03264 ], [ -48.06131, -16.0341 ], [ -48.06315, -16.03578 ], [ -48.06159, -16.03453 ], [ -48.06298, -16.04042 ] ] ], [ [ [ -48.06968, -16.03627 ], [ -48.06705, -16.03391 ], [ -48.06721, -16.03779 ], [ -48.06968, -16.03627 ] ] ] ] } },
{ "type": "Feature", "properties": { "cluster": 119.0, "hvi": 0.1172, "population": 2896, "setores": 6, "municipio": "Brasília" }, "geometry": { "type": "MultiPolygon", "coordinates": [ [ [ [ -48.07136, -16.03522 ], [ -48.06878, -16.03011 ], [ -48.06711, -16.03068 ], [ -48.06787, -16.02994 ], [ -48.06613, -16.02732 ], [ -48.06365, -16.02884 ], [ -48.06577, -16.03197 ], [ -48.06644, -16.03132 ], [ -48.0676, -16.03308 ], [ -48.06925, -16.03205 ], [ -48.06968, -16.03627 ], [ -48.07136, -16.03522 ] ] ], [ [ [ -48.06868, -16.03475 ], [ -48.06655, -16.03149 ], [ -48.06513, -16.03462 ], [ -48.06789, -16.03524 ], [ -48.06868, -16.03475 ] ] ], [ [ [ -48.06714, -16.02669 ], [ -48.06397, -16.02499 ], [ -48.06402, -16.02804 ], [ -48.06365, -16.02884 ], [ -48.06714, -16.02669 ] ] ], [ [ [ -48.06267, -16.0253 ], [ -48.06402, -16.02804 ], [ -48.06389, -16.02528 ], [ -48.06267, -16.0253 ] ] ] ] } },
{ "type": "Feature", "properties": { "cluster": 120.0, "hvi": 0.124, "population": 2428, "setores": 4, "municipio": "Brasília" }, "geometry": { "type": "MultiPolygon", "coordinates": [ [ [ [ -48.06983, -16.02945 ], [ -48.06613, -16.02732 ], [ -48.06822, -16.03046 ], [ -48.06983, -16.02945 ] ] ], [ [ [ -48.07036, -16.02471 ], [ -48.07101, -16.02431 ], [ -48.06753, -16.02176 ], [ -48.06305, -16.02453 ], [ -48.06714, -16.02669 ], [ -48.06779, -16.02629 ], [ -48.06983, -16.02945 ], [ -48.07242, -16.02784 ], [ -48.07036, -16.02471 ] ] ] ] } },
{ "type": "Feature", "properties": { "cluster": 121.0, "hvi": 0.1166, "population": 2759, "setores": 6, "municipio": "Brasília" }, "geometry": { "type": "MultiPolygon", "coordinates": [ [ [ [ -48.07627, -16.02821 ], [ -48.07242, -16.02784 ], [ -48.07118, -16.03138 ], [ -48.07627, -16.02821 ] ] ], [ [ [ -48.07499, -16.02626 ], [ -48.07627, -16.02821 ], [ -48.07833, -16.02642 ], [ -48.07499, -16.02626 ] ] ], [ [ [ -48.07419, -16.02672 ], [ -48.07036, -16.02471 ], [ -48.07242, -16.02784 ], [ -48.07419, -16.02672 ] ] ], [ [ [ -48.0746, -16.02208 ], [ -48.07715, -16.0205 ], [ -48.07481, -16.01918 ], [ -48.07345, -16.02279 ], [ -48.07212, -16.02361 ], [ -48.07397, -16.02638 ], [ -48.07669, -16.02521 ], [ -48.0746, -16.02208 ] ] ] ] } },
{ "type": "Feature", "properties": { "cluster": 122.0, "hvi": 0.1311, "population": 2249, "setores": 3, "municipio": "Brasília" }, "geometry": { "type": "MultiPolygon", "coordinates": [ [ [ [ -48.0814, -16.02879 ], [ -48.07828, -16.02422 ], [ -48.07974, -16.02981 ], [ -48.0814, -16.02879 ] ] ], [ [ [ -48.07828, -16.02422 ], [ -48.08084, -16.02263 ], [ -48.07876, -16.0195 ], [ -48.07629, -16.02103 ], [ -48.07669, -16.02521 ], [ -48.07828, -16.02422 ] ] ] ] } },
{ "type": "Feature", "properties": { "cluster": 123.0, "hvi": 0.1195, "population": 2630, "setores": 5, "municipio": "Brasília" }, "geometry": { "type": "MultiPolygon", "coordinates": [ [ [ [ -48.08204, -16.02639 ], [ -48.08388, -16.02726 ], [ -48.08187, -16.02434 ], [ -48.08375, -16.02352 ], [ -48.08021, -16.02302 ], [ -48.08099, -16.02421 ], [ -48.07836, -16.02417 ], [ -48.0814, -16.02879 ], [ -48.0822, -16.0283 ], [ -48.08204, -16.02639 ] ] ], [ [ [ -48.08388, -16.02726 ], [ -48.08556, -16.02621 ], [ -48.0878, -16.02476 ], [ -48.08613, -16.02201 ], [ -48.08353, -16.0232 ], [ -48.08375, -16.02352 ], [ -48.08388, -16.02726 ] ] ] ] } },
{ "type": "Feature", "properties": { "cluster": 124.0, "hvi": 0.1176, "population": 1957, "setores": 4, "municipio": "Brasília" }, "geometry": { "type": "MultiPolygon", "coordinates": [ [ [ [ -48.08345, -16.02324 ], [ -48.08613, -16.02201 ], [ -48.08241, -16.02166 ], [ -48.08345, -16.02324 ] ] ], [ [ [ -48.08326, -16.02113 ], [ -48.08206, -16.01934 ], [ -48.08084, -16.02263 ], [ -48.08326, -16.02113 ] ] ], [ [ [ -48.0797, -16.02093 ], [ -48.08206, -16.01934 ], [ -48.07876, -16.0195 ], [ -48.0797, -16.02093 ] ] ], [ [ [ -48.08326, -16.02113 ], [ -48.08489, -16.02013 ], [ -48.08119, -16.018 ], [ -48.08326, -16.02113 ] ] ] ] } },
{ "type": "Feature", "properties": { "cluster": 125.0, "hvi": 0.1209, "population": 1160, "setores": 2, "municipio": "Brasília" }, "geometry": { "type": "Polygon", "coordinates": [ [ [ -48.08387, -16.008 ], [ -48.08534, -16.00703 ], [ -48.08352, -16.01161 ], [ -48.09044, -16.0057 ], [ -48.07656, -15.99969 ], [ -48.07565, -16.00266 ], [ -48.08386, -16.00577 ], [ -48.08387, -16.008 ] ], [ [ -48.0845, -16.00601 ], [ -48.08558, -16.00642 ], [ -48.08545, -16.00673 ], [ -48.0845, -16.00601 ] ] ] } },
{ "type": "Feature", "properties": { "cluster": 126.0, "hvi": 0.1098, "population": 336, "setores": 1, "municipio": "Brasília" }, "geometry": { "type": "Polygon", "coordinates": [ [ [ -48.05413, -16.03083 ], [ -48.05508, -16.0341 ], [ -48.0562, -16.03346 ], [ -48.05413, -16.03083 ] ] ] } },
{ "type": "Feature", "properties": { "cluster": 127.0, "hvi": 0.1269, "population": 2698, "setores": 4, "municipio": "Brasília" }, "geometry": { "type": "MultiPolygon", "coordinates": [ [ [ [ -48.07305, -16.03418 ], [ -48.06977, -16.0295 ], [ -48.07136, -16.03522 ], [ -48.07305, -16.03418 ] ] ], [ [ [ -48.07305, -16.03418 ], [ -48.0781, -16.031 ], [ -48.07627, -16.02821 ], [ -48.07118, -16.03138 ], [ -48.07305, -16.03418 ] ] ], [ [ [ -48.07974, -16.02981 ], [ -48.07798, -16.02714 ], [ -48.0781, -16.031 ], [ -48.07974, -16.02981 ] ] ] ] } },
{ "type": "Feature", "properties": { "cluster": 128.0, "hvi": 0.102, "population": 401, "setores": 2, "municipio": "Brasília" }, "geometry": { "type": "Polygon", "coordinates": [ [ [ -48.25578, -16.03821 ], [ -48.25647, -16.04181 ], [ -48.25894, -16.04077 ], [ -48.25904, -16.03985 ], [ -48.25906, -16.0413 ], [ -48.26519, -16.04105 ], [ -48.25677, -16.04498 ], [ -48.2587, -16.0496 ], [ -48.27781, -16.0496 ], [ -48.27857, -16.0415 ], [ -48.27337, -16.03559 ], [ -48.27256, -16.02416 ], [ -48.26988, -16.02221 ], [ -48.27243, -16.00896 ], [ -48.26259, -15.9949 ], [ -48.26191, -15.9858 ], [ -48.25808, -15.98321 ], [ -48.26041, -15.97872 ], [ -48.24016, -15.97086 ], [ -48.22149, -15.97055 ], [ -48.20066, -15.96222 ], [ -48.19316, -15.96386 ], [ -48.18693, -15.95343 ], [ -48.18707, -15.94573 ], [ -48.17304, -15.94729 ], [ -48.17623, -15.95818 ], [ -48.18845, -15.97416 ], [ -48.20077, -15.97688 ], [ -48.24235, -15.99804 ], [ -48.25307, -16.02509 ], [ -48.25389, -16.03432 ], [ -48.25899, -16.03593 ], [ -48.259, -16.03696 ], [ -48.25578, -16.03821 ] ] ] } },
{ "type": "Feature", "properties": { "cluster": 129.0, "hvi": 0.1077, "population": 2950, "setores": 12, "municipio": "Brasília" }, "geometry": { "type": "MultiPolygon", "coordinates": [ [ [ [ -48.25656, -16.04358 ], [ -48.25648, -16.04236 ], [ -48.25235, -16.04267 ], [ -48.25398, -16.03892 ], [ -48.24638, -16.02957 ], [ -48.23468, -16.03149 ], [ -48.2037, -16.01782 ], [ -48.17932, -16.01968 ], [ -48.16331, -16.00921 ], [ -48.15002, -16.00819 ], [ -48.14006, -16.01496 ], [ -48.13105, -16.00734 ], [ -48.11672, -16.01161 ], [ -48.10858, -16.01823 ], [ -48.08556, -16.02621 ], [ -48.06337, -16.04018 ], [ -48.05797, -16.04201 ], [ -48.05071, -16.03589 ], [ -48.04292, -16.04297 ], [ -48.04832, -16.0497 ], [ -48.2587, -16.0496 ], [ -48.25678, -16.04497 ], [ -48.25154, -16.04454 ], [ -48.25219, -16.04304 ], [ -48.25656, -16.04358 ] ], [ [ -48.12963, -16.02188 ], [ -48.1296, -16.02196 ], [ -48.11672, -16.01161 ], [ -48.12963, -16.02188 ] ], [ [ -48.14174, -16.0282 ], [ -48.14991, -16.02293 ], [ -48.14164, -16.02833 ], [ -48.14174, -16.0282 ] ], [ [ -48.13061, -16.03049 ], [ -48.13414, -16.03855 ], [ -48.14121, -16.02892 ], [ -48.13399, -16.04018 ], [ -48.13061, -16.03049 ] ], [ [ -48.17138, -16.03109 ], [ -48.17067, -16.02542 ], [ -48.17653, -16.03832 ], [ -48.17138, -16.03109 ] ], [ [ -48.12957, -16.02206 ], [ -48.1286, -16.02472 ], [ -48.12796, -16.02289 ], [ -48.10633, -16.02582 ], [ -48.12957, -16.02206 ] ], [ [ -48.09434, -16.03913 ], [ -48.08612, -16.04162 ], [ -48.09197, -16.03839 ], [ -48.09434, -16.03913 ] ] ], [ [ [ -48.26539, -16.04189 ], [ -48.26338, -16.04063 ], [ -48.25894, -16.04077 ], [ -48.25678, -16.04497 ], [ -48.26539, -16.04189 ] ] ] ] } },
{ "type": "Feature", "properties": { "cluster": 130.0, "hvi": 0.1488, "population": 2280, "setores": 2, "municipio": "Brasília" }, "geometry": { "type": "Polygon", "coordinates": [ [ [ -48.05013, -15.97202 ], [ -48.05481, -15.9668 ], [ -48.05095, -15.96378 ], [ -48.04704, -15.96512 ], [ -48.05271, -15.95672 ], [ -48.04983, -15.95438 ], [ -48.04336, -15.96398 ], [ -48.04511, -15.96797 ], [ -48.04698, -15.9652 ], [ -48.05013, -15.97202 ] ] ] } },
{ "type": "Feature", "properties": { "cluster": 131.0, "hvi": 0.1318, "population": 2424, "setores": 3, "municipio": "Brasília" }, "geometry": { "type": "MultiPolygon", "coordinates": [ [ [ [ -48.06615, -15.99654 ], [ -48.06707, -15.99464 ], [ -48.06557, -15.99412 ], [ -48.06199, -15.99703 ], [ -48.06931, -15.99974 ], [ -48.06615, -15.99654 ] ] ], [ [ [ -48.07084, -15.99603 ], [ -48.06707, -15.99464 ], [ -48.07008, -15.99785 ], [ -48.07084, -15.99603 ] ] ] ] } },
{ "type": "Feature", "properties": { "cluster": 132.0, "hvi": 0.1336, "population": 804, "setores": 1, "municipio": "Brasília" }, "geometry": { "type": "Polygon", "coordinates": [ [ [ -48.05774, -16.01616 ], [ -48.05579, -16.00901 ], [ -48.05612, -16.01622 ], [ -48.05774, -16.01616 ] ] ] } },
{ "type": "Feature", "properties": { "cluster": 133.0, "hvi": 0.1043, "population": 2981, "setores": 13, "municipio": "Brasília" }, "geometry": { "type": "MultiPolygon", "coordinates": [ [ [ [ -48.25648, -16.04236 ], [ -48.25398, -16.03892 ], [ -48.25329, -16.04175 ], [ -48.25038, -16.04282 ], [ -48.25648, -16.04236 ] ] ], [ [ [ -48.25899, -16.03593 ], [ -48.25451, -16.03451 ], [ -48.24175, -15.99747 ], [ -48.20077, -15.97688 ], [ -48.18845, -15.97416 ], [ -48.17623, -15.95818 ], [ -48.1733, -15.94823 ], [ -48.16639, -15.95545 ], [ -48.1861, -15.97731 ], [ -48.19371, -15.9894 ], [ -48.18671, -15.97875 ], [ -48.18431, -15.98572 ], [ -48.17711, -15.99025 ], [ -48.17095, -15.98798 ], [ -48.16573, -15.99806 ], [ -48.15745, -16.00413 ], [ -48.14167, -15.99564 ], [ -48.1258, -15.99344 ], [ -48.11615, -15.99977 ], [ -48.11524, -15.99213 ], [ -48.11014, -16.00012 ], [ -48.10838, -15.99542 ], [ -48.10371, -15.99469 ], [ -48.10255, -15.99657 ], [ -48.10231, -15.99391 ], [ -48.07679, -15.99151 ], [ -48.07669, -15.99499 ], [ -48.07634, -15.99195 ], [ -48.07172, -15.98022 ], [ -48.06956, -15.98281 ], [ -48.06067, -15.98286 ], [ -48.06076, -15.98729 ], [ -48.06928, -15.99008 ], [ -48.06557, -15.99412 ], [ -48.076, -15.99779 ], [ -48.07659, -15.99847 ], [ -48.07084, -15.99603 ], [ -48.06931, -15.99974 ], [ -48.061, -15.99884 ], [ -48.06932, -16.00294 ], [ -48.07565, -16.00266 ], [ -48.07687, -15.99982 ], [ -48.09044, -16.0057 ], [ -48.08266, -16.01165 ], [ -48.08452, -16.01933 ], [ -48.08817, -16.02525 ], [ -48.10858, -16.01823 ], [ -48.1213, -16.0085 ], [ -48.13183, -16.0076 ], [ -48.13907, -16.01494 ], [ -48.15714, -16.00436 ], [ -48.15211, -16.00804 ], [ -48.16753, -16.00995 ], [ -48.17456, -16.01623 ], [ -48.18072, -16.01996 ], [ -48.20488, -16.01802 ], [ -48.23538, -16.03166 ], [ -48.24212, -16.03002 ], [ -48.24699, -16.02984 ], [ -48.25181, -16.03863 ], [ -48.25578, -16.03821 ], [ -48.25899, -16.03593 ] ], [ [ -48.11649, -16.00258 ], [ -48.11621, -16.00027 ], [ -48.1213, -16.0085 ], [ -48.11649, -16.00258 ] ], [ [ -48.23659, -16.01122 ], [ -48.23996, -16.01632 ], [ -48.24073, -16.02156 ], [ -48.23659, -16.01122 ] ], [ [ -48.23018, -16.00375 ], [ -48.23244, -16.00492 ], [ -48.23348, -16.0065 ], [ -48.23018, -16.00375 ] ], [ [ -48.22065, -15.99963 ], [ -48.22239, -15.99973 ], [ -48.22367, -16.00039 ], [ -48.22065, -15.99963 ] ], [ [ -48.19977, -15.9986 ], [ -48.19962, -15.99837 ], [ -48.20719, -15.99883 ], [ -48.19977, -15.9986 ] ], [ [ -48.17912, -15.99939 ], [ -48.19401, -16.00064 ], [ -48.18995, -16.00208 ], [ -48.17912, -15.99939 ] ] ], [ [ [ -48.05266, -15.99144 ], [ -48.06487, -15.99298 ], [ -48.06758, -15.99039 ], [ -48.0546, -15.98863 ], [ -48.05032, -15.97913 ], [ -48.04822, -15.98196 ], [ -48.03982, -15.97561 ], [ -48.03703, -15.97972 ], [ -48.04838, -15.98353 ], [ -48.04522, -15.98807 ], [ -48.05141, -15.99354 ], [ -48.061, -15.99884 ], [ -48.06557, -15.99412 ], [ -48.05266, -15.99144 ] ] ] ] } },
{ "type": "Feature", "properties": { "cluster": 134.0, "hvi": 0.1255, "population": 1985, "setores": 3, "municipio": "Brasília" }, "geometry": { "type": "Polygon", "coordinates": [ [ [ -48.02774, -15.97237 ], [ -48.03252, -15.97669 ], [ -48.04399, -15.96542 ], [ -48.04009, -15.96139 ], [ -48.03904, -15.96293 ], [ -48.0297, -15.95557 ], [ -48.03144, -15.96177 ], [ -48.03688, -15.96612 ], [ -48.03582, -15.96768 ], [ -48.03264, -15.96516 ], [ -48.02774, -15.97237 ] ] ] } },
{ "type": "Feature", "properties": { "cluster": 135.0, "hvi": 0.1127, "population": 1675, "setores": 4, "municipio": "Brasília" }, "geometry": { "type": "MultiPolygon", "coordinates": [ [ [ [ -48.06357, -15.96547 ], [ -48.05558, -15.95902 ], [ -48.06123, -15.95213 ], [ -48.05822, -15.95016 ], [ -48.05404, -15.95467 ], [ -48.04821, -15.9531 ], [ -48.0527, -15.95672 ], [ -48.04696, -15.96514 ], [ -48.05635, -15.96659 ], [ -48.05174, -15.97021 ], [ -48.05826, -15.97055 ], [ -48.06357, -15.96547 ] ] ], [ [ [ -48.05404, -15.95467 ], [ -48.05487, -15.9537 ], [ -48.05287, -15.95371 ], [ -48.05404, -15.95467 ] ] ] ] } },
{ "type": "Feature", "properties": { "cluster": 136.0, "hvi": 0.1162, "population": 2431, "setores": 5, "municipio": "Brasília" }, "geometry": { "type": "MultiPolygon", "coordinates": [ [ [ [ -48.06758, -15.99039 ], [ -48.06076, -15.98729 ], [ -48.06067, -15.98286 ], [ -48.05192, -15.97745 ], [ -48.0546, -15.98863 ], [ -48.06758, -15.99039 ] ] ], [ [ [ -48.04822, -15.98196 ], [ -48.05032, -15.97913 ], [ -48.04497, -15.96803 ], [ -48.03982, -15.97561 ], [ -48.04822, -15.98196 ] ] ], [ [ [ -48.05399, -15.97527 ], [ -48.04526, -15.96808 ], [ -48.05032, -15.97913 ], [ -48.05399, -15.97527 ] ] ] ] } },
{ "type": "Feature", "properties": { "cluster": 137.0, "hvi": 0.1369, "population": 1784, "setores": 2, "municipio": "Brasília" }, "geometry": { "type": "MultiPolygon", "coordinates": [ [ [ [ -48.02076, -15.96614 ], [ -48.02774, -15.97237 ], [ -48.03264, -15.96516 ], [ -48.03582, -15.96769 ], [ -48.03689, -15.96612 ], [ -48.02848, -15.957 ], [ -48.026, -15.95988 ], [ -48.02076, -15.96614 ] ] ] ] } },
{ "type": "Feature", "properties": { "cluster": 138.0, "hvi": 0.1383, "population": 897, "setores": 1, "municipio": "Brasília" }, "geometry": { "type": "Polygon", "coordinates": [ [ [ -48.05787, -16.00024 ], [ -48.05902, -16.00051 ], [ -48.059, -16.00019 ], [ -48.05787, -16.00024 ] ] ] } },
{ "type": "Feature", "properties": { "cluster": 139.0, "hvi": 0.1368, "population": 859, "setores": 1, "municipio": "Brasília" }, "geometry": { "type": "Polygon", "coordinates": [ [ [ -48.05787, -16.00231 ], [ -48.05717, -16.00343 ], [ -48.05792, -16.00339 ], [ -48.05787, -16.00231 ] ] ] } },
{ "type": "Feature", "properties": { "cluster": 140.0, "hvi": 0.1334, "population": 2450, "setores": 4, "municipio": "Brasília" }, "geometry": { "type": "MultiPolygon", "coordinates": [ [ [ [ -48.04342, -15.98754 ], [ -48.04352, -15.99461 ], [ -48.04791, -15.99049 ], [ -48.04522, -15.98807 ], [ -48.04411, -15.98707 ], [ -48.04342, -15.98754 ] ] ], [ [ [ -48.04234, -15.97957 ], [ -48.03977, -15.98216 ], [ -48.03703, -15.97972 ], [ -48.04522, -15.98807 ], [ -48.04838, -15.98353 ], [ -48.04234, -15.97957 ] ] ], [ [ [ -48.0349, -15.97882 ], [ -48.03654, -15.98029 ], [ -48.04511, -15.96797 ], [ -48.04399, -15.96542 ], [ -48.04043, -15.97068 ], [ -48.03782, -15.96901 ], [ -48.03252, -15.97669 ], [ -48.0349, -15.97882 ] ] ] ] } },
{ "type": "Feature", "properties": { "cluster": 141.0, "hvi": 0.1335, "population": 1580, "setores": 2, "municipio": "Brasília" }, "geometry": { "type": "MultiPolygon", "coordinates": [ [ [ [ -48.05407, -16.0073 ], [ -48.05492, -16.00726 ], [ -48.05462, -16.00089 ], [ -48.05407, -16.0073 ] ] ], [ [ [ -48.05486, -16.00542 ], [ -48.05562, -16.00538 ], [ -48.05545, -16.00178 ], [ -48.05486, -16.00542 ] ] ] ] } },
{ "type": "Feature", "properties": { "cluster": 142.0, "hvi": 0.1336, "population": 1020, "setores": 1, "municipio": "Brasília" }, "geometry": { "type": "Polygon", "coordinates": [ [ [ -48.03582, -16.00784 ], [ -48.04502, -16.00581 ], [ -48.03739, -15.99574 ], [ -48.03144, -15.99886 ], [ -48.03582, -16.00784 ] ] ] } },
{ "type": "Feature", "properties": { "cluster": 143.0, "hvi": 0.13, "population": 731, "setores": 1, "municipio": "Brasília" }, "geometry": { "type": "Polygon", "coordinates": [ [ [ -48.05862, -16.01559 ], [ -48.06016, -16.01524 ], [ -48.05861, -16.01526 ], [ -48.05862, -16.01559 ] ] ] } },
{ "type": "Feature", "properties": { "cluster": 144.0, "hvi": 0.1162, "population": 2803, "setores": 8, "municipio": "Brasília" }, "geometry": { "type": "Polygon", "coordinates": [ [ [ -48.15749, -16.00416 ], [ -48.16591, -15.99773 ], [ -48.16587, -15.99122 ], [ -48.16605, -15.9958 ], [ -48.17095, -15.98798 ], [ -48.17711, -15.99025 ], [ -48.18431, -15.98572 ], [ -48.18671, -15.97875 ], [ -48.17069, -15.96232 ], [ -48.16018, -15.94028 ], [ -48.15564, -15.93699 ], [ -48.16101, -15.94901 ], [ -48.15327, -15.93379 ], [ -48.15167, -15.94627 ], [ -48.14369, -15.94314 ], [ -48.14329, -15.95054 ], [ -48.13394, -15.95572 ], [ -48.12138, -15.9793 ], [ -48.11798, -15.97554 ], [ -48.12407, -15.96586 ], [ -48.12205, -15.95557 ], [ -48.11126, -15.95051 ], [ -48.10242, -15.95766 ], [ -48.09688, -15.95102 ], [ -48.0926, -15.94362 ], [ -48.07054, -15.95187 ], [ -48.09132, -15.96089 ], [ -48.08315, -15.96948 ], [ -48.08806, -15.97391 ], [ -48.08408, -15.97435 ], [ -48.07956, -15.98112 ], [ -48.08864, -15.98747 ], [ -48.10063, -15.9878 ], [ -48.10386, -15.99292 ], [ -48.10966, -15.98964 ], [ -48.1153, -15.9918 ], [ -48.11596, -15.99051 ], [ -48.11597, -15.99988 ], [ -48.1258, -15.99344 ], [ -48.14167, -15.99564 ], [ -48.15749, -16.00416 ] ], [ [ -48.13204, -15.97672 ], [ -48.13091, -15.97203 ], [ -48.13248, -15.97191 ], [ -48.13234, -15.97809 ], [ -48.12428, -15.97429 ], [ -48.13204, -15.97672 ] ], [ [ -48.16501, -15.9691 ], [ -48.16506, -15.9705 ], [ -48.16496, -15.96907 ], [ -48.16501, -15.9691 ] ], [ [ -48.14225, -15.98276 ], [ -48.13921, -15.98133 ], [ -48.14355, -15.98243 ], [ -48.14225, -15.98276 ] ], [ [ -48.10863, -15.97685 ], [ -48.10711, -15.97531 ], [ -48.11622, -15.97834 ], [ -48.10863, -15.97685 ] ], [ [ -48.10292, -15.97105 ], [ -48.10236, -15.96561 ], [ -48.10484, -15.973 ], [ -48.10292, -15.97105 ] ], [ [ -48.13049, -15.9703 ], [ -48.13259, -15.96723 ], [ -48.13248, -15.97179 ], [ -48.13049, -15.9703 ] ] ] } },
{ "type": "Feature", "properties": { "cluster": 145.0, "hvi": 0.1274, "population": 2847, "setores": 4, "municipio": "Brasília" }, "geometry": { "type": "MultiPolygon", "coordinates": [ [ [ [ -48.03891, -15.95442 ], [ -48.03606, -15.94802 ], [ -48.03149, -15.95346 ], [ -48.03099, -15.95407 ], [ -48.03582, -15.95797 ], [ -48.04336, -15.96398 ], [ -48.03891, -15.95442 ] ] ], [ [ [ -48.03905, -15.96294 ], [ -48.03099, -15.95407 ], [ -48.0297, -15.95557 ], [ -48.03905, -15.96294 ] ] ], [ [ [ -48.02815, -15.95058 ], [ -48.02569, -15.95317 ], [ -48.02927, -15.95608 ], [ -48.0297, -15.95557 ], [ -48.03149, -15.95346 ], [ -48.02815, -15.95058 ] ] ] ] } },
{ "type": "Feature", "properties": { "cluster": 146.0, "hvi": 0.1253, "population": 2020, "setores": 3, "municipio": "Brasília" }, "geometry": { "type": "MultiPolygon", "coordinates": [ [ [ [ -48.06956, -15.98281 ], [ -48.07172, -15.98022 ], [ -48.06886, -15.96995 ], [ -48.06442, -15.95409 ], [ -48.06123, -15.95213 ], [ -48.05557, -15.95903 ], [ -48.06357, -15.96548 ], [ -48.05192, -15.97745 ], [ -48.05829, -15.98293 ], [ -48.06956, -15.98281 ] ], [ [ -48.06386, -15.96571 ], [ -48.0686, -15.96954 ], [ -48.06886, -15.96995 ], [ -48.06386, -15.96571 ] ] ], [ [ [ -48.05013, -15.97202 ], [ -48.05399, -15.97527 ], [ -48.05826, -15.97055 ], [ -48.05567, -15.96842 ], [ -48.05013, -15.97202 ] ] ] ] } },
{ "type": "Feature", "properties": { "cluster": 147.0, "hvi": 0.1173, "population": 2566, "setores": 5, "municipio": "Brasília" }, "geometry": { "type": "MultiPolygon", "coordinates": [ [ [ [ -48.07634, -15.99195 ], [ -48.10812, -15.9953 ], [ -48.11014, -16.00012 ], [ -48.11524, -15.99213 ], [ -48.10966, -15.98964 ], [ -48.10386, -15.99292 ], [ -48.10063, -15.9878 ], [ -48.08864, -15.98747 ], [ -48.07956, -15.98112 ], [ -48.07434, -15.9853 ], [ -48.07634, -15.99195 ] ] ], [ [ [ -48.08408, -15.97435 ], [ -48.08806, -15.97391 ], [ -48.08226, -15.96911 ], [ -48.08315, -15.96948 ], [ -48.09093, -15.96072 ], [ -48.07574, -15.95413 ], [ -48.07776, -15.95608 ], [ -48.07054, -15.95187 ], [ -48.06444, -15.95403 ], [ -48.06599, -15.96121 ], [ -48.07854, -15.95683 ], [ -48.06625, -15.96249 ], [ -48.07464, -15.9843 ], [ -48.08408, -15.97435 ] ] ], [ [ [ -48.07128, -15.94227 ], [ -48.06197, -15.94792 ], [ -48.07054, -15.95187 ], [ -48.0763, -15.94974 ], [ -48.07128, -15.94227 ] ] ] ] } },
{ "type": "Feature", "properties": { "cluster": 148.0, "hvi": 0.1402, "population": 2847, "setores": 3, "municipio": "Brasília" }, "geometry": { "type": "MultiPolygon", "coordinates": [ [ [ [ -48.03484, -15.86854 ], [ -48.03572, -15.86728 ], [ -48.03663, -15.86792 ], [ -48.03819, -15.86514 ], [ -48.03439, -15.86635 ], [ -48.03508, -15.86683 ], [ -48.03484, -15.86854 ] ] ], [ [ [ -48.03059, -15.87061 ], [ -48.03575, -15.86102 ], [ -48.03012, -15.85661 ], [ -48.02552, -15.868 ], [ -48.03059, -15.87061 ] ] ] ] } },
{ "type": "Feature", "properties": { "cluster": 149.0, "hvi": 0.1526, "population": 1233, "setores": 1, "municipio": "Brasília" }, "geometry": { "type": "Polygon", "coordinates": [ [ [ -48.03386, -15.86453 ], [ -48.03894, -15.8652 ], [ -48.03971, -15.86401 ], [ -48.03509, -15.86225 ], [ -48.03386, -15.86453 ] ] ] } },
{ "type": "Feature", "properties": { "cluster": 150.0, "hvi": 0.1233, "population": 2992, "setores": 7, "municipio": "Brasília" }, "geometry": { "type": "MultiPolygon", "coordinates": [ [ [ [ -48.05432, -15.87967 ], [ -48.04263, -15.87352 ], [ -48.03837, -15.8744 ], [ -48.05345, -15.88144 ], [ -48.05432, -15.87967 ] ] ], [ [ [ -48.0559, -15.86528 ], [ -48.04808, -15.85947 ], [ -48.04297, -15.86206 ], [ -48.04107, -15.86109 ], [ -48.03995, -15.8636 ], [ -48.03735, -15.86822 ], [ -48.04792, -15.8754 ], [ -48.0559, -15.86528 ] ] ], [ [ [ -48.03971, -15.86401 ], [ -48.04107, -15.86109 ], [ -48.03957, -15.86257 ], [ -48.03971, -15.86401 ] ] ], [ [ [ -48.03814, -15.85963 ], [ -48.03509, -15.86225 ], [ -48.03638, -15.86291 ], [ -48.03747, -15.86087 ], [ -48.03814, -15.85963 ] ] ], [ [ [ -48.03721, -15.86333 ], [ -48.0383, -15.86129 ], [ -48.03747, -15.86087 ], [ -48.03721, -15.86333 ] ] ], [ [ [ -48.03957, -15.86257 ], [ -48.0405, -15.86082 ], [ -48.03814, -15.85963 ], [ -48.03957, -15.86257 ] ] ] ] } },
{ "type": "Feature", "properties": { "cluster": 151.0, "hvi": 0.1424, "population": 2082, "setores": 2, "municipio": "Brasília" }, "geometry": { "type": "Polygon", "coordinates": [ [ [ -48.04808, -15.85947 ], [ -48.04942, -15.85758 ], [ -48.04548, -15.85353 ], [ -48.04332, -15.85732 ], [ -48.04808, -15.85947 ] ] ] } },
{ "type": "Feature", "properties": { "cluster": 152.0, "hvi": 0.1491, "population": 1223, "setores": 1, "municipio": "Brasília" }, "geometry": { "type": "Polygon", "coordinates": [ [ [ -48.04257, -15.85694 ], [ -48.0435, -15.86076 ], [ -48.04493, -15.85813 ], [ -48.04257, -15.85694 ] ] ] } },
{ "type": "Feature", "properties": { "cluster": 153.0, "hvi": 0.1256, "population": 2803, "setores": 4, "municipio": "Brasília" }, "geometry": { "type": "MultiPolygon", "coordinates": [ [ [ [ -48.0435, -15.86076 ], [ -48.04408, -15.86263 ], [ -48.0453, -15.85831 ], [ -48.0435, -15.86076 ] ] ], [ [ [ -48.04218, -15.85674 ], [ -48.04183, -15.85656 ], [ -48.04172, -15.86144 ], [ -48.04257, -15.85694 ], [ -48.04218, -15.85674 ] ] ], [ [ [ -48.04421, -15.85292 ], [ -48.04332, -15.85732 ], [ -48.04548, -15.85353 ], [ -48.04421, -15.85292 ] ] ], [ [ [ -48.04304, -15.85236 ], [ -48.04218, -15.85674 ], [ -48.04421, -15.85292 ], [ -48.04304, -15.85236 ] ] ] ] } },
{ "type": "Feature", "properties": { "cluster": 154.0, "hvi": 0.1178, "population": 2551, "setores": 5, "municipio": "Brasília" }, "geometry": { "type": "MultiPolygon", "coordinates": [ [ [ [ -48.03197, -15.85606 ], [ -48.03575, -15.86102 ], [ -48.03751, -15.85775 ], [ -48.03762, -15.85755 ], [ -48.03197, -15.85606 ] ] ], [ [ [ -48.0393, -15.85865 ], [ -48.04072, -15.85601 ], [ -48.03751, -15.85775 ], [ -48.03975, -15.86044 ], [ -48.04183, -15.85656 ], [ -48.0393, -15.85865 ] ] ], [ [ [ -48.02337, -15.85156 ], [ -48.02136, -15.85385 ], [ -48.02422, -15.8579 ], [ -48.02892, -15.85877 ], [ -48.03028, -15.85629 ], [ -48.02337, -15.85156 ] ] ], [ [ [ -48.03012, -15.85661 ], [ -48.03132, -15.85726 ], [ -48.03352, -15.85284 ], [ -48.03012, -15.85661 ] ] ] ] } },
{ "type": "Feature", "properties": { "cluster": 155.0, "hvi": 0.1207, "population": 2762, "setores": 5, "municipio": "Brasília" }, "geometry": { "type": "MultiPolygon", "coordinates": [ [ [ [ -48.03892, -15.85511 ], [ -48.04108, -15.85619 ], [ -48.04314, -15.85214 ], [ -48.04104, -15.85114 ], [ -48.03935, -15.85428 ], [ -48.03769, -15.85359 ], [ -48.03762, -15.85755 ], [ -48.03892, -15.85511 ] ] ], [ [ [ -48.04443, -15.85301 ], [ -48.04555, -15.85076 ], [ -48.04304, -15.85236 ], [ -48.04443, -15.85301 ] ] ], [ [ [ -48.04554, -15.84844 ], [ -48.04661, -15.85126 ], [ -48.04755, -15.84939 ], [ -48.04554, -15.84844 ] ] ], [ [ [ -48.04311, -15.84731 ], [ -48.0446, -15.85031 ], [ -48.04554, -15.84844 ], [ -48.04311, -15.84731 ] ] ] ] } },
{ "type": "Feature", "properties": { "cluster": 156.0, "hvi": 0.1283, "population": 2936, "setores": 4, "municipio": "Brasília" }, "geometry": { "type": "Polygon", "coordinates": [ [ [ -48.03209, -15.85187 ], [ -48.04024, -15.85264 ], [ -48.03295, -15.84939 ], [ -48.03124, -15.84561 ], [ -48.02607, -15.84667 ], [ -48.03292, -15.84946 ], [ -48.03261, -15.85037 ], [ -48.02606, -15.84668 ], [ -48.02273, -15.85072 ], [ -48.02499, -15.85306 ], [ -48.03108, -15.85447 ], [ -48.03209, -15.85187 ] ] ] } },
{ "type": "Feature", "properties": { "cluster": 157.0, "hvi": 0.1307, "population": 1462, "setores": 2, "municipio": "Brasília" }, "geometry": { "type": "MultiPolygon", "coordinates": [ [ [ [ -48.05039, -15.85074 ], [ -48.05303, -15.84541 ], [ -48.0517, -15.84474 ], [ -48.05039, -15.85074 ] ] ], [ [ [ -48.05023, -15.84403 ], [ -48.05343, -15.84409 ], [ -48.0526, -15.84269 ], [ -48.05023, -15.84403 ] ] ] ] } },
{ "type": "Feature", "properties": { "cluster": 158.0, "hvi": 0.1103, "population": 3000, "setores": 9, "municipio": "Brasília" }, "geometry": { "type": "MultiPolygon", "coordinates": [ [ [ [ -48.04622, -15.85321 ], [ -48.04548, -15.85353 ], [ -48.04942, -15.85758 ], [ -48.05116, -15.85108 ], [ -48.04664, -15.85303 ], [ -48.0474, -15.85153 ], [ -48.04555, -15.85076 ], [ -48.04622, -15.85321 ] ] ], [ [ [ -48.05131, -15.84456 ], [ -48.04755, -15.84939 ], [ -48.04929, -15.84758 ], [ -48.04864, -15.8499 ], [ -48.04941, -15.85028 ], [ -48.05124, -15.84663 ], [ -48.05131, -15.84456 ] ], [ [ -48.05038, -15.84641 ], [ -48.05015, -15.84629 ], [ -48.05131, -15.84456 ], [ -48.05038, -15.84641 ] ] ], [ [ [ -48.0493, -15.8459 ], [ -48.05023, -15.84403 ], [ -48.05138, -15.84295 ], [ -48.05042, -15.84152 ], [ -48.05089, -15.84126 ], [ -48.04846, -15.83732 ], [ -48.04975, -15.84053 ], [ -48.04808, -15.83804 ], [ -48.04595, -15.84202 ], [ -48.04851, -15.84322 ], [ -48.0493, -15.8459 ] ] ], [ [ [ -48.05159, -15.84019 ], [ -48.0513, -15.83968 ], [ -48.05089, -15.84126 ], [ -48.05159, -15.84019 ] ] ] ] } },
{ "type": "Feature", "properties": { "cluster": 159.0, "hvi": 0.1118, "population": 2190, "setores": 6, "municipio": "Brasília" }, "geometry": { "type": "MultiPolygon", "coordinates": [ [ [ [ -48.04755, -15.84939 ], [ -48.04844, -15.84762 ], [ -48.046, -15.84646 ], [ -48.04615, -15.84873 ], [ -48.04719, -15.84822 ], [ -48.04755, -15.84939 ] ] ], [ [ [ -48.04406, -15.84554 ], [ -48.04511, -15.84824 ], [ -48.046, -15.84646 ], [ -48.04406, -15.84554 ] ] ], [ [ [ -48.0493, -15.8459 ], [ -48.04755, -15.84508 ], [ -48.04844, -15.84762 ], [ -48.0493, -15.8459 ] ] ], [ [ [ -48.04497, -15.84384 ], [ -48.0467, -15.84679 ], [ -48.04755, -15.84508 ], [ -48.04497, -15.84384 ] ] ], [ [ [ -48.04595, -15.84202 ], [ -48.04755, -15.84508 ], [ -48.04851, -15.84322 ], [ -48.04595, -15.84202 ] ] ] ] } },
{ "type": "Feature", "properties": { "cluster": 160.0, "hvi": 0.1223, "population": 1121, "setores": 2, "municipio": "Brasília" }, "geometry": { "type": "Polygon", "coordinates": [ [ [ -48.06567, -15.8405 ], [ -48.06166, -15.84058 ], [ -48.06258, -15.83893 ], [ -48.06073, -15.83799 ], [ -48.06113, -15.84059 ], [ -48.05872, -15.84063 ], [ -48.06037, -15.84213 ], [ -48.06567, -15.8405 ] ] ] } },
{ "type": "Feature", "properties": { "cluster": 161.0, "hvi": 0.1166, "population": 2689, "setores": 6, "municipio": "Brasília" }, "geometry": { "type": "MultiPolygon", "coordinates": [ [ [ [ -48.0526, -15.84269 ], [ -48.0553, -15.84128 ], [ -48.05155, -15.84089 ], [ -48.0526, -15.84269 ] ] ], [ [ [ -48.05756, -15.83951 ], [ -48.05608, -15.8426 ], [ -48.05872, -15.84063 ], [ -48.05756, -15.83951 ] ] ], [ [ [ -48.05926, -15.8372 ], [ -48.05872, -15.84063 ], [ -48.06073, -15.83799 ], [ -48.05926, -15.8372 ] ] ], [ [ [ -48.05756, -15.83951 ], [ -48.05926, -15.8372 ], [ -48.05607, -15.838 ], [ -48.05756, -15.83951 ] ] ], [ [ [ -48.06521, -15.83892 ], [ -48.06061, -15.83373 ], [ -48.05638, -15.8355 ], [ -48.06073, -15.83799 ], [ -48.06454, -15.83998 ], [ -48.06521, -15.83892 ] ], [ [ -48.06275, -15.8374 ], [ -48.06303, -15.83807 ], [ -48.06073, -15.83799 ], [ -48.06275, -15.8374 ] ] ] ] } },
{ "type": "Feature", "properties": { "cluster": 162.0, "hvi": 0.122, "population": 2801, "setores": 5, "municipio": "Brasília" }, "geometry": { "type": "MultiPolygon", "coordinates": [ [ [ [ -48.05677, -15.84371 ], [ -48.0553, -15.84128 ], [ -48.05343, -15.84409 ], [ -48.05677, -15.84371 ] ] ], [ [ [ -48.0502, -15.84164 ], [ -48.05194, -15.84306 ], [ -48.0526, -15.84269 ], [ -48.0502, -15.84164 ] ] ], [ [ [ -48.05756, -15.83951 ], [ -48.05422, -15.83941 ], [ -48.0553, -15.84128 ], [ -48.05756, -15.83951 ] ] ], [ [ [ -48.0538, -15.83829 ], [ -48.05387, -15.83961 ], [ -48.05444, -15.83928 ], [ -48.0538, -15.83829 ] ] ] ] } },
{ "type": "Feature", "properties": { "cluster": 163.0, "hvi": 0.1102, "population": 608, "setores": 2, "municipio": "Brasília" }, "geometry": { "type": "MultiPolygon", "coordinates": [ [ [ [ -48.05685, -15.83693 ], [ -48.05712, -15.83645 ], [ -48.05647, -15.83609 ], [ -48.05685, -15.83693 ] ] ], [ [ [ -48.05712, -15.83645 ], [ -48.05739, -15.83596 ], [ -48.05638, -15.8355 ], [ -48.05712, -15.83645 ] ] ] ] } },
{ "type": "Feature", "properties": { "cluster": 164.0, "hvi": 0.1273, "population": 2549, "setores": 4, "municipio": "Brasília" }, "geometry": { "type": "MultiPolygon", "coordinates": [ [ [ [ -48.05537, -15.83864 ], [ -48.05513, -15.83837 ], [ -48.05444, -15.83928 ], [ -48.05537, -15.83864 ] ] ], [ [ [ -48.05615, -15.8378 ], [ -48.05575, -15.83746 ], [ -48.05537, -15.83864 ], [ -48.05615, -15.8378 ] ] ], [ [ [ -48.05685, -15.83693 ], [ -48.05641, -15.83665 ], [ -48.05615, -15.8378 ], [ -48.05685, -15.83693 ] ] ], [ [ [ -48.05641, -15.83665 ], [ -48.05589, -15.83632 ], [ -48.05575, -15.83746 ], [ -48.05641, -15.83665 ] ] ] ] } },
{ "type": "Feature", "properties": { "cluster": 165.0, "hvi": 0.1173, "population": 2706, "setores": 6, "municipio": "Brasília" }, "geometry": { "type": "MultiPolygon", "coordinates": [ [ [ [ -48.05387, -15.83961 ], [ -48.05326, -15.8386 ], [ -48.05323, -15.83998 ], [ -48.05387, -15.83961 ] ] ], [ [ [ -48.05292, -15.83669 ], [ -48.0502, -15.8403 ], [ -48.05384, -15.83826 ], [ -48.05292, -15.83669 ] ] ], [ [ [ -48.05425, -15.839 ], [ -48.05575, -15.83746 ], [ -48.05529, -15.83707 ], [ -48.05425, -15.839 ] ] ], [ [ [ -48.05145, -15.83831 ], [ -48.05055, -15.8368 ], [ -48.04963, -15.83931 ], [ -48.05145, -15.83831 ] ] ], [ [ [ -48.0553, -15.83316 ], [ -48.05384, -15.83826 ], [ -48.05704, -15.83372 ], [ -48.0553, -15.83316 ] ] ] ] } },
{ "type": "Feature", "properties": { "cluster": 166.0, "hvi": 0.1171, "population": 2204, "setores": 5, "municipio": "Brasília" }, "geometry": { "type": "MultiPolygon", "coordinates": [ [ [ [ -48.05159, -15.84019 ], [ -48.05094, -15.84055 ], [ -48.05189, -15.84071 ], [ -48.05159, -15.84019 ] ] ], [ [ [ -48.05189, -15.84071 ], [ -48.05323, -15.83998 ], [ -48.0517, -15.84038 ], [ -48.05189, -15.84071 ] ] ], [ [ [ -48.05235, -15.84003 ], [ -48.05224, -15.83983 ], [ -48.05291, -15.83945 ], [ -48.05261, -15.83896 ], [ -48.0517, -15.84038 ], [ -48.05235, -15.84003 ] ] ], [ [ [ -48.05291, -15.83945 ], [ -48.05235, -15.84003 ], [ -48.05303, -15.83966 ], [ -48.05291, -15.83945 ] ] ] ] } },
{ "type": "Feature", "properties": { "cluster": 167.0, "hvi": 0.1149, "population": 2945, "setores": 7, "municipio": "Brasília" }, "geometry": { "type": "MultiPolygon", "coordinates": [ [ [ [ -48.04417, -15.85011 ], [ -48.04231, -15.84879 ], [ -48.04314, -15.85214 ], [ -48.04417, -15.85011 ] ] ], [ [ [ -48.0492, -15.83594 ], [ -48.04563, -15.83423 ], [ -48.03734, -15.84958 ], [ -48.04092, -15.85137 ], [ -48.0492, -15.83594 ] ] ], [ [ [ -48.0492, -15.83728 ], [ -48.05055, -15.8368 ], [ -48.04929, -15.83718 ], [ -48.05039, -15.83653 ], [ -48.04927, -15.83507 ], [ -48.0496, -15.83671 ], [ -48.04846, -15.83732 ], [ -48.0492, -15.83728 ] ] ], [ [ [ -48.04533, -15.83302 ], [ -48.04648, -15.83461 ], [ -48.04694, -15.83373 ], [ -48.04533, -15.83302 ] ] ], [ [ [ -48.04566, -15.83267 ], [ -48.04601, -15.83329 ], [ -48.04657, -15.8321 ], [ -48.04566, -15.83267 ] ] ] ] } },
{ "type": "Feature", "properties": { "cluster": 168.0, "hvi": 0.1171, "population": 2688, "setores": 6, "municipio": "Brasília" }, "geometry": { "type": "MultiPolygon", "coordinates": [ [ [ [ -48.05292, -15.83669 ], [ -48.05199, -15.83519 ], [ -48.05108, -15.83771 ], [ -48.05292, -15.83669 ] ] ], [ [ [ -48.05164, -15.83464 ], [ -48.05019, -15.83618 ], [ -48.05199, -15.83519 ], [ -48.05164, -15.83464 ] ] ], [ [ [ -48.05351, -15.8326 ], [ -48.05275, -15.83639 ], [ -48.0553, -15.83316 ], [ -48.05351, -15.8326 ] ] ], [ [ [ -48.05351, -15.8326 ], [ -48.05288, -15.83239 ], [ -48.05338, -15.8301 ], [ -48.05034, -15.83186 ], [ -48.0525, -15.83231 ], [ -48.05268, -15.83453 ], [ -48.05351, -15.8326 ] ] ], [ [ [ -48.05605, -15.83095 ], [ -48.05704, -15.83372 ], [ -48.05783, -15.83151 ], [ -48.05605, -15.83095 ] ] ] ] } },
{ "type": "Feature", "properties": { "cluster": 169.0, "hvi": 0.112, "population": 2093, "setores": 6, "municipio": "Brasília" }, "geometry": { "type": "MultiPolygon", "coordinates": [ [ [ [ -48.05554, -15.83134 ], [ -48.05435, -15.83096 ], [ -48.05494, -15.83305 ], [ -48.05554, -15.83134 ] ] ], [ [ [ -48.05619, -15.83154 ], [ -48.05519, -15.83235 ], [ -48.05553, -15.83245 ], [ -48.05619, -15.83154 ] ] ], [ [ [ -48.05451, -15.83046 ], [ -48.05351, -15.8326 ], [ -48.05377, -15.83267 ], [ -48.05451, -15.83046 ] ] ], [ [ [ -48.05451, -15.83046 ], [ -48.05554, -15.83134 ], [ -48.05529, -15.82878 ], [ -48.05188, -15.82969 ], [ -48.05338, -15.83013 ], [ -48.05325, -15.83251 ], [ -48.05424, -15.83038 ], [ -48.05451, -15.83046 ] ] ] ] } },
{ "type": "Feature", "properties": { "cluster": 170.0, "hvi": 0.1197, "population": 2031, "setores": 4, "municipio": "Brasília" }, "geometry": { "type": "MultiPolygon", "coordinates": [ [ [ [ -48.05929, -15.83099 ], [ -48.05814, -15.83062 ], [ -48.05914, -15.83141 ], [ -48.05929, -15.83099 ] ] ], [ [ [ -48.05842, -15.8298 ], [ -48.05529, -15.82878 ], [ -48.05783, -15.83151 ], [ -48.05842, -15.8298 ] ] ], [ [ [ -48.05781, -15.82775 ], [ -48.05419, -15.82655 ], [ -48.05665, -15.82922 ], [ -48.05781, -15.82775 ] ] ], [ [ [ -48.05117, -15.8191 ], [ -48.04874, -15.82336 ], [ -48.05108, -15.8304 ], [ -48.05397, -15.827 ], [ -48.05117, -15.8191 ] ] ] ] } },
{ "type": "Feature", "properties": { "cluster": 171.0, "hvi": 0.1132, "population": 1170, "setores": 3, "municipio": "Brasília" }, "geometry": { "type": "Polygon", "coordinates": [ [ [ -48.06029, -15.83477 ], [ -48.06048, -15.83414 ], [ -48.06313, -15.83447 ], [ -48.06343, -15.83348 ], [ -48.05929, -15.83099 ], [ -48.05799, -15.83104 ], [ -48.05873, -15.83166 ], [ -48.05704, -15.83372 ], [ -48.05999, -15.83408 ], [ -48.06029, -15.83477 ] ] ] } },
{ "type": "Feature", "properties": { "cluster": 172.0, "hvi": 0.1275, "population": 1962, "setores": 3, "municipio": "Brasília" }, "geometry": { "type": "MultiPolygon", "coordinates": [ [ [ [ -48.06379, -15.8334 ], [ -48.06396, -15.83285 ], [ -48.06132, -15.83164 ], [ -48.06379, -15.8334 ] ] ], [ [ [ -48.05814, -15.83062 ], [ -48.05908, -15.83012 ], [ -48.06146, -15.83123 ], [ -48.05912, -15.83008 ], [ -48.05986, -15.82933 ], [ -48.05814, -15.83062 ] ] ] ] } },
{ "type": "Feature", "properties": { "cluster": 173.0, "hvi": 0.109, "population": 2687, "setores": 9, "municipio": "Brasília" }, "geometry": { "type": "MultiPolygon", "coordinates": [ [ [ [ -48.05706, -15.828 ], [ -48.05842, -15.8298 ], [ -48.05899, -15.82813 ], [ -48.05706, -15.828 ] ] ], [ [ [ -48.05899, -15.82813 ], [ -48.06, -15.82891 ], [ -48.06014, -15.8285 ], [ -48.05899, -15.82813 ] ] ], [ [ [ -48.06032, -15.82796 ], [ -48.06217, -15.82916 ], [ -48.06275, -15.82749 ], [ -48.06053, -15.82736 ], [ -48.06071, -15.82683 ], [ -48.05957, -15.82646 ], [ -48.05718, -15.8257 ], [ -48.05899, -15.82813 ], [ -48.05928, -15.82729 ], [ -48.06014, -15.8285 ], [ -48.06032, -15.82796 ] ], [ [ -48.06043, -15.82735 ], [ -48.05928, -15.82728 ], [ -48.05957, -15.82646 ], [ -48.06043, -15.82735 ] ] ], [ [ [ -48.05838, -15.8242 ], [ -48.05957, -15.82646 ], [ -48.06013, -15.82479 ], [ -48.05838, -15.8242 ] ] ], [ [ [ -48.05147, -15.82583 ], [ -48.05718, -15.8257 ], [ -48.05273, -15.82202 ], [ -48.05147, -15.82583 ] ] ] ] } },
{ "type": "Feature", "properties": { "cluster": 174.0, "hvi": 0.1134, "population": 2709, "setores": 7, "municipio": "Brasília" }, "geometry": { "type": "MultiPolygon", "coordinates": [ [ [ [ -48.06341, -15.83268 ], [ -48.06411, -15.83071 ], [ -48.05943, -15.83058 ], [ -48.06341, -15.83268 ] ] ], [ [ [ -48.06217, -15.82916 ], [ -48.06014, -15.8285 ], [ -48.0634, -15.83047 ], [ -48.06426, -15.82796 ], [ -48.06217, -15.82916 ] ] ], [ [ [ -48.05879, -15.82873 ], [ -48.05986, -15.82933 ], [ -48.06, -15.82891 ], [ -48.05879, -15.82873 ] ] ], [ [ [ -48.06707, -15.8261 ], [ -48.06469, -15.82672 ], [ -48.06435, -15.83078 ], [ -48.06707, -15.8261 ] ] ], [ [ [ -48.06157, -15.82434 ], [ -48.06318, -15.82624 ], [ -48.06361, -15.82499 ], [ -48.06157, -15.82434 ] ] ], [ [ [ -48.06404, -15.82374 ], [ -48.0672, -15.82614 ], [ -48.0675, -15.82531 ], [ -48.06404, -15.82374 ] ] ], [ [ [ -48.06042, -15.82395 ], [ -48.061, -15.82507 ], [ -48.06157, -15.82434 ], [ -48.06042, -15.82395 ] ] ] ] } },
{ "type": "Feature", "properties": { "cluster": 175.0, "hvi": 0.1182, "population": 1375, "setores": 3, "municipio": "Brasília" }, "geometry": { "type": "MultiPolygon", "coordinates": [ [ [ [ -48.06071, -15.82683 ], [ -48.06426, -15.82796 ], [ -48.06469, -15.82672 ], [ -48.06071, -15.82683 ] ] ], [ [ [ -48.061, -15.826 ], [ -48.05986, -15.82563 ], [ -48.06071, -15.82683 ], [ -48.061, -15.826 ] ] ], [ [ [ -48.06129, -15.82517 ], [ -48.06013, -15.82479 ], [ -48.061, -15.826 ], [ -48.06129, -15.82517 ] ] ] ] } },
{ "type": "Feature", "properties": { "cluster": 176.0, "hvi": 0.1156, "population": 2918, "setores": 7, "municipio": "Brasília" }, "geometry": { "type": "MultiPolygon", "coordinates": [ [ [ [ -48.06361, -15.82499 ], [ -48.06476, -15.82168 ], [ -48.06215, -15.82267 ], [ -48.06361, -15.82499 ] ] ], [ [ [ -48.06186, -15.8235 ], [ -48.06215, -15.82267 ], [ -48.06276, -15.8209 ], [ -48.061, -15.8223 ], [ -48.06186, -15.8235 ] ] ], [ [ [ -48.06312, -15.81985 ], [ -48.0616, -15.82055 ], [ -48.06276, -15.8209 ], [ -48.06312, -15.81985 ] ] ], [ [ [ -48.05959, -15.81731 ], [ -48.06185, -15.81982 ], [ -48.06239, -15.81823 ], [ -48.05959, -15.81731 ] ] ] ] } },
{ "type": "Feature", "properties": { "cluster": 177.0, "hvi": 0.1118, "population": 2899, "setores": 8, "municipio": "Brasília" }, "geometry": { "type": "MultiPolygon", "coordinates": [ [ [ [ -48.06392, -15.82141 ], [ -48.06588, -15.81843 ], [ -48.06196, -15.81948 ], [ -48.06392, -15.82141 ] ] ], [ [ [ -48.07265, -15.82051 ], [ -48.07431, -15.81554 ], [ -48.06903, -15.81567 ], [ -48.06938, -15.81738 ], [ -48.06626, -15.81729 ], [ -48.06986, -15.8197 ], [ -48.07265, -15.82051 ] ] ], [ [ [ -48.06588, -15.81843 ], [ -48.06626, -15.81729 ], [ -48.06652, -15.8165 ], [ -48.06454, -15.81586 ], [ -48.06588, -15.81843 ] ] ], [ [ [ -48.06388, -15.81779 ], [ -48.06454, -15.81586 ], [ -48.06334, -15.81548 ], [ -48.06388, -15.81779 ] ] ] ] } },
{ "type": "Feature", "properties": { "cluster": 178.0, "hvi": 0.1228, "population": 2221, "setores": 4, "municipio": "Brasília" }, "geometry": { "type": "MultiPolygon", "coordinates": [ [ [ [ -48.06157, -15.82341 ], [ -48.06071, -15.82314 ], [ -48.06127, -15.82423 ], [ -48.06157, -15.82341 ] ] ], [ [ [ -48.06071, -15.82314 ], [ -48.05654, -15.82177 ], [ -48.06128, -15.82146 ], [ -48.06185, -15.81982 ], [ -48.05866, -15.82002 ], [ -48.05382, -15.81738 ], [ -48.05273, -15.82202 ], [ -48.05652, -15.82177 ], [ -48.06013, -15.82479 ], [ -48.06071, -15.82314 ] ] ] ] } },
{ "type": "Feature", "properties": { "cluster": 179.0, "hvi": 0.1205, "population": 2642, "setores": 5, "municipio": "Brasília" }, "geometry": { "type": "MultiPolygon", "coordinates": [ [ [ [ -48.06903, -15.81567 ], [ -48.06982, -15.81337 ], [ -48.06704, -15.81503 ], [ -48.07065, -15.81741 ], [ -48.07102, -15.81632 ], [ -48.06903, -15.81567 ] ] ], [ [ [ -48.06097, -15.81472 ], [ -48.06268, -15.81741 ], [ -48.06334, -15.81548 ], [ -48.06097, -15.81472 ] ] ], [ [ [ -48.064, -15.81359 ], [ -48.06652, -15.8165 ], [ -48.06704, -15.81503 ], [ -48.06719, -15.81462 ], [ -48.064, -15.81359 ] ] ], [ [ [ -48.06334, -15.81548 ], [ -48.064, -15.81359 ], [ -48.062, -15.81295 ], [ -48.06334, -15.81548 ] ] ] ] } },
{ "type": "Feature", "properties": { "cluster": 180.0, "hvi": 0.1163, "population": 443, "setores": 1, "municipio": "Brasília" }, "geometry": { "type": "Polygon", "coordinates": [ [ [ -48.05861, -15.8098 ], [ -48.06047, -15.81246 ], [ -48.06112, -15.81058 ], [ -48.05861, -15.8098 ] ] ] } },
{ "type": "Feature", "properties": { "cluster": 181.0, "hvi": 0.1115, "population": 2845, "setores": 8, "municipio": "Brasília" }, "geometry": { "type": "MultiPolygon", "coordinates": [ [ [ [ -48.06584, -15.8121 ], [ -48.06719, -15.81462 ], [ -48.06783, -15.81273 ], [ -48.06584, -15.8121 ] ] ], [ [ [ -48.06518, -15.81397 ], [ -48.06584, -15.8121 ], [ -48.0665, -15.81021 ], [ -48.06596, -15.80789 ], [ -48.06465, -15.81171 ], [ -48.06518, -15.81397 ] ] ], [ [ [ -48.06335, -15.81129 ], [ -48.06399, -15.8094 ], [ -48.06175, -15.80868 ], [ -48.064, -15.81359 ], [ -48.06465, -15.81171 ], [ -48.06335, -15.81129 ] ] ], [ [ [ -48.06112, -15.81058 ], [ -48.062, -15.81295 ], [ -48.06265, -15.81106 ], [ -48.06112, -15.81058 ] ] ], [ [ [ -48.06399, -15.8094 ], [ -48.06465, -15.81171 ], [ -48.06529, -15.80982 ], [ -48.06399, -15.8094 ] ] ], [ [ [ -48.06638, -15.80802 ], [ -48.06689, -15.81033 ], [ -48.06755, -15.8084 ], [ -48.06638, -15.80802 ] ] ] ] } },
{ "type": "Feature", "properties": { "cluster": 182.0, "hvi": 0.1213, "population": 2707, "setores": 5, "municipio": "Brasília" }, "geometry": { "type": "MultiPolygon", "coordinates": [ [ [ [ -48.06268, -15.81741 ], [ -48.06035, -15.81652 ], [ -48.06097, -15.81472 ], [ -48.05581, -15.8096 ], [ -48.05631, -15.8081 ], [ -48.05433, -15.80707 ], [ -48.05195, -15.80931 ], [ -48.05428, -15.81421 ], [ -48.05391, -15.81741 ], [ -48.05904, -15.81891 ], [ -48.06268, -15.81741 ] ] ], [ [ [ -48.062, -15.81295 ], [ -48.05861, -15.81187 ], [ -48.06136, -15.81484 ], [ -48.062, -15.81295 ] ] ], [ [ [ -48.05792, -15.80473 ], [ -48.05433, -15.80707 ], [ -48.06112, -15.81058 ], [ -48.06175, -15.80868 ], [ -48.05792, -15.80473 ] ] ] ] } },
{ "type": "Feature", "properties": { "cluster": 183.0, "hvi": 0.1341, "population": 749, "setores": 1, "municipio": "Brasília" }, "geometry": { "type": "Polygon", "coordinates": [ [ [ -48.06242, -15.80675 ], [ -48.06529, -15.80982 ], [ -48.06596, -15.80789 ], [ -48.06242, -15.80675 ] ] ] } },
{ "type": "Feature", "properties": { "cluster": 184.0, "hvi": 0.1185, "population": 2966, "setores": 6, "municipio": "Brasília" }, "geometry": { "type": "MultiPolygon", "coordinates": [ [ [ [ -48.0601, -15.806 ], [ -48.06175, -15.80868 ], [ -48.06242, -15.80675 ], [ -48.0601, -15.806 ] ] ], [ [ [ -48.06596, -15.80789 ], [ -48.06755, -15.8084 ], [ -48.06838, -15.80596 ], [ -48.06596, -15.80789 ] ] ], [ [ [ -48.06596, -15.80789 ], [ -48.06676, -15.80555 ], [ -48.06478, -15.80491 ], [ -48.06439, -15.80478 ], [ -48.06596, -15.80789 ] ] ], [ [ [ -48.06244, -15.80416 ], [ -48.06358, -15.80712 ], [ -48.06439, -15.80478 ], [ -48.06244, -15.80416 ] ] ], [ [ [ -48.06417, -15.79991 ], [ -48.06141, -15.80109 ], [ -48.06328, -15.8017 ], [ -48.06478, -15.80491 ], [ -48.06562, -15.80245 ], [ -48.06353, -15.80177 ], [ -48.06417, -15.79991 ] ] ] ] } },
{ "type": "Feature", "properties": { "cluster": 185.0, "hvi": 0.1122, "population": 2993, "setores": 8, "municipio": "Brasília" }, "geometry": { "type": "MultiPolygon", "coordinates": [ [ [ [ -48.07246, -15.81213 ], [ -48.06968, -15.81379 ], [ -48.07166, -15.81444 ], [ -48.07246, -15.81213 ] ] ], [ [ [ -48.06847, -15.81084 ], [ -48.06982, -15.81337 ], [ -48.07046, -15.81148 ], [ -48.06847, -15.81084 ] ] ], [ [ [ -48.0665, -15.81021 ], [ -48.06783, -15.81273 ], [ -48.06847, -15.81084 ], [ -48.0665, -15.81021 ] ] ], [ [ [ -48.06755, -15.8084 ], [ -48.06847, -15.81084 ], [ -48.06914, -15.80892 ], [ -48.06755, -15.8084 ] ] ], [ [ [ -48.06838, -15.80596 ], [ -48.06914, -15.80892 ], [ -48.06997, -15.80649 ], [ -48.06838, -15.80596 ] ] ], [ [ [ -48.06924, -15.80347 ], [ -48.06997, -15.80649 ], [ -48.07083, -15.80396 ], [ -48.06924, -15.80347 ] ] ], [ [ [ -48.06562, -15.80245 ], [ -48.06676, -15.80555 ], [ -48.06838, -15.80596 ], [ -48.06924, -15.80347 ], [ -48.0668, -15.80544 ], [ -48.06762, -15.80306 ], [ -48.06562, -15.80245 ] ] ] ] } },
{ "type": "Feature", "properties": { "cluster": 186.0, "hvi": 0.1383, "population": 2672, "setores": 3, "municipio": "Brasília" }, "geometry": { "type": "MultiPolygon", "coordinates": [ [ [ [ -48.07299, -15.81058 ], [ -48.06847, -15.81084 ], [ -48.07355, -15.81528 ], [ -48.07916, -15.81306 ], [ -48.07483, -15.80526 ], [ -48.07299, -15.81058 ] ] ], [ [ [ -48.07394, -15.8078 ], [ -48.07483, -15.80526 ], [ -48.07083, -15.80396 ], [ -48.06997, -15.80649 ], [ -48.073, -15.80663 ], [ -48.07394, -15.8078 ] ] ] ] } },
{ "type": "Feature", "properties": { "cluster": 187.0, "hvi": 0.1117, "population": 2203, "setores": 6, "municipio": "Brasília" }, "geometry": { "type": "MultiPolygon", "coordinates": [ [ [ [ -48.05932, -15.80576 ], [ -48.06012, -15.80343 ], [ -48.05857, -15.80292 ], [ -48.05932, -15.80575 ], [ -48.05806, -15.80535 ], [ -48.05846, -15.80766 ], [ -48.0601, -15.806 ], [ -48.0609, -15.80369 ], [ -48.06162, -15.80649 ], [ -48.06244, -15.80416 ], [ -48.06091, -15.80367 ], [ -48.06176, -15.8012 ], [ -48.05932, -15.80576 ] ] ], [ [ [ -48.06176, -15.8012 ], [ -48.06244, -15.80416 ], [ -48.06328, -15.8017 ], [ -48.06176, -15.8012 ] ] ], [ [ [ -48.05944, -15.80045 ], [ -48.06012, -15.80343 ], [ -48.06098, -15.80095 ], [ -48.05944, -15.80045 ] ] ] ] } },
{ "type": "Feature", "properties": { "cluster": 188.0, "hvi": 0.11, "population": 2726, "setores": 8, "municipio": "Brasília" }, "geometry": { "type": "MultiPolygon", "coordinates": [ [ [ [ -48.05953, -15.79881 ], [ -48.06141, -15.80109 ], [ -48.06194, -15.79959 ], [ -48.05953, -15.79881 ] ] ], [ [ [ -48.06455, -15.79881 ], [ -48.06206, -15.79923 ], [ -48.06231, -15.7985 ], [ -48.0599, -15.79773 ], [ -48.06194, -15.79959 ], [ -48.06417, -15.79991 ], [ -48.06455, -15.79881 ] ] ], [ [ [ -48.06492, -15.79771 ], [ -48.06243, -15.79812 ], [ -48.06455, -15.79881 ], [ -48.06492, -15.79771 ] ] ], [ [ [ -48.06769, -15.79634 ], [ -48.06492, -15.79771 ], [ -48.06696, -15.79838 ], [ -48.06769, -15.79634 ] ] ], [ [ [ -48.0653, -15.79663 ], [ -48.06279, -15.79704 ], [ -48.06492, -15.79771 ], [ -48.0653, -15.79663 ] ] ], [ [ [ -48.06015, -15.797 ], [ -48.06304, -15.7963 ], [ -48.06066, -15.79554 ], [ -48.06015, -15.797 ] ] ], [ [ [ -48.06108, -15.79429 ], [ -48.0653, -15.79663 ], [ -48.06556, -15.79573 ], [ -48.06108, -15.79429 ] ] ] ] } },
{ "type": "Feature", "properties": { "cluster": 189.0, "hvi": 0.116, "population": 2247, "setores": 5, "municipio": "Brasília" }, "geometry": { "type": "MultiPolygon", "coordinates": [ [ [ [ -48.06762, -15.80306 ], [ -48.069, -15.79904 ], [ -48.06353, -15.80178 ], [ -48.06638, -15.80269 ], [ -48.06644, -15.80045 ], [ -48.06762, -15.80306 ] ] ], [ [ [ -48.06696, -15.79838 ], [ -48.06442, -15.79919 ], [ -48.06646, -15.79985 ], [ -48.06696, -15.79838 ] ] ], [ [ [ -48.06769, -15.79634 ], [ -48.06696, -15.79838 ], [ -48.07257, -15.79897 ], [ -48.07287, -15.79805 ], [ -48.06769, -15.79634 ] ] ] ] } },
{ "type": "Feature", "properties": { "cluster": 190.0, "hvi": 0.1226, "population": 1163, "setores": 2, "municipio": "Brasília" }, "geometry": { "type": "Polygon", "coordinates": [ [ [ -48.07163, -15.80167 ], [ -48.07257, -15.79897 ], [ -48.06884, -15.79948 ], [ -48.07163, -15.80167 ] ] ] } },
{ "type": "Feature", "properties": { "cluster": 191.0, "hvi": 0.1119, "population": 2971, "setores": 8, "municipio": "Brasília" }, "geometry": { "type": "MultiPolygon", "coordinates": [ [ [ [ -48.07689, -15.80592 ], [ -48.07839, -15.80143 ], [ -48.07661, -15.80017 ], [ -48.07483, -15.80526 ], [ -48.07608, -15.80567 ], [ -48.07704, -15.80391 ], [ -48.07689, -15.80592 ] ] ], [ [ [ -48.07915, -15.8018 ], [ -48.07689, -15.80592 ], [ -48.07766, -15.80616 ], [ -48.07915, -15.8018 ] ] ], [ [ [ -48.07437, -15.80347 ], [ -48.07533, -15.80378 ], [ -48.07601, -15.80181 ], [ -48.07418, -15.80271 ], [ -48.07389, -15.80155 ], [ -48.07101, -15.80401 ], [ -48.07483, -15.80526 ], [ -48.07437, -15.80347 ] ] ], [ [ [ -48.06817, -15.80146 ], [ -48.06992, -15.80368 ], [ -48.07113, -15.80242 ], [ -48.06817, -15.80146 ] ] ], [ [ [ -48.07163, -15.80167 ], [ -48.06845, -15.80064 ], [ -48.07113, -15.80242 ], [ -48.07101, -15.80401 ], [ -48.07163, -15.80167 ] ] ], [ [ [ -48.07661, -15.80017 ], [ -48.07287, -15.79805 ], [ -48.07193, -15.80091 ], [ -48.07601, -15.80181 ], [ -48.07661, -15.80017 ] ] ] ] } },
{ "type": "Feature", "properties": { "cluster": 192.0, "hvi": 0.1287, "population": 700, "setores": 1, "municipio": "Brasília" }, "geometry": { "type": "Polygon", "coordinates": [ [ [ -48.08642, -15.80138 ], [ -48.0823, -15.80426 ], [ -48.08621, -15.80447 ], [ -48.08487, -15.80848 ], [ -48.08678, -15.80479 ], [ -48.08642, -15.80138 ] ] ] } },
{ "type": "Feature", "properties": { "cluster": 193.0, "hvi": 0.1117, "population": 2626, "setores": 7, "municipio": "Brasília" }, "geometry": { "type": "MultiPolygon", "coordinates": [ [ [ [ -48.08348, -15.80464 ], [ -48.0848, -15.80846 ], [ -48.08469, -15.80705 ], [ -48.08527, -15.80726 ], [ -48.08621, -15.80447 ], [ -48.08461, -15.80606 ], [ -48.08452, -15.80498 ], [ -48.08348, -15.80464 ] ] ], [ [ [ -48.0827, -15.80439 ], [ -48.08245, -15.80771 ], [ -48.08348, -15.80464 ], [ -48.0827, -15.80439 ] ] ], [ [ [ -48.08215, -15.80421 ], [ -48.08298, -15.80231 ], [ -48.08112, -15.80388 ], [ -48.08085, -15.8072 ], [ -48.08184, -15.80492 ], [ -48.08165, -15.80746 ], [ -48.0827, -15.80439 ], [ -48.08215, -15.80421 ] ] ], [ [ [ -48.08014, -15.80356 ], [ -48.08076, -15.8023 ], [ -48.07915, -15.8018 ], [ -48.07926, -15.80538 ], [ -48.07993, -15.804 ], [ -48.08005, -15.80694 ], [ -48.08112, -15.80388 ], [ -48.08014, -15.80356 ] ] ] ] } },
{ "type": "Feature", "properties": { "cluster": 194.0, "hvi": 0.12, "population": 2662, "setores": 5, "municipio": "Brasília" }, "geometry": { "type": "Polygon", "coordinates": [ [ [ -48.07263, -15.83323 ], [ -48.07192, -15.83515 ], [ -48.07549, -15.83546 ], [ -48.0774, -15.83217 ], [ -48.07659, -15.83235 ], [ -48.07765, -15.83143 ], [ -48.07846, -15.82909 ], [ -48.07663, -15.82926 ], [ -48.07717, -15.82868 ], [ -48.07448, -15.82781 ], [ -48.07525, -15.83071 ], [ -48.07365, -15.83024 ], [ -48.07444, -15.83282 ], [ -48.07263, -15.83323 ] ], [ [ -48.07528, -15.83072 ], [ -48.07614, -15.82979 ], [ -48.07765, -15.83143 ], [ -48.07528, -15.83072 ] ] ] } },
{ "type": "Feature", "properties": { "cluster": 195.0, "hvi": 0.1313, "population": 1488, "setores": 2, "municipio": "Brasília" }, "geometry": { "type": "Polygon", "coordinates": [ [ [ -48.07664, -15.82851 ], [ -48.07857, -15.82647 ], [ -48.07749, -15.82611 ], [ -48.07903, -15.82327 ], [ -48.07632, -15.82238 ], [ -48.07735, -15.82606 ], [ -48.07531, -15.82538 ], [ -48.07664, -15.82851 ] ] ] } },
{ "type": "Feature", "properties": { "cluster": 196.0, "hvi": 0.1125, "population": 2663, "setores": 7, "municipio": "Brasília" }, "geometry": { "type": "MultiPolygon", "coordinates": [ [ [ [ -48.07946, -15.82843 ], [ -48.07797, -15.83055 ], [ -48.07864, -15.83078 ], [ -48.07946, -15.82843 ] ] ], [ [ [ -48.07846, -15.82909 ], [ -48.07876, -15.82821 ], [ -48.07884, -15.82798 ], [ -48.07795, -15.82829 ], [ -48.07846, -15.82909 ] ] ], [ [ [ -48.07884, -15.82798 ], [ -48.07925, -15.82676 ], [ -48.07723, -15.82682 ], [ -48.07884, -15.82798 ] ] ], [ [ [ -48.07876, -15.82821 ], [ -48.07955, -15.82844 ], [ -48.08051, -15.82537 ], [ -48.07876, -15.82821 ] ] ], [ [ [ -48.08522, -15.82688 ], [ -48.08601, -15.82455 ], [ -48.0853, -15.82432 ], [ -48.08522, -15.82688 ] ] ], [ [ [ -48.0853, -15.82432 ], [ -48.08636, -15.82125 ], [ -48.08087, -15.82208 ], [ -48.08062, -15.82282 ], [ -48.08132, -15.82305 ], [ -48.0853, -15.82432 ] ] ], [ [ [ -48.0798, -15.82516 ], [ -48.08051, -15.82537 ], [ -48.08132, -15.82305 ], [ -48.0798, -15.82516 ] ] ] ] } },
{ "type": "Feature", "properties": { "cluster": 197.0, "hvi": 0.1167, "population": 2804, "setores": 6, "municipio": "Brasília" }, "geometry": { "type": "MultiPolygon", "coordinates": [ [ [ [ -48.0819, -15.82838 ], [ -48.07797, -15.83055 ], [ -48.07534, -15.83745 ], [ -48.08221, -15.83906 ], [ -48.08353, -15.83012 ], [ -48.08394, -15.83247 ], [ -48.08475, -15.83014 ], [ -48.08359, -15.82976 ], [ -48.0853, -15.83021 ], [ -48.08494, -15.82769 ], [ -48.08362, -15.82951 ], [ -48.08118, -15.82971 ], [ -48.0819, -15.82838 ] ] ], [ [ [ -48.08051, -15.82537 ], [ -48.08138, -15.8282 ], [ -48.08217, -15.82591 ], [ -48.08051, -15.82537 ] ] ], [ [ [ -48.08302, -15.82349 ], [ -48.08451, -15.82666 ], [ -48.0853, -15.82432 ], [ -48.08302, -15.82349 ] ] ] ] } },
{ "type": "Feature", "properties": { "cluster": 198.0, "hvi": 0.1297, "population": 1448, "setores": 2, "municipio": "Brasília" }, "geometry": { "type": "Polygon", "coordinates": [ [ [ -48.08394, -15.83247 ], [ -48.08607, -15.83315 ], [ -48.0885, -15.82793 ], [ -48.0853, -15.83021 ], [ -48.08685, -15.83075 ], [ -48.08394, -15.83247 ] ] ] } },
{ "type": "Feature", "properties": { "cluster": 199.0, "hvi": 0.128, "population": 1320, "setores": 2, "municipio": "Brasília" }, "geometry": { "type": "MultiPolygon", "coordinates": [ [ [ [ -48.08787, -15.83587 ], [ -48.08917, -15.83626 ], [ -48.08988, -15.83429 ], [ -48.08787, -15.83587 ] ] ], [ [ [ -48.086, -15.83519 ], [ -48.08795, -15.83561 ], [ -48.0885, -15.8342 ], [ -48.086, -15.83519 ] ] ] ] } },
{ "type": "Feature", "properties": { "cluster": 200.0, "hvi": 0.1254, "population": 1813, "setores": 3, "municipio": "Brasília" }, "geometry": { "type": "MultiPolygon", "coordinates": [ [ [ [ -48.09177, -15.83714 ], [ -48.09284, -15.83429 ], [ -48.09147, -15.83381 ], [ -48.09177, -15.83714 ] ] ], [ [ [ -48.08935, -15.83196 ], [ -48.08708, -15.83211 ], [ -48.08704, -15.83307 ], [ -48.08935, -15.83196 ] ] ], [ [ [ -48.09147, -15.83381 ], [ -48.09288, -15.83097 ], [ -48.0901, -15.83001 ], [ -48.08899, -15.83291 ], [ -48.09147, -15.83381 ] ] ] ] } },
{ "type": "Feature", "properties": { "cluster": 201.0, "hvi": 0.1139, "population": 2997, "setores": 7, "municipio": "Brasília" }, "geometry": { "type": "MultiPolygon", "coordinates": [ [ [ [ -48.09038, -15.83665 ], [ -48.09147, -15.83381 ], [ -48.08864, -15.83382 ], [ -48.08902, -15.83284 ], [ -48.08677, -15.833 ], [ -48.08864, -15.83383 ], [ -48.08917, -15.83626 ], [ -48.09038, -15.83665 ] ] ], [ [ [ -48.08607, -15.83315 ], [ -48.08394, -15.83247 ], [ -48.086, -15.83519 ], [ -48.08746, -15.83096 ], [ -48.08607, -15.83315 ] ] ], [ [ [ -48.08752, -15.83078 ], [ -48.08708, -15.83211 ], [ -48.08987, -15.8306 ], [ -48.08752, -15.83078 ] ] ], [ [ [ -48.08921, -15.8299 ], [ -48.09039, -15.82927 ], [ -48.08797, -15.82944 ], [ -48.08784, -15.83064 ], [ -48.08885, -15.8301 ], [ -48.08987, -15.8306 ], [ -48.08991, -15.8299 ], [ -48.08921, -15.8299 ] ] ], [ [ [ -48.08837, -15.82831 ], [ -48.08797, -15.82944 ], [ -48.09085, -15.82806 ], [ -48.08837, -15.82831 ] ] ] ] } },
{ "type": "Feature", "properties": { "cluster": 202.0, "hvi": 0.1169, "population": 1875, "setores": 4, "municipio": "Brasília" }, "geometry": { "type": "MultiPolygon", "coordinates": [ [ [ [ -48.0855, -15.82964 ], [ -48.08633, -15.82724 ], [ -48.0844, -15.82926 ], [ -48.0855, -15.82964 ] ] ], [ [ [ -48.08451, -15.82666 ], [ -48.08217, -15.82591 ], [ -48.08369, -15.82907 ], [ -48.08451, -15.82666 ] ] ], [ [ [ -48.08771, -15.82498 ], [ -48.08601, -15.82455 ], [ -48.08686, -15.82741 ], [ -48.08771, -15.82498 ] ] ], [ [ [ -48.08217, -15.82591 ], [ -48.08302, -15.82349 ], [ -48.08051, -15.82537 ], [ -48.08217, -15.82591 ] ] ] ] } },
{ "type": "Feature", "properties": { "cluster": 203.0, "hvi": 0.1226, "population": 2857, "setores": 5, "municipio": "Brasília" }, "geometry": { "type": "MultiPolygon", "coordinates": [ [ [ [ -48.08031, -15.82367 ], [ -48.07903, -15.82327 ], [ -48.07925, -15.82676 ], [ -48.08031, -15.82367 ] ] ], [ [ [ -48.08031, -15.82367 ], [ -48.08113, -15.82131 ], [ -48.0785, -15.8231 ], [ -48.08031, -15.82367 ] ] ], [ [ [ -48.07928, -15.82084 ], [ -48.07715, -15.81997 ], [ -48.0785, -15.8231 ], [ -48.07928, -15.82084 ] ] ], [ [ [ -48.08214, -15.81836 ], [ -48.07985, -15.8209 ], [ -48.08113, -15.82131 ], [ -48.08214, -15.81836 ] ] ], [ [ [ -48.07961, -15.81809 ], [ -48.07985, -15.8209 ], [ -48.08069, -15.81844 ], [ -48.07961, -15.81809 ] ] ] ] } },
{ "type": "Feature", "properties": { "cluster": 204.0, "hvi": 0.1203, "population": 2639, "setores": 5, "municipio": "Brasília" }, "geometry": { "type": "MultiPolygon", "coordinates": [ [ [ [ -48.08683, -15.81986 ], [ -48.08381, -15.8189 ], [ -48.08458, -15.81671 ], [ -48.08754, -15.81779 ], [ -48.08856, -15.81481 ], [ -48.08291, -15.8161 ], [ -48.08454, -15.81669 ], [ -48.08214, -15.81836 ], [ -48.08087, -15.82208 ], [ -48.08636, -15.82125 ], [ -48.08683, -15.81986 ] ] ], [ [ [ -48.08214, -15.81836 ], [ -48.08283, -15.81634 ], [ -48.08015, -15.81765 ], [ -48.07814, -15.81702 ], [ -48.07928, -15.82084 ], [ -48.08087, -15.81791 ], [ -48.08214, -15.81836 ] ] ] ] } },
{ "type": "Feature", "properties": { "cluster": 205.0, "hvi": 0.1194, "population": 516, "setores": 1, "municipio": "Brasília" }, "geometry": { "type": "Polygon", "coordinates": [ [ [ -48.08157, -15.82231 ], [ -48.08375, -15.82297 ], [ -48.08566, -15.82102 ], [ -48.08348, -15.82032 ], [ -48.08157, -15.82231 ] ] ] } },
{ "type": "Feature", "properties": { "cluster": 206.0, "hvi": 0.1248, "population": 2507, "setores": 4, "municipio": "Brasília" }, "geometry": { "type": "MultiPolygon", "coordinates": [ [ [ [ -48.09144, -15.82648 ], [ -48.0892, -15.82587 ], [ -48.09121, -15.8271 ], [ -48.09144, -15.82648 ] ] ], [ [ [ -48.08954, -15.82488 ], [ -48.0853, -15.82432 ], [ -48.08771, -15.82498 ], [ -48.0886, -15.82838 ], [ -48.09121, -15.8271 ], [ -48.08874, -15.82722 ], [ -48.0892, -15.82587 ], [ -48.08954, -15.82488 ] ] ], [ [ [ -48.08622, -15.82165 ], [ -48.08737, -15.82421 ], [ -48.08804, -15.82222 ], [ -48.08622, -15.82165 ] ] ] ] } },
{ "type": "Feature", "properties": { "cluster": 207.0, "hvi": 0.113, "population": 2872, "setores": 7, "municipio": "Brasília" }, "geometry": { "type": "MultiPolygon", "coordinates": [ [ [ [ -48.09191, -15.82528 ], [ -48.0892, -15.82587 ], [ -48.09144, -15.82648 ], [ -48.09191, -15.82528 ] ] ], [ [ [ -48.09005, -15.82339 ], [ -48.09219, -15.82472 ], [ -48.09241, -15.82413 ], [ -48.09005, -15.82339 ] ] ], [ [ [ -48.09117, -15.82372 ], [ -48.09163, -15.82235 ], [ -48.09006, -15.82338 ], [ -48.09021, -15.82291 ], [ -48.08859, -15.82239 ], [ -48.08954, -15.82488 ], [ -48.08985, -15.82398 ], [ -48.08985, -15.82397 ], [ -48.09005, -15.82339 ], [ -48.09117, -15.82372 ] ] ], [ [ [ -48.09191, -15.82528 ], [ -48.09219, -15.82472 ], [ -48.08985, -15.82398 ], [ -48.09191, -15.82528 ] ] ], [ [ [ -48.09294, -15.82278 ], [ -48.09332, -15.82182 ], [ -48.09087, -15.821 ], [ -48.09294, -15.82278 ] ] ], [ [ [ -48.09021, -15.82291 ], [ -48.09101, -15.82056 ], [ -48.08925, -15.8205 ], [ -48.09021, -15.82291 ] ] ] ] } },
{ "type": "Feature", "properties": { "cluster": 208.0, "hvi": 0.1245, "population": 1847, "setores": 3, "municipio": "Brasília" }, "geometry": { "type": "MultiPolygon", "coordinates": [ [ [ [ -48.08693, -15.82187 ], [ -48.08791, -15.82433 ], [ -48.09047, -15.82033 ], [ -48.08693, -15.82187 ] ] ], [ [ [ -48.09206, -15.81752 ], [ -48.09043, -15.817 ], [ -48.09127, -15.81459 ], [ -48.08879, -15.81647 ], [ -48.08989, -15.81683 ], [ -48.0882, -15.81816 ], [ -48.09101, -15.82056 ], [ -48.09206, -15.81752 ] ] ] ] } },
{ "type": "Feature", "properties": { "cluster": 209.0, "hvi": 0.1147, "population": 1776, "setores": 4, "municipio": "Brasília" }, "geometry": { "type": "MultiPolygon", "coordinates": [ [ [ [ -48.09248, -15.82151 ], [ -48.09298, -15.82014 ], [ -48.09087, -15.821 ], [ -48.09248, -15.82151 ] ] ], [ [ [ -48.09298, -15.82014 ], [ -48.09374, -15.81755 ], [ -48.09181, -15.81824 ], [ -48.09298, -15.82014 ] ] ], [ [ [ -48.09286, -15.81515 ], [ -48.09127, -15.81459 ], [ -48.09206, -15.81752 ], [ -48.09286, -15.81515 ] ] ] ] } },
{ "type": "Feature", "properties": { "cluster": 210.0, "hvi": 0.1252, "population": 2535, "setores": 4, "municipio": "Brasília" }, "geometry": { "type": "MultiPolygon", "coordinates": [ [ [ [ -48.09547, -15.82339 ], [ -48.09773, -15.81827 ], [ -48.09407, -15.8169 ], [ -48.09481, -15.81546 ], [ -48.09222, -15.81707 ], [ -48.09374, -15.81755 ], [ -48.09303, -15.82253 ], [ -48.09547, -15.82339 ] ] ], [ [ [ -48.09286, -15.81515 ], [ -48.09399, -15.81189 ], [ -48.09189, -15.81097 ], [ -48.0907, -15.81441 ], [ -48.09286, -15.81515 ] ] ] ] } },
{ "type": "Feature", "properties": { "cluster": 211.0, "hvi": 0.1178, "population": 2449, "setores": 5, "municipio": "Brasília" }, "geometry": { "type": "MultiPolygon", "coordinates": [ [ [ [ -48.08768, -15.81967 ], [ -48.08622, -15.82165 ], [ -48.08693, -15.82187 ], [ -48.08768, -15.81967 ] ] ], [ [ [ -48.08865, -15.8183 ], [ -48.08931, -15.81851 ], [ -48.08989, -15.81683 ], [ -48.08859, -15.81785 ], [ -48.08851, -15.81727 ], [ -48.08697, -15.81945 ], [ -48.08886, -15.81981 ], [ -48.08865, -15.8183 ] ] ], [ [ [ -48.0846, -15.81665 ], [ -48.08683, -15.81986 ], [ -48.08697, -15.81945 ], [ -48.08754, -15.81779 ], [ -48.0846, -15.81665 ] ] ], [ [ [ -48.08807, -15.81624 ], [ -48.08879, -15.81647 ], [ -48.08953, -15.81432 ], [ -48.08807, -15.81624 ] ] ] ] } },
{ "type": "Feature", "properties": { "cluster": 212.0, "hvi": 0.1202, "population": 2181, "setores": 4, "municipio": "Brasília" }, "geometry": { "type": "MultiPolygon", "coordinates": [ [ [ [ -48.08018, -15.81721 ], [ -48.08091, -15.81513 ], [ -48.07995, -15.81515 ], [ -48.08018, -15.81721 ] ] ], [ [ [ -48.07995, -15.81515 ], [ -48.07861, -15.81471 ], [ -48.08004, -15.81761 ], [ -48.07995, -15.81515 ] ] ], [ [ [ -48.08138, -15.81376 ], [ -48.07952, -15.81318 ], [ -48.07984, -15.81221 ], [ -48.07908, -15.81197 ], [ -48.07916, -15.81306 ], [ -48.08091, -15.81513 ], [ -48.08138, -15.81376 ] ] ] ] } },
{ "type": "Feature", "properties": { "cluster": 213.0, "hvi": 0.1144, "population": 2513, "setores": 6, "municipio": "Brasília" }, "geometry": { "type": "MultiPolygon", "coordinates": [ [ [ [ -48.08283, -15.81634 ], [ -48.08369, -15.81381 ], [ -48.08073, -15.81566 ], [ -48.08283, -15.81634 ] ] ], [ [ [ -48.08462, -15.81114 ], [ -48.0816, -15.81314 ], [ -48.08369, -15.81381 ], [ -48.08462, -15.81114 ] ] ], [ [ [ -48.08336, -15.80802 ], [ -48.08462, -15.81114 ], [ -48.08547, -15.8087 ], [ -48.08336, -15.80802 ] ] ], [ [ [ -48.08779, -15.79945 ], [ -48.08487, -15.80848 ], [ -48.08816, -15.80955 ], [ -48.09636, -15.79467 ], [ -48.09219, -15.79928 ], [ -48.08779, -15.79945 ] ] ], [ [ [ -48.09725, -15.80069 ], [ -48.09767, -15.80001 ], [ -48.0953, -15.79669 ], [ -48.09454, -15.80116 ], [ -48.09608, -15.80059 ], [ -48.09519, -15.80207 ], [ -48.09725, -15.80069 ] ] ] ] } },
{ "type": "Feature", "properties": { "cluster": 214.0, "hvi": 0.1206, "population": 2174, "setores": 4, "municipio": "Brasília" }, "geometry": { "type": "MultiPolygon", "coordinates": [ [ [ [ -48.08845, -15.8129 ], [ -48.08945, -15.80999 ], [ -48.08736, -15.80929 ], [ -48.08844, -15.8129 ], [ -48.08647, -15.81227 ], [ -48.08856, -15.81481 ], [ -48.08914, -15.81311 ], [ -48.08845, -15.8129 ] ] ], [ [ [ -48.08633, -15.81223 ], [ -48.08736, -15.80929 ], [ -48.08444, -15.81162 ], [ -48.08559, -15.81486 ], [ -48.08647, -15.81227 ], [ -48.08633, -15.81223 ] ] ] ] } },
{ "type": "Feature", "properties": { "cluster": 215.0, "hvi": 0.1135, "population": 2814, "setores": 7, "municipio": "Brasília" }, "geometry": { "type": "MultiPolygon", "coordinates": [ [ [ [ -48.0907, -15.81441 ], [ -48.09131, -15.81266 ], [ -48.0888, -15.8141 ], [ -48.0907, -15.81441 ] ] ], [ [ [ -48.08914, -15.81311 ], [ -48.09011, -15.81027 ], [ -48.09131, -15.81266 ], [ -48.09188, -15.81097 ], [ -48.09347, -15.81164 ], [ -48.09538, -15.80928 ], [ -48.09589, -15.81002 ], [ -48.09724, -15.8091 ], [ -48.09554, -15.80908 ], [ -48.09593, -15.8086 ], [ -48.09111, -15.81065 ], [ -48.09248, -15.80804 ], [ -48.09002, -15.80624 ], [ -48.08816, -15.80955 ], [ -48.08944, -15.81003 ], [ -48.08914, -15.81311 ] ] ], [ [ [ -48.09002, -15.80624 ], [ -48.09319, -15.80478 ], [ -48.09188, -15.80294 ], [ -48.09002, -15.80624 ] ] ] ] } },
{ "type": "Feature", "properties": { "cluster": 216.0, "hvi": 0.1216, "population": 1145, "setores": 2, "municipio": "Brasília" }, "geometry": { "type": "MultiPolygon", "coordinates": [ [ [ [ -48.09481, -15.81546 ], [ -48.09526, -15.81451 ], [ -48.0933, -15.81388 ], [ -48.09481, -15.81546 ] ] ], [ [ [ -48.09526, -15.81451 ], [ -48.09603, -15.81291 ], [ -48.09399, -15.81189 ], [ -48.09526, -15.81451 ] ] ] ] } },
{ "type": "Feature", "properties": { "cluster": 217.0, "hvi": 0.1221, "population": 1131, "setores": 2, "municipio": "Brasília" }, "geometry": { "type": "MultiPolygon", "coordinates": [ [ [ [ -48.09336, -15.80875 ], [ -48.09506, -15.8074 ], [ -48.09407, -15.80601 ], [ -48.09336, -15.80875 ] ] ], [ [ [ -48.09559, -15.80814 ], [ -48.09823, -15.80629 ], [ -48.09534, -15.80651 ], [ -48.09559, -15.80814 ] ] ] ] } },
{ "type": "Feature", "properties": { "cluster": 218.0, "hvi": 0.1156, "population": 2700, "setores": 6, "municipio": "Brasília" }, "geometry": { "type": "MultiPolygon", "coordinates": [ [ [ [ -48.09593, -15.8086 ], [ -48.10072, -15.80553 ], [ -48.09772, -15.80663 ], [ -48.09593, -15.8086 ] ] ], [ [ [ -48.09205, -15.8077 ], [ -48.09646, -15.80382 ], [ -48.09552, -15.80252 ], [ -48.09379, -15.80563 ], [ -48.09319, -15.80478 ], [ -48.09205, -15.8077 ] ] ], [ [ [ -48.0974, -15.80514 ], [ -48.09646, -15.80382 ], [ -48.09534, -15.80651 ], [ -48.0974, -15.80514 ] ] ], [ [ [ -48.09945, -15.80376 ], [ -48.09823, -15.80629 ], [ -48.10027, -15.80491 ], [ -48.09945, -15.80376 ] ] ] ] } },
{ "type": "Feature", "properties": { "cluster": 219.0, "hvi": 0.1185, "population": 3030, "setores": 6, "municipio": "Brasília" }, "geometry": { "type": "MultiPolygon", "coordinates": [ [ [ [ -48.09814, -15.8097 ], [ -48.10145, -15.80532 ], [ -48.09816, -15.80725 ], [ -48.09814, -15.8097 ] ] ], [ [ [ -48.10092, -15.80453 ], [ -48.09912, -15.80203 ], [ -48.09646, -15.80382 ], [ -48.0974, -15.80514 ], [ -48.10092, -15.80453 ] ] ], [ [ [ -48.0985, -15.80244 ], [ -48.09912, -15.80203 ], [ -48.09767, -15.80001 ], [ -48.09552, -15.80252 ], [ -48.09709, -15.80231 ], [ -48.09646, -15.80382 ], [ -48.0985, -15.80244 ] ] ], [ [ [ -48.09351, -15.80007 ], [ -48.09268, -15.80409 ], [ -48.09552, -15.80252 ], [ -48.09351, -15.80007 ] ] ] ] } },
{ "type": "Feature", "properties": { "cluster": 220.0, "hvi": 0.1237, "population": 2396, "setores": 4, "municipio": "Brasília" }, "geometry": { "type": "MultiPolygon", "coordinates": [ [ [ [ -48.10252, -15.80174 ], [ -48.10031, -15.79864 ], [ -48.10233, -15.79726 ], [ -48.09964, -15.79342 ], [ -48.09735, -15.79429 ], [ -48.1003, -15.79862 ], [ -48.09997, -15.79817 ], [ -48.09852, -15.80119 ], [ -48.10007, -15.80334 ], [ -48.10252, -15.80174 ] ] ], [ [ [ -48.09754, -15.79981 ], [ -48.09997, -15.79817 ], [ -48.09636, -15.79467 ], [ -48.0953, -15.79669 ], [ -48.09754, -15.79981 ] ] ] ] } },
{ "type": "Feature", "properties": { "cluster": 221.0, "hvi": 0.1142, "population": 3028, "setores": 7, "municipio": "Brasília" }, "geometry": { "type": "MultiPolygon", "coordinates": [ [ [ [ -48.103, -15.8024 ], [ -48.10162, -15.80547 ], [ -48.10388, -15.80306 ], [ -48.103, -15.8024 ] ] ], [ [ [ -48.105, -15.80085 ], [ -48.10447, -15.80022 ], [ -48.10291, -15.80227 ], [ -48.105, -15.80085 ] ] ], [ [ [ -48.10252, -15.80174 ], [ -48.10007, -15.80334 ], [ -48.10214, -15.80402 ], [ -48.10291, -15.80227 ], [ -48.10252, -15.80174 ] ] ], [ [ [ -48.1056, -15.80125 ], [ -48.10762, -15.7989 ], [ -48.10706, -15.7983 ], [ -48.1056, -15.80125 ] ] ], [ [ [ -48.10447, -15.80022 ], [ -48.10706, -15.7983 ], [ -48.10655, -15.79761 ], [ -48.10447, -15.80022 ] ] ], [ [ [ -48.10841, -15.79793 ], [ -48.10992, -15.79655 ], [ -48.10921, -15.7958 ], [ -48.10841, -15.79793 ] ] ], [ [ [ -48.11056, -15.79699 ], [ -48.11242, -15.79452 ], [ -48.11076, -15.79366 ], [ -48.11056, -15.79699 ] ] ] ] } },
{ "type": "Feature", "properties": { "cluster": 222.0, "hvi": 0.123, "population": 2370, "setores": 4, "municipio": "Brasília" }, "geometry": { "type": "MultiPolygon", "coordinates": [ [ [ [ -48.10387, -15.79942 ], [ -48.10921, -15.7958 ], [ -48.10535, -15.79593 ], [ -48.10387, -15.79942 ] ] ], [ [ [ -48.10535, -15.79593 ], [ -48.10435, -15.79455 ], [ -48.1033, -15.79731 ], [ -48.10535, -15.79593 ] ] ], [ [ [ -48.10739, -15.79456 ], [ -48.1064, -15.79317 ], [ -48.10535, -15.79593 ], [ -48.10739, -15.79456 ] ] ] ] } },
{ "type": "Feature", "properties": { "cluster": 223.0, "hvi": 0.1178, "population": 2488, "setores": 5, "municipio": "Brasília" }, "geometry": { "type": "MultiPolygon", "coordinates": [ [ [ [ -48.10447, -15.80022 ], [ -48.10251, -15.7975 ], [ -48.10381, -15.79394 ], [ -48.10435, -15.79455 ], [ -48.10822, -15.79441 ], [ -48.10769, -15.79368 ], [ -48.10977, -15.79227 ], [ -48.10826, -15.79012 ], [ -48.10237, -15.79236 ], [ -48.10368, -15.79381 ], [ -48.09964, -15.79342 ], [ -48.10246, -15.79743 ], [ -48.10031, -15.79864 ], [ -48.10241, -15.80158 ], [ -48.10447, -15.80022 ] ] ], [ [ [ -48.11076, -15.79366 ], [ -48.10977, -15.79227 ], [ -48.10868, -15.79506 ], [ -48.11076, -15.79366 ] ] ] ] } },
{ "type": "Feature", "properties": { "cluster": 224.0, "hvi": 0.1412, "population": 1824, "setores": 3, "municipio": "Brasília" }, "geometry": { "type": "Polygon", "coordinates": [ [ [ -48.06725, -15.85905 ], [ -48.06949, -15.85213 ], [ -48.06418, -15.8564 ], [ -48.06764, -15.85162 ], [ -48.06002, -15.85205 ], [ -48.05552, -15.85471 ], [ -48.05432, -15.85651 ], [ -48.06248, -15.85777 ], [ -48.06131, -15.85872 ], [ -48.05024, -15.85547 ], [ -48.04808, -15.85947 ], [ -48.05623, -15.86551 ], [ -48.06725, -15.85905 ] ] ] } },
{ "type": "Feature", "properties": { "cluster": 225.0, "hvi": 0.1208, "population": 2768, "setores": 5, "municipio": "Brasília" }, "geometry": { "type": "MultiPolygon", "coordinates": [ [ [ [ -48.05859, -15.84759 ], [ -48.05688, -15.84917 ], [ -48.06002, -15.85205 ], [ -48.05859, -15.84759 ] ] ], [ [ [ -48.06281, -15.85163 ], [ -48.06043, -15.8479 ], [ -48.05937, -15.84429 ], [ -48.06002, -15.85205 ], [ -48.06281, -15.85163 ] ] ], [ [ [ -48.06551, -15.85164 ], [ -48.06413, -15.84755 ], [ -48.06281, -15.85163 ], [ -48.06551, -15.85164 ] ] ], [ [ [ -48.0598, -15.84574 ], [ -48.06243, -15.84769 ], [ -48.06244, -15.84487 ], [ -48.0598, -15.84574 ] ] ] ] } },
{ "type": "Feature", "properties": { "cluster": 226.0, "hvi": 0.1186, "population": 503, "setores": 1, "municipio": "Brasília" }, "geometry": { "type": "Polygon", "coordinates": [ [ [ -48.06997, -15.80649 ], [ -48.06901, -15.8093 ], [ -48.07299, -15.81058 ], [ -48.07394, -15.8078 ], [ -48.06997, -15.80649 ] ] ] } },
{ "type": "Feature", "properties": { "cluster": 227.0, "hvi": 0.1146, "population": 1760, "setores": 4, "municipio": "Brasília" }, "geometry": { "type": "MultiPolygon", "coordinates": [ [ [ [ -48.10459, -15.80742 ], [ -48.10364, -15.80679 ], [ -48.10435, -15.80725 ], [ -48.10651, -15.8049 ], [ -48.10458, -15.80653 ], [ -48.10388, -15.80306 ], [ -48.10145, -15.80532 ], [ -48.10311, -15.80939 ], [ -48.10459, -15.80742 ] ] ], [ [ [ -48.10744, -15.80557 ], [ -48.10651, -15.8049 ], [ -48.10529, -15.80792 ], [ -48.10744, -15.80557 ] ] ], [ [ [ -48.1056, -15.80125 ], [ -48.105, -15.80085 ], [ -48.10388, -15.80306 ], [ -48.1056, -15.80125 ] ] ] ] } },
{ "type": "Feature", "properties": { "cluster": 228.0, "hvi": 0.1336, "population": 813, "setores": 1, "municipio": "Brasília" }, "geometry": { "type": "Polygon", "coordinates": [ [ [ -48.06244, -15.84487 ], [ -48.06218, -15.84731 ], [ -48.06542, -15.84954 ], [ -48.06526, -15.8459 ], [ -48.06244, -15.84487 ] ] ] } },
{ "type": "Feature", "properties": { "cluster": 229.0, "hvi": 0.1246, "population": 2531, "setores": 4, "municipio": "Brasília" }, "geometry": { "type": "MultiPolygon", "coordinates": [ [ [ [ -48.0721, -15.86032 ], [ -48.07302, -15.8586 ], [ -48.07052, -15.85609 ], [ -48.07452, -15.84788 ], [ -48.06932, -15.85266 ], [ -48.07035, -15.85644 ], [ -48.0691, -15.85898 ], [ -48.0721, -15.86032 ] ] ], [ [ [ -48.0761, -15.85303 ], [ -48.07492, -15.8493 ], [ -48.07459, -15.85235 ], [ -48.0761, -15.85303 ] ] ], [ [ [ -48.07247, -15.84794 ], [ -48.06969, -15.84686 ], [ -48.06949, -15.85213 ], [ -48.07247, -15.84794 ] ] ] ] } },
{ "type": "Feature", "properties": { "cluster": 230.0, "hvi": 0.1021, "population": 2599, "setores": 13, "municipio": "Brasília" }, "geometry": { "type": "MultiPolygon", "coordinates": [ [ [ [ -48.12437, -15.75927 ], [ -48.12716, -15.7572 ], [ -48.12575, -15.74466 ], [ -48.12112, -15.74518 ], [ -48.12141, -15.74845 ], [ -48.10699, -15.74998 ], [ -48.10446, -15.73829 ], [ -48.09685, -15.73219 ], [ -48.07246, -15.73656 ], [ -48.05907, -15.73959 ], [ -48.04991, -15.74835 ], [ -48.04512, -15.77008 ], [ -48.05346, -15.79224 ], [ -48.08246, -15.80238 ], [ -48.08767, -15.7999 ], [ -48.08655, -15.80416 ], [ -48.08905, -15.80022 ], [ -48.08816, -15.79967 ], [ -48.10825, -15.79012 ], [ -48.12582, -15.78346 ], [ -48.13486, -15.78554 ], [ -48.13687, -15.77819 ], [ -48.14037, -15.77917 ], [ -48.14287, -15.76823 ], [ -48.13463, -15.76786 ], [ -48.13169, -15.7714 ], [ -48.12854, -15.76958 ], [ -48.12747, -15.76 ], [ -48.12437, -15.75927 ] ], [ [ -48.07054, -15.74431 ], [ -48.0658, -15.75422 ], [ -48.07246, -15.73656 ], [ -48.07054, -15.74431 ] ], [ [ -48.12943, -15.77754 ], [ -48.12848, -15.76959 ], [ -48.12854, -15.76958 ], [ -48.12943, -15.77754 ] ], [ [ -48.06776, -15.75753 ], [ -48.06697, -15.75758 ], [ -48.06599, -15.75476 ], [ -48.06776, -15.75753 ] ], [ [ -48.10249, -15.77843 ], [ -48.10637, -15.77227 ], [ -48.10666, -15.77217 ], [ -48.10249, -15.77843 ] ] ], [ [ [ -48.09432, -15.72674 ], [ -48.09685, -15.73219 ], [ -48.09976, -15.73185 ], [ -48.09952, -15.72621 ], [ -48.09432, -15.72674 ] ] ], [ [ [ -48.04862, -15.79141 ], [ -48.04862, -15.7945 ], [ -48.05281, -15.79448 ], [ -48.05346, -15.79224 ], [ -48.04862, -15.79141 ] ] ], [ [ [ -48.04187, -15.76346 ], [ -48.04188, -15.76484 ], [ -48.04488, -15.76621 ], [ -48.04527, -15.76142 ], [ -48.04763, -15.75367 ], [ -48.04476, -15.75348 ], [ -48.04185, -15.75985 ], [ -48.04187, -15.76314 ], [ -48.04058, -15.76255 ], [ -48.04009, -15.76355 ], [ -48.04187, -15.76346 ] ] ] ] } },
{ "type": "Feature", "properties": { "cluster": 231.0, "hvi": 0.1224, "population": 560, "setores": 1, "municipio": "Brasília" }, "geometry": { "type": "Polygon", "coordinates": [ [ [ -48.06429, -15.82023 ], [ -48.06437, -15.82117 ], [ -48.06465, -15.82035 ], [ -48.06429, -15.82023 ] ] ] } },
{ "type": "Feature", "properties": { "cluster": 232.0, "hvi": 0.1302, "population": 2230, "setores": 3, "municipio": "Brasília" }, "geometry": { "type": "MultiPolygon", "coordinates": [ [ [ [ -48.09098, -15.82772 ], [ -48.09382, -15.82871 ], [ -48.09573, -15.82349 ], [ -48.09215, -15.82479 ], [ -48.09098, -15.82772 ] ] ], [ [ [ -48.09294, -15.82278 ], [ -48.09163, -15.82235 ], [ -48.09241, -15.82413 ], [ -48.09294, -15.82278 ] ] ] ] } },
{ "type": "Feature", "properties": { "cluster": 233.0, "hvi": 0.1049, "population": 2739, "setores": 16, "municipio": "Brasília" }, "geometry": { "type": "MultiPolygon", "coordinates": [ [ [ [ -48.11071, -15.86661 ], [ -48.1061, -15.8584 ], [ -48.1079, -15.85908 ], [ -48.11112, -15.85402 ], [ -48.09275, -15.84512 ], [ -48.09072, -15.84154 ], [ -48.09192, -15.84189 ], [ -48.0933, -15.83774 ], [ -48.0832, -15.83462 ], [ -48.08267, -15.83206 ], [ -48.08226, -15.83822 ], [ -48.07449, -15.83521 ], [ -48.06397, -15.83595 ], [ -48.06454, -15.83998 ], [ -48.06563, -15.84051 ], [ -48.06031, -15.8422 ], [ -48.06766, -15.84151 ], [ -48.07548, -15.84536 ], [ -48.07618, -15.85367 ], [ -48.09937, -15.86323 ], [ -48.10798, -15.87427 ], [ -48.1133, -15.87462 ], [ -48.11489, -15.87167 ], [ -48.11454, -15.86747 ], [ -48.11071, -15.86661 ] ], [ [ -48.08731, -15.85117 ], [ -48.09547, -15.85435 ], [ -48.0879, -15.85146 ], [ -48.08731, -15.85117 ] ] ], [ [ [ -48.05872, -15.84063 ], [ -48.05616, -15.84257 ], [ -48.05781, -15.8434 ], [ -48.05676, -15.84444 ], [ -48.05343, -15.84409 ], [ -48.05216, -15.84719 ], [ -48.05338, -15.84778 ], [ -48.05039, -15.85074 ], [ -48.04927, -15.85505 ], [ -48.05381, -15.85695 ], [ -48.05861, -15.85281 ], [ -48.05842, -15.84371 ], [ -48.05984, -15.84442 ], [ -48.06147, -15.84334 ], [ -48.06031, -15.8422 ], [ -48.05872, -15.84063 ] ] ], [ [ [ -48.09426, -15.8348 ], [ -48.09284, -15.83429 ], [ -48.09329, -15.8373 ], [ -48.09426, -15.8348 ] ] ], [ [ [ -48.06516, -15.82051 ], [ -48.06465, -15.82035 ], [ -48.06448, -15.82249 ], [ -48.06909, -15.82398 ], [ -48.06404, -15.82374 ], [ -48.06778, -15.82526 ], [ -48.0655, -15.82748 ], [ -48.0628, -15.83555 ], [ -48.07192, -15.83515 ], [ -48.07875, -15.81429 ], [ -48.07355, -15.81528 ], [ -48.07265, -15.82051 ], [ -48.07033, -15.82277 ], [ -48.07124, -15.82014 ], [ -48.06588, -15.81843 ], [ -48.06516, -15.82051 ] ] ], [ [ [ -48.06749, -15.84163 ], [ -48.0652, -15.84549 ], [ -48.06488, -15.84306 ], [ -48.0598, -15.84574 ], [ -48.06526, -15.8459 ], [ -48.06794, -15.84481 ], [ -48.06749, -15.84163 ] ] ] ] } },
{ "type": "Feature", "properties": { "cluster": 234.0, "hvi": 0.1284, "population": 1450, "setores": 2, "municipio": "Brasília" }, "geometry": { "type": "MultiPolygon", "coordinates": [ [ [ [ -48.08028, -15.80864 ], [ -48.08006, -15.80926 ], [ -48.08072, -15.80945 ], [ -48.08028, -15.80864 ] ] ], [ [ [ -48.08093, -15.80881 ], [ -48.08115, -15.80815 ], [ -48.08053, -15.80794 ], [ -48.08093, -15.80881 ] ] ] ] } },
{ "type": "Feature", "properties": { "cluster": 235.0, "hvi": 0.1252, "population": 2568, "setores": 4, "municipio": "Brasília" }, "geometry": { "type": "Polygon", "coordinates": [ [ [ -48.0698, -15.84641 ], [ -48.07452, -15.84788 ], [ -48.07533, -15.84359 ], [ -48.06885, -15.84113 ], [ -48.06784, -15.84379 ], [ -48.07256, -15.84277 ], [ -48.06792, -15.84591 ], [ -48.06773, -15.84961 ], [ -48.06794, -15.84481 ], [ -48.06526, -15.8459 ], [ -48.06551, -15.85164 ], [ -48.06764, -15.85162 ], [ -48.06768, -15.85073 ], [ -48.0695, -15.84965 ], [ -48.0698, -15.84641 ] ] ] } },
{ "type": "Feature", "properties": { "cluster": 236.0, "hvi": 0.1366, "population": 2534, "setores": 3, "municipio": "Brasília" }, "geometry": { "type": "MultiPolygon", "coordinates": [ [ [ [ -48.09248, -15.79875 ], [ -48.09167, -15.7983 ], [ -48.09219, -15.79928 ], [ -48.09248, -15.79875 ] ] ], [ [ [ -48.09291, -15.79794 ], [ -48.09372, -15.79569 ], [ -48.09123, -15.79702 ], [ -48.09135, -15.79885 ], [ -48.09167, -15.7983 ], [ -48.09213, -15.79751 ], [ -48.09291, -15.79794 ] ] ] ] } },
{ "type": "Feature", "properties": { "cluster": 237.0, "hvi": 0.147, "population": 2199, "setores": 2, "municipio": "Brasília" }, "geometry": { "type": "MultiPolygon", "coordinates": [ [ [ [ -48.08071, -15.81355 ], [ -48.08103, -15.8126 ], [ -48.08043, -15.8124 ], [ -48.08071, -15.81355 ] ] ], [ [ [ -48.08012, -15.81336 ], [ -48.08043, -15.8124 ], [ -48.07984, -15.81221 ], [ -48.08012, -15.81336 ] ] ] ] } },
{ "type": "Feature", "properties": { "cluster": 238.0, "hvi": 0.1462, "population": 1077, "setores": 1, "municipio": "Brasília" }, "geometry": { "type": "Polygon", "coordinates": [ [ [ -48.08103, -15.8126 ], [ -48.08138, -15.81376 ], [ -48.08171, -15.81281 ], [ -48.08103, -15.8126 ] ] ] } },
{ "type": "Feature", "properties": { "cluster": 239.0, "hvi": 0.1229, "population": 2422, "setores": 4, "municipio": "Brasília" }, "geometry": { "type": "Polygon", "coordinates": [ [ [ -48.07605, -15.8101 ], [ -48.08171, -15.81281 ], [ -48.08336, -15.80802 ], [ -48.07744, -15.80609 ], [ -48.07605, -15.8101 ] ], [ [ -48.08115, -15.80815 ], [ -48.08072, -15.80945 ], [ -48.08053, -15.80794 ], [ -48.08115, -15.80815 ] ] ] } },
{ "type": "Feature", "properties": { "cluster": 240.0, "hvi": 0.1256, "population": 2552, "setores": 4, "municipio": "Brasília" }, "geometry": { "type": "MultiPolygon", "coordinates": [ [ [ [ -48.03693, -15.85653 ], [ -48.03469, -15.85393 ], [ -48.03352, -15.85284 ], [ -48.03197, -15.85606 ], [ -48.03611, -15.85809 ], [ -48.03693, -15.85653 ] ] ], [ [ [ -48.03764, -15.85415 ], [ -48.03936, -15.85428 ], [ -48.04024, -15.85264 ], [ -48.03765, -15.85155 ], [ -48.03469, -15.85393 ], [ -48.03705, -15.85411 ], [ -48.03664, -15.85584 ], [ -48.03764, -15.85415 ] ] ] ] } },
{ "type": "Feature", "properties": { "cluster": 241.0, "hvi": 0.1323, "population": 2470, "setores": 3, "municipio": "Brasília" }, "geometry": { "type": "Polygon", "coordinates": [ [ [ -48.03409, -15.87474 ], [ -48.0458, -15.87404 ], [ -48.03735, -15.86822 ], [ -48.03829, -15.86495 ], [ -48.03463, -15.86751 ], [ -48.03508, -15.86683 ], [ -48.0336, -15.86502 ], [ -48.03336, -15.86768 ], [ -48.03426, -15.86777 ], [ -48.03082, -15.87019 ], [ -48.03409, -15.87474 ] ] ] } },
{ "type": "Feature", "properties": { "cluster": 242.0, "hvi": 0.1408, "population": 942, "setores": 1, "municipio": "Brasília" }, "geometry": { "type": "Polygon", "coordinates": [ [ [ -48.0453, -15.85831 ], [ -48.04374, -15.86328 ], [ -48.04808, -15.85947 ], [ -48.0453, -15.85831 ] ] ] } },
{ "type": "Feature", "properties": { "cluster": 243.0, "hvi": 0.1278, "population": 2709, "setores": 5, "municipio": "Brasília" }, "geometry": { "type": "MultiPolygon", "coordinates": [ [ [ [ -48.1998, -15.68672 ], [ -48.19963, -15.68206 ], [ -48.197, -15.68619 ], [ -48.1998, -15.68672 ] ] ], [ [ [ -48.19956, -15.68202 ], [ -48.19763, -15.6819 ], [ -48.19424, -15.68083 ], [ -48.19736, -15.68445 ], [ -48.19956, -15.68202 ] ] ], [ [ [ -48.19455, -15.67987 ], [ -48.19159, -15.67894 ], [ -48.19393, -15.68176 ], [ -48.19455, -15.67987 ] ] ], [ [ [ -48.19253, -15.67718 ], [ -48.19455, -15.67987 ], [ -48.19521, -15.67802 ], [ -48.19253, -15.67718 ] ] ], [ [ [ -48.19584, -15.67159 ], [ -48.20178, -15.68206 ], [ -48.20505, -15.6792 ], [ -48.20031, -15.67946 ], [ -48.19631, -15.66596 ], [ -48.19188, -15.6664 ], [ -48.19164, -15.67029 ], [ -48.19584, -15.67159 ] ] ] ] } },
{ "type": "Feature", "properties": { "cluster": 244.0, "hvi": 0.1193, "population": 2637, "setores": 5, "municipio": "Brasília" }, "geometry": { "type": "MultiPolygon", "coordinates": [ [ [ [ -48.19249, -15.68607 ], [ -48.1929, -15.6848 ], [ -48.19142, -15.68434 ], [ -48.19134, -15.68947 ], [ -48.2006, -15.69119 ], [ -48.19874, -15.68661 ], [ -48.19249, -15.68607 ] ] ], [ [ [ -48.19236, -15.68125 ], [ -48.18993, -15.68388 ], [ -48.19001, -15.6886 ], [ -48.19142, -15.68434 ], [ -48.19236, -15.68125 ] ] ] ] } },
{ "type": "Feature", "properties": { "cluster": 245.0, "hvi": 0.1033, "population": 427, "setores": 2, "municipio": "Brasília" }, "geometry": { "type": "Polygon", "coordinates": [ [ [ -48.19249, -15.68607 ], [ -48.197, -15.68619 ], [ -48.19789, -15.68404 ], [ -48.1936, -15.68273 ], [ -48.19393, -15.68176 ], [ -48.19236, -15.68125 ], [ -48.1929, -15.6848 ], [ -48.19319, -15.68393 ], [ -48.19249, -15.68607 ] ] ] } },
{ "type": "Feature", "properties": { "cluster": 246.0, "hvi": 0.1139, "population": 2991, "setores": 7, "municipio": "Brasília" }, "geometry": { "type": "MultiPolygon", "coordinates": [ [ [ [ -48.19005, -15.68353 ], [ -48.19523, -15.67677 ], [ -48.19489, -15.67895 ], [ -48.19904, -15.68024 ], [ -48.19597, -15.67199 ], [ -48.19568, -15.67386 ], [ -48.19578, -15.6725 ], [ -48.19446, -15.67242 ], [ -48.19559, -15.67448 ], [ -48.19432, -15.67441 ], [ -48.19173, -15.67592 ], [ -48.18831, -15.67546 ], [ -48.18694, -15.68051 ], [ -48.19005, -15.68353 ] ], [ [ -48.19533, -15.67615 ], [ -48.19418, -15.67625 ], [ -48.19432, -15.67441 ], [ -48.19533, -15.67615 ] ] ], [ [ [ -48.19153, -15.67224 ], [ -48.19432, -15.67441 ], [ -48.19446, -15.67242 ], [ -48.19153, -15.67224 ] ] ] ] } },
{ "type": "Feature", "properties": { "cluster": 247.0, "hvi": 0.1276, "population": 1364, "setores": 2, "municipio": "Brasília" }, "geometry": { "type": "MultiPolygon", "coordinates": [ [ [ [ -48.1998, -15.68672 ], [ -48.20554, -15.68387 ], [ -48.20488, -15.67986 ], [ -48.19956, -15.68202 ], [ -48.1998, -15.68672 ] ] ], [ [ [ -48.19424, -15.68083 ], [ -48.19956, -15.68202 ], [ -48.19904, -15.68024 ], [ -48.19424, -15.68083 ] ] ] ] } },
{ "type": "Feature", "properties": { "cluster": 248.0, "hvi": 0.1171, "population": 986, "setores": 2, "municipio": "Brasília" }, "geometry": { "type": "Polygon", "coordinates": [ [ [ -48.20031, -15.67946 ], [ -48.20505, -15.6792 ], [ -48.20435, -15.6727 ], [ -48.20085, -15.67426 ], [ -48.20031, -15.67946 ] ] ] } },
{ "type": "Feature", "properties": { "cluster": 249.0, "hvi": 0.1212, "population": 2904, "setores": 5, "municipio": "Brasília" }, "geometry": { "type": "MultiPolygon", "coordinates": [ [ [ [ -48.2008, -15.67157 ], [ -48.204, -15.6694 ], [ -48.20026, -15.66864 ], [ -48.2008, -15.67157 ] ] ], [ [ [ -48.20389, -15.66828 ], [ -48.20356, -15.66521 ], [ -48.20021, -15.66555 ], [ -48.20026, -15.66864 ], [ -48.20389, -15.66828 ] ] ], [ [ [ -48.19917, -15.66832 ], [ -48.19878, -15.6657 ], [ -48.1981, -15.66855 ], [ -48.19917, -15.66832 ] ] ], [ [ [ -48.20021, -15.66555 ], [ -48.19917, -15.66832 ], [ -48.20022, -15.66811 ], [ -48.20021, -15.66555 ] ] ] ] } },
{ "type": "Feature", "properties": { "cluster": 250.0, "hvi": 0.136, "population": 849, "setores": 1, "municipio": "Brasília" }, "geometry": { "type": "Polygon", "coordinates": [ [ [ -48.20079, -15.67106 ], [ -48.1981, -15.66855 ], [ -48.19872, -15.67125 ], [ -48.20079, -15.67106 ] ] ] } },
{ "type": "Feature", "properties": { "cluster": 251.0, "hvi": 0.1294, "population": 2189, "setores": 3, "municipio": "Brasília" }, "geometry": { "type": "MultiPolygon", "coordinates": [ [ [ [ -48.20356, -15.66521 ], [ -48.20319, -15.6618 ], [ -48.19716, -15.66072 ], [ -48.19731, -15.66237 ], [ -48.20021, -15.66209 ], [ -48.20021, -15.66555 ], [ -48.20356, -15.66521 ] ] ], [ [ [ -48.19786, -15.66484 ], [ -48.20012, -15.66458 ], [ -48.20021, -15.66209 ], [ -48.19786, -15.66484 ] ] ] ] } },
{ "type": "Feature", "properties": { "cluster": 252.0, "hvi": 0.1339, "population": 2422, "setores": 3, "municipio": "Brasília" }, "geometry": { "type": "Polygon", "coordinates": [ [ [ -48.19463, -15.66266 ], [ -48.19731, -15.66237 ], [ -48.1919, -15.66129 ], [ -48.19313, -15.66627 ], [ -48.19535, -15.66605 ], [ -48.19463, -15.66267 ], [ -48.19641, -15.66689 ], [ -48.20021, -15.66555 ], [ -48.19463, -15.66266 ] ] ] } },
{ "type": "Feature", "properties": { "cluster": 253.0, "hvi": 0.1232, "population": 3103, "setores": 5, "municipio": "Brasília" }, "geometry": { "type": "MultiPolygon", "coordinates": [ [ [ [ -48.19741, -15.6607 ], [ -48.19723, -15.65891 ], [ -48.19481, -15.66096 ], [ -48.19741, -15.6607 ] ] ], [ [ [ -48.19741, -15.6607 ], [ -48.20302, -15.66018 ], [ -48.20269, -15.65697 ], [ -48.19954, -15.65921 ], [ -48.19869, -15.65794 ], [ -48.19846, -15.65844 ], [ -48.1971, -15.65749 ], [ -48.19836, -15.65865 ], [ -48.19741, -15.6607 ] ], [ [ -48.19909, -15.659 ], [ -48.19954, -15.65921 ], [ -48.19964, -15.66047 ], [ -48.19909, -15.659 ] ] ], [ [ [ -48.20217, -15.65203 ], [ -48.19827, -15.65233 ], [ -48.19955, -15.65682 ], [ -48.20269, -15.65697 ], [ -48.20217, -15.65203 ] ] ] ] } },
{ "type": "Feature", "properties": { "cluster": 254.0, "hvi": 0.141, "population": 984, "setores": 1, "municipio": "Brasília" }, "geometry": { "type": "Polygon", "coordinates": [ [ [ -48.20221, -15.65877 ], [ -48.19926, -15.65685 ], [ -48.19949, -15.65866 ], [ -48.20221, -15.65877 ] ] ] } },
{ "type": "Feature", "properties": { "cluster": 255.0, "hvi": 0.1137, "population": 2603, "setores": 6, "municipio": "Brasília" }, "geometry": { "type": "MultiPolygon", "coordinates": [ [ [ [ -48.19463, -15.65919 ], [ -48.19454, -15.65832 ], [ -48.19276, -15.66117 ], [ -48.19481, -15.66096 ], [ -48.19463, -15.65919 ] ] ], [ [ [ -48.19452, -15.65772 ], [ -48.19336, -15.65784 ], [ -48.19314, -15.65597 ], [ -48.19115, -15.65785 ], [ -48.19079, -15.65712 ], [ -48.18931, -15.65727 ], [ -48.18975, -15.66154 ], [ -48.19276, -15.66117 ], [ -48.19206, -15.65944 ], [ -48.19452, -15.65772 ] ] ], [ [ [ -48.19723, -15.65891 ], [ -48.19452, -15.65772 ], [ -48.19463, -15.65919 ], [ -48.19723, -15.65891 ] ] ], [ [ [ -48.19416, -15.65497 ], [ -48.19398, -15.65273 ], [ -48.19086, -15.65485 ], [ -48.19416, -15.65497 ] ] ] ] } },
{ "type": "Feature", "properties": { "cluster": 256.0, "hvi": 0.1152, "population": 2825, "setores": 6, "municipio": "Brasília" }, "geometry": { "type": "MultiPolygon", "coordinates": [ [ [ [ -48.19753, -15.65746 ], [ -48.19931, -15.65731 ], [ -48.19738, -15.65594 ], [ -48.19753, -15.65746 ] ] ], [ [ [ -48.19479, -15.65707 ], [ -48.19452, -15.65772 ], [ -48.19753, -15.65746 ], [ -48.19576, -15.65481 ], [ -48.19489, -15.65685 ], [ -48.19304, -15.65509 ], [ -48.19336, -15.65785 ], [ -48.19479, -15.65707 ] ] ], [ [ [ -48.19847, -15.65408 ], [ -48.19738, -15.65594 ], [ -48.19865, -15.65581 ], [ -48.19847, -15.65408 ] ] ], [ [ [ -48.19827, -15.65233 ], [ -48.19724, -15.6542 ], [ -48.19847, -15.65408 ], [ -48.19827, -15.65233 ] ] ] ] } },
{ "type": "Feature", "properties": { "cluster": 257.0, "hvi": 0.1101, "population": 2874, "setores": 8, "municipio": "Brasília" }, "geometry": { "type": "MultiPolygon", "coordinates": [ [ [ [ -48.16775, -15.73104 ], [ -48.16577, -15.72321 ], [ -48.14846, -15.71836 ], [ -48.14218, -15.72247 ], [ -48.13452, -15.72243 ], [ -48.11434, -15.71188 ], [ -48.1125, -15.71968 ], [ -48.0866, -15.72257 ], [ -48.08255, -15.73098 ], [ -48.07246, -15.73656 ], [ -48.09685, -15.73219 ], [ -48.09432, -15.72674 ], [ -48.09952, -15.72621 ], [ -48.09976, -15.73185 ], [ -48.10872, -15.73092 ], [ -48.09711, -15.73217 ], [ -48.10446, -15.73829 ], [ -48.10699, -15.74998 ], [ -48.12141, -15.74845 ], [ -48.12112, -15.74518 ], [ -48.12553, -15.74256 ], [ -48.12483, -15.73598 ], [ -48.12652, -15.7514 ], [ -48.13608, -15.75194 ], [ -48.14188, -15.74468 ], [ -48.15116, -15.74205 ], [ -48.16045, -15.74446 ], [ -48.16342, -15.74894 ], [ -48.16766, -15.7467 ], [ -48.1677, -15.74754 ], [ -48.17712, -15.74555 ], [ -48.17171, -15.74621 ], [ -48.16769, -15.74152 ], [ -48.16775, -15.73104 ] ], [ [ -48.16464, -15.73266 ], [ -48.16553, -15.73091 ], [ -48.16775, -15.73104 ], [ -48.16464, -15.73266 ] ], [ [ -48.1621, -15.73398 ], [ -48.16066, -15.73111 ], [ -48.1244, -15.72928 ], [ -48.12914, -15.72878 ], [ -48.16109, -15.73065 ], [ -48.16342, -15.7333 ], [ -48.1621, -15.73398 ] ], [ [ -48.12664, -15.73174 ], [ -48.12399, -15.7324 ], [ -48.12406, -15.72931 ], [ -48.12411, -15.72931 ], [ -48.12664, -15.73174 ] ], [ [ -48.12058, -15.74112 ], [ -48.12378, -15.74083 ], [ -48.12212, -15.74157 ], [ -48.12058, -15.74112 ] ] ], [ [ [ -48.19879, -15.71226 ], [ -48.16806, -15.70476 ], [ -48.16775, -15.73104 ], [ -48.19296, -15.72909 ], [ -48.19879, -15.71226 ] ] ] ] } },
{ "type": "Feature", "properties": { "cluster": 258.0, "hvi": 0.1249, "population": 1309, "setores": 2, "municipio": "Brasília" }, "geometry": { "type": "MultiPolygon", "coordinates": [ [ [ [ -48.17389, -15.74575 ], [ -48.16966, -15.7429 ], [ -48.16931, -15.74458 ], [ -48.17389, -15.74575 ] ] ], [ [ [ -48.17283, -15.74503 ], [ -48.17469, -15.74538 ], [ -48.17071, -15.7414 ], [ -48.16768, -15.74151 ], [ -48.17283, -15.74503 ] ] ] ] } },
{ "type": "Feature", "properties": { "cluster": 259.0, "hvi": 0.1324, "population": 769, "setores": 1, "municipio": "Brasília" }, "geometry": { "type": "Polygon", "coordinates": [ [ [ -48.12652, -15.7514 ], [ -48.12854, -15.76958 ], [ -48.13169, -15.7714 ], [ -48.13463, -15.76786 ], [ -48.15821, -15.76713 ], [ -48.15977, -15.76081 ], [ -48.16761, -15.75362 ], [ -48.16766, -15.7467 ], [ -48.16342, -15.74894 ], [ -48.16045, -15.74446 ], [ -48.15103, -15.74206 ], [ -48.14188, -15.74468 ], [ -48.13608, -15.75194 ], [ -48.12652, -15.7514 ] ] ] } },
{ "type": "Feature", "properties": { "cluster": 260.0, "hvi": 0.1089, "population": 2424, "setores": 19, "municipio": "Brasília" }, "geometry": { "type": "MultiPolygon", "coordinates": [ [ [ [ -48.19915, -15.62298 ], [ -48.19973, -15.62291 ], [ -48.19974, -15.61486 ], [ -48.19915, -15.62298 ] ] ], [ [ [ -48.19983, -15.60354 ], [ -48.19924, -15.60399 ], [ -48.19985, -15.59394 ], [ -48.20001, -15.50228 ], [ -48.14158, -15.50226 ], [ -48.03484, -15.50223 ], [ -48.03894, -15.525 ], [ -48.03503, -15.53152 ], [ -48.03175, -15.53151 ], [ -48.03929, -15.53926 ], [ -48.03494, -15.53534 ], [ -48.0317, -15.53557 ], [ -48.0323, -15.53973 ], [ -48.02823, -15.54197 ], [ -48.02503, -15.53493 ], [ -48.01854, -15.53538 ], [ -48.01933, -15.53038 ], [ -48.01525, -15.52925 ], [ -48.00774, -15.53328 ], [ -48.0125, -15.53829 ], [ -48.00509, -15.53713 ], [ -48.00482, -15.53976 ], [ -48.0337, -15.55754 ], [ -48.04322, -15.54884 ], [ -48.03365, -15.55811 ], [ -48.03659, -15.56269 ], [ -48.03423, -15.56107 ], [ -48.03498, -15.56522 ], [ -48.01709, -15.58244 ], [ -48.03455, -15.60017 ], [ -48.04249, -15.60984 ], [ -48.04471, -15.6066 ], [ -48.0513, -15.61268 ], [ -48.05886, -15.61174 ], [ -48.05888, -15.60869 ], [ -48.04652, -15.59775 ], [ -48.05467, -15.60302 ], [ -48.05592, -15.60007 ], [ -48.04531, -15.59138 ], [ -48.05386, -15.58983 ], [ -48.05308, -15.59527 ], [ -48.0628, -15.59902 ], [ -48.05847, -15.5931 ], [ -48.06384, -15.59005 ], [ -48.0583, -15.58636 ], [ -48.06965, -15.58237 ], [ -48.06038, -15.57283 ], [ -48.07184, -15.58097 ], [ -48.08452, -15.58331 ], [ -48.0878, -15.57966 ], [ -48.09694, -15.58416 ], [ -48.09851, -15.5939 ], [ -48.12362, -15.59742 ], [ -48.12146, -15.59467 ], [ -48.13029, -15.59835 ], [ -48.16356, -15.60396 ], [ -48.19849, -15.6164 ], [ -48.19857, -15.61514 ], [ -48.19974, -15.61486 ], [ -48.19983, -15.60354 ] ], [ [ -48.18636, -15.58535 ], [ -48.18631, -15.58453 ], [ -48.19985, -15.59394 ], [ -48.18636, -15.58535 ] ], [ [ -48.13909, -15.50566 ], [ -48.14452, -15.51007 ], [ -48.13894, -15.50726 ], [ -48.1345, -15.51153 ], [ -48.14158, -15.50226 ], [ -48.13909, -15.50566 ] ], [ [ -48.12611, -15.59381 ], [ -48.12743, -15.59338 ], [ -48.13029, -15.59835 ], [ -48.12611, -15.59381 ] ], [ [ -48.19859, -15.61467 ], [ -48.1989, -15.60968 ], [ -48.19976, -15.61217 ], [ -48.19859, -15.61467 ] ], [ [ -48.14386, -15.51881 ], [ -48.14305, -15.52459 ], [ -48.14284, -15.51802 ], [ -48.14386, -15.51881 ] ], [ [ -48.14602, -15.52049 ], [ -48.14761, -15.52969 ], [ -48.14461, -15.51939 ], [ -48.14602, -15.52049 ] ], [ [ -48.14638, -15.54957 ], [ -48.13952, -15.54261 ], [ -48.13958, -15.54259 ], [ -48.14638, -15.54957 ] ], [ [ -48.14592, -15.55689 ], [ -48.14587, -15.55684 ], [ -48.14638, -15.54957 ], [ -48.14592, -15.55689 ] ], [ [ -48.14974, -15.56034 ], [ -48.1492, -15.5602 ], [ -48.14656, -15.55753 ], [ -48.14974, -15.56034 ] ], [ [ -48.16353, -15.55728 ], [ -48.15529, -15.56169 ], [ -48.15341, -15.56123 ], [ -48.16353, -15.55728 ] ], [ [ -48.1673, -15.56809 ], [ -48.16166, -15.57018 ], [ -48.15953, -15.56943 ], [ -48.15987, -15.56891 ], [ -48.1673, -15.56809 ] ], [ [ -48.18236, -15.5877 ], [ -48.1782, -15.58591 ], [ -48.17666, -15.58321 ], [ -48.18236, -15.5877 ] ], [ [ -48.17383, -15.57632 ], [ -48.17371, -15.57803 ], [ -48.16799, -15.56801 ], [ -48.1681, -15.568 ], [ -48.17383, -15.57632 ] ], [ [ -48.18095, -15.53383 ], [ -48.17198, -15.53785 ], [ -48.19041, -15.5283 ], [ -48.18206, -15.53454 ], [ -48.18272, -15.5371 ], [ -48.18095, -15.53383 ] ], [ [ -48.19688, -15.54763 ], [ -48.19265, -15.53648 ], [ -48.19041, -15.5283 ], [ -48.19688, -15.54763 ] ], [ [ -48.19705, -15.56596 ], [ -48.19699, -15.56606 ], [ -48.19688, -15.54763 ], [ -48.19705, -15.56596 ] ], [ [ -48.19264, -15.57365 ], [ -48.1859, -15.57757 ], [ -48.19559, -15.5685 ], [ -48.19264, -15.57365 ] ], [ [ -48.14624, -15.51148 ], [ -48.15232, -15.52398 ], [ -48.14535, -15.51075 ], [ -48.14624, -15.51148 ] ], [ [ -48.03926, -15.56683 ], [ -48.04296, -15.5726 ], [ -48.03839, -15.56759 ], [ -48.03926, -15.56683 ] ], [ [ -48.04253, -15.54259 ], [ -48.04312, -15.54793 ], [ -48.04158, -15.54161 ], [ -48.04253, -15.54259 ] ], [ [ -48.04724, -15.55463 ], [ -48.04579, -15.555 ], [ -48.0476, -15.55361 ], [ -48.04724, -15.55463 ] ] ], [ [ [ -48.01709, -15.58244 ], [ -48.02466, -15.57321 ], [ -48.02407, -15.57322 ], [ -48.02395, -15.56577 ], [ -48.00795, -15.56602 ], [ -48.00811, -15.57345 ], [ -47.99792, -15.57359 ], [ -48.00372, -15.56328 ], [ -47.9917, -15.56051 ], [ -47.99092, -15.55593 ], [ -47.98577, -15.55324 ], [ -47.98633, -15.55787 ], [ -47.98264, -15.55694 ], [ -47.98245, -15.56141 ], [ -47.98791, -15.56601 ], [ -47.97833, -15.56288 ], [ -47.98218, -15.57034 ], [ -47.98226, -15.57257 ], [ -47.97911, -15.57126 ], [ -47.9814, -15.57663 ], [ -47.97383, -15.5727 ], [ -47.98788, -15.59058 ], [ -48.00587, -15.57818 ], [ -48.01709, -15.58244 ] ], [ [ -47.99414, -15.58033 ], [ -47.99686, -15.57547 ], [ -47.98901, -15.58973 ], [ -47.99414, -15.58033 ] ] ] ] } },
{ "type": "Feature", "properties": { "cluster": 261.0, "hvi": 0.1272, "population": 1956, "setores": 3, "municipio": "Brasília" }, "geometry": { "type": "MultiPolygon", "coordinates": [ [ [ [ -48.17242, -15.68359 ], [ -48.19179, -15.70229 ], [ -48.20116, -15.70464 ], [ -48.20312, -15.69777 ], [ -48.19002, -15.69268 ], [ -48.18235, -15.68167 ], [ -48.1758, -15.68253 ], [ -48.17097, -15.67455 ], [ -48.16596, -15.68524 ], [ -48.17242, -15.68359 ] ] ], [ [ [ -48.17436, -15.66724 ], [ -48.17347, -15.6672 ], [ -48.18682, -15.66696 ], [ -48.18601, -15.65986 ], [ -48.18954, -15.65945 ], [ -48.19282, -15.6528 ], [ -48.20217, -15.65203 ], [ -48.20174, -15.64813 ], [ -48.15078, -15.63006 ], [ -48.14322, -15.63414 ], [ -48.1413, -15.66779 ], [ -48.15046, -15.66762 ], [ -48.14744, -15.66809 ], [ -48.16456, -15.68805 ], [ -48.17436, -15.66724 ] ] ] ] } },
{ "type": "Feature", "properties": { "cluster": 262.0, "hvi": 0.127, "population": 1399, "setores": 2, "municipio": "Brasília" }, "geometry": { "type": "MultiPolygon", "coordinates": [ [ [ [ -48.19416, -15.65497 ], [ -48.19602, -15.65479 ], [ -48.19585, -15.65312 ], [ -48.19416, -15.65497 ] ] ], [ [ [ -48.19602, -15.65479 ], [ -48.19729, -15.65466 ], [ -48.19702, -15.65241 ], [ -48.19602, -15.65479 ] ] ] ] } },
{ "type": "Feature", "properties": { "cluster": 263.0, "hvi": 0.1276, "population": 2988, "setores": 5, "municipio": "Brasília" }, "geometry": { "type": "MultiPolygon", "coordinates": [ [ [ [ -48.19049, -15.66657 ], [ -48.19313, -15.66627 ], [ -48.19025, -15.66441 ], [ -48.19049, -15.66657 ] ] ], [ [ [ -48.19049, -15.66657 ], [ -48.19011, -15.66343 ], [ -48.18989, -15.66152 ], [ -48.18646, -15.66379 ], [ -48.18682, -15.66696 ], [ -48.19049, -15.66657 ] ] ], [ [ [ -48.19025, -15.66441 ], [ -48.19222, -15.6642 ], [ -48.18989, -15.66152 ], [ -48.19025, -15.66441 ] ] ], [ [ [ -48.18624, -15.66189 ], [ -48.18954, -15.65945 ], [ -48.18601, -15.65986 ], [ -48.18624, -15.66189 ] ] ] ] } },
{ "type": "Feature", "properties": { "cluster": 264.0, "hvi": 0.1161, "population": 2864, "setores": 6, "municipio": "Brasília" }, "geometry": { "type": "MultiPolygon", "coordinates": [ [ [ [ -48.22943, -15.69078 ], [ -48.24093, -15.69145 ], [ -48.24133, -15.68671 ], [ -48.23449, -15.66524 ], [ -48.23648, -15.65057 ], [ -48.22588, -15.6304 ], [ -48.21822, -15.62334 ], [ -48.19915, -15.62298 ], [ -48.20301, -15.6695 ], [ -48.20157, -15.66964 ], [ -48.2031, -15.67056 ], [ -48.20325, -15.67234 ], [ -48.2008, -15.67157 ], [ -48.20083, -15.67271 ], [ -48.20328, -15.6727 ], [ -48.20426, -15.68456 ], [ -48.20047, -15.6866 ], [ -48.20051, -15.69109 ], [ -48.20493, -15.69259 ], [ -48.21611, -15.71029 ], [ -48.22443, -15.70971 ], [ -48.22047, -15.70218 ], [ -48.21572, -15.69997 ], [ -48.21358, -15.70216 ], [ -48.21127, -15.68957 ], [ -48.2288, -15.69904 ], [ -48.22943, -15.69078 ] ] ], [ [ [ -48.20079, -15.67106 ], [ -48.19963, -15.67539 ], [ -48.20018, -15.67572 ], [ -48.20079, -15.67106 ] ] ] ] } },
{ "type": "Feature", "properties": { "cluster": 265.0, "hvi": 0.099, "population": 165, "setores": 1, "municipio": "Brasília" }, "geometry": { "type": "Polygon", "coordinates": [ [ [ -48.22443, -15.70971 ], [ -48.24058, -15.70636 ], [ -48.24093, -15.69145 ], [ -48.22943, -15.69078 ], [ -48.2288, -15.69904 ], [ -48.21219, -15.69026 ], [ -48.21358, -15.70216 ], [ -48.21572, -15.69997 ], [ -48.22047, -15.70218 ], [ -48.22443, -15.70971 ] ] ] } },
{ "type": "Feature", "properties": { "cluster": 266.0, "hvi": 0.1109, "population": 2112, "setores": 6, "municipio": "Brasília" }, "geometry": { "type": "Polygon", "coordinates": [ [ [ -48.09039, -15.67738 ], [ -48.0866, -15.72257 ], [ -48.1125, -15.71968 ], [ -48.11434, -15.71188 ], [ -48.13452, -15.72243 ], [ -48.14218, -15.72247 ], [ -48.14931, -15.71848 ], [ -48.14591, -15.70874 ], [ -48.16001, -15.69673 ], [ -48.13907, -15.67599 ], [ -48.12821, -15.68529 ], [ -48.12788, -15.69054 ], [ -48.13766, -15.69599 ], [ -48.12798, -15.70461 ], [ -48.13623, -15.69556 ], [ -48.11144, -15.68119 ], [ -48.10753, -15.67379 ], [ -48.11881, -15.66674 ], [ -48.1413, -15.66779 ], [ -48.14225, -15.65097 ], [ -48.09626, -15.64903 ], [ -48.09986, -15.63394 ], [ -48.07213, -15.61698 ], [ -48.06669, -15.62298 ], [ -48.07622, -15.63117 ], [ -48.08968, -15.67746 ], [ -48.09039, -15.67738 ] ], [ [ -48.13792, -15.69613 ], [ -48.14026, -15.69744 ], [ -48.14079, -15.69856 ], [ -48.13792, -15.69613 ] ], [ [ -48.10558, -15.69425 ], [ -48.10589, -15.69349 ], [ -48.10977, -15.69736 ], [ -48.10558, -15.69425 ] ], [ [ -48.10643, -15.70033 ], [ -48.10332, -15.69978 ], [ -48.10358, -15.69915 ], [ -48.10643, -15.70033 ] ] ] } },
{ "type": "Feature", "properties": { "cluster": 267.0, "hvi": 0.1201, "population": 2865, "setores": 7, "municipio": "Brasília" }, "geometry": { "type": "Polygon", "coordinates": [ [ [ -48.09694, -15.58416 ], [ -48.08651, -15.58077 ], [ -48.08452, -15.58331 ], [ -48.07184, -15.58097 ], [ -48.06038, -15.57283 ], [ -48.06965, -15.58237 ], [ -48.0583, -15.58636 ], [ -48.06384, -15.59005 ], [ -48.05847, -15.5931 ], [ -48.0623, -15.59833 ], [ -48.06066, -15.59958 ], [ -48.05276, -15.59492 ], [ -48.05324, -15.58977 ], [ -48.04532, -15.59198 ], [ -48.05688, -15.60239 ], [ -48.04634, -15.59865 ], [ -48.0596, -15.61107 ], [ -48.0513, -15.61268 ], [ -48.04471, -15.6066 ], [ -48.04249, -15.60984 ], [ -48.06669, -15.62298 ], [ -48.08415, -15.60321 ], [ -48.07213, -15.61698 ], [ -48.10007, -15.63415 ], [ -48.09626, -15.64903 ], [ -48.14225, -15.65097 ], [ -48.14322, -15.63412 ], [ -48.15078, -15.63006 ], [ -48.20174, -15.64813 ], [ -48.19849, -15.6164 ], [ -48.17111, -15.60638 ], [ -48.15082, -15.6012 ], [ -48.09851, -15.5939 ], [ -48.09694, -15.58416 ] ], [ [ -48.0904, -15.59643 ], [ -48.09115, -15.59562 ], [ -48.09851, -15.5939 ], [ -48.0904, -15.59643 ] ], [ [ -48.10917, -15.61722 ], [ -48.12397, -15.62744 ], [ -48.12092, -15.62743 ], [ -48.10917, -15.61722 ] ] ] } },
{ "type": "Feature", "properties": { "cluster": 268.0, "hvi": 0.1246, "population": 649, "setores": 1, "municipio": "Brasília" }, "geometry": { "type": "Polygon", "coordinates": [ [ [ -48.1703, -15.73972 ], [ -48.17602, -15.74525 ], [ -48.17712, -15.74555 ], [ -48.17321, -15.74087 ], [ -48.1703, -15.73972 ] ] ] } },
{ "type": "Feature", "properties": { "cluster": 269.0, "hvi": 0.1087, "population": 2691, "setores": 11, "municipio": "Brasília" }, "geometry": { "type": "MultiPolygon", "coordinates": [ [ [ [ -48.16771, -15.73719 ], [ -48.17057, -15.7416 ], [ -48.17139, -15.74047 ], [ -48.16771, -15.73719 ] ] ], [ [ [ -48.18877, -15.7477 ], [ -48.20911, -15.75139 ], [ -48.20804, -15.71793 ], [ -48.21611, -15.71029 ], [ -48.20492, -15.69259 ], [ -48.20099, -15.7046 ], [ -48.19179, -15.70229 ], [ -48.17242, -15.68359 ], [ -48.16457, -15.68805 ], [ -48.14741, -15.67112 ], [ -48.14744, -15.66809 ], [ -48.13305, -15.66737 ], [ -48.11881, -15.66674 ], [ -48.10707, -15.67292 ], [ -48.11144, -15.68119 ], [ -48.11931, -15.68507 ], [ -48.11995, -15.68309 ], [ -48.11966, -15.68453 ], [ -48.12783, -15.68979 ], [ -48.12821, -15.68529 ], [ -48.13907, -15.67599 ], [ -48.16001, -15.69673 ], [ -48.14564, -15.7092 ], [ -48.15002, -15.7195 ], [ -48.16577, -15.72321 ], [ -48.16784, -15.72649 ], [ -48.16806, -15.70476 ], [ -48.1985, -15.71219 ], [ -48.19296, -15.72909 ], [ -48.16775, -15.73104 ], [ -48.16771, -15.73719 ], [ -48.17712, -15.74555 ], [ -48.1677, -15.74754 ], [ -48.16772, -15.75362 ], [ -48.18007, -15.74592 ], [ -48.17444, -15.75275 ], [ -48.18877, -15.7477 ] ], [ [ -48.20066, -15.71084 ], [ -48.19986, -15.70955 ], [ -48.21611, -15.71029 ], [ -48.20066, -15.71084 ] ], [ [ -48.12049, -15.68142 ], [ -48.12088, -15.68022 ], [ -48.13305, -15.66737 ], [ -48.12049, -15.68142 ] ], [ [ -48.17576, -15.737 ], [ -48.18115, -15.74462 ], [ -48.18076, -15.7451 ], [ -48.17576, -15.737 ] ], [ [ -48.19106, -15.74222 ], [ -48.18788, -15.74154 ], [ -48.18785, -15.74151 ], [ -48.19106, -15.74222 ] ], [ [ -48.20519, -15.7384 ], [ -48.20242, -15.74465 ], [ -48.20239, -15.74464 ], [ -48.20519, -15.7384 ] ], [ [ -48.20375, -15.71644 ], [ -48.20128, -15.72383 ], [ -48.20358, -15.71621 ], [ -48.20375, -15.71644 ] ], [ [ -48.20363, -15.73832 ], [ -48.20354, -15.73841 ], [ -48.20128, -15.72383 ], [ -48.20363, -15.73832 ] ], [ [ -48.18872, -15.74037 ], [ -48.17973, -15.73138 ], [ -48.19036, -15.74058 ], [ -48.18872, -15.74037 ] ] ], [ [ [ -48.17057, -15.7416 ], [ -48.1677, -15.73884 ], [ -48.1701, -15.7423 ], [ -48.17057, -15.7416 ] ] ] ] } },
{ "type": "Feature", "properties": { "cluster": 270.0, "hvi": 0.1039, "population": 1969, "setores": 8, "municipio": "Brasília" }, "geometry": { "type": "MultiPolygon", "coordinates": [ [ [ [ -48.18718, -15.68483 ], [ -48.17436, -15.66724 ], [ -48.17097, -15.67455 ], [ -48.17441, -15.68131 ], [ -48.18235, -15.68167 ], [ -48.19002, -15.69268 ], [ -48.20325, -15.69805 ], [ -48.20492, -15.69259 ], [ -48.19064, -15.68957 ], [ -48.18907, -15.68742 ], [ -48.19024, -15.68397 ], [ -48.18685, -15.68029 ], [ -48.18555, -15.68178 ], [ -48.18718, -15.68483 ] ] ], [ [ [ -48.18706, -15.67544 ], [ -48.18511, -15.67456 ], [ -48.19125, -15.6762 ], [ -48.19165, -15.67029 ], [ -48.19188, -15.6664 ], [ -48.17499, -15.66726 ], [ -48.18545, -15.6812 ], [ -48.18706, -15.67544 ] ], [ [ -48.18708, -15.66986 ], [ -48.18321, -15.6737 ], [ -48.18175, -15.67304 ], [ -48.18708, -15.66986 ] ] ], [ [ [ -48.1927, -15.67231 ], [ -48.19282, -15.67036 ], [ -48.19165, -15.67029 ], [ -48.1927, -15.67231 ] ] ], [ [ [ -48.18712, -15.67655 ], [ -48.18744, -15.67809 ], [ -48.18831, -15.67546 ], [ -48.18712, -15.67655 ] ] ], [ [ [ -48.19578, -15.6725 ], [ -48.19597, -15.67199 ], [ -48.19282, -15.67036 ], [ -48.19578, -15.6725 ] ] ] ] } },
{ "type": "Feature", "properties": { "cluster": 271.0, "hvi": 0.1181, "population": 2384, "setores": 5, "municipio": "Brasília" }, "geometry": { "type": "MultiPolygon", "coordinates": [ [ [ [ -47.79302, -15.64384 ], [ -47.7921, -15.63943 ], [ -47.78767, -15.64 ], [ -47.78829, -15.64364 ], [ -47.79302, -15.64384 ] ] ], [ [ [ -47.79687, -15.64196 ], [ -47.7963, -15.63915 ], [ -47.7921, -15.63943 ], [ -47.7928, -15.64278 ], [ -47.79687, -15.64196 ] ] ], [ [ [ -47.80135, -15.64108 ], [ -47.8009, -15.63745 ], [ -47.7963, -15.63915 ], [ -47.79732, -15.64413 ], [ -47.80135, -15.64108 ] ] ], [ [ [ -47.80557, -15.63654 ], [ -47.8009, -15.63745 ], [ -47.80458, -15.64218 ], [ -47.80619, -15.64184 ], [ -47.80557, -15.63654 ] ] ], [ [ [ -47.80869, -15.63655 ], [ -47.80557, -15.63654 ], [ -47.80789, -15.64205 ], [ -47.81003, -15.64161 ], [ -47.80869, -15.63655 ] ] ] ] } },
{ "type": "Feature", "properties": { "cluster": 272.0, "hvi": 0.1164, "population": 2723, "setores": 6, "municipio": "Brasília" }, "geometry": { "type": "MultiPolygon", "coordinates": [ [ [ [ -47.79963, -15.64775 ], [ -47.80056, -15.64351 ], [ -47.80575, -15.64247 ], [ -47.80377, -15.6382 ], [ -47.80142, -15.63869 ], [ -47.79784, -15.64178 ], [ -47.79829, -15.64395 ], [ -47.7999, -15.64364 ], [ -47.79963, -15.64775 ] ] ], [ [ [ -47.80236, -15.64315 ], [ -47.80144, -15.64792 ], [ -47.80329, -15.64756 ], [ -47.80236, -15.64315 ] ] ], [ [ [ -47.808, -15.64255 ], [ -47.80575, -15.64247 ], [ -47.80669, -15.6469 ], [ -47.80777, -15.64668 ], [ -47.808, -15.64255 ] ] ], [ [ [ -47.80789, -15.64205 ], [ -47.80536, -15.63789 ], [ -47.80575, -15.64247 ], [ -47.80789, -15.64205 ] ] ] ] } },
{ "type": "Feature", "properties": { "cluster": 273.0, "hvi": 0.1204, "population": 2681, "setores": 5, "municipio": "Brasília" }, "geometry": { "type": "MultiPolygon", "coordinates": [ [ [ [ -47.80991, -15.65951 ], [ -47.80964, -15.65554 ], [ -47.80901, -15.6597 ], [ -47.80991, -15.65951 ] ] ], [ [ [ -47.80855, -15.65575 ], [ -47.81737, -15.65368 ], [ -47.81571, -15.64943 ], [ -47.81226, -15.64343 ], [ -47.80983, -15.65089 ], [ -47.80886, -15.64645 ], [ -47.8076, -15.65133 ], [ -47.80872, -15.65111 ], [ -47.80814, -15.65123 ], [ -47.80855, -15.65575 ] ], [ [ -47.81107, -15.65063 ], [ -47.80995, -15.65086 ], [ -47.81571, -15.64943 ], [ -47.81107, -15.65063 ] ] ] ] } },
{ "type": "Feature", "properties": { "cluster": 274.0, "hvi": 0.1149, "population": 2583, "setores": 6, "municipio": "Brasília" }, "geometry": { "type": "MultiPolygon", "coordinates": [ [ [ [ -47.80518, -15.65641 ], [ -47.80771, -15.65996 ], [ -47.80782, -15.66154 ], [ -47.80878, -15.662 ], [ -47.80991, -15.65951 ], [ -47.80744, -15.65598 ], [ -47.80766, -15.6592 ], [ -47.80518, -15.65641 ] ] ], [ [ [ -47.80518, -15.65641 ], [ -47.80898, -15.6551 ], [ -47.80652, -15.65154 ], [ -47.80546, -15.65175 ], [ -47.80805, -15.65071 ], [ -47.80777, -15.64668 ], [ -47.80558, -15.64711 ], [ -47.80541, -15.65176 ], [ -47.80423, -15.65199 ], [ -47.80518, -15.65641 ] ] ], [ [ [ -47.81136, -15.64596 ], [ -47.81003, -15.64161 ], [ -47.80685, -15.64226 ], [ -47.80777, -15.64668 ], [ -47.81136, -15.64596 ] ] ] ] } },
{ "type": "Feature", "properties": { "cluster": 275.0, "hvi": 0.1164, "population": 912, "setores": 2, "municipio": "Brasília" }, "geometry": { "type": "MultiPolygon", "coordinates": [ [ [ [ -47.80329, -15.64756 ], [ -47.8045, -15.64733 ], [ -47.80465, -15.64268 ], [ -47.80236, -15.64315 ], [ -47.80329, -15.64756 ] ] ], [ [ [ -47.8045, -15.64733 ], [ -47.80669, -15.6469 ], [ -47.80642, -15.64285 ], [ -47.8045, -15.64733 ] ] ] ] } },
{ "type": "Feature", "properties": { "cluster": 276.0, "hvi": 0.1226, "population": 2855, "setores": 5, "municipio": "Brasília" }, "geometry": { "type": "MultiPolygon", "coordinates": [ [ [ [ -47.80067, -15.66239 ], [ -47.80236, -15.65878 ], [ -47.79878, -15.65661 ], [ -47.79854, -15.66143 ], [ -47.80067, -15.66239 ] ] ], [ [ [ -47.80013, -15.6572 ], [ -47.80518, -15.65641 ], [ -47.80423, -15.65199 ], [ -47.80644, -15.65101 ], [ -47.80329, -15.64756 ], [ -47.80103, -15.64802 ], [ -47.80194, -15.65244 ], [ -47.80013, -15.6572 ] ] ] ] } },
{ "type": "Feature", "properties": { "cluster": 277.0, "hvi": 0.1138, "population": 2780, "setores": 7, "municipio": "Brasília" }, "geometry": { "type": "MultiPolygon", "coordinates": [ [ [ [ -47.80909, -15.66631 ], [ -47.81033, -15.66271 ], [ -47.80397, -15.65976 ], [ -47.80476, -15.66426 ], [ -47.80909, -15.66631 ] ] ], [ [ [ -47.80236, -15.65878 ], [ -47.80269, -15.66332 ], [ -47.80303, -15.6604 ], [ -47.80393, -15.66082 ], [ -47.80334, -15.65678 ], [ -47.80304, -15.65825 ], [ -47.80274, -15.6569 ], [ -47.8003, -15.65784 ], [ -47.80298, -15.65857 ], [ -47.80236, -15.65878 ] ] ], [ [ [ -47.80563, -15.65861 ], [ -47.80397, -15.65976 ], [ -47.80579, -15.65942 ], [ -47.80563, -15.65861 ] ] ], [ [ [ -47.8068, -15.65662 ], [ -47.80597, -15.66026 ], [ -47.80782, -15.66154 ], [ -47.8068, -15.65662 ] ] ], [ [ [ -47.80563, -15.65861 ], [ -47.80334, -15.65678 ], [ -47.80381, -15.65899 ], [ -47.80563, -15.65861 ] ] ] ] } },
{ "type": "Feature", "properties": { "cluster": 278.0, "hvi": 0.1155, "population": 2830, "setores": 8, "municipio": "Brasília" }, "geometry": { "type": "MultiPolygon", "coordinates": [ [ [ [ -47.79644, -15.64891 ], [ -47.79731, -15.65281 ], [ -47.79891, -15.6525 ], [ -47.79644, -15.64891 ] ] ], [ [ [ -47.78698, -15.64623 ], [ -47.78275, -15.64483 ], [ -47.78525, -15.64763 ], [ -47.7842, -15.64971 ], [ -47.78698, -15.64623 ] ] ], [ [ [ -47.78419, -15.64971 ], [ -47.78225, -15.64879 ], [ -47.78483, -15.65054 ], [ -47.7842, -15.64971 ], [ -47.78419, -15.64971 ] ] ], [ [ [ -47.79419, -15.64935 ], [ -47.79325, -15.64495 ], [ -47.79032, -15.64552 ], [ -47.78505, -15.65011 ], [ -47.79419, -15.64935 ] ] ], [ [ [ -47.80144, -15.64792 ], [ -47.7999, -15.64363 ], [ -47.79552, -15.64449 ], [ -47.79644, -15.64891 ], [ -47.80144, -15.64792 ] ] ], [ [ [ -47.79325, -15.64495 ], [ -47.79552, -15.64449 ], [ -47.79732, -15.64413 ], [ -47.79687, -15.64196 ], [ -47.79325, -15.64495 ] ] ] ] } },
{ "type": "Feature", "properties": { "cluster": 279.0, "hvi": 0.1134, "population": 2801, "setores": 7, "municipio": "Brasília" }, "geometry": { "type": "MultiPolygon", "coordinates": [ [ [ [ -47.79929, -15.65992 ], [ -47.79878, -15.65661 ], [ -47.79537, -15.65746 ], [ -47.79561, -15.65698 ], [ -47.79329, -15.65555 ], [ -47.79183, -15.65838 ], [ -47.79854, -15.66143 ], [ -47.79929, -15.65992 ] ] ], [ [ [ -47.79994, -15.65633 ], [ -47.80113, -15.65669 ], [ -47.80029, -15.65277 ], [ -47.79974, -15.65288 ], [ -47.80194, -15.65244 ], [ -47.80103, -15.64802 ], [ -47.7981, -15.64858 ], [ -47.79847, -15.65312 ], [ -47.79511, -15.65378 ], [ -47.79513, -15.65488 ], [ -47.79903, -15.65606 ], [ -47.79878, -15.65661 ], [ -47.80013, -15.6572 ], [ -47.79994, -15.65633 ] ] ], [ [ [ -47.79392, -15.65433 ], [ -47.79561, -15.65698 ], [ -47.79634, -15.65546 ], [ -47.79392, -15.65433 ] ] ] ] } },
{ "type": "Feature", "properties": { "cluster": 280.0, "hvi": 0.1255, "population": 1841, "setores": 3, "municipio": "Brasília" }, "geometry": { "type": "MultiPolygon", "coordinates": [ [ [ [ -47.79014, -15.65761 ], [ -47.79183, -15.65838 ], [ -47.79392, -15.65433 ], [ -47.79014, -15.65761 ] ] ], [ [ [ -47.79513, -15.65488 ], [ -47.79419, -15.64935 ], [ -47.79214, -15.65348 ], [ -47.79513, -15.65488 ] ] ], [ [ [ -47.79847, -15.65313 ], [ -47.79644, -15.64891 ], [ -47.79419, -15.64935 ], [ -47.79511, -15.65378 ], [ -47.79847, -15.65313 ] ] ] ] } },
{ "type": "Feature", "properties": { "cluster": 281.0, "hvi": 0.1193, "population": 2568, "setores": 5, "municipio": "Brasília" }, "geometry": { "type": "MultiPolygon", "coordinates": [ [ [ [ -47.78419, -15.64971 ], [ -47.78525, -15.64763 ], [ -47.78236, -15.64466 ], [ -47.78065, -15.64804 ], [ -47.78419, -15.64971 ] ] ], [ [ [ -47.79644, -15.64891 ], [ -47.79552, -15.64449 ], [ -47.79325, -15.64495 ], [ -47.79419, -15.64935 ], [ -47.79644, -15.64891 ] ] ], [ [ [ -47.79325, -15.64495 ], [ -47.79219, -15.64288 ], [ -47.78702, -15.64615 ], [ -47.79325, -15.64495 ] ] ], [ [ [ -47.78692, -15.64478 ], [ -47.78754, -15.64516 ], [ -47.78767, -15.64 ], [ -47.78353, -15.64235 ], [ -47.78236, -15.64466 ], [ -47.78698, -15.64623 ], [ -47.78692, -15.64478 ] ] ] ] } },
{ "type": "Feature", "properties": { "cluster": 282.0, "hvi": 0.1148, "population": 2550, "setores": 6, "municipio": "Brasília" }, "geometry": { "type": "MultiPolygon", "coordinates": [ [ [ [ -47.78148, -15.65033 ], [ -47.77729, -15.64847 ], [ -47.78114, -15.65105 ], [ -47.78148, -15.65033 ] ] ], [ [ [ -47.78065, -15.64803 ], [ -47.78193, -15.64553 ], [ -47.77837, -15.64387 ], [ -47.78148, -15.65033 ], [ -47.78225, -15.64879 ], [ -47.78065, -15.64803 ] ] ], [ [ [ -47.77729, -15.64847 ], [ -47.77156, -15.64583 ], [ -47.77253, -15.64946 ], [ -47.776, -15.65108 ], [ -47.77729, -15.64847 ] ] ], [ [ [ -47.77985, -15.64766 ], [ -47.77753, -15.64657 ], [ -47.77908, -15.6492 ], [ -47.77985, -15.64766 ] ] ] ] } },
{ "type": "Feature", "properties": { "cluster": 283.0, "hvi": 0.1229, "population": 2817, "setores": 5, "municipio": "Brasília" }, "geometry": { "type": "Polygon", "coordinates": [ [ [ -47.77662, -15.64614 ], [ -47.77857, -15.64242 ], [ -47.77837, -15.64387 ], [ -47.78236, -15.64466 ], [ -47.78487, -15.63965 ], [ -47.77867, -15.64224 ], [ -47.77992, -15.63972 ], [ -47.77524, -15.63888 ], [ -47.77387, -15.64173 ], [ -47.7763, -15.64287 ], [ -47.77274, -15.64429 ], [ -47.77662, -15.64614 ] ], [ [ -47.77863, -15.6423 ], [ -47.78012, -15.64278 ], [ -47.78236, -15.64466 ], [ -47.77863, -15.6423 ] ] ] } },
{ "type": "Feature", "properties": { "cluster": 284.0, "hvi": 0.1248, "population": 1883, "setores": 3, "municipio": "Brasília" }, "geometry": { "type": "MultiPolygon", "coordinates": [ [ [ [ -47.77156, -15.64583 ], [ -47.77672, -15.64819 ], [ -47.77753, -15.64657 ], [ -47.77156, -15.64583 ] ] ], [ [ [ -47.77214, -15.64462 ], [ -47.76833, -15.64277 ], [ -47.76871, -15.64419 ], [ -47.76743, -15.64477 ], [ -47.77029, -15.64841 ], [ -47.77214, -15.64462 ] ] ] ] } },
{ "type": "Feature", "properties": { "cluster": 285.0, "hvi": 0.1132, "population": 2738, "setores": 7, "municipio": "Brasília" }, "geometry": { "type": "MultiPolygon", "coordinates": [ [ [ [ -47.79017, -15.65755 ], [ -47.79214, -15.65349 ], [ -47.79214, -15.65348 ], [ -47.78989, -15.65242 ], [ -47.78791, -15.65147 ], [ -47.78505, -15.65011 ], [ -47.78204, -15.64921 ], [ -47.77608, -15.65105 ], [ -47.77029, -15.64841 ], [ -47.76816, -15.65223 ], [ -47.79653, -15.66462 ], [ -47.79817, -15.66127 ], [ -47.79017, -15.65755 ] ], [ [ -47.79014, -15.65753 ], [ -47.7878, -15.65645 ], [ -47.78999, -15.65583 ], [ -47.79014, -15.65753 ] ] ], [ [ [ -47.79246, -15.64969 ], [ -47.78838, -15.65034 ], [ -47.78791, -15.65147 ], [ -47.79214, -15.65348 ], [ -47.79246, -15.64969 ] ] ] ] } },
{ "type": "Feature", "properties": { "cluster": 286.0, "hvi": 0.1373, "population": 2696, "setores": 3, "municipio": "Brasília" }, "geometry": { "type": "MultiPolygon", "coordinates": [ [ [ [ -47.80918, -15.65616 ], [ -47.80899, -15.66532 ], [ -47.81228, -15.66297 ], [ -47.81745, -15.65376 ], [ -47.80918, -15.65616 ] ] ], [ [ [ -47.8195, -15.65001 ], [ -47.81827, -15.64813 ], [ -47.81825, -15.64965 ], [ -47.81639, -15.64911 ], [ -47.81647, -15.65257 ], [ -47.82855, -15.65339 ], [ -47.83375, -15.65828 ], [ -47.83655, -15.65498 ], [ -47.84008, -15.65658 ], [ -47.8426, -15.6526 ], [ -47.83085, -15.6464 ], [ -47.82702, -15.6522 ], [ -47.8195, -15.65001 ] ] ] ] } },
{ "type": "Feature", "properties": { "cluster": 287.0, "hvi": 0.1163, "population": 2281, "setores": 5, "municipio": "Brasília" }, "geometry": { "type": "MultiPolygon", "coordinates": [ [ [ [ -47.82264, -15.68906 ], [ -47.82138, -15.68843 ], [ -47.81551, -15.69464 ], [ -47.82264, -15.68906 ] ] ], [ [ [ -47.82138, -15.68843 ], [ -47.82073, -15.68814 ], [ -47.81459, -15.69466 ], [ -47.82138, -15.68843 ] ] ], [ [ [ -47.83055, -15.68766 ], [ -47.82924, -15.68529 ], [ -47.82476, -15.68146 ], [ -47.82293, -15.68666 ], [ -47.8229, -15.68931 ], [ -47.83055, -15.68766 ] ] ], [ [ [ -47.81939, -15.68598 ], [ -47.81831, -15.68709 ], [ -47.8218, -15.68848 ], [ -47.81939, -15.68598 ] ] ] ] } },
{ "type": "Feature", "properties": { "cluster": 288.0, "hvi": 0.1349, "population": 2392, "setores": 3, "municipio": "Brasília" }, "geometry": { "type": "MultiPolygon", "coordinates": [ [ [ [ -47.82459, -15.69093 ], [ -47.83158, -15.6894 ], [ -47.83055, -15.68766 ], [ -47.8229, -15.68931 ], [ -47.82459, -15.69093 ] ] ], [ [ [ -47.83629, -15.68807 ], [ -47.83418, -15.68381 ], [ -47.83017, -15.68429 ], [ -47.83214, -15.69037 ], [ -47.83629, -15.68807 ] ] ], [ [ [ -47.83686, -15.68268 ], [ -47.833, -15.68141 ], [ -47.83629, -15.68807 ], [ -47.83686, -15.68268 ] ] ] ] } },
{ "type": "Feature", "properties": { "cluster": 289.0, "hvi": 0.1406, "population": 931, "setores": 1, "municipio": "Brasília" }, "geometry": { "type": "Polygon", "coordinates": [ [ [ -47.81372, -15.69363 ], [ -47.82073, -15.68814 ], [ -47.81668, -15.6867 ], [ -47.81372, -15.69363 ] ] ] } },
{ "type": "Feature", "properties": { "cluster": 290.0, "hvi": 0.1266, "population": 1959, "setores": 3, "municipio": "Brasília" }, "geometry": { "type": "MultiPolygon", "coordinates": [ [ [ [ -47.81551, -15.69464 ], [ -47.8265, -15.69278 ], [ -47.82264, -15.68906 ], [ -47.81551, -15.69464 ] ] ], [ [ [ -47.83214, -15.69037 ], [ -47.83158, -15.6894 ], [ -47.82459, -15.69093 ], [ -47.8265, -15.69278 ], [ -47.83214, -15.69037 ] ] ] ] } },
{ "type": "Feature", "properties": { "cluster": 291.0, "hvi": 0.1162, "population": 2893, "setores": 6, "municipio": "Brasília" }, "geometry": { "type": "MultiPolygon", "coordinates": [ [ [ [ -47.75983, -15.65591 ], [ -47.75688, -15.65389 ], [ -47.75925, -15.6567 ], [ -47.75983, -15.65591 ] ] ], [ [ [ -47.75694, -15.65179 ], [ -47.75711, -15.65403 ], [ -47.75835, -15.65277 ], [ -47.75694, -15.65179 ] ] ], [ [ [ -47.75777, -15.65014 ], [ -47.75902, -15.65309 ], [ -47.75975, -15.65226 ], [ -47.75777, -15.65014 ] ] ], [ [ [ -47.75694, -15.65179 ], [ -47.75442, -15.65069 ], [ -47.75587, -15.65102 ], [ -47.75568, -15.64865 ], [ -47.75471, -15.64805 ], [ -47.75353, -15.6503 ], [ -47.7526, -15.6499 ], [ -47.75562, -15.65307 ], [ -47.75694, -15.65179 ] ] ], [ [ [ -47.75718, -15.64871 ], [ -47.75609, -15.65118 ], [ -47.75788, -15.65003 ], [ -47.75718, -15.64871 ] ] ] ] } },
{ "type": "Feature", "properties": { "cluster": 292.0, "hvi": 0.1204, "population": 2725, "setores": 6, "municipio": "Brasília" }, "geometry": { "type": "Polygon", "coordinates": [ [ [ -47.76459, -15.65266 ], [ -47.76414, -15.65157 ], [ -47.76518, -15.65011 ], [ -47.76224, -15.64944 ], [ -47.76314, -15.64843 ], [ -47.76466, -15.64924 ], [ -47.76612, -15.64652 ], [ -47.76446, -15.64694 ], [ -47.76521, -15.64609 ], [ -47.76652, -15.64669 ], [ -47.76833, -15.64277 ], [ -47.77274, -15.64429 ], [ -47.77524, -15.63888 ], [ -47.76308, -15.64108 ], [ -47.7616, -15.6444 ], [ -47.76521, -15.64608 ], [ -47.75906, -15.64788 ], [ -47.7612, -15.64786 ], [ -47.76098, -15.64851 ], [ -47.75736, -15.64904 ], [ -47.75853, -15.65086 ], [ -47.7609, -15.64876 ], [ -47.75975, -15.65226 ], [ -47.7622, -15.64949 ], [ -47.76336, -15.65073 ], [ -47.76265, -15.6535 ], [ -47.76459, -15.65266 ] ] ] } },
{ "type": "Feature", "properties": { "cluster": 293.0, "hvi": 0.126, "population": 2924, "setores": 5, "municipio": "Brasília" }, "geometry": { "type": "MultiPolygon", "coordinates": [ [ [ [ -47.75675, -15.6993 ], [ -47.7523, -15.70339 ], [ -47.75518, -15.70611 ], [ -47.75968, -15.70156 ], [ -47.75675, -15.6993 ] ] ], [ [ [ -47.76971, -15.67692 ], [ -47.76476, -15.68145 ], [ -47.76726, -15.68352 ], [ -47.77156, -15.6787 ], [ -47.77523, -15.68224 ], [ -47.75867, -15.7035 ], [ -47.7619, -15.71325 ], [ -47.78483, -15.69433 ], [ -47.79834, -15.67326 ], [ -47.80644, -15.66617 ], [ -47.80172, -15.66701 ], [ -47.76988, -15.65246 ], [ -47.75888, -15.65726 ], [ -47.75899, -15.66657 ], [ -47.76971, -15.67692 ] ] ], [ [ [ -47.76265, -15.6535 ], [ -47.76143, -15.65029 ], [ -47.75711, -15.65403 ], [ -47.75983, -15.65591 ], [ -47.76265, -15.6535 ] ] ], [ [ [ -47.77029, -15.64841 ], [ -47.76612, -15.64652 ], [ -47.76446, -15.64962 ], [ -47.76459, -15.65266 ], [ -47.77029, -15.64841 ] ] ] ] } },
{ "type": "Feature", "properties": { "cluster": 294.0, "hvi": 0.1317, "population": 2353, "setores": 3, "municipio": "Brasília" }, "geometry": { "type": "MultiPolygon", "coordinates": [ [ [ [ -47.7995, -15.66602 ], [ -47.80018, -15.66452 ], [ -47.80172, -15.66701 ], [ -47.80476, -15.66426 ], [ -47.79817, -15.66127 ], [ -47.80005, -15.66431 ], [ -47.79716, -15.66334 ], [ -47.7995, -15.66602 ] ] ], [ [ [ -47.80476, -15.66426 ], [ -47.80622, -15.66143 ], [ -47.80269, -15.66332 ], [ -47.80476, -15.66426 ] ] ] ] } },
{ "type": "Feature", "properties": { "cluster": 295.0, "hvi": 0.1063, "population": 2961, "setores": 11, "municipio": "Brasília" }, "geometry": { "type": "MultiPolygon", "coordinates": [ [ [ [ -47.83158, -15.68167 ], [ -47.83247, -15.68096 ], [ -47.81526, -15.66994 ], [ -47.81652, -15.67068 ], [ -47.82081, -15.66497 ], [ -47.8349, -15.66007 ], [ -47.82855, -15.65339 ], [ -47.81745, -15.65376 ], [ -47.80929, -15.66643 ], [ -47.80476, -15.66426 ], [ -47.80373, -15.66629 ], [ -47.80542, -15.6675 ], [ -47.79834, -15.67326 ], [ -47.78483, -15.69433 ], [ -47.76186, -15.71332 ], [ -47.75105, -15.72036 ], [ -47.76884, -15.73048 ], [ -47.77381, -15.72396 ], [ -47.77328, -15.72349 ], [ -47.78136, -15.72395 ], [ -47.80906, -15.69651 ], [ -47.81398, -15.69465 ], [ -47.81708, -15.68608 ], [ -47.82286, -15.68867 ], [ -47.8221, -15.68367 ], [ -47.82476, -15.68146 ], [ -47.81344, -15.67547 ], [ -47.80856, -15.66973 ], [ -47.82864, -15.68404 ], [ -47.83025, -15.68274 ], [ -47.83017, -15.68429 ], [ -47.83418, -15.68381 ], [ -47.833, -15.68141 ], [ -47.83158, -15.68167 ] ] ], [ [ [ -47.83664, -15.68226 ], [ -47.833, -15.68141 ], [ -47.83686, -15.68268 ], [ -47.83664, -15.68226 ] ] ], [ [ [ -47.83247, -15.68096 ], [ -47.83664, -15.68226 ], [ -47.83593, -15.68113 ], [ -47.83247, -15.68096 ] ] ], [ [ [ -47.8349, -15.66007 ], [ -47.8338, -15.6621 ], [ -47.8372, -15.6613 ], [ -47.8351, -15.65776 ], [ -47.8349, -15.66007 ] ] ], [ [ [ -47.75016, -15.72173 ], [ -47.75632, -15.72681 ], [ -47.76139, -15.73906 ], [ -47.76884, -15.73048 ], [ -47.75016, -15.72173 ] ] ] ] } },
{ "type": "Feature", "properties": { "cluster": 296.0, "hvi": 0.1378, "population": 2691, "setores": 4, "municipio": "Brasília" }, "geometry": { "type": "MultiPolygon", "coordinates": [ [ [ [ -47.75888, -15.65726 ], [ -47.75812, -15.65899 ], [ -47.75781, -15.66119 ], [ -47.75934, -15.65759 ], [ -47.75888, -15.65726 ] ] ], [ [ [ -47.75867, -15.65764 ], [ -47.75639, -15.65466 ], [ -47.755, -15.65573 ], [ -47.75688, -15.65389 ], [ -47.75362, -15.65203 ], [ -47.75495, -15.6557 ], [ -47.75238, -15.65437 ], [ -47.74987, -15.65911 ], [ -47.7547, -15.663 ], [ -47.75867, -15.65764 ] ] ] ] } },
{ "type": "Feature", "properties": { "cluster": 297.0, "hvi": 0.1419, "population": 1448, "setores": 5, "municipio": "Brasília" }, "geometry": { "type": "MultiPolygon", "coordinates": [ [ [ [ -47.74855, -15.71316 ], [ -47.74782, -15.71106 ], [ -47.74266, -15.7117 ], [ -47.74392, -15.71417 ], [ -47.74855, -15.71316 ] ] ], [ [ [ -47.74816, -15.71078 ], [ -47.74814, -15.70922 ], [ -47.74107, -15.70813 ], [ -47.74266, -15.7117 ], [ -47.74816, -15.71078 ] ] ], [ [ [ -47.74908, -15.70605 ], [ -47.74989, -15.70501 ], [ -47.74797, -15.7035 ], [ -47.75518, -15.70611 ], [ -47.75282, -15.70266 ], [ -47.76288, -15.69782 ], [ -47.75374, -15.69387 ], [ -47.73917, -15.70649 ], [ -47.74953, -15.7071 ], [ -47.75127, -15.70517 ], [ -47.74908, -15.70605 ] ] ] ] } },
{ "type": "Feature", "properties": { "cluster": 298.0, "hvi": 0.1128, "population": 391, "setores": 1, "municipio": "Brasília" }, "geometry": { "type": "Polygon", "coordinates": [ [ [ -47.76451, -15.62199 ], [ -47.76774, -15.6236 ], [ -47.7693, -15.62043 ], [ -47.76717, -15.61971 ], [ -47.76451, -15.62199 ] ] ] } },
{ "type": "Feature", "properties": { "cluster": 299.0, "hvi": 0.1154, "population": 2611, "setores": 6, "municipio": "Brasília" }, "geometry": { "type": "MultiPolygon", "coordinates": [ [ [ [ -47.76421, -15.63071 ], [ -47.76754, -15.63517 ], [ -47.774, -15.62497 ], [ -47.76838, -15.62232 ], [ -47.76774, -15.6236 ], [ -47.76451, -15.62199 ], [ -47.7622, -15.62469 ], [ -47.75801, -15.63387 ], [ -47.76214, -15.63522 ], [ -47.76421, -15.63071 ] ] ], [ [ [ -47.774, -15.62497 ], [ -47.77557, -15.62242 ], [ -47.7693, -15.62043 ], [ -47.774, -15.62497 ] ] ] ] } },
{ "type": "Feature", "properties": { "cluster": 300.0, "hvi": 0.0951, "population": 41, "setores": 1, "municipio": "Brasília" }, "geometry": { "type": "Polygon", "coordinates": [ [ [ -47.81621, -15.61445 ], [ -47.81197, -15.60678 ], [ -47.80518, -15.61031 ], [ -47.80877, -15.61685 ], [ -47.81621, -15.61445 ] ] ] } },
{ "type": "Feature", "properties": { "cluster": 301.0, "hvi": 0.1157, "population": 2615, "setores": 6, "municipio": "Brasília" }, "geometry": { "type": "MultiPolygon", "coordinates": [ [ [ [ -47.74332, -15.6722 ], [ -47.7443, -15.67143 ], [ -47.74305, -15.67188 ], [ -47.74332, -15.6722 ] ] ], [ [ [ -47.74759, -15.66397 ], [ -47.74861, -15.66178 ], [ -47.75237, -15.66494 ], [ -47.7547, -15.663 ], [ -47.74987, -15.65911 ], [ -47.74938, -15.66013 ], [ -47.75494, -15.64819 ], [ -47.7567, -15.64928 ], [ -47.7616, -15.6444 ], [ -47.75233, -15.64014 ], [ -47.73793, -15.66454 ], [ -47.7443, -15.67143 ], [ -47.74991, -15.66695 ], [ -47.75065, -15.66636 ], [ -47.74759, -15.66397 ] ], [ [ -47.74734, -15.6645 ], [ -47.74758, -15.66399 ], [ -47.74991, -15.66695 ], [ -47.74734, -15.6645 ] ] ], [ [ [ -47.7616, -15.6444 ], [ -47.75736, -15.64904 ], [ -47.76289, -15.645 ], [ -47.7616, -15.6444 ] ] ] ] } },
{ "type": "Feature", "properties": { "cluster": 302.0, "hvi": 0.1314, "population": 2975, "setores": 7, "municipio": "Brasília" }, "geometry": { "type": "MultiPolygon", "coordinates": [ [ [ [ -47.70677, -15.74534 ], [ -47.69039, -15.73658 ], [ -47.67592, -15.73423 ], [ -47.67321, -15.74204 ], [ -47.68826, -15.75913 ], [ -47.7007, -15.75257 ], [ -47.70677, -15.74534 ] ] ], [ [ [ -47.66195, -15.73427 ], [ -47.6686, -15.73589 ], [ -47.67189, -15.73243 ], [ -47.67592, -15.73423 ], [ -47.67365, -15.7291 ], [ -47.67669, -15.72558 ], [ -47.67474, -15.73138 ], [ -47.67996, -15.734 ], [ -47.69298, -15.72585 ], [ -47.70181, -15.72844 ], [ -47.71952, -15.72534 ], [ -47.74261, -15.72765 ], [ -47.7615, -15.71433 ], [ -47.7583, -15.70501 ], [ -47.74411, -15.70776 ], [ -47.74814, -15.70922 ], [ -47.74855, -15.71316 ], [ -47.74392, -15.71417 ], [ -47.74107, -15.70813 ], [ -47.73922, -15.70655 ], [ -47.75374, -15.69387 ], [ -47.76288, -15.69782 ], [ -47.77512, -15.68347 ], [ -47.772, -15.6782 ], [ -47.76726, -15.68352 ], [ -47.76476, -15.68145 ], [ -47.77007, -15.67659 ], [ -47.75973, -15.66768 ], [ -47.75779, -15.66028 ], [ -47.75223, -15.66483 ], [ -47.74859, -15.66176 ], [ -47.74754, -15.66394 ], [ -47.75215, -15.66489 ], [ -47.74018, -15.67469 ], [ -47.74558, -15.67778 ], [ -47.74647, -15.68613 ], [ -47.73265, -15.69779 ], [ -47.69784, -15.69926 ], [ -47.67492, -15.7087 ], [ -47.67659, -15.7071 ], [ -47.67134, -15.70024 ], [ -47.67416, -15.69738 ], [ -47.66464, -15.68857 ], [ -47.66131, -15.67824 ], [ -47.65991, -15.68414 ], [ -47.6534, -15.6851 ], [ -47.6437, -15.70226 ], [ -47.63692, -15.68831 ], [ -47.64768, -15.68585 ], [ -47.64753, -15.68057 ], [ -47.64306, -15.68381 ], [ -47.63295, -15.68158 ], [ -47.63056, -15.67107 ], [ -47.62356, -15.66718 ], [ -47.60134, -15.66551 ], [ -47.59794, -15.66861 ], [ -47.59046, -15.66185 ], [ -47.55092, -15.66196 ], [ -47.54923, -15.6585 ], [ -47.53525, -15.66357 ], [ -47.52626, -15.66273 ], [ -47.51859, -15.65513 ], [ -47.51012, -15.66483 ], [ -47.50549, -15.66471 ], [ -47.48968, -15.65416 ], [ -47.48661, -15.65492 ], [ -47.48512, -15.67521 ], [ -47.48942, -15.68739 ], [ -47.5071, -15.68321 ], [ -47.60085, -15.72838 ], [ -47.62812, -15.7287 ], [ -47.63852, -15.72355 ], [ -47.6366, -15.72145 ], [ -47.65568, -15.70409 ], [ -47.66195, -15.73427 ] ], [ [ -47.67285, -15.71066 ], [ -47.67357, -15.70998 ], [ -47.67412, -15.71209 ], [ -47.67285, -15.71066 ] ], [ [ -47.67663, -15.72155 ], [ -47.67378, -15.71657 ], [ -47.67495, -15.7152 ], [ -47.67663, -15.72155 ] ], [ [ -47.67672, -15.72549 ], [ -47.67389, -15.72207 ], [ -47.67676, -15.72538 ], [ -47.67672, -15.72549 ] ] ] ] } },
{ "type": "Feature", "properties": { "cluster": 303.0, "hvi": 0.1035, "population": 2970, "setores": 16, "municipio": "Brasília" }, "geometry": { "type": "MultiPolygon", "coordinates": [ [ [ [ -47.8335, -15.62449 ], [ -47.83369, -15.61831 ], [ -47.83851, -15.62476 ], [ -47.84563, -15.62279 ], [ -47.84488, -15.61924 ], [ -47.85522, -15.61851 ], [ -47.85212, -15.62338 ], [ -47.84826, -15.62186 ], [ -47.8404, -15.62689 ], [ -47.84132, -15.63172 ], [ -47.84565, -15.63274 ], [ -47.85643, -15.63299 ], [ -47.85746, -15.62314 ], [ -47.86233, -15.61962 ], [ -47.86733, -15.6267 ], [ -47.87411, -15.62435 ], [ -47.86527, -15.62005 ], [ -47.86127, -15.61284 ], [ -47.86286, -15.60189 ], [ -47.85904, -15.60312 ], [ -47.85625, -15.59747 ], [ -47.85807, -15.59257 ], [ -47.86647, -15.59168 ], [ -47.85805, -15.58694 ], [ -47.85303, -15.57781 ], [ -47.85383, -15.57318 ], [ -47.85021, -15.5774 ], [ -47.84653, -15.57313 ], [ -47.84895, -15.586 ], [ -47.84403, -15.5683 ], [ -47.85088, -15.56975 ], [ -47.84599, -15.56388 ], [ -47.84703, -15.55945 ], [ -47.85366, -15.55131 ], [ -47.85394, -15.54436 ], [ -47.85775, -15.54302 ], [ -47.85919, -15.54144 ], [ -47.85732, -15.54278 ], [ -47.85174, -15.53762 ], [ -47.85632, -15.53357 ], [ -47.86242, -15.53471 ], [ -47.85534, -15.52266 ], [ -47.85672, -15.51131 ], [ -47.85904, -15.51211 ], [ -47.8556, -15.50747 ], [ -47.8543, -15.50793 ], [ -47.85612, -15.50442 ], [ -47.85398, -15.50217 ], [ -47.68841, -15.50212 ], [ -47.68698, -15.54428 ], [ -47.68538, -15.56552 ], [ -47.69904, -15.56965 ], [ -47.70112, -15.57845 ], [ -47.71602, -15.58438 ], [ -47.71675, -15.58059 ], [ -47.73099, -15.58172 ], [ -47.74491, -15.57832 ], [ -47.75469, -15.59014 ], [ -47.76164, -15.58791 ], [ -47.76077, -15.57933 ], [ -47.76607, -15.58333 ], [ -47.76462, -15.58761 ], [ -47.78406, -15.58697 ], [ -47.79266, -15.59309 ], [ -47.79732, -15.58506 ], [ -47.7984, -15.59187 ], [ -47.80735, -15.58909 ], [ -47.80756, -15.59238 ], [ -47.81095, -15.59161 ], [ -47.81487, -15.59676 ], [ -47.80892, -15.6012 ], [ -47.81869, -15.61511 ], [ -47.81549, -15.62123 ], [ -47.8206, -15.62199 ], [ -47.81454, -15.623 ], [ -47.82216, -15.63442 ], [ -47.81804, -15.64172 ], [ -47.82329, -15.63496 ], [ -47.82476, -15.62642 ], [ -47.83212, -15.62679 ], [ -47.83237, -15.6244 ], [ -47.8335, -15.62449 ] ], [ [ -47.83971, -15.59153 ], [ -47.83813, -15.59067 ], [ -47.83485, -15.58943 ], [ -47.84219, -15.59004 ], [ -47.83971, -15.59153 ] ], [ [ -47.8392, -15.59183 ], [ -47.83765, -15.59276 ], [ -47.83706, -15.59205 ], [ -47.8392, -15.59183 ] ], [ [ -47.83581, -15.59835 ], [ -47.83397, -15.60264 ], [ -47.83616, -15.59688 ], [ -47.83581, -15.59835 ] ], [ [ -47.82051, -15.6109 ], [ -47.82059, -15.61071 ], [ -47.83397, -15.60264 ], [ -47.82051, -15.6109 ] ], [ [ -47.82199, -15.62219 ], [ -47.82237, -15.62174 ], [ -47.82318, -15.62303 ], [ -47.82319, -15.62078 ], [ -47.82572, -15.61781 ], [ -47.82566, -15.62384 ], [ -47.82399, -15.62045 ], [ -47.82473, -15.62617 ], [ -47.82199, -15.62219 ] ], [ [ -47.84332, -15.59541 ], [ -47.84403, -15.59556 ], [ -47.84287, -15.59595 ], [ -47.84332, -15.59541 ] ], [ [ -47.76106, -15.57145 ], [ -47.76016, -15.57364 ], [ -47.7588, -15.57421 ], [ -47.76106, -15.57145 ] ], [ [ -47.84389, -15.57383 ], [ -47.83927, -15.57096 ], [ -47.84389, -15.57375 ], [ -47.84389, -15.57383 ] ], [ [ -47.79131, -15.52443 ], [ -47.77709, -15.52958 ], [ -47.77653, -15.52936 ], [ -47.79131, -15.52443 ] ], [ [ -47.7635, -15.52676 ], [ -47.76336, -15.52676 ], [ -47.76315, -15.52603 ], [ -47.7635, -15.52676 ] ], [ [ -47.75616, -15.55326 ], [ -47.75993, -15.55594 ], [ -47.75613, -15.55425 ], [ -47.75616, -15.55326 ] ], [ [ -47.76631, -15.56048 ], [ -47.7673, -15.56118 ], [ -47.76655, -15.56242 ], [ -47.76631, -15.56048 ] ], [ [ -47.76187, -15.52147 ], [ -47.76158, -15.52047 ], [ -47.76208, -15.5205 ], [ -47.76187, -15.52147 ] ] ], [ [ [ -47.86878, -15.58988 ], [ -47.86607, -15.58617 ], [ -47.85772, -15.58489 ], [ -47.86446, -15.58748 ], [ -47.86878, -15.58988 ] ] ], [ [ [ -47.78895, -15.63488 ], [ -47.80935, -15.62746 ], [ -47.81869, -15.61511 ], [ -47.80877, -15.61685 ], [ -47.80518, -15.61031 ], [ -47.81197, -15.60678 ], [ -47.80892, -15.6012 ], [ -47.78857, -15.59644 ], [ -47.79186, -15.61435 ], [ -47.78562, -15.62181 ], [ -47.77717, -15.62242 ], [ -47.78157, -15.62763 ], [ -47.77556, -15.62243 ], [ -47.76932, -15.63235 ], [ -47.78895, -15.63488 ] ] ] ] } },
{ "type": "Feature", "properties": { "cluster": 304.0, "hvi": 0.113, "population": 2792, "setores": 7, "municipio": "Brasília" }, "geometry": { "type": "MultiPolygon", "coordinates": [ [ [ [ -47.72535, -15.64826 ], [ -47.73424, -15.64502 ], [ -47.73869, -15.6502 ], [ -47.74648, -15.63732 ], [ -47.72388, -15.62505 ], [ -47.71826, -15.63508 ], [ -47.71377, -15.63433 ], [ -47.71617, -15.62837 ], [ -47.71222, -15.62325 ], [ -47.69942, -15.64498 ], [ -47.72535, -15.64826 ] ] ], [ [ [ -47.7223, -15.62483 ], [ -47.7223, -15.62769 ], [ -47.72263, -15.62499 ], [ -47.7223, -15.62483 ] ] ], [ [ [ -47.71675, -15.58059 ], [ -47.71602, -15.58438 ], [ -47.71113, -15.58253 ], [ -47.7104, -15.59234 ], [ -47.70279, -15.59223 ], [ -47.69657, -15.60026 ], [ -47.6966, -15.59951 ], [ -47.69234, -15.59865 ], [ -47.69088, -15.60147 ], [ -47.68883, -15.60032 ], [ -47.69272, -15.60333 ], [ -47.6931, -15.6027 ], [ -47.69089, -15.60147 ], [ -47.69523, -15.60199 ], [ -47.69139, -15.60694 ], [ -47.75233, -15.64014 ], [ -47.76063, -15.61738 ], [ -47.75612, -15.63293 ], [ -47.75801, -15.63388 ], [ -47.76717, -15.61971 ], [ -47.78562, -15.62181 ], [ -47.79186, -15.61435 ], [ -47.78857, -15.59644 ], [ -47.80892, -15.6012 ], [ -47.81487, -15.59676 ], [ -47.81095, -15.59161 ], [ -47.80756, -15.59238 ], [ -47.80735, -15.58909 ], [ -47.7984, -15.59187 ], [ -47.79732, -15.58506 ], [ -47.79266, -15.59309 ], [ -47.78406, -15.58697 ], [ -47.7722, -15.58618 ], [ -47.76751, -15.58837 ], [ -47.76462, -15.58761 ], [ -47.76395, -15.5801 ], [ -47.76076, -15.57941 ], [ -47.76164, -15.58791 ], [ -47.75469, -15.59014 ], [ -47.74849, -15.58223 ], [ -47.73898, -15.58804 ], [ -47.73897, -15.58133 ], [ -47.71675, -15.58059 ] ], [ [ -47.76321, -15.59142 ], [ -47.76492, -15.59067 ], [ -47.76531, -15.59165 ], [ -47.76321, -15.59142 ] ] ], [ [ [ -47.69139, -15.60694 ], [ -47.68876, -15.60804 ], [ -47.69115, -15.61006 ], [ -47.69466, -15.60876 ], [ -47.69139, -15.60694 ] ] ] ] } },
{ "type": "Feature", "properties": { "cluster": 305.0, "hvi": 0.1268, "population": 2747, "setores": 4, "municipio": "Brasília" }, "geometry": { "type": "MultiPolygon", "coordinates": [ [ [ [ -47.64273, -15.60644 ], [ -47.64385, -15.60639 ], [ -47.64261, -15.60436 ], [ -47.64273, -15.60644 ] ] ], [ [ [ -47.64385, -15.60639 ], [ -47.64497, -15.60634 ], [ -47.64328, -15.6025 ], [ -47.64385, -15.60639 ] ] ], [ [ [ -47.64364, -15.60247 ], [ -47.64354, -15.60063 ], [ -47.64168, -15.60256 ], [ -47.64364, -15.60247 ] ] ], [ [ [ -47.6455, -15.60239 ], [ -47.6454, -15.60055 ], [ -47.64364, -15.60247 ], [ -47.6455, -15.60239 ] ] ] ] } },
{ "type": "Feature", "properties": { "cluster": 306.0, "hvi": 0.1248, "population": 2604, "setores": 4, "municipio": "Brasília" }, "geometry": { "type": "MultiPolygon", "coordinates": [ [ [ [ -47.64756, -15.60622 ], [ -47.64737, -15.60232 ], [ -47.64597, -15.6042 ], [ -47.64756, -15.60622 ] ] ], [ [ [ -47.64869, -15.60616 ], [ -47.64905, -15.60614 ], [ -47.64737, -15.60232 ], [ -47.64869, -15.60616 ] ] ], [ [ [ -47.65017, -15.60609 ], [ -47.64961, -15.6022 ], [ -47.64905, -15.60614 ], [ -47.65017, -15.60609 ] ] ], [ [ [ -47.64737, -15.60232 ], [ -47.64727, -15.60047 ], [ -47.6455, -15.60239 ], [ -47.64737, -15.60232 ] ] ] ] } },
{ "type": "Feature", "properties": { "cluster": 307.0, "hvi": 0.1184, "population": 2592, "setores": 5, "municipio": "Brasília" }, "geometry": { "type": "MultiPolygon", "coordinates": [ [ [ [ -47.65808, -15.60946 ], [ -47.65793, -15.60677 ], [ -47.65457, -15.60691 ], [ -47.65471, -15.60994 ], [ -47.65808, -15.60946 ] ] ], [ [ [ -47.64808, -15.60099 ], [ -47.64737, -15.60232 ], [ -47.64849, -15.60227 ], [ -47.64961, -15.6022 ], [ -47.64954, -15.60105 ], [ -47.65903, -15.60139 ], [ -47.65703, -15.60355 ], [ -47.65886, -15.60403 ], [ -47.6583, -15.61267 ], [ -47.66384, -15.61122 ], [ -47.66912, -15.60094 ], [ -47.66679, -15.59433 ], [ -47.64069, -15.5957 ], [ -47.64137, -15.60075 ], [ -47.64808, -15.60099 ] ], [ [ -47.64841, -15.60101 ], [ -47.64914, -15.60103 ], [ -47.64849, -15.60227 ], [ -47.64841, -15.60101 ] ] ] ] } },
{ "type": "Feature", "properties": { "cluster": 308.0, "hvi": 0.1157, "population": 2812, "setores": 6, "municipio": "Brasília" }, "geometry": { "type": "MultiPolygon", "coordinates": [ [ [ [ -47.6513, -15.60603 ], [ -47.6512, -15.60394 ], [ -47.65017, -15.60609 ], [ -47.6513, -15.60603 ] ] ], [ [ [ -47.65196, -15.60463 ], [ -47.6513, -15.60603 ], [ -47.6528, -15.60595 ], [ -47.65109, -15.60213 ], [ -47.65196, -15.60463 ] ] ], [ [ [ -47.64969, -15.60403 ], [ -47.6512, -15.60394 ], [ -47.64961, -15.6022 ], [ -47.64969, -15.60403 ] ] ], [ [ [ -47.65062, -15.60028 ], [ -47.64961, -15.6022 ], [ -47.65072, -15.60213 ], [ -47.65062, -15.60028 ] ] ], [ [ [ -47.65174, -15.60022 ], [ -47.65072, -15.60213 ], [ -47.65184, -15.60208 ], [ -47.65174, -15.60022 ] ] ] ] } },
{ "type": "Feature", "properties": { "cluster": 309.0, "hvi": 0.1358, "population": 1724, "setores": 2, "municipio": "Brasília" }, "geometry": { "type": "MultiPolygon", "coordinates": [ [ [ [ -47.6528, -15.60595 ], [ -47.65452, -15.60588 ], [ -47.65428, -15.60196 ], [ -47.6528, -15.60595 ] ] ], [ [ [ -47.65184, -15.60208 ], [ -47.65428, -15.60196 ], [ -47.65419, -15.60013 ], [ -47.65184, -15.60208 ] ] ] ] } },
{ "type": "Feature", "properties": { "cluster": 310.0, "hvi": 0.1243, "population": 2558, "setores": 4, "municipio": "Brasília" }, "geometry": { "type": "MultiPolygon", "coordinates": [ [ [ [ -47.65457, -15.60691 ], [ -47.65793, -15.60677 ], [ -47.65808, -15.60946 ], [ -47.65923, -15.60543 ], [ -47.65709, -15.60453 ], [ -47.65769, -15.60352 ], [ -47.65438, -15.60368 ], [ -47.65457, -15.60691 ] ] ], [ [ [ -47.65703, -15.60355 ], [ -47.65691, -15.60154 ], [ -47.65417, -15.59988 ], [ -47.65438, -15.60368 ], [ -47.65703, -15.60355 ] ] ] ] } },
{ "type": "Feature", "properties": { "cluster": 311.0, "hvi": 0.1212, "population": 1110, "setores": 2, "municipio": "Brasília" }, "geometry": { "type": "MultiPolygon", "coordinates": [ [ [ [ -47.64358, -15.6121 ], [ -47.64361, -15.61298 ], [ -47.64975, -15.61267 ], [ -47.64358, -15.6121 ] ] ], [ [ [ -47.64275, -15.61031 ], [ -47.64971, -15.61179 ], [ -47.6495, -15.60786 ], [ -47.64241, -15.60723 ], [ -47.64275, -15.61031 ] ] ] ] } },
{ "type": "Feature", "properties": { "cluster": 312.0, "hvi": 0.1153, "population": 2667, "setores": 6, "municipio": "Brasília" }, "geometry": { "type": "MultiPolygon", "coordinates": [ [ [ [ -47.64982, -15.61431 ], [ -47.64978, -15.61322 ], [ -47.64546, -15.61381 ], [ -47.64293, -15.6135 ], [ -47.64303, -15.61549 ], [ -47.65497, -15.61501 ], [ -47.64982, -15.61431 ] ], [ [ -47.64758, -15.61408 ], [ -47.64641, -15.61393 ], [ -47.6498, -15.61377 ], [ -47.64758, -15.61408 ] ] ], [ [ [ -47.64288, -15.61279 ], [ -47.64186, -15.61525 ], [ -47.64301, -15.61521 ], [ -47.64288, -15.61279 ] ] ], [ [ [ -47.64361, -15.61298 ], [ -47.64293, -15.6135 ], [ -47.64978, -15.61322 ], [ -47.64361, -15.61298 ] ] ], [ [ [ -47.64541, -15.61028 ], [ -47.64284, -15.61212 ], [ -47.64549, -15.61201 ], [ -47.64541, -15.61028 ] ] ] ] } },
{ "type": "Feature", "properties": { "cluster": 313.0, "hvi": 0.1215, "population": 2385, "setores": 4, "municipio": "Brasília" }, "geometry": { "type": "MultiPolygon", "coordinates": [ [ [ [ -47.6294, -15.61649 ], [ -47.63303, -15.61641 ], [ -47.63072, -15.61402 ], [ -47.6294, -15.61649 ] ] ], [ [ [ -47.63629, -15.61443 ], [ -47.63377, -15.61363 ], [ -47.63554, -15.61574 ], [ -47.63629, -15.61443 ] ] ], [ [ [ -47.63471, -15.61241 ], [ -47.63286, -15.6114 ], [ -47.63335, -15.61079 ], [ -47.63121, -15.60903 ], [ -47.63072, -15.61402 ], [ -47.63162, -15.61292 ], [ -47.63152, -15.61347 ], [ -47.63471, -15.61241 ] ] ] ] } },
{ "type": "Feature", "properties": { "cluster": 314.0, "hvi": 0.1212, "population": 2665, "setores": 5, "municipio": "Brasília" }, "geometry": { "type": "MultiPolygon", "coordinates": [ [ [ [ -47.64113, -15.61361 ], [ -47.64086, -15.61334 ], [ -47.63849, -15.6166 ], [ -47.64113, -15.61361 ] ] ], [ [ [ -47.63544, -15.61351 ], [ -47.63733, -15.61494 ], [ -47.64283, -15.61184 ], [ -47.64069, -15.5957 ], [ -47.61496, -15.59768 ], [ -47.55779, -15.58197 ], [ -47.50576, -15.58143 ], [ -47.51207, -15.59424 ], [ -47.53669, -15.60591 ], [ -47.54542, -15.61451 ], [ -47.557, -15.60372 ], [ -47.56268, -15.61022 ], [ -47.57498, -15.60319 ], [ -47.57682, -15.60859 ], [ -47.59733, -15.62285 ], [ -47.61525, -15.62303 ], [ -47.61684, -15.61981 ], [ -47.62646, -15.62103 ], [ -47.62947, -15.60945 ], [ -47.63037, -15.61208 ], [ -47.63092, -15.61009 ], [ -47.63394, -15.61237 ], [ -47.63348, -15.61212 ], [ -47.63239, -15.61471 ], [ -47.63544, -15.61351 ] ], [ [ -47.62957, -15.60907 ], [ -47.62969, -15.60916 ], [ -47.62955, -15.60917 ], [ -47.62957, -15.60907 ] ] ] ] } },
{ "type": "Feature", "properties": { "cluster": 315.0, "hvi": 0.1227, "population": 2517, "setores": 4, "municipio": "Brasília" }, "geometry": { "type": "MultiPolygon", "coordinates": [ [ [ [ -47.63141, -15.6203 ], [ -47.63136, -15.61645 ], [ -47.62942, -15.62032 ], [ -47.63141, -15.6203 ] ] ], [ [ [ -47.63471, -15.61699 ], [ -47.63353, -15.61647 ], [ -47.63136, -15.61645 ], [ -47.63374, -15.61874 ], [ -47.63471, -15.61699 ] ] ], [ [ [ -47.63764, -15.61863 ], [ -47.63833, -15.61656 ], [ -47.63471, -15.61699 ], [ -47.63764, -15.61863 ] ] ], [ [ [ -47.63802, -15.61647 ], [ -47.63667, -15.61364 ], [ -47.63554, -15.61574 ], [ -47.63802, -15.61647 ] ] ] ] } },
{ "type": "Feature", "properties": { "cluster": 316.0, "hvi": 0.1224, "population": 609, "setores": 1, "municipio": "Brasília" }, "geometry": { "type": "Polygon", "coordinates": [ [ [ -47.63849, -15.6166 ], [ -47.64181, -15.6176 ], [ -47.64193, -15.61717 ], [ -47.64026, -15.61551 ], [ -47.63849, -15.6166 ] ] ] } },
{ "type": "Feature", "properties": { "cluster": 317.0, "hvi": 0.1207, "population": 2771, "setores": 5, "municipio": "Brasília" }, "geometry": { "type": "MultiPolygon", "coordinates": [ [ [ [ -47.65043, -15.6186 ], [ -47.65039, -15.61797 ], [ -47.64326, -15.61987 ], [ -47.65043, -15.6186 ] ] ], [ [ [ -47.65039, -15.61797 ], [ -47.64385, -15.61767 ], [ -47.64316, -15.61833 ], [ -47.65039, -15.61797 ] ] ], [ [ [ -47.65036, -15.61737 ], [ -47.65032, -15.61653 ], [ -47.64385, -15.61767 ], [ -47.65036, -15.61737 ] ] ], [ [ [ -47.64301, -15.61521 ], [ -47.6404, -15.61641 ], [ -47.64313, -15.61767 ], [ -47.64301, -15.61521 ] ] ], [ [ [ -47.64086, -15.61334 ], [ -47.64081, -15.61505 ], [ -47.64283, -15.61184 ], [ -47.64086, -15.61334 ] ] ] ] } },
{ "type": "Feature", "properties": { "cluster": 318.0, "hvi": 0.1064, "population": 1897, "setores": 7, "municipio": "Brasília" }, "geometry": { "type": "MultiPolygon", "coordinates": [ [ [ [ -47.64394, -15.61947 ], [ -47.65028, -15.61915 ], [ -47.64396, -15.61973 ], [ -47.65025, -15.61944 ], [ -47.65015, -15.62051 ], [ -47.64406, -15.62167 ], [ -47.65524, -15.62138 ], [ -47.65513, -15.61773 ], [ -47.64394, -15.61947 ] ] ], [ [ [ -47.65741, -15.61739 ], [ -47.65522, -15.6199 ], [ -47.65753, -15.61977 ], [ -47.65741, -15.61739 ] ] ], [ [ [ -47.65512, -15.61752 ], [ -47.65741, -15.61739 ], [ -47.65729, -15.61503 ], [ -47.65512, -15.61751 ], [ -47.65497, -15.61501 ], [ -47.64376, -15.61606 ], [ -47.65512, -15.61752 ] ] ] ] } },
{ "type": "Feature", "properties": { "cluster": 319.0, "hvi": 0.1213, "population": 1116, "setores": 2, "municipio": "Brasília" }, "geometry": { "type": "MultiPolygon", "coordinates": [ [ [ [ -47.64309, -15.6168 ], [ -47.65032, -15.61653 ], [ -47.64379, -15.61632 ], [ -47.64309, -15.6168 ] ] ], [ [ [ -47.64376, -15.61606 ], [ -47.65028, -15.61573 ], [ -47.64988, -15.61514 ], [ -47.64376, -15.61606 ] ] ] ] } },
{ "type": "Feature", "properties": { "cluster": 320.0, "hvi": 0.1148, "population": 2726, "setores": 6, "municipio": "Brasília" }, "geometry": { "type": "MultiPolygon", "coordinates": [ [ [ [ -47.65015, -15.62051 ], [ -47.644, -15.62055 ], [ -47.64335, -15.6217 ], [ -47.65015, -15.62051 ] ] ], [ [ [ -47.63638, -15.61894 ], [ -47.63861, -15.62149 ], [ -47.63914, -15.61976 ], [ -47.64329, -15.6206 ], [ -47.64313, -15.61767 ], [ -47.63833, -15.61656 ], [ -47.63638, -15.61894 ] ] ], [ [ [ -47.65048, -15.61943 ], [ -47.644, -15.62055 ], [ -47.65051, -15.62021 ], [ -47.65048, -15.61943 ] ] ] ] } },
{ "type": "Feature", "properties": { "cluster": 321.0, "hvi": 0.1186, "population": 2512, "setores": 5, "municipio": "Brasília" }, "geometry": { "type": "MultiPolygon", "coordinates": [ [ [ [ -47.64423, -15.62451 ], [ -47.65536, -15.62367 ], [ -47.65975, -15.62469 ], [ -47.65963, -15.62109 ], [ -47.65536, -15.62366 ], [ -47.65524, -15.62138 ], [ -47.65067, -15.62329 ], [ -47.64423, -15.62451 ] ] ], [ [ [ -47.65064, -15.62276 ], [ -47.64411, -15.62253 ], [ -47.64342, -15.62303 ], [ -47.65064, -15.62276 ] ] ], [ [ [ -47.65057, -15.62138 ], [ -47.64411, -15.62253 ], [ -47.65061, -15.62221 ], [ -47.65057, -15.62138 ] ] ], [ [ [ -47.64121, -15.62036 ], [ -47.64049, -15.62263 ], [ -47.64339, -15.62247 ], [ -47.64329, -15.6206 ], [ -47.64121, -15.62036 ] ] ] ] } },
{ "type": "Feature", "properties": { "cluster": 322.0, "hvi": 0.1177, "population": 2908, "setores": 6, "municipio": "Brasília" }, "geometry": { "type": "MultiPolygon", "coordinates": [ [ [ [ -47.6558, -15.62982 ], [ -47.65238, -15.62991 ], [ -47.65253, -15.63105 ], [ -47.6558, -15.62982 ] ] ], [ [ [ -47.65053, -15.62418 ], [ -47.64426, -15.62513 ], [ -47.65057, -15.62482 ], [ -47.65066, -15.62644 ], [ -47.65071, -15.62747 ], [ -47.65238, -15.62991 ], [ -47.65537, -15.62398 ], [ -47.65053, -15.62418 ] ] ], [ [ [ -47.64364, -15.62738 ], [ -47.65068, -15.627 ], [ -47.65066, -15.62644 ], [ -47.64364, -15.62738 ] ] ], [ [ [ -47.65066, -15.62644 ], [ -47.64359, -15.62636 ], [ -47.64361, -15.62667 ], [ -47.65066, -15.62644 ] ] ], [ [ [ -47.65535, -15.62367 ], [ -47.65571, -15.6282 ], [ -47.65685, -15.62815 ], [ -47.65776, -15.62419 ], [ -47.65535, -15.62367 ] ] ] ] } },
{ "type": "Feature", "properties": { "cluster": 323.0, "hvi": 0.1282, "population": 689, "setores": 1, "municipio": "Brasília" }, "geometry": { "type": "Polygon", "coordinates": [ [ [ -47.64427, -15.6254 ], [ -47.65063, -15.62589 ], [ -47.65058, -15.62508 ], [ -47.64427, -15.6254 ] ] ] } },
{ "type": "Feature", "properties": { "cluster": 324.0, "hvi": 0.1317, "population": 764, "setores": 1, "municipio": "Brasília" }, "geometry": { "type": "Polygon", "coordinates": [ [ [ -47.65068, -15.627 ], [ -47.64446, -15.6287 ], [ -47.65076, -15.62841 ], [ -47.65068, -15.627 ] ] ] } },
{ "type": "Feature", "properties": { "cluster": 325.0, "hvi": 0.1147, "population": 2780, "setores": 6, "municipio": "Brasília" }, "geometry": { "type": "MultiPolygon", "coordinates": [ [ [ [ -47.64018, -15.62362 ], [ -47.64121, -15.62036 ], [ -47.63816, -15.623 ], [ -47.63567, -15.62224 ], [ -47.63861, -15.62149 ], [ -47.63582, -15.62068 ], [ -47.63544, -15.62216 ], [ -47.62981, -15.62043 ], [ -47.62933, -15.61313 ], [ -47.62709, -15.61312 ], [ -47.6267, -15.61658 ], [ -47.62898, -15.61659 ], [ -47.62665, -15.62648 ], [ -47.62832, -15.62717 ], [ -47.62777, -15.63052 ], [ -47.63852, -15.62885 ], [ -47.63374, -15.62739 ], [ -47.63451, -15.62498 ], [ -47.64292, -15.62446 ], [ -47.64018, -15.62362 ] ] ], [ [ [ -47.63374, -15.61874 ], [ -47.63137, -15.61791 ], [ -47.63141, -15.6203 ], [ -47.63322, -15.62023 ], [ -47.63374, -15.61874 ] ] ], [ [ [ -47.63638, -15.61894 ], [ -47.63471, -15.61699 ], [ -47.63322, -15.62023 ], [ -47.63582, -15.62068 ], [ -47.63638, -15.61894 ] ] ] ] } },
{ "type": "Feature", "properties": { "cluster": 326.0, "hvi": 0.1075, "population": 293, "setores": 1, "municipio": "Brasília" }, "geometry": { "type": "Polygon", "coordinates": [ [ [ -47.65301, -15.62708 ], [ -47.6557, -15.62804 ], [ -47.65545, -15.62505 ], [ -47.65301, -15.62708 ] ] ] } },
{ "type": "Feature", "properties": { "cluster": 327.0, "hvi": 0.1222, "population": 2879, "setores": 5, "municipio": "Brasília" }, "geometry": { "type": "MultiPolygon", "coordinates": [ [ [ [ -47.6558, -15.62983 ], [ -47.6519, -15.63188 ], [ -47.65594, -15.63259 ], [ -47.65592, -15.63206 ], [ -47.65605, -15.6342 ], [ -47.65829, -15.63411 ], [ -47.65932, -15.63127 ], [ -47.65589, -15.63145 ], [ -47.6558, -15.62983 ] ] ], [ [ [ -47.66624, -15.63313 ], [ -47.66357, -15.62703 ], [ -47.65988, -15.62689 ], [ -47.65975, -15.62469 ], [ -47.65776, -15.62419 ], [ -47.65685, -15.62815 ], [ -47.65994, -15.62798 ], [ -47.65988, -15.62691 ], [ -47.66399, -15.63324 ], [ -47.66624, -15.63313 ] ] ], [ [ [ -47.66239, -15.63107 ], [ -47.65915, -15.62805 ], [ -47.65932, -15.63127 ], [ -47.66239, -15.63107 ] ] ] ] } },
{ "type": "Feature", "properties": { "cluster": 328.0, "hvi": 0.1191, "population": 2498, "setores": 5, "municipio": "Brasília" }, "geometry": { "type": "MultiPolygon", "coordinates": [ [ [ [ -47.66399, -15.63324 ], [ -47.66239, -15.63107 ], [ -47.65932, -15.63127 ], [ -47.66026, -15.6387 ], [ -47.66372, -15.63823 ], [ -47.66399, -15.63324 ] ] ], [ [ [ -47.65674, -15.63516 ], [ -47.65964, -15.63515 ], [ -47.65673, -15.63417 ], [ -47.65674, -15.63516 ] ] ], [ [ [ -47.65571, -15.6282 ], [ -47.65588, -15.63145 ], [ -47.65932, -15.63127 ], [ -47.65827, -15.62809 ], [ -47.65571, -15.6282 ] ] ] ] } },
{ "type": "Feature", "properties": { "cluster": 329.0, "hvi": 0.1147, "population": 2160, "setores": 5, "municipio": "Brasília" }, "geometry": { "type": "MultiPolygon", "coordinates": [ [ [ [ -47.66275, -15.62619 ], [ -47.66357, -15.62703 ], [ -47.66596, -15.62581 ], [ -47.66504, -15.62432 ], [ -47.66172, -15.62515 ], [ -47.65975, -15.62469 ], [ -47.66251, -15.62672 ], [ -47.66275, -15.62619 ] ] ], [ [ [ -47.66273, -15.62447 ], [ -47.66304, -15.62293 ], [ -47.66504, -15.62432 ], [ -47.66455, -15.62084 ], [ -47.66038, -15.62109 ], [ -47.65522, -15.6199 ], [ -47.6553, -15.62279 ], [ -47.65964, -15.62134 ], [ -47.65975, -15.62469 ], [ -47.66273, -15.62447 ] ], [ [ -47.66124, -15.62168 ], [ -47.65999, -15.62122 ], [ -47.66038, -15.62109 ], [ -47.66124, -15.62168 ] ] ] ] } },
{ "type": "Feature", "properties": { "cluster": 330.0, "hvi": 0.125, "population": 2489, "setores": 4, "municipio": "Brasília" }, "geometry": { "type": "MultiPolygon", "coordinates": [ [ [ [ -47.66159, -15.61615 ], [ -47.65959, -15.61966 ], [ -47.66197, -15.61945 ], [ -47.66159, -15.61615 ] ] ], [ [ [ -47.65959, -15.61966 ], [ -47.65729, -15.61503 ], [ -47.65753, -15.61977 ], [ -47.65959, -15.61966 ] ] ], [ [ [ -47.65841, -15.61497 ], [ -47.6583, -15.61267 ], [ -47.65497, -15.61515 ], [ -47.65729, -15.61503 ], [ -47.65841, -15.61497 ] ] ], [ [ [ -47.65792, -15.60914 ], [ -47.65485, -15.61283 ], [ -47.6583, -15.61267 ], [ -47.65792, -15.60914 ] ] ] ] } },
{ "type": "Feature", "properties": { "cluster": 331.0, "hvi": 0.1208, "population": 2254, "setores": 4, "municipio": "Brasília" }, "geometry": { "type": "MultiPolygon", "coordinates": [ [ [ [ -47.66305, -15.61339 ], [ -47.66118, -15.61122 ], [ -47.65841, -15.61497 ], [ -47.66305, -15.61339 ] ] ], [ [ [ -47.66835, -15.60657 ], [ -47.66589, -15.60566 ], [ -47.66273, -15.61161 ], [ -47.66642, -15.61177 ], [ -47.66835, -15.60657 ] ] ], [ [ [ -47.67196, -15.6081 ], [ -47.66764, -15.60428 ], [ -47.66606, -15.60556 ], [ -47.66912, -15.6069 ], [ -47.66835, -15.60657 ], [ -47.66709, -15.61052 ], [ -47.67204, -15.61022 ], [ -47.67196, -15.6081 ] ] ] ] } },
{ "type": "Feature", "properties": { "cluster": 332.0, "hvi": 0.1206, "population": 2852, "setores": 5, "municipio": "Brasília" }, "geometry": { "type": "MultiPolygon", "coordinates": [ [ [ [ -47.6836, -15.60625 ], [ -47.68426, -15.6052 ], [ -47.68066, -15.60466 ], [ -47.6836, -15.60625 ] ] ], [ [ [ -47.68524, -15.60352 ], [ -47.68229, -15.60184 ], [ -47.68426, -15.6052 ], [ -47.68524, -15.60352 ] ] ], [ [ [ -47.68808, -15.60244 ], [ -47.68571, -15.60108 ], [ -47.68683, -15.6044 ], [ -47.68808, -15.60244 ] ] ], [ [ [ -47.68229, -15.60184 ], [ -47.67543, -15.59811 ], [ -47.67535, -15.60118 ], [ -47.68084, -15.60432 ], [ -47.68229, -15.60184 ] ] ] ] } },
{ "type": "Feature", "properties": { "cluster": 333.0, "hvi": 0.1266, "population": 2738, "setores": 4, "municipio": "Brasília" }, "geometry": { "type": "Polygon", "coordinates": [ [ [ -47.67948, -15.60664 ], [ -47.68084, -15.60432 ], [ -47.67619, -15.60486 ], [ -47.67736, -15.60288 ], [ -47.67405, -15.60048 ], [ -47.67543, -15.59811 ], [ -47.6691, -15.59545 ], [ -47.66761, -15.60238 ], [ -47.67028, -15.60118 ], [ -47.67217, -15.60272 ], [ -47.66717, -15.60411 ], [ -47.67186, -15.60634 ], [ -47.67267, -15.60312 ], [ -47.67554, -15.60545 ], [ -47.67364, -15.60718 ], [ -47.67948, -15.60664 ] ] ] } },
{ "type": "Feature", "properties": { "cluster": 334.0, "hvi": 0.1149, "population": 2242, "setores": 5, "municipio": "Brasília" }, "geometry": { "type": "Polygon", "coordinates": [ [ [ -47.67484, -15.61879 ], [ -47.67467, -15.61557 ], [ -47.67606, -15.61551 ], [ -47.6745, -15.61243 ], [ -47.67529, -15.61239 ], [ -47.67312, -15.61036 ], [ -47.65943, -15.61493 ], [ -47.66306, -15.62092 ], [ -47.67259, -15.62037 ], [ -47.67251, -15.61874 ], [ -47.67484, -15.61879 ] ], [ [ -47.67251, -15.61871 ], [ -47.67219, -15.61254 ], [ -47.67467, -15.61557 ], [ -47.67251, -15.61871 ] ] ] } },
{ "type": "Feature", "properties": { "cluster": 335.0, "hvi": 0.1264, "population": 1360, "setores": 2, "municipio": "Brasília" }, "geometry": { "type": "MultiPolygon", "coordinates": [ [ [ [ -47.67807, -15.61591 ], [ -47.68119, -15.61574 ], [ -47.68115, -15.61378 ], [ -47.67807, -15.61591 ] ] ], [ [ [ -47.678, -15.61394 ], [ -47.68115, -15.61378 ], [ -47.67998, -15.61187 ], [ -47.678, -15.61394 ] ] ] ] } },
{ "type": "Feature", "properties": { "cluster": 336.0, "hvi": 0.1269, "population": 715, "setores": 1, "municipio": "Brasília" }, "geometry": { "type": "Polygon", "coordinates": [ [ [ -47.6842, -15.60894 ], [ -47.68425, -15.61434 ], [ -47.68621, -15.6137 ], [ -47.6842, -15.60894 ] ] ] } },
{ "type": "Feature", "properties": { "cluster": 337.0, "hvi": 0.1333, "population": 2497, "setores": 3, "municipio": "Brasília" }, "geometry": { "type": "MultiPolygon", "coordinates": [ [ [ [ -47.68667, -15.61545 ], [ -47.68729, -15.6181 ], [ -47.68763, -15.61226 ], [ -47.68667, -15.61545 ] ] ], [ [ [ -47.68958, -15.61275 ], [ -47.68666, -15.608 ], [ -47.68422, -15.60852 ], [ -47.68594, -15.61259 ], [ -47.68763, -15.61226 ], [ -47.68791, -15.61358 ], [ -47.68958, -15.61275 ] ] ] ] } },
{ "type": "Feature", "properties": { "cluster": 338.0, "hvi": 0.1235, "population": 1258, "setores": 2, "municipio": "Brasília" }, "geometry": { "type": "MultiPolygon", "coordinates": [ [ [ [ -47.69226, -15.61069 ], [ -47.688, -15.60769 ], [ -47.6895, -15.61252 ], [ -47.69226, -15.61069 ] ] ], [ [ [ -47.69241, -15.61078 ], [ -47.69384, -15.60949 ], [ -47.69251, -15.60875 ], [ -47.69241, -15.61078 ] ] ] ] } },
{ "type": "Feature", "properties": { "cluster": 339.0, "hvi": 0.1197, "population": 2772, "setores": 5, "municipio": "Brasília" }, "geometry": { "type": "Polygon", "coordinates": [ [ [ -47.69035, -15.61435 ], [ -47.69007, -15.61377 ], [ -47.69183, -15.61259 ], [ -47.69103, -15.61562 ], [ -47.69782, -15.6105 ], [ -47.69241, -15.61078 ], [ -47.69276, -15.61173 ], [ -47.69104, -15.61151 ], [ -47.69007, -15.61376 ], [ -47.68958, -15.61275 ], [ -47.68839, -15.61573 ], [ -47.69035, -15.61435 ] ] ] } },
{ "type": "Feature", "properties": { "cluster": 340.0, "hvi": 0.1194, "population": 1646, "setores": 3, "municipio": "Brasília" }, "geometry": { "type": "MultiPolygon", "coordinates": [ [ [ [ -47.68034, -15.62292 ], [ -47.68031, -15.61902 ], [ -47.67921, -15.61976 ], [ -47.68029, -15.61848 ], [ -47.67627, -15.61882 ], [ -47.67568, -15.61881 ], [ -47.68034, -15.62292 ] ] ], [ [ [ -47.67627, -15.61882 ], [ -47.67606, -15.61551 ], [ -47.67484, -15.61879 ], [ -47.67627, -15.61882 ] ] ] ] } },
{ "type": "Feature", "properties": { "cluster": 341.0, "hvi": 0.1156, "population": 2849, "setores": 6, "municipio": "Brasília" }, "geometry": { "type": "MultiPolygon", "coordinates": [ [ [ [ -47.65708, -15.6422 ], [ -47.65867, -15.64215 ], [ -47.65691, -15.63701 ], [ -47.65708, -15.6422 ] ] ], [ [ [ -47.6548, -15.63903 ], [ -47.65179, -15.6329 ], [ -47.65095, -15.64107 ], [ -47.6548, -15.63903 ] ] ], [ [ [ -47.6548, -15.63903 ], [ -47.65782, -15.63537 ], [ -47.65672, -15.63509 ], [ -47.65594, -15.63259 ], [ -47.65179, -15.6329 ], [ -47.65483, -15.63462 ], [ -47.6548, -15.63903 ] ] ], [ [ [ -47.65062, -15.62922 ], [ -47.64363, -15.62979 ], [ -47.65179, -15.6329 ], [ -47.65071, -15.62747 ], [ -47.65067, -15.63006 ], [ -47.65062, -15.62922 ] ] ] ] } },
{ "type": "Feature", "properties": { "cluster": 342.0, "hvi": 0.1376, "population": 2691, "setores": 3, "municipio": "Brasília" }, "geometry": { "type": "MultiPolygon", "coordinates": [ [ [ [ -47.65472, -15.64796 ], [ -47.65928, -15.64807 ], [ -47.65915, -15.64712 ], [ -47.66153, -15.64816 ], [ -47.66205, -15.64335 ], [ -47.65782, -15.63537 ], [ -47.65828, -15.64219 ], [ -47.6548, -15.64217 ], [ -47.65472, -15.64796 ] ] ], [ [ [ -47.6548, -15.63903 ], [ -47.65224, -15.63901 ], [ -47.65478, -15.64293 ], [ -47.6548, -15.63903 ] ] ] ] } },
{ "type": "Feature", "properties": { "cluster": 343.0, "hvi": 0.117, "population": 2999, "setores": 6, "municipio": "Brasília" }, "geometry": { "type": "MultiPolygon", "coordinates": [ [ [ [ -47.64807, -15.63996 ], [ -47.64814, -15.63761 ], [ -47.64861, -15.63671 ], [ -47.64578, -15.63761 ], [ -47.64813, -15.63761 ], [ -47.6457, -15.63988 ], [ -47.64807, -15.63996 ] ] ], [ [ [ -47.65134, -15.63728 ], [ -47.64807, -15.63996 ], [ -47.65104, -15.64009 ], [ -47.65134, -15.63728 ] ] ], [ [ [ -47.65134, -15.63728 ], [ -47.65149, -15.63591 ], [ -47.64862, -15.63717 ], [ -47.65134, -15.63728 ] ] ], [ [ [ -47.64865, -15.63496 ], [ -47.64673, -15.63665 ], [ -47.64861, -15.63671 ], [ -47.64865, -15.63496 ] ] ], [ [ [ -47.64538, -15.63279 ], [ -47.64865, -15.63496 ], [ -47.64921, -15.63516 ], [ -47.64538, -15.63279 ] ] ] ] } },
{ "type": "Feature", "properties": { "cluster": 344.0, "hvi": 0.1185, "population": 1074, "setores": 2, "municipio": "Brasília" }, "geometry": { "type": "Polygon", "coordinates": [ [ [ -47.64862, -15.63582 ], [ -47.65149, -15.63591 ], [ -47.65179, -15.6329 ], [ -47.64846, -15.63118 ], [ -47.64915, -15.63358 ], [ -47.64862, -15.63582 ] ] ] } },
{ "type": "Feature", "properties": { "cluster": 345.0, "hvi": 0.1209, "population": 2898, "setores": 5, "municipio": "Brasília" }, "geometry": { "type": "MultiPolygon", "coordinates": [ [ [ [ -47.641, -15.63782 ], [ -47.64388, -15.63792 ], [ -47.64396, -15.63502 ], [ -47.63835, -15.63374 ], [ -47.63821, -15.63771 ], [ -47.64094, -15.63976 ], [ -47.641, -15.63782 ] ] ], [ [ [ -47.6457, -15.63988 ], [ -47.64582, -15.6355 ], [ -47.64382, -15.63983 ], [ -47.6457, -15.63988 ] ] ], [ [ [ -47.6399, -15.63263 ], [ -47.6426, -15.63467 ], [ -47.64267, -15.63332 ], [ -47.6399, -15.63263 ] ] ] ] } },
{ "type": "Feature", "properties": { "cluster": 346.0, "hvi": 0.1295, "population": 2994, "setores": 4, "municipio": "Brasília" }, "geometry": { "type": "MultiPolygon", "coordinates": [ [ [ [ -47.64808, -15.63476 ], [ -47.64278, -15.63291 ], [ -47.64363, -15.62979 ], [ -47.6403, -15.62895 ], [ -47.6399, -15.63258 ], [ -47.63995, -15.63181 ], [ -47.63806, -15.63175 ], [ -47.63982, -15.63398 ], [ -47.6399, -15.63263 ], [ -47.64265, -15.63331 ], [ -47.6426, -15.63467 ], [ -47.64808, -15.63476 ] ] ], [ [ [ -47.64738, -15.6335 ], [ -47.64846, -15.63118 ], [ -47.64363, -15.62979 ], [ -47.64347, -15.63214 ], [ -47.64738, -15.6335 ] ] ] ] } },
{ "type": "Feature", "properties": { "cluster": 347.0, "hvi": 0.1331, "population": 2488, "setores": 3, "municipio": "Brasília" }, "geometry": { "type": "MultiPolygon", "coordinates": [ [ [ [ -47.63633, -15.64138 ], [ -47.63544, -15.63763 ], [ -47.63339, -15.63756 ], [ -47.6333, -15.64126 ], [ -47.63633, -15.64138 ] ] ], [ [ [ -47.63821, -15.63771 ], [ -47.63835, -15.63374 ], [ -47.63354, -15.63299 ], [ -47.63342, -15.63569 ], [ -47.63821, -15.63771 ] ] ] ] } },
{ "type": "Feature", "properties": { "cluster": 348.0, "hvi": 0.141, "population": 2995, "setores": 3, "municipio": "Brasília" }, "geometry": { "type": "Polygon", "coordinates": [ [ [ -47.63114, -15.64592 ], [ -47.63133, -15.64123 ], [ -47.62942, -15.64223 ], [ -47.62946, -15.64115 ], [ -47.6333, -15.64126 ], [ -47.63339, -15.63756 ], [ -47.625, -15.63818 ], [ -47.6245, -15.641 ], [ -47.62932, -15.64114 ], [ -47.62439, -15.64137 ], [ -47.63114, -15.64592 ] ] ] } },
{ "type": "Feature", "properties": { "cluster": 349.0, "hvi": 0.1143, "population": 1752, "setores": 4, "municipio": "Brasília" }, "geometry": { "type": "MultiPolygon", "coordinates": [ [ [ [ -47.6332, -15.64406 ], [ -47.63122, -15.64399 ], [ -47.63312, -15.64732 ], [ -47.6332, -15.64406 ] ] ], [ [ [ -47.63148, -15.64662 ], [ -47.62439, -15.64137 ], [ -47.62342, -15.64696 ], [ -47.63086, -15.64725 ], [ -47.63148, -15.64662 ] ] ], [ [ [ -47.6333, -15.64126 ], [ -47.63133, -15.64123 ], [ -47.6332, -15.64406 ], [ -47.6333, -15.64126 ] ] ], [ [ [ -47.6358, -15.64136 ], [ -47.6333, -15.64126 ], [ -47.63585, -15.64325 ], [ -47.6358, -15.64136 ] ] ] ] } },
{ "type": "Feature", "properties": { "cluster": 350.0, "hvi": 0.1331, "population": 2480, "setores": 3, "municipio": "Brasília" }, "geometry": { "type": "MultiPolygon", "coordinates": [ [ [ [ -47.63319, -15.6445 ], [ -47.63682, -15.64526 ], [ -47.63687, -15.6433 ], [ -47.63319, -15.6445 ] ] ], [ [ [ -47.63809, -15.64145 ], [ -47.6358, -15.64136 ], [ -47.63806, -15.64333 ], [ -47.63809, -15.64145 ] ] ], [ [ [ -47.63821, -15.63771 ], [ -47.63544, -15.63763 ], [ -47.63821, -15.64145 ], [ -47.63821, -15.63771 ] ] ] ] } },
{ "type": "Feature", "properties": { "cluster": 351.0, "hvi": 0.1309, "population": 2347, "setores": 3, "municipio": "Brasília" }, "geometry": { "type": "MultiPolygon", "coordinates": [ [ [ [ -47.64377, -15.64351 ], [ -47.64381, -15.64161 ], [ -47.64191, -15.64157 ], [ -47.64025, -15.6434 ], [ -47.64377, -15.64351 ] ] ], [ [ [ -47.64382, -15.63983 ], [ -47.63829, -15.63964 ], [ -47.64381, -15.64161 ], [ -47.64382, -15.63983 ] ] ], [ [ [ -47.64388, -15.63792 ], [ -47.641, -15.63782 ], [ -47.64382, -15.63983 ], [ -47.64388, -15.63792 ] ] ] ] } },
{ "type": "Feature", "properties": { "cluster": 352.0, "hvi": 0.1229, "population": 1256, "setores": 2, "municipio": "Brasília" }, "geometry": { "type": "MultiPolygon", "coordinates": [ [ [ [ -47.64155, -15.64539 ], [ -47.64159, -15.64345 ], [ -47.63687, -15.6433 ], [ -47.64155, -15.64539 ] ] ], [ [ [ -47.64025, -15.6434 ], [ -47.64191, -15.64157 ], [ -47.63809, -15.64145 ], [ -47.64025, -15.6434 ] ] ] ] } },
{ "type": "Feature", "properties": { "cluster": 353.0, "hvi": 0.1404, "population": 1897, "setores": 2, "municipio": "Brasília" }, "geometry": { "type": "MultiPolygon", "coordinates": [ [ [ [ -47.63679, -15.64741 ], [ -47.64152, -15.64757 ], [ -47.64155, -15.64539 ], [ -47.63679, -15.64741 ] ] ], [ [ [ -47.63679, -15.64741 ], [ -47.63682, -15.64526 ], [ -47.63319, -15.6445 ], [ -47.63312, -15.64732 ], [ -47.63679, -15.64741 ] ] ] ] } },
{ "type": "Feature", "properties": { "cluster": 354.0, "hvi": 0.1169, "population": 2025, "setores": 4, "municipio": "Brasília" }, "geometry": { "type": "MultiPolygon", "coordinates": [ [ [ [ -47.64337, -15.64763 ], [ -47.64355, -15.64534 ], [ -47.64152, -15.64757 ], [ -47.64337, -15.64763 ] ] ], [ [ [ -47.6454, -15.64538 ], [ -47.64549, -15.64358 ], [ -47.64355, -15.64534 ], [ -47.6454, -15.64538 ] ] ], [ [ [ -47.64359, -15.64352 ], [ -47.64159, -15.64345 ], [ -47.64355, -15.64534 ], [ -47.64359, -15.64352 ] ] ], [ [ [ -47.6466, -15.64362 ], [ -47.64666, -15.6399 ], [ -47.64382, -15.63983 ], [ -47.64377, -15.64351 ], [ -47.6466, -15.64362 ] ] ] ] } },
{ "type": "Feature", "properties": { "cluster": 355.0, "hvi": 0.1344, "population": 2525, "setores": 3, "municipio": "Brasília" }, "geometry": { "type": "MultiPolygon", "coordinates": [ [ [ [ -47.65022, -15.6478 ], [ -47.65046, -15.6455 ], [ -47.6481, -15.64545 ], [ -47.64817, -15.64368 ], [ -47.64549, -15.64358 ], [ -47.64807, -15.64545 ], [ -47.6454, -15.64538 ], [ -47.64534, -15.64765 ], [ -47.65022, -15.6478 ] ] ], [ [ [ -47.65104, -15.64009 ], [ -47.64666, -15.6399 ], [ -47.6466, -15.64362 ], [ -47.65068, -15.64377 ], [ -47.65104, -15.64009 ] ] ] ] } },
{ "type": "Feature", "properties": { "cluster": 356.0, "hvi": 0.1212, "population": 587, "setores": 1, "municipio": "Brasília" }, "geometry": { "type": "Polygon", "coordinates": [ [ [ -47.6494, -15.65654 ], [ -47.65192, -15.6569 ], [ -47.65275, -15.65063 ], [ -47.65005, -15.65027 ], [ -47.6494, -15.65654 ] ] ] } },
{ "type": "Feature", "properties": { "cluster": 357.0, "hvi": 0.113, "population": 1984, "setores": 5, "municipio": "Brasília" }, "geometry": { "type": "MultiPolygon", "coordinates": [ [ [ [ -47.65351, -15.67781 ], [ -47.65462, -15.67766 ], [ -47.64522, -15.67381 ], [ -47.65351, -15.67781 ] ] ], [ [ [ -47.65478, -15.67738 ], [ -47.64893, -15.67424 ], [ -47.65462, -15.67766 ], [ -47.65478, -15.67738 ] ] ], [ [ [ -47.64562, -15.67291 ], [ -47.64997, -15.6757 ], [ -47.65026, -15.67514 ], [ -47.64562, -15.67291 ] ] ], [ [ [ -47.65102, -15.67476 ], [ -47.65546, -15.67498 ], [ -47.65594, -15.67231 ], [ -47.65436, -15.66992 ], [ -47.65102, -15.67476 ] ] ] ] } },
{ "type": "Feature", "properties": { "cluster": 358.0, "hvi": 0.1224, "population": 2724, "setores": 6, "municipio": "Brasília" }, "geometry": { "type": "Polygon", "coordinates": [ [ [ -47.64744, -15.67608 ], [ -47.65424, -15.67866 ], [ -47.65431, -15.67806 ], [ -47.64716, -15.67572 ], [ -47.64413, -15.6718 ], [ -47.64449, -15.67067 ], [ -47.64562, -15.67291 ], [ -47.6513, -15.67409 ], [ -47.64958, -15.67316 ], [ -47.65436, -15.66992 ], [ -47.6524, -15.66868 ], [ -47.64949, -15.67312 ], [ -47.6519, -15.66929 ], [ -47.64927, -15.66997 ], [ -47.64611, -15.66555 ], [ -47.64322, -15.66592 ], [ -47.64156, -15.67525 ], [ -47.64784, -15.68034 ], [ -47.64924, -15.67841 ], [ -47.64794, -15.67672 ], [ -47.65414, -15.67924 ], [ -47.64744, -15.67608 ] ] ] } },
{ "type": "Feature", "properties": { "cluster": 359.0, "hvi": 0.1184, "population": 2643, "setores": 5, "municipio": "Brasília" }, "geometry": { "type": "MultiPolygon", "coordinates": [ [ [ [ -47.65533, -15.68251 ], [ -47.65476, -15.68155 ], [ -47.64953, -15.67866 ], [ -47.65384, -15.68145 ], [ -47.65101, -15.68114 ], [ -47.65473, -15.68249 ], [ -47.65125, -15.68239 ], [ -47.65178, -15.68506 ], [ -47.65533, -15.68251 ] ] ], [ [ [ -47.64823, -15.67754 ], [ -47.65214, -15.67976 ], [ -47.65394, -15.68008 ], [ -47.64823, -15.67754 ] ] ], [ [ [ -47.65425, -15.67927 ], [ -47.64823, -15.67754 ], [ -47.65407, -15.67973 ], [ -47.65425, -15.67927 ] ] ] ] } },
{ "type": "Feature", "properties": { "cluster": 360.0, "hvi": 0.1147, "population": 2691, "setores": 6, "municipio": "Brasília" }, "geometry": { "type": "MultiPolygon", "coordinates": [ [ [ [ -47.64756, -15.60622 ], [ -47.64709, -15.60415 ], [ -47.6461, -15.60628 ], [ -47.64597, -15.6042 ], [ -47.64497, -15.60633 ], [ -47.64273, -15.60643 ], [ -47.64328, -15.6025 ], [ -47.64229, -15.60645 ], [ -47.6495, -15.60786 ], [ -47.64978, -15.61322 ], [ -47.65486, -15.61294 ], [ -47.65452, -15.60588 ], [ -47.64756, -15.60622 ] ] ], [ [ [ -47.64869, -15.60616 ], [ -47.64857, -15.60408 ], [ -47.64756, -15.60622 ], [ -47.64869, -15.60616 ] ] ], [ [ [ -47.64597, -15.6042 ], [ -47.64476, -15.60242 ], [ -47.64487, -15.60425 ], [ -47.64597, -15.6042 ] ] ] ] } },
{ "type": "Feature", "properties": { "cluster": 361.0, "hvi": 0.1179, "population": 2941, "setores": 6, "municipio": "Brasília" }, "geometry": { "type": "MultiPolygon", "coordinates": [ [ [ [ -47.64372, -15.62873 ], [ -47.64216, -15.62937 ], [ -47.64363, -15.62979 ], [ -47.64372, -15.62873 ] ] ], [ [ [ -47.64366, -15.62959 ], [ -47.65079, -15.62901 ], [ -47.64446, -15.6287 ], [ -47.64366, -15.62959 ] ] ], [ [ [ -47.64359, -15.62636 ], [ -47.64349, -15.62452 ], [ -47.63566, -15.62488 ], [ -47.63511, -15.62786 ], [ -47.64372, -15.62873 ], [ -47.64359, -15.62636 ] ] ], [ [ [ -47.64426, -15.62513 ], [ -47.64359, -15.62636 ], [ -47.65058, -15.62508 ], [ -47.64426, -15.62513 ] ] ], [ [ [ -47.64349, -15.62452 ], [ -47.65067, -15.62329 ], [ -47.65064, -15.62276 ], [ -47.64349, -15.62452 ] ] ], [ [ [ -47.64016, -15.62369 ], [ -47.64349, -15.62452 ], [ -47.64339, -15.62247 ], [ -47.64016, -15.62369 ] ] ] ] } },
{ "type": "Feature", "properties": { "cluster": 362.0, "hvi": 0.1272, "population": 2859, "setores": 4, "municipio": "Brasília" }, "geometry": { "type": "MultiPolygon", "coordinates": [ [ [ [ -47.68406, -15.61377 ], [ -47.68232, -15.60943 ], [ -47.67932, -15.60973 ], [ -47.68043, -15.61317 ], [ -47.68406, -15.61377 ] ] ], [ [ [ -47.67998, -15.61187 ], [ -47.67932, -15.60973 ], [ -47.67527, -15.6099 ], [ -47.67529, -15.61239 ], [ -47.67998, -15.61187 ] ] ], [ [ [ -47.67191, -15.60726 ], [ -47.67204, -15.61022 ], [ -47.69137, -15.6071 ], [ -47.68524, -15.60352 ], [ -47.6836, -15.60625 ], [ -47.67191, -15.60726 ] ] ], [ [ [ -47.67486, -15.60513 ], [ -47.67221, -15.60359 ], [ -47.67191, -15.60726 ], [ -47.67486, -15.60513 ] ] ] ] } },
{ "type": "Feature", "properties": { "cluster": 363.0, "hvi": 0.1353, "population": 2580, "setores": 3, "municipio": "Brasília" }, "geometry": { "type": "MultiPolygon", "coordinates": [ [ [ [ -47.68121, -15.61844 ], [ -47.68119, -15.61574 ], [ -47.67807, -15.6154 ], [ -47.67627, -15.61882 ], [ -47.68121, -15.61844 ] ] ], [ [ [ -47.67807, -15.6154 ], [ -47.67792, -15.61223 ], [ -47.67606, -15.61551 ], [ -47.67807, -15.6154 ] ] ] ] } },
{ "type": "Feature", "properties": { "cluster": 364.0, "hvi": 0.1188, "population": 2727, "setores": 5, "municipio": "Brasília" }, "geometry": { "type": "MultiPolygon", "coordinates": [ [ [ [ -47.6856, -15.61819 ], [ -47.68486, -15.61604 ], [ -47.68121, -15.61844 ], [ -47.6856, -15.61819 ] ] ], [ [ [ -47.68729, -15.6181 ], [ -47.68667, -15.61545 ], [ -47.6856, -15.61819 ], [ -47.68729, -15.6181 ] ] ], [ [ [ -47.68486, -15.61604 ], [ -47.68425, -15.61434 ], [ -47.68238, -15.61433 ], [ -47.68119, -15.61539 ], [ -47.68273, -15.61676 ], [ -47.68486, -15.61604 ] ] ], [ [ [ -47.68621, -15.6137 ], [ -47.68486, -15.61604 ], [ -47.68667, -15.61545 ], [ -47.68621, -15.6137 ] ] ] ] } },
{ "type": "Feature", "properties": { "cluster": 365.0, "hvi": 0.1155, "population": 2761, "setores": 7, "municipio": "Brasília" }, "geometry": { "type": "MultiPolygon", "coordinates": [ [ [ [ -47.62566, -15.63421 ], [ -47.625, -15.63818 ], [ -47.63339, -15.63756 ], [ -47.63354, -15.63299 ], [ -47.62992, -15.63355 ], [ -47.6287, -15.62733 ], [ -47.62664, -15.62647 ], [ -47.62646, -15.62103 ], [ -47.61684, -15.61981 ], [ -47.61525, -15.62303 ], [ -47.62111, -15.6248 ], [ -47.59751, -15.62286 ], [ -47.57682, -15.60859 ], [ -47.57498, -15.60319 ], [ -47.56268, -15.61022 ], [ -47.557, -15.60372 ], [ -47.54609, -15.61466 ], [ -47.57198, -15.62894 ], [ -47.57125, -15.63786 ], [ -47.59066, -15.64882 ], [ -47.59319, -15.65505 ], [ -47.59974, -15.65607 ], [ -47.60126, -15.66003 ], [ -47.62404, -15.65754 ], [ -47.62139, -15.64915 ], [ -47.62439, -15.64137 ], [ -47.62566, -15.63421 ] ] ], [ [ [ -47.63798, -15.63371 ], [ -47.6403, -15.62895 ], [ -47.63852, -15.62885 ], [ -47.63065, -15.631 ], [ -47.63798, -15.63371 ] ] ] ] } },
{ "type": "Feature", "properties": { "cluster": 366.0, "hvi": 0.1378, "population": 1834, "setores": 2, "municipio": "Brasília" }, "geometry": { "type": "Polygon", "coordinates": [ [ [ -47.6703, -15.63895 ], [ -47.67515, -15.6355 ], [ -47.67452, -15.63457 ], [ -47.68561, -15.64194 ], [ -47.67895, -15.62973 ], [ -47.67318, -15.62916 ], [ -47.67423, -15.63415 ], [ -47.67377, -15.63346 ], [ -47.66781, -15.63646 ], [ -47.6703, -15.63895 ] ] ] } },
{ "type": "Feature", "properties": { "cluster": 367.0, "hvi": 0.1073, "population": 3558, "setores": 17, "municipio": "Brasília" }, "geometry": { "type": "MultiPolygon", "coordinates": [ [ [ [ -47.66145, -15.67735 ], [ -47.66464, -15.68857 ], [ -47.67416, -15.69738 ], [ -47.67135, -15.70011 ], [ -47.67301, -15.70449 ], [ -47.67775, -15.70736 ], [ -47.70266, -15.69883 ], [ -47.70224, -15.69263 ], [ -47.69277, -15.6793 ], [ -47.69135, -15.66496 ], [ -47.69555, -15.64804 ], [ -47.69188, -15.64563 ], [ -47.69846, -15.64427 ], [ -47.70536, -15.62899 ], [ -47.70655, -15.62942 ], [ -47.7172, -15.62134 ], [ -47.69782, -15.6105 ], [ -47.68882, -15.619 ], [ -47.68802, -15.61895 ], [ -47.68872, -15.6172 ], [ -47.68771, -15.61784 ], [ -47.68796, -15.61895 ], [ -47.68029, -15.61848 ], [ -47.68034, -15.62292 ], [ -47.67568, -15.61881 ], [ -47.66455, -15.62084 ], [ -47.66596, -15.62581 ], [ -47.66306, -15.6279 ], [ -47.66572, -15.6334 ], [ -47.66399, -15.63324 ], [ -47.6639, -15.63938 ], [ -47.66969, -15.63828 ], [ -47.66826, -15.63577 ], [ -47.67377, -15.63346 ], [ -47.67318, -15.62916 ], [ -47.68777, -15.62509 ], [ -47.68534, -15.62612 ], [ -47.68706, -15.62743 ], [ -47.67873, -15.6293 ], [ -47.67848, -15.62882 ], [ -47.67787, -15.62985 ], [ -47.67895, -15.62973 ], [ -47.68561, -15.64194 ], [ -47.67471, -15.64841 ], [ -47.67502, -15.64901 ], [ -47.6662, -15.64832 ], [ -47.66131, -15.64815 ], [ -47.66166, -15.66358 ], [ -47.66236, -15.66275 ], [ -47.66031, -15.67529 ], [ -47.66472, -15.67644 ], [ -47.66145, -15.67735 ] ], [ [ -47.6731, -15.65676 ], [ -47.67309, -15.65685 ], [ -47.6662, -15.64832 ], [ -47.6731, -15.65676 ] ], [ [ -47.66883, -15.67528 ], [ -47.66916, -15.67511 ], [ -47.66917, -15.67519 ], [ -47.66883, -15.67528 ] ], [ [ -47.67816, -15.65496 ], [ -47.67658, -15.65507 ], [ -47.67657, -15.65195 ], [ -47.67816, -15.65496 ] ], [ [ -47.67652, -15.66762 ], [ -47.66852, -15.67171 ], [ -47.67651, -15.66747 ], [ -47.67652, -15.66762 ] ], [ [ -47.6845, -15.6545 ], [ -47.68383, -15.65455 ], [ -47.68459, -15.65442 ], [ -47.6845, -15.6545 ] ], [ [ -47.69391, -15.63602 ], [ -47.69368, -15.63618 ], [ -47.69788, -15.62943 ], [ -47.69391, -15.63602 ] ], [ [ -47.67231, -15.66191 ], [ -47.67227, -15.66219 ], [ -47.66711, -15.65709 ], [ -47.67231, -15.66191 ] ] ], [ [ [ -47.65022, -15.6478 ], [ -47.65721, -15.66353 ], [ -47.66098, -15.66306 ], [ -47.65928, -15.64807 ], [ -47.65022, -15.6478 ] ] ], [ [ [ -47.68561, -15.64194 ], [ -47.67734, -15.63706 ], [ -47.67483, -15.63885 ], [ -47.67368, -15.63655 ], [ -47.67112, -15.64055 ], [ -47.67022, -15.63857 ], [ -47.6639, -15.63938 ], [ -47.6662, -15.64832 ], [ -47.67471, -15.64841 ], [ -47.67453, -15.64801 ], [ -47.68561, -15.64194 ] ] ] ] } },
{ "type": "Feature", "properties": { "cluster": 368.0, "hvi": 0.1365, "population": 2735, "setores": 6, "municipio": "Brasília" }, "geometry": { "type": "MultiPolygon", "coordinates": [ [ [ [ -47.74291, -15.66984 ], [ -47.73793, -15.66454 ], [ -47.75233, -15.64014 ], [ -47.74648, -15.63732 ], [ -47.73762, -15.64905 ], [ -47.73424, -15.64502 ], [ -47.72592, -15.64805 ], [ -47.71827, -15.64571 ], [ -47.69832, -15.64433 ], [ -47.69363, -15.64667 ], [ -47.69584, -15.64902 ], [ -47.69135, -15.66496 ], [ -47.69277, -15.6793 ], [ -47.70224, -15.69263 ], [ -47.7073, -15.68226 ], [ -47.70205, -15.69304 ], [ -47.70236, -15.69973 ], [ -47.72175, -15.69689 ], [ -47.73138, -15.69852 ], [ -47.74659, -15.68574 ], [ -47.74558, -15.67778 ], [ -47.74018, -15.67469 ], [ -47.7293, -15.68281 ], [ -47.74291, -15.66984 ] ], [ [ -47.72485, -15.68614 ], [ -47.72403, -15.68674 ], [ -47.7073, -15.68226 ], [ -47.72485, -15.68614 ] ], [ [ -47.73603, -15.65115 ], [ -47.73359, -15.6504 ], [ -47.73705, -15.64981 ], [ -47.73603, -15.65115 ] ] ], [ [ [ -47.75725, -15.63561 ], [ -47.75612, -15.63293 ], [ -47.75233, -15.64014 ], [ -47.7616, -15.6444 ], [ -47.7707, -15.63845 ], [ -47.76419, -15.63068 ], [ -47.76198, -15.63517 ], [ -47.75801, -15.63387 ], [ -47.75725, -15.63561 ] ] ] ] } },
{ "type": "Feature", "properties": { "cluster": 369.0, "hvi": 0.107, "population": 2176, "setores": 8, "municipio": "Brasília" }, "geometry": { "type": "MultiPolygon", "coordinates": [ [ [ [ -47.35038, -15.59269 ], [ -47.36047, -15.61987 ], [ -47.35367, -15.63639 ], [ -47.35542, -15.64314 ], [ -47.35863, -15.64027 ], [ -47.36741, -15.64262 ], [ -47.38949, -15.6596 ], [ -47.39731, -15.66049 ], [ -47.40791, -15.65465 ], [ -47.43103, -15.66425 ], [ -47.44223, -15.68215 ], [ -47.43811, -15.69286 ], [ -47.4404, -15.70589 ], [ -47.48942, -15.68739 ], [ -47.48531, -15.67169 ], [ -47.49021, -15.61008 ], [ -47.49704, -15.57964 ], [ -47.50576, -15.58143 ], [ -47.57235, -15.58398 ], [ -47.57246, -15.58547 ], [ -47.61592, -15.5978 ], [ -47.66264, -15.59391 ], [ -47.69665, -15.59971 ], [ -47.70279, -15.59223 ], [ -47.71046, -15.59222 ], [ -47.71113, -15.58253 ], [ -47.70112, -15.57845 ], [ -47.7003, -15.57052 ], [ -47.68538, -15.56552 ], [ -47.68458, -15.57322 ], [ -47.67806, -15.58222 ], [ -47.62254, -15.52827 ], [ -47.61734, -15.52169 ], [ -47.6174, -15.50384 ], [ -47.56997, -15.51348 ], [ -47.56325, -15.50206 ], [ -47.49275, -15.50192 ], [ -47.41841, -15.50182 ], [ -47.41841, -15.54566 ], [ -47.4141, -15.54854 ], [ -47.40277, -15.54746 ], [ -47.39904, -15.55145 ], [ -47.39947, -15.55725 ], [ -47.39418, -15.55807 ], [ -47.38977, -15.56719 ], [ -47.38062, -15.5669 ], [ -47.37789, -15.57598 ], [ -47.34381, -15.58158 ], [ -47.35211, -15.58394 ], [ -47.35038, -15.59269 ] ], [ [ -47.47274, -15.57537 ], [ -47.46515, -15.57791 ], [ -47.46013, -15.55631 ], [ -47.46229, -15.55007 ], [ -47.46988, -15.54672 ], [ -47.46714, -15.53997 ], [ -47.46299, -15.5398 ], [ -47.46495, -15.53519 ], [ -47.46841, -15.53354 ], [ -47.46392, -15.52513 ], [ -47.46311, -15.51038 ], [ -47.47164, -15.51522 ], [ -47.47573, -15.51381 ], [ -47.47992, -15.53262 ], [ -47.49905, -15.5682 ], [ -47.49704, -15.57964 ], [ -47.47274, -15.57537 ] ], [ [ -47.53163, -15.52009 ], [ -47.53682, -15.53478 ], [ -47.52495, -15.50199 ], [ -47.53163, -15.52009 ] ], [ [ -47.36047, -15.58602 ], [ -47.36005, -15.5859 ], [ -47.38164, -15.57811 ], [ -47.36047, -15.58602 ] ], [ [ -47.57229, -15.5832 ], [ -47.53903, -15.5378 ], [ -47.57208, -15.58017 ], [ -47.57229, -15.5832 ] ], [ [ -47.45725, -15.54032 ], [ -47.45599, -15.53947 ], [ -47.46409, -15.5356 ], [ -47.45725, -15.54032 ] ], [ [ -47.44932, -15.53966 ], [ -47.44952, -15.53807 ], [ -47.45304, -15.53478 ], [ -47.45234, -15.53724 ], [ -47.453, -15.53781 ], [ -47.44932, -15.53966 ] ], [ [ -47.44703, -15.557 ], [ -47.44545, -15.55696 ], [ -47.44567, -15.53557 ], [ -47.44703, -15.557 ] ], [ [ -47.51139, -15.5633 ], [ -47.5053, -15.557 ], [ -47.49898, -15.54323 ], [ -47.51139, -15.5633 ] ], [ [ -47.48821, -15.51182 ], [ -47.49244, -15.52901 ], [ -47.49122, -15.52637 ], [ -47.48821, -15.51182 ] ] ], [ [ [ -47.5174, -15.62733 ], [ -47.51543, -15.62934 ], [ -47.5175, -15.63138 ], [ -47.51962, -15.62953 ], [ -47.5174, -15.62733 ] ] ] ] } },
{ "type": "Feature", "properties": { "cluster": 370.0, "hvi": 0.1077, "population": 3144, "setores": 10, "municipio": "Brasília" }, "geometry": { "type": "Polygon", "coordinates": [ [ [ -47.35924, -16.00569 ], [ -47.35844, -16.00858 ], [ -47.3486, -16.00622 ], [ -47.34563, -16.01159 ], [ -47.33842, -16.01345 ], [ -47.34061, -16.01944 ], [ -47.33736, -16.01744 ], [ -47.32568, -16.02962 ], [ -47.32247, -16.02651 ], [ -47.31693, -16.03619 ], [ -47.31001, -16.03627 ], [ -47.31267, -16.04211 ], [ -47.3085, -16.04209 ], [ -47.3085, -16.04997 ], [ -47.41582, -16.04987 ], [ -47.41278, -16.03216 ], [ -47.4071, -16.02197 ], [ -47.39381, -15.94254 ], [ -47.39764, -15.93009 ], [ -47.38714, -15.85691 ], [ -47.42259, -15.86418 ], [ -47.4504, -15.85823 ], [ -47.46497, -15.86331 ], [ -47.47673, -15.86118 ], [ -47.47141, -15.8554 ], [ -47.47501, -15.85038 ], [ -47.47849, -15.85094 ], [ -47.48302, -15.84311 ], [ -47.49344, -15.83869 ], [ -47.4953, -15.82734 ], [ -47.51586, -15.83069 ], [ -47.5193, -15.82683 ], [ -47.52444, -15.82771 ], [ -47.52674, -15.82316 ], [ -47.53172, -15.8244 ], [ -47.53496, -15.82996 ], [ -47.54241, -15.83121 ], [ -47.54618, -15.83621 ], [ -47.55377, -15.83148 ], [ -47.53926, -15.81478 ], [ -47.54375, -15.8033 ], [ -47.54726, -15.77085 ], [ -47.54349, -15.75921 ], [ -47.5225, -15.75307 ], [ -47.51331, -15.74241 ], [ -47.5243, -15.73204 ], [ -47.57083, -15.7142 ], [ -47.50596, -15.68283 ], [ -47.44037, -15.70574 ], [ -47.43811, -15.69286 ], [ -47.44223, -15.68215 ], [ -47.43103, -15.66425 ], [ -47.40791, -15.65465 ], [ -47.39731, -15.66049 ], [ -47.38949, -15.6596 ], [ -47.36741, -15.64262 ], [ -47.35863, -15.64027 ], [ -47.35542, -15.64314 ], [ -47.35367, -15.63639 ], [ -47.36037, -15.61832 ], [ -47.35038, -15.59269 ], [ -47.35215, -15.58371 ], [ -47.34381, -15.58158 ], [ -47.32749, -15.58973 ], [ -47.32074, -15.58663 ], [ -47.31556, -15.59492 ], [ -47.32224, -15.59805 ], [ -47.33393, -15.62958 ], [ -47.3266, -15.65262 ], [ -47.32977, -15.65794 ], [ -47.32605, -15.66941 ], [ -47.33163, -15.68298 ], [ -47.32807, -15.6834 ], [ -47.32941, -15.68832 ], [ -47.32029, -15.68721 ], [ -47.31286, -15.69604 ], [ -47.31568, -15.71608 ], [ -47.34195, -15.72026 ], [ -47.31868, -15.71756 ], [ -47.32102, -15.72126 ], [ -47.31703, -15.73128 ], [ -47.31926, -15.73543 ], [ -47.31367, -15.73811 ], [ -47.31452, -15.74793 ], [ -47.31646, -15.74597 ], [ -47.32652, -15.7663 ], [ -47.32934, -15.76694 ], [ -47.32744, -15.77214 ], [ -47.33146, -15.77371 ], [ -47.33087, -15.78002 ], [ -47.33627, -15.78147 ], [ -47.3395, -15.79498 ], [ -47.34241, -15.79493 ], [ -47.34198, -15.79811 ], [ -47.34412, -15.796 ], [ -47.34556, -15.80299 ], [ -47.34967, -15.80393 ], [ -47.34853, -15.80824 ], [ -47.35519, -15.81604 ], [ -47.35298, -15.81816 ], [ -47.35696, -15.8197 ], [ -47.35541, -15.82345 ], [ -47.36079, -15.82146 ], [ -47.36232, -15.82741 ], [ -47.36728, -15.8283 ], [ -47.36485, -15.83403 ], [ -47.36601, -15.83753 ], [ -47.3681, -15.83564 ], [ -47.3707, -15.84565 ], [ -47.3689, -15.84636 ], [ -47.37123, -15.84859 ], [ -47.36789, -15.85216 ], [ -47.37083, -15.85483 ], [ -47.36982, -15.86138 ], [ -47.37442, -15.86418 ], [ -47.37084, -15.86498 ], [ -47.37401, -15.87299 ], [ -47.37199, -15.87408 ], [ -47.37683, -15.88152 ], [ -47.3807, -15.88125 ], [ -47.37695, -15.883 ], [ -47.37747, -15.89618 ], [ -47.37242, -15.90003 ], [ -47.37488, -15.90692 ], [ -47.36552, -15.90946 ], [ -47.36829, -15.91078 ], [ -47.3663, -15.91264 ], [ -47.36908, -15.92056 ], [ -47.36404, -15.91974 ], [ -47.3612, -15.92572 ], [ -47.36445, -15.92996 ], [ -47.36253, -15.93181 ], [ -47.3659, -15.9307 ], [ -47.36514, -15.93352 ], [ -47.37357, -15.93708 ], [ -47.36997, -15.93626 ], [ -47.37259, -15.94057 ], [ -47.36916, -15.94104 ], [ -47.36847, -15.94707 ], [ -47.37144, -15.94675 ], [ -47.37188, -15.95586 ], [ -47.37507, -15.95658 ], [ -47.37325, -15.96016 ], [ -47.3786, -15.96218 ], [ -47.37535, -15.96658 ], [ -47.37907, -15.96861 ], [ -47.37682, -15.97119 ], [ -47.37907, -15.97782 ], [ -47.37353, -15.98006 ], [ -47.37718, -15.98651 ], [ -47.3752, -15.98598 ], [ -47.37303, -15.9946 ], [ -47.37033, -15.99468 ], [ -47.3703, -15.99984 ], [ -47.36893, -16.0033 ], [ -47.36511, -16.00116 ], [ -47.36433, -16.00512 ], [ -47.35924, -16.00569 ] ], [ [ -47.39575, -15.83581 ], [ -47.38554, -15.84579 ], [ -47.38546, -15.84578 ], [ -47.39575, -15.83581 ] ], [ [ -47.43942, -15.70607 ], [ -47.4315, -15.70884 ], [ -47.39218, -15.71515 ], [ -47.43942, -15.70607 ] ], [ [ -47.34961, -15.72114 ], [ -47.36246, -15.71992 ], [ -47.35263, -15.72149 ], [ -47.34961, -15.72114 ] ], [ [ -47.37548, -16.01798 ], [ -47.38592, -16.00827 ], [ -47.38146, -16.01264 ], [ -47.37887, -16.01843 ], [ -47.37822, -16.01554 ], [ -47.37548, -16.01798 ] ], [ [ -47.52091, -15.71847 ], [ -47.50163, -15.73233 ], [ -47.52089, -15.71839 ], [ -47.52091, -15.71847 ] ], [ [ -47.37642, -15.70408 ], [ -47.37683, -15.70443 ], [ -47.37671, -15.70474 ], [ -47.37642, -15.70408 ] ], [ [ -47.3724, -15.70068 ], [ -47.37285, -15.70105 ], [ -47.37009, -15.70315 ], [ -47.3724, -15.70068 ] ], [ [ -47.34757, -15.69954 ], [ -47.35097, -15.69699 ], [ -47.36585, -15.69512 ], [ -47.34757, -15.69954 ] ], [ [ -47.35333, -15.71207 ], [ -47.34529, -15.70125 ], [ -47.34665, -15.70023 ], [ -47.35333, -15.71207 ] ] ] } },
{ "type": "Feature", "properties": { "cluster": 371.0, "hvi": 0.1272, "population": 2085, "setores": 3, "municipio": "Brasília" }, "geometry": { "type": "Polygon", "coordinates": [ [ [ -47.69139, -15.60694 ], [ -47.69362, -15.60543 ], [ -47.69638, -15.60222 ], [ -47.69214, -15.60463 ], [ -47.69284, -15.6034 ], [ -47.68882, -15.60113 ], [ -47.69199, -15.60455 ], [ -47.68808, -15.60244 ], [ -47.68683, -15.6044 ], [ -47.69139, -15.60694 ] ] ] } },
{ "type": "Feature", "properties": { "cluster": 372.0, "hvi": 0.1187, "population": 2112, "setores": 4, "municipio": "Brasília" }, "geometry": { "type": "MultiPolygon", "coordinates": [ [ [ [ -47.68571, -15.60108 ], [ -47.68245, -15.59924 ], [ -47.68448, -15.6031 ], [ -47.68571, -15.60108 ] ] ], [ [ [ -47.69234, -15.59865 ], [ -47.68789, -15.5981 ], [ -47.68268, -15.59693 ], [ -47.68602, -15.60125 ], [ -47.69088, -15.60147 ], [ -47.69234, -15.59865 ] ] ], [ [ [ -47.68218, -15.60177 ], [ -47.68268, -15.59693 ], [ -47.67728, -15.59502 ], [ -47.67543, -15.59811 ], [ -47.68218, -15.60177 ] ] ] ] } },
{ "type": "Feature", "properties": { "cluster": 373.0, "hvi": 0.1183, "population": 1088, "setores": 2, "municipio": "Brasília" }, "geometry": { "type": "MultiPolygon", "coordinates": [ [ [ [ -47.6548, -15.64217 ], [ -47.65708, -15.6422 ], [ -47.65714, -15.64061 ], [ -47.6548, -15.64217 ] ] ], [ [ [ -47.65714, -15.64061 ], [ -47.65715, -15.63905 ], [ -47.6548, -15.63903 ], [ -47.65714, -15.64061 ] ] ] ] } },
{ "type": "Feature", "properties": { "cluster": 374.0, "hvi": 0.1235, "population": 1231, "setores": 2, "municipio": "Brasília" }, "geometry": { "type": "Polygon", "coordinates": [ [ [ -47.65301, -15.66033 ], [ -47.65254, -15.65805 ], [ -47.65165, -15.66039 ], [ -47.65194, -15.65697 ], [ -47.64966, -15.66283 ], [ -47.65159, -15.66056 ], [ -47.65057, -15.66322 ], [ -47.65301, -15.66033 ] ] ] } },
{ "type": "Feature", "properties": { "cluster": 375.0, "hvi": 0.1114, "population": 395, "setores": 1, "municipio": "Brasília" }, "geometry": { "type": "Polygon", "coordinates": [ [ [ -47.64267, -15.63287 ], [ -47.64525, -15.63374 ], [ -47.64355, -15.63152 ], [ -47.64267, -15.63287 ] ] ] } },
{ "type": "Feature", "properties": { "cluster": 376.0, "hvi": 0.1239, "population": 643, "setores": 1, "municipio": "Brasília" }, "geometry": { "type": "Polygon", "coordinates": [ [ [ -47.6366, -15.72145 ], [ -47.65159, -15.72906 ], [ -47.66045, -15.72731 ], [ -47.65568, -15.70409 ], [ -47.6366, -15.72145 ] ] ] } },
{ "type": "Feature", "properties": { "cluster": 377.0, "hvi": 0.1046, "population": 2142, "setores": 9, "municipio": "Brasília" }, "geometry": { "type": "Polygon", "coordinates": [ [ [ -47.68478, -15.57245 ], [ -47.6883, -15.52869 ], [ -47.68631, -15.50974 ], [ -47.68841, -15.50212 ], [ -47.61685, -15.50209 ], [ -47.6171, -15.50382 ], [ -47.58871, -15.50208 ], [ -47.56325, -15.50206 ], [ -47.56997, -15.51348 ], [ -47.61711, -15.50388 ], [ -47.61867, -15.51481 ], [ -47.61734, -15.52169 ], [ -47.62254, -15.52827 ], [ -47.67806, -15.58222 ], [ -47.68478, -15.57245 ] ], [ [ -47.65626, -15.5436 ], [ -47.65508, -15.54275 ], [ -47.68729, -15.54062 ], [ -47.65626, -15.5436 ] ], [ [ -47.65643, -15.52872 ], [ -47.63068, -15.52864 ], [ -47.6883, -15.52869 ], [ -47.65643, -15.52872 ] ], [ [ -47.63322, -15.51739 ], [ -47.65168, -15.52339 ], [ -47.63322, -15.5174 ], [ -47.63322, -15.51739 ] ] ] } },
{ "type": "Feature", "properties": { "cluster": 378.0, "hvi": 0.1177, "population": 515, "setores": 1, "municipio": "Brasília" }, "geometry": { "type": "Polygon", "coordinates": [ [ [ -47.73897, -15.58133 ], [ -47.73898, -15.58804 ], [ -47.74849, -15.58223 ], [ -47.74491, -15.57832 ], [ -47.73897, -15.58133 ] ] ] } },
{ "type": "Feature", "properties": { "cluster": 379.0, "hvi": 0.1087, "population": 3094, "setores": 15, "municipio": "Brasília" }, "geometry": { "type": "MultiPolygon", "coordinates": [ [ [ [ -47.6437, -15.70226 ], [ -47.65325, -15.68555 ], [ -47.64894, -15.67865 ], [ -47.64768, -15.68585 ], [ -47.63692, -15.68831 ], [ -47.6437, -15.70226 ] ] ], [ [ [ -47.66031, -15.67529 ], [ -47.66249, -15.66393 ], [ -47.6572, -15.66347 ], [ -47.65676, -15.6599 ], [ -47.65398, -15.66024 ], [ -47.65434, -15.66319 ], [ -47.64741, -15.6625 ], [ -47.65194, -15.65697 ], [ -47.6494, -15.65654 ], [ -47.65022, -15.6478 ], [ -47.62156, -15.64821 ], [ -47.64069, -15.65008 ], [ -47.62139, -15.64915 ], [ -47.62466, -15.65796 ], [ -47.63434, -15.65806 ], [ -47.61054, -15.66076 ], [ -47.58759, -15.66138 ], [ -47.59503, -15.6641 ], [ -47.59794, -15.66861 ], [ -47.60463, -15.66553 ], [ -47.62738, -15.66899 ], [ -47.63215, -15.67369 ], [ -47.63295, -15.68158 ], [ -47.64306, -15.68381 ], [ -47.64784, -15.68034 ], [ -47.64156, -15.67525 ], [ -47.64382, -15.67294 ], [ -47.64101, -15.67044 ], [ -47.64226, -15.6675 ], [ -47.646, -15.66551 ], [ -47.64533, -15.66483 ], [ -47.64627, -15.66242 ], [ -47.64927, -15.66997 ], [ -47.6524, -15.66868 ], [ -47.65722, -15.67309 ], [ -47.65537, -15.67298 ], [ -47.65546, -15.67498 ], [ -47.65786, -15.67354 ], [ -47.66031, -15.67529 ] ], [ [ -47.64202, -15.66284 ], [ -47.6363, -15.66169 ], [ -47.63707, -15.66105 ], [ -47.63434, -15.65806 ], [ -47.64202, -15.66284 ] ], [ [ -47.64628, -15.66239 ], [ -47.64634, -15.66224 ], [ -47.64669, -15.66243 ], [ -47.64628, -15.66239 ] ] ], [ [ [ -47.52626, -15.66273 ], [ -47.53437, -15.66361 ], [ -47.54923, -15.6585 ], [ -47.55092, -15.66196 ], [ -47.58541, -15.66268 ], [ -47.58773, -15.66048 ], [ -47.58759, -15.66138 ], [ -47.60165, -15.65936 ], [ -47.59974, -15.65607 ], [ -47.59319, -15.65505 ], [ -47.59066, -15.64882 ], [ -47.57125, -15.63786 ], [ -47.57198, -15.62894 ], [ -47.54669, -15.61679 ], [ -47.54422, -15.61113 ], [ -47.53669, -15.60591 ], [ -47.51207, -15.59424 ], [ -47.50576, -15.58143 ], [ -47.49704, -15.57964 ], [ -47.49021, -15.61008 ], [ -47.48661, -15.65492 ], [ -47.52671, -15.61852 ], [ -47.51931, -15.62552 ], [ -47.52541, -15.62643 ], [ -47.5174, -15.62733 ], [ -47.52343, -15.63318 ], [ -47.52307, -15.63681 ], [ -47.52866, -15.64235 ], [ -47.51543, -15.62934 ], [ -47.48968, -15.65416 ], [ -47.50549, -15.66471 ], [ -47.51012, -15.66483 ], [ -47.51859, -15.65513 ], [ -47.52626, -15.66273 ] ], [ [ -47.58797, -15.65902 ], [ -47.58794, -15.65919 ], [ -47.57422, -15.65274 ], [ -47.58797, -15.65902 ] ], [ [ -47.52843, -15.63273 ], [ -47.52699, -15.62666 ], [ -47.52771, -15.62676 ], [ -47.52843, -15.63273 ] ] ], [ [ [ -47.51962, -15.62953 ], [ -47.51886, -15.6327 ], [ -47.52132, -15.63506 ], [ -47.52343, -15.63318 ], [ -47.51962, -15.62953 ] ] ] ] } },
{ "type": "Feature", "properties": { "cluster": 380.0, "hvi": 0.1555, "population": 805, "setores": 1, "municipio": "Brasília" }, "geometry": { "type": "Polygon", "coordinates": [ [ [ -47.46721, -15.53385 ], [ -47.46299, -15.5398 ], [ -47.46714, -15.53997 ], [ -47.46986, -15.54721 ], [ -47.46229, -15.55007 ], [ -47.46011, -15.55603 ], [ -47.46516, -15.57792 ], [ -47.47589, -15.57518 ], [ -47.49704, -15.57964 ], [ -47.49905, -15.5682 ], [ -47.47992, -15.53262 ], [ -47.47573, -15.51381 ], [ -47.47164, -15.51522 ], [ -47.46311, -15.51038 ], [ -47.46721, -15.53385 ] ] ] } },
{ "type": "Feature", "properties": { "cluster": 381.0, "hvi": 0.1291, "population": 735, "setores": 1, "municipio": "Brasília" }, "geometry": { "type": "Polygon", "coordinates": [ [ [ -47.65095, -15.64107 ], [ -47.65055, -15.64475 ], [ -47.65266, -15.64478 ], [ -47.65447, -15.64107 ], [ -47.65095, -15.64107 ] ] ] } },
{ "type": "Feature", "properties": { "cluster": 382.0, "hvi": 0.1193, "population": 2237, "setores": 4, "municipio": "Brasília" }, "geometry": { "type": "MultiPolygon", "coordinates": [ [ [ [ -47.65474, -15.65866 ], [ -47.65194, -15.65697 ], [ -47.65148, -15.66364 ], [ -47.65443, -15.66392 ], [ -47.65474, -15.65866 ] ] ], [ [ [ -47.64355, -15.64534 ], [ -47.64534, -15.64765 ], [ -47.6454, -15.64538 ], [ -47.64355, -15.64534 ] ] ], [ [ [ -47.64817, -15.64368 ], [ -47.65046, -15.6455 ], [ -47.65055, -15.64475 ], [ -47.65068, -15.64377 ], [ -47.64817, -15.64368 ] ] ], [ [ [ -47.65022, -15.6478 ], [ -47.65472, -15.64796 ], [ -47.65478, -15.64293 ], [ -47.65055, -15.64475 ], [ -47.65022, -15.6478 ] ] ] ] } },
{ "type": "Feature", "properties": { "cluster": 383.0, "hvi": 0.1253, "population": 1912, "setores": 3, "municipio": "Brasília" }, "geometry": { "type": "MultiPolygon", "coordinates": [ [ [ [ -47.69028, -15.6181 ], [ -47.68933, -15.61678 ], [ -47.68908, -15.61884 ], [ -47.69028, -15.6181 ] ] ], [ [ [ -47.69028, -15.61613 ], [ -47.69103, -15.61562 ], [ -47.69035, -15.61435 ], [ -47.68872, -15.6172 ], [ -47.68933, -15.61678 ], [ -47.69028, -15.61613 ] ] ], [ [ [ -47.69028, -15.61613 ], [ -47.69028, -15.6181 ], [ -47.69122, -15.61748 ], [ -47.69028, -15.61613 ] ] ] ] } },
{ "type": "Feature", "properties": { "cluster": 384.0, "hvi": 0.1155, "population": 480, "setores": 1, "municipio": "Brasília" }, "geometry": { "type": "Polygon", "coordinates": [ [ [ -47.65928, -15.64807 ], [ -47.66148, -15.65278 ], [ -47.66131, -15.64815 ], [ -47.65928, -15.64807 ] ] ] } },
{ "type": "Feature", "properties": { "cluster": 385.0, "hvi": 0.1103, "population": 316, "setores": 1, "municipio": "Brasília" }, "geometry": { "type": "Polygon", "coordinates": [ [ [ -47.63367, -15.62552 ], [ -47.63511, -15.6279 ], [ -47.63565, -15.62492 ], [ -47.63367, -15.62552 ] ] ] } },
{ "type": "Feature", "properties": { "cluster": 386.0, "hvi": 0.119, "population": 576, "setores": 1, "municipio": "Brasília" }, "geometry": { "type": "Polygon", "coordinates": [ [ [ -47.67515, -15.6355 ], [ -47.67465, -15.63842 ], [ -47.67734, -15.63706 ], [ -47.67515, -15.6355 ] ] ] } },
{ "type": "Feature", "properties": { "cluster": 387.0, "hvi": 0.1053, "population": 1334, "setores": 5, "municipio": "Brasília" }, "geometry": { "type": "MultiPolygon", "coordinates": [ [ [ [ -47.65359, -15.7538 ], [ -47.66051, -15.75621 ], [ -47.67786, -15.76563 ], [ -47.68525, -15.75449 ], [ -47.68088, -15.75374 ], [ -47.67321, -15.74204 ], [ -47.67599, -15.73448 ], [ -47.67196, -15.73236 ], [ -47.6686, -15.73589 ], [ -47.66195, -15.73427 ], [ -47.66345, -15.74216 ], [ -47.65737, -15.74669 ], [ -47.6633, -15.7508 ], [ -47.65687, -15.74831 ], [ -47.65359, -15.7538 ] ], [ [ -47.66395, -15.74478 ], [ -47.66358, -15.74505 ], [ -47.66361, -15.74296 ], [ -47.66395, -15.74478 ] ], [ [ -47.66352, -15.75036 ], [ -47.66355, -15.74752 ], [ -47.66462, -15.74824 ], [ -47.66352, -15.75036 ] ] ], [ [ [ -47.67996, -15.734 ], [ -47.67453, -15.73315 ], [ -47.68788, -15.73595 ], [ -47.69278, -15.73348 ], [ -47.68779, -15.72891 ], [ -47.67996, -15.734 ] ] ] ] } },
{ "type": "Feature", "properties": { "cluster": 388.0, "hvi": 0.1105, "population": 2960, "setores": 8, "municipio": "Brasília" }, "geometry": { "type": "MultiPolygon", "coordinates": [ [ [ [ -47.71826, -15.63508 ], [ -47.71976, -15.63196 ], [ -47.7191, -15.63136 ], [ -47.72154, -15.62732 ], [ -47.71864, -15.63095 ], [ -47.72199, -15.62534 ], [ -47.72388, -15.62505 ], [ -47.7172, -15.62134 ], [ -47.71222, -15.62325 ], [ -47.7147, -15.62649 ], [ -47.71633, -15.62623 ], [ -47.71748, -15.6299 ], [ -47.7159, -15.62847 ], [ -47.71377, -15.63433 ], [ -47.71826, -15.63508 ] ], [ [ -47.71936, -15.62694 ], [ -47.71991, -15.62567 ], [ -47.72087, -15.62552 ], [ -47.72061, -15.62765 ], [ -47.71936, -15.62694 ] ], [ [ -47.7186, -15.63091 ], [ -47.71756, -15.62997 ], [ -47.71936, -15.62694 ], [ -47.7186, -15.63091 ] ], [ [ -47.71924, -15.62578 ], [ -47.71888, -15.62665 ], [ -47.71782, -15.626 ], [ -47.71924, -15.62578 ] ] ], [ [ [ -47.72154, -15.62732 ], [ -47.71976, -15.63196 ], [ -47.7223, -15.62769 ], [ -47.72154, -15.62732 ] ] ] ] } },
{ "type": "Feature", "properties": { "cluster": 389.0, "hvi": 0.1313, "population": 2365, "setores": 4, "municipio": "Brasília" }, "geometry": { "type": "MultiPolygon", "coordinates": [ [ [ [ -47.65991, -15.68414 ], [ -47.66028, -15.68095 ], [ -47.65808, -15.68422 ], [ -47.65991, -15.68414 ] ] ], [ [ [ -47.65802, -15.68385 ], [ -47.65702, -15.68021 ], [ -47.66028, -15.68095 ], [ -47.65994, -15.67753 ], [ -47.66215, -15.67606 ], [ -47.65849, -15.67316 ], [ -47.6538, -15.67662 ], [ -47.65619, -15.68002 ], [ -47.65399, -15.67971 ], [ -47.65602, -15.68451 ], [ -47.65802, -15.68385 ] ] ] ] } },
{ "type": "Feature", "properties": { "cluster": 390.0, "hvi": 0.1343, "population": 806, "setores": 2, "municipio": "Brasília" }, "geometry": { "type": "MultiPolygon", "coordinates": [ [ [ [ -47.66117, -15.64192 ], [ -47.66153, -15.64816 ], [ -47.6662, -15.64832 ], [ -47.66117, -15.64192 ] ] ], [ [ [ -47.66026, -15.6387 ], [ -47.66366, -15.64305 ], [ -47.66443, -15.64293 ], [ -47.66372, -15.63823 ], [ -47.66026, -15.6387 ] ] ] ] } },
{ "type": "Feature", "properties": { "cluster": 391.0, "hvi": 0.1245, "population": 2566, "setores": 4, "municipio": "Brasília" }, "geometry": { "type": "MultiPolygon", "coordinates": [ [ [ [ -47.78018, -15.7648 ], [ -47.78046, -15.763 ], [ -47.78349, -15.76338 ], [ -47.78049, -15.76283 ], [ -47.77858, -15.76413 ], [ -47.78018, -15.7648 ] ] ], [ [ [ -47.7808, -15.76084 ], [ -47.77985, -15.76062 ], [ -47.78049, -15.76283 ], [ -47.7808, -15.76084 ] ] ], [ [ [ -47.77985, -15.76062 ], [ -47.77756, -15.75978 ], [ -47.77663, -15.76216 ], [ -47.77966, -15.76192 ], [ -47.77985, -15.76062 ] ] ] ] } },
{ "type": "Feature", "properties": { "cluster": 392.0, "hvi": 0.1201, "population": 2793, "setores": 5, "municipio": "Brasília" }, "geometry": { "type": "MultiPolygon", "coordinates": [ [ [ [ -47.77755, -15.76668 ], [ -47.77814, -15.76443 ], [ -47.77518, -15.76595 ], [ -47.77711, -15.76583 ], [ -47.77755, -15.76668 ] ] ], [ [ [ -47.77989, -15.76685 ], [ -47.78018, -15.7648 ], [ -47.77781, -15.76654 ], [ -47.77989, -15.76685 ] ] ], [ [ [ -47.78046, -15.763 ], [ -47.78189, -15.76512 ], [ -47.78178, -15.7632 ], [ -47.78046, -15.763 ] ] ], [ [ [ -47.77651, -15.76253 ], [ -47.77964, -15.7647 ], [ -47.77971, -15.7643 ], [ -47.77651, -15.76253 ] ] ] ] } },
{ "type": "Feature", "properties": { "cluster": 393.0, "hvi": 0.1212, "population": 2870, "setores": 5, "municipio": "Brasília" }, "geometry": { "type": "MultiPolygon", "coordinates": [ [ [ [ -47.78207, -15.76897 ], [ -47.78025, -15.76798 ], [ -47.7796, -15.76878 ], [ -47.7822, -15.77033 ], [ -47.78207, -15.76897 ] ] ], [ [ [ -47.77792, -15.76863 ], [ -47.77901, -15.76732 ], [ -47.7796, -15.76878 ], [ -47.77989, -15.76685 ], [ -47.77876, -15.76668 ], [ -47.77792, -15.76863 ] ] ], [ [ [ -47.77503, -15.76633 ], [ -47.77429, -15.76835 ], [ -47.77743, -15.76743 ], [ -47.77781, -15.76654 ], [ -47.77503, -15.76633 ] ] ] ] } },
{ "type": "Feature", "properties": { "cluster": 394.0, "hvi": 0.1203, "population": 2772, "setores": 5, "municipio": "Brasília" }, "geometry": { "type": "MultiPolygon", "coordinates": [ [ [ [ -47.78207, -15.76897 ], [ -47.78394, -15.77069 ], [ -47.78392, -15.76912 ], [ -47.78391, -15.76747 ], [ -47.78251, -15.76901 ], [ -47.78207, -15.76897 ] ] ], [ [ [ -47.7804, -15.76696 ], [ -47.78025, -15.76798 ], [ -47.78249, -15.76727 ], [ -47.78248, -15.76522 ], [ -47.7804, -15.76696 ] ] ], [ [ [ -47.78391, -15.76747 ], [ -47.78387, -15.76548 ], [ -47.78248, -15.76522 ], [ -47.78391, -15.76747 ] ] ] ] } },
{ "type": "Feature", "properties": { "cluster": 395.0, "hvi": 0.1128, "population": 2078, "setores": 5, "municipio": "Brasília" }, "geometry": { "type": "MultiPolygon", "coordinates": [ [ [ [ -47.7777, -15.77707 ], [ -47.77768, -15.77571 ], [ -47.77567, -15.77747 ], [ -47.7777, -15.77707 ] ] ], [ [ [ -47.77714, -15.77485 ], [ -47.77713, -15.7729 ], [ -47.77521, -15.77538 ], [ -47.77714, -15.77485 ] ] ], [ [ [ -47.77643, -15.7729 ], [ -47.77756, -15.7729 ], [ -47.77601, -15.77215 ], [ -47.77643, -15.7729 ] ] ], [ [ [ -47.77909, -15.77112 ], [ -47.77754, -15.77038 ], [ -47.77756, -15.77196 ], [ -47.77909, -15.77112 ] ] ], [ [ [ -47.77576, -15.76757 ], [ -47.77752, -15.76861 ], [ -47.7777, -15.76727 ], [ -47.77576, -15.76757 ] ] ] ] } },
{ "type": "Feature", "properties": { "cluster": 396.0, "hvi": 0.1223, "population": 2913, "setores": 5, "municipio": "Brasília" }, "geometry": { "type": "Polygon", "coordinates": [ [ [ -47.76377, -15.79039 ], [ -47.76873, -15.79542 ], [ -47.77653, -15.79616 ], [ -47.77663, -15.79958 ], [ -47.78388, -15.79777 ], [ -47.7786, -15.79093 ], [ -47.77617, -15.77967 ], [ -47.7795, -15.78032 ], [ -47.77938, -15.77893 ], [ -47.77617, -15.77965 ], [ -47.77774, -15.77909 ], [ -47.7777, -15.77707 ], [ -47.77607, -15.7792 ], [ -47.77416, -15.77036 ], [ -47.7743, -15.76984 ], [ -47.77725, -15.77052 ], [ -47.77753, -15.76919 ], [ -47.77665, -15.76976 ], [ -47.77752, -15.76861 ], [ -47.7747, -15.76838 ], [ -47.77581, -15.76433 ], [ -47.76039, -15.76606 ], [ -47.75827, -15.77105 ], [ -47.74931, -15.76898 ], [ -47.75429, -15.79048 ], [ -47.76377, -15.79039 ] ], [ [ -47.77432, -15.7698 ], [ -47.77465, -15.76856 ], [ -47.77665, -15.76976 ], [ -47.77432, -15.7698 ] ] ] } },
{ "type": "Feature", "properties": { "cluster": 397.0, "hvi": 0.1173, "population": 1009, "setores": 2, "municipio": "Brasília" }, "geometry": { "type": "Polygon", "coordinates": [ [ [ -47.77472, -15.77314 ], [ -47.77712, -15.77212 ], [ -47.77631, -15.77158 ], [ -47.77754, -15.77032 ], [ -47.77416, -15.77036 ], [ -47.77529, -15.77121 ], [ -47.77472, -15.77314 ] ] ] } },
{ "type": "Feature", "properties": { "cluster": 398.0, "hvi": 0.1136, "population": 2975, "setores": 7, "municipio": "Brasília" }, "geometry": { "type": "MultiPolygon", "coordinates": [ [ [ [ -47.77799, -15.77531 ], [ -47.77796, -15.77364 ], [ -47.77634, -15.77532 ], [ -47.77799, -15.77531 ] ] ], [ [ [ -47.77963, -15.77313 ], [ -47.77756, -15.77196 ], [ -47.77757, -15.77363 ], [ -47.77963, -15.77313 ] ] ], [ [ [ -47.78193, -15.77324 ], [ -47.78148, -15.77072 ], [ -47.78115, -15.77181 ], [ -47.78056, -15.77074 ], [ -47.77964, -15.7738 ], [ -47.78193, -15.77324 ] ] ], [ [ [ -47.77965, -15.77195 ], [ -47.77909, -15.77112 ], [ -47.77796, -15.77195 ], [ -47.77965, -15.77195 ] ] ], [ [ [ -47.77845, -15.76989 ], [ -47.77909, -15.77076 ], [ -47.7796, -15.76878 ], [ -47.77792, -15.76918 ], [ -47.77754, -15.77038 ], [ -47.77845, -15.76989 ] ] ] ] } },
{ "type": "Feature", "properties": { "cluster": 399.0, "hvi": 0.1276, "population": 1386, "setores": 2, "municipio": "Brasília" }, "geometry": { "type": "MultiPolygon", "coordinates": [ [ [ [ -47.7823, -15.77071 ], [ -47.78233, -15.77264 ], [ -47.78394, -15.77262 ], [ -47.7823, -15.77071 ] ] ], [ [ [ -47.78102, -15.77034 ], [ -47.78149, -15.77285 ], [ -47.78233, -15.77264 ], [ -47.78102, -15.77034 ] ] ] ] } },
{ "type": "Feature", "properties": { "cluster": 400.0, "hvi": 0.1202, "population": 2879, "setores": 5, "municipio": "Brasília" }, "geometry": { "type": "MultiPolygon", "coordinates": [ [ [ [ -47.78208, -15.77421 ], [ -47.78044, -15.77486 ], [ -47.78263, -15.77536 ], [ -47.78208, -15.77421 ] ] ], [ [ [ -47.78371, -15.77639 ], [ -47.78394, -15.77262 ], [ -47.78339, -15.77467 ], [ -47.78193, -15.77264 ], [ -47.78371, -15.77639 ] ] ], [ [ [ -47.78646, -15.77079 ], [ -47.78406, -15.77608 ], [ -47.78784, -15.77229 ], [ -47.78646, -15.77079 ] ] ], [ [ [ -47.78859, -15.77159 ], [ -47.78988, -15.76925 ], [ -47.78724, -15.76921 ], [ -47.78726, -15.77078 ], [ -47.78859, -15.77159 ] ] ] ] } },
{ "type": "Feature", "properties": { "cluster": 401.0, "hvi": 0.1269, "population": 694, "setores": 1, "municipio": "Brasília" }, "geometry": { "type": "Polygon", "coordinates": [ [ [ -47.77871, -15.77531 ], [ -47.77634, -15.77532 ], [ -47.7777, -15.77744 ], [ -47.77871, -15.77531 ] ] ] } },
{ "type": "Feature", "properties": { "cluster": 402.0, "hvi": 0.1223, "population": 2973, "setores": 5, "municipio": "Brasília" }, "geometry": { "type": "MultiPolygon", "coordinates": [ [ [ [ -47.7795, -15.78032 ], [ -47.78018, -15.77965 ], [ -47.77746, -15.77744 ], [ -47.7795, -15.78032 ] ] ], [ [ [ -47.77964, -15.77746 ], [ -47.78371, -15.77639 ], [ -47.78272, -15.77455 ], [ -47.78154, -15.77448 ], [ -47.78193, -15.77324 ], [ -47.78138, -15.77447 ], [ -47.77965, -15.77437 ], [ -47.77963, -15.77728 ], [ -47.77955, -15.77463 ], [ -47.77885, -15.77742 ], [ -47.77964, -15.77746 ] ] ], [ [ [ -47.77963, -15.77313 ], [ -47.77798, -15.77455 ], [ -47.77955, -15.77463 ], [ -47.77963, -15.77313 ] ] ] ] } },
{ "type": "Feature", "properties": { "cluster": 403.0, "hvi": 0.1155, "population": 2099, "setores": 6, "municipio": "Brasília" }, "geometry": { "type": "MultiPolygon", "coordinates": [ [ [ [ -47.78337, -15.79441 ], [ -47.7855, -15.7824 ], [ -47.78205, -15.77964 ], [ -47.77944, -15.78118 ], [ -47.7795, -15.78032 ], [ -47.77838, -15.78178 ], [ -47.77772, -15.77991 ], [ -47.77679, -15.78273 ], [ -47.7791, -15.79205 ], [ -47.78337, -15.79441 ] ] ], [ [ [ -47.78282, -15.77568 ], [ -47.78018, -15.77965 ], [ -47.7834, -15.77668 ], [ -47.78282, -15.77568 ] ] ] ] } },
{ "type": "Feature", "properties": { "cluster": 404.0, "hvi": 0.1173, "population": 2514, "setores": 5, "municipio": "Brasília" }, "geometry": { "type": "MultiPolygon", "coordinates": [ [ [ [ -47.78204, -15.76514 ], [ -47.78018, -15.7648 ], [ -47.78204, -15.76602 ], [ -47.78204, -15.76514 ] ] ], [ [ [ -47.78719, -15.76606 ], [ -47.78581, -15.7628 ], [ -47.78389, -15.76649 ], [ -47.78719, -15.76606 ] ] ], [ [ [ -47.78387, -15.76338 ], [ -47.78295, -15.76337 ], [ -47.78387, -15.76548 ], [ -47.78387, -15.76338 ] ] ], [ [ [ -47.78178, -15.7632 ], [ -47.78267, -15.76525 ], [ -47.78295, -15.76337 ], [ -47.78178, -15.7632 ] ] ], [ [ [ -47.78386, -15.76045 ], [ -47.7808, -15.76084 ], [ -47.78184, -15.76282 ], [ -47.78387, -15.76338 ], [ -47.78386, -15.76045 ] ] ] ] } },
{ "type": "Feature", "properties": { "cluster": 405.0, "hvi": 0.1091, "population": 3625, "setores": 11, "municipio": "Brasília" }, "geometry": { "type": "MultiPolygon", "coordinates": [ [ [ [ -47.78397, -15.82757 ], [ -47.79008, -15.83436 ], [ -47.79474, -15.83299 ], [ -47.78662, -15.82092 ], [ -47.78039, -15.81885 ], [ -47.77304, -15.82194 ], [ -47.78487, -15.82348 ], [ -47.78768, -15.82605 ], [ -47.78397, -15.82757 ] ] ], [ [ [ -47.77385, -15.79637 ], [ -47.75754, -15.78846 ], [ -47.75427, -15.79039 ], [ -47.74954, -15.76904 ], [ -47.75827, -15.77105 ], [ -47.76039, -15.76606 ], [ -47.77581, -15.76433 ], [ -47.77814, -15.75835 ], [ -47.75546, -15.7525 ], [ -47.74653, -15.7578 ], [ -47.74817, -15.76739 ], [ -47.74522, -15.76878 ], [ -47.74236, -15.76035 ], [ -47.73254, -15.76278 ], [ -47.72668, -15.76754 ], [ -47.71649, -15.7691 ], [ -47.70565, -15.78019 ], [ -47.70731, -15.80366 ], [ -47.71075, -15.79926 ], [ -47.70728, -15.80451 ], [ -47.70591, -15.7924 ], [ -47.69381, -15.80413 ], [ -47.69844, -15.81016 ], [ -47.70176, -15.81014 ], [ -47.70145, -15.81665 ], [ -47.70687, -15.82035 ], [ -47.70595, -15.82674 ], [ -47.70333, -15.82715 ], [ -47.70786, -15.83776 ], [ -47.71763, -15.83676 ], [ -47.71037, -15.83756 ], [ -47.71613, -15.85575 ], [ -47.71329, -15.85753 ], [ -47.71439, -15.86296 ], [ -47.71865, -15.86628 ], [ -47.71493, -15.86863 ], [ -47.71669, -15.87151 ], [ -47.71266, -15.87302 ], [ -47.71434, -15.87793 ], [ -47.7401, -15.87069 ], [ -47.74699, -15.86036 ], [ -47.74526, -15.85362 ], [ -47.77172, -15.83447 ], [ -47.77266, -15.82502 ], [ -47.76815, -15.82123 ], [ -47.76621, -15.82292 ], [ -47.76905, -15.8258 ], [ -47.76659, -15.82736 ], [ -47.76948, -15.82825 ], [ -47.76976, -15.83341 ], [ -47.76011, -15.82745 ], [ -47.7591, -15.82212 ], [ -47.75251, -15.82144 ], [ -47.75093, -15.83225 ], [ -47.74766, -15.83311 ], [ -47.75221, -15.84015 ], [ -47.74439, -15.84447 ], [ -47.73647, -15.84563 ], [ -47.73072, -15.8413 ], [ -47.7394, -15.83572 ], [ -47.73324, -15.83057 ], [ -47.73008, -15.83058 ], [ -47.73087, -15.82101 ], [ -47.7329, -15.8186 ], [ -47.74068, -15.82152 ], [ -47.74197, -15.81724 ], [ -47.75071, -15.82134 ], [ -47.74796, -15.81622 ], [ -47.76312, -15.8124 ], [ -47.76287, -15.80383 ], [ -47.76682, -15.80123 ], [ -47.7711, -15.80381 ], [ -47.77385, -15.79637 ] ], [ [ -47.75348, -15.79085 ], [ -47.74665, -15.78875 ], [ -47.75416, -15.79045 ], [ -47.75348, -15.79085 ] ], [ [ -47.73588, -15.79561 ], [ -47.73372, -15.79407 ], [ -47.74762, -15.79412 ], [ -47.73588, -15.79561 ] ], [ [ -47.72953, -15.79422 ], [ -47.72949, -15.79406 ], [ -47.7301, -15.79406 ], [ -47.72953, -15.79422 ] ], [ [ -47.72981, -15.79683 ], [ -47.72909, -15.79647 ], [ -47.72975, -15.79662 ], [ -47.72981, -15.79683 ] ], [ [ -47.72659, -15.79951 ], [ -47.72608, -15.7958 ], [ -47.72647, -15.79589 ], [ -47.72659, -15.79951 ] ], [ [ -47.7213, -15.80006 ], [ -47.72282, -15.79823 ], [ -47.72659, -15.79951 ], [ -47.7213, -15.80006 ] ], [ [ -47.71838, -15.80036 ], [ -47.71954, -15.8075 ], [ -47.71737, -15.79714 ], [ -47.72019, -15.80017 ], [ -47.71838, -15.80036 ] ], [ [ -47.74947, -15.76872 ], [ -47.74927, -15.76783 ], [ -47.75536, -15.75876 ], [ -47.74947, -15.76872 ] ], [ [ -47.71182, -15.7979 ], [ -47.71492, -15.79965 ], [ -47.71161, -15.79816 ], [ -47.71182, -15.7979 ] ], [ [ -47.70446, -15.80595 ], [ -47.7064, -15.80585 ], [ -47.70357, -15.81013 ], [ -47.70446, -15.80595 ] ] ], [ [ [ -47.77828, -15.7617 ], [ -47.77855, -15.76289 ], [ -47.77959, -15.76233 ], [ -47.77828, -15.7617 ] ] ], [ [ [ -47.76652, -15.75328 ], [ -47.76886, -15.7541 ], [ -47.76645, -15.75415 ], [ -47.76871, -15.75499 ], [ -47.76992, -15.75126 ], [ -47.76913, -15.75339 ], [ -47.76652, -15.75328 ] ] ], [ [ [ -47.70579, -15.78818 ], [ -47.70565, -15.78019 ], [ -47.69325, -15.78281 ], [ -47.69142, -15.78889 ], [ -47.69808, -15.79097 ], [ -47.70579, -15.78818 ] ] ] ] } },
{ "type": "Feature", "properties": { "cluster": 406.0, "hvi": 0.1059, "population": 1953, "setores": 7, "municipio": "Brasília" }, "geometry": { "type": "Polygon", "coordinates": [ [ [ -47.41582, -16.04987 ], [ -47.61732, -16.04981 ], [ -47.61437, -16.01417 ], [ -47.58897, -15.97413 ], [ -47.58829, -15.9683 ], [ -47.5874, -15.96972 ], [ -47.60199, -15.946 ], [ -47.57743, -15.96089 ], [ -47.60295, -15.94445 ], [ -47.60045, -15.94077 ], [ -47.58391, -15.93966 ], [ -47.58233, -15.94495 ], [ -47.58375, -15.93951 ], [ -47.57399, -15.93951 ], [ -47.57319, -15.94313 ], [ -47.57291, -15.93518 ], [ -47.5375, -15.92787 ], [ -47.52035, -15.9462 ], [ -47.47383, -15.94758 ], [ -47.47431, -15.96769 ], [ -47.47616, -15.96724 ], [ -47.47541, -15.96797 ], [ -47.45829, -15.96524 ], [ -47.44942, -15.95091 ], [ -47.44465, -15.95 ], [ -47.44587, -15.95398 ], [ -47.44131, -15.95941 ], [ -47.4366, -15.9582 ], [ -47.43181, -15.96345 ], [ -47.42877, -15.96112 ], [ -47.42952, -15.9668 ], [ -47.42113, -15.96338 ], [ -47.41804, -15.96871 ], [ -47.41488, -15.96583 ], [ -47.4132, -15.97012 ], [ -47.41012, -15.96846 ], [ -47.41207, -15.97197 ], [ -47.3991, -15.97444 ], [ -47.4071, -16.02197 ], [ -47.41278, -16.03216 ], [ -47.41582, -16.04987 ] ], [ [ -47.50945, -15.96308 ], [ -47.49832, -15.96181 ], [ -47.51149, -15.96221 ], [ -47.50945, -15.96308 ] ], [ [ -47.48896, -15.9654 ], [ -47.48459, -15.96517 ], [ -47.49832, -15.96181 ], [ -47.48896, -15.9654 ] ], [ [ -47.56357, -15.9988 ], [ -47.55639, -16.00003 ], [ -47.41516, -16.02077 ], [ -47.56357, -15.9988 ] ], [ [ -47.56886, -15.99639 ], [ -47.57251, -15.99345 ], [ -47.57138, -15.99524 ], [ -47.56886, -15.99639 ] ] ] } },
{ "type": "Feature", "properties": { "cluster": 407.0, "hvi": 0.1196, "population": 2807, "setores": 5, "municipio": "Brasília" }, "geometry": { "type": "MultiPolygon", "coordinates": [ [ [ [ -47.79418, -15.76638 ], [ -47.80013, -15.75989 ], [ -47.78386, -15.76045 ], [ -47.78387, -15.76225 ], [ -47.79377, -15.76287 ], [ -47.79479, -15.7648 ], [ -47.79418, -15.76638 ] ] ], [ [ [ -47.79166, -15.76502 ], [ -47.79244, -15.76288 ], [ -47.79113, -15.76502 ], [ -47.79166, -15.76502 ] ] ], [ [ [ -47.78797, -15.76452 ], [ -47.78848, -15.76293 ], [ -47.78717, -15.76454 ], [ -47.78797, -15.76452 ] ] ], [ [ [ -47.79377, -15.76287 ], [ -47.79246, -15.76446 ], [ -47.79326, -15.76444 ], [ -47.79377, -15.76287 ] ] ] ] } },
{ "type": "Feature", "properties": { "cluster": 408.0, "hvi": 0.1222, "population": 1877, "setores": 3, "municipio": "Brasília" }, "geometry": { "type": "MultiPolygon", "coordinates": [ [ [ [ -47.78987, -15.7676 ], [ -47.79119, -15.76815 ], [ -47.79114, -15.76602 ], [ -47.78987, -15.7676 ] ] ], [ [ [ -47.78985, -15.76604 ], [ -47.78983, -15.76448 ], [ -47.78851, -15.76605 ], [ -47.78985, -15.76604 ] ] ], [ [ [ -47.79062, -15.76448 ], [ -47.79111, -15.7629 ], [ -47.78983, -15.76448 ], [ -47.79062, -15.76448 ] ] ] ] } },
{ "type": "Feature", "properties": { "cluster": 409.0, "hvi": 0.1211, "population": 2993, "setores": 5, "municipio": "Brasília" }, "geometry": { "type": "MultiPolygon", "coordinates": [ [ [ [ -47.78906, -15.76817 ], [ -47.78985, -15.76604 ], [ -47.78854, -15.76818 ], [ -47.78906, -15.76817 ] ] ], [ [ [ -47.78851, -15.76605 ], [ -47.7885, -15.76506 ], [ -47.78983, -15.76291 ], [ -47.78719, -15.76606 ], [ -47.78851, -15.76605 ] ] ], [ [ [ -47.79114, -15.76602 ], [ -47.79112, -15.76392 ], [ -47.78985, -15.76604 ], [ -47.79114, -15.76602 ] ] ], [ [ [ -47.78584, -15.76511 ], [ -47.78715, -15.76294 ], [ -47.78581, -15.7628 ], [ -47.78584, -15.76511 ] ] ] ] } },
{ "type": "Feature", "properties": { "cluster": 410.0, "hvi": 0.1172, "population": 2548, "setores": 5, "municipio": "Brasília" }, "geometry": { "type": "MultiPolygon", "coordinates": [ [ [ [ -47.79046, -15.76976 ], [ -47.79151, -15.76886 ], [ -47.78988, -15.76925 ], [ -47.79046, -15.76976 ] ] ], [ [ [ -47.78988, -15.76925 ], [ -47.78987, -15.7676 ], [ -47.78855, -15.7692 ], [ -47.78988, -15.76925 ] ] ], [ [ [ -47.79151, -15.76886 ], [ -47.79418, -15.76638 ], [ -47.79114, -15.76602 ], [ -47.79151, -15.76886 ] ] ], [ [ [ -47.79246, -15.76446 ], [ -47.79114, -15.76602 ], [ -47.79248, -15.76601 ], [ -47.79246, -15.76446 ] ] ], [ [ [ -47.79378, -15.76386 ], [ -47.79248, -15.76601 ], [ -47.79381, -15.766 ], [ -47.79378, -15.76386 ] ] ] ] } },
{ "type": "Feature", "properties": { "cluster": 411.0, "hvi": 0.1173, "population": 509, "setores": 1, "municipio": "Brasília" }, "geometry": { "type": "Polygon", "coordinates": [ [ [ -47.78719, -15.76606 ], [ -47.78587, -15.76821 ], [ -47.78642, -15.7682 ], [ -47.78719, -15.76606 ] ] ] } },
{ "type": "Feature", "properties": { "cluster": 412.0, "hvi": 0.1202, "population": 2882, "setores": 5, "municipio": "Brasília" }, "geometry": { "type": "MultiPolygon", "coordinates": [ [ [ [ -47.78784, -15.77229 ], [ -47.78856, -15.77019 ], [ -47.78728, -15.77202 ], [ -47.78784, -15.77229 ] ] ], [ [ [ -47.78394, -15.77268 ], [ -47.78724, -15.76921 ], [ -47.78583, -15.76606 ], [ -47.78392, -15.76884 ], [ -47.78394, -15.77268 ] ] ], [ [ [ -47.78855, -15.7692 ], [ -47.78852, -15.76704 ], [ -47.78724, -15.76921 ], [ -47.78855, -15.7692 ] ] ], [ [ [ -47.78851, -15.76605 ], [ -47.78721, -15.76763 ], [ -47.788, -15.76761 ], [ -47.78851, -15.76605 ] ] ] ] } },
{ "type": "Feature", "properties": { "cluster": 413.0, "hvi": 0.1207, "population": 557, "setores": 1, "municipio": "Brasília" }, "geometry": { "type": "Polygon", "coordinates": [ [ [ -47.7441, -15.7593 ], [ -47.74169, -15.76089 ], [ -47.74522, -15.76878 ], [ -47.74817, -15.76739 ], [ -47.7441, -15.7593 ] ] ] } },
{ "type": "Feature", "properties": { "cluster": 414.0, "hvi": 0.1461, "population": 1098, "setores": 1, "municipio": "Brasília" }, "geometry": { "type": "Polygon", "coordinates": [ [ [ -47.70579, -15.78818 ], [ -47.69808, -15.79097 ], [ -47.69142, -15.78889 ], [ -47.69011, -15.79654 ], [ -47.69319, -15.79891 ], [ -47.69284, -15.80393 ], [ -47.70591, -15.7924 ], [ -47.70579, -15.78818 ] ] ] } },
{ "type": "Feature", "properties": { "cluster": 415.0, "hvi": 0.1041, "population": 2913, "setores": 12, "municipio": "Brasília" }, "geometry": { "type": "MultiPolygon", "coordinates": [ [ [ [ -47.72668, -15.76754 ], [ -47.73254, -15.76278 ], [ -47.70972, -15.74742 ], [ -47.71886, -15.73878 ], [ -47.7146, -15.73102 ], [ -47.70916, -15.72944 ], [ -47.69904, -15.74096 ], [ -47.70676, -15.74536 ], [ -47.7007, -15.75257 ], [ -47.68845, -15.75903 ], [ -47.68379, -15.75804 ], [ -47.67762, -15.76563 ], [ -47.66051, -15.75621 ], [ -47.65396, -15.75165 ], [ -47.66362, -15.74203 ], [ -47.66045, -15.72731 ], [ -47.6536, -15.72915 ], [ -47.6514, -15.73052 ], [ -47.63635, -15.72298 ], [ -47.62672, -15.72919 ], [ -47.60389, -15.72984 ], [ -47.60499, -15.72863 ], [ -47.57083, -15.7142 ], [ -47.55666, -15.71962 ], [ -47.56858, -15.74212 ], [ -47.57586, -15.76467 ], [ -47.54311, -15.80605 ], [ -47.53926, -15.81478 ], [ -47.54728, -15.82636 ], [ -47.56249, -15.83882 ], [ -47.62668, -15.84336 ], [ -47.64427, -15.78839 ], [ -47.65427, -15.78923 ], [ -47.65903, -15.79821 ], [ -47.66488, -15.80003 ], [ -47.66839, -15.81087 ], [ -47.68357, -15.81716 ], [ -47.69279, -15.80978 ], [ -47.69381, -15.80413 ], [ -47.69011, -15.79654 ], [ -47.69164, -15.78308 ], [ -47.69205, -15.78364 ], [ -47.70556, -15.78041 ], [ -47.7158, -15.7697 ], [ -47.72668, -15.76754 ] ], [ [ -47.69836, -15.76682 ], [ -47.69036, -15.76629 ], [ -47.69059, -15.76519 ], [ -47.69836, -15.76682 ] ], [ [ -47.70827, -15.74639 ], [ -47.71228, -15.74044 ], [ -47.70971, -15.74741 ], [ -47.70827, -15.74639 ] ], [ [ -47.7111, -15.76103 ], [ -47.71521, -15.76325 ], [ -47.71069, -15.76096 ], [ -47.71169, -15.76048 ], [ -47.7111, -15.76103 ] ], [ [ -47.60324, -15.77156 ], [ -47.57044, -15.81366 ], [ -47.57115, -15.81138 ], [ -47.60324, -15.77156 ] ], [ [ -47.64605, -15.75134 ], [ -47.65311, -15.73208 ], [ -47.65135, -15.74261 ], [ -47.64605, -15.75134 ] ] ], [ [ [ -47.68788, -15.73595 ], [ -47.69904, -15.74096 ], [ -47.70078, -15.73792 ], [ -47.69666, -15.72697 ], [ -47.68779, -15.72891 ], [ -47.69278, -15.73348 ], [ -47.68788, -15.73595 ] ] ] ] } },
{ "type": "Feature", "properties": { "cluster": 416.0, "hvi": 0.1067, "population": 2074, "setores": 7, "municipio": "Brasília" }, "geometry": { "type": "MultiPolygon", "coordinates": [ [ [ [ -47.60012, -15.93638 ], [ -47.60721, -15.91155 ], [ -47.614, -15.88869 ], [ -47.61052, -15.88779 ], [ -47.61443, -15.88675 ], [ -47.62104, -15.86301 ], [ -47.60437, -15.85858 ], [ -47.55745, -15.87241 ], [ -47.55444, -15.87857 ], [ -47.54033, -15.88972 ], [ -47.51759, -15.9017 ], [ -47.52109, -15.90287 ], [ -47.52579, -15.91768 ], [ -47.52513, -15.92563 ], [ -47.58348, -15.93726 ], [ -47.58329, -15.93205 ], [ -47.60012, -15.93638 ] ], [ [ -47.59827, -15.93198 ], [ -47.59787, -15.93188 ], [ -47.6011, -15.93269 ], [ -47.59827, -15.93198 ] ], [ [ -47.58317, -15.92867 ], [ -47.58315, -15.92818 ], [ -47.59373, -15.93084 ], [ -47.58317, -15.92867 ] ], [ [ -47.56088, -15.89467 ], [ -47.57557, -15.91779 ], [ -47.56555, -15.90571 ], [ -47.56088, -15.89467 ] ] ], [ [ [ -47.61485, -15.92254 ], [ -47.60954, -15.9119 ], [ -47.60686, -15.91298 ], [ -47.60012, -15.93638 ], [ -47.60295, -15.94445 ], [ -47.6082, -15.9373 ], [ -47.60798, -15.9303 ], [ -47.61372, -15.92798 ], [ -47.61485, -15.92254 ] ] ] ] } },
{ "type": "Feature", "properties": { "cluster": 417.0, "hvi": 0.1098, "population": 2471, "setores": 9, "municipio": "Brasília" }, "geometry": { "type": "MultiPolygon", "coordinates": [ [ [ [ -47.39381, -15.94254 ], [ -47.39983, -15.97508 ], [ -47.41207, -15.97197 ], [ -47.40966, -15.96914 ], [ -47.4132, -15.97012 ], [ -47.41369, -15.96619 ], [ -47.4186, -15.96841 ], [ -47.42113, -15.96338 ], [ -47.42952, -15.9668 ], [ -47.42877, -15.96112 ], [ -47.43181, -15.96345 ], [ -47.4366, -15.9582 ], [ -47.44131, -15.95941 ], [ -47.44561, -15.95464 ], [ -47.44516, -15.94989 ], [ -47.44942, -15.95091 ], [ -47.45829, -15.96524 ], [ -47.47431, -15.96769 ], [ -47.47383, -15.94758 ], [ -47.52035, -15.9462 ], [ -47.5375, -15.92787 ], [ -47.52514, -15.92549 ], [ -47.52579, -15.91768 ], [ -47.52109, -15.90287 ], [ -47.51759, -15.9017 ], [ -47.51429, -15.91104 ], [ -47.52, -15.9245 ], [ -47.45875, -15.91269 ], [ -47.41275, -15.92396 ], [ -47.43481, -15.91815 ], [ -47.43867, -15.88742 ], [ -47.43278, -15.86229 ], [ -47.42259, -15.86418 ], [ -47.38708, -15.8569 ], [ -47.3968, -15.92425 ], [ -47.39381, -15.94254 ] ] ], [ [ [ -47.59272, -15.93917 ], [ -47.60045, -15.94077 ], [ -47.60012, -15.93638 ], [ -47.58224, -15.93178 ], [ -47.58348, -15.93726 ], [ -47.59271, -15.93917 ], [ -47.57291, -15.93518 ], [ -47.57399, -15.93951 ], [ -47.59223, -15.9414 ], [ -47.59272, -15.93917 ] ] ], [ [ [ -47.61052, -15.88779 ], [ -47.61383, -15.88864 ], [ -47.60686, -15.91298 ], [ -47.6187, -15.91637 ], [ -47.63034, -15.91409 ], [ -47.64202, -15.90387 ], [ -47.64277, -15.89318 ], [ -47.63767, -15.88795 ], [ -47.65179, -15.87889 ], [ -47.65679, -15.87872 ], [ -47.64855, -15.86814 ], [ -47.63136, -15.87548 ], [ -47.61886, -15.87104 ], [ -47.61385, -15.88855 ], [ -47.61103, -15.88599 ], [ -47.61052, -15.88779 ] ] ] ] } },
{ "type": "Feature", "properties": { "cluster": 418.0, "hvi": 0.1133, "population": 1724, "setores": 6, "municipio": "Brasília" }, "geometry": { "type": "MultiPolygon", "coordinates": [ [ [ [ -47.74197, -15.81724 ], [ -47.74068, -15.82152 ], [ -47.73065, -15.81947 ], [ -47.73014, -15.83055 ], [ -47.7394, -15.83572 ], [ -47.73072, -15.8413 ], [ -47.73647, -15.84563 ], [ -47.74439, -15.84447 ], [ -47.75221, -15.84015 ], [ -47.74788, -15.83434 ], [ -47.74777, -15.83308 ], [ -47.75093, -15.83225 ], [ -47.75251, -15.82144 ], [ -47.7591, -15.82212 ], [ -47.76011, -15.82745 ], [ -47.76976, -15.83341 ], [ -47.76948, -15.82825 ], [ -47.76659, -15.82736 ], [ -47.76919, -15.8249 ], [ -47.76621, -15.82292 ], [ -47.76935, -15.82052 ], [ -47.77304, -15.82194 ], [ -47.77986, -15.81876 ], [ -47.77063, -15.81953 ], [ -47.77174, -15.81868 ], [ -47.78187, -15.81571 ], [ -47.76682, -15.80123 ], [ -47.76437, -15.80321 ], [ -47.76681, -15.80393 ], [ -47.76226, -15.80471 ], [ -47.76312, -15.8124 ], [ -47.74796, -15.81622 ], [ -47.75071, -15.82134 ], [ -47.74687, -15.82265 ], [ -47.74645, -15.81785 ], [ -47.74197, -15.81724 ] ] ], [ [ [ -47.76874, -15.82218 ], [ -47.77139, -15.82426 ], [ -47.7731, -15.82495 ], [ -47.77304, -15.82194 ], [ -47.77152, -15.82408 ], [ -47.77167, -15.82206 ], [ -47.76874, -15.82218 ] ] ] ] } },
{ "type": "Feature", "properties": { "cluster": 419.0, "hvi": 0.125, "population": 3208, "setores": 5, "municipio": "Brasília" }, "geometry": { "type": "MultiPolygon", "coordinates": [ [ [ [ -48.02207, -15.89058 ], [ -48.02275, -15.88898 ], [ -48.01962, -15.89016 ], [ -48.02207, -15.89058 ] ] ], [ [ [ -48.02004, -15.88917 ], [ -48.02058, -15.88789 ], [ -48.01797, -15.88784 ], [ -48.02004, -15.88917 ] ] ], [ [ [ -48.02144, -15.88583 ], [ -48.01761, -15.8843 ], [ -48.01841, -15.88554 ], [ -48.0172, -15.88631 ], [ -48.02058, -15.88789 ], [ -48.02144, -15.88583 ] ] ], [ [ [ -48.01679, -15.88615 ], [ -48.01715, -15.88412 ], [ -48.0161, -15.88658 ], [ -48.01834, -15.88748 ], [ -48.01679, -15.88615 ] ] ] ] } },
{ "type": "Feature", "properties": { "cluster": 420.0, "hvi": 0.1177, "population": 1959, "setores": 4, "municipio": "Brasília" }, "geometry": { "type": "MultiPolygon", "coordinates": [ [ [ [ -48.01749, -15.88331 ], [ -48.0202, -15.88394 ], [ -48.02107, -15.88204 ], [ -48.0207, -15.88054 ], [ -48.01989, -15.88097 ], [ -48.01889, -15.88006 ], [ -48.01766, -15.88291 ], [ -48.01825, -15.88315 ], [ -48.01749, -15.88331 ] ] ], [ [ [ -48.02119, -15.87939 ], [ -48.01949, -15.87871 ], [ -48.0207, -15.88054 ], [ -48.02119, -15.87939 ] ] ] ] } },
{ "type": "Feature", "properties": { "cluster": 421.0, "hvi": 0.1135, "population": 2816, "setores": 7, "municipio": "Brasília" }, "geometry": { "type": "MultiPolygon", "coordinates": [ [ [ [ -48.02206, -15.87974 ], [ -48.02267, -15.88179 ], [ -48.02333, -15.88025 ], [ -48.02206, -15.87974 ] ] ], [ [ [ -48.02119, -15.87939 ], [ -48.02139, -15.88127 ], [ -48.02205, -15.87936 ], [ -48.02119, -15.87939 ] ] ], [ [ [ -48.02046, -15.87873 ], [ -48.02205, -15.87936 ], [ -48.02333, -15.88025 ], [ -48.02347, -15.87993 ], [ -48.0244, -15.8803 ], [ -48.02457, -15.88472 ], [ -48.02919, -15.88677 ], [ -48.03031, -15.8829 ], [ -48.03386, -15.88562 ], [ -48.03823, -15.8824 ], [ -48.03471, -15.87854 ], [ -48.04263, -15.87352 ], [ -48.01964, -15.87839 ], [ -48.02433, -15.8782 ], [ -48.02046, -15.87873 ] ] ], [ [ [ -48.02019, -15.87716 ], [ -48.01528, -15.87785 ], [ -48.01843, -15.88111 ], [ -48.01964, -15.87839 ], [ -48.02019, -15.87716 ] ] ], [ [ [ -48.03773, -15.87752 ], [ -48.03885, -15.87887 ], [ -48.03982, -15.87685 ], [ -48.03773, -15.87752 ] ] ] ] } },
{ "type": "Feature", "properties": { "cluster": 422.0, "hvi": 0.1218, "population": 2888, "setores": 5, "municipio": "Brasília" }, "geometry": { "type": "MultiPolygon", "coordinates": [ [ [ [ -48.01779, -15.88825 ], [ -48.01497, -15.8892 ], [ -48.01713, -15.88974 ], [ -48.01779, -15.88825 ] ] ], [ [ [ -48.01815, -15.8874 ], [ -48.01574, -15.88744 ], [ -48.01779, -15.88825 ], [ -48.01815, -15.8874 ] ] ], [ [ [ -48.01574, -15.88744 ], [ -48.01601, -15.88679 ], [ -48.01378, -15.8864 ], [ -48.01565, -15.88766 ], [ -48.01574, -15.88744 ] ] ], [ [ [ -48.015, -15.88326 ], [ -48.01567, -15.88529 ], [ -48.0161, -15.88495 ], [ -48.01601, -15.88679 ], [ -48.01676, -15.88442 ], [ -48.015, -15.88326 ] ] ] ] } },
{ "type": "Feature", "properties": { "cluster": 423.0, "hvi": 0.1265, "population": 1332, "setores": 2, "municipio": "Brasília" }, "geometry": { "type": "MultiPolygon", "coordinates": [ [ [ [ -48.01507, -15.88189 ], [ -48.01754, -15.88198 ], [ -48.01836, -15.88005 ], [ -48.01507, -15.88189 ] ] ], [ [ [ -48.01556, -15.88074 ], [ -48.01664, -15.87937 ], [ -48.01494, -15.87869 ], [ -48.01556, -15.88074 ] ] ] ] } },
{ "type": "Feature", "properties": { "cluster": 424.0, "hvi": 0.1277, "population": 2060, "setores": 3, "municipio": "Brasília" }, "geometry": { "type": "MultiPolygon", "coordinates": [ [ [ [ -48.00859, -15.88063 ], [ -48.01009, -15.87811 ], [ -48.00767, -15.87789 ], [ -48.00859, -15.88063 ] ] ], [ [ [ -48.00767, -15.87789 ], [ -48.00654, -15.87779 ], [ -48.00744, -15.88052 ], [ -48.00767, -15.87789 ] ] ], [ [ [ -48.01344, -15.87812 ], [ -48.01521, -15.87498 ], [ -48.00791, -15.87791 ], [ -48.01344, -15.87812 ] ] ] ] } },
{ "type": "Feature", "properties": { "cluster": 425.0, "hvi": 0.1347, "population": 1668, "setores": 2, "municipio": "Brasília" }, "geometry": { "type": "MultiPolygon", "coordinates": [ [ [ [ -48.00629, -15.88042 ], [ -48.00654, -15.87779 ], [ -48.00388, -15.87755 ], [ -48.00629, -15.88042 ] ] ], [ [ [ -48.00438, -15.88025 ], [ -48.00388, -15.87755 ], [ -48.00275, -15.87745 ], [ -48.00087, -15.87995 ], [ -48.00438, -15.88025 ] ] ] ] } },
{ "type": "Feature", "properties": { "cluster": 426.0, "hvi": 0.1339, "population": 1598, "setores": 2, "municipio": "Brasília" }, "geometry": { "type": "Polygon", "coordinates": [ [ [ -48.02041, -15.88358 ], [ -48.02437, -15.88519 ], [ -48.02453, -15.88035 ], [ -48.02177, -15.8839 ], [ -48.02267, -15.88179 ], [ -48.02041, -15.88358 ] ] ] } },
{ "type": "Feature", "properties": { "cluster": 427.0, "hvi": 0.1118, "population": 2186, "setores": 6, "municipio": "Brasília" }, "geometry": { "type": "MultiPolygon", "coordinates": [ [ [ [ -48.02117, -15.88477 ], [ -48.02169, -15.88409 ], [ -48.02003, -15.88432 ], [ -48.02117, -15.88477 ] ] ], [ [ [ -48.01749, -15.88331 ], [ -48.01843, -15.88111 ], [ -48.01727, -15.88322 ], [ -48.01503, -15.88232 ], [ -48.01326, -15.88118 ], [ -48.01461, -15.88216 ], [ -48.02002, -15.88526 ], [ -48.02037, -15.88446 ], [ -48.01749, -15.88331 ] ] ], [ [ [ -48.01625, -15.88147 ], [ -48.01682, -15.88303 ], [ -48.01754, -15.88198 ], [ -48.01625, -15.88147 ] ] ], [ [ [ -48.01428, -15.88024 ], [ -48.01507, -15.88189 ], [ -48.01556, -15.88074 ], [ -48.01428, -15.88024 ] ] ] ] } },
{ "type": "Feature", "properties": { "cluster": 428.0, "hvi": 0.1301, "population": 2952, "setores": 4, "municipio": "Brasília" }, "geometry": { "type": "Polygon", "coordinates": [ [ [ -48.0127, -15.88778 ], [ -48.01143, -15.88618 ], [ -48.01247, -15.8842 ], [ -48.01395, -15.88598 ], [ -48.015, -15.88326 ], [ -48.01045, -15.88143 ], [ -48.01133, -15.88606 ], [ -48.00988, -15.88791 ], [ -48.01244, -15.88844 ], [ -48.0127, -15.88778 ] ], [ [ -48.01263, -15.88388 ], [ -48.01309, -15.883 ], [ -48.01381, -15.88473 ], [ -48.01263, -15.88388 ] ] ] } },
{ "type": "Feature", "properties": { "cluster": 429.0, "hvi": 0.1206, "population": 2195, "setores": 4, "municipio": "Brasília" }, "geometry": { "type": "MultiPolygon", "coordinates": [ [ [ [ -48.01248, -15.88131 ], [ -48.01055, -15.88054 ], [ -48.01228, -15.8818 ], [ -48.01248, -15.88131 ] ] ], [ [ [ -48.01152, -15.88002 ], [ -48.0138, -15.88138 ], [ -48.01476, -15.87793 ], [ -48.02138, -15.87699 ], [ -48.017, -15.87398 ], [ -48.01347, -15.87808 ], [ -48.01227, -15.87823 ], [ -48.01169, -15.87963 ], [ -48.01367, -15.88044 ], [ -48.01152, -15.88002 ] ] ] ] } },
{ "type": "Feature", "properties": { "cluster": 430.0, "hvi": 0.1166, "population": 2855, "setores": 6, "municipio": "Brasília" }, "geometry": { "type": "MultiPolygon", "coordinates": [ [ [ [ -48.00657, -15.88848 ], [ -48.00563, -15.88748 ], [ -48.01125, -15.88595 ], [ -48.01052, -15.88093 ], [ -48.01078, -15.87817 ], [ -48.00872, -15.87892 ], [ -48.00973, -15.88073 ], [ -48.00212, -15.88005 ], [ -48.00519, -15.88702 ], [ -48.00332, -15.88504 ], [ -48.001, -15.88833 ], [ -48.00681, -15.8913 ], [ -48.00657, -15.88848 ] ] ], [ [ [ -48.01242, -15.88038 ], [ -48.01227, -15.87823 ], [ -48.01078, -15.87817 ], [ -48.01273, -15.88235 ], [ -48.01351, -15.88082 ], [ -48.01242, -15.88038 ] ] ] ] } },
{ "type": "Feature", "properties": { "cluster": 431.0, "hvi": 0.1112, "population": 2984, "setores": 8, "municipio": "Brasília" }, "geometry": { "type": "MultiPolygon", "coordinates": [ [ [ [ -48.01743, -15.89276 ], [ -48.02504, -15.89427 ], [ -48.02689, -15.89169 ], [ -48.01871, -15.89001 ], [ -48.01962, -15.89016 ], [ -48.02004, -15.88917 ], [ -48.01713, -15.88974 ], [ -48.01824, -15.88993 ], [ -48.01736, -15.89018 ], [ -48.01743, -15.89276 ] ] ], [ [ [ -48.02304, -15.8883 ], [ -48.0205, -15.88809 ], [ -48.02275, -15.88898 ], [ -48.02304, -15.8883 ] ] ], [ [ [ -48.02111, -15.88662 ], [ -48.02304, -15.8883 ], [ -48.02337, -15.88753 ], [ -48.02111, -15.88662 ] ] ], [ [ [ -48.02144, -15.88583 ], [ -48.02337, -15.88753 ], [ -48.02372, -15.88671 ], [ -48.02144, -15.88583 ] ] ], [ [ [ -48.02381, -15.88404 ], [ -48.02002, -15.88526 ], [ -48.02372, -15.88671 ], [ -48.02381, -15.88404 ] ] ], [ [ [ -48.03493, -15.87661 ], [ -48.03823, -15.8824 ], [ -48.03386, -15.88562 ], [ -48.03031, -15.8829 ], [ -48.02919, -15.88677 ], [ -48.02457, -15.88472 ], [ -48.02207, -15.89058 ], [ -48.02692, -15.89152 ], [ -48.03926, -15.88329 ], [ -48.0398, -15.87807 ], [ -48.03493, -15.87661 ] ] ] ] } },
{ "type": "Feature", "properties": { "cluster": 432.0, "hvi": 0.1265, "population": 2007, "setores": 3, "municipio": "Brasília" }, "geometry": { "type": "Polygon", "coordinates": [ [ [ -48.01337, -15.8911 ], [ -48.0152, -15.88931 ], [ -48.01565, -15.88766 ], [ -48.01378, -15.8864 ], [ -48.01495, -15.88915 ], [ -48.01303, -15.88798 ], [ -48.01395, -15.88598 ], [ -48.01169, -15.88506 ], [ -48.01295, -15.88793 ], [ -48.00998, -15.88889 ], [ -48.01337, -15.8911 ] ] ] } },
{ "type": "Feature", "properties": { "cluster": 433.0, "hvi": 0.1381, "population": 2760, "setores": 3, "municipio": "Brasília" }, "geometry": { "type": "MultiPolygon", "coordinates": [ [ [ [ -48.02007, -15.89874 ], [ -48.02492, -15.8943 ], [ -48.01598, -15.89233 ], [ -48.01816, -15.89033 ], [ -48.0152, -15.88931 ], [ -48.01333, -15.89115 ], [ -48.0155, -15.89223 ], [ -48.01382, -15.89186 ], [ -48.02007, -15.89874 ] ] ], [ [ [ -48.01037, -15.88983 ], [ -48.00879, -15.89597 ], [ -48.01408, -15.89223 ], [ -48.01037, -15.88983 ] ] ] ] } },
{ "type": "Feature", "properties": { "cluster": 434.0, "hvi": 0.0976, "population": 107, "setores": 1, "municipio": "Brasília" }, "geometry": { "type": "Polygon", "coordinates": [ [ [ -47.98748, -15.87939 ], [ -47.98599, -15.88189 ], [ -47.98704, -15.88231 ], [ -47.98748, -15.87939 ] ] ] } },
{ "type": "Feature", "properties": { "cluster": 435.0, "hvi": 0.1096, "population": 2935, "setores": 9, "municipio": "Brasília" }, "geometry": { "type": "MultiPolygon", "coordinates": [ [ [ [ -47.98181, -15.92101 ], [ -47.98777, -15.90216 ], [ -47.98426, -15.90007 ], [ -47.98297, -15.90744 ], [ -47.97737, -15.92048 ], [ -47.98181, -15.92101 ] ] ], [ [ [ -47.98921, -15.89437 ], [ -47.98824, -15.88673 ], [ -48.00216, -15.89482 ], [ -48.00459, -15.9007 ], [ -48.00734, -15.89789 ], [ -48.00857, -15.90543 ], [ -48.01283, -15.90541 ], [ -48.01944, -15.89951 ], [ -48.00879, -15.89597 ], [ -48.01039, -15.88812 ], [ -48.00542, -15.88754 ], [ -48.00681, -15.8913 ], [ -48.001, -15.88833 ], [ -48.00212, -15.88005 ], [ -47.99833, -15.87988 ], [ -47.99684, -15.882 ], [ -47.99566, -15.88138 ], [ -47.99343, -15.88682 ], [ -47.99425, -15.8797 ], [ -47.98922, -15.88324 ], [ -47.99127, -15.87956 ], [ -47.98872, -15.87945 ], [ -47.98704, -15.88231 ], [ -47.98691, -15.87937 ], [ -47.98527, -15.88155 ], [ -47.98482, -15.87927 ], [ -47.9845, -15.88106 ], [ -47.98143, -15.87912 ], [ -47.98266, -15.88049 ], [ -47.98, -15.87906 ], [ -47.97928, -15.88069 ], [ -47.98306, -15.88093 ], [ -47.98762, -15.88603 ], [ -47.98431, -15.89998 ], [ -47.98786, -15.90062 ], [ -47.98921, -15.89437 ] ] ], [ [ [ -47.98635, -15.87745 ], [ -47.9798, -15.87901 ], [ -47.99488, -15.87945 ], [ -47.98635, -15.87745 ] ] ], [ [ [ -48.00256, -15.87954 ], [ -48.00275, -15.87745 ], [ -48.0005, -15.87725 ], [ -48.00256, -15.87954 ] ] ] ] } },
{ "type": "Feature", "properties": { "cluster": 436.0, "hvi": 0.1312, "population": 735, "setores": 1, "municipio": "Brasília" }, "geometry": { "type": "Polygon", "coordinates": [ [ [ -48.01309, -15.88156 ], [ -48.01428, -15.88297 ], [ -48.01461, -15.88216 ], [ -48.01309, -15.88156 ] ] ] } },
{ "type": "Feature", "properties": { "cluster": 437.0, "hvi": 0.1256, "population": 1355, "setores": 2, "municipio": "Brasília" }, "geometry": { "type": "Polygon", "coordinates": [ [ [ -48.01702, -15.89802 ], [ -48.02004, -15.89879 ], [ -48.01408, -15.89223 ], [ -48.01096, -15.89573 ], [ -48.0186, -15.89951 ], [ -48.01702, -15.89802 ] ] ] } },
{ "type": "Feature", "properties": { "cluster": 438.0, "hvi": 0.1315, "population": 1441, "setores": 2, "municipio": "Brasília" }, "geometry": { "type": "Polygon", "coordinates": [ [ [ -47.96127, -15.87052 ], [ -47.96239, -15.86726 ], [ -47.95804, -15.86582 ], [ -47.95812, -15.86691 ], [ -47.96127, -15.87052 ] ] ] } },
{ "type": "Feature", "properties": { "cluster": 439.0, "hvi": 0.1188, "population": 2958, "setores": 6, "municipio": "Brasília" }, "geometry": { "type": "MultiPolygon", "coordinates": [ [ [ [ -47.96509, -15.87244 ], [ -47.96662, -15.86945 ], [ -47.96375, -15.86794 ], [ -47.96435, -15.86725 ], [ -47.96194, -15.86804 ], [ -47.96372, -15.87259 ], [ -47.96509, -15.87244 ] ], [ [ -47.96339, -15.8708 ], [ -47.96418, -15.86921 ], [ -47.96313, -15.86866 ], [ -47.96371, -15.86799 ], [ -47.9662, -15.87024 ], [ -47.96339, -15.8708 ] ] ], [ [ [ -47.96333, -15.86545 ], [ -47.96803, -15.86916 ], [ -47.96859, -15.86805 ], [ -47.96333, -15.86545 ] ] ] ] } },
{ "type": "Feature", "properties": { "cluster": 440.0, "hvi": 0.1087, "population": 2776, "setores": 9, "municipio": "Brasília" }, "geometry": { "type": "MultiPolygon", "coordinates": [ [ [ [ -47.97078, -15.87938 ], [ -47.96826, -15.87634 ], [ -47.9739, -15.87853 ], [ -47.97425, -15.87518 ], [ -47.96372, -15.87259 ], [ -47.96472, -15.87497 ], [ -47.9661, -15.87551 ], [ -47.95904, -15.87663 ], [ -47.96024, -15.88386 ], [ -47.97078, -15.8829 ], [ -47.97078, -15.87938 ] ] ], [ [ [ -47.97513, -15.87481 ], [ -47.97697, -15.87698 ], [ -47.97748, -15.87605 ], [ -47.97513, -15.87481 ] ] ], [ [ [ -47.97406, -15.87269 ], [ -47.97521, -15.87382 ], [ -47.97543, -15.8734 ], [ -47.97406, -15.87269 ] ] ], [ [ [ -47.97254, -15.87351 ], [ -47.97272, -15.87256 ], [ -47.97012, -15.87122 ], [ -47.97189, -15.8725 ], [ -47.97254, -15.87351 ] ] ], [ [ [ -47.97316, -15.87176 ], [ -47.97543, -15.8734 ], [ -47.97563, -15.87303 ], [ -47.97316, -15.87176 ] ] ], [ [ [ -47.97128, -15.87284 ], [ -47.97149, -15.87243 ], [ -47.96991, -15.87164 ], [ -47.97128, -15.87284 ] ] ] ] } },
{ "type": "Feature", "properties": { "cluster": 441.0, "hvi": 0.1151, "population": 2582, "setores": 6, "municipio": "Brasília" }, "geometry": { "type": "MultiPolygon", "coordinates": [ [ [ [ -47.97521, -15.87382 ], [ -47.97298, -15.87271 ], [ -47.97425, -15.87518 ], [ -47.97521, -15.87382 ] ] ], [ [ [ -47.97225, -15.87337 ], [ -47.96888, -15.87102 ], [ -47.97012, -15.87122 ], [ -47.96662, -15.86945 ], [ -47.96509, -15.87244 ], [ -47.97182, -15.87451 ], [ -47.97225, -15.87337 ] ] ], [ [ [ -47.96926, -15.86976 ], [ -47.96803, -15.86916 ], [ -47.96882, -15.87054 ], [ -47.96926, -15.86976 ] ] ], [ [ [ -47.96556, -15.86784 ], [ -47.96762, -15.86994 ], [ -47.96803, -15.86916 ], [ -47.96556, -15.86784 ] ] ], [ [ [ -47.96435, -15.86725 ], [ -47.96514, -15.86866 ], [ -47.96556, -15.86784 ], [ -47.96435, -15.86725 ] ] ] ] } },
{ "type": "Feature", "properties": { "cluster": 442.0, "hvi": 0.1212, "population": 2700, "setores": 5, "municipio": "Brasília" }, "geometry": { "type": "MultiPolygon", "coordinates": [ [ [ [ -47.98012, -15.87787 ], [ -47.97905, -15.87359 ], [ -47.97371, -15.87073 ], [ -47.97851, -15.87447 ], [ -47.97722, -15.87655 ], [ -47.98012, -15.87787 ] ] ], [ [ [ -47.97748, -15.87605 ], [ -47.97837, -15.87442 ], [ -47.97521, -15.87382 ], [ -47.97748, -15.87605 ] ] ], [ [ [ -47.96926, -15.86976 ], [ -47.97272, -15.87256 ], [ -47.97316, -15.87176 ], [ -47.96926, -15.86976 ] ] ], [ [ [ -47.96859, -15.86805 ], [ -47.97316, -15.87176 ], [ -47.97371, -15.87073 ], [ -47.96859, -15.86805 ] ] ] ] } },
{ "type": "Feature", "properties": { "cluster": 443.0, "hvi": 0.1067, "population": 777, "setores": 3, "municipio": "Brasília" }, "geometry": { "type": "MultiPolygon", "coordinates": [ [ [ [ -47.97636, -15.87544 ], [ -47.97658, -15.87505 ], [ -47.97579, -15.87464 ], [ -47.97636, -15.87544 ] ] ], [ [ [ -47.97579, -15.87464 ], [ -47.97509, -15.87427 ], [ -47.97558, -15.87504 ], [ -47.97579, -15.87464 ] ] ], [ [ [ -47.97678, -15.87464 ], [ -47.97521, -15.87382 ], [ -47.97509, -15.87427 ], [ -47.97678, -15.87464 ] ] ] ] } },
{ "type": "Feature", "properties": { "cluster": 444.0, "hvi": 0.1296, "population": 2745, "setores": 4, "municipio": "Brasília" }, "geometry": { "type": "MultiPolygon", "coordinates": [ [ [ [ -47.97919, -15.88075 ], [ -47.97562, -15.87765 ], [ -47.97687, -15.88078 ], [ -47.9739, -15.88359 ], [ -47.97785, -15.88224 ], [ -47.97866, -15.88115 ], [ -47.97837, -15.88166 ], [ -47.98506, -15.88884 ], [ -47.9879, -15.88438 ], [ -47.97919, -15.88075 ] ] ], [ [ [ -47.97973, -15.87982 ], [ -47.97582, -15.87597 ], [ -47.97928, -15.88069 ], [ -47.97973, -15.87982 ] ] ] ] } },
{ "type": "Feature", "properties": { "cluster": 445.0, "hvi": 0.1044, "population": 182, "setores": 1, "municipio": "Brasília" }, "geometry": { "type": "Polygon", "coordinates": [ [ [ -47.96378, -15.86993 ], [ -47.9645, -15.86937 ], [ -47.96418, -15.86921 ], [ -47.96378, -15.86993 ] ] ] } },
{ "type": "Feature", "properties": { "cluster": 446.0, "hvi": 0.1202, "population": 539, "setores": 1, "municipio": "Brasília" }, "geometry": { "type": "Polygon", "coordinates": [ [ [ -47.97771, -15.87885 ], [ -47.98012, -15.87787 ], [ -47.97859, -15.87723 ], [ -47.97771, -15.87885 ] ] ] } },
{ "type": "Feature", "properties": { "cluster": 447.0, "hvi": 0.1197, "population": 2585, "setores": 5, "municipio": "Brasília" }, "geometry": { "type": "MultiPolygon", "coordinates": [ [ [ [ -47.9739, -15.88359 ], [ -47.9739, -15.87853 ], [ -47.97079, -15.87725 ], [ -47.97078, -15.88145 ], [ -47.9739, -15.88359 ] ] ], [ [ [ -47.97425, -15.87518 ], [ -47.9737, -15.87666 ], [ -47.97673, -15.87752 ], [ -47.97425, -15.87518 ] ] ], [ [ [ -47.96372, -15.87259 ], [ -47.9616, -15.87061 ], [ -47.95923, -15.87262 ], [ -47.96083, -15.87243 ], [ -47.9588, -15.87453 ], [ -47.96227, -15.87631 ], [ -47.96372, -15.87259 ] ] ] ] } },
{ "type": "Feature", "properties": { "cluster": 448.0, "hvi": 0.1104, "population": 2805, "setores": 8, "municipio": "Brasília" }, "geometry": { "type": "Polygon", "coordinates": [ [ [ -48.00025, -15.87998 ], [ -48.0005, -15.87725 ], [ -47.99916, -15.87714 ], [ -48.00091, -15.87565 ], [ -48.00791, -15.87791 ], [ -48.01074, -15.87617 ], [ -48.00817, -15.87594 ], [ -48.00665, -15.87231 ], [ -48.00524, -15.87568 ], [ -48.0013, -15.87532 ], [ -48.00228, -15.8745 ], [ -47.99362, -15.87124 ], [ -47.99213, -15.87628 ], [ -47.97892, -15.87328 ], [ -47.97416, -15.86809 ], [ -47.97502, -15.86657 ], [ -47.96946, -15.8672 ], [ -47.96919, -15.86485 ], [ -47.96129, -15.86437 ], [ -47.97893, -15.87333 ], [ -47.98017, -15.87725 ], [ -47.99259, -15.87813 ], [ -47.9961, -15.87962 ], [ -47.99488, -15.87945 ], [ -47.99688, -15.88202 ], [ -47.99833, -15.87994 ], [ -47.99774, -15.87986 ], [ -48.00025, -15.87998 ] ], [ [ -47.99657, -15.87692 ], [ -47.99652, -15.87968 ], [ -47.99369, -15.87664 ], [ -47.99916, -15.87714 ], [ -47.99657, -15.87692 ] ] ] } },
{ "type": "Feature", "properties": { "cluster": 449.0, "hvi": 0.1071, "population": 275, "setores": 1, "municipio": "Brasília" }, "geometry": { "type": "Polygon", "coordinates": [ [ [ -47.99377, -15.87813 ], [ -47.99657, -15.87692 ], [ -47.9939, -15.87669 ], [ -47.99377, -15.87813 ] ] ] } },
{ "type": "Feature", "properties": { "cluster": 450.0, "hvi": 0.1405, "population": 812, "setores": 1, "municipio": "Brasília" }, "geometry": { "type": "Polygon", "coordinates": [ [ [ -47.96372, -15.87259 ], [ -47.96104, -15.875 ], [ -47.96227, -15.87631 ], [ -47.96582, -15.87514 ], [ -47.96372, -15.87259 ] ] ] } },
{ "type": "Feature", "properties": { "cluster": 451.0, "hvi": 0.119, "population": 2616, "setores": 5, "municipio": "Brasília" }, "geometry": { "type": "MultiPolygon", "coordinates": [ [ [ [ -48.09716, -15.83627 ], [ -48.0959, -15.83562 ], [ -48.09584, -15.83866 ], [ -48.09716, -15.83627 ] ] ], [ [ [ -48.0959, -15.83562 ], [ -48.09482, -15.83505 ], [ -48.09456, -15.838 ], [ -48.0959, -15.83562 ] ] ], [ [ [ -48.09627, -15.83226 ], [ -48.09397, -15.83135 ], [ -48.0933, -15.83774 ], [ -48.09627, -15.83226 ] ] ], [ [ [ -48.09288, -15.83097 ], [ -48.09256, -15.8342 ], [ -48.09397, -15.83135 ], [ -48.09288, -15.83097 ] ] ], [ [ [ -48.09595, -15.82614 ], [ -48.09627, -15.83226 ], [ -48.09901, -15.82737 ], [ -48.09595, -15.82614 ] ] ] ] } },
{ "type": "Feature", "properties": { "cluster": 452.0, "hvi": 0.1168, "population": 957, "setores": 2, "municipio": "Brasília" }, "geometry": { "type": "MultiPolygon", "coordinates": [ [ [ [ -48.10291, -15.84267 ], [ -48.10457, -15.84054 ], [ -48.10378, -15.83997 ], [ -48.10291, -15.84267 ] ] ], [ [ [ -48.10213, -15.84213 ], [ -48.10378, -15.83997 ], [ -48.10288, -15.83931 ], [ -48.10213, -15.84213 ] ] ] ] } },
{ "type": "Feature", "properties": { "cluster": 453.0, "hvi": 0.1196, "population": 3223, "setores": 6, "municipio": "Brasília" }, "geometry": { "type": "MultiPolygon", "coordinates": [ [ [ [ -48.11309, -15.84961 ], [ -48.11204, -15.84887 ], [ -48.12077, -15.85512 ], [ -48.11309, -15.84961 ] ] ], [ [ [ -48.11114, -15.84822 ], [ -48.11262, -15.84627 ], [ -48.11118, -15.84527 ], [ -48.11113, -15.84822 ], [ -48.11204, -15.84887 ], [ -48.11114, -15.84822 ] ] ], [ [ [ -48.11058, -15.84482 ], [ -48.10999, -15.84438 ], [ -48.10681, -15.84513 ], [ -48.10851, -15.84634 ], [ -48.11058, -15.84482 ] ] ], [ [ [ -48.11309, -15.84961 ], [ -48.11457, -15.84766 ], [ -48.11352, -15.84691 ], [ -48.11309, -15.84961 ] ] ], [ [ [ -48.11204, -15.84887 ], [ -48.11352, -15.84691 ], [ -48.11262, -15.84627 ], [ -48.11204, -15.84887 ] ] ], [ [ [ -48.10971, -15.8472 ], [ -48.11118, -15.84527 ], [ -48.11058, -15.84482 ], [ -48.10971, -15.8472 ] ] ] ] } },
{ "type": "Feature", "properties": { "cluster": 454.0, "hvi": 0.1197, "population": 2161, "setores": 4, "municipio": "Brasília" }, "geometry": { "type": "MultiPolygon", "coordinates": [ [ [ [ -48.1181, -15.85019 ], [ -48.11704, -15.84943 ], [ -48.11661, -15.85214 ], [ -48.1181, -15.85019 ] ] ], [ [ [ -48.11557, -15.85139 ], [ -48.11705, -15.84856 ], [ -48.11452, -15.85064 ], [ -48.11557, -15.85139 ] ] ], [ [ [ -48.11599, -15.8487 ], [ -48.11527, -15.8482 ], [ -48.11452, -15.85064 ], [ -48.11599, -15.8487 ] ] ], [ [ [ -48.11527, -15.8482 ], [ -48.11457, -15.84766 ], [ -48.11381, -15.85012 ], [ -48.11527, -15.8482 ] ] ] ] } },
{ "type": "Feature", "properties": { "cluster": 455.0, "hvi": 0.1175, "population": 2981, "setores": 6, "municipio": "Brasília" }, "geometry": { "type": "MultiPolygon", "coordinates": [ [ [ [ -48.11968, -15.85133 ], [ -48.11881, -15.85072 ], [ -48.11819, -15.85327 ], [ -48.11968, -15.85133 ] ] ], [ [ [ -48.11927, -15.8501 ], [ -48.1181, -15.85019 ], [ -48.11732, -15.85265 ], [ -48.11927, -15.8501 ] ] ], [ [ [ -48.12074, -15.84817 ], [ -48.12014, -15.85073 ], [ -48.1216, -15.8488 ], [ -48.12074, -15.84817 ] ] ], [ [ [ -48.11854, -15.84962 ], [ -48.12003, -15.84766 ], [ -48.11749, -15.84887 ], [ -48.11854, -15.84962 ] ] ], [ [ [ -48.11807, -15.84627 ], [ -48.11749, -15.84887 ], [ -48.11852, -15.84658 ], [ -48.11807, -15.84627 ] ] ], [ [ [ -48.12222, -15.84624 ], [ -48.12161, -15.84881 ], [ -48.12308, -15.84685 ], [ -48.12222, -15.84624 ] ] ] ] } },
{ "type": "Feature", "properties": { "cluster": 456.0, "hvi": 0.1269, "population": 2098, "setores": 3, "municipio": "Brasília" }, "geometry": { "type": "MultiPolygon", "coordinates": [ [ [ [ -48.11461, -15.85752 ], [ -48.11682, -15.85901 ], [ -48.11918, -15.85453 ], [ -48.11461, -15.85752 ] ] ], [ [ [ -48.12161, -15.85272 ], [ -48.12058, -15.85197 ], [ -48.12014, -15.85466 ], [ -48.12161, -15.85272 ] ] ], [ [ [ -48.1191, -15.85392 ], [ -48.12061, -15.85107 ], [ -48.11819, -15.85327 ], [ -48.1191, -15.85392 ] ] ] ] } },
{ "type": "Feature", "properties": { "cluster": 457.0, "hvi": 0.1217, "population": 1710, "setores": 3, "municipio": "Brasília" }, "geometry": { "type": "MultiPolygon", "coordinates": [ [ [ [ -48.12326, -15.85087 ], [ -48.1237, -15.85029 ], [ -48.1211, -15.85143 ], [ -48.12016, -15.85167 ], [ -48.12077, -15.85512 ], [ -48.12418, -15.85063 ], [ -48.12326, -15.85087 ] ] ], [ [ [ -48.12205, -15.84912 ], [ -48.1216, -15.8488 ], [ -48.12103, -15.85138 ], [ -48.12205, -15.84912 ] ] ] ] } },
{ "type": "Feature", "properties": { "cluster": 458.0, "hvi": 0.1166, "population": 2870, "setores": 6, "municipio": "Brasília" }, "geometry": { "type": "MultiPolygon", "coordinates": [ [ [ [ -48.11634, -15.84503 ], [ -48.11402, -15.84637 ], [ -48.11308, -15.84659 ], [ -48.11527, -15.8482 ], [ -48.11721, -15.84565 ], [ -48.11558, -15.84602 ], [ -48.11634, -15.84503 ] ] ], [ [ [ -48.11784, -15.84309 ], [ -48.11721, -15.84565 ], [ -48.11868, -15.84372 ], [ -48.11784, -15.84309 ] ] ], [ [ [ -48.11784, -15.84309 ], [ -48.11694, -15.84244 ], [ -48.11634, -15.84503 ], [ -48.11784, -15.84309 ] ] ], [ [ [ -48.11602, -15.8418 ], [ -48.11548, -15.84525 ], [ -48.11694, -15.84244 ], [ -48.11602, -15.8418 ] ] ], [ [ [ -48.11515, -15.84119 ], [ -48.11454, -15.84376 ], [ -48.11602, -15.8418 ], [ -48.11515, -15.84119 ] ] ] ] } },
{ "type": "Feature", "properties": { "cluster": 459.0, "hvi": 0.117, "population": 2906, "setores": 6, "municipio": "Brasília" }, "geometry": { "type": "MultiPolygon", "coordinates": [ [ [ [ -48.11452, -15.84374 ], [ -48.11368, -15.84314 ], [ -48.11324, -15.84494 ], [ -48.11174, -15.84568 ], [ -48.11396, -15.84633 ], [ -48.115, -15.84407 ], [ -48.11385, -15.84464 ], [ -48.11452, -15.84374 ] ] ], [ [ [ -48.11368, -15.84314 ], [ -48.11206, -15.84351 ], [ -48.11282, -15.84253 ], [ -48.10957, -15.84408 ], [ -48.11174, -15.84568 ], [ -48.11368, -15.84314 ] ] ], [ [ [ -48.1143, -15.84056 ], [ -48.11368, -15.84314 ], [ -48.11515, -15.84119 ], [ -48.1143, -15.84056 ] ] ], [ [ [ -48.11339, -15.83992 ], [ -48.11282, -15.84253 ], [ -48.1143, -15.84056 ], [ -48.11339, -15.83992 ] ] ] ] } },
{ "type": "Feature", "properties": { "cluster": 460.0, "hvi": 0.1215, "population": 2294, "setores": 4, "municipio": "Brasília" }, "geometry": { "type": "MultiPolygon", "coordinates": [ [ [ [ -48.1091, -15.84376 ], [ -48.10828, -15.8432 ], [ -48.10761, -15.8457 ], [ -48.1091, -15.84376 ] ] ], [ [ [ -48.11043, -15.84383 ], [ -48.11147, -15.84154 ], [ -48.10828, -15.8432 ], [ -48.11043, -15.84383 ] ] ], [ [ [ -48.11339, -15.83992 ], [ -48.11233, -15.83916 ], [ -48.11195, -15.84271 ], [ -48.11339, -15.83992 ] ] ], [ [ [ -48.11486, -15.83707 ], [ -48.11425, -15.83664 ], [ -48.11384, -15.84023 ], [ -48.11486, -15.83707 ] ] ] ] } },
{ "type": "Feature", "properties": { "cluster": 461.0, "hvi": 0.1224, "population": 2949, "setores": 5, "municipio": "Brasília" }, "geometry": { "type": "MultiPolygon", "coordinates": [ [ [ [ -48.11102, -15.84123 ], [ -48.11019, -15.84064 ], [ -48.10951, -15.84318 ], [ -48.11102, -15.84123 ] ] ], [ [ [ -48.11086, -15.84111 ], [ -48.11233, -15.83916 ], [ -48.10927, -15.83999 ], [ -48.11086, -15.84111 ] ] ], [ [ [ -48.11237, -15.83919 ], [ -48.11425, -15.83664 ], [ -48.11329, -15.8366 ], [ -48.11237, -15.83919 ] ] ], [ [ [ -48.11329, -15.8366 ], [ -48.11027, -15.83868 ], [ -48.11071, -15.839 ], [ -48.11329, -15.8366 ] ] ], [ [ [ -48.11221, -15.83217 ], [ -48.11269, -15.83551 ], [ -48.11418, -15.8336 ], [ -48.11221, -15.83217 ] ] ] ] } },
{ "type": "Feature", "properties": { "cluster": 462.0, "hvi": 0.1291, "population": 2832, "setores": 4, "municipio": "Brasília" }, "geometry": { "type": "MultiPolygon", "coordinates": [ [ [ [ -48.11082, -15.8538 ], [ -48.11344, -15.85043 ], [ -48.09348, -15.83751 ], [ -48.09275, -15.84512 ], [ -48.11082, -15.8538 ] ] ], [ [ [ -48.1066, -15.84539 ], [ -48.11019, -15.84064 ], [ -48.10765, -15.84251 ], [ -48.10457, -15.84054 ], [ -48.10412, -15.84355 ], [ -48.1066, -15.84539 ] ] ] ] } },
{ "type": "Feature", "properties": { "cluster": 463.0, "hvi": 0.1449, "population": 2079, "setores": 2, "municipio": "Brasília" }, "geometry": { "type": "MultiPolygon", "coordinates": [ [ [ [ -48.10378, -15.83997 ], [ -48.10737, -15.84248 ], [ -48.10927, -15.83999 ], [ -48.10378, -15.83997 ] ] ], [ [ [ -48.10503, -15.83994 ], [ -48.1065, -15.838 ], [ -48.10474, -15.83674 ], [ -48.10288, -15.83931 ], [ -48.10503, -15.83994 ] ] ] ] } },
{ "type": "Feature", "properties": { "cluster": 464.0, "hvi": 0.1188, "population": 2585, "setores": 5, "municipio": "Brasília" }, "geometry": { "type": "MultiPolygon", "coordinates": [ [ [ [ -48.09861, -15.83702 ], [ -48.09716, -15.83627 ], [ -48.09727, -15.83938 ], [ -48.09861, -15.83702 ] ] ], [ [ [ -48.10294, -15.83573 ], [ -48.10207, -15.83528 ], [ -48.10177, -15.83783 ], [ -48.10294, -15.83573 ] ] ], [ [ [ -48.1012, -15.83482 ], [ -48.10014, -15.83427 ], [ -48.0996, -15.83755 ], [ -48.1012, -15.83482 ] ] ], [ [ [ -48.10411, -15.83361 ], [ -48.10392, -15.83624 ], [ -48.10512, -15.83414 ], [ -48.10411, -15.83361 ] ] ], [ [ [ -48.10239, -15.83271 ], [ -48.10207, -15.83528 ], [ -48.10327, -15.83317 ], [ -48.10239, -15.83271 ] ] ] ] } },
{ "type": "Feature", "properties": { "cluster": 465.0, "hvi": 0.1231, "population": 2383, "setores": 4, "municipio": "Brasília" }, "geometry": { "type": "MultiPolygon", "coordinates": [ [ [ [ -48.09795, -15.83312 ], [ -48.09753, -15.83563 ], [ -48.09871, -15.83352 ], [ -48.09795, -15.83312 ] ] ], [ [ [ -48.09915, -15.83098 ], [ -48.09747, -15.8301 ], [ -48.09795, -15.83312 ], [ -48.09915, -15.83098 ] ] ], [ [ [ -48.09627, -15.83226 ], [ -48.09651, -15.8351 ], [ -48.0977, -15.83299 ], [ -48.09627, -15.83226 ] ] ], [ [ [ -48.09915, -15.83098 ], [ -48.09897, -15.83365 ], [ -48.10015, -15.83152 ], [ -48.09915, -15.83098 ] ] ] ] } },
{ "type": "Feature", "properties": { "cluster": 466.0, "hvi": 0.119, "population": 2082, "setores": 4, "municipio": "Brasília" }, "geometry": { "type": "MultiPolygon", "coordinates": [ [ [ [ -48.09634, -15.8296 ], [ -48.09516, -15.82919 ], [ -48.09595, -15.82614 ], [ -48.09486, -15.82574 ], [ -48.09482, -15.82908 ], [ -48.09547, -15.8319 ], [ -48.09634, -15.8296 ] ] ], [ [ [ -48.09482, -15.82908 ], [ -48.09374, -15.82868 ], [ -48.09397, -15.83135 ], [ -48.09482, -15.82908 ] ] ], [ [ [ -48.09288, -15.83097 ], [ -48.09374, -15.82868 ], [ -48.0901, -15.83001 ], [ -48.09288, -15.83097 ] ] ] ] } },
{ "type": "Feature", "properties": { "cluster": 467.0, "hvi": 0.1142, "population": 2589, "setores": 6, "municipio": "Brasília" }, "geometry": { "type": "MultiPolygon", "coordinates": [ [ [ [ -48.10239, -15.839 ], [ -48.1014, -15.8385 ], [ -48.10103, -15.8414 ], [ -48.10239, -15.839 ] ] ], [ [ [ -48.10052, -15.83803 ], [ -48.10007, -15.84086 ], [ -48.1014, -15.8385 ], [ -48.10052, -15.83803 ] ] ], [ [ [ -48.10474, -15.83674 ], [ -48.10239, -15.839 ], [ -48.1012, -15.8415 ], [ -48.10474, -15.83674 ] ] ], [ [ [ -48.10052, -15.83803 ], [ -48.09966, -15.83757 ], [ -48.0992, -15.84041 ], [ -48.10052, -15.83803 ] ] ], [ [ [ -48.10294, -15.83573 ], [ -48.10365, -15.83443 ], [ -48.10474, -15.83674 ], [ -48.10815, -15.83227 ], [ -48.10299, -15.83302 ], [ -48.10294, -15.83573 ] ] ] ] } },
{ "type": "Feature", "properties": { "cluster": 468.0, "hvi": 0.117, "population": 501, "setores": 1, "municipio": "Brasília" }, "geometry": { "type": "Polygon", "coordinates": [ [ [ -48.11868, -15.84372 ], [ -48.11807, -15.84626 ], [ -48.11954, -15.84432 ], [ -48.11868, -15.84372 ] ] ] } },
{ "type": "Feature", "properties": { "cluster": 469.0, "hvi": 0.1252, "population": 1328, "setores": 2, "municipio": "Brasília" }, "geometry": { "type": "MultiPolygon", "coordinates": [ [ [ [ -48.12166, -15.84583 ], [ -48.12222, -15.84624 ], [ -48.12331, -15.8431 ], [ -48.12004, -15.84467 ], [ -48.12046, -15.84497 ], [ -48.12017, -15.84776 ], [ -48.12166, -15.84583 ] ] ] ] } },
{ "type": "Feature", "properties": { "cluster": 470.0, "hvi": 0.1176, "population": 3552, "setores": 7, "municipio": "Brasília" }, "geometry": { "type": "MultiPolygon", "coordinates": [ [ [ [ -48.12487, -15.84812 ], [ -48.12418, -15.85063 ], [ -48.12565, -15.84872 ], [ -48.12487, -15.84812 ] ] ], [ [ [ -48.12295, -15.84976 ], [ -48.12487, -15.84812 ], [ -48.12612, -15.84811 ], [ -48.12534, -15.84755 ], [ -48.12682, -15.84561 ], [ -48.12443, -15.84692 ], [ -48.12398, -15.8466 ], [ -48.12295, -15.84976 ] ] ], [ [ [ -48.12612, -15.84811 ], [ -48.12758, -15.8462 ], [ -48.12682, -15.84561 ], [ -48.12612, -15.84811 ] ] ], [ [ [ -48.12999, -15.84304 ], [ -48.12839, -15.84374 ], [ -48.1283, -15.84367 ], [ -48.12739, -15.843 ], [ -48.12711, -15.84429 ], [ -48.12506, -15.84518 ], [ -48.12682, -15.84561 ], [ -48.12811, -15.84432 ], [ -48.12758, -15.8462 ], [ -48.12867, -15.84394 ], [ -48.12999, -15.84304 ] ], [ [ -48.12826, -15.84379 ], [ -48.12818, -15.84383 ], [ -48.1283, -15.84367 ], [ -48.12826, -15.84379 ] ] ] ] } },
{ "type": "Feature", "properties": { "cluster": 471.0, "hvi": 0.1152, "population": 924, "setores": 2, "municipio": "Brasília" }, "geometry": { "type": "MultiPolygon", "coordinates": [ [ [ [ -48.11999, -15.84375 ], [ -48.12148, -15.84179 ], [ -48.12063, -15.84119 ], [ -48.11999, -15.84375 ] ] ], [ [ [ -48.12063, -15.84119 ], [ -48.11975, -15.84056 ], [ -48.11827, -15.84252 ], [ -48.12063, -15.84119 ] ] ] ] } },
{ "type": "Feature", "properties": { "cluster": 472.0, "hvi": 0.1185, "population": 1995, "setores": 4, "municipio": "Brasília" }, "geometry": { "type": "MultiPolygon", "coordinates": [ [ [ [ -48.11622, -15.83804 ], [ -48.11473, -15.83998 ], [ -48.11708, -15.83866 ], [ -48.11622, -15.83804 ] ] ], [ [ [ -48.12043, -15.83713 ], [ -48.119, -15.8361 ], [ -48.11826, -15.83948 ], [ -48.12043, -15.83713 ] ] ], [ [ [ -48.11708, -15.83866 ], [ -48.119, -15.8361 ], [ -48.11829, -15.83653 ], [ -48.11708, -15.83866 ] ] ], [ [ [ -48.11829, -15.83653 ], [ -48.1174, -15.83588 ], [ -48.11683, -15.83847 ], [ -48.11829, -15.83653 ] ] ] ] } },
{ "type": "Feature", "properties": { "cluster": 473.0, "hvi": 0.1179, "population": 2012, "setores": 4, "municipio": "Brasília" }, "geometry": { "type": "MultiPolygon", "coordinates": [ [ [ [ -48.11076, -15.83803 ], [ -48.10878, -15.83664 ], [ -48.10927, -15.83999 ], [ -48.11076, -15.83803 ] ] ], [ [ [ -48.10991, -15.83352 ], [ -48.10763, -15.83489 ], [ -48.10832, -15.83631 ], [ -48.10991, -15.83352 ] ] ], [ [ [ -48.10913, -15.83296 ], [ -48.10815, -15.83227 ], [ -48.10763, -15.83489 ], [ -48.10913, -15.83296 ] ] ], [ [ [ -48.11061, -15.83102 ], [ -48.10964, -15.83032 ], [ -48.10913, -15.83296 ], [ -48.11061, -15.83102 ] ] ] ] } },
{ "type": "Feature", "properties": { "cluster": 474.0, "hvi": 0.1155, "population": 2725, "setores": 6, "municipio": "Brasília" }, "geometry": { "type": "MultiPolygon", "coordinates": [ [ [ [ -48.09966, -15.83757 ], [ -48.09861, -15.83702 ], [ -48.09834, -15.83995 ], [ -48.09966, -15.83757 ] ] ], [ [ [ -48.1012, -15.83482 ], [ -48.1009, -15.83823 ], [ -48.10207, -15.83528 ], [ -48.1012, -15.83482 ] ] ], [ [ [ -48.10014, -15.83427 ], [ -48.09482, -15.83505 ], [ -48.09861, -15.83702 ], [ -48.10014, -15.83427 ] ] ], [ [ [ -48.10239, -15.83271 ], [ -48.10299, -15.83302 ], [ -48.10395, -15.82993 ], [ -48.10132, -15.83215 ], [ -48.1012, -15.83482 ], [ -48.10239, -15.83271 ] ] ], [ [ [ -48.10315, -15.82677 ], [ -48.10287, -15.82937 ], [ -48.10405, -15.82727 ], [ -48.10315, -15.82677 ] ] ] ] } },
{ "type": "Feature", "properties": { "cluster": 475.0, "hvi": 0.1165, "population": 2365, "setores": 5, "municipio": "Brasília" }, "geometry": { "type": "MultiPolygon", "coordinates": [ [ [ [ -48.10103, -15.83035 ], [ -48.10132, -15.83215 ], [ -48.10139, -15.83016 ], [ -48.10287, -15.82937 ], [ -48.10197, -15.8289 ], [ -48.10069, -15.82823 ], [ -48.10027, -15.83076 ], [ -48.10103, -15.83035 ] ] ], [ [ [ -48.09872, -15.82994 ], [ -48.10069, -15.82823 ], [ -48.09993, -15.82783 ], [ -48.09872, -15.82994 ] ] ], [ [ [ -48.10392, -15.82992 ], [ -48.1051, -15.8278 ], [ -48.10405, -15.82727 ], [ -48.10392, -15.82992 ] ] ], [ [ [ -48.10197, -15.8289 ], [ -48.10315, -15.82677 ], [ -48.10188, -15.82611 ], [ -48.10197, -15.8289 ] ] ] ] } },
{ "type": "Feature", "properties": { "cluster": 476.0, "hvi": 0.1169, "population": 2868, "setores": 6, "municipio": "Brasília" }, "geometry": { "type": "MultiPolygon", "coordinates": [ [ [ [ -48.09833, -15.82443 ], [ -48.09682, -15.82388 ], [ -48.09746, -15.82668 ], [ -48.09833, -15.82443 ] ] ], [ [ [ -48.09573, -15.82349 ], [ -48.09595, -15.82614 ], [ -48.09682, -15.82388 ], [ -48.09573, -15.82349 ] ] ], [ [ [ -48.09687, -15.82054 ], [ -48.09716, -15.824 ], [ -48.09735, -15.82328 ], [ -48.09861, -15.82375 ], [ -48.09796, -15.82093 ], [ -48.09687, -15.82054 ] ] ], [ [ [ -48.10374, -15.81888 ], [ -48.09796, -15.82093 ], [ -48.10173, -15.82245 ], [ -48.10374, -15.81888 ] ] ], [ [ [ -48.09773, -15.81827 ], [ -48.09796, -15.82093 ], [ -48.09882, -15.81867 ], [ -48.09773, -15.81827 ] ] ] ] } },
{ "type": "Feature", "properties": { "cluster": 477.0, "hvi": 0.1102, "population": 2496, "setores": 7, "municipio": "Brasília" }, "geometry": { "type": "MultiPolygon", "coordinates": [ [ [ [ -48.10132, -15.83215 ], [ -48.10015, -15.83152 ], [ -48.10014, -15.83427 ], [ -48.10132, -15.83215 ] ] ], [ [ [ -48.09901, -15.82737 ], [ -48.09971, -15.83129 ], [ -48.09993, -15.82783 ], [ -48.09901, -15.82737 ] ] ], [ [ [ -48.10111, -15.82571 ], [ -48.10069, -15.82823 ], [ -48.10188, -15.82611 ], [ -48.10111, -15.82571 ] ] ], [ [ [ -48.10019, -15.82525 ], [ -48.09993, -15.82783 ], [ -48.10111, -15.82571 ], [ -48.10019, -15.82525 ] ] ], [ [ [ -48.1035, -15.82612 ], [ -48.10405, -15.82727 ], [ -48.1056, -15.82447 ], [ -48.1035, -15.82612 ] ] ], [ [ [ -48.10173, -15.82245 ], [ -48.10188, -15.82611 ], [ -48.10265, -15.82295 ], [ -48.10173, -15.82245 ] ] ], [ [ [ -48.10173, -15.82245 ], [ -48.0985, -15.82113 ], [ -48.09746, -15.82668 ], [ -48.09901, -15.82737 ], [ -48.10173, -15.82245 ] ] ] ] } },
{ "type": "Feature", "properties": { "cluster": 478.0, "hvi": 0.1185, "population": 2554, "setores": 5, "municipio": "Brasília" }, "geometry": { "type": "MultiPolygon", "coordinates": [ [ [ [ -48.10493, -15.83317 ], [ -48.10685, -15.82872 ], [ -48.10598, -15.82826 ], [ -48.10568, -15.83083 ], [ -48.10481, -15.83038 ], [ -48.10493, -15.83317 ] ] ], [ [ [ -48.10481, -15.83038 ], [ -48.10395, -15.82993 ], [ -48.10363, -15.83248 ], [ -48.10481, -15.83038 ] ] ], [ [ [ -48.10815, -15.83227 ], [ -48.11155, -15.82778 ], [ -48.1084, -15.82594 ], [ -48.10741, -15.829 ], [ -48.10685, -15.82872 ], [ -48.10665, -15.83134 ], [ -48.10815, -15.83227 ] ] ] ] } },
{ "type": "Feature", "properties": { "cluster": 479.0, "hvi": 0.116, "population": 2831, "setores": 6, "municipio": "Brasília" }, "geometry": { "type": "MultiPolygon", "coordinates": [ [ [ [ -48.11515, -15.84119 ], [ -48.11473, -15.83998 ], [ -48.11575, -15.83771 ], [ -48.11384, -15.84023 ], [ -48.11515, -15.84119 ] ] ], [ [ [ -48.11763, -15.83513 ], [ -48.11446, -15.83759 ], [ -48.11534, -15.83824 ], [ -48.11763, -15.83513 ] ] ], [ [ [ -48.11575, -15.83468 ], [ -48.11486, -15.83707 ], [ -48.11651, -15.83524 ], [ -48.11575, -15.83468 ] ] ], [ [ [ -48.11589, -15.83345 ], [ -48.11269, -15.83551 ], [ -48.11425, -15.83664 ], [ -48.11589, -15.83345 ] ] ], [ [ [ -48.11706, -15.83168 ], [ -48.11778, -15.83522 ], [ -48.11932, -15.83342 ], [ -48.11706, -15.83168 ] ] ] ] } },
{ "type": "Feature", "properties": { "cluster": 480.0, "hvi": 0.1311, "population": 2298, "setores": 3, "municipio": "Brasília" }, "geometry": { "type": "MultiPolygon", "coordinates": [ [ [ [ -48.12063, -15.84119 ], [ -48.12179, -15.84203 ], [ -48.12391, -15.83961 ], [ -48.12063, -15.84119 ] ] ], [ [ [ -48.12208, -15.83923 ], [ -48.12062, -15.83819 ], [ -48.12063, -15.84119 ], [ -48.12208, -15.83923 ] ] ], [ [ [ -48.12544, -15.83782 ], [ -48.12403, -15.83693 ], [ -48.12437, -15.83994 ], [ -48.12544, -15.83782 ] ] ] ] } },
{ "type": "Feature", "properties": { "cluster": 481.0, "hvi": 0.1149, "population": 1346, "setores": 3, "municipio": "Brasília" }, "geometry": { "type": "MultiPolygon", "coordinates": [ [ [ [ -48.12353, -15.84628 ], [ -48.12501, -15.84432 ], [ -48.12415, -15.8437 ], [ -48.12353, -15.84628 ] ] ], [ [ [ -48.12743, -15.84212 ], [ -48.1262, -15.84217 ], [ -48.12532, -15.84453 ], [ -48.12743, -15.84212 ] ] ], [ [ [ -48.12563, -15.84178 ], [ -48.12477, -15.84113 ], [ -48.12415, -15.8437 ], [ -48.12563, -15.84178 ] ] ] ] } },
{ "type": "Feature", "properties": { "cluster": 482.0, "hvi": 0.1218, "population": 2304, "setores": 4, "municipio": "Brasília" }, "geometry": { "type": "MultiPolygon", "coordinates": [ [ [ [ -48.12256, -15.85027 ], [ -48.12398, -15.8466 ], [ -48.12165, -15.84964 ], [ -48.12256, -15.85027 ] ] ], [ [ [ -48.11927, -15.8501 ], [ -48.12166, -15.84583 ], [ -48.11854, -15.84962 ], [ -48.11927, -15.8501 ] ] ], [ [ [ -48.12547, -15.84464 ], [ -48.12501, -15.84432 ], [ -48.12443, -15.84692 ], [ -48.12547, -15.84464 ] ] ], [ [ [ -48.13049, -15.84169 ], [ -48.12901, -15.84027 ], [ -48.13006, -15.8431 ], [ -48.13049, -15.84169 ] ] ] ] } },
{ "type": "Feature", "properties": { "cluster": 483.0, "hvi": 0.1172, "population": 3433, "setores": 7, "municipio": "Brasília" }, "geometry": { "type": "MultiPolygon", "coordinates": [ [ [ [ -48.11269, -15.83551 ], [ -48.11038, -15.83586 ], [ -48.11072, -15.8341 ], [ -48.10924, -15.83604 ], [ -48.10991, -15.83352 ], [ -48.10832, -15.83631 ], [ -48.11076, -15.83803 ], [ -48.11269, -15.83551 ] ] ], [ [ [ -48.11141, -15.8316 ], [ -48.11072, -15.8341 ], [ -48.11221, -15.83217 ], [ -48.11141, -15.8316 ] ] ], [ [ [ -48.11061, -15.83102 ], [ -48.10994, -15.83354 ], [ -48.11141, -15.8316 ], [ -48.11061, -15.83102 ] ] ], [ [ [ -48.11574, -15.83133 ], [ -48.11334, -15.82907 ], [ -48.11106, -15.83043 ], [ -48.1112, -15.83144 ], [ -48.11317, -15.83286 ], [ -48.11358, -15.8315 ], [ -48.11574, -15.83133 ] ] ] ] } },
{ "type": "Feature", "properties": { "cluster": 484.0, "hvi": 0.1173, "population": 2914, "setores": 6, "municipio": "Brasília" }, "geometry": { "type": "MultiPolygon", "coordinates": [ [ [ [ -48.10598, -15.82826 ], [ -48.1051, -15.8278 ], [ -48.10479, -15.83037 ], [ -48.10598, -15.82826 ] ] ], [ [ [ -48.10753, -15.82548 ], [ -48.10871, -15.82338 ], [ -48.10784, -15.82293 ], [ -48.10752, -15.82548 ], [ -48.10784, -15.82922 ], [ -48.1084, -15.82594 ], [ -48.10753, -15.82548 ] ] ], [ [ [ -48.10547, -15.82714 ], [ -48.10624, -15.8284 ], [ -48.10752, -15.82548 ], [ -48.10547, -15.82714 ] ] ], [ [ [ -48.10958, -15.82383 ], [ -48.10871, -15.82338 ], [ -48.1084, -15.82594 ], [ -48.10958, -15.82383 ] ] ], [ [ [ -48.10677, -15.82236 ], [ -48.10666, -15.82503 ], [ -48.10784, -15.82293 ], [ -48.10677, -15.82236 ] ] ] ] } },
{ "type": "Feature", "properties": { "cluster": 485.0, "hvi": 0.1164, "population": 2791, "setores": 6, "municipio": "Brasília" }, "geometry": { "type": "MultiPolygon", "coordinates": [ [ [ [ -48.1056, -15.82447 ], [ -48.10547, -15.82714 ], [ -48.10666, -15.82503 ], [ -48.1056, -15.82447 ] ] ], [ [ [ -48.1035, -15.82612 ], [ -48.10467, -15.82399 ], [ -48.10417, -15.82373 ], [ -48.10343, -15.82336 ], [ -48.1035, -15.82612 ] ] ], [ [ [ -48.10343, -15.82336 ], [ -48.10316, -15.82322 ], [ -48.10265, -15.82295 ], [ -48.10147, -15.82506 ], [ -48.10343, -15.82336 ] ] ], [ [ [ -48.10536, -15.82161 ], [ -48.1056, -15.82447 ], [ -48.10677, -15.82236 ], [ -48.10536, -15.82161 ] ] ], [ [ [ -48.10417, -15.82373 ], [ -48.10536, -15.82161 ], [ -48.10435, -15.82108 ], [ -48.10417, -15.82373 ] ] ], [ [ [ -48.10316, -15.82322 ], [ -48.10435, -15.82108 ], [ -48.10294, -15.82033 ], [ -48.10316, -15.82322 ] ] ] ] } },
{ "type": "Feature", "properties": { "cluster": 486.0, "hvi": 0.1175, "population": 2936, "setores": 6, "municipio": "Brasília" }, "geometry": { "type": "MultiPolygon", "coordinates": [ [ [ [ -48.11253, -15.82849 ], [ -48.11155, -15.82778 ], [ -48.11106, -15.83043 ], [ -48.11253, -15.82849 ] ] ], [ [ [ -48.11401, -15.82657 ], [ -48.11334, -15.82907 ], [ -48.1148, -15.82713 ], [ -48.11401, -15.82657 ] ] ], [ [ [ -48.113, -15.82585 ], [ -48.11253, -15.82849 ], [ -48.11401, -15.82657 ], [ -48.113, -15.82585 ] ] ], [ [ [ -48.1213, -15.8261 ], [ -48.11802, -15.8244 ], [ -48.1155, -15.82671 ], [ -48.11746, -15.82909 ], [ -48.1213, -15.8261 ] ] ], [ [ [ -48.11454, -15.82603 ], [ -48.11505, -15.82731 ], [ -48.11699, -15.82386 ], [ -48.11454, -15.82603 ] ] ], [ [ [ -48.11838, -15.82099 ], [ -48.11776, -15.82426 ], [ -48.11917, -15.82128 ], [ -48.11838, -15.82099 ] ] ] ] } },
{ "type": "Feature", "properties": { "cluster": 487.0, "hvi": 0.1383, "population": 2160, "setores": 3, "municipio": "Brasília" }, "geometry": { "type": "Polygon", "coordinates": [ [ [ -48.11155, -15.82778 ], [ -48.11505, -15.82285 ], [ -48.11039, -15.82041 ], [ -48.11051, -15.82204 ], [ -48.1085, -15.82327 ], [ -48.11138, -15.82381 ], [ -48.11155, -15.82778 ] ] ] } },
{ "type": "Feature", "properties": { "cluster": 488.0, "hvi": 0.1171, "population": 2390, "setores": 5, "municipio": "Brasília" }, "geometry": { "type": "MultiPolygon", "coordinates": [ [ [ [ -48.10703, -15.81865 ], [ -48.10832, -15.81631 ], [ -48.10458, -15.81737 ], [ -48.10549, -15.81785 ], [ -48.1042, -15.82017 ], [ -48.10651, -15.81838 ], [ -48.10624, -15.82124 ], [ -48.10752, -15.81891 ], [ -48.10703, -15.81865 ] ] ], [ [ [ -48.10832, -15.81631 ], [ -48.10843, -15.81939 ], [ -48.10974, -15.81705 ], [ -48.10832, -15.81631 ] ] ], [ [ [ -48.11073, -15.81756 ], [ -48.11246, -15.81491 ], [ -48.11128, -15.81428 ], [ -48.11073, -15.81756 ] ] ] ] } },
{ "type": "Feature", "properties": { "cluster": 489.0, "hvi": 0.1181, "population": 2995, "setores": 6, "municipio": "Brasília" }, "geometry": { "type": "MultiPolygon", "coordinates": [ [ [ [ -48.10095, -15.81545 ], [ -48.0999, -15.81491 ], [ -48.09964, -15.81817 ], [ -48.10095, -15.81545 ] ] ], [ [ [ -48.09891, -15.81439 ], [ -48.09856, -15.81779 ], [ -48.0999, -15.81491 ], [ -48.09891, -15.81439 ] ] ], [ [ [ -48.10093, -15.81174 ], [ -48.10311, -15.80939 ], [ -48.10004, -15.80716 ], [ -48.09814, -15.8097 ], [ -48.10089, -15.81172 ], [ -48.0999, -15.81491 ], [ -48.10163, -15.81225 ], [ -48.10093, -15.81174 ] ] ], [ [ [ -48.09523, -15.80907 ], [ -48.09347, -15.81164 ], [ -48.09603, -15.81291 ], [ -48.09724, -15.8091 ], [ -48.09565, -15.80967 ], [ -48.09523, -15.80907 ] ] ] ] } },
{ "type": "Feature", "properties": { "cluster": 490.0, "hvi": 0.1274, "population": 2726, "setores": 4, "municipio": "Brasília" }, "geometry": { "type": "MultiPolygon", "coordinates": [ [ [ [ -48.10496, -15.81072 ], [ -48.10425, -15.81021 ], [ -48.10556, -15.80849 ], [ -48.10742, -15.81228 ], [ -48.11017, -15.80742 ], [ -48.10744, -15.80557 ], [ -48.1053, -15.80794 ], [ -48.10459, -15.80742 ], [ -48.10346, -15.81264 ], [ -48.10496, -15.81072 ] ] ], [ [ [ -48.11159, -15.80813 ], [ -48.11017, -15.80742 ], [ -48.1098, -15.81075 ], [ -48.11159, -15.80813 ] ] ] ] } },
{ "type": "Feature", "properties": { "cluster": 491.0, "hvi": 0.1066, "population": 2508, "setores": 10, "municipio": "Brasília" }, "geometry": { "type": "MultiPolygon", "coordinates": [ [ [ [ -48.10831, -15.82232 ], [ -48.1085, -15.82327 ], [ -48.11039, -15.82041 ], [ -48.10831, -15.82232 ] ] ], [ [ [ -48.10831, -15.82232 ], [ -48.11067, -15.81753 ], [ -48.10974, -15.81705 ], [ -48.10936, -15.81987 ], [ -48.10843, -15.81939 ], [ -48.10831, -15.82232 ] ] ], [ [ [ -48.10752, -15.81891 ], [ -48.10677, -15.82236 ], [ -48.10843, -15.81939 ], [ -48.10752, -15.81891 ] ] ], [ [ [ -48.10294, -15.82033 ], [ -48.10513, -15.82149 ], [ -48.10549, -15.81785 ], [ -48.10294, -15.82033 ] ] ], [ [ [ -48.10184, -15.81593 ], [ -48.09801, -15.81837 ], [ -48.10033, -15.81918 ], [ -48.10184, -15.81593 ] ] ], [ [ [ -48.10184, -15.81593 ], [ -48.10374, -15.81888 ], [ -48.10458, -15.81737 ], [ -48.10184, -15.81593 ] ] ], [ [ [ -48.09891, -15.81439 ], [ -48.10072, -15.81159 ], [ -48.09814, -15.8097 ], [ -48.094, -15.81688 ], [ -48.09801, -15.81837 ], [ -48.09891, -15.81439 ] ] ], [ [ [ -48.10176, -15.81589 ], [ -48.1033, -15.81342 ], [ -48.10256, -15.81291 ], [ -48.10176, -15.81589 ] ] ] ] } },
{ "type": "Feature", "properties": { "cluster": 492.0, "hvi": 0.1213, "population": 2948, "setores": 5, "municipio": "Brasília" }, "geometry": { "type": "MultiPolygon", "coordinates": [ [ [ [ -48.13116, -15.82322 ], [ -48.13213, -15.8218 ], [ -48.13028, -15.8194 ], [ -48.13138, -15.82192 ], [ -48.13116, -15.82322 ] ] ], [ [ [ -48.13811, -15.82077 ], [ -48.13495, -15.81879 ], [ -48.13553, -15.82273 ], [ -48.13811, -15.82077 ] ] ], [ [ [ -48.13393, -15.82055 ], [ -48.13152, -15.81903 ], [ -48.13267, -15.82225 ], [ -48.13393, -15.82055 ] ] ], [ [ [ -48.12963, -15.81833 ], [ -48.12983, -15.81583 ], [ -48.1287, -15.8188 ], [ -48.13121, -15.81975 ], [ -48.12963, -15.81833 ] ] ], [ [ [ -48.12963, -15.81833 ], [ -48.13138, -15.81636 ], [ -48.13048, -15.81608 ], [ -48.12963, -15.81833 ] ] ] ] } },
{ "type": "Feature", "properties": { "cluster": 493.0, "hvi": 0.1233, "population": 610, "setores": 1, "municipio": "Brasília" }, "geometry": { "type": "Polygon", "coordinates": [ [ [ -48.12379, -15.81959 ], [ -48.12421, -15.82231 ], [ -48.12507, -15.82005 ], [ -48.12379, -15.81959 ] ] ] } },
{ "type": "Feature", "properties": { "cluster": 494.0, "hvi": 0.123, "population": 2930, "setores": 5, "municipio": "Brasília" }, "geometry": { "type": "MultiPolygon", "coordinates": [ [ [ [ -48.11802, -15.8244 ], [ -48.11699, -15.82386 ], [ -48.11618, -15.82721 ], [ -48.11802, -15.8244 ] ] ], [ [ [ -48.12269, -15.82255 ], [ -48.12041, -15.82173 ], [ -48.12057, -15.81844 ], [ -48.11948, -15.81805 ], [ -48.1204, -15.82173 ], [ -48.11917, -15.82128 ], [ -48.11776, -15.82426 ], [ -48.1213, -15.8261 ], [ -48.12269, -15.82255 ] ] ], [ [ [ -48.11753, -15.81993 ], [ -48.11948, -15.81805 ], [ -48.11841, -15.81766 ], [ -48.11753, -15.81993 ] ] ], [ [ [ -48.12036, -15.81579 ], [ -48.12057, -15.81844 ], [ -48.12145, -15.81618 ], [ -48.12036, -15.81579 ] ] ] ] } },
{ "type": "Feature", "properties": { "cluster": 495.0, "hvi": 0.1224, "population": 2870, "setores": 5, "municipio": "Brasília" }, "geometry": { "type": "MultiPolygon", "coordinates": [ [ [ [ -48.11454, -15.82603 ], [ -48.11623, -15.82345 ], [ -48.11344, -15.82527 ], [ -48.11454, -15.82603 ] ] ], [ [ [ -48.11699, -15.82386 ], [ -48.11864, -15.82108 ], [ -48.11841, -15.81766 ], [ -48.1163, -15.82025 ], [ -48.11819, -15.82092 ], [ -48.11726, -15.8206 ], [ -48.11699, -15.82386 ] ] ], [ [ [ -48.11561, -15.82019 ], [ -48.1171, -15.81813 ], [ -48.11426, -15.81769 ], [ -48.11351, -15.81903 ], [ -48.11561, -15.82019 ] ] ], [ [ [ -48.11505, -15.81627 ], [ -48.1171, -15.81813 ], [ -48.11742, -15.81731 ], [ -48.11505, -15.81627 ] ] ] ] } },
{ "type": "Feature", "properties": { "cluster": 496.0, "hvi": 0.1183, "population": 2447, "setores": 5, "municipio": "Brasília" }, "geometry": { "type": "MultiPolygon", "coordinates": [ [ [ [ -48.11598, -15.82333 ], [ -48.11726, -15.8206 ], [ -48.11505, -15.82285 ], [ -48.11598, -15.82333 ] ] ], [ [ [ -48.11585, -15.82132 ], [ -48.11402, -15.81975 ], [ -48.11655, -15.81958 ], [ -48.1127, -15.81861 ], [ -48.11139, -15.82094 ], [ -48.11505, -15.82285 ], [ -48.11585, -15.82132 ] ] ], [ [ [ -48.11323, -15.81531 ], [ -48.1127, -15.81861 ], [ -48.11423, -15.81584 ], [ -48.11323, -15.81531 ] ] ], [ [ [ -48.1144, -15.81318 ], [ -48.11424, -15.81584 ], [ -48.11543, -15.81372 ], [ -48.1144, -15.81318 ] ] ] ] } },
{ "type": "Feature", "properties": { "cluster": 497.0, "hvi": 0.1152, "population": 2661, "setores": 6, "municipio": "Brasília" }, "geometry": { "type": "MultiPolygon", "coordinates": [ [ [ [ -48.1127, -15.81861 ], [ -48.11168, -15.81806 ], [ -48.11139, -15.82094 ], [ -48.1127, -15.81861 ] ] ], [ [ [ -48.11067, -15.81753 ], [ -48.11039, -15.82041 ], [ -48.11168, -15.81806 ], [ -48.11067, -15.81753 ] ] ], [ [ [ -48.11423, -15.81584 ], [ -48.11351, -15.81903 ], [ -48.11505, -15.81627 ], [ -48.11423, -15.81584 ] ] ], [ [ [ -48.11323, -15.81531 ], [ -48.11246, -15.81491 ], [ -48.11204, -15.81742 ], [ -48.11323, -15.81531 ] ] ], [ [ [ -48.11364, -15.81278 ], [ -48.11323, -15.81531 ], [ -48.1144, -15.81318 ], [ -48.11364, -15.81278 ] ] ], [ [ [ -48.11247, -15.81216 ], [ -48.11246, -15.81491 ], [ -48.11364, -15.81278 ], [ -48.11247, -15.81216 ] ] ] ] } },
{ "type": "Feature", "properties": { "cluster": 498.0, "hvi": 0.1144, "population": 418, "setores": 1, "municipio": "Brasília" }, "geometry": { "type": "Polygon", "coordinates": [ [ [ -48.10311, -15.80939 ], [ -48.10257, -15.812 ], [ -48.10403, -15.81005 ], [ -48.10311, -15.80939 ] ] ] } },
{ "type": "Feature", "properties": { "cluster": 499.0, "hvi": 0.1395, "population": 1834, "setores": 2, "municipio": "Brasília" }, "geometry": { "type": "MultiPolygon", "coordinates": [ [ [ [ -48.10622, -15.81338 ], [ -48.10742, -15.81228 ], [ -48.10534, -15.811 ], [ -48.10622, -15.81338 ] ] ], [ [ [ -48.10534, -15.811 ], [ -48.10682, -15.80904 ], [ -48.10573, -15.80826 ], [ -48.10534, -15.811 ] ] ] ] } },
{ "type": "Feature", "properties": { "cluster": 500.0, "hvi": 0.121, "population": 2752, "setores": 5, "municipio": "Brasília" }, "geometry": { "type": "MultiPolygon", "coordinates": [ [ [ [ -48.11128, -15.81428 ], [ -48.10987, -15.81355 ], [ -48.10974, -15.81705 ], [ -48.11128, -15.81428 ] ] ], [ [ [ -48.10807, -15.81618 ], [ -48.10887, -15.81302 ], [ -48.10588, -15.81505 ], [ -48.10807, -15.81618 ] ] ], [ [ [ -48.11108, -15.81142 ], [ -48.11006, -15.81088 ], [ -48.10987, -15.81355 ], [ -48.11108, -15.81142 ] ] ], [ [ [ -48.10863, -15.81013 ], [ -48.10887, -15.81302 ], [ -48.11006, -15.81088 ], [ -48.10863, -15.81013 ] ] ], [ [ [ -48.11159, -15.80813 ], [ -48.11137, -15.81158 ], [ -48.11261, -15.80867 ], [ -48.11159, -15.80813 ] ] ] ] } },
{ "type": "Feature", "properties": { "cluster": 501.0, "hvi": 0.1239, "population": 2451, "setores": 4, "municipio": "Brasília" }, "geometry": { "type": "MultiPolygon", "coordinates": [ [ [ [ -48.10987, -15.81355 ], [ -48.10887, -15.81302 ], [ -48.10868, -15.81567 ], [ -48.10987, -15.81355 ] ] ], [ [ [ -48.11247, -15.81216 ], [ -48.11108, -15.81142 ], [ -48.11128, -15.81428 ], [ -48.11247, -15.81216 ] ] ], [ [ [ -48.11595, -15.81042 ], [ -48.11493, -15.80988 ], [ -48.11465, -15.81331 ], [ -48.11595, -15.81042 ] ] ], [ [ [ -48.11403, -15.80941 ], [ -48.11261, -15.80867 ], [ -48.11247, -15.81216 ], [ -48.11403, -15.80941 ] ] ] ] } },
{ "type": "Feature", "properties": { "cluster": 502.0, "hvi": 0.1213, "population": 2342, "setores": 4, "municipio": "Brasília" }, "geometry": { "type": "MultiPolygon", "coordinates": [ [ [ [ -48.1266, -15.82204 ], [ -48.12783, -15.82106 ], [ -48.12647, -15.82055 ], [ -48.12519, -15.82347 ], [ -48.12678, -15.82421 ], [ -48.1266, -15.82204 ] ] ], [ [ [ -48.13025, -15.82243 ], [ -48.12837, -15.81965 ], [ -48.1287, -15.8188 ], [ -48.12769, -15.81842 ], [ -48.12783, -15.82106 ], [ -48.12701, -15.82321 ], [ -48.12943, -15.82404 ], [ -48.13025, -15.82243 ] ] ] ] } },
{ "type": "Feature", "properties": { "cluster": 503.0, "hvi": 0.1167, "population": 2891, "setores": 7, "municipio": "Brasília" }, "geometry": { "type": "MultiPolygon", "coordinates": [ [ [ [ -48.12057, -15.81844 ], [ -48.12269, -15.82255 ], [ -48.12379, -15.81959 ], [ -48.12057, -15.81844 ] ] ], [ [ [ -48.12606, -15.8211 ], [ -48.12664, -15.81804 ], [ -48.12559, -15.81767 ], [ -48.12606, -15.8211 ] ] ], [ [ [ -48.12683, -15.82068 ], [ -48.12769, -15.81843 ], [ -48.1287, -15.8188 ], [ -48.12882, -15.81547 ], [ -48.12729, -15.81828 ], [ -48.1271, -15.81821 ], [ -48.12664, -15.81804 ], [ -48.12683, -15.82068 ] ] ], [ [ [ -48.12379, -15.81959 ], [ -48.12472, -15.81992 ], [ -48.12559, -15.81767 ], [ -48.12379, -15.81959 ] ] ], [ [ [ -48.1271, -15.81821 ], [ -48.12735, -15.81751 ], [ -48.12573, -15.81694 ], [ -48.1271, -15.81821 ] ] ], [ [ [ -48.12882, -15.81547 ], [ -48.12968, -15.81321 ], [ -48.12864, -15.81283 ], [ -48.12882, -15.81547 ] ] ] ] } },
{ "type": "Feature", "properties": { "cluster": 504.0, "hvi": 0.1262, "population": 652, "setores": 1, "municipio": "Brasília" }, "geometry": { "type": "Polygon", "coordinates": [ [ [ -48.12636, -15.81459 ], [ -48.12691, -15.81735 ], [ -48.12725, -15.81491 ], [ -48.12636, -15.81459 ] ] ] } },
{ "type": "Feature", "properties": { "cluster": 505.0, "hvi": 0.1243, "population": 2528, "setores": 4, "municipio": "Brasília" }, "geometry": { "type": "MultiPolygon", "coordinates": [ [ [ [ -48.12636, -15.81459 ], [ -48.12472, -15.81399 ], [ -48.12548, -15.81763 ], [ -48.12636, -15.81459 ] ] ], [ [ [ -48.12864, -15.81283 ], [ -48.12749, -15.81242 ], [ -48.12779, -15.80918 ], [ -48.12672, -15.8088 ], [ -48.12807, -15.81589 ], [ -48.12864, -15.81283 ] ] ], [ [ [ -48.12724, -15.81234 ], [ -48.12558, -15.81177 ], [ -48.12636, -15.81459 ], [ -48.12724, -15.81234 ] ] ] ] } },
{ "type": "Feature", "properties": { "cluster": 506.0, "hvi": 0.1124, "population": 2758, "setores": 7, "municipio": "Brasília" }, "geometry": { "type": "MultiPolygon", "coordinates": [ [ [ [ -48.12036, -15.81579 ], [ -48.11927, -15.81539 ], [ -48.11948, -15.81805 ], [ -48.12036, -15.81579 ] ] ], [ [ [ -48.11829, -15.81503 ], [ -48.11839, -15.81766 ], [ -48.11927, -15.81539 ], [ -48.11829, -15.81503 ] ] ], [ [ [ -48.11543, -15.81372 ], [ -48.11424, -15.81584 ], [ -48.11742, -15.81731 ], [ -48.11842, -15.81468 ], [ -48.11543, -15.81372 ] ] ], [ [ [ -48.11941, -15.8121 ], [ -48.11595, -15.81042 ], [ -48.11502, -15.81267 ], [ -48.11842, -15.81468 ], [ -48.11941, -15.8121 ] ] ], [ [ [ -48.12029, -15.80982 ], [ -48.12041, -15.81245 ], [ -48.12127, -15.81017 ], [ -48.12029, -15.80982 ] ] ], [ [ [ -48.12153, -15.8095 ], [ -48.12152, -15.81026 ], [ -48.12293, -15.80743 ], [ -48.12153, -15.8095 ] ] ] ] } },
{ "type": "Feature", "properties": { "cluster": 507.0, "hvi": 0.1216, "population": 2875, "setores": 5, "municipio": "Brasília" }, "geometry": { "type": "MultiPolygon", "coordinates": [ [ [ [ -48.10458, -15.80653 ], [ -48.10522, -15.804 ], [ -48.10374, -15.80593 ], [ -48.10458, -15.80653 ] ] ], [ [ [ -48.10651, -15.8049 ], [ -48.10799, -15.80296 ], [ -48.1056, -15.80125 ], [ -48.10388, -15.80306 ], [ -48.10522, -15.804 ], [ -48.10651, -15.8049 ] ] ], [ [ [ -48.10799, -15.80296 ], [ -48.10768, -15.80574 ], [ -48.10915, -15.80379 ], [ -48.10799, -15.80296 ] ] ], [ [ [ -48.10915, -15.80379 ], [ -48.11109, -15.80127 ], [ -48.10993, -15.80044 ], [ -48.10992, -15.80043 ], [ -48.10915, -15.80379 ] ] ], [ [ [ -48.10993, -15.80044 ], [ -48.11153, -15.79768 ], [ -48.11056, -15.79699 ], [ -48.10993, -15.80044 ] ] ] ] } },
{ "type": "Feature", "properties": { "cluster": 508.0, "hvi": 0.1206, "population": 2789, "setores": 5, "municipio": "Brasília" }, "geometry": { "type": "MultiPolygon", "coordinates": [ [ [ [ -48.11017, -15.80742 ], [ -48.11295, -15.80253 ], [ -48.11109, -15.80127 ], [ -48.10915, -15.80379 ], [ -48.11017, -15.80742 ] ] ], [ [ [ -48.11452, -15.79976 ], [ -48.11402, -15.79942 ], [ -48.11808, -15.79348 ], [ -48.11757, -15.78655 ], [ -48.10826, -15.79012 ], [ -48.11465, -15.79615 ], [ -48.11401, -15.79941 ], [ -48.11302, -15.79875 ], [ -48.11087, -15.80111 ], [ -48.11295, -15.80253 ], [ -48.11452, -15.79976 ] ] ], [ [ [ -48.11805, -15.78997 ], [ -48.11927, -15.79294 ], [ -48.12014, -15.7907 ], [ -48.11805, -15.78997 ] ] ] ] } },
{ "type": "Feature", "properties": { "cluster": 509.0, "hvi": 0.1184, "population": 2562, "setores": 5, "municipio": "Brasília" }, "geometry": { "type": "MultiPolygon", "coordinates": [ [ [ [ -48.12258, -15.81323 ], [ -48.12149, -15.81284 ], [ -48.12171, -15.8155 ], [ -48.12258, -15.81323 ] ] ], [ [ [ -48.12149, -15.81284 ], [ -48.12039, -15.81245 ], [ -48.12004, -15.81567 ], [ -48.12149, -15.81284 ] ] ], [ [ [ -48.12039, -15.81245 ], [ -48.11941, -15.8121 ], [ -48.11953, -15.81471 ], [ -48.12039, -15.81245 ] ] ], [ [ [ -48.11816, -15.80881 ], [ -48.11941, -15.8121 ], [ -48.12029, -15.80982 ], [ -48.11816, -15.80881 ] ] ], [ [ [ -48.11714, -15.80828 ], [ -48.11698, -15.81095 ], [ -48.11816, -15.80881 ], [ -48.11714, -15.80828 ] ] ] ] } },
{ "type": "Feature", "properties": { "cluster": 510.0, "hvi": 0.1203, "population": 2229, "setores": 4, "municipio": "Brasília" }, "geometry": { "type": "MultiPolygon", "coordinates": [ [ [ [ -48.12346, -15.81097 ], [ -48.12262, -15.81067 ], [ -48.12401, -15.80782 ], [ -48.12293, -15.80743 ], [ -48.12236, -15.81057 ], [ -48.12257, -15.81323 ], [ -48.12346, -15.81097 ] ] ], [ [ [ -48.12236, -15.81057 ], [ -48.12127, -15.81017 ], [ -48.1215, -15.81284 ], [ -48.12236, -15.81057 ] ] ], [ [ [ -48.12542, -15.80576 ], [ -48.12433, -15.80537 ], [ -48.12454, -15.80801 ], [ -48.12542, -15.80576 ] ] ] ] } },
{ "type": "Feature", "properties": { "cluster": 511.0, "hvi": 0.1174, "population": 2972, "setores": 6, "municipio": "Brasília" }, "geometry": { "type": "MultiPolygon", "coordinates": [ [ [ [ -48.12796, -15.81773 ], [ -48.12983, -15.81583 ], [ -48.12882, -15.81547 ], [ -48.12796, -15.81773 ] ] ], [ [ [ -48.12983, -15.81583 ], [ -48.13068, -15.81359 ], [ -48.12978, -15.81325 ], [ -48.12968, -15.81321 ], [ -48.12983, -15.81583 ] ] ], [ [ [ -48.13329, -15.81453 ], [ -48.13337, -15.81117 ], [ -48.13196, -15.81325 ], [ -48.13329, -15.81453 ] ] ], [ [ [ -48.13082, -15.81026 ], [ -48.1289, -15.81215 ], [ -48.12978, -15.81325 ], [ -48.13082, -15.81026 ] ] ], [ [ [ -48.13177, -15.80468 ], [ -48.13037, -15.80677 ], [ -48.13114, -15.80781 ], [ -48.13177, -15.80468 ] ] ], [ [ [ -48.13064, -15.80763 ], [ -48.13082, -15.81026 ], [ -48.1317, -15.80801 ], [ -48.13114, -15.80781 ], [ -48.13064, -15.80763 ] ] ] ] } },
{ "type": "Feature", "properties": { "cluster": 512.0, "hvi": 0.1204, "population": 2236, "setores": 4, "municipio": "Brasília" }, "geometry": { "type": "MultiPolygon", "coordinates": [ [ [ [ -48.13329, -15.81453 ], [ -48.13186, -15.814 ], [ -48.13265, -15.81612 ], [ -48.13329, -15.81453 ] ] ], [ [ [ -48.13186, -15.814 ], [ -48.13068, -15.81359 ], [ -48.13099, -15.81626 ], [ -48.13186, -15.814 ] ] ], [ [ [ -48.13471, -15.81503 ], [ -48.13492, -15.81173 ], [ -48.13329, -15.81453 ], [ -48.13471, -15.81503 ] ] ], [ [ [ -48.13183, -15.81062 ], [ -48.13082, -15.81026 ], [ -48.13068, -15.81359 ], [ -48.13183, -15.81062 ] ] ] ] } },
{ "type": "Feature", "properties": { "cluster": 513.0, "hvi": 0.1188, "population": 2079, "setores": 4, "municipio": "Brasília" }, "geometry": { "type": "MultiPolygon", "coordinates": [ [ [ [ -48.12918, -15.81303 ], [ -48.12954, -15.81049 ], [ -48.12749, -15.81242 ], [ -48.12918, -15.81303 ] ] ], [ [ [ -48.12779, -15.80918 ], [ -48.12695, -15.81143 ], [ -48.12855, -15.80945 ], [ -48.12779, -15.80918 ] ] ], [ [ [ -48.13064, -15.80763 ], [ -48.12923, -15.80712 ], [ -48.13005, -15.81069 ], [ -48.13064, -15.80763 ] ] ], [ [ [ -48.12839, -15.80939 ], [ -48.12923, -15.80712 ], [ -48.12672, -15.8088 ], [ -48.12839, -15.80939 ] ] ] ] } },
{ "type": "Feature", "properties": { "cluster": 514.0, "hvi": 0.1145, "population": 2621, "setores": 6, "municipio": "Brasília" }, "geometry": { "type": "MultiPolygon", "coordinates": [ [ [ [ -48.1225, -15.81857 ], [ -48.12321, -15.81679 ], [ -48.12145, -15.81618 ], [ -48.12158, -15.81881 ], [ -48.1224, -15.81779 ], [ -48.1225, -15.81857 ] ] ], [ [ [ -48.12258, -15.81323 ], [ -48.12368, -15.81696 ], [ -48.12472, -15.81399 ], [ -48.12258, -15.81323 ] ] ], [ [ [ -48.12472, -15.81399 ], [ -48.12672, -15.8088 ], [ -48.12468, -15.81063 ], [ -48.12401, -15.80782 ], [ -48.12262, -15.81067 ], [ -48.12346, -15.81098 ], [ -48.12472, -15.81399 ] ] ] ] } },
{ "type": "Feature", "properties": { "cluster": 515.0, "hvi": 0.123, "population": 2969, "setores": 5, "municipio": "Brasília" }, "geometry": { "type": "MultiPolygon", "coordinates": [ [ [ [ -48.12142, -15.80689 ], [ -48.11971, -15.80607 ], [ -48.12029, -15.80982 ], [ -48.12142, -15.80689 ] ] ], [ [ [ -48.11971, -15.80607 ], [ -48.11869, -15.80553 ], [ -48.1183, -15.80888 ], [ -48.11971, -15.80607 ] ] ], [ [ [ -48.12352, -15.80507 ], [ -48.12237, -15.80466 ], [ -48.12266, -15.80734 ], [ -48.12352, -15.80507 ] ] ], [ [ [ -48.11987, -15.80339 ], [ -48.1197, -15.80606 ], [ -48.1209, -15.80392 ], [ -48.11987, -15.80339 ] ] ], [ [ [ -48.11886, -15.80286 ], [ -48.11869, -15.80553 ], [ -48.11987, -15.80339 ], [ -48.11886, -15.80286 ] ] ] ] } },
{ "type": "Feature", "properties": { "cluster": 516.0, "hvi": 0.1166, "population": 2878, "setores": 6, "municipio": "Brasília" }, "geometry": { "type": "MultiPolygon", "coordinates": [ [ [ [ -48.11403, -15.80941 ], [ -48.11377, -15.81201 ], [ -48.11493, -15.80988 ], [ -48.11403, -15.80941 ] ] ], [ [ [ -48.11766, -15.80499 ], [ -48.11675, -15.80452 ], [ -48.11688, -15.80815 ], [ -48.11766, -15.80499 ] ] ], [ [ [ -48.11612, -15.80775 ], [ -48.11595, -15.81042 ], [ -48.11688, -15.80815 ], [ -48.11612, -15.80775 ] ] ], [ [ [ -48.11493, -15.80988 ], [ -48.11612, -15.80775 ], [ -48.11522, -15.80727 ], [ -48.11493, -15.80988 ] ] ], [ [ [ -48.11405, -15.80666 ], [ -48.11403, -15.80941 ], [ -48.11522, -15.80727 ], [ -48.11405, -15.80666 ] ] ], [ [ [ -48.1175, -15.80764 ], [ -48.11869, -15.80553 ], [ -48.11766, -15.80499 ], [ -48.1175, -15.80764 ] ] ] ] } },
{ "type": "Feature", "properties": { "cluster": 517.0, "hvi": 0.1223, "population": 2909, "setores": 5, "municipio": "Brasília" }, "geometry": { "type": "MultiPolygon", "coordinates": [ [ [ [ -48.11278, -15.80601 ], [ -48.11286, -15.8088 ], [ -48.11405, -15.80666 ], [ -48.11278, -15.80601 ] ] ], [ [ [ -48.11559, -15.80391 ], [ -48.11533, -15.80377 ], [ -48.11522, -15.80727 ], [ -48.11675, -15.80452 ], [ -48.11559, -15.80391 ] ] ], [ [ [ -48.11432, -15.80324 ], [ -48.11405, -15.80666 ], [ -48.11533, -15.80377 ], [ -48.11432, -15.80324 ] ] ], [ [ [ -48.11675, -15.80452 ], [ -48.11795, -15.80238 ], [ -48.11678, -15.80176 ], [ -48.11675, -15.80452 ] ] ], [ [ [ -48.11559, -15.80391 ], [ -48.11678, -15.80176 ], [ -48.11551, -15.80111 ], [ -48.11559, -15.80391 ] ] ] ] } },
{ "type": "Feature", "properties": { "cluster": 518.0, "hvi": 0.1174, "population": 1953, "setores": 4, "municipio": "Brasília" }, "geometry": { "type": "MultiPolygon", "coordinates": [ [ [ [ -48.11278, -15.80601 ], [ -48.11136, -15.80524 ], [ -48.11159, -15.80813 ], [ -48.11278, -15.80601 ] ] ], [ [ [ -48.11433, -15.80324 ], [ -48.11263, -15.80511 ], [ -48.11243, -15.80582 ], [ -48.11433, -15.80324 ] ] ], [ [ [ -48.11381, -15.80298 ], [ -48.11295, -15.80253 ], [ -48.11263, -15.80511 ], [ -48.11381, -15.80298 ] ] ], [ [ [ -48.11551, -15.80111 ], [ -48.11417, -15.80041 ], [ -48.11432, -15.80324 ], [ -48.11551, -15.80111 ] ] ] ] } },
{ "type": "Feature", "properties": { "cluster": 519.0, "hvi": 0.111, "population": 2645, "setores": 7, "municipio": "Brasília" }, "geometry": { "type": "MultiPolygon", "coordinates": [ [ [ [ -48.11886, -15.80286 ], [ -48.11795, -15.80238 ], [ -48.11766, -15.80499 ], [ -48.11886, -15.80286 ] ] ], [ [ [ -48.11889, -15.79858 ], [ -48.11795, -15.80238 ], [ -48.11979, -15.79906 ], [ -48.11889, -15.79858 ] ] ], [ [ [ -48.11838, -15.79832 ], [ -48.1174, -15.80127 ], [ -48.11889, -15.79858 ], [ -48.11838, -15.79832 ] ] ], [ [ [ -48.11838, -15.79832 ], [ -48.11907, -15.79621 ], [ -48.11706, -15.79549 ], [ -48.11829, -15.79827 ], [ -48.11736, -15.79779 ], [ -48.11678, -15.80176 ], [ -48.11838, -15.79832 ] ] ], [ [ [ -48.11536, -15.80019 ], [ -48.11521, -15.80095 ], [ -48.11736, -15.79779 ], [ -48.11536, -15.80019 ] ] ], [ [ [ -48.11575, -15.79715 ], [ -48.11536, -15.80019 ], [ -48.11684, -15.79752 ], [ -48.11575, -15.79715 ] ] ] ] } },
{ "type": "Feature", "properties": { "cluster": 520.0, "hvi": 0.129, "population": 2898, "setores": 4, "municipio": "Brasília" }, "geometry": { "type": "MultiPolygon", "coordinates": [ [ [ [ -48.1318, -15.80805 ], [ -48.13296, -15.80466 ], [ -48.13089, -15.80695 ], [ -48.1318, -15.80805 ] ] ], [ [ [ -48.13469, -15.80515 ], [ -48.13545, -15.80218 ], [ -48.13225, -15.80444 ], [ -48.13469, -15.80515 ] ] ], [ [ [ -48.13499, -15.80158 ], [ -48.13259, -15.80038 ], [ -48.13207, -15.79747 ], [ -48.13315, -15.79466 ], [ -48.12776, -15.79854 ], [ -48.13118, -15.79979 ], [ -48.13093, -15.80044 ], [ -48.13499, -15.80158 ] ] ] ] } },
{ "type": "Feature", "properties": { "cluster": 521.0, "hvi": 0.1174, "population": 478, "setores": 1, "municipio": "Brasília" }, "geometry": { "type": "Polygon", "coordinates": [ [ [ -48.1305, -15.80381 ], [ -48.13037, -15.80677 ], [ -48.1319, -15.80432 ], [ -48.1305, -15.80381 ] ] ] } },
{ "type": "Feature", "properties": { "cluster": 522.0, "hvi": 0.1193, "population": 526, "setores": 1, "municipio": "Brasília" }, "geometry": { "type": "Polygon", "coordinates": [ [ [ -48.12566, -15.80188 ], [ -48.12569, -15.80506 ], [ -48.12673, -15.80231 ], [ -48.12566, -15.80188 ] ] ] } },
{ "type": "Feature", "properties": { "cluster": 523.0, "hvi": 0.1165, "population": 2868, "setores": 6, "municipio": "Brasília" }, "geometry": { "type": "MultiPolygon", "coordinates": [ [ [ [ -48.12142, -15.80689 ], [ -48.12153, -15.8095 ], [ -48.12239, -15.80724 ], [ -48.12142, -15.80689 ] ] ], [ [ [ -48.12347, -15.80763 ], [ -48.12433, -15.80537 ], [ -48.12403, -15.80526 ], [ -48.12352, -15.80507 ], [ -48.12347, -15.80763 ] ] ], [ [ [ -48.12142, -15.80689 ], [ -48.12237, -15.80466 ], [ -48.1209, -15.80392 ], [ -48.12142, -15.80689 ] ] ], [ [ [ -48.12372, -15.8011 ], [ -48.12403, -15.80526 ], [ -48.12475, -15.80152 ], [ -48.12372, -15.8011 ] ] ], [ [ [ -48.125, -15.79756 ], [ -48.12345, -15.797 ], [ -48.12365, -15.80107 ], [ -48.12246, -15.80046 ], [ -48.12237, -15.80466 ], [ -48.125, -15.79756 ] ] ] ] } },
{ "type": "Feature", "properties": { "cluster": 524.0, "hvi": 0.1176, "population": 2495, "setores": 5, "municipio": "Brasília" }, "geometry": { "type": "MultiPolygon", "coordinates": [ [ [ [ -48.12246, -15.80046 ], [ -48.12023, -15.80277 ], [ -48.12091, -15.80393 ], [ -48.12246, -15.80046 ] ] ], [ [ [ -48.12175, -15.80009 ], [ -48.12098, -15.79968 ], [ -48.12023, -15.80277 ], [ -48.12175, -15.80009 ] ] ], [ [ [ -48.12098, -15.79968 ], [ -48.11979, -15.79906 ], [ -48.11912, -15.803 ], [ -48.12098, -15.79968 ] ] ], [ [ [ -48.12092, -15.79609 ], [ -48.11706, -15.79549 ], [ -48.11907, -15.79621 ], [ -48.11979, -15.79906 ], [ -48.12092, -15.79609 ] ] ], [ [ [ -48.12178, -15.79384 ], [ -48.12227, -15.79657 ], [ -48.12313, -15.79433 ], [ -48.12178, -15.79384 ] ] ] ] } },
{ "type": "Feature", "properties": { "cluster": 525.0, "hvi": 0.1173, "population": 2437, "setores": 5, "municipio": "Brasília" }, "geometry": { "type": "MultiPolygon", "coordinates": [ [ [ [ -48.10992, -15.80043 ], [ -48.10762, -15.7989 ], [ -48.1056, -15.80125 ], [ -48.10769, -15.80275 ], [ -48.10992, -15.80043 ] ] ], [ [ [ -48.11302, -15.79875 ], [ -48.11187, -15.79792 ], [ -48.11369, -15.79549 ], [ -48.11242, -15.79452 ], [ -48.11087, -15.80111 ], [ -48.11302, -15.79875 ] ] ], [ [ [ -48.11056, -15.79699 ], [ -48.10992, -15.79655 ], [ -48.10863, -15.79954 ], [ -48.11056, -15.79699 ] ] ], [ [ [ -48.11369, -15.79549 ], [ -48.1128, -15.79859 ], [ -48.11465, -15.79615 ], [ -48.11369, -15.79549 ] ] ] ] } },
{ "type": "Feature", "properties": { "cluster": 526.0, "hvi": 0.1136, "population": 2944, "setores": 7, "municipio": "Brasília" }, "geometry": { "type": "MultiPolygon", "coordinates": [ [ [ [ -48.12745, -15.8069 ], [ -48.12797, -15.80709 ], [ -48.1296, -15.80448 ], [ -48.12746, -15.80688 ], [ -48.12542, -15.80576 ], [ -48.12672, -15.8088 ], [ -48.12745, -15.8069 ] ] ], [ [ [ -48.1305, -15.80381 ], [ -48.1296, -15.80448 ], [ -48.12944, -15.8072 ], [ -48.1305, -15.80381 ] ] ], [ [ [ -48.12677, -15.80233 ], [ -48.12763, -15.80267 ], [ -48.1279, -15.80193 ], [ -48.12627, -15.80003 ], [ -48.12678, -15.7982 ], [ -48.12587, -15.79865 ], [ -48.12589, -15.79959 ], [ -48.12474, -15.79825 ], [ -48.12365, -15.80108 ], [ -48.12475, -15.80152 ], [ -48.12458, -15.80468 ], [ -48.12566, -15.80188 ], [ -48.12517, -15.80168 ], [ -48.12673, -15.80231 ], [ -48.12759, -15.80655 ], [ -48.12885, -15.80321 ], [ -48.12677, -15.80233 ] ] ] ] } },
{ "type": "Feature", "properties": { "cluster": 527.0, "hvi": 0.117, "population": 2940, "setores": 6, "municipio": "Brasília" }, "geometry": { "type": "MultiPolygon", "coordinates": [ [ [ [ -48.13225, -15.80444 ], [ -48.13249, -15.80231 ], [ -48.13166, -15.80269 ], [ -48.13219, -15.8022 ], [ -48.13389, -15.80277 ], [ -48.13408, -15.80351 ], [ -48.13424, -15.80166 ], [ -48.1326, -15.80182 ], [ -48.13316, -15.8013 ], [ -48.13094, -15.80045 ], [ -48.13119, -15.79979 ], [ -48.12847, -15.79942 ], [ -48.12885, -15.79892 ], [ -48.12678, -15.7982 ], [ -48.12686, -15.80154 ], [ -48.12804, -15.79998 ], [ -48.12976, -15.80354 ], [ -48.13225, -15.80444 ] ], [ [ -48.13093, -15.80046 ], [ -48.13094, -15.80301 ], [ -48.12976, -15.80354 ], [ -48.13093, -15.80046 ] ] ], [ [ [ -48.13249, -15.80231 ], [ -48.13393, -15.80389 ], [ -48.13389, -15.80277 ], [ -48.13249, -15.80231 ] ] ] ] } },
{ "type": "Feature", "properties": { "cluster": 528.0, "hvi": 0.1268, "population": 2740, "setores": 4, "municipio": "Brasília" }, "geometry": { "type": "MultiPolygon", "coordinates": [ [ [ [ -48.138, -15.80573 ], [ -48.13918, -15.80187 ], [ -48.13531, -15.8022 ], [ -48.13656, -15.80265 ], [ -48.13551, -15.80384 ], [ -48.1366, -15.80415 ], [ -48.13687, -15.80276 ], [ -48.138, -15.80573 ] ] ], [ [ [ -48.1399, -15.79944 ], [ -48.13859, -15.79912 ], [ -48.13918, -15.80187 ], [ -48.1399, -15.79944 ] ] ] ] } },
{ "type": "Feature", "properties": { "cluster": 529.0, "hvi": 0.1144, "population": 2615, "setores": 6, "municipio": "Brasília" }, "geometry": { "type": "MultiPolygon", "coordinates": [ [ [ [ -48.1337, -15.80873 ], [ -48.13269, -15.80837 ], [ -48.13282, -15.81098 ], [ -48.1337, -15.80873 ] ] ], [ [ [ -48.1317, -15.80801 ], [ -48.13183, -15.81062 ], [ -48.13269, -15.80837 ], [ -48.1317, -15.80801 ] ] ], [ [ [ -48.13296, -15.80466 ], [ -48.13269, -15.80837 ], [ -48.134, -15.80496 ], [ -48.13296, -15.80466 ] ] ], [ [ [ -48.13503, -15.80525 ], [ -48.134, -15.80496 ], [ -48.13397, -15.80804 ], [ -48.13503, -15.80525 ] ] ], [ [ [ -48.14034, -15.80475 ], [ -48.13791, -15.80604 ], [ -48.13977, -15.80659 ], [ -48.14034, -15.80475 ] ] ], [ [ [ -48.13532, -15.80312 ], [ -48.13791, -15.80604 ], [ -48.138, -15.80573 ], [ -48.13532, -15.80312 ] ] ] ] } },
{ "type": "Feature", "properties": { "cluster": 530.0, "hvi": 0.1259, "population": 2029, "setores": 3, "municipio": "Brasília" }, "geometry": { "type": "MultiPolygon", "coordinates": [ [ [ [ -48.14907, -15.81295 ], [ -48.14696, -15.80868 ], [ -48.14807, -15.81317 ], [ -48.14907, -15.81295 ] ] ], [ [ [ -48.14839, -15.80709 ], [ -48.14612, -15.80641 ], [ -48.14785, -15.80889 ], [ -48.14839, -15.80709 ] ] ], [ [ [ -48.14554, -15.80826 ], [ -48.14612, -15.80641 ], [ -48.14287, -15.80748 ], [ -48.14554, -15.80826 ] ] ] ] } },
{ "type": "Feature", "properties": { "cluster": 531.0, "hvi": 0.1234, "population": 2517, "setores": 4, "municipio": "Brasília" }, "geometry": { "type": "MultiPolygon", "coordinates": [ [ [ [ -48.15445, -15.81026 ], [ -48.15401, -15.80927 ], [ -48.15082, -15.80844 ], [ -48.1515, -15.81067 ], [ -48.15445, -15.81026 ] ] ], [ [ [ -48.15435, -15.80649 ], [ -48.15371, -15.80631 ], [ -48.15435, -15.80566 ], [ -48.15156, -15.80485 ], [ -48.15175, -15.80678 ], [ -48.15071, -15.80781 ], [ -48.1533, -15.80906 ], [ -48.15435, -15.80649 ] ] ], [ [ [ -48.15688, -15.80641 ], [ -48.15435, -15.80566 ], [ -48.15482, -15.80899 ], [ -48.15688, -15.80641 ] ] ] ] } },
{ "type": "Feature", "properties": { "cluster": 532.0, "hvi": 0.1198, "population": 2750, "setores": 5, "municipio": "Brasília" }, "geometry": { "type": "MultiPolygon", "coordinates": [ [ [ [ -48.15023, -15.80851 ], [ -48.14863, -15.80632 ], [ -48.15071, -15.80845 ], [ -48.15156, -15.80485 ], [ -48.14863, -15.80631 ], [ -48.14612, -15.80641 ], [ -48.1484, -15.80706 ], [ -48.14785, -15.80889 ], [ -48.15023, -15.80851 ] ] ], [ [ [ -48.1441, -15.80496 ], [ -48.14543, -15.80709 ], [ -48.14637, -15.80561 ], [ -48.1441, -15.80496 ] ] ], [ [ [ -48.14435, -15.80414 ], [ -48.14637, -15.80561 ], [ -48.14662, -15.80479 ], [ -48.14435, -15.80414 ] ] ] ] } },
{ "type": "Feature", "properties": { "cluster": 533.0, "hvi": 0.1177, "population": 1025, "setores": 2, "municipio": "Brasília" }, "geometry": { "type": "MultiPolygon", "coordinates": [ [ [ [ -48.14877, -15.80586 ], [ -48.14934, -15.80427 ], [ -48.14697, -15.80366 ], [ -48.14877, -15.80586 ] ] ], [ [ [ -48.14662, -15.80479 ], [ -48.14697, -15.80366 ], [ -48.14468, -15.80298 ], [ -48.14662, -15.80479 ] ] ] ] } },
{ "type": "Feature", "properties": { "cluster": 534.0, "hvi": 0.1225, "population": 2994, "setores": 5, "municipio": "Brasília" }, "geometry": { "type": "MultiPolygon", "coordinates": [ [ [ [ -48.14274, -15.805 ], [ -48.14054, -15.80568 ], [ -48.14236, -15.80621 ], [ -48.14274, -15.805 ] ] ], [ [ [ -48.14468, -15.80298 ], [ -48.14224, -15.80661 ], [ -48.14287, -15.80748 ], [ -48.14468, -15.80298 ] ] ], [ [ [ -48.1435, -15.80264 ], [ -48.14233, -15.80312 ], [ -48.14274, -15.805 ], [ -48.1435, -15.80264 ] ] ], [ [ [ -48.1412, -15.80197 ], [ -48.13847, -15.80421 ], [ -48.14034, -15.80474 ], [ -48.14097, -15.80273 ], [ -48.1412, -15.80197 ] ] ], [ [ [ -48.14183, -15.80473 ], [ -48.14233, -15.80312 ], [ -48.14097, -15.80273 ], [ -48.14183, -15.80473 ] ] ] ] } },
{ "type": "Feature", "properties": { "cluster": 535.0, "hvi": 0.1204, "population": 2745, "setores": 5, "municipio": "Brasília" }, "geometry": { "type": "MultiPolygon", "coordinates": [ [ [ [ -48.12861, -15.7963 ], [ -48.12722, -15.7958 ], [ -48.12776, -15.79854 ], [ -48.12861, -15.7963 ] ] ], [ [ [ -48.12636, -15.79805 ], [ -48.12809, -15.79278 ], [ -48.12586, -15.79531 ], [ -48.12636, -15.79805 ] ] ], [ [ [ -48.12993, -15.79343 ], [ -48.12809, -15.79278 ], [ -48.12861, -15.7963 ], [ -48.12993, -15.79343 ] ] ], [ [ [ -48.12785, -15.79014 ], [ -48.12835, -15.79287 ], [ -48.12921, -15.79064 ], [ -48.12785, -15.79014 ] ] ] ] } },
{ "type": "Feature", "properties": { "cluster": 536.0, "hvi": 0.1237, "population": 2507, "setores": 4, "municipio": "Brasília" }, "geometry": { "type": "MultiPolygon", "coordinates": [ [ [ [ -48.12586, -15.79531 ], [ -48.12452, -15.79483 ], [ -48.125, -15.79756 ], [ -48.12586, -15.79531 ] ] ], [ [ [ -48.12452, -15.79483 ], [ -48.12313, -15.79433 ], [ -48.12366, -15.79707 ], [ -48.12452, -15.79483 ] ] ], [ [ [ -48.12524, -15.79175 ], [ -48.12402, -15.79132 ], [ -48.12452, -15.79483 ], [ -48.12524, -15.79175 ] ] ], [ [ [ -48.12313, -15.79433 ], [ -48.12402, -15.79132 ], [ -48.12178, -15.79384 ], [ -48.12313, -15.79433 ] ] ] ] } },
{ "type": "Feature", "properties": { "cluster": 537.0, "hvi": 0.1278, "population": 2795, "setores": 4, "municipio": "Brasília" }, "geometry": { "type": "MultiPolygon", "coordinates": [ [ [ [ -48.12345, -15.797 ], [ -48.12092, -15.79609 ], [ -48.12194, -15.80018 ], [ -48.12345, -15.797 ] ] ], [ [ [ -48.12178, -15.79384 ], [ -48.1202, -15.79328 ], [ -48.12092, -15.79609 ], [ -48.12178, -15.79384 ] ] ], [ [ [ -48.1202, -15.79328 ], [ -48.11825, -15.79259 ], [ -48.11934, -15.79552 ], [ -48.1202, -15.79328 ] ] ], [ [ [ -48.12264, -15.79159 ], [ -48.12083, -15.79095 ], [ -48.12178, -15.79384 ], [ -48.12264, -15.79159 ] ] ] ] } },
{ "type": "Feature", "properties": { "cluster": 538.0, "hvi": 0.1159, "population": 2785, "setores": 6, "municipio": "Brasília" }, "geometry": { "type": "MultiPolygon", "coordinates": [ [ [ [ -48.12586, -15.79531 ], [ -48.12698, -15.79239 ], [ -48.12524, -15.79175 ], [ -48.12522, -15.79508 ], [ -48.12599, -15.79391 ], [ -48.12586, -15.79531 ] ] ], [ [ [ -48.12651, -15.78966 ], [ -48.12698, -15.79239 ], [ -48.12785, -15.79014 ], [ -48.12651, -15.78966 ] ] ], [ [ [ -48.12651, -15.78966 ], [ -48.12512, -15.78916 ], [ -48.12565, -15.7919 ], [ -48.12651, -15.78966 ] ] ], [ [ [ -48.12737, -15.78743 ], [ -48.12785, -15.79014 ], [ -48.12871, -15.7879 ], [ -48.12737, -15.78743 ] ] ], [ [ [ -48.12597, -15.78693 ], [ -48.12651, -15.78966 ], [ -48.12737, -15.78743 ], [ -48.12597, -15.78693 ] ] ] ] } },
{ "type": "Feature", "properties": { "cluster": 539.0, "hvi": 0.1198, "population": 538, "setores": 1, "municipio": "Brasília" }, "geometry": { "type": "Polygon", "coordinates": [ [ [ -48.12993, -15.79343 ], [ -48.12995, -15.79682 ], [ -48.1311, -15.79388 ], [ -48.12993, -15.79343 ] ] ] } },
{ "type": "Feature", "properties": { "cluster": 540.0, "hvi": 0.1167, "population": 2944, "setores": 6, "municipio": "Brasília" }, "geometry": { "type": "MultiPolygon", "coordinates": [ [ [ [ -48.1356, -15.80019 ], [ -48.13489, -15.80094 ], [ -48.13685, -15.80109 ], [ -48.1356, -15.80019 ] ] ], [ [ [ -48.1399, -15.79944 ], [ -48.13877, -15.7969 ], [ -48.13568, -15.79843 ], [ -48.1376, -15.79889 ], [ -48.13859, -15.79913 ], [ -48.1399, -15.79944 ] ] ], [ [ [ -48.13685, -15.80109 ], [ -48.13783, -15.80137 ], [ -48.13859, -15.79913 ], [ -48.13685, -15.80109 ] ] ], [ [ [ -48.13568, -15.79843 ], [ -48.13317, -15.79783 ], [ -48.13323, -15.80061 ], [ -48.13454, -15.7999 ], [ -48.13489, -15.80094 ], [ -48.13568, -15.79843 ] ] ], [ [ [ -48.1356, -15.80019 ], [ -48.1376, -15.79889 ], [ -48.13618, -15.7986 ], [ -48.1356, -15.80019 ] ] ] ] } },
{ "type": "Feature", "properties": { "cluster": 541.0, "hvi": 0.1286, "population": 2749, "setores": 4, "municipio": "Brasília" }, "geometry": { "type": "MultiPolygon", "coordinates": [ [ [ [ -48.15793, -15.80405 ], [ -48.15849, -15.80686 ], [ -48.15922, -15.80441 ], [ -48.15793, -15.80405 ] ] ], [ [ [ -48.15942, -15.79916 ], [ -48.14163, -15.79396 ], [ -48.13932, -15.80143 ], [ -48.15723, -15.80635 ], [ -48.15793, -15.80405 ], [ -48.15942, -15.79916 ] ] ], [ [ [ -48.14075, -15.79675 ], [ -48.13817, -15.79831 ], [ -48.14005, -15.79896 ], [ -48.14075, -15.79675 ] ] ], [ [ [ -48.13792, -15.79409 ], [ -48.13886, -15.7964 ], [ -48.13991, -15.79459 ], [ -48.13792, -15.79409 ] ] ] ] } },
{ "type": "Feature", "properties": { "cluster": 542.0, "hvi": 0.1173, "population": 2786, "setores": 6, "municipio": "Brasília" }, "geometry": { "type": "MultiPolygon", "coordinates": [ [ [ [ -48.13568, -15.79843 ], [ -48.13635, -15.79664 ], [ -48.13476, -15.79817 ], [ -48.13568, -15.79843 ] ] ], [ [ [ -48.1346, -15.79652 ], [ -48.13492, -15.7961 ], [ -48.13286, -15.79542 ], [ -48.13351, -15.79793 ], [ -48.1343, -15.7969 ], [ -48.13476, -15.79817 ], [ -48.13569, -15.7969 ], [ -48.1346, -15.79652 ] ] ], [ [ [ -48.13844, -15.7968 ], [ -48.13696, -15.79564 ], [ -48.13792, -15.79409 ], [ -48.13593, -15.79348 ], [ -48.13611, -15.79483 ], [ -48.13526, -15.79453 ], [ -48.13586, -15.79646 ], [ -48.13685, -15.79583 ], [ -48.13606, -15.79742 ], [ -48.13844, -15.7968 ] ] ] ] } },
{ "type": "Feature", "properties": { "cluster": 543.0, "hvi": 0.1258, "population": 2018, "setores": 3, "municipio": "Brasília" }, "geometry": { "type": "MultiPolygon", "coordinates": [ [ [ [ -48.14075, -15.79675 ], [ -48.14131, -15.79495 ], [ -48.13931, -15.79492 ], [ -48.14075, -15.79675 ] ] ], [ [ [ -48.1389, -15.79107 ], [ -48.13792, -15.79409 ], [ -48.14131, -15.79495 ], [ -48.13956, -15.79375 ], [ -48.1392, -15.79229 ], [ -48.14057, -15.7924 ], [ -48.14065, -15.79095 ], [ -48.13906, -15.79172 ], [ -48.1389, -15.79107 ] ] ] ] } },
{ "type": "Feature", "properties": { "cluster": 544.0, "hvi": 0.1228, "population": 2999, "setores": 5, "municipio": "Brasília" }, "geometry": { "type": "MultiPolygon", "coordinates": [ [ [ [ -48.12376, -15.78868 ], [ -48.12426, -15.7914 ], [ -48.12512, -15.78916 ], [ -48.12376, -15.78868 ] ] ], [ [ [ -48.1229, -15.79091 ], [ -48.12376, -15.78868 ], [ -48.12464, -15.78646 ], [ -48.12512, -15.78916 ], [ -48.12597, -15.78693 ], [ -48.12464, -15.78645 ], [ -48.12582, -15.78346 ], [ -48.12195, -15.78803 ], [ -48.12103, -15.78769 ], [ -48.12156, -15.79042 ], [ -48.12242, -15.7882 ], [ -48.1229, -15.79091 ] ] ] ] } },
{ "type": "Feature", "properties": { "cluster": 545.0, "hvi": 0.1125, "population": 1612, "setores": 4, "municipio": "Brasília" }, "geometry": { "type": "Polygon", "coordinates": [ [ [ -48.1229, -15.79091 ], [ -48.11992, -15.78984 ], [ -48.12104, -15.7877 ], [ -48.12195, -15.78803 ], [ -48.12338, -15.78431 ], [ -48.12105, -15.78765 ], [ -48.12216, -15.78478 ], [ -48.12026, -15.78668 ], [ -48.12038, -15.78547 ], [ -48.11805, -15.78997 ], [ -48.11896, -15.78991 ], [ -48.11997, -15.7932 ], [ -48.1229, -15.79091 ] ] ] } },
{ "type": "Feature", "properties": { "cluster": 546.0, "hvi": 0.1256, "population": 2619, "setores": 4, "municipio": "Brasília" }, "geometry": { "type": "MultiPolygon", "coordinates": [ [ [ [ -48.13303, -15.79201 ], [ -48.1306, -15.79113 ], [ -48.13119, -15.79392 ], [ -48.13303, -15.79201 ] ] ], [ [ [ -48.13188, -15.78825 ], [ -48.13126, -15.78803 ], [ -48.13248, -15.78488 ], [ -48.1301, -15.78424 ], [ -48.12988, -15.78753 ], [ -48.1306, -15.79113 ], [ -48.13188, -15.78825 ] ], [ [ -48.13126, -15.78803 ], [ -48.1301, -15.78761 ], [ -48.13128, -15.78456 ], [ -48.13126, -15.78803 ] ] ] ] } },
{ "type": "Feature", "properties": { "cluster": 547.0, "hvi": 0.1194, "population": 530, "setores": 1, "municipio": "Brasília" }, "geometry": { "type": "Polygon", "coordinates": [ [ [ -48.13188, -15.78825 ], [ -48.13195, -15.79162 ], [ -48.13309, -15.78868 ], [ -48.13188, -15.78825 ] ] ] } },
{ "type": "Feature", "properties": { "cluster": 548.0, "hvi": 0.1208, "population": 2846, "setores": 5, "municipio": "Brasília" }, "geometry": { "type": "MultiPolygon", "coordinates": [ [ [ [ -48.13593, -15.79348 ], [ -48.13482, -15.79311 ], [ -48.13492, -15.7961 ], [ -48.13593, -15.79348 ] ] ], [ [ [ -48.13376, -15.79575 ], [ -48.13482, -15.79311 ], [ -48.13286, -15.79542 ], [ -48.13376, -15.79575 ] ] ], [ [ [ -48.13831, -15.79305 ], [ -48.13745, -15.79273 ], [ -48.13738, -15.7903 ], [ -48.13387, -15.79279 ], [ -48.13666, -15.79277 ], [ -48.13792, -15.79409 ], [ -48.13831, -15.79305 ] ] ], [ [ [ -48.13376, -15.79163 ], [ -48.1337, -15.79322 ], [ -48.13423, -15.79183 ], [ -48.13376, -15.79163 ] ] ] ] } },
{ "type": "Feature", "properties": { "cluster": 549.0, "hvi": 0.1148, "population": 2259, "setores": 5, "municipio": "Brasília" }, "geometry": { "type": "MultiPolygon", "coordinates": [ [ [ [ -48.13956, -15.79375 ], [ -48.14146, -15.79451 ], [ -48.14215, -15.79176 ], [ -48.14012, -15.79266 ], [ -48.13956, -15.79375 ] ] ], [ [ [ -48.13738, -15.7903 ], [ -48.13684, -15.79174 ], [ -48.13855, -15.79237 ], [ -48.13738, -15.7903 ] ] ], [ [ [ -48.1402, -15.79053 ], [ -48.13887, -15.78889 ], [ -48.13738, -15.7903 ], [ -48.14248, -15.79116 ], [ -48.1402, -15.79053 ] ] ], [ [ [ -48.14075, -15.78847 ], [ -48.14133, -15.7901 ], [ -48.14175, -15.78877 ], [ -48.14075, -15.78847 ] ] ] ] } },
{ "type": "Feature", "properties": { "cluster": 550.0, "hvi": 0.122, "population": 1184, "setores": 2, "municipio": "Brasília" }, "geometry": { "type": "MultiPolygon", "coordinates": [ [ [ [ -48.14003, -15.79017 ], [ -48.14248, -15.79116 ], [ -48.14344, -15.78805 ], [ -48.14003, -15.79017 ] ] ], [ [ [ -48.14049, -15.78936 ], [ -48.14048, -15.78719 ], [ -48.13651, -15.78603 ], [ -48.13532, -15.78951 ], [ -48.14049, -15.78936 ] ] ] ] } },
{ "type": "Feature", "properties": { "cluster": 551.0, "hvi": 0.1249, "population": 2591, "setores": 4, "municipio": "Brasília" }, "geometry": { "type": "MultiPolygon", "coordinates": [ [ [ [ -48.1306, -15.79113 ], [ -48.12921, -15.79064 ], [ -48.12974, -15.79336 ], [ -48.1306, -15.79113 ] ] ], [ [ [ -48.12921, -15.79064 ], [ -48.13006, -15.7884 ], [ -48.12785, -15.79014 ], [ -48.12921, -15.79064 ] ] ], [ [ [ -48.1301, -15.78424 ], [ -48.12848, -15.78381 ], [ -48.12871, -15.7879 ], [ -48.1301, -15.78424 ] ] ], [ [ [ -48.12848, -15.78381 ], [ -48.12582, -15.78346 ], [ -48.12463, -15.78645 ], [ -48.12713, -15.78735 ], [ -48.12848, -15.78381 ] ] ] ] } },
{ "type": "Feature", "properties": { "cluster": 552.0, "hvi": 0.1157, "population": 3290, "setores": 7, "municipio": "Brasília" }, "geometry": { "type": "MultiPolygon", "coordinates": [ [ [ [ -48.12179, -15.84504 ], [ -48.12415, -15.8437 ], [ -48.12331, -15.8431 ], [ -48.12179, -15.84504 ] ] ], [ [ [ -48.12415, -15.8437 ], [ -48.12473, -15.84412 ], [ -48.12686, -15.84171 ], [ -48.12415, -15.8437 ] ] ], [ [ [ -48.12609, -15.84116 ], [ -48.125, -15.84038 ], [ -48.12391, -15.83961 ], [ -48.12153, -15.84264 ], [ -48.12331, -15.8431 ], [ -48.12609, -15.84116 ] ] ], [ [ [ -48.12696, -15.83999 ], [ -48.12543, -15.8389 ], [ -48.125, -15.84038 ], [ -48.12696, -15.83999 ] ] ], [ [ [ -48.12696, -15.83999 ], [ -48.12748, -15.83926 ], [ -48.12544, -15.83782 ], [ -48.12696, -15.83999 ] ] ], [ [ [ -48.13411, -15.83784 ], [ -48.13184, -15.83255 ], [ -48.12748, -15.83926 ], [ -48.13061, -15.84262 ], [ -48.13411, -15.83784 ] ] ] ] } },
{ "type": "Feature", "properties": { "cluster": 553.0, "hvi": 0.1189, "population": 2076, "setores": 4, "municipio": "Brasília" }, "geometry": { "type": "MultiPolygon", "coordinates": [ [ [ [ -48.10603, -15.84065 ], [ -48.10878, -15.83664 ], [ -48.10798, -15.83607 ], [ -48.1073, -15.83857 ], [ -48.1065, -15.838 ], [ -48.10603, -15.84065 ] ] ], [ [ [ -48.10798, -15.83607 ], [ -48.10718, -15.8355 ], [ -48.1065, -15.838 ], [ -48.10798, -15.83607 ] ] ], [ [ [ -48.10718, -15.8355 ], [ -48.10621, -15.83482 ], [ -48.1057, -15.83743 ], [ -48.10718, -15.8355 ] ] ] ] } },
{ "type": "Feature", "properties": { "cluster": 554.0, "hvi": 0.117, "population": 2945, "setores": 6, "municipio": "Brasília" }, "geometry": { "type": "MultiPolygon", "coordinates": [ [ [ [ -48.11807, -15.84627 ], [ -48.11721, -15.84565 ], [ -48.11658, -15.84821 ], [ -48.11807, -15.84627 ] ] ], [ [ [ -48.11954, -15.84432 ], [ -48.11903, -15.84774 ], [ -48.12046, -15.84497 ], [ -48.11954, -15.84432 ] ] ], [ [ [ -48.12193, -15.84213 ], [ -48.11868, -15.84372 ], [ -48.1209, -15.8444 ], [ -48.12193, -15.84213 ] ] ], [ [ [ -48.11841, -15.83959 ], [ -48.1173, -15.84014 ], [ -48.11796, -15.83927 ], [ -48.11708, -15.83866 ], [ -48.11665, -15.84045 ], [ -48.11515, -15.84119 ], [ -48.11712, -15.8418 ], [ -48.11646, -15.84211 ], [ -48.11868, -15.84372 ], [ -48.11975, -15.84056 ], [ -48.11748, -15.84163 ], [ -48.11841, -15.83959 ] ] ] ] } },
{ "type": "Feature", "properties": { "cluster": 555.0, "hvi": 0.1171, "population": 459, "setores": 1, "municipio": "Brasília" }, "geometry": { "type": "Polygon", "coordinates": [ [ [ -48.10163, -15.81225 ], [ -48.10095, -15.81545 ], [ -48.10256, -15.81291 ], [ -48.10163, -15.81225 ] ] ] } },
{ "type": "Feature", "properties": { "cluster": 556.0, "hvi": 0.1148, "population": 1287, "setores": 3, "municipio": "Brasília" }, "geometry": { "type": "MultiPolygon", "coordinates": [ [ [ [ -48.10139, -15.81207 ], [ -48.10176, -15.81589 ], [ -48.10458, -15.81737 ], [ -48.10283, -15.81451 ], [ -48.10372, -15.81326 ], [ -48.10616, -15.81454 ], [ -48.10435, -15.81238 ], [ -48.10534, -15.811 ], [ -48.10139, -15.81207 ] ] ], [ [ [ -48.10371, -15.81333 ], [ -48.10283, -15.81451 ], [ -48.10616, -15.81454 ], [ -48.10371, -15.81333 ] ] ] ] } },
{ "type": "Feature", "properties": { "cluster": 557.0, "hvi": 0.1213, "population": 2976, "setores": 5, "municipio": "Brasília" }, "geometry": { "type": "MultiPolygon", "coordinates": [ [ [ [ -48.13549, -15.81302 ], [ -48.1375, -15.81399 ], [ -48.14093, -15.81026 ], [ -48.14023, -15.81004 ], [ -48.14114, -15.80698 ], [ -48.13895, -15.80964 ], [ -48.13683, -15.80898 ], [ -48.13657, -15.80977 ], [ -48.13578, -15.80949 ], [ -48.13581, -15.81206 ], [ -48.13492, -15.81173 ], [ -48.13408, -15.814 ], [ -48.13577, -15.81217 ], [ -48.13549, -15.81302 ] ] ], [ [ [ -48.13473, -15.8091 ], [ -48.13492, -15.81173 ], [ -48.13578, -15.80949 ], [ -48.13473, -15.8091 ] ] ] ] } },
{ "type": "Feature", "properties": { "cluster": 558.0, "hvi": 0.1168, "population": 2421, "setores": 5, "municipio": "Brasília" }, "geometry": { "type": "MultiPolygon", "coordinates": [ [ [ [ -48.13282, -15.81098 ], [ -48.13183, -15.81062 ], [ -48.13196, -15.81325 ], [ -48.13282, -15.81098 ] ] ], [ [ [ -48.13473, -15.8091 ], [ -48.1337, -15.80873 ], [ -48.13416, -15.81216 ], [ -48.13473, -15.8091 ] ] ], [ [ [ -48.13662, -15.80979 ], [ -48.13762, -15.80597 ], [ -48.13525, -15.80929 ], [ -48.13662, -15.80979 ] ] ], [ [ [ -48.13657, -15.8064 ], [ -48.13592, -15.8055 ], [ -48.13397, -15.80804 ], [ -48.13525, -15.80929 ], [ -48.13657, -15.8064 ] ] ] ] } },
{ "type": "Feature", "properties": { "cluster": 559.0, "hvi": 0.1131, "population": 2900, "setores": 7, "municipio": "Brasília" }, "geometry": { "type": "MultiPolygon", "coordinates": [ [ [ [ -48.13651, -15.78603 ], [ -48.13248, -15.78488 ], [ -48.13197, -15.78828 ], [ -48.13532, -15.78951 ], [ -48.13651, -15.78603 ] ] ], [ [ [ -48.13544, -15.78339 ], [ -48.13486, -15.78554 ], [ -48.14043, -15.78718 ], [ -48.17246, -15.79647 ], [ -48.17469, -15.78458 ], [ -48.16456, -15.76633 ], [ -48.16758, -15.76415 ], [ -48.16737, -15.75362 ], [ -48.15977, -15.76081 ], [ -48.15821, -15.76713 ], [ -48.14287, -15.76823 ], [ -48.14037, -15.77917 ], [ -48.14472, -15.78114 ], [ -48.14201, -15.78152 ], [ -48.13643, -15.7798 ], [ -48.14189, -15.78197 ], [ -48.14118, -15.78452 ], [ -48.13863, -15.78453 ], [ -48.13544, -15.78339 ] ], [ [ -48.14094, -15.78536 ], [ -48.14112, -15.78473 ], [ -48.14043, -15.78718 ], [ -48.14094, -15.78536 ] ] ] ] } },
{ "type": "Feature", "properties": { "cluster": 560.0, "hvi": 0.1165, "population": 2452, "setores": 5, "municipio": "Brasília" }, "geometry": { "type": "MultiPolygon", "coordinates": [ [ [ [ -48.14143, -15.78361 ], [ -48.13719, -15.78215 ], [ -48.13794, -15.78259 ], [ -48.13591, -15.7817 ], [ -48.13827, -15.7836 ], [ -48.13841, -15.78287 ], [ -48.14118, -15.78452 ], [ -48.14143, -15.78361 ] ] ], [ [ [ -48.13558, -15.78288 ], [ -48.13568, -15.78369 ], [ -48.13801, -15.78359 ], [ -48.13558, -15.78288 ] ] ], [ [ [ -48.14143, -15.78361 ], [ -48.14011, -15.78232 ], [ -48.1416, -15.783 ], [ -48.14189, -15.78197 ], [ -48.13623, -15.78054 ], [ -48.13976, -15.78216 ], [ -48.13591, -15.7817 ], [ -48.14143, -15.78361 ] ] ] ] } },
{ "type": "Feature", "properties": { "cluster": 561.0, "hvi": 0.1252, "population": 1346, "setores": 2, "municipio": "Brasília" }, "geometry": { "type": "MultiPolygon", "coordinates": [ [ [ [ -48.14029, -15.78133 ], [ -48.14225, -15.78066 ], [ -48.13659, -15.77924 ], [ -48.14029, -15.78133 ] ] ], [ [ [ -48.14225, -15.78066 ], [ -48.14252, -15.77971 ], [ -48.13687, -15.77819 ], [ -48.14225, -15.78066 ] ] ] ] } },
{ "type": "Feature", "properties": { "cluster": 562.0, "hvi": 0.1173, "population": 2286, "setores": 7, "municipio": "Brasília" }, "geometry": { "type": "Polygon", "coordinates": [ [ [ -48.18905, -15.78562 ], [ -48.19302, -15.78228 ], [ -48.20009, -15.78438 ], [ -48.20558, -15.77613 ], [ -48.2047, -15.77564 ], [ -48.2067, -15.77454 ], [ -48.20714, -15.77334 ], [ -48.21321, -15.76996 ], [ -48.22451, -15.77762 ], [ -48.23189, -15.77844 ], [ -48.21599, -15.76628 ], [ -48.20911, -15.75139 ], [ -48.18877, -15.7477 ], [ -48.17482, -15.75284 ], [ -48.17221, -15.75065 ], [ -48.16761, -15.75362 ], [ -48.17091, -15.75455 ], [ -48.16762, -15.75474 ], [ -48.16758, -15.76382 ], [ -48.17497, -15.76391 ], [ -48.16648, -15.76419 ], [ -48.16676, -15.77275 ], [ -48.16753, -15.7695 ], [ -48.1679, -15.7724 ], [ -48.17422, -15.78332 ], [ -48.17495, -15.78747 ], [ -48.18905, -15.78562 ] ], [ [ -48.18492, -15.77335 ], [ -48.18297, -15.77579 ], [ -48.17422, -15.78332 ], [ -48.18492, -15.77335 ] ], [ [ -48.2076, -15.76302 ], [ -48.20893, -15.76415 ], [ -48.20737, -15.76634 ], [ -48.2076, -15.76302 ] ], [ [ -48.18512, -15.75375 ], [ -48.20225, -15.75848 ], [ -48.20549, -15.76123 ], [ -48.18512, -15.75375 ] ], [ [ -48.20246, -15.75682 ], [ -48.18985, -15.75484 ], [ -48.2022, -15.7566 ], [ -48.20246, -15.75682 ] ], [ [ -48.1849, -15.75072 ], [ -48.17599, -15.75382 ], [ -48.17483, -15.75285 ], [ -48.1849, -15.75072 ] ] ] } },
{ "type": "Feature", "properties": { "cluster": 563.0, "hvi": 0.1091, "population": 2738, "setores": 9, "municipio": "Brasília" }, "geometry": { "type": "MultiPolygon", "coordinates": [ [ [ [ -48.24795, -15.8666 ], [ -48.27395, -15.8661 ], [ -48.2803, -15.86915 ], [ -48.27916, -15.86015 ], [ -48.28355, -15.85595 ], [ -48.28583, -15.8444 ], [ -48.2829, -15.8351 ], [ -48.28392, -15.83507 ], [ -48.28066, -15.82395 ], [ -48.27113, -15.81282 ], [ -48.26814, -15.81288 ], [ -48.26671, -15.80686 ], [ -48.26465, -15.80898 ], [ -48.25662, -15.80181 ], [ -48.24856, -15.80238 ], [ -48.24621, -15.79705 ], [ -48.24123, -15.79944 ], [ -48.23773, -15.78589 ], [ -48.23227, -15.78383 ], [ -48.23189, -15.77844 ], [ -48.22451, -15.77762 ], [ -48.21321, -15.76996 ], [ -48.20558, -15.77613 ], [ -48.19844, -15.78876 ], [ -48.19399, -15.78873 ], [ -48.19752, -15.79528 ], [ -48.19994, -15.79461 ], [ -48.19607, -15.79576 ], [ -48.19933, -15.80508 ], [ -48.20584, -15.81245 ], [ -48.21401, -15.80867 ], [ -48.21598, -15.80108 ], [ -48.21173, -15.79131 ], [ -48.22955, -15.78634 ], [ -48.22804, -15.78772 ], [ -48.23391, -15.79878 ], [ -48.24197, -15.80431 ], [ -48.22951, -15.82326 ], [ -48.22719, -15.8346 ], [ -48.23109, -15.83942 ], [ -48.22836, -15.83859 ], [ -48.23119, -15.84979 ], [ -48.23965, -15.86199 ], [ -48.24795, -15.8666 ] ], [ [ -48.22968, -15.78621 ], [ -48.22363, -15.77896 ], [ -48.21286, -15.77203 ], [ -48.22407, -15.77883 ], [ -48.22968, -15.78621 ] ], [ [ -48.24251, -15.83463 ], [ -48.24699, -15.83566 ], [ -48.25345, -15.83896 ], [ -48.24251, -15.83463 ] ], [ [ -48.23141, -15.83952 ], [ -48.2376, -15.83351 ], [ -48.23898, -15.83383 ], [ -48.23194, -15.83967 ], [ -48.23141, -15.83952 ] ] ], [ [ [ -48.21955, -15.79951 ], [ -48.21601, -15.80097 ], [ -48.22025, -15.81073 ], [ -48.22403, -15.80935 ], [ -48.21955, -15.79951 ] ] ] ] } },
{ "type": "Feature", "properties": { "cluster": 564.0, "hvi": 0.1272, "population": 2849, "setores": 4, "municipio": "Brasília" }, "geometry": { "type": "MultiPolygon", "coordinates": [ [ [ [ -48.16058, -15.80482 ], [ -48.15922, -15.80441 ], [ -48.15983, -15.80725 ], [ -48.16058, -15.80482 ] ] ], [ [ [ -48.15914, -15.80163 ], [ -48.15871, -15.8015 ], [ -48.15968, -15.80454 ], [ -48.15914, -15.80163 ] ] ], [ [ [ -48.16137, -15.79903 ], [ -48.16014, -15.80144 ], [ -48.16137, -15.80228 ], [ -48.16137, -15.79903 ] ] ], [ [ [ -48.16014, -15.80144 ], [ -48.16076, -15.79793 ], [ -48.15885, -15.80106 ], [ -48.16014, -15.80144 ] ] ] ] } },
{ "type": "Feature", "properties": { "cluster": 565.0, "hvi": 0.1325, "population": 835, "setores": 1, "municipio": "Brasília" }, "geometry": { "type": "Polygon", "coordinates": [ [ [ -48.1602, -15.80285 ], [ -48.16137, -15.80228 ], [ -48.15914, -15.80163 ], [ -48.1602, -15.80285 ] ] ] } },
{ "type": "Feature", "properties": { "cluster": 566.0, "hvi": 0.1216, "population": 2380, "setores": 4, "municipio": "Brasília" }, "geometry": { "type": "MultiPolygon", "coordinates": [ [ [ [ -48.13931, -15.8084 ], [ -48.13714, -15.80778 ], [ -48.13892, -15.80968 ], [ -48.13931, -15.8084 ] ] ], [ [ [ -48.14245, -15.80736 ], [ -48.14114, -15.80698 ], [ -48.14167, -15.80992 ], [ -48.14245, -15.80736 ] ] ], [ [ [ -48.13985, -15.80661 ], [ -48.13762, -15.80597 ], [ -48.13931, -15.8084 ], [ -48.13985, -15.80661 ] ] ], [ [ [ -48.14265, -15.80673 ], [ -48.14034, -15.80475 ], [ -48.14245, -15.80736 ], [ -48.14265, -15.80673 ] ] ] ] } },
{ "type": "Feature", "properties": { "cluster": 567.0, "hvi": 0.121, "population": 1153, "setores": 2, "municipio": "Brasília" }, "geometry": { "type": "MultiPolygon", "coordinates": [ [ [ [ -48.11799, -15.84011 ], [ -48.1189, -15.84076 ], [ -48.12253, -15.83862 ], [ -48.11799, -15.84011 ] ] ], [ [ [ -48.1219, -15.83676 ], [ -48.12147, -15.83452 ], [ -48.11997, -15.83679 ], [ -48.1219, -15.83676 ] ] ] ] } },
{ "type": "Feature", "properties": { "cluster": 568.0, "hvi": 0.1369, "population": 2741, "setores": 3, "municipio": "Brasília" }, "geometry": { "type": "MultiPolygon", "coordinates": [ [ [ [ -48.16137, -15.79903 ], [ -48.16177, -15.801 ], [ -48.16254, -15.79844 ], [ -48.16137, -15.79903 ] ] ], [ [ [ -48.16389, -15.79398 ], [ -48.14344, -15.78805 ], [ -48.14163, -15.79396 ], [ -48.16254, -15.79844 ], [ -48.16197, -15.79641 ], [ -48.16306, -15.7967 ], [ -48.16389, -15.79398 ] ] ] ] } },
{ "type": "Feature", "properties": { "cluster": 569.0, "hvi": 0.1377, "population": 2789, "setores": 3, "municipio": "Brasília" }, "geometry": { "type": "MultiPolygon", "coordinates": [ [ [ [ -48.13315, -15.79466 ], [ -48.1337, -15.79322 ], [ -48.13159, -15.79286 ], [ -48.13315, -15.79466 ] ] ], [ [ [ -48.1332, -15.79304 ], [ -48.13515, -15.78945 ], [ -48.13309, -15.78868 ], [ -48.13195, -15.79162 ], [ -48.13333, -15.79174 ], [ -48.1332, -15.79304 ] ] ] ] } },
{ "type": "Feature", "properties": { "cluster": 570.0, "hvi": 0.1359, "population": 2592, "setores": 3, "municipio": "Brasília" }, "geometry": { "type": "MultiPolygon", "coordinates": [ [ [ [ -48.12379, -15.81959 ], [ -48.12399, -15.81909 ], [ -48.12178, -15.81831 ], [ -48.12379, -15.81959 ] ] ], [ [ [ -48.12399, -15.81909 ], [ -48.12467, -15.81733 ], [ -48.1229, -15.81755 ], [ -48.12399, -15.81909 ] ] ] ] } },
{ "type": "Feature", "properties": { "cluster": 571.0, "hvi": 0.1379, "population": 2913, "setores": 3, "municipio": "Brasília" }, "geometry": { "type": "MultiPolygon", "coordinates": [ [ [ [ -48.12194, -15.82695 ], [ -48.12383, -15.82845 ], [ -48.12499, -15.82582 ], [ -48.12692, -15.82657 ], [ -48.1281, -15.82555 ], [ -48.12591, -15.82373 ], [ -48.12194, -15.82695 ] ] ], [ [ [ -48.12269, -15.82256 ], [ -48.12114, -15.82631 ], [ -48.12415, -15.8231 ], [ -48.12269, -15.82256 ] ] ] ] } },
{ "type": "Feature", "properties": { "cluster": 572.0, "hvi": 0.1056, "population": 2677, "setores": 15, "municipio": "Brasília" }, "geometry": { "type": "MultiPolygon", "coordinates": [ [ [ [ -48.25902, -15.92806 ], [ -48.25914, -15.92934 ], [ -48.2642, -15.92846 ], [ -48.26819, -15.93318 ], [ -48.27623, -15.93141 ], [ -48.27692, -15.92398 ], [ -48.27005, -15.91945 ], [ -48.26931, -15.91306 ], [ -48.27709, -15.90752 ], [ -48.27416, -15.90345 ], [ -48.27593, -15.8968 ], [ -48.27286, -15.89555 ], [ -48.27642, -15.89247 ], [ -48.27165, -15.88371 ], [ -48.27564, -15.88028 ], [ -48.27741, -15.86749 ], [ -48.24795, -15.8666 ], [ -48.23965, -15.86199 ], [ -48.23119, -15.84979 ], [ -48.22836, -15.83859 ], [ -48.22951, -15.82326 ], [ -48.24197, -15.80431 ], [ -48.23391, -15.79878 ], [ -48.22804, -15.78772 ], [ -48.21164, -15.79111 ], [ -48.22403, -15.80935 ], [ -48.22025, -15.81073 ], [ -48.22154, -15.81721 ], [ -48.2143, -15.82393 ], [ -48.22112, -15.81514 ], [ -48.21999, -15.81013 ], [ -48.20713, -15.8139 ], [ -48.2122, -15.81966 ], [ -48.21343, -15.82284 ], [ -48.19988, -15.80598 ], [ -48.19607, -15.79576 ], [ -48.18857, -15.798 ], [ -48.19087, -15.81189 ], [ -48.18319, -15.82253 ], [ -48.19016, -15.83589 ], [ -48.1859, -15.84449 ], [ -48.17805, -15.84801 ], [ -48.17552, -15.85745 ], [ -48.1957, -15.84356 ], [ -48.19216, -15.84806 ], [ -48.17703, -15.85756 ], [ -48.17784, -15.86204 ], [ -48.18209, -15.86058 ], [ -48.18492, -15.8666 ], [ -48.19257, -15.87171 ], [ -48.20217, -15.89141 ], [ -48.22252, -15.90166 ], [ -48.21752, -15.91997 ], [ -48.22029, -15.9184 ], [ -48.2287, -15.92469 ], [ -48.24376, -15.92145 ], [ -48.24051, -15.93021 ], [ -48.24006, -15.92952 ], [ -48.23435, -15.93349 ], [ -48.23533, -15.93609 ], [ -48.24859, -15.94247 ], [ -48.24829, -15.94201 ], [ -48.25277, -15.94293 ], [ -48.25086, -15.9351 ], [ -48.25463, -15.93679 ], [ -48.25879, -15.9314 ], [ -48.25902, -15.92806 ] ], [ [ -48.22174, -15.83694 ], [ -48.22003, -15.83563 ], [ -48.22836, -15.83859 ], [ -48.22174, -15.83694 ] ], [ [ -48.21511, -15.84327 ], [ -48.21983, -15.84596 ], [ -48.21568, -15.84894 ], [ -48.21418, -15.8436 ], [ -48.21432, -15.84347 ], [ -48.22174, -15.83694 ], [ -48.21511, -15.84327 ] ], [ [ -48.20361, -15.86093 ], [ -48.20189, -15.8627 ], [ -48.18492, -15.8666 ], [ -48.20361, -15.86093 ] ], [ [ -48.21457, -15.85139 ], [ -48.21593, -15.84986 ], [ -48.21573, -15.84915 ], [ -48.21733, -15.85116 ], [ -48.21457, -15.85139 ] ], [ [ -48.25813, -15.91834 ], [ -48.25838, -15.921 ], [ -48.25375, -15.91692 ], [ -48.25813, -15.91834 ] ], [ [ -48.2449, -15.93243 ], [ -48.2427, -15.93192 ], [ -48.24535, -15.93755 ], [ -48.24075, -15.93057 ], [ -48.2449, -15.93243 ] ], [ [ -48.21931, -15.851 ], [ -48.22066, -15.84867 ], [ -48.22077, -15.85088 ], [ -48.21931, -15.851 ] ], [ [ -48.21784, -15.82833 ], [ -48.21719, -15.82752 ], [ -48.21915, -15.82953 ], [ -48.20101, -15.83992 ], [ -48.21784, -15.82833 ] ], [ [ -48.21927, -15.82964 ], [ -48.21926, -15.83504 ], [ -48.21873, -15.83463 ], [ -48.21927, -15.82964 ] ], [ [ -48.18992, -15.85454 ], [ -48.18994, -15.85458 ], [ -48.18541, -15.85731 ], [ -48.18992, -15.85454 ] ], [ [ -48.19791, -15.85227 ], [ -48.1981, -15.85831 ], [ -48.19607, -15.85093 ], [ -48.19791, -15.85227 ] ] ], [ [ [ -48.21432, -15.84347 ], [ -48.2166, -15.84698 ], [ -48.21983, -15.84596 ], [ -48.21432, -15.84347 ] ] ], [ [ [ -48.21999, -15.81013 ], [ -48.21601, -15.80097 ], [ -48.21401, -15.80867 ], [ -48.20584, -15.81245 ], [ -48.21999, -15.81013 ] ] ] ] } },
{ "type": "Feature", "properties": { "cluster": 573.0, "hvi": 0.1271, "population": 1933, "setores": 3, "municipio": "Brasília" }, "geometry": { "type": "MultiPolygon", "coordinates": [ [ [ [ -47.97426, -15.82171 ], [ -47.97707, -15.82276 ], [ -47.9776, -15.82158 ], [ -47.97535, -15.81961 ], [ -47.97426, -15.82171 ] ] ], [ [ [ -47.977, -15.81763 ], [ -47.97439, -15.81665 ], [ -47.97492, -15.81531 ], [ -47.97173, -15.81413 ], [ -47.97576, -15.81863 ], [ -47.977, -15.81763 ] ] ] ] } },
{ "type": "Feature", "properties": { "cluster": 574.0, "hvi": 0.1221, "population": 1100, "setores": 2, "municipio": "Brasília" }, "geometry": { "type": "MultiPolygon", "coordinates": [ [ [ [ -47.97789, -15.81325 ], [ -47.97827, -15.8123 ], [ -47.97568, -15.81133 ], [ -47.97789, -15.81325 ] ] ], [ [ [ -47.97467, -15.81386 ], [ -47.97608, -15.8102 ], [ -47.97501, -15.80977 ], [ -47.97216, -15.81283 ], [ -47.97467, -15.81386 ] ] ] ] } },
{ "type": "Feature", "properties": { "cluster": 575.0, "hvi": 0.1255, "population": 3114, "setores": 5, "municipio": "Brasília" }, "geometry": { "type": "MultiPolygon", "coordinates": [ [ [ [ -47.97905, -15.82004 ], [ -47.97933, -15.81932 ], [ -47.97535, -15.81961 ], [ -47.97905, -15.82004 ] ] ], [ [ [ -47.97933, -15.81932 ], [ -47.97996, -15.81776 ], [ -47.97673, -15.81835 ], [ -47.97933, -15.81932 ] ] ], [ [ [ -47.97353, -15.81773 ], [ -47.97185, -15.81561 ], [ -47.97184, -15.81898 ], [ -47.97524, -15.81988 ], [ -47.97415, -15.81851 ], [ -47.9754, -15.81818 ], [ -47.97353, -15.81773 ] ] ], [ [ [ -47.97731, -15.816 ], [ -47.97439, -15.81666 ], [ -47.977, -15.81763 ], [ -47.97731, -15.816 ] ] ] ] } },
{ "type": "Feature", "properties": { "cluster": 576.0, "hvi": 0.1244, "population": 2954, "setores": 5, "municipio": "Brasília" }, "geometry": { "type": "MultiPolygon", "coordinates": [ [ [ [ -47.98537, -15.81634 ], [ -47.98574, -15.81536 ], [ -47.98303, -15.81608 ], [ -47.98537, -15.81634 ] ] ], [ [ [ -47.98825, -15.8166 ], [ -47.98892, -15.8149 ], [ -47.98792, -15.81528 ], [ -47.98831, -15.81432 ], [ -47.98445, -15.81315 ], [ -47.98784, -15.81531 ], [ -47.98542, -15.81622 ], [ -47.98825, -15.8166 ] ] ], [ [ [ -47.98226, -15.81441 ], [ -47.98385, -15.81466 ], [ -47.98495, -15.81147 ], [ -47.98186, -15.81411 ], [ -47.98061, -15.81319 ], [ -47.98136, -15.81582 ], [ -47.98226, -15.81441 ] ] ] ] } },
{ "type": "Feature", "properties": { "cluster": 577.0, "hvi": 0.1223, "population": 2779, "setores": 5, "municipio": "Brasília" }, "geometry": { "type": "Polygon", "coordinates": [ [ [ -47.9797, -15.82231 ], [ -47.97964, -15.8207 ], [ -47.98053, -15.82171 ], [ -47.98435, -15.81865 ], [ -47.98537, -15.81634 ], [ -47.98288, -15.81572 ], [ -47.98303, -15.81465 ], [ -47.97948, -15.81519 ], [ -47.9793, -15.81419 ], [ -47.97709, -15.81737 ], [ -47.97995, -15.81776 ], [ -47.97937, -15.8204 ], [ -47.9777, -15.82132 ], [ -47.9797, -15.82231 ] ], [ [ -47.98223, -15.81767 ], [ -47.98284, -15.81608 ], [ -47.98404, -15.8185 ], [ -47.98223, -15.81767 ] ], [ [ -47.98033, -15.8168 ], [ -47.97995, -15.81775 ], [ -47.97951, -15.81532 ], [ -47.98193, -15.81753 ], [ -47.98033, -15.8168 ] ] ] } },
{ "type": "Feature", "properties": { "cluster": 578.0, "hvi": 0.1159, "population": 1342, "setores": 3, "municipio": "Brasília" }, "geometry": { "type": "MultiPolygon", "coordinates": [ [ [ [ -47.97707, -15.82276 ], [ -47.98009, -15.82409 ], [ -47.98125, -15.82155 ], [ -47.97707, -15.82276 ] ] ], [ [ [ -47.98312, -15.8231 ], [ -47.98386, -15.82221 ], [ -47.98108, -15.82235 ], [ -47.98312, -15.8231 ] ] ], [ [ [ -47.9776, -15.82158 ], [ -47.97819, -15.82001 ], [ -47.97625, -15.82107 ], [ -47.9776, -15.82158 ] ] ] ] } },
{ "type": "Feature", "properties": { "cluster": 579.0, "hvi": 0.1288, "population": 2630, "setores": 4, "municipio": "Brasília" }, "geometry": { "type": "MultiPolygon", "coordinates": [ [ [ [ -47.98726, -15.81175 ], [ -47.98925, -15.81148 ], [ -47.98665, -15.809 ], [ -47.98726, -15.81175 ] ] ], [ [ [ -47.98613, -15.80691 ], [ -47.9843, -15.80716 ], [ -47.9853, -15.80922 ], [ -47.98613, -15.80691 ] ] ], [ [ [ -47.98684, -15.80899 ], [ -47.98984, -15.80855 ], [ -47.9878, -15.80668 ], [ -47.98684, -15.80899 ] ] ] ] } },
{ "type": "Feature", "properties": { "cluster": 580.0, "hvi": 0.1204, "population": 2573, "setores": 5, "municipio": "Brasília" }, "geometry": { "type": "MultiPolygon", "coordinates": [ [ [ [ -47.98831, -15.81432 ], [ -47.98925, -15.81148 ], [ -47.98726, -15.81175 ], [ -47.98691, -15.80937 ], [ -47.98482, -15.81208 ], [ -47.98445, -15.81315 ], [ -47.98831, -15.81432 ] ] ], [ [ [ -47.99093, -15.81385 ], [ -47.99223, -15.81107 ], [ -47.98925, -15.81148 ], [ -47.99093, -15.81385 ] ] ], [ [ [ -47.98993, -15.80893 ], [ -47.99023, -15.81134 ], [ -47.99223, -15.81107 ], [ -47.99287, -15.81098 ], [ -47.98993, -15.80893 ] ] ], [ [ [ -47.9852, -15.80851 ], [ -47.98534, -15.80962 ], [ -47.9867, -15.80941 ], [ -47.9852, -15.80851 ] ] ] ] } },
{ "type": "Feature", "properties": { "cluster": 581.0, "hvi": 0.1194, "population": 2554, "setores": 5, "municipio": "Brasília" }, "geometry": { "type": "MultiPolygon", "coordinates": [ [ [ [ -47.99249, -15.81333 ], [ -47.99072, -15.81437 ], [ -47.991, -15.81368 ], [ -47.98919, -15.81211 ], [ -47.99029, -15.81406 ], [ -47.98818, -15.81463 ], [ -47.99258, -15.81625 ], [ -47.99236, -15.82053 ], [ -47.99499, -15.82123 ], [ -47.9985, -15.81657 ], [ -47.99267, -15.81461 ], [ -47.99249, -15.81333 ] ] ], [ [ [ -47.9958, -15.81123 ], [ -47.99223, -15.81107 ], [ -47.99267, -15.81458 ], [ -47.99366, -15.8149 ], [ -47.9958, -15.81123 ] ] ] ] } },
{ "type": "Feature", "properties": { "cluster": 582.0, "hvi": 0.1197, "population": 2550, "setores": 5, "municipio": "Brasília" }, "geometry": { "type": "MultiPolygon", "coordinates": [ [ [ [ -47.99026, -15.82121 ], [ -47.99088, -15.81967 ], [ -47.98728, -15.81985 ], [ -47.99026, -15.82121 ] ] ], [ [ [ -47.98224, -15.81988 ], [ -47.98484, -15.82194 ], [ -47.98649, -15.81883 ], [ -47.98336, -15.81884 ], [ -47.98224, -15.81988 ] ] ], [ [ [ -47.98649, -15.81883 ], [ -47.98659, -15.81776 ], [ -47.98763, -15.81815 ], [ -47.98825, -15.8166 ], [ -47.98662, -15.81748 ], [ -47.9867, -15.81666 ], [ -47.98405, -15.81852 ], [ -47.98649, -15.81883 ] ] ], [ [ [ -47.98909, -15.81671 ], [ -47.98921, -15.81791 ], [ -47.99038, -15.8166 ], [ -47.98909, -15.81671 ] ] ] ] } },
{ "type": "Feature", "properties": { "cluster": 583.0, "hvi": 0.1151, "population": 2543, "setores": 6, "municipio": "Brasília" }, "geometry": { "type": "MultiPolygon", "coordinates": [ [ [ [ -47.98972, -15.82102 ], [ -47.99153, -15.82337 ], [ -47.99197, -15.82184 ], [ -47.99274, -15.81913 ], [ -47.99026, -15.82121 ], [ -47.98972, -15.82102 ] ] ], [ [ [ -47.99078, -15.8185 ], [ -47.99053, -15.81841 ], [ -47.98866, -15.81771 ], [ -47.98854, -15.81939 ], [ -47.99078, -15.8185 ] ] ], [ [ [ -47.99291, -15.81636 ], [ -47.99053, -15.81841 ], [ -47.99274, -15.81913 ], [ -47.99291, -15.81636 ] ] ], [ [ [ -47.99053, -15.81841 ], [ -47.99115, -15.81685 ], [ -47.98959, -15.81691 ], [ -47.99053, -15.81841 ] ] ], [ [ [ -47.98909, -15.81671 ], [ -47.99073, -15.81649 ], [ -47.98892, -15.8149 ], [ -47.98909, -15.81671 ] ] ] ] } },
{ "type": "Feature", "properties": { "cluster": 584.0, "hvi": 0.1147, "population": 2989, "setores": 7, "municipio": "Brasília" }, "geometry": { "type": "MultiPolygon", "coordinates": [ [ [ [ -47.99095, -15.82546 ], [ -47.98842, -15.82344 ], [ -47.98712, -15.82584 ], [ -47.98857, -15.82591 ], [ -47.98846, -15.82402 ], [ -47.99061, -15.8266 ], [ -47.99095, -15.82546 ] ] ], [ [ [ -47.99153, -15.82337 ], [ -47.98892, -15.82362 ], [ -47.99123, -15.82447 ], [ -47.99153, -15.82337 ] ] ], [ [ [ -47.98772, -15.82221 ], [ -47.98578, -15.82327 ], [ -47.98711, -15.82377 ], [ -47.98772, -15.82221 ] ] ], [ [ [ -47.98617, -15.82226 ], [ -47.9845, -15.82279 ], [ -47.98578, -15.82327 ], [ -47.98617, -15.82226 ] ] ], [ [ [ -47.98972, -15.82102 ], [ -47.98827, -15.82222 ], [ -47.98965, -15.82273 ], [ -47.98972, -15.82102 ] ] ], [ [ [ -47.98728, -15.81985 ], [ -47.98531, -15.82073 ], [ -47.98772, -15.82221 ], [ -47.98839, -15.82051 ], [ -47.98728, -15.81985 ] ] ] ] } },
{ "type": "Feature", "properties": { "cluster": 585.0, "hvi": 0.1308, "population": 2998, "setores": 4, "municipio": "Brasília" }, "geometry": { "type": "MultiPolygon", "coordinates": [ [ [ [ -47.99351, -15.83287 ], [ -47.9942, -15.82739 ], [ -47.99535, -15.82764 ], [ -48.00046, -15.81973 ], [ -47.99776, -15.81775 ], [ -47.99498, -15.82123 ], [ -47.99236, -15.82053 ], [ -47.98963, -15.83016 ], [ -47.99351, -15.83287 ] ] ], [ [ [ -47.99095, -15.82546 ], [ -47.99123, -15.82447 ], [ -47.98849, -15.82462 ], [ -47.99095, -15.82546 ] ] ], [ [ [ -47.98945, -15.82327 ], [ -47.98965, -15.82273 ], [ -47.98739, -15.82305 ], [ -47.98945, -15.82327 ] ] ] ] } },
{ "type": "Feature", "properties": { "cluster": 586.0, "hvi": 0.1406, "population": 941, "setores": 1, "municipio": "Brasília" }, "geometry": { "type": "Polygon", "coordinates": [ [ [ -47.98523, -15.82307 ], [ -47.98648, -15.82532 ], [ -47.98785, -15.82404 ], [ -47.98523, -15.82307 ] ] ] } },
{ "type": "Feature", "properties": { "cluster": 587.0, "hvi": 0.1187, "population": 2403, "setores": 5, "municipio": "Brasília" }, "geometry": { "type": "MultiPolygon", "coordinates": [ [ [ [ -47.98198, -15.83017 ], [ -47.98411, -15.82581 ], [ -47.98167, -15.82912 ], [ -47.98198, -15.83017 ] ] ], [ [ [ -47.98069, -15.82878 ], [ -47.9811, -15.82941 ], [ -47.98167, -15.82912 ], [ -47.98069, -15.82878 ] ] ], [ [ [ -47.98989, -15.82912 ], [ -47.99061, -15.8266 ], [ -47.98671, -15.82695 ], [ -47.98989, -15.82912 ] ] ], [ [ [ -47.98462, -15.82463 ], [ -47.98671, -15.82695 ], [ -47.98746, -15.82501 ], [ -47.98462, -15.82463 ] ] ] ] } },
{ "type": "Feature", "properties": { "cluster": 588.0, "hvi": 0.1195, "population": 1515, "setores": 3, "municipio": "Brasília" }, "geometry": { "type": "MultiPolygon", "coordinates": [ [ [ [ -47.9892, -15.83166 ], [ -47.98997, -15.82854 ], [ -47.98671, -15.82695 ], [ -47.9892, -15.83166 ] ] ], [ [ [ -47.98671, -15.82695 ], [ -47.98545, -15.82641 ], [ -47.98314, -15.82988 ], [ -47.98483, -15.82978 ], [ -47.98733, -15.8313 ], [ -47.98671, -15.82695 ] ] ] ] } },
{ "type": "Feature", "properties": { "cluster": 589.0, "hvi": 0.1081, "population": 601, "setores": 2, "municipio": "Brasília" }, "geometry": { "type": "MultiPolygon", "coordinates": [ [ [ [ -47.98179, -15.83073 ], [ -47.98198, -15.83017 ], [ -47.98136, -15.82997 ], [ -47.98179, -15.83073 ] ] ], [ [ [ -47.98117, -15.83052 ], [ -47.98136, -15.82997 ], [ -47.98041, -15.82966 ], [ -47.98117, -15.83052 ] ] ] ] } },
{ "type": "Feature", "properties": { "cluster": 590.0, "hvi": 0.1206, "population": 2122, "setores": 4, "municipio": "Brasília" }, "geometry": { "type": "MultiPolygon", "coordinates": [ [ [ [ -47.98181, -15.82646 ], [ -47.98087, -15.82606 ], [ -47.98167, -15.82912 ], [ -47.98181, -15.82646 ] ] ], [ [ [ -47.98304, -15.82538 ], [ -47.98195, -15.82642 ], [ -47.98182, -15.82871 ], [ -47.98304, -15.82538 ] ] ], [ [ [ -47.98523, -15.82307 ], [ -47.98437, -15.82292 ], [ -47.98393, -15.82051 ], [ -47.98198, -15.82156 ], [ -47.98412, -15.82288 ], [ -47.98108, -15.82235 ], [ -47.98411, -15.82581 ], [ -47.98523, -15.82307 ] ] ] ] } },
{ "type": "Feature", "properties": { "cluster": 591.0, "hvi": 0.1217, "population": 3147, "setores": 6, "municipio": "Brasília" }, "geometry": { "type": "MultiPolygon", "coordinates": [ [ [ [ -47.97982, -15.83127 ], [ -47.9811, -15.82941 ], [ -47.97861, -15.83087 ], [ -47.97982, -15.83127 ] ] ], [ [ [ -47.97866, -15.82762 ], [ -47.98117, -15.82669 ], [ -47.98139, -15.82856 ], [ -47.98275, -15.82528 ], [ -47.97818, -15.82326 ], [ -47.97627, -15.82683 ], [ -47.97851, -15.82757 ], [ -47.97794, -15.82739 ], [ -47.97861, -15.83087 ], [ -47.97866, -15.82762 ] ] ], [ [ [ -47.97492, -15.82698 ], [ -47.97818, -15.82326 ], [ -47.97253, -15.82089 ], [ -47.97, -15.82719 ], [ -47.97208, -15.8306 ], [ -47.97707, -15.82987 ], [ -47.97794, -15.82739 ], [ -47.97492, -15.82698 ] ] ] ] } },
{ "type": "Feature", "properties": { "cluster": 592.0, "hvi": 0.1286, "population": 2678, "setores": 4, "municipio": "Brasília" }, "geometry": { "type": "MultiPolygon", "coordinates": [ [ [ [ -47.98345, -15.83454 ], [ -47.98408, -15.8327 ], [ -47.98102, -15.83371 ], [ -47.98345, -15.83454 ] ] ], [ [ [ -47.98733, -15.8313 ], [ -47.98467, -15.83038 ], [ -47.98691, -15.83363 ], [ -47.98733, -15.8313 ] ] ], [ [ [ -47.97973, -15.83232 ], [ -47.984, -15.83219 ], [ -47.9802, -15.8302 ], [ -47.97973, -15.83232 ] ] ], [ [ [ -47.98819, -15.83046 ], [ -47.9875, -15.83035 ], [ -47.98801, -15.83145 ], [ -47.98819, -15.83046 ] ] ] ] } },
{ "type": "Feature", "properties": { "cluster": 593.0, "hvi": 0.1243, "population": 2912, "setores": 5, "municipio": "Brasília" }, "geometry": { "type": "MultiPolygon", "coordinates": [ [ [ [ -47.97731, -15.83526 ], [ -47.97485, -15.83444 ], [ -47.97623, -15.83743 ], [ -47.97731, -15.83526 ] ] ], [ [ [ -47.97978, -15.83443 ], [ -47.97747, -15.83319 ], [ -47.97837, -15.83608 ], [ -47.97978, -15.83443 ] ] ], [ [ [ -47.97683, -15.83508 ], [ -47.97747, -15.83319 ], [ -47.97485, -15.83444 ], [ -47.97683, -15.83508 ] ] ], [ [ [ -47.97716, -15.83038 ], [ -47.97922, -15.83374 ], [ -47.98005, -15.83135 ], [ -47.97716, -15.83038 ] ] ], [ [ [ -47.9773, -15.82995 ], [ -47.97427, -15.82894 ], [ -47.97472, -15.83238 ], [ -47.97648, -15.83223 ], [ -47.9773, -15.82995 ] ] ] ] } },
{ "type": "Feature", "properties": { "cluster": 594.0, "hvi": 0.1132, "population": 1096, "setores": 3, "municipio": "Brasília" }, "geometry": { "type": "MultiPolygon", "coordinates": [ [ [ [ -47.979, -15.83661 ], [ -47.97934, -15.83673 ], [ -47.98043, -15.83358 ], [ -47.979, -15.83661 ] ] ], [ [ [ -47.97978, -15.83443 ], [ -47.98009, -15.83354 ], [ -47.97907, -15.83418 ], [ -47.97978, -15.83443 ] ] ], [ [ [ -47.98045, -15.83257 ], [ -47.97973, -15.83232 ], [ -47.98009, -15.83354 ], [ -47.98045, -15.83257 ] ] ] ] } },
{ "type": "Feature", "properties": { "cluster": 595.0, "hvi": 0.1221, "population": 2693, "setores": 5, "municipio": "Brasília" }, "geometry": { "type": "MultiPolygon", "coordinates": [ [ [ [ -47.97938, -15.83841 ], [ -47.98055, -15.84183 ], [ -47.98198, -15.83936 ], [ -47.97938, -15.83841 ] ] ], [ [ [ -47.9816, -15.83668 ], [ -47.98295, -15.83972 ], [ -47.98363, -15.83785 ], [ -47.9816, -15.83668 ] ] ], [ [ [ -47.98373, -15.83528 ], [ -47.98495, -15.83828 ], [ -47.98599, -15.83607 ], [ -47.98373, -15.83528 ] ] ], [ [ [ -47.9816, -15.83668 ], [ -47.98184, -15.83676 ], [ -47.98268, -15.83429 ], [ -47.98012, -15.83346 ], [ -47.97959, -15.83681 ], [ -47.97985, -15.8361 ], [ -47.9816, -15.83668 ] ] ] ] } },
{ "type": "Feature", "properties": { "cluster": 596.0, "hvi": 0.1293, "population": 2666, "setores": 4, "municipio": "Brasília" }, "geometry": { "type": "MultiPolygon", "coordinates": [ [ [ [ -47.98077, -15.83895 ], [ -47.9816, -15.83668 ], [ -47.97938, -15.83841 ], [ -47.98077, -15.83895 ] ] ], [ [ [ -47.9797, -15.83746 ], [ -47.97881, -15.83717 ], [ -47.97911, -15.83632 ], [ -47.9769, -15.8356 ], [ -47.97854, -15.83791 ], [ -47.97881, -15.83718 ], [ -47.97938, -15.83829 ], [ -47.9797, -15.83746 ] ] ], [ [ [ -47.9796, -15.83494 ], [ -47.97862, -15.83461 ], [ -47.97911, -15.83632 ], [ -47.9796, -15.83494 ] ] ] ] } },
{ "type": "Feature", "properties": { "cluster": 597.0, "hvi": 0.1224, "population": 1610, "setores": 3, "municipio": "Brasília" }, "geometry": { "type": "MultiPolygon", "coordinates": [ [ [ [ -47.96892, -15.83913 ], [ -47.97145, -15.83994 ], [ -47.9717, -15.83796 ], [ -47.96892, -15.83913 ] ] ], [ [ [ -47.97395, -15.83575 ], [ -47.97494, -15.83384 ], [ -47.97305, -15.82998 ], [ -47.9673, -15.83287 ], [ -47.96634, -15.83644 ], [ -47.97216, -15.83801 ], [ -47.97277, -15.8371 ], [ -47.97395, -15.83972 ], [ -47.97395, -15.83575 ] ] ] ] } },
{ "type": "Feature", "properties": { "cluster": 598.0, "hvi": 0.132, "population": 2886, "setores": 4, "municipio": "Brasília" }, "geometry": { "type": "MultiPolygon", "coordinates": [ [ [ [ -47.97578, -15.8445 ], [ -47.97832, -15.84362 ], [ -47.97545, -15.84148 ], [ -47.97578, -15.8445 ] ] ], [ [ [ -47.98033, -15.84165 ], [ -47.97839, -15.83964 ], [ -47.97881, -15.843 ], [ -47.98033, -15.84165 ] ] ], [ [ [ -47.97394, -15.84163 ], [ -47.97545, -15.84148 ], [ -47.97397, -15.84099 ], [ -47.97394, -15.84163 ] ] ], [ [ [ -47.97578, -15.84072 ], [ -47.97544, -15.83978 ], [ -47.97462, -15.84098 ], [ -47.97578, -15.84072 ] ] ] ] } },
{ "type": "Feature", "properties": { "cluster": 599.0, "hvi": 0.1152, "population": 2727, "setores": 7, "municipio": "Brasília" }, "geometry": { "type": "MultiPolygon", "coordinates": [ [ [ [ -47.97394, -15.84163 ], [ -47.97462, -15.84098 ], [ -47.97365, -15.83999 ], [ -47.97355, -15.84094 ], [ -47.97288, -15.84087 ], [ -47.97394, -15.84163 ] ] ], [ [ [ -47.97645, -15.84116 ], [ -47.97532, -15.84085 ], [ -47.97545, -15.84148 ], [ -47.97645, -15.84116 ] ] ], [ [ [ -47.97697, -15.84007 ], [ -47.97645, -15.84116 ], [ -47.97736, -15.84061 ], [ -47.97697, -15.84007 ] ] ], [ [ [ -47.97145, -15.83994 ], [ -47.97395, -15.83972 ], [ -47.97152, -15.83944 ], [ -47.97145, -15.83994 ] ] ], [ [ [ -47.97942, -15.83831 ], [ -47.97769, -15.83944 ], [ -47.97822, -15.83985 ], [ -47.97942, -15.83831 ] ] ], [ [ [ -47.97854, -15.83791 ], [ -47.97435, -15.83678 ], [ -47.97578, -15.84072 ], [ -47.97854, -15.83791 ] ] ] ] } },
{ "type": "Feature", "properties": { "cluster": 600.0, "hvi": 0.1246, "population": 2386, "setores": 4, "municipio": "Brasília" }, "geometry": { "type": "MultiPolygon", "coordinates": [ [ [ [ -47.97623, -15.84678 ], [ -47.97572, -15.84424 ], [ -47.97337, -15.84652 ], [ -47.97623, -15.84678 ] ] ], [ [ [ -47.9797, -15.84581 ], [ -47.97832, -15.84362 ], [ -47.97623, -15.84678 ], [ -47.9797, -15.84581 ] ] ], [ [ [ -47.98228, -15.84325 ], [ -47.98033, -15.84165 ], [ -47.9797, -15.84581 ], [ -47.98228, -15.84325 ] ] ], [ [ [ -47.97339, -15.84433 ], [ -47.97572, -15.84424 ], [ -47.9737, -15.84161 ], [ -47.97339, -15.84433 ] ] ] ] } },
{ "type": "Feature", "properties": { "cluster": 601.0, "hvi": 0.1249, "population": 2959, "setores": 5, "municipio": "Brasília" }, "geometry": { "type": "Polygon", "coordinates": [ [ [ -47.97251, -15.84746 ], [ -47.97099, -15.84355 ], [ -47.96965, -15.84301 ], [ -47.97203, -15.84187 ], [ -47.97341, -15.84407 ], [ -47.9737, -15.84161 ], [ -47.96957, -15.84136 ], [ -47.97066, -15.84048 ], [ -47.96997, -15.83579 ], [ -47.96469, -15.83977 ], [ -47.9664, -15.8439 ], [ -47.96925, -15.84161 ], [ -47.96911, -15.8428 ], [ -47.96838, -15.8425 ], [ -47.96794, -15.84698 ], [ -47.97251, -15.84746 ] ] ] } },
{ "type": "Feature", "properties": { "cluster": 602.0, "hvi": 0.132, "population": 1515, "setores": 2, "municipio": "Brasília" }, "geometry": { "type": "MultiPolygon", "coordinates": [ [ [ [ -47.97221, -15.84825 ], [ -47.97508, -15.84836 ], [ -47.97417, -15.84664 ], [ -47.97221, -15.84825 ] ] ], [ [ [ -47.97337, -15.84652 ], [ -47.97341, -15.84407 ], [ -47.97096, -15.84379 ], [ -47.97337, -15.84652 ] ] ] ] } },
{ "type": "Feature", "properties": { "cluster": 603.0, "hvi": 0.1151, "population": 2635, "setores": 6, "municipio": "Brasília" }, "geometry": { "type": "MultiPolygon", "coordinates": [ [ [ [ -47.96805, -15.84961 ], [ -47.96579, -15.84813 ], [ -47.96713, -15.84784 ], [ -47.96543, -15.84679 ], [ -47.96439, -15.84863 ], [ -47.96591, -15.84857 ], [ -47.96594, -15.8497 ], [ -47.96805, -15.84961 ] ] ], [ [ [ -47.96965, -15.84894 ], [ -47.97049, -15.84936 ], [ -47.97001, -15.84723 ], [ -47.96798, -15.8481 ], [ -47.96902, -15.84863 ], [ -47.96805, -15.84961 ], [ -47.96968, -15.84953 ], [ -47.96965, -15.84894 ] ] ], [ [ [ -47.96791, -15.84625 ], [ -47.96713, -15.84784 ], [ -47.96797, -15.8478 ], [ -47.96791, -15.84625 ] ] ] ] } },
{ "type": "Feature", "properties": { "cluster": 604.0, "hvi": 0.1133, "population": 754, "setores": 2, "municipio": "Brasília" }, "geometry": { "type": "MultiPolygon", "coordinates": [ [ [ [ -47.9642, -15.84368 ], [ -47.96791, -15.84625 ], [ -47.96834, -15.84274 ], [ -47.9642, -15.84368 ] ] ], [ [ [ -47.96914, -15.84259 ], [ -47.96923, -15.84183 ], [ -47.96651, -15.84151 ], [ -47.96914, -15.84259 ] ] ] ] } },
{ "type": "Feature", "properties": { "cluster": 605.0, "hvi": 0.1212, "population": 1137, "setores": 2, "municipio": "Brasília" }, "geometry": { "type": "MultiPolygon", "coordinates": [ [ [ [ -47.97282, -15.855 ], [ -47.97263, -15.85311 ], [ -47.967, -15.85361 ], [ -47.97282, -15.855 ] ] ], [ [ [ -47.96116, -15.85212 ], [ -47.96195, -15.85209 ], [ -47.96256, -15.84897 ], [ -47.96116, -15.85212 ] ] ] ] } },
{ "type": "Feature", "properties": { "cluster": 606.0, "hvi": 0.1201, "population": 3179, "setores": 6, "municipio": "Brasília" }, "geometry": { "type": "MultiPolygon", "coordinates": [ [ [ [ -47.96552, -15.85204 ], [ -47.96288, -15.851 ], [ -47.96165, -15.85375 ], [ -47.96617, -15.85371 ], [ -47.96468, -15.85246 ], [ -47.96552, -15.85204 ] ] ], [ [ [ -47.96491, -15.85091 ], [ -47.96485, -15.84977 ], [ -47.96422, -15.84744 ], [ -47.96374, -15.84925 ], [ -47.96254, -15.84869 ], [ -47.96288, -15.851 ], [ -47.96491, -15.85091 ] ] ], [ [ [ -47.96084, -15.84825 ], [ -47.96256, -15.84897 ], [ -47.96247, -15.84821 ], [ -47.96084, -15.84825 ] ] ] ] } },
{ "type": "Feature", "properties": { "cluster": 607.0, "hvi": 0.1405, "population": 1921, "setores": 2, "municipio": "Brasília" }, "geometry": { "type": "Polygon", "coordinates": [ [ [ -47.98967, -15.8442 ], [ -47.9995, -15.84734 ], [ -48.00367, -15.83801 ], [ -47.98963, -15.83016 ], [ -47.98726, -15.83835 ], [ -47.99132, -15.83934 ], [ -47.98967, -15.8442 ] ] ] } },
{ "type": "Feature", "properties": { "cluster": 608.0, "hvi": 0.1228, "population": 2921, "setores": 6, "municipio": "Brasília" }, "geometry": { "type": "MultiPolygon", "coordinates": [ [ [ [ -47.97505, -15.85181 ], [ -47.97582, -15.85281 ], [ -47.97658, -15.85218 ], [ -47.97505, -15.85181 ] ] ], [ [ [ -47.97506, -15.85037 ], [ -47.97269, -15.85024 ], [ -47.97349, -15.85204 ], [ -47.9648, -15.84862 ], [ -47.96617, -15.85371 ], [ -47.97503, -15.8533 ], [ -47.97505, -15.85181 ], [ -47.97506, -15.85037 ] ] ], [ [ [ -47.97269, -15.85024 ], [ -47.97255, -15.84961 ], [ -47.97075, -15.85059 ], [ -47.97276, -15.85051 ], [ -47.97269, -15.85024 ] ] ], [ [ [ -47.97081, -15.84856 ], [ -47.97087, -15.84966 ], [ -47.97508, -15.84874 ], [ -47.97081, -15.84856 ] ] ], [ [ [ -47.97221, -15.84825 ], [ -47.97204, -15.84747 ], [ -47.97001, -15.84723 ], [ -47.97221, -15.84825 ] ] ] ] } },
{ "type": "Feature", "properties": { "cluster": 609.0, "hvi": 0.1078, "population": 1417, "setores": 5, "municipio": "Brasília" }, "geometry": { "type": "MultiPolygon", "coordinates": [ [ [ [ -47.98911, -15.80865 ], [ -47.98925, -15.81148 ], [ -47.99023, -15.81134 ], [ -47.98911, -15.80865 ] ] ], [ [ [ -47.99005, -15.80891 ], [ -47.99134, -15.80767 ], [ -47.99243, -15.80859 ], [ -47.99222, -15.80683 ], [ -47.99052, -15.80697 ], [ -47.99108, -15.80745 ], [ -47.98978, -15.80815 ], [ -47.99005, -15.80891 ] ] ], [ [ [ -48.00099, -15.79998 ], [ -47.99726, -15.78623 ], [ -47.98977, -15.78728 ], [ -47.99287, -15.81098 ], [ -48.00001, -15.81276 ], [ -48.00099, -15.79998 ] ] ] ] } },
{ "type": "Feature", "properties": { "cluster": 610.0, "hvi": 0.1131, "population": 2643, "setores": 7, "municipio": "Brasília" }, "geometry": { "type": "MultiPolygon", "coordinates": [ [ [ [ -47.97798, -15.81509 ], [ -47.97647, -15.81453 ], [ -47.97749, -15.81636 ], [ -47.97798, -15.81509 ] ] ], [ [ [ -47.97647, -15.81453 ], [ -47.97477, -15.81569 ], [ -47.97554, -15.81595 ], [ -47.97647, -15.81453 ] ] ], [ [ [ -47.97216, -15.81283 ], [ -47.97492, -15.81531 ], [ -47.97539, -15.81413 ], [ -47.97216, -15.81283 ] ] ], [ [ [ -47.97752, -15.8142 ], [ -47.9793, -15.81419 ], [ -47.97932, -15.81265 ], [ -47.98005, -15.8146 ], [ -47.98284, -15.81164 ], [ -47.97851, -15.8105 ], [ -47.97883, -15.81133 ], [ -47.97629, -15.80963 ], [ -47.9772, -15.81301 ], [ -47.97548, -15.8118 ], [ -47.97594, -15.81433 ], [ -47.97614, -15.81279 ], [ -47.97727, -15.81482 ], [ -47.97752, -15.8142 ] ] ] ] } },
{ "type": "Feature", "properties": { "cluster": 611.0, "hvi": 0.1427, "population": 964, "setores": 1, "municipio": "Brasília" }, "geometry": { "type": "Polygon", "coordinates": [ [ [ -47.98495, -15.83828 ], [ -47.98418, -15.84015 ], [ -47.98659, -15.83818 ], [ -47.98495, -15.83828 ] ] ] } },
{ "type": "Feature", "properties": { "cluster": 612.0, "hvi": 0.1248, "population": 2422, "setores": 4, "municipio": "Brasília" }, "geometry": { "type": "MultiPolygon", "coordinates": [ [ [ [ -47.98767, -15.84762 ], [ -47.99166, -15.83943 ], [ -47.98726, -15.83835 ], [ -47.98578, -15.84444 ], [ -47.98767, -15.84762 ] ] ], [ [ [ -47.98635, -15.84152 ], [ -47.98565, -15.84123 ], [ -47.98578, -15.84444 ], [ -47.98635, -15.84152 ] ] ], [ [ [ -47.98433, -15.84373 ], [ -47.98565, -15.84123 ], [ -47.98379, -15.84347 ], [ -47.98433, -15.84373 ] ] ], [ [ [ -47.98635, -15.84152 ], [ -47.98726, -15.83835 ], [ -47.98517, -15.84087 ], [ -47.98635, -15.84152 ] ] ] ] } },
{ "type": "Feature", "properties": { "cluster": 613.0, "hvi": 0.119, "population": 2577, "setores": 5, "municipio": "Brasília" }, "geometry": { "type": "MultiPolygon", "coordinates": [ [ [ [ -47.9774, -15.84883 ], [ -47.97996, -15.84785 ], [ -47.97803, -15.84806 ], [ -47.97833, -15.84796 ], [ -47.97417, -15.84664 ], [ -47.97508, -15.84909 ], [ -47.97732, -15.84831 ], [ -47.9774, -15.84883 ] ] ], [ [ [ -47.98412, -15.85067 ], [ -47.98644, -15.84752 ], [ -47.98334, -15.8455 ], [ -47.97966, -15.84813 ], [ -47.98412, -15.85067 ] ] ], [ [ [ -47.97878, -15.84623 ], [ -47.97833, -15.84796 ], [ -47.9795, -15.84731 ], [ -47.97878, -15.84623 ] ] ], [ [ [ -47.9797, -15.84581 ], [ -47.97996, -15.84785 ], [ -47.98073, -15.8471 ], [ -47.9797, -15.84581 ] ] ] ] } },
{ "type": "Feature", "properties": { "cluster": 614.0, "hvi": 0.133, "population": 2286, "setores": 3, "municipio": "Brasília" }, "geometry": { "type": "MultiPolygon", "coordinates": [ [ [ [ -47.97698, -15.85011 ], [ -47.97742, -15.85144 ], [ -47.97899, -15.84997 ], [ -47.97698, -15.85011 ] ] ], [ [ [ -47.98238, -15.84996 ], [ -47.97995, -15.84854 ], [ -47.98101, -15.85156 ], [ -47.98238, -15.84996 ] ] ], [ [ [ -47.97995, -15.84854 ], [ -47.97966, -15.84813 ], [ -47.97752, -15.84963 ], [ -47.97995, -15.84854 ] ] ] ] } },
{ "type": "Feature", "properties": { "cluster": 615.0, "hvi": 0.1214, "population": 2740, "setores": 5, "municipio": "Brasília" }, "geometry": { "type": "MultiPolygon", "coordinates": [ [ [ [ -47.98222, -15.84631 ], [ -47.98134, -15.84437 ], [ -47.98073, -15.8471 ], [ -47.98222, -15.84631 ] ] ], [ [ [ -47.98345, -15.84541 ], [ -47.98535, -15.8454 ], [ -47.98468, -15.8447 ], [ -47.98601, -15.84504 ], [ -47.98327, -15.84322 ], [ -47.98344, -15.84522 ], [ -47.98222, -15.84631 ], [ -47.98345, -15.84541 ] ] ], [ [ [ -47.982, -15.84578 ], [ -47.98309, -15.84486 ], [ -47.98134, -15.84437 ], [ -47.982, -15.84578 ] ] ] ] } },
{ "type": "Feature", "properties": { "cluster": 616.0, "hvi": 0.128, "population": 2674, "setores": 4, "municipio": "Brasília" }, "geometry": { "type": "MultiPolygon", "coordinates": [ [ [ [ -47.98407, -15.84294 ], [ -47.98448, -15.84217 ], [ -47.98281, -15.84229 ], [ -47.98407, -15.84294 ] ] ], [ [ [ -47.98399, -15.84007 ], [ -47.98198, -15.83936 ], [ -47.98228, -15.84325 ], [ -47.98399, -15.84007 ] ] ], [ [ [ -47.98452, -15.84056 ], [ -47.98389, -15.84026 ], [ -47.98408, -15.84141 ], [ -47.98452, -15.84056 ] ] ], [ [ [ -47.9856, -15.83858 ], [ -47.98516, -15.83838 ], [ -47.98558, -15.8401 ], [ -47.9856, -15.83858 ] ] ] ] } },
{ "type": "Feature", "properties": { "cluster": 617.0, "hvi": 0.1402, "population": 2689, "setores": 3, "municipio": "Brasília" }, "geometry": { "type": "MultiPolygon", "coordinates": [ [ [ [ -47.98368, -15.8422 ], [ -47.98448, -15.84217 ], [ -47.98517, -15.84087 ], [ -47.98386, -15.84184 ], [ -47.98345, -15.8411 ], [ -47.98368, -15.8422 ] ] ], [ [ [ -47.98558, -15.8401 ], [ -47.98491, -15.83977 ], [ -47.98517, -15.84087 ], [ -47.98558, -15.8401 ] ] ] ] } },
{ "type": "Feature", "properties": { "cluster": 618.0, "hvi": 0.1302, "population": 738, "setores": 1, "municipio": "Brasília" }, "geometry": { "type": "Polygon", "coordinates": [ [ [ -47.98281, -15.84229 ], [ -47.98379, -15.84347 ], [ -47.98407, -15.84294 ], [ -47.98281, -15.84229 ] ] ] } },
{ "type": "Feature", "properties": { "cluster": 619.0, "hvi": 0.1423, "population": 946, "setores": 1, "municipio": "Brasília" }, "geometry": { "type": "Polygon", "coordinates": [ [ [ -47.97587, -15.83963 ], [ -47.97736, -15.83976 ], [ -47.97801, -15.839 ], [ -47.97587, -15.83963 ] ] ] } },
{ "type": "Feature", "properties": { "cluster": 620.0, "hvi": 0.1168, "population": 2984, "setores": 7, "municipio": "Brasília" }, "geometry": { "type": "MultiPolygon", "coordinates": [ [ [ [ -47.98436, -15.83484 ], [ -47.98268, -15.83429 ], [ -47.9829, -15.8376 ], [ -47.98436, -15.83484 ] ] ], [ [ [ -47.98579, -15.83326 ], [ -47.98726, -15.83835 ], [ -47.9886, -15.8337 ], [ -47.98579, -15.83326 ] ] ], [ [ [ -47.98408, -15.8327 ], [ -47.98492, -15.83569 ], [ -47.98579, -15.83326 ], [ -47.98408, -15.8327 ] ] ], [ [ [ -47.98719, -15.83217 ], [ -47.98784, -15.83266 ], [ -47.98699, -15.83327 ], [ -47.9886, -15.8337 ], [ -47.9892, -15.83166 ], [ -47.9881, -15.83247 ], [ -47.98719, -15.83217 ] ] ], [ [ [ -47.98796, -15.83212 ], [ -47.98829, -15.8315 ], [ -47.98733, -15.8313 ], [ -47.98796, -15.83212 ] ] ] ] } },
{ "type": "Feature", "properties": { "cluster": 621.0, "hvi": 0.1107, "population": 2910, "setores": 14, "municipio": "Brasília" }, "geometry": { "type": "MultiPolygon", "coordinates": [ [ [ [ -47.96165, -15.85375 ], [ -47.96064, -15.84845 ], [ -47.96628, -15.84632 ], [ -47.96469, -15.83977 ], [ -47.9673, -15.83287 ], [ -47.97208, -15.8306 ], [ -47.97, -15.82719 ], [ -47.97253, -15.82089 ], [ -47.96922, -15.81964 ], [ -47.96849, -15.80734 ], [ -47.94865, -15.81014 ], [ -47.93685, -15.80996 ], [ -47.93669, -15.8199 ], [ -47.92694, -15.8359 ], [ -47.92198, -15.84027 ], [ -47.88388, -15.8099 ], [ -47.87982, -15.81911 ], [ -47.89477, -15.83327 ], [ -47.90766, -15.83879 ], [ -47.90904, -15.83565 ], [ -47.90935, -15.83957 ], [ -47.92119, -15.84489 ], [ -47.94071, -15.84448 ], [ -47.95333, -15.84056 ], [ -47.95068, -15.82331 ], [ -47.95608, -15.82307 ], [ -47.95519, -15.81745 ], [ -47.95625, -15.82408 ], [ -47.95892, -15.81576 ], [ -47.96055, -15.8272 ], [ -47.95722, -15.83421 ], [ -47.95245, -15.83483 ], [ -47.95647, -15.85449 ], [ -47.96165, -15.85375 ] ], [ [ -47.89, -15.81931 ], [ -47.89116, -15.81813 ], [ -47.89258, -15.81937 ], [ -47.89, -15.81931 ] ] ], [ [ [ -47.97501, -15.80977 ], [ -47.98495, -15.81147 ], [ -47.9843, -15.80716 ], [ -47.99131, -15.80618 ], [ -47.98286, -15.80012 ], [ -47.96849, -15.80734 ], [ -47.96959, -15.81945 ], [ -47.97253, -15.82089 ], [ -47.9716, -15.81463 ], [ -47.97501, -15.80977 ] ] ], [ [ [ -47.98316, -15.79998 ], [ -47.98478, -15.80103 ], [ -47.98585, -15.79903 ], [ -47.98808, -15.79994 ], [ -47.98862, -15.79897 ], [ -47.98117, -15.7952 ], [ -47.97846, -15.79601 ], [ -47.97939, -15.79639 ], [ -47.97147, -15.79703 ], [ -47.97023, -15.80585 ], [ -47.98316, -15.79998 ] ], [ [ -47.98165, -15.79731 ], [ -47.98279, -15.79778 ], [ -47.98264, -15.79822 ], [ -47.98225, -15.79825 ], [ -47.98165, -15.79731 ] ] ], [ [ [ -47.96016, -15.82493 ], [ -47.95625, -15.82408 ], [ -47.95678, -15.82746 ], [ -47.96016, -15.82493 ] ] ], [ [ [ -47.95522, -15.82423 ], [ -47.95625, -15.82408 ], [ -47.95616, -15.82353 ], [ -47.95522, -15.82423 ] ] ], [ [ [ -47.95514, -15.82373 ], [ -47.95616, -15.82353 ], [ -47.95608, -15.82307 ], [ -47.95514, -15.82373 ] ] ] ] } },
{ "type": "Feature", "properties": { "cluster": 622.0, "hvi": 0.1313, "population": 2803, "setores": 4, "municipio": "Brasília" }, "geometry": { "type": "MultiPolygon", "coordinates": [ [ [ [ -47.95722, -15.83421 ], [ -47.95982, -15.82999 ], [ -47.95726, -15.82873 ], [ -47.95813, -15.8307 ], [ -47.95163, -15.82951 ], [ -47.95245, -15.83483 ], [ -47.95722, -15.83421 ] ] ], [ [ [ -47.95497, -15.82902 ], [ -47.95479, -15.82772 ], [ -47.95163, -15.82951 ], [ -47.95497, -15.82902 ] ] ], [ [ [ -47.9561, -15.82883 ], [ -47.95946, -15.82845 ], [ -47.95593, -15.82757 ], [ -47.9561, -15.82883 ] ] ] ] } },
{ "type": "Feature", "properties": { "cluster": 623.0, "hvi": 0.1413, "population": 2674, "setores": 3, "municipio": "Brasília" }, "geometry": { "type": "MultiPolygon", "coordinates": [ [ [ [ -47.95681, -15.83042 ], [ -47.95747, -15.83014 ], [ -47.95726, -15.82873 ], [ -47.95621, -15.83068 ], [ -47.95831, -15.83112 ], [ -47.95681, -15.83042 ] ] ], [ [ [ -47.9561, -15.82883 ], [ -47.95593, -15.82757 ], [ -47.95497, -15.82902 ], [ -47.9561, -15.82883 ] ] ] ] } },
{ "type": "Feature", "properties": { "cluster": 624.0, "hvi": 0.1215, "population": 1610, "setores": 3, "municipio": "Brasília" }, "geometry": { "type": "Polygon", "coordinates": [ [ [ -47.97506, -15.85028 ], [ -47.97758, -15.85004 ], [ -47.9774, -15.84883 ], [ -47.97506, -15.85028 ] ] ] } },
{ "type": "Feature", "properties": { "cluster": 625.0, "hvi": 0.131, "population": 748, "setores": 1, "municipio": "Brasília" }, "geometry": { "type": "Polygon", "coordinates": [ [ [ -47.97587, -15.8561 ], [ -47.96713, -15.85822 ], [ -47.96801, -15.85997 ], [ -47.97587, -15.8561 ] ] ] } },
{ "type": "Feature", "properties": { "cluster": 626.0, "hvi": 0.1167, "population": 3184, "setores": 7, "municipio": "Brasília" }, "geometry": { "type": "MultiPolygon", "coordinates": [ [ [ [ -47.95936, -15.86341 ], [ -47.96233, -15.86432 ], [ -47.96868, -15.86133 ], [ -47.96711, -15.85821 ], [ -47.95936, -15.86341 ] ] ], [ [ [ -47.96261, -15.86039 ], [ -47.96318, -15.85558 ], [ -47.96457, -15.85944 ], [ -47.96712, -15.85555 ], [ -47.96165, -15.85375 ], [ -47.96261, -15.86039 ] ] ], [ [ [ -47.97503, -15.85432 ], [ -47.96712, -15.85555 ], [ -47.96805, -15.85774 ], [ -47.97503, -15.85432 ] ] ], [ [ [ -47.98101, -15.85156 ], [ -47.97503, -15.85285 ], [ -47.97766, -15.8579 ], [ -47.98101, -15.85156 ] ] ], [ [ [ -47.97508, -15.84874 ], [ -47.97269, -15.85024 ], [ -47.97506, -15.85037 ], [ -47.97505, -15.85181 ], [ -47.97658, -15.85218 ], [ -47.97506, -15.8503 ], [ -47.97508, -15.84874 ] ] ] ] } },
{ "type": "Feature", "properties": { "cluster": 627.0, "hvi": 0.1239, "population": 1587, "setores": 3, "municipio": "Brasília" }, "geometry": { "type": "Polygon", "coordinates": [ [ [ -47.95142, -15.82816 ], [ -47.95678, -15.82746 ], [ -47.95625, -15.82408 ], [ -47.953, -15.82455 ], [ -47.95483, -15.82428 ], [ -47.95068, -15.82331 ], [ -47.95142, -15.82816 ] ] ] } },
{ "type": "Feature", "properties": { "cluster": 628.0, "hvi": 0.1238, "population": 2857, "setores": 5, "municipio": "Brasília" }, "geometry": { "type": "MultiPolygon", "coordinates": [ [ [ [ -47.93554, -15.79034 ], [ -47.934, -15.78674 ], [ -47.93389, -15.78419 ], [ -47.93061, -15.78414 ], [ -47.9326, -15.78981 ], [ -47.93554, -15.79034 ] ] ], [ [ [ -47.93709, -15.78805 ], [ -47.93866, -15.78561 ], [ -47.93524, -15.78228 ], [ -47.93629, -15.78173 ], [ -47.93516, -15.77826 ], [ -47.93291, -15.77897 ], [ -47.93418, -15.78284 ], [ -47.9347, -15.78257 ], [ -47.93445, -15.78612 ], [ -47.93709, -15.78805 ] ] ], [ [ [ -47.93182, -15.77932 ], [ -47.92924, -15.78012 ], [ -47.93061, -15.78414 ], [ -47.93293, -15.78417 ], [ -47.93182, -15.77932 ] ] ] ] } },
{ "type": "Feature", "properties": { "cluster": 629.0, "hvi": 0.1454, "population": 968, "setores": 1, "municipio": "Brasília" }, "geometry": { "type": "Polygon", "coordinates": [ [ [ -47.93516, -15.77826 ], [ -47.93528, -15.78317 ], [ -47.93956, -15.78577 ], [ -47.93847, -15.7772 ], [ -47.93516, -15.77826 ] ] ] } },
{ "type": "Feature", "properties": { "cluster": 630.0, "hvi": 0.1204, "population": 2572, "setores": 5, "municipio": "Brasília" }, "geometry": { "type": "MultiPolygon", "coordinates": [ [ [ [ -47.93708, -15.79207 ], [ -47.93463, -15.79003 ], [ -47.93584, -15.79248 ], [ -47.93708, -15.79207 ] ] ], [ [ [ -47.93923, -15.78882 ], [ -47.94025, -15.79199 ], [ -47.94165, -15.79249 ], [ -47.93923, -15.78882 ] ] ], [ [ [ -47.93734, -15.78817 ], [ -47.93837, -15.7913 ], [ -47.94025, -15.79199 ], [ -47.93734, -15.78817 ] ] ], [ [ [ -47.93569, -15.78823 ], [ -47.93837, -15.7913 ], [ -47.93582, -15.78733 ], [ -47.93569, -15.78823 ] ] ], [ [ [ -47.94286, -15.78964 ], [ -47.93648, -15.78539 ], [ -47.93709, -15.78805 ], [ -47.94286, -15.78964 ] ] ] ] } },
{ "type": "Feature", "properties": { "cluster": 631.0, "hvi": 0.1134, "population": 1522, "setores": 4, "municipio": "Brasília" }, "geometry": { "type": "MultiPolygon", "coordinates": [ [ [ [ -47.94443, -15.79424 ], [ -47.94311, -15.79686 ], [ -47.94511, -15.79626 ], [ -47.94443, -15.79424 ] ] ], [ [ [ -47.94209, -15.79264 ], [ -47.94165, -15.79249 ], [ -47.93977, -15.79182 ], [ -47.9395, -15.7951 ], [ -47.94193, -15.79396 ], [ -47.9418, -15.795 ], [ -47.94443, -15.79424 ], [ -47.94209, -15.79264 ] ] ], [ [ [ -47.94165, -15.79249 ], [ -47.944, -15.79298 ], [ -47.94061, -15.78929 ], [ -47.94165, -15.79249 ] ] ] ] } },
{ "type": "Feature", "properties": { "cluster": 632.0, "hvi": 0.1232, "population": 2851, "setores": 5, "municipio": "Brasília" }, "geometry": { "type": "MultiPolygon", "coordinates": [ [ [ [ -47.93733, -15.79413 ], [ -47.93703, -15.79591 ], [ -47.93783, -15.79564 ], [ -47.93733, -15.79413 ] ] ], [ [ [ -47.93638, -15.79444 ], [ -47.93448, -15.79334 ], [ -47.93514, -15.79483 ], [ -47.93638, -15.79444 ] ] ], [ [ [ -47.9395, -15.7951 ], [ -47.93977, -15.79182 ], [ -47.93645, -15.79064 ], [ -47.93702, -15.79229 ], [ -47.93638, -15.79444 ], [ -47.93733, -15.79413 ], [ -47.93762, -15.79404 ], [ -47.9395, -15.7951 ] ] ], [ [ [ -47.93368, -15.78577 ], [ -47.93482, -15.78928 ], [ -47.93645, -15.79064 ], [ -47.93582, -15.78733 ], [ -47.93368, -15.78577 ] ] ] ] } },
{ "type": "Feature", "properties": { "cluster": 633.0, "hvi": 0.1127, "population": 352, "setores": 1, "municipio": "Brasília" }, "geometry": { "type": "Polygon", "coordinates": [ [ [ -47.93488, -15.79385 ], [ -47.93475, -15.79556 ], [ -47.93537, -15.79535 ], [ -47.93488, -15.79385 ] ] ] } },
{ "type": "Feature", "properties": { "cluster": 634.0, "hvi": 0.1306, "population": 2156, "setores": 3, "municipio": "Brasília" }, "geometry": { "type": "MultiPolygon", "coordinates": [ [ [ [ -47.94135, -15.7974 ], [ -47.94178, -15.7994 ], [ -47.94325, -15.79897 ], [ -47.94135, -15.7974 ] ] ], [ [ [ -47.94243, -15.79708 ], [ -47.9418, -15.795 ], [ -47.93916, -15.79521 ], [ -47.93821, -15.79673 ], [ -47.94148, -15.79516 ], [ -47.94135, -15.7974 ], [ -47.94243, -15.79708 ] ] ] ] } },
{ "type": "Feature", "properties": { "cluster": 635.0, "hvi": 0.1152, "population": 1743, "setores": 4, "municipio": "Brasília" }, "geometry": { "type": "MultiPolygon", "coordinates": [ [ [ [ -47.93853, -15.79877 ], [ -47.93866, -15.79705 ], [ -47.93801, -15.79893 ], [ -47.93853, -15.79877 ] ] ], [ [ [ -47.94029, -15.79822 ], [ -47.9415, -15.79785 ], [ -47.93975, -15.79627 ], [ -47.94029, -15.79822 ] ] ], [ [ [ -47.94016, -15.7978 ], [ -47.93975, -15.79627 ], [ -47.93913, -15.79812 ], [ -47.94016, -15.7978 ] ] ], [ [ [ -47.93866, -15.79705 ], [ -47.93783, -15.79564 ], [ -47.9374, -15.79747 ], [ -47.93866, -15.79705 ] ] ] ] } },
{ "type": "Feature", "properties": { "cluster": 636.0, "hvi": 0.1214, "population": 2657, "setores": 5, "municipio": "Brasília" }, "geometry": { "type": "MultiPolygon", "coordinates": [ [ [ [ -47.93615, -15.79784 ], [ -47.93537, -15.79535 ], [ -47.93348, -15.79699 ], [ -47.9344, -15.79742 ], [ -47.93351, -15.79812 ], [ -47.93603, -15.79956 ], [ -47.93729, -15.79917 ], [ -47.93565, -15.79801 ], [ -47.93615, -15.79784 ] ], [ [ -47.93586, -15.79884 ], [ -47.93554, -15.79796 ], [ -47.93565, -15.79801 ], [ -47.93586, -15.79884 ] ], [ [ -47.93473, -15.79758 ], [ -47.93508, -15.79774 ], [ -47.93513, -15.79897 ], [ -47.93473, -15.79758 ] ] ], [ [ [ -47.93638, -15.79444 ], [ -47.93615, -15.79784 ], [ -47.9374, -15.79747 ], [ -47.93638, -15.79444 ] ] ] ] } },
{ "type": "Feature", "properties": { "cluster": 637.0, "hvi": 0.1222, "population": 2725, "setores": 5, "municipio": "Brasília" }, "geometry": { "type": "MultiPolygon", "coordinates": [ [ [ [ -47.94422, -15.80327 ], [ -47.94131, -15.8018 ], [ -47.93917, -15.80024 ], [ -47.94042, -15.80232 ], [ -47.94422, -15.80327 ] ] ], [ [ [ -47.93739, -15.80276 ], [ -47.93825, -15.8033 ], [ -47.93849, -15.80109 ], [ -47.93739, -15.80276 ] ] ], [ [ [ -47.9415, -15.79785 ], [ -47.93965, -15.80009 ], [ -47.94178, -15.7994 ], [ -47.9415, -15.79785 ] ] ], [ [ [ -47.9389, -15.79757 ], [ -47.93917, -15.80024 ], [ -47.93965, -15.80009 ], [ -47.9389, -15.79757 ] ] ] ] } },
{ "type": "Feature", "properties": { "cluster": 638.0, "hvi": 0.1177, "population": 2807, "setores": 6, "municipio": "Brasília" }, "geometry": { "type": "MultiPolygon", "coordinates": [ [ [ [ -47.94167, -15.80159 ], [ -47.94294, -15.80119 ], [ -47.9413, -15.79957 ], [ -47.94167, -15.80159 ] ] ], [ [ [ -47.9464, -15.80008 ], [ -47.9432, -15.79899 ], [ -47.94294, -15.80119 ], [ -47.94388, -15.80089 ], [ -47.9464, -15.80008 ] ] ], [ [ [ -47.94325, -15.79897 ], [ -47.94413, -15.79868 ], [ -47.9425, -15.79706 ], [ -47.94325, -15.79897 ] ] ], [ [ [ -47.94511, -15.79626 ], [ -47.94413, -15.79868 ], [ -47.94577, -15.79821 ], [ -47.94511, -15.79626 ] ] ], [ [ [ -47.94311, -15.79686 ], [ -47.94149, -15.7951 ], [ -47.94243, -15.79708 ], [ -47.94311, -15.79686 ] ] ] ] } },
{ "type": "Feature", "properties": { "cluster": 639.0, "hvi": 0.1133, "population": 2926, "setores": 8, "municipio": "Brasília" }, "geometry": { "type": "MultiPolygon", "coordinates": [ [ [ [ -47.93815, -15.8104 ], [ -47.93961, -15.81091 ], [ -47.93935, -15.80844 ], [ -47.93815, -15.8104 ] ] ], [ [ [ -47.93961, -15.81091 ], [ -47.94168, -15.81122 ], [ -47.94145, -15.80736 ], [ -47.93961, -15.81091 ] ] ], [ [ [ -47.9355, -15.80949 ], [ -47.93815, -15.8104 ], [ -47.93836, -15.80774 ], [ -47.9355, -15.80949 ] ] ], [ [ [ -47.93894, -15.80813 ], [ -47.93935, -15.80844 ], [ -47.94038, -15.80687 ], [ -47.93894, -15.80813 ] ] ], [ [ [ -47.94042, -15.80232 ], [ -47.93351, -15.79812 ], [ -47.93345, -15.79878 ], [ -47.93299, -15.80363 ], [ -47.93754, -15.80647 ], [ -47.93684, -15.80751 ], [ -47.93836, -15.80774 ], [ -47.93833, -15.80534 ], [ -47.94042, -15.80232 ] ] ], [ [ [ -47.93603, -15.79956 ], [ -47.93936, -15.80165 ], [ -47.93853, -15.79877 ], [ -47.93603, -15.79956 ] ] ], [ [ [ -47.93272, -15.8007 ], [ -47.93345, -15.79878 ], [ -47.93199, -15.798 ], [ -47.93272, -15.8007 ] ] ] ] } },
{ "type": "Feature", "properties": { "cluster": 640.0, "hvi": 0.1207, "population": 1072, "setores": 2, "municipio": "Brasília" }, "geometry": { "type": "MultiPolygon", "coordinates": [ [ [ [ -48.05933, -15.86667 ], [ -48.06101, -15.86574 ], [ -48.05702, -15.86453 ], [ -48.05933, -15.86667 ] ] ], [ [ [ -48.06389, -15.86647 ], [ -48.06725, -15.85905 ], [ -48.06185, -15.86047 ], [ -48.05702, -15.86453 ], [ -48.06389, -15.86647 ] ] ] ] } },
{ "type": "Feature", "properties": { "cluster": 641.0, "hvi": 0.1136, "population": 2911, "setores": 8, "municipio": "Brasília" }, "geometry": { "type": "MultiPolygon", "coordinates": [ [ [ [ -48.14876, -15.89524 ], [ -48.14551, -15.8947 ], [ -48.14733, -15.89581 ], [ -48.14585, -15.89582 ], [ -48.14612, -15.89636 ], [ -48.14384, -15.8974 ], [ -48.14634, -15.89679 ], [ -48.14752, -15.89912 ], [ -48.14876, -15.89524 ] ], [ [ -48.14747, -15.89622 ], [ -48.14755, -15.89594 ], [ -48.14837, -15.89644 ], [ -48.14747, -15.89622 ] ] ], [ [ [ -48.14933, -15.89344 ], [ -48.14588, -15.90434 ], [ -48.16407, -15.89983 ], [ -48.19595, -15.90855 ], [ -48.20784, -15.90701 ], [ -48.20823, -15.89292 ], [ -48.20224, -15.89151 ], [ -48.19257, -15.87171 ], [ -48.18539, -15.86739 ], [ -48.18209, -15.86058 ], [ -48.17784, -15.86204 ], [ -48.17703, -15.85756 ], [ -48.16009, -15.86832 ], [ -48.15483, -15.87595 ], [ -48.15707, -15.87965 ], [ -48.1532, -15.88124 ], [ -48.14951, -15.89287 ], [ -48.1499, -15.8916 ], [ -48.1471, -15.89036 ], [ -48.14605, -15.88906 ], [ -48.14607, -15.8899 ], [ -48.14947, -15.89301 ], [ -48.14678, -15.89179 ], [ -48.14876, -15.89524 ], [ -48.14933, -15.89344 ] ], [ [ -48.15392, -15.89525 ], [ -48.15411, -15.89851 ], [ -48.15364, -15.8986 ], [ -48.15392, -15.89525 ] ], [ [ -48.16439, -15.89315 ], [ -48.16186, -15.88945 ], [ -48.16303, -15.88914 ], [ -48.16439, -15.89315 ] ], [ [ -48.1761, -15.88647 ], [ -48.17908, -15.88711 ], [ -48.17764, -15.89526 ], [ -48.17392, -15.89461 ], [ -48.1761, -15.88647 ] ] ] ] } },
{ "type": "Feature", "properties": { "cluster": 642.0, "hvi": 0.1169, "population": 2911, "setores": 6, "municipio": "Brasília" }, "geometry": { "type": "MultiPolygon", "coordinates": [ [ [ [ -48.14104, -15.89611 ], [ -48.14384, -15.8974 ], [ -48.14495, -15.89512 ], [ -48.14441, -15.89479 ], [ -48.14529, -15.89514 ], [ -48.14576, -15.89415 ], [ -48.14359, -15.89428 ], [ -48.14239, -15.89354 ], [ -48.14191, -15.89446 ], [ -48.13914, -15.89275 ], [ -48.14104, -15.89611 ] ] ], [ [ [ -48.14558, -15.89372 ], [ -48.14239, -15.89354 ], [ -48.14541, -15.89408 ], [ -48.14558, -15.89372 ] ] ], [ [ [ -48.14689, -15.89113 ], [ -48.14284, -15.88831 ], [ -48.14661, -15.89171 ], [ -48.14689, -15.89113 ] ] ], [ [ [ -48.14383, -15.89042 ], [ -48.14558, -15.89372 ], [ -48.14661, -15.89171 ], [ -48.14383, -15.89042 ] ] ] ] } },
{ "type": "Feature", "properties": { "cluster": 643.0, "hvi": 0.1188, "population": 2644, "setores": 5, "municipio": "Brasília" }, "geometry": { "type": "MultiPolygon", "coordinates": [ [ [ [ -48.14239, -15.89354 ], [ -48.14136, -15.89246 ], [ -48.13914, -15.89275 ], [ -48.14195, -15.89449 ], [ -48.14239, -15.89354 ] ] ], [ [ [ -48.13813, -15.89477 ], [ -48.14057, -15.88985 ], [ -48.13547, -15.89353 ], [ -48.13813, -15.89477 ] ] ], [ [ [ -48.14242, -15.89341 ], [ -48.14384, -15.89042 ], [ -48.14002, -15.89099 ], [ -48.14242, -15.89341 ] ] ], [ [ [ -48.13697, -15.8906 ], [ -48.1315, -15.8917 ], [ -48.13547, -15.89353 ], [ -48.13743, -15.89157 ], [ -48.13697, -15.8906 ] ] ] ] } },
{ "type": "Feature", "properties": { "cluster": 644.0, "hvi": 0.1074, "population": 948, "setores": 3, "municipio": "Brasília" }, "geometry": { "type": "Polygon", "coordinates": [ [ [ -48.12949, -15.88826 ], [ -48.12992, -15.88744 ], [ -48.12787, -15.88653 ], [ -48.12899, -15.88463 ], [ -48.12715, -15.88338 ], [ -48.1276, -15.88535 ], [ -48.12615, -15.88574 ], [ -48.12747, -15.88634 ], [ -48.12768, -15.88572 ], [ -48.12767, -15.88644 ], [ -48.12949, -15.88826 ] ] ] } },
{ "type": "Feature", "properties": { "cluster": 645.0, "hvi": 0.1178, "population": 2567, "setores": 5, "municipio": "Brasília" }, "geometry": { "type": "MultiPolygon", "coordinates": [ [ [ [ -48.12717, -15.88725 ], [ -48.12767, -15.88644 ], [ -48.12606, -15.88558 ], [ -48.12652, -15.8883 ], [ -48.12949, -15.88826 ], [ -48.12717, -15.88725 ] ] ], [ [ [ -48.12437, -15.88841 ], [ -48.12545, -15.88655 ], [ -48.12189, -15.88728 ], [ -48.12437, -15.88841 ] ] ], [ [ [ -48.12606, -15.88558 ], [ -48.1224, -15.88555 ], [ -48.12545, -15.88655 ], [ -48.12606, -15.88558 ] ] ], [ [ [ -48.12409, -15.88356 ], [ -48.12606, -15.88558 ], [ -48.12642, -15.88486 ], [ -48.12409, -15.88356 ] ] ] ] } },
{ "type": "Feature", "properties": { "cluster": 646.0, "hvi": 0.1297, "population": 2279, "setores": 3, "municipio": "Brasília" }, "geometry": { "type": "MultiPolygon", "coordinates": [ [ [ [ -48.12189, -15.88728 ], [ -48.12274, -15.88497 ], [ -48.11965, -15.88423 ], [ -48.12189, -15.88728 ] ] ], [ [ [ -48.12274, -15.88497 ], [ -48.12468, -15.88155 ], [ -48.12121, -15.88161 ], [ -48.12185, -15.88375 ], [ -48.12, -15.88303 ], [ -48.12274, -15.88497 ] ] ] ] } },
{ "type": "Feature", "properties": { "cluster": 647.0, "hvi": 0.1215, "population": 2922, "setores": 5, "municipio": "Brasília" }, "geometry": { "type": "MultiPolygon", "coordinates": [ [ [ [ -48.12255, -15.88234 ], [ -48.12198, -15.88202 ], [ -48.12399, -15.87846 ], [ -48.12003, -15.87941 ], [ -48.11723, -15.88514 ], [ -48.11885, -15.88588 ], [ -48.12148, -15.88264 ], [ -48.12179, -15.88383 ], [ -48.12255, -15.88234 ] ] ], [ [ [ -48.12003, -15.87941 ], [ -48.12101, -15.87744 ], [ -48.11692, -15.87794 ], [ -48.1155, -15.8773 ], [ -48.11554, -15.88071 ], [ -48.11711, -15.87803 ], [ -48.12003, -15.87941 ] ] ] ] } },
{ "type": "Feature", "properties": { "cluster": 648.0, "hvi": 0.1271, "population": 696, "setores": 1, "municipio": "Brasília" }, "geometry": { "type": "Polygon", "coordinates": [ [ [ -48.11428, -15.88379 ], [ -48.11723, -15.88514 ], [ -48.11865, -15.88227 ], [ -48.11552, -15.88086 ], [ -48.11428, -15.88379 ] ] ] } },
{ "type": "Feature", "properties": { "cluster": 649.0, "hvi": 0.1107, "population": 1870, "setores": 5, "municipio": "Brasília" }, "geometry": { "type": "MultiPolygon", "coordinates": [ [ [ [ -48.11408, -15.8799 ], [ -48.1155, -15.8773 ], [ -48.11298, -15.87934 ], [ -48.11408, -15.8799 ] ] ], [ [ [ -48.11754, -15.87616 ], [ -48.11502, -15.87474 ], [ -48.11588, -15.87578 ], [ -48.11463, -15.87549 ], [ -48.11691, -15.87794 ], [ -48.11754, -15.87616 ] ] ], [ [ [ -48.11784, -15.87419 ], [ -48.11538, -15.87415 ], [ -48.11782, -15.87584 ], [ -48.11784, -15.87419 ] ] ] ] } },
{ "type": "Feature", "properties": { "cluster": 650.0, "hvi": 0.1313, "population": 1505, "setores": 2, "municipio": "Brasília" }, "geometry": { "type": "MultiPolygon", "coordinates": [ [ [ [ -48.1095, -15.87866 ], [ -48.11077, -15.87743 ], [ -48.10761, -15.87522 ], [ -48.1095, -15.87866 ] ] ], [ [ [ -48.10929, -15.87411 ], [ -48.1084, -15.8756 ], [ -48.11411, -15.87666 ], [ -48.10929, -15.87411 ] ] ] ] } },
{ "type": "Feature", "properties": { "cluster": 651.0, "hvi": 0.1124, "population": 1664, "setores": 4, "municipio": "Brasília" }, "geometry": { "type": "MultiPolygon", "coordinates": [ [ [ [ -48.10993, -15.88177 ], [ -48.11178, -15.87888 ], [ -48.10828, -15.88101 ], [ -48.10993, -15.88177 ] ] ], [ [ [ -48.11322, -15.87909 ], [ -48.11142, -15.87766 ], [ -48.11285, -15.87947 ], [ -48.11322, -15.87909 ] ] ], [ [ [ -48.10736, -15.87771 ], [ -48.10813, -15.87908 ], [ -48.1095, -15.87866 ], [ -48.10736, -15.87771 ] ] ], [ [ [ -48.11411, -15.87666 ], [ -48.11049, -15.876 ], [ -48.11322, -15.87909 ], [ -48.11411, -15.87666 ] ] ] ] } },
{ "type": "Feature", "properties": { "cluster": 652.0, "hvi": 0.1276, "population": 2860, "setores": 4, "municipio": "Brasília" }, "geometry": { "type": "MultiPolygon", "coordinates": [ [ [ [ -48.11143, -15.88246 ], [ -48.10886, -15.88127 ], [ -48.10689, -15.88456 ], [ -48.10975, -15.88587 ], [ -48.11143, -15.88246 ] ] ], [ [ [ -48.10905, -15.87947 ], [ -48.10659, -15.87736 ], [ -48.10545, -15.87972 ], [ -48.10703, -15.88044 ], [ -48.10645, -15.88222 ], [ -48.10886, -15.88127 ], [ -48.10828, -15.88101 ], [ -48.10905, -15.87947 ] ] ], [ [ [ -48.10587, -15.87437 ], [ -48.10334, -15.87874 ], [ -48.10545, -15.87972 ], [ -48.10761, -15.87522 ], [ -48.10587, -15.87437 ] ] ] ] } },
{ "type": "Feature", "properties": { "cluster": 653.0, "hvi": 0.1319, "population": 2375, "setores": 3, "municipio": "Brasília" }, "geometry": { "type": "MultiPolygon", "coordinates": [ [ [ [ -48.10252, -15.87836 ], [ -48.10334, -15.87874 ], [ -48.10587, -15.87437 ], [ -48.10252, -15.87836 ] ] ], [ [ [ -48.10252, -15.87836 ], [ -48.10312, -15.87652 ], [ -48.10101, -15.87429 ], [ -48.09951, -15.87696 ], [ -48.10252, -15.87836 ] ] ], [ [ [ -48.10086, -15.87451 ], [ -48.09715, -15.87312 ], [ -48.09951, -15.87696 ], [ -48.10086, -15.87451 ] ] ] ] } },
{ "type": "Feature", "properties": { "cluster": 654.0, "hvi": 0.1167, "population": 2429, "setores": 5, "municipio": "Brasília" }, "geometry": { "type": "Polygon", "coordinates": [ [ [ -48.09935, -15.87288 ], [ -48.09828, -15.87436 ], [ -48.10111, -15.87404 ], [ -48.10312, -15.87652 ], [ -48.10462, -15.87374 ], [ -48.10203, -15.87189 ], [ -48.1015, -15.87312 ], [ -48.10033, -15.87139 ], [ -48.0999, -15.87242 ], [ -48.10148, -15.87317 ], [ -48.09818, -15.87172 ], [ -48.10113, -15.87401 ], [ -48.09935, -15.87288 ] ] ] } },
{ "type": "Feature", "properties": { "cluster": 655.0, "hvi": 0.1148, "population": 2268, "setores": 5, "municipio": "Brasília" }, "geometry": { "type": "MultiPolygon", "coordinates": [ [ [ [ -48.10457, -15.87122 ], [ -48.1054, -15.86988 ], [ -48.10325, -15.86776 ], [ -48.10217, -15.86865 ], [ -48.10424, -15.87175 ], [ -48.1084, -15.8756 ], [ -48.10919, -15.87427 ], [ -48.10457, -15.87122 ] ] ], [ [ [ -48.10172, -15.87275 ], [ -48.10254, -15.8715 ], [ -48.10225, -15.87114 ], [ -48.10009, -15.86844 ], [ -48.09836, -15.87135 ], [ -48.09858, -15.87088 ], [ -48.09565, -15.8706 ], [ -48.10172, -15.87275 ] ] ], [ [ [ -48.10225, -15.87114 ], [ -48.10329, -15.87037 ], [ -48.09989, -15.86624 ], [ -48.10225, -15.87114 ] ] ] ] } },
{ "type": "Feature", "properties": { "cluster": 656.0, "hvi": 0.1266, "population": 3427, "setores": 5, "municipio": "Brasília" }, "geometry": { "type": "MultiPolygon", "coordinates": [ [ [ [ -48.09858, -15.87088 ], [ -48.10009, -15.86844 ], [ -48.09678, -15.8679 ], [ -48.0973, -15.8703 ], [ -48.09858, -15.87088 ] ] ], [ [ [ -48.09635, -15.86885 ], [ -48.09358, -15.86673 ], [ -48.09215, -15.86688 ], [ -48.09635, -15.86885 ] ] ], [ [ [ -48.09967, -15.86803 ], [ -48.1004, -15.8674 ], [ -48.0985, -15.8648 ], [ -48.09749, -15.86683 ], [ -48.09967, -15.86803 ] ] ], [ [ [ -48.09756, -15.86667 ], [ -48.09444, -15.86199 ], [ -48.0931, -15.86482 ], [ -48.09427, -15.86536 ], [ -48.09358, -15.86673 ], [ -48.09756, -15.86667 ] ] ] ] } },
{ "type": "Feature", "properties": { "cluster": 657.0, "hvi": 0.1158, "population": 1421, "setores": 3, "municipio": "Brasília" }, "geometry": { "type": "MultiPolygon", "coordinates": [ [ [ [ -48.09602, -15.8698 ], [ -48.0973, -15.8703 ], [ -48.09775, -15.86838 ], [ -48.09602, -15.8698 ] ] ], [ [ [ -48.09166, -15.86199 ], [ -48.08967, -15.86092 ], [ -48.09115, -15.86252 ], [ -48.08889, -15.86288 ], [ -48.0931, -15.86482 ], [ -48.09444, -15.86199 ], [ -48.09141, -15.86248 ], [ -48.09166, -15.86199 ] ] ] ] } },
{ "type": "Feature", "properties": { "cluster": 658.0, "hvi": 0.1439, "population": 2050, "setores": 2, "municipio": "Brasília" }, "geometry": { "type": "MultiPolygon", "coordinates": [ [ [ [ -48.0965, -15.87406 ], [ -48.09818, -15.87172 ], [ -48.09565, -15.8706 ], [ -48.0965, -15.87406 ] ] ], [ [ [ -48.09451, -15.87245 ], [ -48.09576, -15.87035 ], [ -48.09384, -15.86956 ], [ -48.09451, -15.87245 ] ] ] ] } },
{ "type": "Feature", "properties": { "cluster": 659.0, "hvi": 0.1361, "population": 2616, "setores": 3, "municipio": "Brasília" }, "geometry": { "type": "MultiPolygon", "coordinates": [ [ [ [ -48.09352, -15.86957 ], [ -48.09576, -15.87035 ], [ -48.09635, -15.86885 ], [ -48.09181, -15.86756 ], [ -48.09352, -15.86957 ] ] ], [ [ [ -48.09133, -15.86853 ], [ -48.09035, -15.86601 ], [ -48.08679, -15.86645 ], [ -48.09133, -15.86853 ] ] ], [ [ [ -48.08814, -15.86435 ], [ -48.0858, -15.86313 ], [ -48.08743, -15.86518 ], [ -48.08814, -15.86435 ] ] ] ] } },
{ "type": "Feature", "properties": { "cluster": 660.0, "hvi": 0.127, "population": 1386, "setores": 2, "municipio": "Brasília" }, "geometry": { "type": "MultiPolygon", "coordinates": [ [ [ [ -48.10054, -15.86695 ], [ -48.10161, -15.86525 ], [ -48.09868, -15.86285 ], [ -48.10054, -15.86695 ] ] ], [ [ [ -48.09834, -15.86458 ], [ -48.09724, -15.86374 ], [ -48.09635, -15.86527 ], [ -48.09834, -15.86458 ] ] ] ] } },
{ "type": "Feature", "properties": { "cluster": 661.0, "hvi": 0.1255, "population": 2637, "setores": 4, "municipio": "Brasília" }, "geometry": { "type": "MultiPolygon", "coordinates": [ [ [ [ -48.09181, -15.86756 ], [ -48.09255, -15.86608 ], [ -48.08757, -15.86502 ], [ -48.09181, -15.86756 ] ] ], [ [ [ -48.0931, -15.86482 ], [ -48.08889, -15.86288 ], [ -48.09255, -15.86608 ], [ -48.0931, -15.86482 ] ] ], [ [ [ -48.09324, -15.86148 ], [ -48.09015, -15.86014 ], [ -48.09239, -15.86227 ], [ -48.09324, -15.86148 ] ] ], [ [ [ -48.08975, -15.86079 ], [ -48.08719, -15.85942 ], [ -48.08889, -15.86288 ], [ -48.08975, -15.86079 ] ] ] ] } },
{ "type": "Feature", "properties": { "cluster": 662.0, "hvi": 0.1367, "population": 2638, "setores": 3, "municipio": "Brasília" }, "geometry": { "type": "MultiPolygon", "coordinates": [ [ [ [ -48.08655, -15.86764 ], [ -48.08948, -15.8687 ], [ -48.08914, -15.86707 ], [ -48.08655, -15.86764 ] ] ], [ [ [ -48.0867, -15.86688 ], [ -48.08743, -15.86518 ], [ -48.08418, -15.866 ], [ -48.0867, -15.86688 ] ] ], [ [ [ -48.08469, -15.8649 ], [ -48.08508, -15.86352 ], [ -48.08141, -15.86324 ], [ -48.08469, -15.8649 ] ] ] ] } },
{ "type": "Feature", "properties": { "cluster": 663.0, "hvi": 0.1257, "population": 2683, "setores": 4, "municipio": "Brasília" }, "geometry": { "type": "MultiPolygon", "coordinates": [ [ [ [ -48.08814, -15.86435 ], [ -48.08889, -15.86288 ], [ -48.0858, -15.86313 ], [ -48.08814, -15.86435 ] ] ], [ [ [ -48.08607, -15.86196 ], [ -48.08649, -15.86129 ], [ -48.08581, -15.86077 ], [ -48.0877, -15.85843 ], [ -48.08513, -15.8565 ], [ -48.0858, -15.86076 ], [ -48.08374, -15.85917 ], [ -48.08331, -15.86143 ], [ -48.08607, -15.86196 ] ] ], [ [ [ -48.09015, -15.86014 ], [ -48.0877, -15.85843 ], [ -48.08975, -15.86079 ], [ -48.09015, -15.86014 ] ] ] ] } },
{ "type": "Feature", "properties": { "cluster": 664.0, "hvi": 0.1198, "population": 2688, "setores": 5, "municipio": "Brasília" }, "geometry": { "type": "MultiPolygon", "coordinates": [ [ [ [ -48.08594, -15.86279 ], [ -48.0852, -15.86157 ], [ -48.08218, -15.86173 ], [ -48.08553, -15.8637 ], [ -48.08594, -15.86279 ] ] ], [ [ [ -48.08255, -15.86122 ], [ -48.07998, -15.85958 ], [ -48.0823, -15.86159 ], [ -48.08255, -15.86122 ] ] ], [ [ [ -48.08041, -15.8585 ], [ -48.08255, -15.86122 ], [ -48.08308, -15.86014 ], [ -48.08041, -15.8585 ] ] ], [ [ [ -48.07997, -15.85695 ], [ -48.07906, -15.86038 ], [ -48.08101, -15.85744 ], [ -48.07997, -15.85695 ] ] ] ] } },
{ "type": "Feature", "properties": { "cluster": 665.0, "hvi": 0.1158, "population": 920, "setores": 2, "municipio": "Brasília" }, "geometry": { "type": "Polygon", "coordinates": [ [ [ -48.08302, -15.86672 ], [ -48.08469, -15.8649 ], [ -48.08106, -15.86407 ], [ -48.08302, -15.86672 ] ] ] } },
{ "type": "Feature", "properties": { "cluster": 666.0, "hvi": 0.1376, "population": 1784, "setores": 2, "municipio": "Brasília" }, "geometry": { "type": "MultiPolygon", "coordinates": [ [ [ [ -48.07731, -15.86462 ], [ -48.07803, -15.86308 ], [ -48.07225, -15.86039 ], [ -48.07132, -15.86256 ], [ -48.07731, -15.86462 ] ] ], [ [ [ -48.07516, -15.86174 ], [ -48.07768, -15.86291 ], [ -48.07876, -15.86064 ], [ -48.07516, -15.86174 ] ] ] ] } },
{ "type": "Feature", "properties": { "cluster": 667.0, "hvi": 0.124, "population": 1843, "setores": 3, "municipio": "Brasília" }, "geometry": { "type": "MultiPolygon", "coordinates": [ [ [ [ -48.07849, -15.86117 ], [ -48.08166, -15.8626 ], [ -48.0823, -15.86159 ], [ -48.07849, -15.86117 ] ] ], [ [ [ -48.07913, -15.86083 ], [ -48.07852, -15.85882 ], [ -48.0762, -15.85947 ], [ -48.07913, -15.86083 ] ] ], [ [ [ -48.07997, -15.85695 ], [ -48.07783, -15.85596 ], [ -48.07923, -15.85914 ], [ -48.07997, -15.85695 ] ] ] ] } },
{ "type": "Feature", "properties": { "cluster": 668.0, "hvi": 0.1501, "population": 2279, "setores": 2, "municipio": "Brasília" }, "geometry": { "type": "MultiPolygon", "coordinates": [ [ [ [ -48.08203, -15.86012 ], [ -48.08374, -15.85917 ], [ -48.08101, -15.85744 ], [ -48.08203, -15.86012 ] ] ], [ [ [ -48.08383, -15.85924 ], [ -48.08513, -15.8565 ], [ -48.08123, -15.85533 ], [ -48.08383, -15.85924 ] ] ] ] } },
{ "type": "Feature", "properties": { "cluster": 669.0, "hvi": 0.1174, "population": 1952, "setores": 4, "municipio": "Brasília" }, "geometry": { "type": "MultiPolygon", "coordinates": [ [ [ [ -48.07549, -15.86072 ], [ -48.07538, -15.85896 ], [ -48.07608, -15.8597 ], [ -48.0766, -15.85823 ], [ -48.0739, -15.85738 ], [ -48.07441, -15.85793 ], [ -48.07304, -15.85813 ], [ -48.07429, -15.8589 ], [ -48.07469, -15.85822 ], [ -48.07461, -15.86033 ], [ -48.07549, -15.86072 ] ] ], [ [ [ -48.07405, -15.85707 ], [ -48.07156, -15.85395 ], [ -48.07337, -15.85745 ], [ -48.07405, -15.85707 ] ] ] ] } },
{ "type": "Feature", "properties": { "cluster": 670.0, "hvi": 0.1186, "population": 2577, "setores": 5, "municipio": "Brasília" }, "geometry": { "type": "MultiPolygon", "coordinates": [ [ [ [ -48.0766, -15.85823 ], [ -48.07783, -15.85596 ], [ -48.07644, -15.85603 ], [ -48.0766, -15.85823 ] ] ], [ [ [ -48.07616, -15.85801 ], [ -48.07644, -15.85603 ], [ -48.07489, -15.85743 ], [ -48.07616, -15.85801 ] ] ], [ [ [ -48.08123, -15.85533 ], [ -48.07805, -15.85455 ], [ -48.08041, -15.85715 ], [ -48.08123, -15.85533 ] ] ], [ [ [ -48.07503, -15.85469 ], [ -48.07156, -15.85395 ], [ -48.07269, -15.85612 ], [ -48.07403, -15.85673 ], [ -48.07503, -15.85469 ] ] ], [ [ [ -48.07584, -15.85352 ], [ -48.07783, -15.85596 ], [ -48.07806, -15.85544 ], [ -48.07584, -15.85352 ] ] ] ] } },
{ "type": "Feature", "properties": { "cluster": 671.0, "hvi": 0.1268, "population": 2703, "setores": 4, "municipio": "Brasília" }, "geometry": { "type": "MultiPolygon", "coordinates": [ [ [ [ -48.07399, -15.86374 ], [ -48.07136, -15.86258 ], [ -48.07225, -15.86039 ], [ -48.06725, -15.85905 ], [ -48.064, -15.86755 ], [ -48.06859, -15.86946 ], [ -48.07015, -15.86559 ], [ -48.07306, -15.86689 ], [ -48.07399, -15.86374 ] ] ], [ [ [ -48.07508, -15.86152 ], [ -48.07516, -15.85929 ], [ -48.0721, -15.86032 ], [ -48.07508, -15.86152 ] ] ], [ [ [ -48.07126, -15.85643 ], [ -48.07071, -15.85753 ], [ -48.07337, -15.85745 ], [ -48.07126, -15.85643 ] ] ] ] } },
{ "type": "Feature", "properties": { "cluster": 672.0, "hvi": 0.1459, "population": 1060, "setores": 1, "municipio": "Brasília" }, "geometry": { "type": "Polygon", "coordinates": [ [ [ -48.05261, -15.87853 ], [ -48.06037, -15.88246 ], [ -48.06138, -15.87984 ], [ -48.06051, -15.87694 ], [ -48.05261, -15.87853 ] ] ] } },
{ "type": "Feature", "properties": { "cluster": 673.0, "hvi": 0.1281, "population": 2118, "setores": 3, "municipio": "Brasília" }, "geometry": { "type": "Polygon", "coordinates": [ [ [ -48.05261, -15.87853 ], [ -48.06051, -15.87694 ], [ -48.05847, -15.87149 ], [ -48.06031, -15.87058 ], [ -48.05733, -15.86758 ], [ -48.05888, -15.86763 ], [ -48.05933, -15.86667 ], [ -48.05636, -15.86532 ], [ -48.05691, -15.86715 ], [ -48.05623, -15.86551 ], [ -48.04792, -15.8754 ], [ -48.05261, -15.87853 ] ] ] } },
{ "type": "Feature", "properties": { "cluster": 674.0, "hvi": 0.124, "population": 2403, "setores": 4, "municipio": "Brasília" }, "geometry": { "type": "MultiPolygon", "coordinates": [ [ [ [ -48.06181, -15.87639 ], [ -48.05992, -15.87239 ], [ -48.06236, -15.87047 ], [ -48.05776, -15.87184 ], [ -48.05862, -15.87341 ], [ -48.05984, -15.87246 ], [ -48.06051, -15.87694 ], [ -48.06181, -15.87639 ] ] ], [ [ [ -48.06423, -15.8731 ], [ -48.06476, -15.87121 ], [ -48.06155, -15.87292 ], [ -48.06423, -15.8731 ] ] ], [ [ [ -48.06765, -15.87034 ], [ -48.06536, -15.86963 ], [ -48.06712, -15.87193 ], [ -48.06765, -15.87034 ] ] ] ] } },
{ "type": "Feature", "properties": { "cluster": 675.0, "hvi": 0.1405, "population": 2824, "setores": 3, "municipio": "Brasília" }, "geometry": { "type": "Polygon", "coordinates": [ [ [ -48.06236, -15.87047 ], [ -48.06331, -15.86797 ], [ -48.06203, -15.86772 ], [ -48.064, -15.86755 ], [ -48.06442, -15.8667 ], [ -48.06084, -15.86613 ], [ -48.06338, -15.86727 ], [ -48.06073, -15.86611 ], [ -48.0591, -15.86836 ], [ -48.06236, -15.87047 ] ] ] } },
{ "type": "Feature", "properties": { "cluster": 676.0, "hvi": 0.1234, "population": 1819, "setores": 3, "municipio": "Brasília" }, "geometry": { "type": "MultiPolygon", "coordinates": [ [ [ [ -48.06593, -15.8684 ], [ -48.0632, -15.86822 ], [ -48.06476, -15.87121 ], [ -48.06538, -15.86963 ], [ -48.06593, -15.8684 ] ] ], [ [ [ -48.06765, -15.87034 ], [ -48.06799, -15.86929 ], [ -48.06538, -15.86963 ], [ -48.06765, -15.87034 ] ] ] ] } },
{ "type": "Feature", "properties": { "cluster": 677.0, "hvi": 0.1404, "population": 2861, "setores": 3, "municipio": "Brasília" }, "geometry": { "type": "MultiPolygon", "coordinates": [ [ [ [ -48.06139, -15.87883 ], [ -48.06477, -15.87952 ], [ -48.0655, -15.87698 ], [ -48.06181, -15.87639 ], [ -48.06139, -15.87883 ] ] ], [ [ [ -48.06314, -15.87627 ], [ -48.06448, -15.87317 ], [ -48.06169, -15.87293 ], [ -48.06198, -15.87152 ], [ -48.06065, -15.87521 ], [ -48.06159, -15.87342 ], [ -48.06181, -15.87639 ], [ -48.06314, -15.87627 ] ] ] ] } },
{ "type": "Feature", "properties": { "cluster": 678.0, "hvi": 0.1172, "population": 1980, "setores": 4, "municipio": "Brasília" }, "geometry": { "type": "MultiPolygon", "coordinates": [ [ [ [ -48.06613, -15.88407 ], [ -48.06693, -15.88154 ], [ -48.06354, -15.88328 ], [ -48.06613, -15.88407 ] ] ], [ [ [ -48.06426, -15.8807 ], [ -48.06317, -15.88 ], [ -48.06477, -15.87952 ], [ -48.06139, -15.87883 ], [ -48.06037, -15.88246 ], [ -48.06354, -15.88328 ], [ -48.06426, -15.8807 ] ] ], [ [ [ -48.067, -15.88091 ], [ -48.06474, -15.87962 ], [ -48.06681, -15.8815 ], [ -48.067, -15.88091 ] ] ] ] } },
{ "type": "Feature", "properties": { "cluster": 679.0, "hvi": 0.1346, "population": 1668, "setores": 2, "municipio": "Brasília" }, "geometry": { "type": "MultiPolygon", "coordinates": [ [ [ [ -48.06715, -15.88023 ], [ -48.068, -15.87774 ], [ -48.0655, -15.87698 ], [ -48.06715, -15.88023 ] ] ], [ [ [ -48.06455, -15.87581 ], [ -48.06712, -15.87193 ], [ -48.06476, -15.87121 ], [ -48.06455, -15.87581 ] ] ] ] } },
{ "type": "Feature", "properties": { "cluster": 680.0, "hvi": 0.1106, "population": 1483, "setores": 4, "municipio": "Brasília" }, "geometry": { "type": "MultiPolygon", "coordinates": [ [ [ [ -48.0704, -15.87845 ], [ -48.07075, -15.87612 ], [ -48.06779, -15.87768 ], [ -48.0704, -15.87845 ] ] ], [ [ [ -48.0708, -15.87726 ], [ -48.07103, -15.87527 ], [ -48.07075, -15.87612 ], [ -48.0708, -15.87726 ] ] ], [ [ [ -48.06779, -15.87768 ], [ -48.06911, -15.87523 ], [ -48.06692, -15.87423 ], [ -48.06819, -15.87577 ], [ -48.06621, -15.87483 ], [ -48.06779, -15.87768 ] ] ] ] } },
{ "type": "Feature", "properties": { "cluster": 681.0, "hvi": 0.139, "population": 2750, "setores": 3, "municipio": "Brasília" }, "geometry": { "type": "Polygon", "coordinates": [ [ [ -48.0655, -15.87698 ], [ -48.06625, -15.87483 ], [ -48.06888, -15.87485 ], [ -48.0707, -15.86974 ], [ -48.06712, -15.87193 ], [ -48.06671, -15.87322 ], [ -48.06518, -15.87276 ], [ -48.0655, -15.87698 ] ] ] } },
{ "type": "Feature", "properties": { "cluster": 682.0, "hvi": 0.1129, "population": 2427, "setores": 6, "municipio": "Brasília" }, "geometry": { "type": "MultiPolygon", "coordinates": [ [ [ [ -48.07167, -15.87479 ], [ -48.07214, -15.87093 ], [ -48.06969, -15.8727 ], [ -48.07167, -15.87479 ] ] ], [ [ [ -48.07291, -15.86986 ], [ -48.07214, -15.87093 ], [ -48.0724, -15.87228 ], [ -48.07291, -15.86986 ] ] ], [ [ [ -48.07861, -15.86942 ], [ -48.06976, -15.86542 ], [ -48.06859, -15.86946 ], [ -48.07291, -15.86986 ], [ -48.07716, -15.87091 ], [ -48.07861, -15.86942 ] ] ], [ [ [ -48.0768, -15.86515 ], [ -48.07573, -15.86633 ], [ -48.07541, -15.86795 ], [ -48.0768, -15.86515 ] ] ] ] } },
{ "type": "Feature", "properties": { "cluster": 683.0, "hvi": 0.1174, "population": 2522, "setores": 5, "municipio": "Brasília" }, "geometry": { "type": "MultiPolygon", "coordinates": [ [ [ [ -48.0709, -15.8855 ], [ -48.07166, -15.88297 ], [ -48.06841, -15.88476 ], [ -48.0709, -15.8855 ] ] ], [ [ [ -48.07214, -15.8825 ], [ -48.0731, -15.87928 ], [ -48.0704, -15.87845 ], [ -48.06971, -15.88101 ], [ -48.07112, -15.88112 ], [ -48.072, -15.88246 ], [ -48.06986, -15.88179 ], [ -48.06923, -15.88348 ], [ -48.07214, -15.8825 ] ] ], [ [ [ -48.07617, -15.87822 ], [ -48.0731, -15.87928 ], [ -48.07564, -15.88006 ], [ -48.07617, -15.87822 ] ] ] ] } },
{ "type": "Feature", "properties": { "cluster": 684.0, "hvi": 0.1353, "population": 1663, "setores": 2, "municipio": "Brasília" }, "geometry": { "type": "MultiPolygon", "coordinates": [ [ [ [ -48.0704, -15.87845 ], [ -48.0731, -15.87928 ], [ -48.07413, -15.87692 ], [ -48.0716, -15.87575 ], [ -48.0704, -15.87845 ] ] ], [ [ [ -48.06879, -15.87513 ], [ -48.07133, -15.87589 ], [ -48.07167, -15.87479 ], [ -48.06879, -15.87513 ] ] ] ] } },
{ "type": "Feature", "properties": { "cluster": 685.0, "hvi": 0.1358, "population": 2581, "setores": 3, "municipio": "Brasília" }, "geometry": { "type": "Polygon", "coordinates": [ [ [ -48.07922, -15.87769 ], [ -48.07993, -15.8758 ], [ -48.07495, -15.87427 ], [ -48.07139, -15.87571 ], [ -48.07413, -15.87691 ], [ -48.07387, -15.87774 ], [ -48.07922, -15.87769 ] ] ] } },
{ "type": "Feature", "properties": { "cluster": 686.0, "hvi": 0.1272, "population": 2763, "setores": 4, "municipio": "Brasília" }, "geometry": { "type": "MultiPolygon", "coordinates": [ [ [ [ -48.08002, -15.87447 ], [ -48.07797, -15.8728 ], [ -48.07521, -15.87186 ], [ -48.07723, -15.87498 ], [ -48.07789, -15.87303 ], [ -48.07962, -15.87571 ], [ -48.08002, -15.87447 ] ] ], [ [ [ -48.07489, -15.87425 ], [ -48.07462, -15.87071 ], [ -48.0757, -15.87026 ], [ -48.07291, -15.86986 ], [ -48.07206, -15.87341 ], [ -48.07489, -15.87425 ] ] ] ] } },
{ "type": "Feature", "properties": { "cluster": 687.0, "hvi": 0.1347, "population": 2497, "setores": 3, "municipio": "Brasília" }, "geometry": { "type": "MultiPolygon", "coordinates": [ [ [ [ -48.07962, -15.87571 ], [ -48.08246, -15.87658 ], [ -48.08281, -15.87546 ], [ -48.07962, -15.87571 ] ] ], [ [ [ -48.08052, -15.87424 ], [ -48.08048, -15.87247 ], [ -48.07849, -15.87401 ], [ -48.08052, -15.87424 ] ] ], [ [ [ -48.07857, -15.87157 ], [ -48.0757, -15.87026 ], [ -48.07797, -15.8728 ], [ -48.07857, -15.87157 ] ] ] ] } },
{ "type": "Feature", "properties": { "cluster": 688.0, "hvi": 0.1374, "population": 2781, "setores": 3, "municipio": "Brasília" }, "geometry": { "type": "MultiPolygon", "coordinates": [ [ [ [ -48.07619, -15.88707 ], [ -48.07697, -15.8846 ], [ -48.07438, -15.88378 ], [ -48.07289, -15.88608 ], [ -48.07619, -15.88707 ] ] ], [ [ [ -48.07289, -15.88608 ], [ -48.07456, -15.88324 ], [ -48.0709, -15.8855 ], [ -48.07289, -15.88608 ] ] ], [ [ [ -48.07456, -15.88324 ], [ -48.07564, -15.88006 ], [ -48.072, -15.88246 ], [ -48.07456, -15.88324 ] ] ] ] } },
{ "type": "Feature", "properties": { "cluster": 689.0, "hvi": 0.1217, "population": 2931, "setores": 5, "municipio": "Brasília" }, "geometry": { "type": "MultiPolygon", "coordinates": [ [ [ [ -48.08281, -15.87546 ], [ -48.08334, -15.87374 ], [ -48.08122, -15.87496 ], [ -48.08281, -15.87546 ] ] ], [ [ [ -48.08184, -15.87304 ], [ -48.08048, -15.87247 ], [ -48.08148, -15.87408 ], [ -48.08184, -15.87304 ] ] ], [ [ [ -48.08355, -15.87331 ], [ -48.08072, -15.87197 ], [ -48.08334, -15.87374 ], [ -48.08355, -15.87331 ] ] ], [ [ [ -48.07897, -15.87116 ], [ -48.08048, -15.87247 ], [ -48.08072, -15.87197 ], [ -48.07897, -15.87116 ] ] ], [ [ [ -48.0774, -15.87045 ], [ -48.07875, -15.87165 ], [ -48.07897, -15.87116 ], [ -48.0774, -15.87045 ] ] ] ] } },
{ "type": "Feature", "properties": { "cluster": 690.0, "hvi": 0.1257, "population": 2660, "setores": 4, "municipio": "Brasília" }, "geometry": { "type": "MultiPolygon", "coordinates": [ [ [ [ -48.07821, -15.88084 ], [ -48.08082, -15.88164 ], [ -48.08178, -15.87894 ], [ -48.07881, -15.8779 ], [ -48.07564, -15.88006 ], [ -48.07721, -15.8833 ], [ -48.07821, -15.88084 ] ] ], [ [ [ -48.08243, -15.87657 ], [ -48.07993, -15.8758 ], [ -48.08178, -15.87894 ], [ -48.08243, -15.87657 ] ] ] ] } },
{ "type": "Feature", "properties": { "cluster": 691.0, "hvi": 0.14, "population": 2800, "setores": 3, "municipio": "Brasília" }, "geometry": { "type": "MultiPolygon", "coordinates": [ [ [ [ -48.08537, -15.88555 ], [ -48.08566, -15.88462 ], [ -48.08053, -15.8826 ], [ -48.08537, -15.88555 ] ] ], [ [ [ -48.08082, -15.88164 ], [ -48.07821, -15.88084 ], [ -48.07979, -15.88484 ], [ -48.08082, -15.88164 ] ] ], [ [ [ -48.0881, -15.87716 ], [ -48.08243, -15.87657 ], [ -48.08082, -15.88164 ], [ -48.08722, -15.87998 ], [ -48.0881, -15.87716 ] ] ] ] } },
{ "type": "Feature", "properties": { "cluster": 692.0, "hvi": 0.119, "population": 2661, "setores": 5, "municipio": "Brasília" }, "geometry": { "type": "MultiPolygon", "coordinates": [ [ [ [ -48.08182, -15.88625 ], [ -48.08228, -15.88488 ], [ -48.07969, -15.88537 ], [ -48.07979, -15.88484 ], [ -48.07619, -15.88707 ], [ -48.07918, -15.88798 ], [ -48.07929, -15.88743 ], [ -48.0841, -15.88946 ], [ -48.08245, -15.88602 ], [ -48.08182, -15.88625 ] ], [ [ -48.07934, -15.88716 ], [ -48.07967, -15.88545 ], [ -48.081, -15.88655 ], [ -48.07934, -15.88716 ] ] ], [ [ [ -48.07709, -15.88327 ], [ -48.07438, -15.88378 ], [ -48.07668, -15.8845 ], [ -48.07709, -15.88327 ] ] ] ] } },
{ "type": "Feature", "properties": { "cluster": 693.0, "hvi": 0.1402, "population": 986, "setores": 1, "municipio": "Brasília" }, "geometry": { "type": "Polygon", "coordinates": [ [ [ -48.08357, -15.8811 ], [ -48.08722, -15.87998 ], [ -48.0839, -15.88002 ], [ -48.08357, -15.8811 ] ] ] } },
{ "type": "Feature", "properties": { "cluster": 694.0, "hvi": 0.1154, "population": 2770, "setores": 6, "municipio": "Brasília" }, "geometry": { "type": "MultiPolygon", "coordinates": [ [ [ [ -48.08938, -15.89103 ], [ -48.08613, -15.88798 ], [ -48.0841, -15.88946 ], [ -48.08938, -15.89103 ] ] ], [ [ [ -48.08738, -15.88837 ], [ -48.08782, -15.88703 ], [ -48.08516, -15.8862 ], [ -48.08738, -15.88837 ] ] ], [ [ [ -48.09005, -15.88902 ], [ -48.08939, -15.88708 ], [ -48.08738, -15.88837 ], [ -48.09005, -15.88902 ] ] ], [ [ [ -48.09036, -15.88583 ], [ -48.08939, -15.88708 ], [ -48.09017, -15.8886 ], [ -48.09036, -15.88583 ] ] ], [ [ [ -48.09036, -15.88583 ], [ -48.09054, -15.88461 ], [ -48.08609, -15.88326 ], [ -48.08537, -15.88555 ], [ -48.08305, -15.88444 ], [ -48.08452, -15.88815 ], [ -48.08516, -15.8862 ], [ -48.09036, -15.88583 ] ] ] ] } },
{ "type": "Feature", "properties": { "cluster": 695.0, "hvi": 0.1245, "population": 2573, "setores": 4, "municipio": "Brasília" }, "geometry": { "type": "MultiPolygon", "coordinates": [ [ [ [ -48.09458, -15.8926 ], [ -48.09584, -15.88877 ], [ -48.09195, -15.89184 ], [ -48.09458, -15.8926 ] ] ], [ [ [ -48.09159, -15.89028 ], [ -48.09119, -15.88691 ], [ -48.09409, -15.88734 ], [ -48.09036, -15.88583 ], [ -48.08979, -15.88972 ], [ -48.09159, -15.89028 ] ] ], [ [ [ -48.09584, -15.88877 ], [ -48.097, -15.88458 ], [ -48.09607, -15.88534 ], [ -48.09485, -15.88502 ], [ -48.09584, -15.88877 ] ] ] ] } },
{ "type": "Feature", "properties": { "cluster": 696.0, "hvi": 0.1362, "population": 1712, "setores": 2, "municipio": "Brasília" }, "geometry": { "type": "Polygon", "coordinates": [ [ [ -48.09101, -15.88314 ], [ -48.09473, -15.88425 ], [ -48.09374, -15.8828 ], [ -48.09489, -15.88299 ], [ -48.09583, -15.88145 ], [ -48.09212, -15.87954 ], [ -48.09124, -15.88239 ], [ -48.09205, -15.88252 ], [ -48.09101, -15.88314 ] ] ] } },
{ "type": "Feature", "properties": { "cluster": 697.0, "hvi": 0.1283, "population": 2152, "setores": 4, "municipio": "Brasília" }, "geometry": { "type": "MultiPolygon", "coordinates": [ [ [ [ -48.09235, -15.88724 ], [ -48.09159, -15.89028 ], [ -48.09195, -15.89184 ], [ -48.09235, -15.88724 ] ] ], [ [ [ -48.09472, -15.88547 ], [ -48.09473, -15.88425 ], [ -48.09101, -15.88314 ], [ -48.0932, -15.88644 ], [ -48.09472, -15.88547 ] ] ], [ [ [ -48.09054, -15.88461 ], [ -48.09089, -15.88355 ], [ -48.0884, -15.88396 ], [ -48.09054, -15.88461 ] ] ], [ [ [ -48.097, -15.88458 ], [ -48.09774, -15.88289 ], [ -48.09453, -15.88402 ], [ -48.097, -15.88458 ] ] ] ] } },
{ "type": "Feature", "properties": { "cluster": 698.0, "hvi": 0.1289, "population": 2893, "setores": 4, "municipio": "Brasília" }, "geometry": { "type": "MultiPolygon", "coordinates": [ [ [ [ -48.10387, -15.89032 ], [ -48.09818, -15.88919 ], [ -48.09942, -15.8864 ], [ -48.09584, -15.88877 ], [ -48.09458, -15.8926 ], [ -48.10001, -15.89426 ], [ -48.10387, -15.89032 ] ] ], [ [ [ -48.10373, -15.89025 ], [ -48.10422, -15.88886 ], [ -48.1021, -15.88663 ], [ -48.10092, -15.88886 ], [ -48.10373, -15.89025 ] ] ] ] } },
{ "type": "Feature", "properties": { "cluster": 699.0, "hvi": 0.1325, "population": 1628, "setores": 2, "municipio": "Brasília" }, "geometry": { "type": "MultiPolygon", "coordinates": [ [ [ [ -48.09885, -15.88676 ], [ -48.09804, -15.88952 ], [ -48.10189, -15.88703 ], [ -48.09885, -15.88676 ] ] ], [ [ [ -48.09651, -15.88671 ], [ -48.09942, -15.8864 ], [ -48.10014, -15.88431 ], [ -48.09705, -15.88383 ], [ -48.09651, -15.88671 ] ] ] ] } },
{ "type": "Feature", "properties": { "cluster": 700.0, "hvi": 0.1227, "population": 1819, "setores": 3, "municipio": "Brasília" }, "geometry": { "type": "MultiPolygon", "coordinates": [ [ [ [ -48.10014, -15.88431 ], [ -48.10096, -15.88183 ], [ -48.09935, -15.88109 ], [ -48.09995, -15.87717 ], [ -48.09618, -15.87966 ], [ -48.09871, -15.88081 ], [ -48.10014, -15.88431 ] ] ], [ [ [ -48.09839, -15.88206 ], [ -48.09538, -15.87929 ], [ -48.09774, -15.88289 ], [ -48.09839, -15.88206 ] ] ] ] } },
{ "type": "Feature", "properties": { "cluster": 701.0, "hvi": 0.1219, "population": 2995, "setores": 5, "municipio": "Brasília" }, "geometry": { "type": "MultiPolygon", "coordinates": [ [ [ [ -48.1055, -15.88679 ], [ -48.10267, -15.88549 ], [ -48.10422, -15.88886 ], [ -48.1055, -15.88679 ] ] ], [ [ [ -48.10189, -15.88703 ], [ -48.10382, -15.88314 ], [ -48.10681, -15.88459 ], [ -48.10803, -15.88295 ], [ -48.10545, -15.87972 ], [ -48.10252, -15.87836 ], [ -48.10269, -15.879 ], [ -48.09995, -15.87717 ], [ -48.09935, -15.8811 ], [ -48.10096, -15.88184 ], [ -48.09964, -15.88573 ], [ -48.10189, -15.88703 ] ], [ [ -48.10199, -15.8823 ], [ -48.10302, -15.88022 ], [ -48.10382, -15.88314 ], [ -48.10199, -15.8823 ] ] ] ] } },
{ "type": "Feature", "properties": { "cluster": 702.0, "hvi": 0.1131, "population": 2935, "setores": 7, "municipio": "Brasília" }, "geometry": { "type": "MultiPolygon", "coordinates": [ [ [ [ -48.10457, -15.89562 ], [ -48.10589, -15.8933 ], [ -48.10396, -15.89368 ], [ -48.10457, -15.89562 ] ] ], [ [ [ -48.10274, -15.89233 ], [ -48.10001, -15.89426 ], [ -48.10151, -15.89471 ], [ -48.10274, -15.89233 ] ] ], [ [ [ -48.10671, -15.89161 ], [ -48.10721, -15.89414 ], [ -48.1079, -15.89219 ], [ -48.10671, -15.89161 ] ] ], [ [ [ -48.10501, -15.89084 ], [ -48.10207, -15.89366 ], [ -48.10319, -15.89417 ], [ -48.10501, -15.89084 ] ] ], [ [ [ -48.10501, -15.89084 ], [ -48.10589, -15.8933 ], [ -48.10671, -15.89161 ], [ -48.10501, -15.89084 ] ] ], [ [ [ -48.1018, -15.89047 ], [ -48.10274, -15.89233 ], [ -48.10332, -15.89117 ], [ -48.1018, -15.89047 ] ] ] ] } },
{ "type": "Feature", "properties": { "cluster": 703.0, "hvi": 0.1364, "population": 2584, "setores": 3, "municipio": "Brasília" }, "geometry": { "type": "MultiPolygon", "coordinates": [ [ [ [ -48.10588, -15.89122 ], [ -48.10859, -15.88855 ], [ -48.10495, -15.88675 ], [ -48.10588, -15.89122 ] ] ], [ [ [ -48.10975, -15.88587 ], [ -48.10689, -15.88456 ], [ -48.10886, -15.8874 ], [ -48.10975, -15.88587 ] ] ], [ [ [ -48.10681, -15.88459 ], [ -48.10382, -15.88314 ], [ -48.10267, -15.88549 ], [ -48.10571, -15.88689 ], [ -48.10681, -15.88459 ] ] ] ] } },
{ "type": "Feature", "properties": { "cluster": 704.0, "hvi": 0.1323, "population": 2357, "setores": 3, "municipio": "Brasília" }, "geometry": { "type": "MultiPolygon", "coordinates": [ [ [ [ -48.10964, -15.89303 ], [ -48.11064, -15.891 ], [ -48.11013, -15.89076 ], [ -48.11133, -15.89009 ], [ -48.10859, -15.88855 ], [ -48.10671, -15.89161 ], [ -48.10773, -15.8921 ], [ -48.10966, -15.89102 ], [ -48.10964, -15.89303 ] ] ], [ [ [ -48.10804, -15.88933 ], [ -48.106, -15.88847 ], [ -48.10671, -15.89161 ], [ -48.10804, -15.88933 ] ] ] ] } },
{ "type": "Feature", "properties": { "cluster": 705.0, "hvi": 0.1204, "population": 1114, "setores": 2, "municipio": "Brasília" }, "geometry": { "type": "MultiPolygon", "coordinates": [ [ [ [ -48.10457, -15.89562 ], [ -48.1083, -15.89675 ], [ -48.10853, -15.89518 ], [ -48.10457, -15.89562 ] ] ], [ [ [ -48.10853, -15.89518 ], [ -48.10964, -15.89303 ], [ -48.1079, -15.89219 ], [ -48.10853, -15.89518 ] ] ] ] } },
{ "type": "Feature", "properties": { "cluster": 706.0, "hvi": 0.127, "population": 2715, "setores": 4, "municipio": "Brasília" }, "geometry": { "type": "MultiPolygon", "coordinates": [ [ [ [ -48.1127, -15.89437 ], [ -48.11415, -15.89141 ], [ -48.11133, -15.89009 ], [ -48.10964, -15.89303 ], [ -48.1127, -15.89437 ] ] ], [ [ [ -48.11133, -15.89009 ], [ -48.11246, -15.88713 ], [ -48.11097, -15.88762 ], [ -48.1109, -15.88639 ], [ -48.10974, -15.88802 ], [ -48.10843, -15.88845 ], [ -48.11133, -15.89009 ] ] ], [ [ [ -48.10908, -15.88607 ], [ -48.10643, -15.88534 ], [ -48.10843, -15.88845 ], [ -48.10908, -15.88607 ] ] ] ] } },
{ "type": "Feature", "properties": { "cluster": 707.0, "hvi": 0.1307, "population": 2420, "setores": 4, "municipio": "Brasília" }, "geometry": { "type": "MultiPolygon", "coordinates": [ [ [ [ -48.05954, -15.89914 ], [ -48.07702, -15.90139 ], [ -48.10386, -15.91292 ], [ -48.10801, -15.91012 ], [ -48.0966, -15.90436 ], [ -48.0989, -15.89689 ], [ -48.13668, -15.90836 ], [ -48.13717, -15.90547 ], [ -48.06037, -15.88246 ], [ -48.05538, -15.89784 ], [ -48.05954, -15.89914 ] ] ], [ [ [ -48.11439, -15.89523 ], [ -48.10964, -15.89303 ], [ -48.10836, -15.89551 ], [ -48.11261, -15.89806 ], [ -48.11439, -15.89523 ] ] ] ] } },
{ "type": "Feature", "properties": { "cluster": 708.0, "hvi": 0.1209, "population": 3502, "setores": 6, "municipio": "Brasília" }, "geometry": { "type": "MultiPolygon", "coordinates": [ [ [ [ -48.1168, -15.89771 ], [ -48.11439, -15.89523 ], [ -48.11261, -15.89806 ], [ -48.11584, -15.89904 ], [ -48.1168, -15.89771 ] ] ], [ [ [ -48.11987, -15.89406 ], [ -48.11861, -15.89707 ], [ -48.12096, -15.89722 ], [ -48.12319, -15.89559 ], [ -48.11987, -15.89406 ] ] ], [ [ [ -48.11555, -15.89576 ], [ -48.11722, -15.89282 ], [ -48.11415, -15.89141 ], [ -48.1127, -15.89437 ], [ -48.11544, -15.8941 ], [ -48.11555, -15.89576 ] ] ], [ [ [ -48.11921, -15.89074 ], [ -48.11987, -15.89406 ], [ -48.1212, -15.89179 ], [ -48.11921, -15.89074 ] ] ], [ [ [ -48.11857, -15.88989 ], [ -48.11921, -15.89074 ], [ -48.12153, -15.89127 ], [ -48.11857, -15.88989 ] ] ] ] } },
{ "type": "Feature", "properties": { "cluster": 709.0, "hvi": 0.1145, "population": 2686, "setores": 6, "municipio": "Brasília" }, "geometry": { "type": "MultiPolygon", "coordinates": [ [ [ [ -48.11804, -15.89829 ], [ -48.11861, -15.89707 ], [ -48.11607, -15.89653 ], [ -48.11786, -15.89777 ], [ -48.11804, -15.89829 ] ] ], [ [ [ -48.1168, -15.89771 ], [ -48.11804, -15.89829 ], [ -48.11607, -15.89653 ], [ -48.1168, -15.89771 ] ] ], [ [ [ -48.11861, -15.89707 ], [ -48.11987, -15.89406 ], [ -48.11692, -15.89287 ], [ -48.1185, -15.89433 ], [ -48.11691, -15.89438 ], [ -48.11555, -15.89576 ], [ -48.11667, -15.89627 ], [ -48.11746, -15.89552 ], [ -48.11763, -15.89667 ], [ -48.11861, -15.89707 ] ] ] ] } },
{ "type": "Feature", "properties": { "cluster": 710.0, "hvi": 0.121, "population": 1772, "setores": 4, "municipio": "Brasília" }, "geometry": { "type": "MultiPolygon", "coordinates": [ [ [ [ -48.12575, -15.88907 ], [ -48.12318, -15.88788 ], [ -48.12091, -15.88891 ], [ -48.12153, -15.89127 ], [ -48.12414, -15.89248 ], [ -48.12575, -15.88907 ] ] ], [ [ [ -48.11722, -15.89282 ], [ -48.12021, -15.88651 ], [ -48.11415, -15.88373 ], [ -48.11133, -15.89009 ], [ -48.11722, -15.89282 ] ] ], [ [ [ -48.12199, -15.88733 ], [ -48.12021, -15.88651 ], [ -48.12091, -15.88891 ], [ -48.12199, -15.88733 ] ] ] ] } },
{ "type": "Feature", "properties": { "cluster": 711.0, "hvi": 0.1375, "population": 848, "setores": 1, "municipio": "Brasília" }, "geometry": { "type": "Polygon", "coordinates": [ [ [ -48.11912, -15.89735 ], [ -48.12172, -15.89852 ], [ -48.12273, -15.89654 ], [ -48.12146, -15.89597 ], [ -48.11912, -15.89735 ] ] ] } },
{ "type": "Feature", "properties": { "cluster": 712.0, "hvi": 0.1217, "population": 2339, "setores": 4, "municipio": "Brasília" }, "geometry": { "type": "MultiPolygon", "coordinates": [ [ [ [ -48.12686, -15.90235 ], [ -48.12725, -15.90107 ], [ -48.12259, -15.89891 ], [ -48.12572, -15.89675 ], [ -48.12319, -15.89559 ], [ -48.12172, -15.89851 ], [ -48.11861, -15.89707 ], [ -48.11748, -15.89953 ], [ -48.12686, -15.90235 ] ] ], [ [ [ -48.12686, -15.90235 ], [ -48.14478, -15.90776 ], [ -48.14752, -15.89912 ], [ -48.12824, -15.89019 ], [ -48.12688, -15.89298 ], [ -48.12992, -15.89546 ], [ -48.12686, -15.90235 ] ] ], [ [ [ -48.12437, -15.88841 ], [ -48.12824, -15.89019 ], [ -48.12473, -15.88773 ], [ -48.12437, -15.88841 ] ] ] ] } },
{ "type": "Feature", "properties": { "cluster": 713.0, "hvi": 0.1187, "population": 1587, "setores": 3, "municipio": "Brasília" }, "geometry": { "type": "MultiPolygon", "coordinates": [ [ [ [ -48.12751, -15.89879 ], [ -48.12436, -15.89968 ], [ -48.12572, -15.89962 ], [ -48.12497, -15.89997 ], [ -48.12725, -15.90107 ], [ -48.12874, -15.89813 ], [ -48.12548, -15.89744 ], [ -48.12751, -15.89879 ] ] ], [ [ [ -48.1252, -15.89812 ], [ -48.12426, -15.89768 ], [ -48.12436, -15.89968 ], [ -48.1252, -15.89812 ] ] ] ] } },
{ "type": "Feature", "properties": { "cluster": 714.0, "hvi": 0.1228, "population": 2473, "setores": 4, "municipio": "Brasília" }, "geometry": { "type": "MultiPolygon", "coordinates": [ [ [ [ -48.11987, -15.89406 ], [ -48.12572, -15.89675 ], [ -48.12651, -15.89551 ], [ -48.12457, -15.89268 ], [ -48.1266, -15.89361 ], [ -48.12824, -15.89019 ], [ -48.12575, -15.88907 ], [ -48.12414, -15.89248 ], [ -48.12195, -15.89146 ], [ -48.11987, -15.89406 ] ], [ [ -48.12396, -15.89385 ], [ -48.12307, -15.89291 ], [ -48.12457, -15.89268 ], [ -48.12396, -15.89385 ] ] ] ] } },
{ "type": "Feature", "properties": { "cluster": 715.0, "hvi": 0.1284, "population": 1431, "setores": 2, "municipio": "Brasília" }, "geometry": { "type": "Polygon", "coordinates": [ [ [ -48.12572, -15.89675 ], [ -48.12874, -15.89813 ], [ -48.12989, -15.89572 ], [ -48.12751, -15.89354 ], [ -48.1251, -15.89482 ], [ -48.12643, -15.89548 ], [ -48.12572, -15.89675 ] ] ] } },
{ "type": "Feature", "properties": { "cluster": 716.0, "hvi": 0.1158, "population": 2406, "setores": 5, "municipio": "Brasília" }, "geometry": { "type": "MultiPolygon", "coordinates": [ [ [ [ -48.11547, -15.88044 ], [ -48.11178, -15.87888 ], [ -48.11143, -15.88246 ], [ -48.11428, -15.88379 ], [ -48.11547, -15.88044 ] ] ], [ [ [ -48.11738, -15.88156 ], [ -48.11865, -15.88227 ], [ -48.12003, -15.87941 ], [ -48.11641, -15.87871 ], [ -48.11738, -15.88156 ] ] ] ] } },
{ "type": "Feature", "properties": { "cluster": 717.0, "hvi": 0.1276, "population": 3517, "setores": 5, "municipio": "Brasília" }, "geometry": { "type": "MultiPolygon", "coordinates": [ [ [ [ -48.09027, -15.8705 ], [ -48.08674, -15.86889 ], [ -48.08821, -15.87203 ], [ -48.08583, -15.86847 ], [ -48.08409, -15.87195 ], [ -48.08592, -15.87278 ], [ -48.08862, -15.87563 ], [ -48.09027, -15.8705 ] ] ], [ [ [ -48.0913, -15.86853 ], [ -48.08655, -15.86764 ], [ -48.09311, -15.87181 ], [ -48.0938, -15.86904 ], [ -48.09181, -15.86756 ], [ -48.0913, -15.86853 ] ] ], [ [ [ -48.08362, -15.86578 ], [ -48.08609, -15.8686 ], [ -48.0867, -15.86688 ], [ -48.08362, -15.86578 ] ] ] ] } },
{ "type": "Feature", "properties": { "cluster": 718.0, "hvi": 0.1291, "population": 2963, "setores": 4, "municipio": "Brasília" }, "geometry": { "type": "MultiPolygon", "coordinates": [ [ [ [ -48.0782, -15.86923 ], [ -48.07942, -15.86677 ], [ -48.07792, -15.86721 ], [ -48.0796, -15.86643 ], [ -48.0768, -15.86515 ], [ -48.07761, -15.8673 ], [ -48.07541, -15.86795 ], [ -48.0782, -15.86923 ] ] ], [ [ [ -48.0782, -15.86923 ], [ -48.08077, -15.86889 ], [ -48.0796, -15.86643 ], [ -48.0782, -15.86923 ] ] ], [ [ [ -48.08019, -15.86522 ], [ -48.07628, -15.86416 ], [ -48.0796, -15.86643 ], [ -48.08019, -15.86522 ] ] ] ] } },
{ "type": "Feature", "properties": { "cluster": 719.0, "hvi": 0.1182, "population": 2094, "setores": 4, "municipio": "Brasília" }, "geometry": { "type": "MultiPolygon", "coordinates": [ [ [ [ -48.06841, -15.88476 ], [ -48.06937, -15.88165 ], [ -48.06712, -15.88035 ], [ -48.06698, -15.88087 ], [ -48.06645, -15.87939 ], [ -48.06512, -15.88035 ], [ -48.06697, -15.88091 ], [ -48.06613, -15.88407 ], [ -48.06841, -15.88476 ] ] ], [ [ [ -48.06971, -15.88101 ], [ -48.06777, -15.87978 ], [ -48.06937, -15.88165 ], [ -48.06971, -15.88101 ] ] ], [ [ [ -48.0704, -15.87845 ], [ -48.068, -15.87774 ], [ -48.06971, -15.88101 ], [ -48.0704, -15.87845 ] ] ] ] } },
{ "type": "Feature", "properties": { "cluster": 720.0, "hvi": 0.1239, "population": 1870, "setores": 3, "municipio": "Brasília" }, "geometry": { "type": "Polygon", "coordinates": [ [ [ -48.07501, -15.86776 ], [ -48.07573, -15.86633 ], [ -48.07372, -15.86574 ], [ -48.07642, -15.86497 ], [ -48.07449, -15.86273 ], [ -48.076, -15.86476 ], [ -48.07399, -15.86374 ], [ -48.0736, -15.8657 ], [ -48.0731, -15.86556 ], [ -48.07501, -15.86776 ] ] ] } },
{ "type": "Feature", "properties": { "cluster": 721.0, "hvi": 0.1403, "population": 1968, "setores": 3, "municipio": "Brasília" }, "geometry": { "type": "MultiPolygon", "coordinates": [ [ [ [ -48.08523, -15.87408 ], [ -48.08591, -15.87279 ], [ -48.0809, -15.87048 ], [ -48.08228, -15.86767 ], [ -48.08117, -15.86715 ], [ -48.07861, -15.86942 ], [ -48.08523, -15.87408 ] ] ], [ [ [ -48.08484, -15.86945 ], [ -48.08228, -15.86767 ], [ -48.08284, -15.87101 ], [ -48.08484, -15.86945 ] ] ] ] } },
{ "type": "Feature", "properties": { "cluster": 722.0, "hvi": 0.12, "population": 2750, "setores": 5, "municipio": "Brasília" }, "geometry": { "type": "MultiPolygon", "coordinates": [ [ [ [ -48.08171, -15.87085 ], [ -48.08409, -15.87195 ], [ -48.08432, -15.87051 ], [ -48.08171, -15.87085 ] ] ], [ [ [ -48.08541, -15.86928 ], [ -48.08583, -15.86847 ], [ -48.08243, -15.86835 ], [ -48.08541, -15.86928 ] ] ], [ [ [ -48.08335, -15.86698 ], [ -48.07803, -15.86308 ], [ -48.08269, -15.86787 ], [ -48.08335, -15.86698 ] ] ], [ [ [ -48.0799, -15.86281 ], [ -48.08054, -15.86479 ], [ -48.08115, -15.86387 ], [ -48.0799, -15.86281 ] ] ], [ [ [ -48.07849, -15.86117 ], [ -48.08115, -15.86387 ], [ -48.08166, -15.8626 ], [ -48.07849, -15.86117 ] ] ] ] } },
{ "type": "Feature", "properties": { "cluster": 723.0, "hvi": 0.1435, "population": 2026, "setores": 2, "municipio": "Brasília" }, "geometry": { "type": "MultiPolygon", "coordinates": [ [ [ [ -48.0881, -15.87716 ], [ -48.08862, -15.87563 ], [ -48.08693, -15.8749 ], [ -48.0881, -15.87716 ] ] ], [ [ [ -48.08246, -15.87658 ], [ -48.08611, -15.87665 ], [ -48.08693, -15.8749 ], [ -48.08355, -15.87331 ], [ -48.08246, -15.87658 ] ] ] ] } },
{ "type": "Feature", "properties": { "cluster": 724.0, "hvi": 0.1311, "population": 2342, "setores": 3, "municipio": "Brasília" }, "geometry": { "type": "MultiPolygon", "coordinates": [ [ [ [ -48.09094, -15.87663 ], [ -48.09265, -15.87736 ], [ -48.09451, -15.87245 ], [ -48.09027, -15.8705 ], [ -48.0881, -15.87716 ], [ -48.0911, -15.87916 ], [ -48.09094, -15.87663 ] ] ], [ [ [ -48.09924, -15.87756 ], [ -48.09451, -15.87245 ], [ -48.09536, -15.87708 ], [ -48.09924, -15.87756 ] ] ] ] } },
{ "type": "Feature", "properties": { "cluster": 725.0, "hvi": 0.1153, "population": 958, "setores": 2, "municipio": "Brasília" }, "geometry": { "type": "Polygon", "coordinates": [ [ [ -48.11246, -15.88713 ], [ -48.11415, -15.88373 ], [ -48.11143, -15.88246 ], [ -48.11256, -15.88505 ], [ -48.11061, -15.88415 ], [ -48.11246, -15.88713 ] ] ] } },
{ "type": "Feature", "properties": { "cluster": 726.0, "hvi": 0.1181, "population": 2617, "setores": 5, "municipio": "Brasília" }, "geometry": { "type": "MultiPolygon", "coordinates": [ [ [ [ -48.13128, -15.88457 ], [ -48.12715, -15.88338 ], [ -48.12787, -15.88653 ], [ -48.12992, -15.88744 ], [ -48.13128, -15.88457 ] ] ], [ [ [ -48.12924, -15.88214 ], [ -48.13168, -15.88474 ], [ -48.13222, -15.88352 ], [ -48.12924, -15.88214 ] ] ], [ [ [ -48.12524, -15.88181 ], [ -48.12468, -15.88155 ], [ -48.12642, -15.88486 ], [ -48.12715, -15.88338 ], [ -48.12743, -15.88283 ], [ -48.12524, -15.88181 ] ] ], [ [ [ -48.12588, -15.87984 ], [ -48.12399, -15.87846 ], [ -48.12524, -15.88181 ], [ -48.12588, -15.87984 ] ] ], [ [ [ -48.12864, -15.88339 ], [ -48.12924, -15.88214 ], [ -48.1259, -15.8806 ], [ -48.12864, -15.88339 ] ] ] ] } },
{ "type": "Feature", "properties": { "cluster": 727.0, "hvi": 0.1277, "population": 2084, "setores": 3, "municipio": "Brasília" }, "geometry": { "type": "MultiPolygon", "coordinates": [ [ [ [ -48.06725, -15.85905 ], [ -48.0691, -15.85898 ], [ -48.07035, -15.85644 ], [ -48.06725, -15.85905 ] ] ], [ [ [ -48.06962, -15.85502 ], [ -48.06827, -15.8544 ], [ -48.06865, -15.85704 ], [ -48.06962, -15.85502 ] ] ], [ [ [ -48.07097, -15.85345 ], [ -48.06932, -15.85266 ], [ -48.0701, -15.85524 ], [ -48.07097, -15.85345 ] ] ] ] } },
{ "type": "Feature", "properties": { "cluster": 728.0, "hvi": 0.1395, "population": 2879, "setores": 3, "municipio": "Brasília" }, "geometry": { "type": "Polygon", "coordinates": [ [ [ -48.14585, -15.88897 ], [ -48.14829, -15.89058 ], [ -48.14568, -15.88841 ], [ -48.14873, -15.89004 ], [ -48.15038, -15.88805 ], [ -48.14356, -15.88428 ], [ -48.14136, -15.885 ], [ -48.14484, -15.88796 ], [ -48.14284, -15.88831 ], [ -48.14585, -15.88897 ] ] ] } },
{ "type": "Feature", "properties": { "cluster": 729.0, "hvi": 0.1143, "population": 2278, "setores": 5, "municipio": "Brasília" }, "geometry": { "type": "MultiPolygon", "coordinates": [ [ [ [ -48.15143, -15.88492 ], [ -48.14808, -15.88391 ], [ -48.1509, -15.88556 ], [ -48.1489, -15.88758 ], [ -48.14989, -15.88751 ], [ -48.14942, -15.89004 ], [ -48.14662, -15.88865 ], [ -48.14829, -15.89058 ], [ -48.15027, -15.89046 ], [ -48.15143, -15.88492 ] ] ], [ [ [ -48.14839, -15.88511 ], [ -48.1489, -15.88758 ], [ -48.14996, -15.88575 ], [ -48.14839, -15.88511 ] ] ] ] } },
{ "type": "Feature", "properties": { "cluster": 730.0, "hvi": 0.1103, "population": 2843, "setores": 8, "municipio": "Brasília" }, "geometry": { "type": "MultiPolygon", "coordinates": [ [ [ [ -48.14199, -15.88796 ], [ -48.14253, -15.88724 ], [ -48.14284, -15.88831 ], [ -48.14344, -15.88725 ], [ -48.14159, -15.8853 ], [ -48.14286, -15.88328 ], [ -48.14276, -15.88508 ], [ -48.14509, -15.88544 ], [ -48.14696, -15.88359 ], [ -48.14332, -15.88254 ], [ -48.14877, -15.8841 ], [ -48.14449, -15.87861 ], [ -48.13588, -15.88474 ], [ -48.13444, -15.88671 ], [ -48.13941, -15.88878 ], [ -48.1411, -15.88608 ], [ -48.14057, -15.88985 ], [ -48.14198, -15.88798 ], [ -48.14211, -15.88961 ], [ -48.14278, -15.88831 ], [ -48.14199, -15.88796 ] ], [ [ -48.14471, -15.88483 ], [ -48.14294, -15.88314 ], [ -48.14332, -15.88254 ], [ -48.14471, -15.88483 ] ] ], [ [ [ -48.14786, -15.88717 ], [ -48.14839, -15.88511 ], [ -48.14696, -15.88359 ], [ -48.14762, -15.88553 ], [ -48.1464, -15.88641 ], [ -48.14786, -15.88717 ] ] ] ] } },
{ "type": "Feature", "properties": { "cluster": 731.0, "hvi": 0.1241, "population": 2562, "setores": 4, "municipio": "Brasília" }, "geometry": { "type": "MultiPolygon", "coordinates": [ [ [ [ -48.09273, -15.87808 ], [ -48.0939, -15.88019 ], [ -48.09538, -15.87929 ], [ -48.09273, -15.87808 ] ] ], [ [ [ -48.09295, -15.87756 ], [ -48.09618, -15.87966 ], [ -48.09724, -15.87795 ], [ -48.09398, -15.87462 ], [ -48.09293, -15.87755 ], [ -48.0911, -15.87916 ], [ -48.09212, -15.87954 ], [ -48.09273, -15.87808 ], [ -48.09295, -15.87756 ] ] ], [ [ [ -48.09171, -15.87775 ], [ -48.09094, -15.87663 ], [ -48.09051, -15.87756 ], [ -48.09171, -15.87775 ] ] ] ] } },
{ "type": "Feature", "properties": { "cluster": 732.0, "hvi": 0.1253, "population": 2608, "setores": 4, "municipio": "Brasília" }, "geometry": { "type": "MultiPolygon", "coordinates": [ [ [ [ -48.08726, -15.88361 ], [ -48.0884, -15.88396 ], [ -48.08765, -15.88308 ], [ -48.08882, -15.88265 ], [ -48.08379, -15.88254 ], [ -48.08743, -15.88305 ], [ -48.08726, -15.88361 ] ] ], [ [ [ -48.08609, -15.88326 ], [ -48.08082, -15.88164 ], [ -48.08566, -15.88462 ], [ -48.08609, -15.88326 ] ] ], [ [ [ -48.09101, -15.88314 ], [ -48.09212, -15.87954 ], [ -48.0881, -15.87716 ], [ -48.08657, -15.88198 ], [ -48.09101, -15.88314 ] ] ] ] } },
{ "type": "Feature", "properties": { "cluster": 733.0, "hvi": 0.1424, "population": 2067, "setores": 2, "municipio": "Brasília" }, "geometry": { "type": "MultiPolygon", "coordinates": [ [ [ [ -48.08874, -15.88291 ], [ -48.09089, -15.88355 ], [ -48.09101, -15.88314 ], [ -48.08874, -15.88291 ] ] ], [ [ [ -48.08882, -15.88265 ], [ -48.0891, -15.88177 ], [ -48.08808, -15.88148 ], [ -48.08882, -15.88265 ] ] ] ] } },
{ "type": "Feature", "properties": { "cluster": 734.0, "hvi": 0.1334, "population": 802, "setores": 1, "municipio": "Brasília" }, "geometry": { "type": "Polygon", "coordinates": [ [ [ -48.07191, -15.85324 ], [ -48.07556, -15.85494 ], [ -48.07618, -15.85367 ], [ -48.07313, -15.85083 ], [ -48.07191, -15.85324 ] ] ] } },
{ "type": "Feature", "properties": { "cluster": 735.0, "hvi": 0.1043, "population": 239, "setores": 1, "municipio": "Brasília" }, "geometry": { "type": "Polygon", "coordinates": [ [ [ -48.19065, -15.90762 ], [ -48.18529, -15.90495 ], [ -48.18067, -15.90438 ], [ -48.18456, -15.91042 ], [ -48.19065, -15.90762 ] ] ] } },
{ "type": "Feature", "properties": { "cluster": 736.0, "hvi": 0.128, "population": 763, "setores": 1, "municipio": "Brasília" }, "geometry": { "type": "Polygon", "coordinates": [ [ [ -48.12532, -15.87324 ], [ -48.12588, -15.87984 ], [ -48.13016, -15.877 ], [ -48.12532, -15.87324 ] ] ] } },
{ "type": "Feature", "properties": { "cluster": 737.0, "hvi": 0.1186, "population": 1048, "setores": 2, "municipio": "Brasília" }, "geometry": { "type": "MultiPolygon", "coordinates": [ [ [ [ -48.09238, -15.88566 ], [ -48.09302, -15.88502 ], [ -48.09224, -15.88435 ], [ -48.09238, -15.88566 ] ] ], [ [ [ -48.09192, -15.88531 ], [ -48.09224, -15.88435 ], [ -48.09156, -15.88407 ], [ -48.09192, -15.88531 ] ] ] ] } },
{ "type": "Feature", "properties": { "cluster": 738.0, "hvi": 0.1037, "population": 207, "setores": 1, "municipio": "Brasília" }, "geometry": { "type": "Polygon", "coordinates": [ [ [ -48.19556, -15.90845 ], [ -48.19681, -15.91397 ], [ -48.20215, -15.91387 ], [ -48.20339, -15.90834 ], [ -48.19556, -15.90845 ] ] ] } },
{ "type": "Feature", "properties": { "cluster": 739.0, "hvi": 0.12, "population": 750, "setores": 2, "municipio": "Brasília" }, "geometry": { "type": "MultiPolygon", "coordinates": [ [ [ [ -48.16472, -15.91818 ], [ -48.1663, -15.92361 ], [ -48.16841, -15.92308 ], [ -48.16876, -15.91652 ], [ -48.16472, -15.91818 ] ] ], [ [ [ -48.1751, -15.91009 ], [ -48.17441, -15.90762 ], [ -48.16028, -15.9126 ], [ -48.16472, -15.91818 ], [ -48.1751, -15.91009 ] ] ] ] } },
{ "type": "Feature", "properties": { "cluster": 740.0, "hvi": 0.1026, "population": 2806, "setores": 20, "municipio": "Brasília" }, "geometry": { "type": "MultiPolygon", "coordinates": [ [ [ [ -48.17565, -15.85696 ], [ -48.17805, -15.84801 ], [ -48.1859, -15.84449 ], [ -48.19016, -15.83589 ], [ -48.18388, -15.82408 ], [ -48.18334, -15.83119 ], [ -48.18322, -15.82205 ], [ -48.19113, -15.81054 ], [ -48.18857, -15.798 ], [ -48.18689, -15.79829 ], [ -48.19752, -15.79528 ], [ -48.19399, -15.78873 ], [ -48.19844, -15.78876 ], [ -48.20009, -15.78438 ], [ -48.19302, -15.78228 ], [ -48.18738, -15.78655 ], [ -48.17495, -15.78747 ], [ -48.17247, -15.79643 ], [ -48.16388, -15.79398 ], [ -48.15833, -15.80998 ], [ -48.17048, -15.82375 ], [ -48.16427, -15.81888 ], [ -48.16259, -15.82351 ], [ -48.16686, -15.82753 ], [ -48.16041, -15.82484 ], [ -48.1635, -15.83093 ], [ -48.16051, -15.8318 ], [ -48.15988, -15.82725 ], [ -48.15369, -15.82739 ], [ -48.1509, -15.82054 ], [ -48.1474, -15.82258 ], [ -48.1463, -15.82817 ], [ -48.14587, -15.8275 ], [ -48.14055, -15.83022 ], [ -48.1416, -15.83232 ], [ -48.14079, -15.83211 ], [ -48.13998, -15.8377 ], [ -48.14573, -15.84635 ], [ -48.14049, -15.84074 ], [ -48.13673, -15.84544 ], [ -48.13091, -15.84221 ], [ -48.12806, -15.84559 ], [ -48.14194, -15.85945 ], [ -48.15013, -15.85462 ], [ -48.14352, -15.85911 ], [ -48.14358, -15.86026 ], [ -48.12451, -15.86756 ], [ -48.12535, -15.87327 ], [ -48.13016, -15.877 ], [ -48.12566, -15.88029 ], [ -48.1348, -15.88615 ], [ -48.14436, -15.87897 ], [ -48.14394, -15.86749 ], [ -48.14455, -15.87971 ], [ -48.15197, -15.88508 ], [ -48.15371, -15.88103 ], [ -48.15707, -15.87965 ], [ -48.1566, -15.87662 ], [ -48.15573, -15.87629 ], [ -48.15846, -15.86989 ], [ -48.17703, -15.85756 ], [ -48.17565, -15.85696 ] ], [ [ -48.17932, -15.83242 ], [ -48.17894, -15.8322 ], [ -48.18334, -15.83119 ], [ -48.17932, -15.83242 ] ], [ [ -48.17005, -15.84231 ], [ -48.17005, -15.84237 ], [ -48.16686, -15.82753 ], [ -48.17005, -15.84231 ] ], [ [ -48.14535, -15.83305 ], [ -48.14841, -15.83242 ], [ -48.1478, -15.83364 ], [ -48.14877, -15.83234 ], [ -48.15364, -15.83133 ], [ -48.15818, -15.83545 ], [ -48.15533, -15.8384 ], [ -48.16002, -15.84084 ], [ -48.15145, -15.83921 ], [ -48.15112, -15.83823 ], [ -48.15417, -15.83843 ], [ -48.15395, -15.83765 ], [ -48.14981, -15.83442 ], [ -48.1416, -15.83232 ], [ -48.14535, -15.83305 ] ], [ [ -48.16596, -15.84445 ], [ -48.1665, -15.84692 ], [ -48.165, -15.84343 ], [ -48.16935, -15.84569 ], [ -48.16596, -15.84445 ] ], [ [ -48.17003, -15.8426 ], [ -48.16956, -15.84883 ], [ -48.16935, -15.84569 ], [ -48.17003, -15.8426 ] ], [ [ -48.16923, -15.85328 ], [ -48.16828, -15.85108 ], [ -48.16937, -15.85143 ], [ -48.16923, -15.85328 ] ], [ [ -48.16361, -15.85169 ], [ -48.16946, -15.85383 ], [ -48.17208, -15.85539 ], [ -48.16361, -15.85169 ] ], [ [ -48.15101, -15.8541 ], [ -48.15863, -15.85487 ], [ -48.15089, -15.85417 ], [ -48.15101, -15.8541 ] ], [ [ -48.1808, -15.83858 ], [ -48.18136, -15.83734 ], [ -48.1817, -15.83816 ], [ -48.1808, -15.83858 ] ], [ [ -48.17582, -15.84044 ], [ -48.1766, -15.84057 ], [ -48.17607, -15.84083 ], [ -48.17582, -15.84044 ] ], [ [ -48.17369, -15.79678 ], [ -48.18271, -15.79903 ], [ -48.18202, -15.79915 ], [ -48.17369, -15.79678 ] ], [ [ -48.14706, -15.8477 ], [ -48.14727, -15.848 ], [ -48.14701, -15.84772 ], [ -48.14706, -15.8477 ] ] ], [ [ [ -48.16241, -15.81473 ], [ -48.15717, -15.81633 ], [ -48.15697, -15.81798 ], [ -48.15765, -15.81815 ], [ -48.15837, -15.82088 ], [ -48.16, -15.8219 ], [ -48.16041, -15.82484 ], [ -48.16345, -15.82472 ], [ -48.16179, -15.82302 ], [ -48.16259, -15.82351 ], [ -48.16241, -15.81473 ] ] ], [ [ [ -48.12824, -15.89019 ], [ -48.14042, -15.88974 ], [ -48.1364, -15.88828 ], [ -48.13128, -15.88457 ], [ -48.12824, -15.89019 ] ] ] ] } },
{ "type": "Feature", "properties": { "cluster": 741.0, "hvi": 0.0977, "population": 117, "setores": 1, "municipio": "Brasília" }, "geometry": { "type": "Polygon", "coordinates": [ [ [ -48.17908, -15.88711 ], [ -48.1761, -15.88647 ], [ -48.17392, -15.89461 ], [ -48.17764, -15.89526 ], [ -48.17908, -15.88711 ] ] ] } },
{ "type": "Feature", "properties": { "cluster": 742.0, "hvi": 0.0997, "population": 166, "setores": 1, "municipio": "Brasília" }, "geometry": { "type": "Polygon", "coordinates": [ [ [ -48.16186, -15.88945 ], [ -48.16439, -15.89315 ], [ -48.16303, -15.88914 ], [ -48.16186, -15.88945 ] ] ] } },
{ "type": "Feature", "properties": { "cluster": 743.0, "hvi": 0.1164, "population": 3449, "setores": 10, "municipio": "Brasília" }, "geometry": { "type": "MultiPolygon", "coordinates": [ [ [ [ -47.96024, -15.88386 ], [ -47.9588, -15.87453 ], [ -47.9614, -15.87055 ], [ -47.95737, -15.8655 ], [ -47.95615, -15.85783 ], [ -47.95417, -15.8599 ], [ -47.9485, -15.85722 ], [ -47.94958, -15.85537 ], [ -47.9446, -15.85298 ], [ -47.94578, -15.84871 ], [ -47.93781, -15.85572 ], [ -47.94814, -15.84534 ], [ -47.95418, -15.84576 ], [ -47.95333, -15.84056 ], [ -47.93154, -15.84509 ], [ -47.93233, -15.85132 ], [ -47.93501, -15.86106 ], [ -47.91341, -15.85964 ], [ -47.90306, -15.85203 ], [ -47.90115, -15.85745 ], [ -47.88847, -15.85313 ], [ -47.88098, -15.85978 ], [ -47.87641, -15.85523 ], [ -47.87453, -15.8578 ], [ -47.87919, -15.86225 ], [ -47.88771, -15.86494 ], [ -47.90609, -15.88117 ], [ -47.92295, -15.88427 ], [ -47.93983, -15.89553 ], [ -47.95341, -15.89335 ], [ -47.95563, -15.88611 ], [ -47.96024, -15.88386 ] ], [ [ -47.93583, -15.86963 ], [ -47.95621, -15.88013 ], [ -47.95572, -15.88085 ], [ -47.93583, -15.86963 ] ], [ [ -47.90213, -15.87048 ], [ -47.89905, -15.86858 ], [ -47.90224, -15.86878 ], [ -47.90213, -15.87048 ] ], [ [ -47.92292, -15.87623 ], [ -47.9184, -15.87422 ], [ -47.92299, -15.87447 ], [ -47.92292, -15.87623 ] ], [ [ -47.95492, -15.86211 ], [ -47.9546, -15.86015 ], [ -47.95659, -15.86205 ], [ -47.95492, -15.86211 ] ] ], [ [ [ -47.94975, -15.85268 ], [ -47.95102, -15.8525 ], [ -47.94947, -15.85154 ], [ -47.9466, -15.85229 ], [ -47.95022, -15.8546 ], [ -47.94975, -15.85268 ] ] ], [ [ [ -47.95032, -15.84963 ], [ -47.95102, -15.8525 ], [ -47.95095, -15.84991 ], [ -47.95032, -15.84963 ] ] ], [ [ [ -47.94947, -15.85154 ], [ -47.95032, -15.84963 ], [ -47.94944, -15.84919 ], [ -47.94947, -15.85154 ] ] ] ] } },
{ "type": "Feature", "properties": { "cluster": 744.0, "hvi": 0.1226, "population": 556, "setores": 1, "municipio": "Brasília" }, "geometry": { "type": "Polygon", "coordinates": [ [ [ -47.95022, -15.8546 ], [ -47.95451, -15.8573 ], [ -47.95501, -15.85759 ], [ -47.95467, -15.85559 ], [ -47.95022, -15.8546 ] ] ] } },
{ "type": "Feature", "properties": { "cluster": 745.0, "hvi": 0.1285, "population": 2808, "setores": 4, "municipio": "Brasília" }, "geometry": { "type": "MultiPolygon", "coordinates": [ [ [ [ -47.95564, -15.85488 ], [ -47.95065, -15.85392 ], [ -47.95467, -15.85559 ], [ -47.95613, -15.85779 ], [ -47.95737, -15.8655 ], [ -47.96239, -15.86726 ], [ -47.95936, -15.86341 ], [ -47.96271, -15.86086 ], [ -47.96165, -15.85375 ], [ -47.95647, -15.85449 ], [ -47.95461, -15.84838 ], [ -47.95586, -15.85615 ], [ -47.95564, -15.85488 ] ] ], [ [ [ -47.95564, -15.85488 ], [ -47.95533, -15.8529 ], [ -47.95129, -15.85141 ], [ -47.95073, -15.85372 ], [ -47.95564, -15.85488 ] ] ] ] } },
{ "type": "Feature", "properties": { "cluster": 746.0, "hvi": 0.1207, "population": 2758, "setores": 5, "municipio": "Brasília" }, "geometry": { "type": "MultiPolygon", "coordinates": [ [ [ [ -47.95219, -15.84883 ], [ -47.95241, -15.85167 ], [ -47.95533, -15.8529 ], [ -47.95476, -15.84928 ], [ -47.95371, -15.85034 ], [ -47.95219, -15.84883 ] ] ], [ [ [ -47.95227, -15.84809 ], [ -47.95103, -15.84666 ], [ -47.94914, -15.84894 ], [ -47.95123, -15.85025 ], [ -47.95227, -15.84809 ] ] ], [ [ [ -47.95431, -15.84662 ], [ -47.95219, -15.84883 ], [ -47.95476, -15.84928 ], [ -47.95431, -15.84662 ] ] ] ] } },
{ "type": "Feature", "properties": { "cluster": 747.0, "hvi": 0.1367, "population": 1751, "setores": 2, "municipio": "Brasília" }, "geometry": { "type": "MultiPolygon", "coordinates": [ [ [ [ -47.9479, -15.85053 ], [ -47.94781, -15.85221 ], [ -47.94944, -15.84919 ], [ -47.9479, -15.85053 ] ] ], [ [ [ -47.94854, -15.84843 ], [ -47.95431, -15.84662 ], [ -47.9528, -15.84484 ], [ -47.94664, -15.8467 ], [ -47.94854, -15.84843 ] ] ] ] } },
{ "type": "Feature", "properties": { "cluster": 748.0, "hvi": 0.1267, "population": 1368, "setores": 2, "municipio": "Brasília" }, "geometry": { "type": "Polygon", "coordinates": [ [ [ -47.94686, -15.85168 ], [ -47.9479, -15.85053 ], [ -47.9469, -15.84967 ], [ -47.94854, -15.84843 ], [ -47.94664, -15.8467 ], [ -47.94571, -15.85058 ], [ -47.94664, -15.84987 ], [ -47.94686, -15.85168 ] ] ] } },
{ "type": "Feature", "properties": { "cluster": 749.0, "hvi": 0.1364, "population": 2549, "setores": 3, "municipio": "Brasília" }, "geometry": { "type": "MultiPolygon", "coordinates": [ [ [ [ -47.95417, -15.8599 ], [ -47.95543, -15.85858 ], [ -47.95292, -15.8563 ], [ -47.95417, -15.8599 ] ] ], [ [ [ -47.95292, -15.8563 ], [ -47.9514, -15.85638 ], [ -47.95217, -15.85582 ], [ -47.94522, -15.85141 ], [ -47.94958, -15.85537 ], [ -47.94947, -15.85778 ], [ -47.95067, -15.85691 ], [ -47.95185, -15.85871 ], [ -47.95292, -15.8563 ] ] ] ] } },
{ "type": "Feature", "properties": { "cluster": 750.0, "hvi": 0.1, "population": 190, "setores": 1, "municipio": "Brasília" }, "geometry": { "type": "Polygon", "coordinates": [ [ [ -47.95492, -15.86211 ], [ -47.95659, -15.86205 ], [ -47.9546, -15.86015 ], [ -47.95492, -15.86211 ] ] ] } },
{ "type": "Feature", "properties": { "cluster": 751.0, "hvi": 0.1333, "population": 1598, "setores": 2, "municipio": "Brasília" }, "geometry": { "type": "MultiPolygon", "coordinates": [ [ [ [ -48.06821, -15.90262 ], [ -48.06584, -15.90211 ], [ -48.06548, -15.90328 ], [ -48.06821, -15.90262 ] ] ], [ [ [ -48.06821, -15.90262 ], [ -48.0686, -15.90146 ], [ -48.0635, -15.89904 ], [ -48.06821, -15.90262 ] ] ] ] } },
{ "type": "Feature", "properties": { "cluster": 752.0, "hvi": 0.1181, "population": 2062, "setores": 4, "municipio": "Brasília" }, "geometry": { "type": "MultiPolygon", "coordinates": [ [ [ [ -48.06983, -15.9032 ], [ -48.07432, -15.90426 ], [ -48.0806, -15.90623 ], [ -48.07817, -15.902 ], [ -48.07547, -15.90095 ], [ -48.06987, -15.89987 ], [ -48.07481, -15.90283 ], [ -48.06983, -15.9032 ] ] ], [ [ [ -48.06987, -15.89987 ], [ -48.06731, -15.89986 ], [ -48.06953, -15.90142 ], [ -48.06987, -15.89987 ] ] ] ] } },
{ "type": "Feature", "properties": { "cluster": 753.0, "hvi": 0.1245, "population": 2608, "setores": 4, "municipio": "Brasília" }, "geometry": { "type": "MultiPolygon", "coordinates": [ [ [ [ -48.08658, -15.90952 ], [ -48.08426, -15.90762 ], [ -48.08284, -15.90938 ], [ -48.08606, -15.91114 ], [ -48.08658, -15.90952 ] ] ], [ [ [ -48.08738, -15.90662 ], [ -48.08458, -15.9051 ], [ -48.0806, -15.90623 ], [ -48.08348, -15.90646 ], [ -48.08299, -15.90706 ], [ -48.08606, -15.90774 ], [ -48.08738, -15.90662 ] ] ], [ [ [ -48.07817, -15.902 ], [ -48.07856, -15.90361 ], [ -48.08255, -15.9045 ], [ -48.07817, -15.902 ] ] ] ] } },
{ "type": "Feature", "properties": { "cluster": 754.0, "hvi": 0.1222, "population": 2988, "setores": 5, "municipio": "Brasília" }, "geometry": { "type": "Polygon", "coordinates": [ [ [ -48.09022, -15.91132 ], [ -48.08966, -15.91115 ], [ -48.0902, -15.91087 ], [ -48.09092, -15.91314 ], [ -48.09298, -15.91149 ], [ -48.09025, -15.90994 ], [ -48.09167, -15.91033 ], [ -48.09188, -15.90979 ], [ -48.08888, -15.90708 ], [ -48.08872, -15.90759 ], [ -48.08738, -15.90662 ], [ -48.08447, -15.90773 ], [ -48.08987, -15.90983 ], [ -48.09011, -15.91061 ], [ -48.08638, -15.90875 ], [ -48.08881, -15.9109 ], [ -48.08619, -15.91075 ], [ -48.08984, -15.9125 ], [ -48.09022, -15.91132 ] ] ] } },
{ "type": "Feature", "properties": { "cluster": 755.0, "hvi": 0.121, "population": 2326, "setores": 4, "municipio": "Brasília" }, "geometry": { "type": "MultiPolygon", "coordinates": [ [ [ [ -48.10516, -15.91635 ], [ -48.1037, -15.91264 ], [ -48.10132, -15.91177 ], [ -48.10153, -15.91465 ], [ -48.10251, -15.91374 ], [ -48.10122, -15.91693 ], [ -48.10372, -15.91727 ], [ -48.10516, -15.91635 ] ] ], [ [ [ -48.10299, -15.91181 ], [ -48.10009, -15.91024 ], [ -48.10132, -15.91177 ], [ -48.10299, -15.91181 ] ] ] ] } },
{ "type": "Feature", "properties": { "cluster": 756.0, "hvi": 0.125, "population": 643, "setores": 1, "municipio": "Brasília" }, "geometry": { "type": "Polygon", "coordinates": [ [ [ -48.10581, -15.92301 ], [ -48.10649, -15.92627 ], [ -48.1088, -15.92497 ], [ -48.10819, -15.92399 ], [ -48.10581, -15.92301 ] ] ] } },
{ "type": "Feature", "properties": { "cluster": 757.0, "hvi": 0.1179, "population": 3119, "setores": 6, "municipio": "Brasília" }, "geometry": { "type": "MultiPolygon", "coordinates": [ [ [ [ -48.10733, -15.93094 ], [ -48.10921, -15.92917 ], [ -48.1061, -15.93009 ], [ -48.10733, -15.93094 ] ] ], [ [ [ -48.11134, -15.92846 ], [ -48.1114, -15.93106 ], [ -48.10639, -15.93474 ], [ -48.09387, -15.91818 ], [ -48.09897, -15.92971 ], [ -48.11366, -15.94139 ], [ -48.11706, -15.93173 ], [ -48.10624, -15.91892 ], [ -48.10644, -15.91522 ], [ -48.11017, -15.91389 ], [ -48.10858, -15.91081 ], [ -48.10386, -15.91292 ], [ -48.10819, -15.92399 ], [ -48.1126, -15.93018 ], [ -48.11255, -15.93022 ], [ -48.11134, -15.92846 ] ] ], [ [ [ -48.10949, -15.92606 ], [ -48.10954, -15.92951 ], [ -48.11134, -15.92846 ], [ -48.10949, -15.92606 ] ] ], [ [ [ -48.1082, -15.9281 ], [ -48.10665, -15.92637 ], [ -48.10842, -15.92746 ], [ -48.10949, -15.92606 ], [ -48.1088, -15.92497 ], [ -48.10654, -15.92624 ], [ -48.10554, -15.92513 ], [ -48.10665, -15.92893 ], [ -48.1082, -15.9281 ] ] ] ] } },
{ "type": "Feature", "properties": { "cluster": 758.0, "hvi": 0.1199, "population": 2767, "setores": 5, "municipio": "Brasília" }, "geometry": { "type": "MultiPolygon", "coordinates": [ [ [ [ -48.10657, -15.9296 ], [ -48.10495, -15.92671 ], [ -48.10438, -15.92882 ], [ -48.10657, -15.9296 ] ] ], [ [ [ -48.10352, -15.92732 ], [ -48.10554, -15.92513 ], [ -48.10344, -15.92306 ], [ -48.10451, -15.92487 ], [ -48.10352, -15.92732 ] ] ], [ [ [ -48.10451, -15.92487 ], [ -48.10314, -15.9227 ], [ -48.10161, -15.92448 ], [ -48.10451, -15.92487 ] ] ], [ [ [ -48.10158, -15.92212 ], [ -48.09899, -15.92204 ], [ -48.10098, -15.92499 ], [ -48.10158, -15.92212 ] ] ], [ [ [ -48.09985, -15.92025 ], [ -48.09733, -15.92002 ], [ -48.09899, -15.92204 ], [ -48.10063, -15.92129 ], [ -48.09985, -15.92025 ] ] ] ] } },
{ "type": "Feature", "properties": { "cluster": 759.0, "hvi": 0.1189, "population": 2675, "setores": 5, "municipio": "Brasília" }, "geometry": { "type": "MultiPolygon", "coordinates": [ [ [ [ -48.09919, -15.92078 ], [ -48.1005, -15.91975 ], [ -48.0976, -15.91973 ], [ -48.09919, -15.92078 ] ] ], [ [ [ -48.09722, -15.91759 ], [ -48.10145, -15.91796 ], [ -48.10153, -15.91465 ], [ -48.09725, -15.91335 ], [ -48.09806, -15.91571 ], [ -48.09554, -15.91782 ], [ -48.09643, -15.91891 ], [ -48.09722, -15.91759 ] ], [ [ -48.09796, -15.91634 ], [ -48.09816, -15.91599 ], [ -48.09864, -15.91739 ], [ -48.09796, -15.91634 ] ] ], [ [ [ -48.10009, -15.91024 ], [ -48.09725, -15.91335 ], [ -48.10094, -15.91406 ], [ -48.10009, -15.91024 ] ] ] ] } },
{ "type": "Feature", "properties": { "cluster": 760.0, "hvi": 0.1247, "population": 2603, "setores": 4, "municipio": "Brasília" }, "geometry": { "type": "MultiPolygon", "coordinates": [ [ [ [ -48.0793, -15.9097 ], [ -48.07884, -15.9082 ], [ -48.08133, -15.90882 ], [ -48.07745, -15.90685 ], [ -48.0793, -15.9097 ] ] ], [ [ [ -48.08426, -15.90762 ], [ -48.08236, -15.90721 ], [ -48.0767, -15.905 ], [ -48.08133, -15.90882 ], [ -48.08195, -15.90784 ], [ -48.08284, -15.90938 ], [ -48.08426, -15.90762 ] ] ] ] } },
{ "type": "Feature", "properties": { "cluster": 761.0, "hvi": 0.1209, "population": 571, "setores": 1, "municipio": "Brasília" }, "geometry": { "type": "Polygon", "coordinates": [ [ [ -48.07554, -15.90858 ], [ -48.07768, -15.9061 ], [ -48.07647, -15.9057 ], [ -48.07554, -15.90858 ] ] ] } },
{ "type": "Feature", "properties": { "cluster": 762.0, "hvi": 0.1267, "population": 2747, "setores": 4, "municipio": "Brasília" }, "geometry": { "type": "Polygon", "coordinates": [ [ [ -48.07857, -15.91081 ], [ -48.07766, -15.91038 ], [ -48.08002, -15.90992 ], [ -48.07554, -15.90858 ], [ -48.0767, -15.905 ], [ -48.06909, -15.90412 ], [ -48.07221, -15.90376 ], [ -48.07033, -15.90165 ], [ -48.06768, -15.90429 ], [ -48.06873, -15.90417 ], [ -48.06982, -15.90648 ], [ -48.07328, -15.90749 ], [ -48.072, -15.9115 ], [ -48.07646, -15.91062 ], [ -48.07711, -15.9117 ], [ -48.07857, -15.91081 ] ] ] } },
{ "type": "Feature", "properties": { "cluster": 763.0, "hvi": 0.1292, "population": 2951, "setores": 4, "municipio": "Brasília" }, "geometry": { "type": "MultiPolygon", "coordinates": [ [ [ [ -48.06916, -15.91261 ], [ -48.06948, -15.91073 ], [ -48.06769, -15.91214 ], [ -48.06916, -15.91261 ] ] ], [ [ [ -48.06809, -15.91088 ], [ -48.06826, -15.91035 ], [ -48.06425, -15.91062 ], [ -48.06809, -15.91088 ] ] ], [ [ [ -48.06829, -15.90983 ], [ -48.07025, -15.90788 ], [ -48.06746, -15.90959 ], [ -48.06829, -15.90983 ] ] ], [ [ [ -48.0673, -15.91006 ], [ -48.06812, -15.90748 ], [ -48.06615, -15.90627 ], [ -48.06605, -15.90968 ], [ -48.0673, -15.91006 ] ] ] ] } },
{ "type": "Feature", "properties": { "cluster": 764.0, "hvi": 0.1216, "population": 2903, "setores": 5, "municipio": "Brasília" }, "geometry": { "type": "MultiPolygon", "coordinates": [ [ [ [ -48.06548, -15.90328 ], [ -48.06385, -15.90067 ], [ -48.06366, -15.90184 ], [ -48.06198, -15.90235 ], [ -48.06339, -15.90348 ], [ -48.06725, -15.90421 ], [ -48.06631, -15.90427 ], [ -48.06725, -15.90745 ], [ -48.06812, -15.90748 ], [ -48.06871, -15.90411 ], [ -48.06548, -15.90328 ] ] ], [ [ [ -48.06415, -15.89975 ], [ -48.06198, -15.90098 ], [ -48.06365, -15.90128 ], [ -48.06415, -15.89975 ] ] ], [ [ [ -48.0586, -15.89898 ], [ -48.06036, -15.9005 ], [ -48.06179, -15.89907 ], [ -48.0586, -15.89898 ] ] ] ] } },
{ "type": "Feature", "properties": { "cluster": 765.0, "hvi": 0.1256, "population": 2643, "setores": 4, "municipio": "Brasília" }, "geometry": { "type": "MultiPolygon", "coordinates": [ [ [ [ -48.06442, -15.9038 ], [ -48.06075, -15.90271 ], [ -48.05993, -15.90522 ], [ -48.06384, -15.9064 ], [ -48.06442, -15.9038 ] ] ], [ [ [ -48.06339, -15.90348 ], [ -48.06236, -15.89982 ], [ -48.05976, -15.90239 ], [ -48.06339, -15.90348 ] ] ], [ [ [ -48.0586, -15.89898 ], [ -48.05722, -15.89852 ], [ -48.05976, -15.90239 ], [ -48.0586, -15.89898 ] ] ] ] } },
{ "type": "Feature", "properties": { "cluster": 766.0, "hvi": 0.1216, "population": 2943, "setores": 5, "municipio": "Brasília" }, "geometry": { "type": "MultiPolygon", "coordinates": [ [ [ [ -48.06317, -15.91253 ], [ -48.05995, -15.91067 ], [ -48.06249, -15.91391 ], [ -48.06317, -15.91253 ] ] ], [ [ [ -48.06022, -15.91122 ], [ -48.05663, -15.90966 ], [ -48.05921, -15.9125 ], [ -48.06022, -15.91122 ] ] ], [ [ [ -48.05834, -15.91018 ], [ -48.0592, -15.90759 ], [ -48.05811, -15.90924 ], [ -48.05834, -15.91018 ] ] ], [ [ [ -48.0592, -15.90759 ], [ -48.06223, -15.90854 ], [ -48.06143, -15.90567 ], [ -48.0592, -15.90759 ] ] ], [ [ [ -48.05667, -15.90422 ], [ -48.0592, -15.90759 ], [ -48.05993, -15.90522 ], [ -48.05667, -15.90422 ] ] ] ] } },
{ "type": "Feature", "properties": { "cluster": 767.0, "hvi": 0.1415, "population": 2930, "setores": 3, "municipio": "Brasília" }, "geometry": { "type": "MultiPolygon", "coordinates": [ [ [ [ -48.05887, -15.9062 ], [ -48.05634, -15.90557 ], [ -48.05743, -15.90266 ], [ -48.05445, -15.90077 ], [ -48.05286, -15.90569 ], [ -48.05565, -15.90741 ], [ -48.05623, -15.90588 ], [ -48.05847, -15.90738 ], [ -48.05887, -15.9062 ] ] ], [ [ [ -48.05604, -15.90124 ], [ -48.05743, -15.90266 ], [ -48.05993, -15.90522 ], [ -48.06075, -15.90271 ], [ -48.05604, -15.90124 ] ] ] ] } },
{ "type": "Feature", "properties": { "cluster": 768.0, "hvi": 0.1562, "population": 1265, "setores": 1, "municipio": "Brasília" }, "geometry": { "type": "Polygon", "coordinates": [ [ [ -48.05834, -15.91018 ], [ -48.06133, -15.91109 ], [ -48.06233, -15.90857 ], [ -48.0592, -15.90759 ], [ -48.05834, -15.91018 ] ] ] } },
{ "type": "Feature", "properties": { "cluster": 769.0, "hvi": 0.1198, "population": 2759, "setores": 5, "municipio": "Brasília" }, "geometry": { "type": "MultiPolygon", "coordinates": [ [ [ [ -48.06736, -15.91313 ], [ -48.06809, -15.91088 ], [ -48.06574, -15.91263 ], [ -48.06736, -15.91313 ] ] ], [ [ [ -48.06606, -15.91159 ], [ -48.06406, -15.91004 ], [ -48.06483, -15.90881 ], [ -48.06189, -15.90995 ], [ -48.06335, -15.91001 ], [ -48.06133, -15.91109 ], [ -48.06427, -15.91116 ], [ -48.06582, -15.91237 ], [ -48.06606, -15.91159 ] ] ], [ [ [ -48.06078, -15.91093 ], [ -48.06041, -15.91203 ], [ -48.06385, -15.91187 ], [ -48.06078, -15.91093 ] ] ] ] } },
{ "type": "Feature", "properties": { "cluster": 770.0, "hvi": 0.1373, "population": 2693, "setores": 3, "municipio": "Brasília" }, "geometry": { "type": "MultiPolygon", "coordinates": [ [ [ [ -48.06449, -15.91707 ], [ -48.0671, -15.91395 ], [ -48.06736, -15.91313 ], [ -48.06249, -15.91391 ], [ -48.0641, -15.91392 ], [ -48.06311, -15.91412 ], [ -48.06449, -15.91707 ] ] ], [ [ [ -48.06291, -15.91478 ], [ -48.06311, -15.91412 ], [ -48.0599, -15.91375 ], [ -48.06291, -15.91478 ] ] ] ] } },
{ "type": "Feature", "properties": { "cluster": 771.0, "hvi": 0.117, "population": 3475, "setores": 7, "municipio": "Brasília" }, "geometry": { "type": "MultiPolygon", "coordinates": [ [ [ [ -48.06413, -15.91978 ], [ -48.06194, -15.91907 ], [ -48.06335, -15.91759 ], [ -48.06191, -15.91849 ], [ -48.06188, -15.91793 ], [ -48.05883, -15.91844 ], [ -48.05927, -15.91778 ], [ -48.05816, -15.91692 ], [ -48.05828, -15.91856 ], [ -48.05621, -15.919 ], [ -48.06061, -15.92036 ], [ -48.0597, -15.9186 ], [ -48.06236, -15.92089 ], [ -48.06413, -15.91978 ] ] ], [ [ [ -48.06508, -15.91768 ], [ -48.06314, -15.91826 ], [ -48.06473, -15.91873 ], [ -48.06508, -15.91768 ] ] ], [ [ [ -48.05941, -15.91591 ], [ -48.06147, -15.9178 ], [ -48.06183, -15.91664 ], [ -48.05941, -15.91591 ] ] ] ] } },
{ "type": "Feature", "properties": { "cluster": 772.0, "hvi": 0.1377, "population": 2703, "setores": 3, "municipio": "Brasília" }, "geometry": { "type": "Polygon", "coordinates": [ [ [ -48.05487, -15.9186 ], [ -48.05776, -15.91816 ], [ -48.05816, -15.91692 ], [ -48.05693, -15.91626 ], [ -48.05982, -15.91564 ], [ -48.06188, -15.91793 ], [ -48.06284, -15.91498 ], [ -48.05634, -15.91119 ], [ -48.05379, -15.91459 ], [ -48.05487, -15.9186 ] ] ] } },
{ "type": "Feature", "properties": { "cluster": 773.0, "hvi": 0.1062, "population": 2409, "setores": 8, "municipio": "Brasília" }, "geometry": { "type": "MultiPolygon", "coordinates": [ [ [ [ -48.06834, -15.91716 ], [ -48.06593, -15.91624 ], [ -48.06659, -15.91549 ], [ -48.06471, -15.91493 ], [ -48.06558, -15.91643 ], [ -48.06388, -15.91732 ], [ -48.06585, -15.91781 ], [ -48.06548, -15.91895 ], [ -48.06834, -15.91716 ] ] ], [ [ [ -48.06965, -15.91554 ], [ -48.07034, -15.91604 ], [ -48.07188, -15.91509 ], [ -48.07056, -15.9132 ], [ -48.07005, -15.91459 ], [ -48.06861, -15.91502 ], [ -48.06979, -15.91532 ], [ -48.06977, -15.91539 ], [ -48.06673, -15.91509 ], [ -48.06834, -15.91716 ], [ -48.06984, -15.91632 ], [ -48.06965, -15.91554 ] ] ] ] } },
{ "type": "Feature", "properties": { "cluster": 774.0, "hvi": 0.1138, "population": 2641, "setores": 6, "municipio": "Brasília" }, "geometry": { "type": "MultiPolygon", "coordinates": [ [ [ [ -48.06861, -15.91502 ], [ -48.06866, -15.91419 ], [ -48.06673, -15.91509 ], [ -48.06861, -15.91502 ] ] ], [ [ [ -48.06717, -15.91372 ], [ -48.06827, -15.91407 ], [ -48.07009, -15.91458 ], [ -48.06868, -15.9134 ], [ -48.06916, -15.91261 ], [ -48.06717, -15.91372 ] ] ], [ [ [ -48.07138, -15.91343 ], [ -48.072, -15.9115 ], [ -48.06893, -15.91339 ], [ -48.07138, -15.91343 ] ] ], [ [ [ -48.07331, -15.9075 ], [ -48.06892, -15.90512 ], [ -48.06957, -15.90895 ], [ -48.06866, -15.90867 ], [ -48.0699, -15.91085 ], [ -48.072, -15.9115 ], [ -48.07331, -15.9075 ] ] ] ] } },
{ "type": "Feature", "properties": { "cluster": 775.0, "hvi": 0.1211, "population": 2350, "setores": 4, "municipio": "Brasília" }, "geometry": { "type": "MultiPolygon", "coordinates": [ [ [ [ -48.0955, -15.91045 ], [ -48.09725, -15.91335 ], [ -48.09802, -15.91187 ], [ -48.0955, -15.91045 ] ] ], [ [ [ -48.09634, -15.90925 ], [ -48.09802, -15.91187 ], [ -48.09886, -15.91095 ], [ -48.09634, -15.90925 ] ] ], [ [ [ -48.09044, -15.90927 ], [ -48.09298, -15.90872 ], [ -48.09451, -15.91188 ], [ -48.0955, -15.91045 ], [ -48.09634, -15.90925 ], [ -48.09111, -15.90752 ], [ -48.09044, -15.90927 ] ] ] ] } },
{ "type": "Feature", "properties": { "cluster": 776.0, "hvi": 0.1209, "population": 2860, "setores": 5, "municipio": "Brasília" }, "geometry": { "type": "MultiPolygon", "coordinates": [ [ [ [ -48.10819, -15.92399 ], [ -48.1072, -15.92203 ], [ -48.10473, -15.92272 ], [ -48.10706, -15.92427 ], [ -48.10819, -15.92399 ] ] ], [ [ [ -48.10393, -15.92272 ], [ -48.10227, -15.91948 ], [ -48.1004, -15.9209 ], [ -48.10282, -15.92296 ], [ -48.10393, -15.92272 ] ] ], [ [ [ -48.10462, -15.92383 ], [ -48.10425, -15.92205 ], [ -48.10584, -15.91834 ], [ -48.10291, -15.92068 ], [ -48.10462, -15.92383 ] ] ], [ [ [ -48.10425, -15.92205 ], [ -48.1072, -15.92203 ], [ -48.1063, -15.91959 ], [ -48.10425, -15.92205 ] ] ], [ [ [ -48.10261, -15.91898 ], [ -48.10554, -15.91857 ], [ -48.10525, -15.91824 ], [ -48.10261, -15.91898 ] ] ] ] } },
{ "type": "Feature", "properties": { "cluster": 777.0, "hvi": 0.1279, "population": 2883, "setores": 4, "municipio": "Brasília" }, "geometry": { "type": "MultiPolygon", "coordinates": [ [ [ [ -48.10109, -15.92866 ], [ -48.09992, -15.92594 ], [ -48.10023, -15.92932 ], [ -48.10109, -15.92866 ] ] ], [ [ [ -48.10281, -15.9273 ], [ -48.10348, -15.92515 ], [ -48.10098, -15.92499 ], [ -48.09899, -15.92204 ], [ -48.09908, -15.92408 ], [ -48.09788, -15.92394 ], [ -48.09871, -15.92685 ], [ -48.10099, -15.925 ], [ -48.10281, -15.9273 ] ] ] ] } },
{ "type": "Feature", "properties": { "cluster": 778.0, "hvi": 0.1207, "population": 1753, "setores": 3, "municipio": "Brasília" }, "geometry": { "type": "MultiPolygon", "coordinates": [ [ [ [ -48.10271, -15.92994 ], [ -48.10438, -15.92882 ], [ -48.10281, -15.9273 ], [ -48.10271, -15.92994 ] ] ], [ [ [ -48.10281, -15.9273 ], [ -48.10146, -15.92643 ], [ -48.10104, -15.92506 ], [ -48.1004, -15.92719 ], [ -48.10142, -15.92745 ], [ -48.10143, -15.92842 ], [ -48.10281, -15.9273 ] ] ] ] } },
{ "type": "Feature", "properties": { "cluster": 779.0, "hvi": 0.1353, "population": 876, "setores": 1, "municipio": "Brasília" }, "geometry": { "type": "Polygon", "coordinates": [ [ [ -48.10527, -15.933 ], [ -48.10331, -15.93242 ], [ -48.10694, -15.93432 ], [ -48.10527, -15.933 ] ] ] } },
{ "type": "Feature", "properties": { "cluster": 780.0, "hvi": 0.1158, "population": 2955, "setores": 6, "municipio": "Brasília" }, "geometry": { "type": "MultiPolygon", "coordinates": [ [ [ [ -48.10586, -15.93304 ], [ -48.10815, -15.93213 ], [ -48.1061, -15.93009 ], [ -48.10586, -15.93304 ] ] ], [ [ [ -48.10331, -15.93242 ], [ -48.10528, -15.92953 ], [ -48.10438, -15.92882 ], [ -48.10373, -15.93114 ], [ -48.10216, -15.92927 ], [ -48.10331, -15.93242 ] ] ], [ [ [ -48.1061, -15.93009 ], [ -48.10528, -15.92953 ], [ -48.10453, -15.93144 ], [ -48.1061, -15.93009 ] ] ], [ [ [ -48.10125, -15.9282 ], [ -48.10144, -15.93051 ], [ -48.10219, -15.92994 ], [ -48.10125, -15.9282 ] ] ] ] } },
{ "type": "Feature", "properties": { "cluster": 781.0, "hvi": 0.1259, "population": 2709, "setores": 4, "municipio": "Brasília" }, "geometry": { "type": "MultiPolygon", "coordinates": [ [ [ [ -48.04508, -15.92242 ], [ -48.04731, -15.92311 ], [ -48.04779, -15.92158 ], [ -48.05269, -15.92165 ], [ -48.04953, -15.91979 ], [ -48.0478, -15.92157 ], [ -48.04847, -15.91942 ], [ -48.0462, -15.91875 ], [ -48.04526, -15.92182 ], [ -48.04365, -15.9212 ], [ -48.04435, -15.92473 ], [ -48.04508, -15.92242 ] ] ], [ [ [ -48.05612, -15.92181 ], [ -48.05553, -15.9188 ], [ -48.05197, -15.92055 ], [ -48.05612, -15.92181 ] ] ] ] } },
{ "type": "Feature", "properties": { "cluster": 782.0, "hvi": 0.1286, "population": 2976, "setores": 4, "municipio": "Brasília" }, "geometry": { "type": "Polygon", "coordinates": [ [ [ -48.05283, -15.92403 ], [ -48.0517, -15.92374 ], [ -48.05257, -15.92204 ], [ -48.05074, -15.92349 ], [ -48.05114, -15.92227 ], [ -48.05269, -15.92165 ], [ -48.04999, -15.92041 ], [ -48.04914, -15.92308 ], [ -48.05144, -15.92552 ], [ -48.05283, -15.92403 ] ], [ [ -48.05001, -15.92273 ], [ -48.0503, -15.92338 ], [ -48.04914, -15.92308 ], [ -48.05001, -15.92273 ] ] ] } },
{ "type": "Feature", "properties": { "cluster": 783.0, "hvi": 0.1236, "population": 1894, "setores": 3, "municipio": "Brasília" }, "geometry": { "type": "MultiPolygon", "coordinates": [ [ [ [ -48.0537, -15.92625 ], [ -48.05559, -15.92509 ], [ -48.05472, -15.92347 ], [ -48.0537, -15.92625 ] ] ], [ [ [ -48.05377, -15.92496 ], [ -48.05507, -15.92236 ], [ -48.05245, -15.92243 ], [ -48.05377, -15.92496 ] ] ] ] } },
{ "type": "Feature", "properties": { "cluster": 784.0, "hvi": 0.1163, "population": 2445, "setores": 5, "municipio": "Brasília" }, "geometry": { "type": "MultiPolygon", "coordinates": [ [ [ [ -48.05173, -15.91765 ], [ -48.04893, -15.91799 ], [ -48.05058, -15.91899 ], [ -48.04953, -15.91979 ], [ -48.05197, -15.92055 ], [ -48.05173, -15.91765 ] ] ], [ [ [ -48.05272, -15.91795 ], [ -48.05271, -15.91795 ], [ -48.05173, -15.91765 ], [ -48.0533, -15.92006 ], [ -48.05473, -15.91857 ], [ -48.05272, -15.91795 ] ] ], [ [ [ -48.04847, -15.91942 ], [ -48.04893, -15.91799 ], [ -48.04904, -15.91766 ], [ -48.04675, -15.91699 ], [ -48.04847, -15.91942 ] ] ] ] } },
{ "type": "Feature", "properties": { "cluster": 785.0, "hvi": 0.1292, "population": 2999, "setores": 4, "municipio": "Brasília" }, "geometry": { "type": "MultiPolygon", "coordinates": [ [ [ [ -48.05571, -15.92312 ], [ -48.05612, -15.92181 ], [ -48.05282, -15.92127 ], [ -48.05472, -15.92347 ], [ -48.05571, -15.92312 ] ] ], [ [ [ -48.05958, -15.92261 ], [ -48.05784, -15.92108 ], [ -48.0584, -15.91969 ], [ -48.05553, -15.9188 ], [ -48.05751, -15.92191 ], [ -48.05766, -15.92381 ], [ -48.05958, -15.92261 ] ] ], [ [ [ -48.06141, -15.92147 ], [ -48.05848, -15.9206 ], [ -48.05958, -15.92261 ], [ -48.06141, -15.92147 ] ] ] ] } },
{ "type": "Feature", "properties": { "cluster": 786.0, "hvi": 0.118, "population": 2067, "setores": 4, "municipio": "Brasília" }, "geometry": { "type": "MultiPolygon", "coordinates": [ [ [ [ -48.09554, -15.91782 ], [ -48.09562, -15.91632 ], [ -48.09601, -15.91668 ], [ -48.09828, -15.91496 ], [ -48.09601, -15.91351 ], [ -48.09676, -15.9131 ], [ -48.09281, -15.9109 ], [ -48.09438, -15.91366 ], [ -48.0924, -15.91404 ], [ -48.09472, -15.91581 ], [ -48.09554, -15.91782 ] ] ], [ [ [ -48.09337, -15.91285 ], [ -48.09154, -15.91208 ], [ -48.0924, -15.91404 ], [ -48.09337, -15.91285 ] ] ] ] } },
{ "type": "Feature", "properties": { "cluster": 787.0, "hvi": 0.1211, "population": 2869, "setores": 5, "municipio": "Brasília" }, "geometry": { "type": "MultiPolygon", "coordinates": [ [ [ [ -48.06438, -15.90744 ], [ -48.06223, -15.90854 ], [ -48.06605, -15.90968 ], [ -48.0667, -15.90771 ], [ -48.06402, -15.90805 ], [ -48.06438, -15.90744 ] ] ], [ [ [ -48.06504, -15.90677 ], [ -48.06143, -15.90567 ], [ -48.06438, -15.90744 ], [ -48.06504, -15.90677 ] ] ], [ [ [ -48.06607, -15.90501 ], [ -48.06725, -15.90745 ], [ -48.06775, -15.90584 ], [ -48.06607, -15.90501 ] ] ], [ [ [ -48.06442, -15.9038 ], [ -48.06547, -15.90686 ], [ -48.06631, -15.90427 ], [ -48.06442, -15.9038 ] ] ] ] } },
{ "type": "Feature", "properties": { "cluster": 788.0, "hvi": 0.1316, "population": 1609, "setores": 2, "municipio": "Brasília" }, "geometry": { "type": "Polygon", "coordinates": [ [ [ -48.22943, -15.95082 ], [ -48.23445, -15.94564 ], [ -48.23374, -15.94552 ], [ -48.23451, -15.94379 ], [ -48.23216, -15.94259 ], [ -48.23108, -15.94507 ], [ -48.22844, -15.94463 ], [ -48.22614, -15.94969 ], [ -48.22943, -15.95082 ] ] ] } },
{ "type": "Feature", "properties": { "cluster": 789.0, "hvi": 0.1179, "population": 1074, "setores": 2, "municipio": "Brasília" }, "geometry": { "type": "MultiPolygon", "coordinates": [ [ [ [ -48.07188, -15.91509 ], [ -48.07564, -15.91267 ], [ -48.072, -15.9115 ], [ -48.07188, -15.91509 ] ] ], [ [ [ -48.07564, -15.91267 ], [ -48.07711, -15.9117 ], [ -48.0754, -15.91079 ], [ -48.07564, -15.91267 ] ] ] ] } },
{ "type": "Feature", "properties": { "cluster": 790.0, "hvi": 0.1299, "population": 2186, "setores": 3, "municipio": "Brasília" }, "geometry": { "type": "MultiPolygon", "coordinates": [ [ [ [ -48.05059, -15.9128 ], [ -48.05379, -15.91459 ], [ -48.05459, -15.91226 ], [ -48.05059, -15.9128 ] ] ], [ [ [ -48.05654, -15.91012 ], [ -48.05811, -15.90924 ], [ -48.05553, -15.90779 ], [ -48.05203, -15.90829 ], [ -48.05337, -15.9119 ], [ -48.05634, -15.91119 ], [ -48.05654, -15.91012 ] ] ] ] } },
{ "type": "Feature", "properties": { "cluster": 791.0, "hvi": 0.1193, "population": 2641, "setores": 5, "municipio": "Brasília" }, "geometry": { "type": "MultiPolygon", "coordinates": [ [ [ [ -48.07054, -15.95187 ], [ -48.06206, -15.94796 ], [ -48.07142, -15.94248 ], [ -48.0763, -15.94974 ], [ -48.0845, -15.94669 ], [ -48.07766, -15.93882 ], [ -48.07759, -15.92958 ], [ -48.06457, -15.93452 ], [ -48.05674, -15.92437 ], [ -48.04863, -15.9294 ], [ -48.05596, -15.94041 ], [ -48.03903, -15.94669 ], [ -48.0448, -15.95206 ], [ -48.05456, -15.95235 ], [ -48.05826, -15.95018 ], [ -48.06442, -15.95409 ], [ -48.07054, -15.95187 ] ] ], [ [ [ -48.07796, -15.91118 ], [ -48.06548, -15.91895 ], [ -48.06243, -15.91771 ], [ -48.06413, -15.91978 ], [ -48.06523, -15.91911 ], [ -48.07287, -15.93065 ], [ -48.08678, -15.92638 ], [ -48.07796, -15.91118 ] ] ] ] } },
{ "type": "Feature", "properties": { "cluster": 792.0, "hvi": 0.1263, "population": 2053, "setores": 3, "municipio": "Brasília" }, "geometry": { "type": "Polygon", "coordinates": [ [ [ -48.06457, -15.93452 ], [ -48.07249, -15.93043 ], [ -48.06523, -15.91911 ], [ -48.06236, -15.92089 ], [ -48.0584, -15.91969 ], [ -48.06186, -15.9212 ], [ -48.05765, -15.92381 ], [ -48.05485, -15.92445 ], [ -48.05559, -15.92509 ], [ -48.05677, -15.92435 ], [ -48.06457, -15.93452 ] ] ] } },
{ "type": "Feature", "properties": { "cluster": 793.0, "hvi": 0.1252, "population": 664, "setores": 1, "municipio": "Brasília" }, "geometry": { "type": "Polygon", "coordinates": [ [ [ -48.05511, -15.91779 ], [ -48.05196, -15.91725 ], [ -48.05487, -15.9186 ], [ -48.05511, -15.91779 ] ] ] } },
{ "type": "Feature", "properties": { "cluster": 794.0, "hvi": 0.1086, "population": 2498, "setores": 10, "municipio": "Brasília" }, "geometry": { "type": "MultiPolygon", "coordinates": [ [ [ [ -48.11752, -15.97503 ], [ -48.12158, -15.97952 ], [ -48.13394, -15.95572 ], [ -48.14329, -15.95054 ], [ -48.1446, -15.91084 ], [ -48.16166, -15.91788 ], [ -48.16003, -15.92 ], [ -48.16429, -15.92161 ], [ -48.16208, -15.92411 ], [ -48.16662, -15.92504 ], [ -48.17064, -15.93915 ], [ -48.17332, -15.93874 ], [ -48.17075, -15.93134 ], [ -48.17775, -15.92488 ], [ -48.17716, -15.9217 ], [ -48.17369, -15.92027 ], [ -48.1663, -15.92361 ], [ -48.16161, -15.91314 ], [ -48.14478, -15.90776 ], [ -48.13717, -15.90547 ], [ -48.13668, -15.90836 ], [ -48.0989, -15.89689 ], [ -48.0966, -15.90436 ], [ -48.10801, -15.91012 ], [ -48.12355, -15.92525 ], [ -48.12891, -15.93544 ], [ -48.12601, -15.93022 ], [ -48.11615, -15.93252 ], [ -48.11366, -15.94139 ], [ -48.09871, -15.92937 ], [ -48.09446, -15.91553 ], [ -48.08284, -15.90938 ], [ -48.07796, -15.91118 ], [ -48.08611, -15.92707 ], [ -48.09025, -15.926 ], [ -48.0971, -15.93396 ], [ -48.09443, -15.93221 ], [ -48.08262, -15.94159 ], [ -48.0845, -15.94669 ], [ -48.09339, -15.94213 ], [ -48.09883, -15.9561 ], [ -48.10242, -15.95766 ], [ -48.11098, -15.95011 ], [ -48.11211, -15.95142 ], [ -48.12207, -15.95562 ], [ -48.12245, -15.95451 ], [ -48.12407, -15.96586 ], [ -48.11752, -15.97503 ] ] ], [ [ [ -48.1079, -15.93354 ], [ -48.10527, -15.933 ], [ -48.10694, -15.93432 ], [ -48.1079, -15.93354 ] ] ], [ [ [ -48.10733, -15.93094 ], [ -48.10975, -15.9325 ], [ -48.11141, -15.93146 ], [ -48.10921, -15.92917 ], [ -48.10733, -15.93094 ] ] ], [ [ [ -48.10227, -15.91948 ], [ -48.09968, -15.91879 ], [ -48.1004, -15.9209 ], [ -48.10227, -15.91948 ] ] ], [ [ [ -48.10516, -15.91635 ], [ -48.1017, -15.9166 ], [ -48.10291, -15.92068 ], [ -48.10584, -15.91834 ], [ -48.10516, -15.91635 ] ] ], [ [ [ -48.14588, -15.90434 ], [ -48.14478, -15.90776 ], [ -48.16028, -15.9126 ], [ -48.17847, -15.90704 ], [ -48.18016, -15.90453 ], [ -48.1637, -15.89982 ], [ -48.14588, -15.90434 ] ] ] ] } },
{ "type": "Feature", "properties": { "cluster": 795.0, "hvi": 0.1177, "population": 540, "setores": 1, "municipio": "Brasília" }, "geometry": { "type": "Polygon", "coordinates": [ [ [ -48.10809, -15.93144 ], [ -48.1079, -15.93354 ], [ -48.10945, -15.93237 ], [ -48.10809, -15.93144 ] ] ] } },
{ "type": "Feature", "properties": { "cluster": 796.0, "hvi": 0.1232, "population": 636, "setores": 1, "municipio": "Brasília" }, "geometry": { "type": "Polygon", "coordinates": [ [ [ -48.05023, -15.92516 ], [ -48.05156, -15.92756 ], [ -48.0537, -15.92625 ], [ -48.05303, -15.92474 ], [ -48.05023, -15.92516 ] ] ] } },
{ "type": "Feature", "properties": { "cluster": 797.0, "hvi": 0.1093, "population": 1411, "setores": 4, "municipio": "Brasília" }, "geometry": { "type": "MultiPolygon", "coordinates": [ [ [ [ -48.22943, -15.95082 ], [ -48.23181, -15.95218 ], [ -48.2299, -15.9499 ], [ -48.22943, -15.95082 ] ] ], [ [ [ -48.23285, -15.94948 ], [ -48.23052, -15.94865 ], [ -48.23205, -15.95067 ], [ -48.23285, -15.94948 ] ] ], [ [ [ -48.23207, -15.95349 ], [ -48.25141, -15.95519 ], [ -48.25357, -15.94682 ], [ -48.25019, -15.9476 ], [ -48.25277, -15.94293 ], [ -48.23445, -15.94564 ], [ -48.23207, -15.95349 ] ] ], [ [ [ -48.23357, -15.94761 ], [ -48.23141, -15.94689 ], [ -48.23285, -15.94948 ], [ -48.23357, -15.94761 ] ] ] ] } },
{ "type": "Feature", "properties": { "cluster": 798.0, "hvi": 0.121, "population": 1818, "setores": 3, "municipio": "Brasília" }, "geometry": { "type": "MultiPolygon", "coordinates": [ [ [ [ -48.22844, -15.94463 ], [ -48.23093, -15.9454 ], [ -48.23245, -15.94163 ], [ -48.23, -15.94042 ], [ -48.22844, -15.94463 ] ] ], [ [ [ -48.23451, -15.94379 ], [ -48.2381, -15.93695 ], [ -48.23365, -15.9351 ], [ -48.23088, -15.93838 ], [ -48.23451, -15.94379 ] ] ] ] } },
{ "type": "Feature", "properties": { "cluster": 799.0, "hvi": 0.1158, "population": 1945, "setores": 4, "municipio": "Brasília" }, "geometry": { "type": "Polygon", "coordinates": [ [ [ -48.22727, -15.94275 ], [ -48.22733, -15.9401 ], [ -48.22397, -15.94079 ], [ -48.22372, -15.93915 ], [ -48.22316, -15.94233 ], [ -48.22085, -15.93809 ], [ -48.22374, -15.93817 ], [ -48.22196, -15.93613 ], [ -48.22048, -15.93741 ], [ -48.21908, -15.93486 ], [ -48.21359, -15.94254 ], [ -48.2234, -15.94592 ], [ -48.22126, -15.95144 ], [ -48.22614, -15.94969 ], [ -48.22941, -15.94197 ], [ -48.22727, -15.94275 ] ], [ [ -48.22404, -15.94392 ], [ -48.22368, -15.94326 ], [ -48.22399, -15.94329 ], [ -48.22404, -15.94392 ] ] ] } },
{ "type": "Feature", "properties": { "cluster": 800.0, "hvi": 0.1138, "population": 2213, "setores": 5, "municipio": "Brasília" }, "geometry": { "type": "MultiPolygon", "coordinates": [ [ [ [ -48.23726, -15.9444 ], [ -48.23481, -15.94311 ], [ -48.23356, -15.94593 ], [ -48.23726, -15.9444 ] ] ], [ [ [ -48.23989, -15.94248 ], [ -48.24571, -15.94248 ], [ -48.24583, -15.94026 ], [ -48.24324, -15.94156 ], [ -48.24031, -15.93768 ], [ -48.24013, -15.9385 ], [ -48.2381, -15.93695 ], [ -48.23595, -15.93941 ], [ -48.23978, -15.94015 ], [ -48.23539, -15.94068 ], [ -48.2363, -15.94108 ], [ -48.23579, -15.94088 ], [ -48.23726, -15.9444 ], [ -48.23989, -15.94248 ] ] ] ] } },
{ "type": "Feature", "properties": { "cluster": 801.0, "hvi": 0.1128, "population": 2842, "setores": 7, "municipio": "Brasília" }, "geometry": { "type": "MultiPolygon", "coordinates": [ [ [ [ -48.16639, -15.95545 ], [ -48.1733, -15.94823 ], [ -48.16339, -15.94692 ], [ -48.16639, -15.95545 ] ] ], [ [ [ -48.18707, -15.94573 ], [ -48.18693, -15.95343 ], [ -48.19316, -15.96386 ], [ -48.20066, -15.96222 ], [ -48.22149, -15.97055 ], [ -48.24016, -15.97086 ], [ -48.25936, -15.97844 ], [ -48.26027, -15.96687 ], [ -48.25356, -15.95601 ], [ -48.23252, -15.95364 ], [ -48.22614, -15.94969 ], [ -48.22126, -15.95144 ], [ -48.2234, -15.94592 ], [ -48.21359, -15.94254 ], [ -48.2192, -15.93491 ], [ -48.224, -15.93684 ], [ -48.22733, -15.9401 ], [ -48.23, -15.94042 ], [ -48.23365, -15.9351 ], [ -48.22844, -15.93133 ], [ -48.2347, -15.93494 ], [ -48.24384, -15.92362 ], [ -48.24194, -15.92149 ], [ -48.2287, -15.92469 ], [ -48.22029, -15.9184 ], [ -48.21752, -15.91997 ], [ -48.22278, -15.90115 ], [ -48.21749, -15.8974 ], [ -48.20783, -15.89557 ], [ -48.20784, -15.90701 ], [ -48.20339, -15.90834 ], [ -48.19963, -15.91514 ], [ -48.19556, -15.90845 ], [ -48.18456, -15.91042 ], [ -48.18032, -15.90443 ], [ -48.16937, -15.91224 ], [ -48.16841, -15.92308 ], [ -48.17443, -15.91808 ], [ -48.1706, -15.92171 ], [ -48.17489, -15.92029 ], [ -48.17775, -15.92488 ], [ -48.17075, -15.93134 ], [ -48.17332, -15.93874 ], [ -48.17064, -15.93915 ], [ -48.16662, -15.92504 ], [ -48.16268, -15.92469 ], [ -48.16429, -15.92161 ], [ -48.16003, -15.92 ], [ -48.16166, -15.91788 ], [ -48.14414, -15.91065 ], [ -48.14369, -15.94314 ], [ -48.15339, -15.94694 ], [ -48.15327, -15.93379 ], [ -48.16339, -15.94692 ], [ -48.18707, -15.94573 ] ], [ [ -48.19254, -15.92138 ], [ -48.22268, -15.936 ], [ -48.2192, -15.93491 ], [ -48.19254, -15.92138 ] ], [ [ -48.18182, -15.92358 ], [ -48.18917, -15.91975 ], [ -48.18961, -15.91996 ], [ -48.18182, -15.92358 ] ] ], [ [ [ -48.23, -15.94042 ], [ -48.2274, -15.94138 ], [ -48.22941, -15.94197 ], [ -48.23, -15.94042 ] ] ] ] } },
{ "type": "Feature", "properties": { "cluster": 802.0, "hvi": 0.1116, "population": 395, "setores": 1, "municipio": "Brasília" }, "geometry": { "type": "Polygon", "coordinates": [ [ [ -48.07766, -15.93882 ], [ -48.08293, -15.94162 ], [ -48.09443, -15.93221 ], [ -48.09013, -15.92592 ], [ -48.07759, -15.92958 ], [ -48.07766, -15.93882 ] ] ] } },
{ "type": "Feature", "properties": { "cluster": 803.0, "hvi": 0.124, "population": 586, "setores": 1, "municipio": "Brasília" }, "geometry": { "type": "Polygon", "coordinates": [ [ [ -48.11706, -15.93173 ], [ -48.12601, -15.93022 ], [ -48.11017, -15.91389 ], [ -48.10644, -15.91522 ], [ -48.1069, -15.92018 ], [ -48.11706, -15.93173 ] ] ] } },
{ "type": "Feature", "properties": { "cluster": 804.0, "hvi": 0.1336, "population": 2792, "setores": 4, "municipio": "Brasília" }, "geometry": { "type": "MultiPolygon", "coordinates": [ [ [ [ -47.86164, -15.73628 ], [ -47.85747, -15.73319 ], [ -47.86164, -15.7295 ], [ -47.85873, -15.72675 ], [ -47.85328, -15.73179 ], [ -47.85981, -15.73804 ], [ -47.86164, -15.73628 ] ] ], [ [ [ -47.87341, -15.73473 ], [ -47.88056, -15.72592 ], [ -47.8952, -15.72758 ], [ -47.89625, -15.72439 ], [ -47.88148, -15.72271 ], [ -47.87869, -15.72571 ], [ -47.86978, -15.72922 ], [ -47.87341, -15.73473 ] ] ], [ [ [ -47.86928, -15.724 ], [ -47.87036, -15.72885 ], [ -47.87635, -15.72525 ], [ -47.86814, -15.72164 ], [ -47.85947, -15.72559 ], [ -47.86164, -15.7295 ], [ -47.86928, -15.724 ] ] ] ] } },
{ "type": "Feature", "properties": { "cluster": 805.0, "hvi": 0.1225, "population": 1014, "setores": 2, "municipio": "Brasília" }, "geometry": { "type": "Polygon", "coordinates": [ [ [ -47.8731, -15.73517 ], [ -47.87566, -15.7374 ], [ -47.88054, -15.72985 ], [ -47.8944, -15.73015 ], [ -47.8952, -15.72758 ], [ -47.88302, -15.72624 ], [ -47.8803, -15.72947 ], [ -47.87922, -15.72771 ], [ -47.8731, -15.73517 ] ] ] } },
{ "type": "Feature", "properties": { "cluster": 806.0, "hvi": 0.1318, "population": 2638, "setores": 4, "municipio": "Brasília" }, "geometry": { "type": "MultiPolygon", "coordinates": [ [ [ [ -47.87341, -15.73473 ], [ -47.86978, -15.72922 ], [ -47.86557, -15.73305 ], [ -47.86672, -15.73198 ], [ -47.86117, -15.72985 ], [ -47.85747, -15.73319 ], [ -47.86057, -15.73773 ], [ -47.86542, -15.73319 ], [ -47.8681, -15.7388 ], [ -47.86063, -15.74423 ], [ -47.85886, -15.74823 ], [ -47.87566, -15.7374 ], [ -47.8731, -15.73517 ], [ -47.87161, -15.73625 ], [ -47.87341, -15.73473 ] ] ], [ [ [ -47.87152, -15.72508 ], [ -47.86919, -15.72404 ], [ -47.86164, -15.7295 ], [ -47.86672, -15.73198 ], [ -47.87152, -15.72508 ] ] ] ] } },
{ "type": "Feature", "properties": { "cluster": 807.0, "hvi": 0.1411, "population": 815, "setores": 1, "municipio": "Brasília" }, "geometry": { "type": "Polygon", "coordinates": [ [ [ -47.86542, -15.73319 ], [ -47.85915, -15.73905 ], [ -47.8616, -15.74106 ], [ -47.8578, -15.74606 ], [ -47.86824, -15.73909 ], [ -47.86542, -15.73319 ] ] ] } },
{ "type": "Feature", "properties": { "cluster": 808.0, "hvi": 0.1388, "population": 2389, "setores": 3, "municipio": "Brasília" }, "geometry": { "type": "Polygon", "coordinates": [ [ [ -47.83924, -15.75985 ], [ -47.84113, -15.76212 ], [ -47.85141, -15.75167 ], [ -47.85106, -15.75101 ], [ -47.85886, -15.74823 ], [ -47.8578, -15.74606 ], [ -47.85128, -15.74846 ], [ -47.8616, -15.74106 ], [ -47.85915, -15.73905 ], [ -47.84998, -15.74508 ], [ -47.84161, -15.75228 ], [ -47.8429, -15.75392 ], [ -47.84687, -15.75251 ], [ -47.83924, -15.75985 ] ] ] } },
{ "type": "Feature", "properties": { "cluster": 809.0, "hvi": 0.1358, "population": 1482, "setores": 2, "municipio": "Brasília" }, "geometry": { "type": "MultiPolygon", "coordinates": [ [ [ [ -47.8378, -15.75163 ], [ -47.84124, -15.74682 ], [ -47.84002, -15.74428 ], [ -47.8316, -15.74791 ], [ -47.8378, -15.75163 ] ] ], [ [ [ -47.84197, -15.74656 ], [ -47.8554, -15.73485 ], [ -47.85328, -15.73179 ], [ -47.84002, -15.74428 ], [ -47.84197, -15.74656 ] ] ] ] } },
{ "type": "Feature", "properties": { "cluster": 810.0, "hvi": 0.1224, "population": 2465, "setores": 5, "municipio": "Brasília" }, "geometry": { "type": "Polygon", "coordinates": [ [ [ -47.8355, -15.75744 ], [ -47.83808, -15.75455 ], [ -47.83829, -15.75525 ], [ -47.84944, -15.74553 ], [ -47.86057, -15.73773 ], [ -47.85487, -15.73469 ], [ -47.84608, -15.74176 ], [ -47.83723, -15.75168 ], [ -47.83759, -15.75289 ], [ -47.8316, -15.74791 ], [ -47.82746, -15.75137 ], [ -47.8298, -15.75519 ], [ -47.83476, -15.75415 ], [ -47.8355, -15.75744 ] ] ] } },
{ "type": "Feature", "properties": { "cluster": 811.0, "hvi": 0.1279, "population": 2564, "setores": 4, "municipio": "Brasília" }, "geometry": { "type": "MultiPolygon", "coordinates": [ [ [ [ -47.85052, -15.72295 ], [ -47.85376, -15.72746 ], [ -47.86509, -15.72419 ], [ -47.86971, -15.71947 ], [ -47.86812, -15.71648 ], [ -47.85798, -15.72337 ], [ -47.85052, -15.72295 ] ] ], [ [ [ -47.88154, -15.723 ], [ -47.87801, -15.71835 ], [ -47.88157, -15.71609 ], [ -47.87511, -15.71528 ], [ -47.86971, -15.71947 ], [ -47.86985, -15.72354 ], [ -47.8717, -15.72237 ], [ -47.87635, -15.72525 ], [ -47.88154, -15.723 ] ] ], [ [ [ -47.88689, -15.71044 ], [ -47.89022, -15.71833 ], [ -47.88858, -15.72238 ], [ -47.89625, -15.72439 ], [ -47.90017, -15.71335 ], [ -47.89193, -15.70696 ], [ -47.87719, -15.7148 ], [ -47.88689, -15.71044 ] ] ] ] } },
{ "type": "Feature", "properties": { "cluster": 812.0, "hvi": 0.1256, "population": 2232, "setores": 4, "municipio": "Brasília" }, "geometry": { "type": "MultiPolygon", "coordinates": [ [ [ [ -47.8274, -15.75892 ], [ -47.83191, -15.77364 ], [ -47.83555, -15.76668 ], [ -47.83291, -15.76706 ], [ -47.8274, -15.75892 ] ] ], [ [ [ -47.84053, -15.76334 ], [ -47.83924, -15.75985 ], [ -47.84305, -15.75419 ], [ -47.84161, -15.75228 ], [ -47.83541, -15.75752 ], [ -47.83291, -15.76706 ], [ -47.84053, -15.76334 ] ] ], [ [ [ -47.83271, -15.76486 ], [ -47.83476, -15.75415 ], [ -47.82835, -15.75835 ], [ -47.83271, -15.76486 ] ] ] ] } },
{ "type": "Feature", "properties": { "cluster": 813.0, "hvi": 0.1242, "population": 2964, "setores": 6, "municipio": "Brasília" }, "geometry": { "type": "MultiPolygon", "coordinates": [ [ [ [ -47.78364, -15.79718 ], [ -47.78591, -15.79033 ], [ -47.78915, -15.79066 ], [ -47.7855, -15.7824 ], [ -47.78299, -15.78773 ], [ -47.78364, -15.79718 ] ] ], [ [ [ -47.78406, -15.77608 ], [ -47.7811, -15.7788 ], [ -47.7855, -15.7824 ], [ -47.78685, -15.78218 ], [ -47.78915, -15.79066 ], [ -47.80505, -15.78837 ], [ -47.8174, -15.77395 ], [ -47.8188, -15.76491 ], [ -47.81377, -15.76372 ], [ -47.81983, -15.75861 ], [ -47.81478, -15.75022 ], [ -47.81403, -15.757 ], [ -47.81293, -15.75839 ], [ -47.80013, -15.75989 ], [ -47.78586, -15.77698 ], [ -47.78406, -15.77608 ] ], [ [ -47.80006, -15.78454 ], [ -47.80428, -15.78648 ], [ -47.8038, -15.78725 ], [ -47.80006, -15.78454 ] ], [ [ -47.78914, -15.78181 ], [ -47.79285, -15.78122 ], [ -47.79351, -15.78152 ], [ -47.78914, -15.78181 ] ], [ [ -47.8107, -15.77627 ], [ -47.81303, -15.77229 ], [ -47.81311, -15.77244 ], [ -47.8107, -15.77627 ] ], [ [ -47.80855, -15.76409 ], [ -47.80992, -15.7666 ], [ -47.80848, -15.76418 ], [ -47.80855, -15.76409 ] ] ], [ [ [ -47.81491, -15.75042 ], [ -47.82115, -15.75241 ], [ -47.82406, -15.74555 ], [ -47.83551, -15.74203 ], [ -47.83853, -15.73413 ], [ -47.84402, -15.73483 ], [ -47.8513, -15.72729 ], [ -47.84772, -15.7237 ], [ -47.82428, -15.74432 ], [ -47.81962, -15.74996 ], [ -47.81491, -15.75042 ] ] ] ] } },
{ "type": "Feature", "properties": { "cluster": 814.0, "hvi": 0.1163, "population": 2795, "setores": 7, "municipio": "Brasília" }, "geometry": { "type": "MultiPolygon", "coordinates": [ [ [ [ -47.88698, -15.71544 ], [ -47.88639, -15.71897 ], [ -47.88779, -15.72033 ], [ -47.88746, -15.71832 ], [ -47.8887, -15.71801 ], [ -47.88745, -15.71826 ], [ -47.88698, -15.71544 ] ] ], [ [ [ -47.88435, -15.71729 ], [ -47.88614, -15.71769 ], [ -47.88555, -15.71515 ], [ -47.88449, -15.71686 ], [ -47.88246, -15.71693 ], [ -47.88371, -15.71915 ], [ -47.88435, -15.71729 ] ] ], [ [ [ -47.88565, -15.71333 ], [ -47.8855, -15.71504 ], [ -47.88654, -15.71429 ], [ -47.8857, -15.71322 ], [ -47.887, -15.71054 ], [ -47.88429, -15.71178 ], [ -47.88029, -15.71529 ], [ -47.88417, -15.7164 ], [ -47.8849, -15.71489 ], [ -47.88555, -15.71515 ], [ -47.88506, -15.71454 ], [ -47.88565, -15.71333 ] ] ] ] } },
{ "type": "Feature", "properties": { "cluster": 815.0, "hvi": 0.1051, "population": 3665, "setores": 20, "municipio": "Brasília" }, "geometry": { "type": "MultiPolygon", "coordinates": [ [ [ [ -47.85014, -15.72218 ], [ -47.8519, -15.72111 ], [ -47.8487, -15.71993 ], [ -47.86513, -15.71728 ], [ -47.86071, -15.70803 ], [ -47.86612, -15.70892 ], [ -47.87012, -15.69412 ], [ -47.85952, -15.68823 ], [ -47.85884, -15.68864 ], [ -47.83593, -15.68113 ], [ -47.83629, -15.68807 ], [ -47.81023, -15.69566 ], [ -47.78082, -15.72405 ], [ -47.78996, -15.72702 ], [ -47.79073, -15.72645 ], [ -47.78401, -15.74319 ], [ -47.79151, -15.74806 ], [ -47.80377, -15.74483 ], [ -47.7863, -15.74946 ], [ -47.78701, -15.75216 ], [ -47.80933, -15.74883 ], [ -47.81122, -15.74546 ], [ -47.8079, -15.73945 ], [ -47.80679, -15.73961 ], [ -47.8067, -15.73793 ], [ -47.82879, -15.72488 ], [ -47.83001, -15.7286 ], [ -47.83388, -15.72826 ], [ -47.83492, -15.7263 ], [ -47.83944, -15.73216 ], [ -47.84776, -15.72375 ], [ -47.85213, -15.72917 ], [ -47.85367, -15.72609 ], [ -47.85014, -15.72218 ] ], [ [ -47.80368, -15.7408 ], [ -47.80499, -15.74038 ], [ -47.80377, -15.74483 ], [ -47.80368, -15.7408 ] ], [ [ -47.85709, -15.68973 ], [ -47.85659, -15.68982 ], [ -47.85858, -15.68881 ], [ -47.85709, -15.68973 ] ], [ [ -47.85926, -15.69248 ], [ -47.85769, -15.69239 ], [ -47.85709, -15.68973 ], [ -47.85926, -15.69248 ] ], [ [ -47.83216, -15.69588 ], [ -47.83494, -15.69384 ], [ -47.83548, -15.6938 ], [ -47.83216, -15.69588 ] ], [ [ -47.83728, -15.70482 ], [ -47.83941, -15.71115 ], [ -47.83719, -15.70619 ], [ -47.82822, -15.6988 ], [ -47.83728, -15.70482 ] ], [ [ -47.84431, -15.71649 ], [ -47.82426, -15.70758 ], [ -47.82568, -15.70635 ], [ -47.84431, -15.71649 ] ], [ [ -47.84824, -15.72333 ], [ -47.84804, -15.72347 ], [ -47.8481, -15.72342 ], [ -47.84824, -15.72333 ] ], [ [ -47.86206, -15.70665 ], [ -47.86069, -15.70799 ], [ -47.8601, -15.70597 ], [ -47.86206, -15.70665 ] ], [ [ -47.8483, -15.71979 ], [ -47.84786, -15.71962 ], [ -47.84874, -15.71419 ], [ -47.8483, -15.71979 ] ], [ [ -47.85408, -15.70563 ], [ -47.84756, -15.69794 ], [ -47.85395, -15.70531 ], [ -47.85408, -15.70563 ] ], [ [ -47.86327, -15.70546 ], [ -47.86181, -15.69692 ], [ -47.8649, -15.70386 ], [ -47.86327, -15.70546 ] ], [ [ -47.85836, -15.69893 ], [ -47.85946, -15.69273 ], [ -47.85957, -15.69288 ], [ -47.85836, -15.69893 ] ], [ [ -47.83907, -15.71846 ], [ -47.84006, -15.72011 ], [ -47.83516, -15.72584 ], [ -47.83907, -15.71846 ] ], [ [ -47.82948, -15.71164 ], [ -47.83682, -15.71471 ], [ -47.83788, -15.71648 ], [ -47.82948, -15.71164 ] ], [ [ -47.81691, -15.7202 ], [ -47.82941, -15.7116 ], [ -47.82941, -15.71161 ], [ -47.81691, -15.7202 ] ] ], [ [ [ -47.87407, -15.71134 ], [ -47.86128, -15.70873 ], [ -47.86513, -15.71728 ], [ -47.87407, -15.71134 ] ] ], [ [ [ -47.87688, -15.68088 ], [ -47.87267, -15.68413 ], [ -47.8754, -15.68849 ], [ -47.87241, -15.68834 ], [ -47.86855, -15.69281 ], [ -47.89257, -15.70647 ], [ -47.90654, -15.69966 ], [ -47.89571, -15.69161 ], [ -47.87688, -15.68088 ] ], [ [ -47.88131, -15.69403 ], [ -47.8876, -15.69993 ], [ -47.89257, -15.70647 ], [ -47.88131, -15.69403 ] ] ], [ [ [ -47.77997, -15.73679 ], [ -47.77956, -15.73793 ], [ -47.7853, -15.73986 ], [ -47.77997, -15.73679 ] ] ], [ [ [ -47.78201, -15.73636 ], [ -47.78162, -15.73739 ], [ -47.78572, -15.73877 ], [ -47.78201, -15.73636 ] ] ], [ [ [ -47.78201, -15.73636 ], [ -47.7861, -15.7378 ], [ -47.78232, -15.73553 ], [ -47.78201, -15.73636 ] ] ], [ [ [ -47.78669, -15.73627 ], [ -47.7875, -15.7342 ], [ -47.78377, -15.73492 ], [ -47.78669, -15.73627 ] ] ], [ [ [ -47.78448, -15.73316 ], [ -47.78338, -15.73277 ], [ -47.7827, -15.73454 ], [ -47.78448, -15.73316 ] ] ] ] } },
{ "type": "Feature", "properties": { "cluster": 816.0, "hvi": 0.1137, "population": 1371, "setores": 4, "municipio": "Brasília" }, "geometry": { "type": "MultiPolygon", "coordinates": [ [ [ [ -47.87997, -15.71711 ], [ -47.87797, -15.7183 ], [ -47.88085, -15.72089 ], [ -47.88148, -15.72271 ], [ -47.88417, -15.72248 ], [ -47.88283, -15.71755 ], [ -47.88215, -15.7187 ], [ -47.88197, -15.71642 ], [ -47.88157, -15.71845 ], [ -47.87997, -15.71711 ] ] ], [ [ [ -47.88197, -15.71642 ], [ -47.88157, -15.71609 ], [ -47.88121, -15.71778 ], [ -47.88197, -15.71642 ] ] ] ] } },
{ "type": "Feature", "properties": { "cluster": 817.0, "hvi": 0.1239, "population": 1222, "setores": 2, "municipio": "Brasília" }, "geometry": { "type": "Polygon", "coordinates": [ [ [ -47.81162, -15.74775 ], [ -47.81789, -15.75055 ], [ -47.83944, -15.73216 ], [ -47.83512, -15.72708 ], [ -47.83001, -15.7286 ], [ -47.82834, -15.72563 ], [ -47.82943, -15.73085 ], [ -47.82776, -15.72359 ], [ -47.80659, -15.738 ], [ -47.81162, -15.74775 ] ] ] } },
{ "type": "Feature", "properties": { "cluster": 818.0, "hvi": 0.1477, "population": 1010, "setores": 1, "municipio": "Brasília" }, "geometry": { "type": "Polygon", "coordinates": [ [ [ -47.87737, -15.70714 ], [ -47.88475, -15.70147 ], [ -47.87464, -15.69588 ], [ -47.87087, -15.70106 ], [ -47.87737, -15.70714 ] ] ] } },
{ "type": "Feature", "properties": { "cluster": 819.0, "hvi": 0.1086, "population": 1893, "setores": 8, "municipio": "Brasília" }, "geometry": { "type": "MultiPolygon", "coordinates": [ [ [ [ -47.89022, -15.71833 ], [ -47.88819, -15.71873 ], [ -47.88808, -15.71815 ], [ -47.88803, -15.71877 ], [ -47.8839, -15.71959 ], [ -47.88417, -15.72248 ], [ -47.88858, -15.72238 ], [ -47.89022, -15.71833 ] ] ], [ [ [ -47.88576, -15.7175 ], [ -47.88371, -15.71915 ], [ -47.8839, -15.71959 ], [ -47.88576, -15.7175 ] ] ], [ [ [ -47.88929, -15.71508 ], [ -47.88719, -15.71802 ], [ -47.8887, -15.71801 ], [ -47.88929, -15.71508 ] ] ], [ [ [ -47.88812, -15.71554 ], [ -47.88736, -15.7144 ], [ -47.88708, -15.71518 ], [ -47.88812, -15.71554 ] ] ], [ [ [ -47.88752, -15.71378 ], [ -47.88835, -15.71473 ], [ -47.88758, -15.71219 ], [ -47.88654, -15.71429 ], [ -47.88746, -15.71381 ], [ -47.88561, -15.71496 ], [ -47.88698, -15.71544 ], [ -47.88752, -15.71378 ] ] ] ] } },
{ "type": "Feature", "properties": { "cluster": 820.0, "hvi": 0.1304, "population": 2876, "setores": 5, "municipio": "Brasília" }, "geometry": { "type": "MultiPolygon", "coordinates": [ [ [ [ -47.87906, -15.7095 ], [ -47.87719, -15.70727 ], [ -47.87705, -15.70981 ], [ -47.87906, -15.7095 ] ] ], [ [ [ -47.87954, -15.70884 ], [ -47.87906, -15.7072 ], [ -47.87924, -15.70925 ], [ -47.87954, -15.70884 ] ] ], [ [ [ -47.88136, -15.7066 ], [ -47.88155, -15.70485 ], [ -47.87719, -15.70727 ], [ -47.88136, -15.7066 ] ] ], [ [ [ -47.86587, -15.70791 ], [ -47.8711, -15.70984 ], [ -47.87737, -15.70714 ], [ -47.87087, -15.70106 ], [ -47.86587, -15.70791 ] ] ], [ [ [ -47.87012, -15.69412 ], [ -47.86754, -15.70554 ], [ -47.87464, -15.69588 ], [ -47.86897, -15.69302 ], [ -47.87012, -15.69412 ] ] ] ] } },
{ "type": "Feature", "properties": { "cluster": 821.0, "hvi": 0.1207, "population": 2606, "setores": 5, "municipio": "Brasília" }, "geometry": { "type": "Polygon", "coordinates": [ [ [ -47.91033, -15.70052 ], [ -47.9127, -15.69761 ], [ -47.90893, -15.69957 ], [ -47.91322, -15.69583 ], [ -47.90929, -15.69279 ], [ -47.90547, -15.69639 ], [ -47.90854, -15.69959 ], [ -47.90596, -15.69933 ], [ -47.90273, -15.70349 ], [ -47.89193, -15.70696 ], [ -47.90021, -15.71338 ], [ -47.90971, -15.72852 ], [ -47.9207, -15.72596 ], [ -47.9228, -15.71884 ], [ -47.92007, -15.70297 ], [ -47.91484, -15.69348 ], [ -47.91131, -15.70079 ], [ -47.91033, -15.70052 ] ] ] } },
{ "type": "Feature", "properties": { "cluster": 822.0, "hvi": 0.1332, "population": 749, "setores": 1, "municipio": "Brasília" }, "geometry": { "type": "Polygon", "coordinates": [ [ [ -47.85052, -15.72295 ], [ -47.85798, -15.72337 ], [ -47.8657, -15.71876 ], [ -47.86439, -15.71746 ], [ -47.85052, -15.72295 ] ] ] } },
{ "type": "Feature", "properties": { "cluster": 823.0, "hvi": 0.1193, "population": 2743, "setores": 5, "municipio": "Brasília" }, "geometry": { "type": "MultiPolygon", "coordinates": [ [ [ [ -47.79327, -15.76096 ], [ -47.79296, -15.75742 ], [ -47.78752, -15.75739 ], [ -47.78801, -15.7615 ], [ -47.79327, -15.76096 ] ] ], [ [ [ -47.79614, -15.76053 ], [ -47.80624, -15.75894 ], [ -47.80331, -15.74951 ], [ -47.79854, -15.75245 ], [ -47.79929, -15.7513 ], [ -47.79068, -15.75289 ], [ -47.78994, -15.75552 ], [ -47.79343, -15.75565 ], [ -47.79327, -15.76096 ], [ -47.79614, -15.76053 ] ], [ [ -47.79635, -15.75577 ], [ -47.79657, -15.75544 ], [ -47.79614, -15.76053 ], [ -47.79635, -15.75577 ] ] ], [ [ [ -47.81452, -15.74949 ], [ -47.81138, -15.74745 ], [ -47.80346, -15.74962 ], [ -47.80624, -15.75894 ], [ -47.81368, -15.75759 ], [ -47.81452, -15.74949 ] ] ] ] } },
{ "type": "Feature", "properties": { "cluster": 824.0, "hvi": 0.1253, "population": 2432, "setores": 4, "municipio": "Brasília" }, "geometry": { "type": "MultiPolygon", "coordinates": [ [ [ [ -47.781, -15.75941 ], [ -47.77814, -15.75835 ], [ -47.7808, -15.76084 ], [ -47.781, -15.75941 ] ] ], [ [ [ -47.78516, -15.7581 ], [ -47.78386, -15.76045 ], [ -47.78801, -15.7615 ], [ -47.78752, -15.75739 ], [ -47.78516, -15.7581 ] ] ], [ [ [ -47.78566, -15.75237 ], [ -47.7863, -15.74946 ], [ -47.79151, -15.74806 ], [ -47.78401, -15.74319 ], [ -47.77814, -15.75835 ], [ -47.78386, -15.76045 ], [ -47.78487, -15.7559 ], [ -47.79068, -15.75289 ], [ -47.78566, -15.75237 ] ] ] ] } },
{ "type": "Feature", "properties": { "cluster": 825.0, "hvi": 0.1202, "population": 577, "setores": 1, "municipio": "Brasília" }, "geometry": { "type": "Polygon", "coordinates": [ [ [ -47.7855, -15.75593 ], [ -47.79338, -15.75743 ], [ -47.79344, -15.75514 ], [ -47.7855, -15.75593 ] ] ] } },
{ "type": "Feature", "properties": { "cluster": 826.0, "hvi": 0.1372, "population": 2352, "setores": 3, "municipio": "Brasília" }, "geometry": { "type": "Polygon", "coordinates": [ [ [ -47.93501, -15.86106 ], [ -47.93233, -15.85132 ], [ -47.91997, -15.85161 ], [ -47.91352, -15.84792 ], [ -47.90558, -15.84513 ], [ -47.90246, -15.85183 ], [ -47.90892, -15.85449 ], [ -47.91341, -15.85964 ], [ -47.93501, -15.86106 ] ] ] } },
{ "type": "Feature", "properties": { "cluster": 827.0, "hvi": 0.1155, "population": 2155, "setores": 6, "municipio": "Brasília" }, "geometry": { "type": "Polygon", "coordinates": [ [ [ -47.90306, -15.85203 ], [ -47.90247, -15.85183 ], [ -47.90558, -15.84513 ], [ -47.89797, -15.84062 ], [ -47.88691, -15.83757 ], [ -47.88437, -15.83969 ], [ -47.8963, -15.84568 ], [ -47.88921, -15.84321 ], [ -47.88455, -15.83989 ], [ -47.88011, -15.84423 ], [ -47.90036, -15.85111 ], [ -47.88727, -15.84668 ], [ -47.88847, -15.85313 ], [ -47.90115, -15.85745 ], [ -47.90306, -15.85203 ] ] ] } },
{ "type": "Feature", "properties": { "cluster": 828.0, "hvi": 0.1213, "population": 2216, "setores": 5, "municipio": "Brasília" }, "geometry": { "type": "Polygon", "coordinates": [ [ [ -47.87172, -15.85112 ], [ -47.87421, -15.84743 ], [ -47.8729, -15.84168 ], [ -47.86937, -15.84163 ], [ -47.87709, -15.83999 ], [ -47.87665, -15.83513 ], [ -47.88109, -15.83474 ], [ -47.88437, -15.83969 ], [ -47.88691, -15.83757 ], [ -47.88319, -15.82857 ], [ -47.877, -15.82463 ], [ -47.87466, -15.82723 ], [ -47.87681, -15.82457 ], [ -47.87188, -15.82453 ], [ -47.87055, -15.82997 ], [ -47.85484, -15.82783 ], [ -47.86364, -15.83818 ], [ -47.86915, -15.8493 ], [ -47.87172, -15.85112 ] ], [ [ -47.86668, -15.83713 ], [ -47.86778, -15.83577 ], [ -47.86937, -15.84163 ], [ -47.86668, -15.83713 ] ], [ [ -47.87085, -15.83195 ], [ -47.87185, -15.83072 ], [ -47.87313, -15.83082 ], [ -47.87085, -15.83195 ] ], [ [ -47.87878, -15.83127 ], [ -47.8809, -15.83446 ], [ -47.87513, -15.83098 ], [ -47.87878, -15.83127 ] ] ] } },
{ "type": "Feature", "properties": { "cluster": 829.0, "hvi": 0.1276, "population": 2856, "setores": 5, "municipio": "Brasília" }, "geometry": { "type": "MultiPolygon", "coordinates": [ [ [ [ -47.88847, -15.85313 ], [ -47.88727, -15.84668 ], [ -47.88025, -15.8441 ], [ -47.88455, -15.83989 ], [ -47.88133, -15.83472 ], [ -47.87665, -15.83513 ], [ -47.87731, -15.84028 ], [ -47.87146, -15.83997 ], [ -47.87501, -15.84857 ], [ -47.87674, -15.8494 ], [ -47.87583, -15.85036 ], [ -47.88066, -15.8593 ], [ -47.88847, -15.85313 ] ] ], [ [ [ -47.87524, -15.85746 ], [ -47.87421, -15.84743 ], [ -47.87172, -15.85112 ], [ -47.86906, -15.84908 ], [ -47.86909, -15.85295 ], [ -47.87524, -15.85746 ] ] ] ] } },
{ "type": "Feature", "properties": { "cluster": 830.0, "hvi": 0.1323, "population": 2739, "setores": 4, "municipio": "Brasília" }, "geometry": { "type": "MultiPolygon", "coordinates": [ [ [ [ -47.87738, -15.87301 ], [ -47.85419, -15.86272 ], [ -47.85161, -15.86559 ], [ -47.85684, -15.87373 ], [ -47.87997, -15.88483 ], [ -47.87609, -15.87972 ], [ -47.87738, -15.87301 ] ] ], [ [ [ -47.88262, -15.86506 ], [ -47.87717, -15.86012 ], [ -47.87067, -15.85827 ], [ -47.86692, -15.8521 ], [ -47.85872, -15.85544 ], [ -47.87264, -15.86115 ], [ -47.86879, -15.86675 ], [ -47.87062, -15.86926 ], [ -47.87738, -15.87301 ], [ -47.88262, -15.86506 ] ] ], [ [ [ -47.85621, -15.85874 ], [ -47.85951, -15.8532 ], [ -47.85694, -15.85313 ], [ -47.85478, -15.84586 ], [ -47.8497, -15.84714 ], [ -47.85032, -15.8551 ], [ -47.85621, -15.85874 ] ] ] ] } },
{ "type": "Feature", "properties": { "cluster": 831.0, "hvi": 0.1264, "population": 1189, "setores": 3, "municipio": "Brasília" }, "geometry": { "type": "Polygon", "coordinates": [ [ [ -47.85419, -15.86272 ], [ -47.86881, -15.86835 ], [ -47.86778, -15.86626 ], [ -47.86879, -15.86675 ], [ -47.87264, -15.86115 ], [ -47.85832, -15.85511 ], [ -47.85419, -15.86272 ] ] ] } },
{ "type": "Feature", "properties": { "cluster": 832.0, "hvi": 0.1162, "population": 2745, "setores": 7, "municipio": "Brasília" }, "geometry": { "type": "MultiPolygon", "coordinates": [ [ [ [ -47.82194, -15.88538 ], [ -47.84292, -15.89013 ], [ -47.84769, -15.8711 ], [ -47.83045, -15.85943 ], [ -47.84294, -15.86638 ], [ -47.84471, -15.85992 ], [ -47.85352, -15.8566 ], [ -47.84863, -15.85075 ], [ -47.83452, -15.85749 ], [ -47.82166, -15.85082 ], [ -47.81703, -15.85371 ], [ -47.82045, -15.86407 ], [ -47.82194, -15.88538 ] ] ], [ [ [ -47.85694, -15.85313 ], [ -47.86392, -15.85002 ], [ -47.85362, -15.83979 ], [ -47.84695, -15.83975 ], [ -47.84642, -15.84256 ], [ -47.85478, -15.84586 ], [ -47.85694, -15.85313 ] ] ], [ [ [ -47.84905, -15.85005 ], [ -47.8497, -15.84714 ], [ -47.84216, -15.84565 ], [ -47.85478, -15.84586 ], [ -47.84285, -15.84187 ], [ -47.83404, -15.84575 ], [ -47.83582, -15.84835 ], [ -47.84905, -15.85005 ] ] ] ] } },
{ "type": "Feature", "properties": { "cluster": 833.0, "hvi": 0.1337, "population": 2128, "setores": 3, "municipio": "Brasília" }, "geometry": { "type": "Polygon", "coordinates": [ [ [ -47.83422, -15.84562 ], [ -47.83985, -15.84105 ], [ -47.84642, -15.84256 ], [ -47.84695, -15.83975 ], [ -47.84093, -15.83944 ], [ -47.8357, -15.83167 ], [ -47.8258, -15.83237 ], [ -47.82741, -15.82821 ], [ -47.81749, -15.82102 ], [ -47.81445, -15.82464 ], [ -47.82121, -15.82957 ], [ -47.82119, -15.83518 ], [ -47.82841, -15.83474 ], [ -47.83422, -15.84562 ] ], [ [ -47.82986, -15.83469 ], [ -47.83327, -15.83457 ], [ -47.83369, -15.83499 ], [ -47.82986, -15.83469 ] ] ] } },
{ "type": "Feature", "properties": { "cluster": 834.0, "hvi": 0.1269, "population": 2414, "setores": 4, "municipio": "Brasília" }, "geometry": { "type": "Polygon", "coordinates": [ [ [ -47.81866, -15.8591 ], [ -47.81648, -15.85246 ], [ -47.81703, -15.85371 ], [ -47.82166, -15.85082 ], [ -47.83466, -15.85756 ], [ -47.84802, -15.85126 ], [ -47.83582, -15.84835 ], [ -47.8286, -15.83826 ], [ -47.83183, -15.84511 ], [ -47.82749, -15.83935 ], [ -47.82832, -15.83457 ], [ -47.82483, -15.83486 ], [ -47.82371, -15.84064 ], [ -47.81508, -15.84929 ], [ -47.81572, -15.85074 ], [ -47.81184, -15.85163 ], [ -47.81269, -15.85666 ], [ -47.81164, -15.86032 ], [ -47.81866, -15.8591 ] ] ] } },
{ "type": "Feature", "properties": { "cluster": 835.0, "hvi": 0.1283, "population": 2467, "setores": 5, "municipio": "Brasília" }, "geometry": { "type": "Polygon", "coordinates": [ [ [ -47.82371, -15.84064 ], [ -47.82489, -15.83511 ], [ -47.82119, -15.83502 ], [ -47.82121, -15.82957 ], [ -47.81445, -15.82464 ], [ -47.8176, -15.81979 ], [ -47.80589, -15.82011 ], [ -47.80609, -15.81693 ], [ -47.79334, -15.81931 ], [ -47.80009, -15.82982 ], [ -47.81508, -15.84929 ], [ -47.82371, -15.84064 ] ], [ [ -47.81787, -15.83495 ], [ -47.81707, -15.83432 ], [ -47.82036, -15.835 ], [ -47.81787, -15.83495 ] ], [ [ -47.81408, -15.83201 ], [ -47.80563, -15.82406 ], [ -47.80566, -15.82356 ], [ -47.81408, -15.83201 ] ] ] } },
{ "type": "Feature", "properties": { "cluster": 836.0, "hvi": 0.1233, "population": 1565, "setores": 3, "municipio": "Brasília" }, "geometry": { "type": "MultiPolygon", "coordinates": [ [ [ [ -47.80575, -15.81394 ], [ -47.80533, -15.82013 ], [ -47.81496, -15.81965 ], [ -47.81243, -15.8079 ], [ -47.80735, -15.80918 ], [ -47.8008, -15.80904 ], [ -47.80575, -15.81394 ] ] ], [ [ [ -47.8176, -15.81979 ], [ -47.81893, -15.80904 ], [ -47.81701, -15.80569 ], [ -47.81377, -15.80643 ], [ -47.81496, -15.81965 ], [ -47.8176, -15.81979 ] ] ] ] } },
{ "type": "Feature", "properties": { "cluster": 837.0, "hvi": 0.1292, "population": 1299, "setores": 2, "municipio": "Brasília" }, "geometry": { "type": "Polygon", "coordinates": [ [ [ -47.80279, -15.80362 ], [ -47.81538, -15.80342 ], [ -47.81269, -15.79818 ], [ -47.80513, -15.80065 ], [ -47.80279, -15.80362 ] ] ] } },
{ "type": "Feature", "properties": { "cluster": 838.0, "hvi": 0.1141, "population": 1760, "setores": 4, "municipio": "Brasília" }, "geometry": { "type": "MultiPolygon", "coordinates": [ [ [ [ -48.04832, -16.0497 ], [ -48.04614, -16.04697 ], [ -48.04255, -16.04971 ], [ -48.04545, -16.04971 ], [ -48.04832, -16.0497 ] ] ], [ [ [ -48.0419, -16.04435 ], [ -48.04613, -16.03867 ], [ -48.04268, -16.02829 ], [ -48.04046, -16.02879 ], [ -48.0424, -16.02591 ], [ -48.03694, -16.02872 ], [ -48.03798, -16.02934 ], [ -48.03711, -16.04397 ], [ -48.0419, -16.04435 ] ] ] ] } },
{ "type": "Feature", "properties": { "cluster": 839.0, "hvi": 0.123, "population": 2997, "setores": 5, "municipio": "Brasília" }, "geometry": { "type": "MultiPolygon", "coordinates": [ [ [ [ -48.03828, -16.04966 ], [ -48.04064, -16.04604 ], [ -48.03498, -16.04479 ], [ -48.02822, -16.04481 ], [ -48.0282, -16.04724 ], [ -48.02665, -16.03843 ], [ -48.02665, -16.04046 ], [ -48.02354, -16.04159 ], [ -48.02305, -16.04972 ], [ -48.03828, -16.04966 ] ], [ [ -48.0355, -16.04624 ], [ -48.03407, -16.04643 ], [ -48.03498, -16.04479 ], [ -48.0355, -16.04624 ] ] ], [ [ [ -48.02637, -16.03732 ], [ -48.02396, -16.03845 ], [ -48.0272, -16.03842 ], [ -48.0272, -16.03532 ], [ -48.02637, -16.03732 ] ] ] ] } },
{ "type": "Feature", "properties": { "cluster": 840.0, "hvi": 0.1123, "population": 2798, "setores": 7, "municipio": "Brasília" }, "geometry": { "type": "MultiPolygon", "coordinates": [ [ [ [ -48.03067, -16.04481 ], [ -48.03068, -16.04343 ], [ -48.02948, -16.04481 ], [ -48.03067, -16.04481 ] ] ], [ [ [ -48.0319, -16.04316 ], [ -48.03067, -16.04481 ], [ -48.0319, -16.04481 ], [ -48.0319, -16.04316 ] ] ], [ [ [ -48.02822, -16.04158 ], [ -48.02718, -16.04481 ], [ -48.02948, -16.04481 ], [ -48.02822, -16.04158 ] ] ], [ [ [ -48.03044, -16.04022 ], [ -48.02924, -16.04158 ], [ -48.03011, -16.04159 ], [ -48.02947, -16.04159 ], [ -48.03041, -16.04344 ], [ -48.0319, -16.04316 ], [ -48.03045, -16.04159 ], [ -48.03044, -16.04022 ] ] ], [ [ [ -48.02799, -16.04003 ], [ -48.02923, -16.03845 ], [ -48.02799, -16.03845 ], [ -48.02799, -16.04003 ] ] ] ] } },
{ "type": "Feature", "properties": { "cluster": 841.0, "hvi": 0.1272, "population": 3404, "setores": 5, "municipio": "Brasília" }, "geometry": { "type": "MultiPolygon", "coordinates": [ [ [ [ -48.04614, -16.04697 ], [ -48.04213, -16.04404 ], [ -48.03796, -16.04435 ], [ -48.03665, -16.0457 ], [ -48.04173, -16.0444 ], [ -48.03718, -16.04849 ], [ -48.03828, -16.04966 ], [ -48.04447, -16.04688 ], [ -48.04255, -16.04971 ], [ -48.04614, -16.04697 ] ] ], [ [ [ -48.03414, -16.04479 ], [ -48.0319, -16.04296 ], [ -48.0319, -16.04481 ], [ -48.03414, -16.04479 ] ] ], [ [ [ -48.03775, -16.04298 ], [ -48.03787, -16.03729 ], [ -48.03414, -16.03843 ], [ -48.03414, -16.04479 ], [ -48.03775, -16.04298 ] ] ] ] } },
{ "type": "Feature", "properties": { "cluster": 842.0, "hvi": 0.1146, "population": 2263, "setores": 5, "municipio": "Brasília" }, "geometry": { "type": "MultiPolygon", "coordinates": [ [ [ [ -48.03213, -16.04159 ], [ -48.03413, -16.04158 ], [ -48.03213, -16.03981 ], [ -48.03213, -16.04159 ] ] ], [ [ [ -48.03334, -16.04 ], [ -48.03332, -16.03843 ], [ -48.03213, -16.03981 ], [ -48.03334, -16.04 ] ] ], [ [ [ -48.03632, -16.03732 ], [ -48.03621, -16.03529 ], [ -48.03552, -16.03632 ], [ -48.03414, -16.03528 ], [ -48.03414, -16.03843 ], [ -48.03632, -16.03732 ] ] ], [ [ [ -48.03373, -16.03183 ], [ -48.03087, -16.03409 ], [ -48.03414, -16.03528 ], [ -48.03373, -16.03183 ] ] ] ] } },
{ "type": "Feature", "properties": { "cluster": 843.0, "hvi": 0.1136, "population": 2964, "setores": 7, "municipio": "Brasília" }, "geometry": { "type": "MultiPolygon", "coordinates": [ [ [ [ -48.03315, -16.04316 ], [ -48.0319, -16.04159 ], [ -48.0319, -16.04296 ], [ -48.03315, -16.04316 ] ] ], [ [ [ -48.03091, -16.04158 ], [ -48.0319, -16.04159 ], [ -48.03213, -16.04159 ], [ -48.03212, -16.04002 ], [ -48.03091, -16.04158 ] ] ], [ [ [ -48.0272, -16.03846 ], [ -48.02722, -16.04157 ], [ -48.02924, -16.04158 ], [ -48.02923, -16.04023 ], [ -48.0272, -16.03846 ] ] ], [ [ [ -48.02947, -16.03845 ], [ -48.02821, -16.0353 ], [ -48.0272, -16.03846 ], [ -48.02923, -16.03845 ], [ -48.02947, -16.03845 ] ] ], [ [ [ -48.02947, -16.03845 ], [ -48.03068, -16.03845 ], [ -48.03068, -16.03716 ], [ -48.02947, -16.03845 ] ] ], [ [ [ -48.03068, -16.03845 ], [ -48.03189, -16.03845 ], [ -48.0319, -16.03687 ], [ -48.03068, -16.03845 ] ] ] ] } },
{ "type": "Feature", "properties": { "cluster": 844.0, "hvi": 0.1308, "population": 1496, "setores": 2, "municipio": "Brasília" }, "geometry": { "type": "MultiPolygon", "coordinates": [ [ [ [ -48.02354, -16.03846 ], [ -48.02637, -16.03732 ], [ -48.0264, -16.03531 ], [ -48.02345, -16.0353 ], [ -48.02354, -16.03846 ] ] ], [ [ [ -48.02345, -16.0353 ], [ -48.02884, -16.03376 ], [ -48.02829, -16.03165 ], [ -48.02345, -16.0353 ] ] ] ] } },
{ "type": "Feature", "properties": { "cluster": 845.0, "hvi": 0.1126, "population": 2478, "setores": 6, "municipio": "Brasília" }, "geometry": { "type": "MultiPolygon", "coordinates": [ [ [ [ -48.03213, -16.03845 ], [ -48.0309, -16.03982 ], [ -48.03212, -16.04002 ], [ -48.03213, -16.03845 ] ] ], [ [ [ -48.0319, -16.03668 ], [ -48.0319, -16.03687 ], [ -48.03189, -16.03845 ], [ -48.03213, -16.03845 ], [ -48.03414, -16.03843 ], [ -48.0319, -16.03668 ] ] ], [ [ [ -48.03067, -16.03662 ], [ -48.03029, -16.03716 ], [ -48.0319, -16.03687 ], [ -48.03067, -16.03662 ] ] ], [ [ [ -48.03207, -16.03405 ], [ -48.03084, -16.03531 ], [ -48.03189, -16.03531 ], [ -48.0319, -16.03668 ], [ -48.03315, -16.03689 ], [ -48.03207, -16.03405 ] ] ], [ [ [ -48.03067, -16.03662 ], [ -48.03068, -16.03531 ], [ -48.02944, -16.0353 ], [ -48.03067, -16.03662 ] ] ] ] } },
{ "type": "Feature", "properties": { "cluster": 846.0, "hvi": 0.1138, "population": 2144, "setores": 5, "municipio": "Brasília" }, "geometry": { "type": "MultiPolygon", "coordinates": [ [ [ [ -48.02947, -16.03708 ], [ -48.02944, -16.03531 ], [ -48.03084, -16.03531 ], [ -48.02774, -16.03403 ], [ -48.02795, -16.0353 ], [ -48.02943, -16.03531 ], [ -48.02822, -16.03688 ], [ -48.02947, -16.03708 ] ] ], [ [ [ -48.03203, -16.03352 ], [ -48.03172, -16.03231 ], [ -48.03083, -16.03378 ], [ -48.03203, -16.03352 ] ] ], [ [ [ -48.03293, -16.03202 ], [ -48.03207, -16.03364 ], [ -48.03328, -16.03342 ], [ -48.03293, -16.03202 ] ] ], [ [ [ -48.03036, -16.03188 ], [ -48.02884, -16.03376 ], [ -48.03072, -16.03331 ], [ -48.03036, -16.03188 ] ] ] ] } },
{ "type": "Feature", "properties": { "cluster": 847.0, "hvi": 0.1393, "population": 2811, "setores": 3, "municipio": "Brasília" }, "geometry": { "type": "MultiPolygon", "coordinates": [ [ [ [ -48.03257, -16.03064 ], [ -48.03054, -16.03261 ], [ -48.03356, -16.03187 ], [ -48.03414, -16.03528 ], [ -48.03787, -16.03729 ], [ -48.03789, -16.02936 ], [ -48.03254, -16.02593 ], [ -48.03351, -16.03161 ], [ -48.03257, -16.03064 ] ] ], [ [ [ -48.03022, -16.03137 ], [ -48.03257, -16.03064 ], [ -48.02953, -16.03007 ], [ -48.03022, -16.03137 ] ] ] ] } },
{ "type": "Feature", "properties": { "cluster": 848.0, "hvi": 0.1215, "population": 2917, "setores": 5, "municipio": "Brasília" }, "geometry": { "type": "Polygon", "coordinates": [ [ [ -48.02353, -16.03503 ], [ -48.02347, -16.03271 ], [ -48.02821, -16.03122 ], [ -48.0301, -16.03272 ], [ -48.02921, -16.02949 ], [ -48.02679, -16.02932 ], [ -48.02843, -16.02839 ], [ -48.026, -16.02804 ], [ -48.02519, -16.0297 ], [ -48.02351, -16.02979 ], [ -48.02336, -16.03208 ], [ -48.02177, -16.03257 ], [ -48.02353, -16.03503 ] ] ] } },
{ "type": "Feature", "properties": { "cluster": 849.0, "hvi": 0.1289, "population": 716, "setores": 1, "municipio": "Brasília" }, "geometry": { "type": "Polygon", "coordinates": [ [ [ -48.031, -16.02767 ], [ -48.02793, -16.02784 ], [ -48.02893, -16.02896 ], [ -48.031, -16.02767 ] ] ] } },
{ "type": "Feature", "properties": { "cluster": 850.0, "hvi": 0.1112, "population": 2703, "setores": 7, "municipio": "Brasília" }, "geometry": { "type": "MultiPolygon", "coordinates": [ [ [ [ -48.0306, -16.02951 ], [ -48.03001, -16.0284 ], [ -48.02953, -16.03007 ], [ -48.0306, -16.02951 ] ] ], [ [ [ -48.02501, -16.02719 ], [ -48.02058, -16.02796 ], [ -48.02327, -16.02961 ], [ -48.02501, -16.02719 ] ] ], [ [ [ -48.02742, -16.02731 ], [ -48.02415, -16.02839 ], [ -48.02489, -16.02901 ], [ -48.02742, -16.02731 ] ] ], [ [ [ -48.03039, -16.02572 ], [ -48.0306, -16.02951 ], [ -48.03243, -16.02856 ], [ -48.03039, -16.02572 ] ] ], [ [ [ -48.02795, -16.02609 ], [ -48.02793, -16.02784 ], [ -48.02884, -16.02704 ], [ -48.02795, -16.02609 ] ] ], [ [ [ -48.02503, -16.02435 ], [ -48.02569, -16.02621 ], [ -48.02638, -16.02523 ], [ -48.02503, -16.02435 ] ] ], [ [ [ -48.02765, -16.02341 ], [ -48.02884, -16.02704 ], [ -48.03039, -16.02572 ], [ -48.02765, -16.02341 ] ] ] ] } },
{ "type": "Feature", "properties": { "cluster": 851.0, "hvi": 0.1131, "population": 2121, "setores": 5, "municipio": "Brasília" }, "geometry": { "type": "MultiPolygon", "coordinates": [ [ [ [ -48.02501, -16.02719 ], [ -48.02569, -16.02621 ], [ -48.02367, -16.02629 ], [ -48.02501, -16.02719 ] ] ], [ [ [ -48.02384, -16.02641 ], [ -48.02233, -16.02542 ], [ -48.02296, -16.02731 ], [ -48.02384, -16.02641 ] ] ], [ [ [ -48.02367, -16.02629 ], [ -48.02412, -16.02517 ], [ -48.02233, -16.02542 ], [ -48.02367, -16.02629 ] ] ], [ [ [ -48.02369, -16.02348 ], [ -48.02449, -16.02235 ], [ -48.02381, -16.0219 ], [ -48.02289, -16.02462 ], [ -48.02368, -16.0235 ], [ -48.02435, -16.02579 ], [ -48.02503, -16.02435 ], [ -48.02369, -16.02348 ] ] ] ] } },
{ "type": "Feature", "properties": { "cluster": 852.0, "hvi": 0.1171, "population": 2461, "setores": 5, "municipio": "Brasília" }, "geometry": { "type": "MultiPolygon", "coordinates": [ [ [ [ -48.02701, -16.02688 ], [ -48.02878, -16.02517 ], [ -48.02582, -16.02605 ], [ -48.02701, -16.02688 ] ] ], [ [ [ -48.03243, -16.02856 ], [ -48.03254, -16.02593 ], [ -48.02224, -16.01992 ], [ -48.02255, -16.02373 ], [ -48.02492, -16.02172 ], [ -48.02485, -16.02424 ], [ -48.02638, -16.02523 ], [ -48.02766, -16.02342 ], [ -48.03243, -16.02856 ] ] ] ] } },
{ "type": "Feature", "properties": { "cluster": 853.0, "hvi": 0.1138, "population": 2161, "setores": 5, "municipio": "Brasília" }, "geometry": { "type": "Polygon", "coordinates": [ [ [ -48.02091, -16.02545 ], [ -48.02109, -16.02367 ], [ -48.02167, -16.02433 ], [ -48.02137, -16.02209 ], [ -48.02276, -16.02211 ], [ -48.02216, -16.0208 ], [ -48.02145, -16.02178 ], [ -48.02179, -16.02056 ], [ -48.02027, -16.02274 ], [ -48.02038, -16.0248 ], [ -48.01954, -16.02379 ], [ -48.0207, -16.02634 ], [ -48.01785, -16.02611 ], [ -48.02058, -16.02796 ], [ -48.02124, -16.02405 ], [ -48.02091, -16.02545 ] ] ] } },
{ "type": "Feature", "properties": { "cluster": 854.0, "hvi": 0.1296, "population": 2972, "setores": 4, "municipio": "Brasília" }, "geometry": { "type": "MultiPolygon", "coordinates": [ [ [ [ -48.01521, -16.02436 ], [ -48.01785, -16.02611 ], [ -48.01947, -16.02188 ], [ -48.0181, -16.02383 ], [ -48.01521, -16.02436 ] ] ], [ [ [ -48.01947, -16.02187 ], [ -48.02044, -16.02251 ], [ -48.02224, -16.01992 ], [ -48.0184, -16.01728 ], [ -48.01665, -16.01906 ], [ -48.01939, -16.02132 ], [ -48.01535, -16.01942 ], [ -48.01914, -16.02233 ], [ -48.01947, -16.02187 ] ], [ [ -48.0195, -16.02116 ], [ -48.01949, -16.02122 ], [ -48.01939, -16.02132 ], [ -48.0195, -16.02116 ] ] ] ] } },
{ "type": "Feature", "properties": { "cluster": 855.0, "hvi": 0.1219, "population": 3479, "setores": 6, "municipio": "Brasília" }, "geometry": { "type": "MultiPolygon", "coordinates": [ [ [ [ -48.00117, -16.01533 ], [ -48.00271, -16.01032 ], [ -48.00116, -16.01341 ], [ -47.99842, -16.0136 ], [ -48.00117, -16.01533 ] ] ], [ [ [ -48.00116, -16.01341 ], [ -48.00164, -16.01242 ], [ -47.99948, -16.01116 ], [ -48.00116, -16.01341 ] ] ], [ [ [ -48.00799, -16.01122 ], [ -48.00867, -16.01027 ], [ -48.00466, -16.01038 ], [ -48.00597, -16.01071 ], [ -48.00376, -16.01167 ], [ -48.00506, -16.01302 ], [ -48.00644, -16.01083 ], [ -48.00799, -16.01122 ] ] ], [ [ [ -48.00599, -16.00847 ], [ -48.00315, -16.00662 ], [ -48.00203, -16.01051 ], [ -48.00361, -16.0097 ], [ -48.00427, -16.01094 ], [ -48.00466, -16.01038 ], [ -48.00514, -16.0097 ], [ -48.00441, -16.00929 ], [ -48.00599, -16.00847 ] ] ] ] } },
{ "type": "Feature", "properties": { "cluster": 856.0, "hvi": 0.1125, "population": 1649, "setores": 4, "municipio": "Brasília" }, "geometry": { "type": "MultiPolygon", "coordinates": [ [ [ [ -47.99522, -16.0129 ], [ -47.99842, -16.0136 ], [ -47.99925, -16.00941 ], [ -47.99816, -16.00898 ], [ -47.99865, -16.01083 ], [ -47.99809, -16.01217 ], [ -47.99522, -16.0129 ] ] ], [ [ [ -48.00164, -16.01242 ], [ -48.00271, -16.01032 ], [ -48.00018, -16.01184 ], [ -48.00164, -16.01242 ] ] ], [ [ [ -48.00094, -16.0101 ], [ -47.99961, -16.00956 ], [ -48.00032, -16.0115 ], [ -48.00094, -16.0101 ] ] ] ] } },
{ "type": "Feature", "properties": { "cluster": 857.0, "hvi": 0.1187, "population": 1553, "setores": 3, "municipio": "Brasília" }, "geometry": { "type": "MultiPolygon", "coordinates": [ [ [ [ -47.99863, -16.00918 ], [ -48.00058, -16.00995 ], [ -48.00141, -16.00862 ], [ -47.99863, -16.00918 ] ] ], [ [ [ -48.00315, -16.00662 ], [ -48.00046, -16.0048 ], [ -48.00141, -16.00862 ], [ -48.00315, -16.00662 ] ] ], [ [ [ -47.9991, -16.00808 ], [ -48.00046, -16.0048 ], [ -47.9973, -16.00276 ], [ -47.99657, -16.00626 ], [ -47.9991, -16.00808 ] ] ] ] } },
{ "type": "Feature", "properties": { "cluster": 858.0, "hvi": 0.1176, "population": 2034, "setores": 4, "municipio": "Brasília" }, "geometry": { "type": "MultiPolygon", "coordinates": [ [ [ [ -47.99865, -16.01084 ], [ -47.99734, -16.01031 ], [ -47.9991, -16.00808 ], [ -47.99657, -16.00626 ], [ -47.99824, -16.00863 ], [ -47.99557, -16.01116 ], [ -47.99662, -16.01158 ], [ -47.99728, -16.01041 ], [ -47.99809, -16.01217 ], [ -47.99865, -16.01084 ] ] ], [ [ [ -47.99522, -16.0129 ], [ -47.99557, -16.01116 ], [ -47.99295, -16.00777 ], [ -47.99201, -16.0123 ], [ -47.99522, -16.0129 ] ] ] ] } },
{ "type": "Feature", "properties": { "cluster": 859.0, "hvi": 0.1153, "population": 919, "setores": 2, "municipio": "Brasília" }, "geometry": { "type": "Polygon", "coordinates": [ [ [ -47.99433, -16.00548 ], [ -47.99399, -16.00727 ], [ -47.99588, -16.00577 ], [ -47.99623, -16.00806 ], [ -47.99673, -16.00541 ], [ -47.99347, -16.00531 ], [ -47.99433, -16.00548 ] ] ] } },
{ "type": "Feature", "properties": { "cluster": 860.0, "hvi": 0.1284, "population": 2907, "setores": 4, "municipio": "Brasília" }, "geometry": { "type": "MultiPolygon", "coordinates": [ [ [ [ -47.99331, -16.02008 ], [ -47.9937, -16.01817 ], [ -47.99056, -16.01945 ], [ -47.99331, -16.02008 ] ] ], [ [ [ -47.9937, -16.01817 ], [ -47.99413, -16.01605 ], [ -47.99147, -16.01516 ], [ -47.99147, -16.01775 ], [ -47.9937, -16.01817 ] ] ], [ [ [ -47.99103, -16.01716 ], [ -47.99132, -16.01585 ], [ -47.98858, -16.01683 ], [ -47.99103, -16.01716 ] ] ], [ [ [ -47.98545, -16.01475 ], [ -47.98553, -16.01625 ], [ -47.98812, -16.01526 ], [ -47.98545, -16.01475 ] ] ] ] } },
{ "type": "Feature", "properties": { "cluster": 861.0, "hvi": 0.1126, "population": 422, "setores": 1, "municipio": "Brasília" }, "geometry": { "type": "Polygon", "coordinates": [ [ [ -47.98815, -16.01711 ], [ -47.99103, -16.01716 ], [ -47.98842, -16.01569 ], [ -47.98815, -16.01711 ] ] ] } },
{ "type": "Feature", "properties": { "cluster": 862.0, "hvi": 0.1315, "population": 762, "setores": 1, "municipio": "Brasília" }, "geometry": { "type": "Polygon", "coordinates": [ [ [ -47.98884, -16.0117 ], [ -47.98802, -16.01525 ], [ -47.99132, -16.01585 ], [ -47.99178, -16.01358 ], [ -47.98884, -16.0117 ] ] ] } },
{ "type": "Feature", "properties": { "cluster": 863.0, "hvi": 0.1112, "population": 2711, "setores": 7, "municipio": "Brasília" }, "geometry": { "type": "MultiPolygon", "coordinates": [ [ [ [ -47.99116, -16.01401 ], [ -47.99201, -16.0123 ], [ -47.98923, -16.01178 ], [ -47.99081, -16.01289 ], [ -47.98923, -16.01364 ], [ -47.99116, -16.01401 ] ] ], [ [ [ -47.98958, -16.00807 ], [ -47.98884, -16.0117 ], [ -47.99201, -16.0123 ], [ -47.99033, -16.00821 ], [ -47.98958, -16.00807 ] ] ], [ [ [ -47.99498, -16.0103 ], [ -47.99557, -16.01116 ], [ -47.99602, -16.00902 ], [ -47.99498, -16.0103 ] ] ], [ [ [ -47.98884, -16.0117 ], [ -47.98883, -16.00792 ], [ -47.9884, -16.01007 ], [ -47.98565, -16.01109 ], [ -47.98884, -16.0117 ] ] ], [ [ [ -47.99623, -16.00806 ], [ -47.99342, -16.01 ], [ -47.99498, -16.0103 ], [ -47.99623, -16.00806 ] ] ], [ [ [ -47.99399, -16.00727 ], [ -47.99347, -16.00531 ], [ -47.99295, -16.00777 ], [ -47.99545, -16.00791 ], [ -47.99399, -16.00727 ] ] ] ] } },
{ "type": "Feature", "properties": { "cluster": 864.0, "hvi": 0.1164, "population": 2406, "setores": 5, "municipio": "Brasília" }, "geometry": { "type": "MultiPolygon", "coordinates": [ [ [ [ -47.9899, -16.01036 ], [ -47.99232, -16.01082 ], [ -47.99196, -16.00816 ], [ -47.99153, -16.01029 ], [ -47.9899, -16.01036 ] ] ], [ [ [ -47.99189, -16.00849 ], [ -47.99033, -16.00821 ], [ -47.99153, -16.01029 ], [ -47.99189, -16.00849 ] ] ], [ [ [ -47.99131, -16.00639 ], [ -47.99096, -16.00511 ], [ -47.99356, -16.0048 ], [ -47.99037, -16.00419 ], [ -47.98958, -16.00807 ], [ -47.99189, -16.00849 ], [ -47.99152, -16.00716 ], [ -47.99311, -16.007 ], [ -47.99131, -16.00639 ] ] ], [ [ [ -47.99096, -16.00511 ], [ -47.99311, -16.007 ], [ -47.9934, -16.00556 ], [ -47.99096, -16.00511 ] ] ] ] } },
{ "type": "Feature", "properties": { "cluster": 865.0, "hvi": 0.1222, "population": 2963, "setores": 5, "municipio": "Brasília" }, "geometry": { "type": "MultiPolygon", "coordinates": [ [ [ [ -47.9973, -16.00276 ], [ -47.99623, -16.00204 ], [ -47.99373, -16.00392 ], [ -47.99673, -16.00541 ], [ -47.9973, -16.00276 ] ] ], [ [ [ -47.99356, -16.0048 ], [ -47.99293, -16.00311 ], [ -47.9941, -16.00214 ], [ -47.99244, -16.00181 ], [ -47.99037, -16.00419 ], [ -47.99356, -16.0048 ] ] ], [ [ [ -47.98944, -16.00097 ], [ -47.99066, -16.0027 ], [ -47.99096, -16.00126 ], [ -47.98944, -16.00097 ] ] ], [ [ [ -47.99571, -15.99875 ], [ -47.99438, -16.00076 ], [ -47.99818, -16.00333 ], [ -47.99982, -16.0018 ], [ -47.99571, -15.99875 ] ] ] ] } },
{ "type": "Feature", "properties": { "cluster": 866.0, "hvi": 0.13, "population": 2254, "setores": 3, "municipio": "Brasília" }, "geometry": { "type": "MultiPolygon", "coordinates": [ [ [ [ -47.99373, -16.00392 ], [ -47.9954, -16.00421 ], [ -47.99623, -16.00204 ], [ -47.99145, -15.99893 ], [ -47.9909, -16.00153 ], [ -47.99409, -16.00214 ], [ -47.99373, -16.00392 ] ] ], [ [ [ -47.99571, -15.99875 ], [ -47.99124, -15.99621 ], [ -47.99438, -16.00076 ], [ -47.99571, -15.99875 ] ] ] ] } },
{ "type": "Feature", "properties": { "cluster": 867.0, "hvi": 0.1161, "population": 3344, "setores": 7, "municipio": "Brasília" }, "geometry": { "type": "MultiPolygon", "coordinates": [ [ [ [ -47.98647, -16.00712 ], [ -47.9884, -16.01007 ], [ -47.98734, -16.00728 ], [ -47.98647, -16.00712 ] ] ], [ [ [ -47.98647, -16.00711 ], [ -47.98703, -16.00435 ], [ -47.98879, -15.99559 ], [ -47.9859, -15.9941 ], [ -47.98273, -16.0096 ], [ -47.98625, -16.00818 ], [ -47.98647, -16.00712 ], [ -47.98647, -16.00711 ] ] ], [ [ [ -47.98924, -16.00589 ], [ -47.98947, -16.00481 ], [ -47.98976, -16.0071 ], [ -47.99037, -16.00419 ], [ -47.98703, -16.00435 ], [ -47.98924, -16.00589 ] ] ], [ [ [ -47.98916, -16.00241 ], [ -47.98843, -15.99956 ], [ -47.98802, -15.99947 ], [ -47.98916, -16.00241 ] ] ], [ [ [ -47.99096, -16.00126 ], [ -47.99145, -15.99893 ], [ -47.98852, -15.99702 ], [ -47.99096, -16.00126 ] ] ], [ [ [ -47.9859, -15.9941 ], [ -47.99025, -15.99567 ], [ -47.99143, -15.99323 ], [ -47.98676, -15.98999 ], [ -47.9859, -15.9941 ] ] ] ] } },
{ "type": "Feature", "properties": { "cluster": 868.0, "hvi": 0.1233, "population": 1845, "setores": 3, "municipio": "Brasília" }, "geometry": { "type": "MultiPolygon", "coordinates": [ [ [ [ -47.98883, -16.00792 ], [ -47.98728, -16.00763 ], [ -47.98692, -16.0094 ], [ -47.98883, -16.00792 ] ] ], [ [ [ -47.98958, -16.00807 ], [ -47.98924, -16.00589 ], [ -47.98646, -16.00711 ], [ -47.98958, -16.00807 ] ] ], [ [ [ -47.99037, -16.00419 ], [ -47.99066, -16.0027 ], [ -47.98714, -16.00359 ], [ -47.99037, -16.00419 ] ] ] ] } },
{ "type": "Feature", "properties": { "cluster": 869.0, "hvi": 0.112, "population": 2815, "setores": 8, "municipio": "Brasília" }, "geometry": { "type": "MultiPolygon", "coordinates": [ [ [ [ -47.99567, -16.03358 ], [ -47.99312, -16.02936 ], [ -47.99149, -16.03309 ], [ -47.99567, -16.03358 ] ] ], [ [ [ -47.99169, -16.027 ], [ -47.99508, -16.02128 ], [ -47.99513, -16.01704 ], [ -47.99331, -16.02008 ], [ -47.99058, -16.01936 ], [ -47.9908, -16.01837 ], [ -47.98805, -16.01562 ], [ -47.98751, -16.01828 ], [ -47.98973, -16.01913 ], [ -47.98426, -16.01769 ], [ -47.98565, -16.01109 ], [ -47.98584, -16.01019 ], [ -47.98273, -16.0096 ], [ -47.97901, -16.03525 ], [ -47.9967, -16.03528 ], [ -47.98509, -16.03232 ], [ -47.98486, -16.02884 ], [ -47.9866, -16.02762 ], [ -47.98475, -16.02705 ], [ -47.9846, -16.02477 ], [ -47.99169, -16.027 ] ] ], [ [ [ -47.98858, -16.01296 ], [ -47.98884, -16.0117 ], [ -47.98565, -16.01109 ], [ -47.98493, -16.01466 ], [ -47.98802, -16.01525 ], [ -47.98751, -16.0131 ], [ -47.98858, -16.01296 ] ] ] ] } },
{ "type": "Feature", "properties": { "cluster": 870.0, "hvi": 0.1378, "population": 903, "setores": 1, "municipio": "Brasília" }, "geometry": { "type": "Polygon", "coordinates": [ [ [ -47.98426, -16.01769 ], [ -47.98776, -16.01704 ], [ -47.98493, -16.01466 ], [ -47.98426, -16.01769 ] ] ] } },
{ "type": "Feature", "properties": { "cluster": 871.0, "hvi": 0.1265, "population": 2643, "setores": 4, "municipio": "Brasília" }, "geometry": { "type": "Polygon", "coordinates": [ [ [ -48.00213, -15.99978 ], [ -48.00528, -15.99701 ], [ -47.99878, -15.99342 ], [ -48.00005, -15.99582 ], [ -47.99803, -15.99469 ], [ -47.99562, -15.9974 ], [ -47.99852, -15.99773 ], [ -47.99646, -15.99836 ], [ -47.99982, -16.0018 ], [ -48.00213, -15.99978 ] ], [ [ -48.00084, -15.99807 ], [ -48.00115, -15.99791 ], [ -48.00213, -15.99978 ], [ -48.00084, -15.99807 ] ] ] } },
{ "type": "Feature", "properties": { "cluster": 872.0, "hvi": 0.1183, "population": 2002, "setores": 4, "municipio": "Brasília" }, "geometry": { "type": "MultiPolygon", "coordinates": [ [ [ [ -47.99811, -16.00027 ], [ -47.99562, -15.9974 ], [ -47.99185, -15.99655 ], [ -47.99437, -15.99795 ], [ -47.99811, -16.00027 ] ] ], [ [ [ -47.99649, -15.9952 ], [ -47.99595, -15.99503 ], [ -47.99691, -15.99468 ], [ -47.99502, -15.99709 ], [ -47.99707, -15.99619 ], [ -47.99817, -15.99306 ], [ -47.99691, -15.99467 ], [ -47.99387, -15.99292 ], [ -47.99221, -15.99451 ], [ -47.99488, -15.99543 ], [ -47.99378, -15.9969 ], [ -47.99649, -15.9952 ] ] ] ] } },
{ "type": "Feature", "properties": { "cluster": 873.0, "hvi": 0.1257, "population": 2607, "setores": 4, "municipio": "Brasília" }, "geometry": { "type": "MultiPolygon", "coordinates": [ [ [ [ -47.9914, -15.99889 ], [ -47.99202, -15.99729 ], [ -47.98892, -15.99492 ], [ -47.98852, -15.99702 ], [ -47.9914, -15.99889 ] ] ], [ [ [ -47.99459, -15.99554 ], [ -47.99225, -15.99443 ], [ -47.99433, -15.99093 ], [ -47.99198, -15.99284 ], [ -47.9899, -15.99168 ], [ -47.99378, -15.9969 ], [ -47.99459, -15.99554 ] ] ], [ [ [ -47.99817, -15.99306 ], [ -47.99433, -15.99093 ], [ -47.99691, -15.99468 ], [ -47.99817, -15.99306 ] ] ] ] } },
{ "type": "Feature", "properties": { "cluster": 874.0, "hvi": 0.1187, "population": 1581, "setores": 3, "municipio": "Brasília" }, "geometry": { "type": "MultiPolygon", "coordinates": [ [ [ [ -48.01616, -16.02303 ], [ -48.01744, -16.02387 ], [ -48.01817, -16.02214 ], [ -48.01616, -16.02303 ] ] ], [ [ [ -48.0181, -16.02383 ], [ -48.01914, -16.02233 ], [ -48.01817, -16.02214 ], [ -48.0181, -16.02383 ] ] ], [ [ [ -48.01673, -16.02221 ], [ -48.01797, -16.02042 ], [ -48.01445, -16.02071 ], [ -48.01673, -16.02221 ] ] ] ] } },
{ "type": "Feature", "properties": { "cluster": 875.0, "hvi": 0.1188, "population": 553, "setores": 1, "municipio": "Brasília" }, "geometry": { "type": "Polygon", "coordinates": [ [ [ -47.9733, -15.97447 ], [ -47.96796, -15.98238 ], [ -47.97993, -15.9835 ], [ -47.97855, -15.97468 ], [ -47.9733, -15.97447 ] ] ] } },
{ "type": "Feature", "properties": { "cluster": 876.0, "hvi": 0.1162, "population": 476, "setores": 1, "municipio": "Brasília" }, "geometry": { "type": "Polygon", "coordinates": [ [ [ -48.02947, -16.04159 ], [ -48.02822, -16.04317 ], [ -48.02947, -16.04337 ], [ -48.02947, -16.04159 ] ] ] } },
{ "type": "Feature", "properties": { "cluster": 877.0, "hvi": 0.1366, "population": 2668, "setores": 3, "municipio": "Brasília" }, "geometry": { "type": "MultiPolygon", "coordinates": [ [ [ [ -48.01567, -16.0237 ], [ -48.01673, -16.02221 ], [ -48.01498, -16.02106 ], [ -48.02007, -16.01733 ], [ -48.01599, -16.01505 ], [ -48.01341, -16.0222 ], [ -48.01468, -16.02127 ], [ -48.01567, -16.0237 ] ] ], [ [ [ -48.01599, -16.01505 ], [ -48.01302, -16.01322 ], [ -48.01376, -16.01871 ], [ -48.01599, -16.01505 ] ] ] ] } },
{ "type": "Feature", "properties": { "cluster": 878.0, "hvi": 0.1235, "population": 2524, "setores": 5, "municipio": "Brasília" }, "geometry": { "type": "MultiPolygon", "coordinates": [ [ [ [ -48.00453, -16.01262 ], [ -48.00308, -16.01466 ], [ -48.00396, -16.01475 ], [ -48.00117, -16.01533 ], [ -48.01521, -16.02436 ], [ -48.01033, -16.01342 ], [ -48.00538, -16.01445 ], [ -48.00453, -16.01262 ] ] ], [ [ [ -48.01353, -16.01427 ], [ -48.01005, -16.01114 ], [ -48.01186, -16.01562 ], [ -48.01353, -16.01427 ] ] ], [ [ [ -48.00688, -16.01357 ], [ -48.00768, -16.01242 ], [ -48.01033, -16.01342 ], [ -48.01005, -16.01114 ], [ -48.0075, -16.01217 ], [ -48.00651, -16.0107 ], [ -48.00688, -16.01357 ] ] ] ] } },
{ "type": "Feature", "properties": { "cluster": 879.0, "hvi": 0.1334, "population": 1723, "setores": 2, "municipio": "Brasília" }, "geometry": { "type": "MultiPolygon", "coordinates": [ [ [ [ -48.01986, -16.03723 ], [ -48.02085, -16.03593 ], [ -48.01874, -16.0338 ], [ -48.01986, -16.03723 ] ] ], [ [ [ -48.02171, -16.03729 ], [ -48.023, -16.03559 ], [ -48.01975, -16.03249 ], [ -48.02171, -16.03729 ] ] ] ] } },
{ "type": "Feature", "properties": { "cluster": 880.0, "hvi": 0.1207, "population": 2866, "setores": 5, "municipio": "Brasília" }, "geometry": { "type": "MultiPolygon", "coordinates": [ [ [ [ -48.02665, -16.0396 ], [ -48.02354, -16.03846 ], [ -48.02354, -16.03958 ], [ -48.02665, -16.04046 ], [ -48.02665, -16.0396 ] ] ], [ [ [ -48.02169, -16.03942 ], [ -48.02354, -16.03846 ], [ -48.02345, -16.03606 ], [ -48.02177, -16.03257 ], [ -48.02045, -16.03432 ], [ -48.02279, -16.03567 ], [ -48.02029, -16.03665 ], [ -48.01716, -16.03584 ], [ -48.02169, -16.03942 ] ] ] ] } },
{ "type": "Feature", "properties": { "cluster": 881.0, "hvi": 0.1312, "population": 2329, "setores": 3, "municipio": "Brasília" }, "geometry": { "type": "Polygon", "coordinates": [ [ [ -48.02169, -16.03942 ], [ -48.01884, -16.0387 ], [ -48.0196, -16.03758 ], [ -48.01716, -16.03584 ], [ -48.01825, -16.03827 ], [ -48.01634, -16.03689 ], [ -48.01488, -16.03889 ], [ -48.01967, -16.04171 ], [ -48.02169, -16.03942 ] ] ] } },
{ "type": "Feature", "properties": { "cluster": 882.0, "hvi": 0.1047, "population": 2774, "setores": 11, "municipio": "Brasília" }, "geometry": { "type": "Polygon", "coordinates": [ [ [ -48.01071, -16.04994 ], [ -48.01376, -16.04934 ], [ -48.02305, -16.04972 ], [ -48.02354, -16.03846 ], [ -48.01769, -16.04422 ], [ -48.01433, -16.03982 ], [ -48.02351, -16.02979 ], [ -47.99479, -16.01283 ], [ -47.99201, -16.0123 ], [ -47.99257, -16.01401 ], [ -47.99174, -16.01374 ], [ -47.99413, -16.01605 ], [ -47.99394, -16.01702 ], [ -47.99824, -16.01673 ], [ -47.99075, -16.02537 ], [ -47.99662, -16.03528 ], [ -47.97901, -16.03525 ], [ -47.9814, -16.04908 ], [ -48.00483, -16.04898 ], [ -48.00753, -16.04909 ], [ -48.00155, -16.04991 ], [ -48.00806, -16.04993 ], [ -48.00786, -16.0491 ], [ -48.01071, -16.04994 ] ], [ [ -47.99444, -16.01457 ], [ -47.99428, -16.01312 ], [ -47.99479, -16.01283 ], [ -47.99444, -16.01457 ] ], [ [ -48.00762, -16.02717 ], [ -48.01467, -16.04556 ], [ -48.01457, -16.04557 ], [ -48.00762, -16.02717 ] ], [ [ -47.99345, -16.0143 ], [ -47.99265, -16.01404 ], [ -47.99348, -16.01357 ], [ -47.99345, -16.0143 ] ] ] } },
{ "type": "Feature", "properties": { "cluster": 883.0, "hvi": 0.1392, "population": 2880, "setores": 3, "municipio": "Brasília" }, "geometry": { "type": "MultiPolygon", "coordinates": [ [ [ [ -47.99178, -16.03089 ], [ -47.99152, -16.02914 ], [ -47.98834, -16.02967 ], [ -47.99178, -16.03089 ] ] ], [ [ [ -47.9866, -16.02762 ], [ -47.98686, -16.02951 ], [ -47.98923, -16.02844 ], [ -47.9866, -16.02762 ] ] ] ] } },
{ "type": "Feature", "properties": { "cluster": 884.0, "hvi": 0.139, "population": 2823, "setores": 3, "municipio": "Brasília" }, "geometry": { "type": "MultiPolygon", "coordinates": [ [ [ [ -47.98931, -16.03283 ], [ -47.98959, -16.03064 ], [ -47.98824, -16.03046 ], [ -47.98931, -16.03283 ] ] ], [ [ [ -47.98537, -16.0301 ], [ -47.98509, -16.03232 ], [ -47.98683, -16.03028 ], [ -47.98537, -16.0301 ] ] ], [ [ [ -47.98834, -16.02967 ], [ -47.98547, -16.02936 ], [ -47.98824, -16.03046 ], [ -47.98834, -16.02967 ] ] ] ] } },
{ "type": "Feature", "properties": { "cluster": 885.0, "hvi": 0.128, "population": 1415, "setores": 2, "municipio": "Brasília" }, "geometry": { "type": "MultiPolygon", "coordinates": [ [ [ [ -47.99149, -16.03309 ], [ -47.99163, -16.03197 ], [ -47.98945, -16.03172 ], [ -47.99149, -16.03309 ] ] ], [ [ [ -47.99163, -16.03197 ], [ -47.99178, -16.03089 ], [ -47.98959, -16.03064 ], [ -47.99163, -16.03197 ] ] ] ] } },
{ "type": "Feature", "properties": { "cluster": 886.0, "hvi": 0.1389, "population": 953, "setores": 1, "municipio": "Brasília" }, "geometry": { "type": "Polygon", "coordinates": [ [ [ -47.98683, -16.03028 ], [ -47.98792, -16.03266 ], [ -47.98824, -16.03046 ], [ -47.98683, -16.03028 ] ] ] } },
{ "type": "Feature", "properties": { "cluster": 887.0, "hvi": 0.1179, "population": 495, "setores": 1, "municipio": "Brasília" }, "geometry": { "type": "Polygon", "coordinates": [ [ [ -48.00155, -16.04903 ], [ -47.98288, -16.0499 ], [ -48.00155, -16.04991 ], [ -48.00155, -16.04903 ] ] ] } },
{ "type": "Feature", "properties": { "cluster": 888.0, "hvi": 0.1268, "population": 1418, "setores": 2, "municipio": "Brasília" }, "geometry": { "type": "MultiPolygon", "coordinates": [ [ [ [ -48.01602, -16.04284 ], [ -48.01769, -16.04422 ], [ -48.01967, -16.04171 ], [ -48.01602, -16.04284 ] ] ], [ [ [ -48.01757, -16.04063 ], [ -48.01488, -16.03889 ], [ -48.01467, -16.04216 ], [ -48.01757, -16.04063 ] ] ] ] } },
{ "type": "Feature", "properties": { "cluster": 889.0, "hvi": 0.1438, "population": 1070, "setores": 1, "municipio": "Brasília" }, "geometry": { "type": "Polygon", "coordinates": [ [ [ -47.99169, -16.027 ], [ -47.99058, -16.02885 ], [ -47.99204, -16.02992 ], [ -47.99312, -16.02936 ], [ -47.99169, -16.027 ] ] ] } },
{ "type": "Feature", "properties": { "cluster": 890.0, "hvi": 0.1412, "population": 2999, "setores": 3, "municipio": "Brasília" }, "geometry": { "type": "MultiPolygon", "coordinates": [ [ [ [ -47.99058, -16.02885 ], [ -47.99127, -16.02684 ], [ -47.98993, -16.02643 ], [ -47.99058, -16.02885 ] ] ], [ [ [ -47.98788, -16.02802 ], [ -47.98923, -16.02844 ], [ -47.98857, -16.02603 ], [ -47.98788, -16.02802 ] ] ], [ [ [ -47.9866, -16.02762 ], [ -47.98788, -16.02802 ], [ -47.98728, -16.02563 ], [ -47.9866, -16.02762 ] ] ] ] } },
{ "type": "Feature", "properties": { "cluster": 891.0, "hvi": 0.106, "population": 2998, "setores": 45, "municipio": "Brasília" }, "geometry": { "type": "MultiPolygon", "coordinates": [ [ [ [ -48.05508, -16.0341 ], [ -48.04979, -16.02611 ], [ -48.05311, -16.03533 ], [ -48.05508, -16.0341 ] ] ], [ [ [ -48.04979, -16.02611 ], [ -48.04729, -16.01782 ], [ -48.04505, -16.01765 ], [ -48.04578, -16.0115 ], [ -48.04702, -16.01151 ], [ -48.04673, -16.0059 ], [ -48.04432, -16.01073 ], [ -48.04458, -16.00721 ], [ -48.03582, -16.00784 ], [ -48.03144, -15.99886 ], [ -48.04352, -15.99461 ], [ -48.04411, -15.98707 ], [ -48.02076, -15.96614 ], [ -47.99972, -15.94733 ], [ -47.99157, -15.94763 ], [ -47.98942, -15.94478 ], [ -47.98378, -15.9525 ], [ -47.96422, -15.95057 ], [ -47.94086, -15.94001 ], [ -47.93077, -15.93113 ], [ -47.92679, -15.91343 ], [ -47.91303, -15.9083 ], [ -47.90775, -15.91366 ], [ -47.9079, -15.91265 ], [ -47.88982, -15.91116 ], [ -47.88306, -15.91344 ], [ -47.89363, -15.90088 ], [ -47.87997, -15.88483 ], [ -47.85103, -15.8682 ], [ -47.85621, -15.85874 ], [ -47.85352, -15.8566 ], [ -47.84334, -15.86152 ], [ -47.84517, -15.86266 ], [ -47.84215, -15.86752 ], [ -47.84769, -15.8711 ], [ -47.84292, -15.89013 ], [ -47.82194, -15.88538 ], [ -47.81954, -15.90012 ], [ -47.82074, -15.88981 ], [ -47.79629, -15.89994 ], [ -47.79391, -15.89254 ], [ -47.79359, -15.90232 ], [ -47.80047, -15.90196 ], [ -47.79048, -15.90385 ], [ -47.79598, -15.91159 ], [ -47.7885, -15.91667 ], [ -47.79141, -15.92092 ], [ -47.7862, -15.925 ], [ -47.79999, -15.92836 ], [ -47.80528, -15.9338 ], [ -47.80719, -15.93808 ], [ -47.81448, -15.93471 ], [ -47.80433, -15.94137 ], [ -47.79568, -15.95101 ], [ -47.79143, -15.95967 ], [ -47.75999, -15.97317 ], [ -47.76507, -15.97899 ], [ -47.77855, -15.98492 ], [ -47.79128, -15.96404 ], [ -47.78199, -15.98212 ], [ -47.78871, -15.98089 ], [ -47.77826, -15.98548 ], [ -47.77962, -15.9895 ], [ -47.76256, -16.00942 ], [ -47.76457, -16.01948 ], [ -47.75948, -16.02821 ], [ -47.76063, -16.03062 ], [ -47.73172, -16.03016 ], [ -47.72144, -16.04988 ], [ -47.81455, -16.04995 ], [ -47.82234, -16.04639 ], [ -47.81949, -16.03032 ], [ -47.83509, -16.02429 ], [ -47.85246, -16.02218 ], [ -47.85754, -16.03039 ], [ -47.8646, -16.03126 ], [ -47.86396, -16.03934 ], [ -47.84385, -16.04994 ], [ -47.95397, -16.04984 ], [ -47.95433, -16.04842 ], [ -47.96242, -16.04984 ], [ -47.98152, -16.04982 ], [ -47.97938, -16.02598 ], [ -47.98705, -15.9901 ], [ -48.00528, -15.99701 ], [ -47.99818, -16.00333 ], [ -48.03254, -16.02593 ], [ -48.03694, -16.02872 ], [ -48.0424, -16.02591 ], [ -48.04613, -16.03867 ], [ -48.04957, -16.03593 ], [ -48.05396, -16.03741 ], [ -48.04842, -16.02693 ], [ -48.04979, -16.02611 ] ], [ [ -48.03041, -16.01154 ], [ -48.0297, -16.011 ], [ -48.03582, -16.00784 ], [ -48.03041, -16.01154 ] ], [ [ -48.01316, -15.97424 ], [ -48.00912, -15.97599 ], [ -48.02076, -15.96614 ], [ -48.01316, -15.97424 ] ], [ [ -47.85825, -16.01706 ], [ -47.86213, -16.01722 ], [ -47.85246, -16.02218 ], [ -47.85825, -16.01706 ] ], [ [ -47.93856, -16.04679 ], [ -47.93807, -16.04727 ], [ -47.93905, -16.03628 ], [ -47.93865, -16.04985 ], [ -47.93856, -16.04679 ] ], [ [ -48.0188, -16.00275 ], [ -48.01687, -16.00113 ], [ -48.02619, -16.00832 ], [ -48.01892, -16.00278 ], [ -48.00835, -16.01 ], [ -48.0188, -16.00275 ] ], [ [ -48.04144, -16.01997 ], [ -48.04367, -16.01951 ], [ -48.04372, -16.01885 ], [ -48.04447, -16.02024 ], [ -48.03254, -16.02593 ], [ -48.04144, -16.01997 ] ], [ [ -47.97043, -15.97476 ], [ -47.97162, -15.97488 ], [ -47.95596, -15.97872 ], [ -47.95761, -15.96827 ], [ -47.96634, -15.96786 ], [ -47.96931, -15.96162 ], [ -47.97115, -15.96138 ], [ -47.97043, -15.97476 ] ], [ [ -47.93491, -15.98386 ], [ -47.93234, -15.98298 ], [ -47.93708, -15.98333 ], [ -47.93491, -15.98386 ] ], [ [ -47.88279, -15.98408 ], [ -47.88375, -15.98092 ], [ -47.88601, -15.97788 ], [ -47.88279, -15.98408 ] ], [ [ -47.88603, -15.9908 ], [ -47.88132, -15.98895 ], [ -47.88133, -15.9889 ], [ -47.88603, -15.9908 ] ], [ [ -47.87041, -16.01285 ], [ -47.86974, -16.01332 ], [ -47.87561, -16.0078 ], [ -47.87041, -16.01285 ] ], [ [ -48.00018, -15.97841 ], [ -47.99248, -15.97732 ], [ -47.98978, -15.97681 ], [ -48.00676, -15.97702 ], [ -48.00018, -15.97841 ] ], [ [ -48.01162, -15.99673 ], [ -48.01127, -15.99644 ], [ -48.00457, -15.97798 ], [ -48.01162, -15.99673 ] ], [ [ -48.04417, -16.01283 ], [ -48.04498, -16.01765 ], [ -48.04382, -16.01756 ], [ -48.04417, -16.01283 ] ], [ [ -47.97654, -15.98465 ], [ -47.97562, -15.98182 ], [ -47.96796, -15.98238 ], [ -47.97293, -15.97502 ], [ -47.9787, -15.97563 ], [ -47.97993, -15.9835 ], [ -47.97654, -15.98465 ] ], [ [ -47.86531, -16.03934 ], [ -47.86872, -16.03769 ], [ -47.87571, -16.03934 ], [ -47.86531, -16.03934 ] ], [ [ -47.93666, -16.04863 ], [ -47.93566, -16.0496 ], [ -47.93528, -16.04946 ], [ -47.93666, -16.04863 ] ], [ [ -47.90964, -16.04251 ], [ -47.90929, -16.04226 ], [ -47.91825, -16.04089 ], [ -47.90964, -16.04251 ] ], [ [ -47.82604, -15.97366 ], [ -47.83001, -15.96705 ], [ -47.82419, -15.96592 ], [ -47.82269, -15.97184 ], [ -47.81893, -15.97168 ], [ -47.81776, -15.96141 ], [ -47.82359, -15.9473 ], [ -47.8133, -15.94747 ], [ -47.81535, -15.93989 ], [ -47.81583, -15.93408 ], [ -47.81671, -15.93367 ], [ -47.82745, -15.93904 ], [ -47.83235, -15.92821 ], [ -47.82609, -15.9443 ], [ -47.84961, -15.95427 ], [ -47.85062, -15.95802 ], [ -47.84681, -15.96088 ], [ -47.83709, -15.9796 ], [ -47.82829, -15.98 ], [ -47.83, -15.9758 ], [ -47.82604, -15.97366 ] ], [ [ -47.82676, -15.91858 ], [ -47.82661, -15.91819 ], [ -47.83235, -15.92821 ], [ -47.82676, -15.91858 ] ], [ [ -47.85557, -15.9461 ], [ -47.8738, -15.96125 ], [ -47.83235, -15.92821 ], [ -47.85557, -15.9461 ] ], [ [ -47.81569, -15.97636 ], [ -47.81935, -15.97554 ], [ -47.81955, -15.97728 ], [ -47.81569, -15.97636 ] ], [ [ -47.8195, -15.98111 ], [ -47.81958, -15.97759 ], [ -47.81991, -15.98038 ], [ -47.8195, -15.98111 ] ], [ [ -47.80143, -16.0208 ], [ -47.80123, -16.02034 ], [ -47.80089, -16.0135 ], [ -47.80903, -15.99779 ], [ -47.81489, -15.98953 ], [ -47.80097, -16.0149 ], [ -47.80143, -16.0208 ] ], [ [ -47.79541, -16.01039 ], [ -47.79551, -16.01025 ], [ -47.80089, -16.0135 ], [ -47.79541, -16.01039 ] ], [ [ -47.79352, -15.98489 ], [ -47.79369, -15.9849 ], [ -47.80903, -15.99779 ], [ -47.79352, -15.98489 ] ], [ [ -47.78319, -16.02799 ], [ -47.79591, -16.04435 ], [ -47.78341, -16.03138 ], [ -47.78229, -16.02014 ], [ -47.78434, -16.02531 ], [ -47.78319, -16.02799 ] ], [ [ -47.93381, -15.95515 ], [ -47.91656, -15.95435 ], [ -47.91636, -15.95409 ], [ -47.93381, -15.95515 ] ], [ [ -47.90622, -15.92394 ], [ -47.89795, -15.93887 ], [ -47.89704, -15.94211 ], [ -47.89879, -15.93517 ], [ -47.90622, -15.92394 ] ], [ [ -47.8959, -15.94612 ], [ -47.89584, -15.94633 ], [ -47.88902, -15.95279 ], [ -47.8959, -15.94612 ] ], [ [ -47.82152, -15.9934 ], [ -47.81857, -15.98854 ], [ -47.82784, -15.9811 ], [ -47.83441, -15.98476 ], [ -47.83127, -15.99079 ], [ -47.82148, -15.99865 ], [ -47.81847, -15.99633 ], [ -47.82152, -15.9934 ] ], [ [ -47.81872, -16.01105 ], [ -47.82048, -16.00315 ], [ -47.81881, -16.01105 ], [ -47.81872, -16.01105 ] ], [ [ -47.76075, -16.03088 ], [ -47.74721, -16.03859 ], [ -47.76066, -16.03069 ], [ -47.76075, -16.03088 ] ], [ [ -47.79717, -15.95927 ], [ -47.79191, -15.963 ], [ -47.79268, -15.96174 ], [ -47.79717, -15.95927 ] ] ], [ [ [ -48.04458, -16.00721 ], [ -48.05034, -16.00367 ], [ -48.0426, -15.99504 ], [ -48.04021, -15.99712 ], [ -48.04458, -16.00721 ] ] ], [ [ [ -47.7907, -15.94577 ], [ -47.7913, -15.94877 ], [ -47.79568, -15.95101 ], [ -47.80719, -15.93808 ], [ -47.7907, -15.94577 ] ] ] ] } },
{ "type": "Feature", "properties": { "cluster": 892.0, "hvi": 0.1383, "population": 1902, "setores": 2, "municipio": "Brasília" }, "geometry": { "type": "MultiPolygon", "coordinates": [ [ [ [ -47.98594, -16.0252 ], [ -47.98524, -16.0272 ], [ -47.9866, -16.02762 ], [ -47.98594, -16.0252 ] ] ], [ [ [ -47.9846, -16.02477 ], [ -47.98392, -16.02679 ], [ -47.98524, -16.0272 ], [ -47.9846, -16.02477 ] ] ] ] } },
{ "type": "Feature", "properties": { "cluster": 893.0, "hvi": 0.1148, "population": 455, "setores": 1, "municipio": "Brasília" }, "geometry": { "type": "Polygon", "coordinates": [ [ [ -47.95814, -16.04984 ], [ -47.96042, -16.04892 ], [ -47.95809, -16.04975 ], [ -47.95814, -16.04984 ] ] ] } },
{ "type": "Feature", "properties": { "cluster": 894.0, "hvi": 0.1287, "population": 721, "setores": 1, "municipio": "Brasília" }, "geometry": { "type": "Polygon", "coordinates": [ [ [ -48.00174, -16.01454 ], [ -48.00385, -16.01551 ], [ -48.00558, -16.0149 ], [ -48.00308, -16.01466 ], [ -48.00376, -16.01167 ], [ -48.00174, -16.01454 ] ] ] } },
{ "type": "Feature", "properties": { "cluster": 895.0, "hvi": 0.1137, "population": 2989, "setores": 10, "municipio": "Brasília" }, "geometry": { "type": "MultiPolygon", "coordinates": [ [ [ [ -47.78702, -15.89679 ], [ -47.79118, -15.89637 ], [ -47.78796, -15.89518 ], [ -47.78853, -15.89505 ], [ -47.78656, -15.8938 ], [ -47.78594, -15.8956 ], [ -47.7849, -15.89446 ], [ -47.78267, -15.89811 ], [ -47.78747, -15.8973 ], [ -47.78702, -15.89679 ] ], [ [ -47.78599, -15.89566 ], [ -47.78778, -15.89477 ], [ -47.78697, -15.89675 ], [ -47.78599, -15.89566 ] ] ], [ [ [ -47.79132, -15.89586 ], [ -47.79535, -15.8917 ], [ -47.79538, -15.87989 ], [ -47.79895, -15.87742 ], [ -47.79409, -15.87015 ], [ -47.79138, -15.87119 ], [ -47.78931, -15.86656 ], [ -47.78602, -15.86768 ], [ -47.78857, -15.876 ], [ -47.79335, -15.87666 ], [ -47.79094, -15.8859 ], [ -47.78891, -15.88117 ], [ -47.78553, -15.88186 ], [ -47.78379, -15.87989 ], [ -47.78042, -15.88291 ], [ -47.77981, -15.88808 ], [ -47.7846, -15.89412 ], [ -47.78741, -15.8923 ], [ -47.78831, -15.89377 ], [ -47.789, -15.89127 ], [ -47.78855, -15.89514 ], [ -47.79132, -15.89586 ] ] ], [ [ [ -47.79866, -15.88108 ], [ -47.80221, -15.88094 ], [ -47.79895, -15.87742 ], [ -47.79866, -15.88108 ] ] ] ] } },
{ "type": "Feature", "properties": { "cluster": 896.0, "hvi": 0.1108, "population": 2509, "setores": 7, "municipio": "Brasília" }, "geometry": { "type": "MultiPolygon", "coordinates": [ [ [ [ -47.77446, -15.89555 ], [ -47.77418, -15.89645 ], [ -47.76903, -15.89261 ], [ -47.77134, -15.89691 ], [ -47.77547, -15.89741 ], [ -47.7744, -15.89661 ], [ -47.77603, -15.89646 ], [ -47.77446, -15.89555 ] ] ], [ [ [ -47.76903, -15.89261 ], [ -47.77228, -15.895 ], [ -47.77337, -15.89436 ], [ -47.77438, -15.8955 ], [ -47.77725, -15.89003 ], [ -47.77809, -15.89198 ], [ -47.77897, -15.89011 ], [ -47.77728, -15.88948 ], [ -47.77756, -15.88436 ], [ -47.77347, -15.88648 ], [ -47.77081, -15.89142 ], [ -47.76903, -15.89261 ] ] ], [ [ [ -47.77856, -15.88713 ], [ -47.77897, -15.89011 ], [ -47.77939, -15.88751 ], [ -47.77856, -15.88713 ] ] ] ] } },
{ "type": "Feature", "properties": { "cluster": 897.0, "hvi": 0.1233, "population": 1215, "setores": 2, "municipio": "Brasília" }, "geometry": { "type": "MultiPolygon", "coordinates": [ [ [ [ -47.77603, -15.89646 ], [ -47.77698, -15.89442 ], [ -47.77511, -15.894 ], [ -47.77603, -15.89646 ] ] ], [ [ [ -47.77809, -15.89198 ], [ -47.77703, -15.891 ], [ -47.77627, -15.89163 ], [ -47.77634, -15.89409 ], [ -47.77809, -15.89198 ] ] ] ] } },
{ "type": "Feature", "properties": { "cluster": 898.0, "hvi": 0.1277, "population": 1372, "setores": 2, "municipio": "Brasília" }, "geometry": { "type": "MultiPolygon", "coordinates": [ [ [ [ -47.77394, -15.89902 ], [ -47.77499, -15.89792 ], [ -47.77288, -15.89664 ], [ -47.77394, -15.89902 ] ] ], [ [ [ -47.77046, -15.89848 ], [ -47.77394, -15.89902 ], [ -47.76807, -15.89491 ], [ -47.77046, -15.89848 ] ] ] ] } },
{ "type": "Feature", "properties": { "cluster": 899.0, "hvi": 0.12, "population": 2731, "setores": 5, "municipio": "Brasília" }, "geometry": { "type": "MultiPolygon", "coordinates": [ [ [ [ -47.77287, -15.90749 ], [ -47.7743, -15.90646 ], [ -47.77169, -15.90626 ], [ -47.77287, -15.90749 ] ] ], [ [ [ -47.77319, -15.90513 ], [ -47.77843, -15.90125 ], [ -47.77933, -15.90232 ], [ -47.78049, -15.90182 ], [ -47.78104, -15.90363 ], [ -47.78236, -15.90201 ], [ -47.78126, -15.90148 ], [ -47.78347, -15.90051 ], [ -47.78197, -15.89862 ], [ -47.77845, -15.90123 ], [ -47.77552, -15.89839 ], [ -47.77414, -15.90031 ], [ -47.7749, -15.90077 ], [ -47.77319, -15.90513 ] ] ] ] } },
{ "type": "Feature", "properties": { "cluster": 900.0, "hvi": 0.1203, "population": 2768, "setores": 5, "municipio": "Brasília" }, "geometry": { "type": "MultiPolygon", "coordinates": [ [ [ [ -47.77656, -15.89762 ], [ -47.77695, -15.9002 ], [ -47.77737, -15.89992 ], [ -47.77656, -15.89762 ] ] ], [ [ [ -47.77916, -15.89762 ], [ -47.77821, -15.8964 ], [ -47.77961, -15.89535 ], [ -47.78088, -15.89441 ], [ -47.78268, -15.89659 ], [ -47.78312, -15.89335 ], [ -47.78073, -15.8936 ], [ -47.77552, -15.89839 ], [ -47.77656, -15.89762 ], [ -47.7782, -15.8964 ], [ -47.77749, -15.8988 ], [ -47.77943, -15.89797 ], [ -47.77916, -15.89762 ] ] ], [ [ [ -47.77916, -15.89762 ], [ -47.78059, -15.89656 ], [ -47.77961, -15.89535 ], [ -47.77916, -15.89762 ] ] ], [ [ [ -47.78059, -15.89656 ], [ -47.78215, -15.89603 ], [ -47.78088, -15.89441 ], [ -47.78059, -15.89656 ] ] ] ] } },
{ "type": "Feature", "properties": { "cluster": 901.0, "hvi": 0.1285, "population": 2158, "setores": 3, "municipio": "Brasília" }, "geometry": { "type": "MultiPolygon", "coordinates": [ [ [ [ -47.77845, -15.90123 ], [ -47.7807, -15.89956 ], [ -47.77686, -15.89925 ], [ -47.77845, -15.90123 ] ] ], [ [ [ -47.7869, -15.89788 ], [ -47.78197, -15.89862 ], [ -47.78293, -15.89982 ], [ -47.7869, -15.89788 ] ] ], [ [ [ -47.78197, -15.89862 ], [ -47.78267, -15.89811 ], [ -47.77916, -15.89762 ], [ -47.7807, -15.89956 ], [ -47.78197, -15.89862 ] ] ] ] } },
{ "type": "Feature", "properties": { "cluster": 902.0, "hvi": 0.1379, "population": 753, "setores": 1, "municipio": "Brasília" }, "geometry": { "type": "Polygon", "coordinates": [ [ [ -47.78069, -15.9032 ], [ -47.77579, -15.90323 ], [ -47.77666, -15.90433 ], [ -47.78069, -15.9032 ] ] ] } },
{ "type": "Feature", "properties": { "cluster": 903.0, "hvi": 0.1279, "population": 2822, "setores": 4, "municipio": "Brasília" }, "geometry": { "type": "MultiPolygon", "coordinates": [ [ [ [ -47.77633, -15.90902 ], [ -47.7795, -15.90672 ], [ -47.77536, -15.90783 ], [ -47.77633, -15.90902 ] ] ], [ [ [ -47.77704, -15.9066 ], [ -47.77835, -15.90562 ], [ -47.7773, -15.90514 ], [ -47.77704, -15.9066 ] ] ], [ [ [ -47.78133, -15.90402 ], [ -47.78069, -15.9032 ], [ -47.77867, -15.90601 ], [ -47.78133, -15.90402 ] ] ], [ [ [ -47.77602, -15.9035 ], [ -47.77478, -15.90442 ], [ -47.7773, -15.90514 ], [ -47.77602, -15.9035 ] ] ] ] } },
{ "type": "Feature", "properties": { "cluster": 904.0, "hvi": 0.122, "population": 2887, "setores": 5, "municipio": "Brasília" }, "geometry": { "type": "MultiPolygon", "coordinates": [ [ [ [ -47.77271, -15.90549 ], [ -47.77229, -15.90502 ], [ -47.77319, -15.90513 ], [ -47.77043, -15.90205 ], [ -47.77063, -15.90401 ], [ -47.76882, -15.90392 ], [ -47.77112, -15.90667 ], [ -47.77271, -15.90549 ] ] ], [ [ [ -47.77048, -15.90198 ], [ -47.77058, -15.89926 ], [ -47.76494, -15.899 ], [ -47.76621, -15.89728 ], [ -47.7625, -15.89453 ], [ -47.76124, -15.89748 ], [ -47.76445, -15.89965 ], [ -47.76482, -15.89916 ], [ -47.76882, -15.90392 ], [ -47.77048, -15.90198 ] ] ], [ [ [ -47.77068, -15.89931 ], [ -47.77192, -15.90291 ], [ -47.77296, -15.9008 ], [ -47.77068, -15.89931 ] ] ] ] } },
{ "type": "Feature", "properties": { "cluster": 905.0, "hvi": 0.1148, "population": 2765, "setores": 10, "municipio": "Brasília" }, "geometry": { "type": "MultiPolygon", "coordinates": [ [ [ [ -47.75199, -15.90507 ], [ -47.75312, -15.907 ], [ -47.75346, -15.90531 ], [ -47.75199, -15.90504 ], [ -47.75242, -15.90236 ], [ -47.74206, -15.90028 ], [ -47.7435, -15.90933 ], [ -47.75078, -15.91267 ], [ -47.75199, -15.90507 ] ] ], [ [ [ -47.76013, -15.90392 ], [ -47.75511, -15.90361 ], [ -47.76054, -15.90509 ], [ -47.76013, -15.90392 ] ] ], [ [ [ -47.75346, -15.90531 ], [ -47.75383, -15.90339 ], [ -47.75234, -15.9031 ], [ -47.75346, -15.90531 ] ] ], [ [ [ -47.76642, -15.90552 ], [ -47.76846, -15.90351 ], [ -47.7675, -15.90232 ], [ -47.76642, -15.90552 ] ] ], [ [ [ -47.76271, -15.90215 ], [ -47.76055, -15.90489 ], [ -47.76507, -15.90416 ], [ -47.76271, -15.90215 ] ] ], [ [ [ -47.75439, -15.90359 ], [ -47.75742, -15.90206 ], [ -47.76161, -15.90301 ], [ -47.76186, -15.89605 ], [ -47.75093, -15.88763 ], [ -47.75214, -15.87335 ], [ -47.74993, -15.86967 ], [ -47.7417, -15.86822 ], [ -47.73677, -15.87451 ], [ -47.73672, -15.87136 ], [ -47.71681, -15.87834 ], [ -47.70986, -15.87513 ], [ -47.70839, -15.87769 ], [ -47.71206, -15.88785 ], [ -47.70745, -15.89367 ], [ -47.72353, -15.89105 ], [ -47.73012, -15.89587 ], [ -47.75593, -15.90172 ], [ -47.75242, -15.90236 ], [ -47.75439, -15.90359 ] ] ] ] } },
{ "type": "Feature", "properties": { "cluster": 906.0, "hvi": 0.1386, "population": 2708, "setores": 3, "municipio": "Brasília" }, "geometry": { "type": "MultiPolygon", "coordinates": [ [ [ [ -47.7616, -15.90576 ], [ -47.76621, -15.90921 ], [ -47.76507, -15.90416 ], [ -47.7616, -15.90576 ] ] ], [ [ [ -47.76507, -15.90416 ], [ -47.7675, -15.90232 ], [ -47.76445, -15.89965 ], [ -47.76233, -15.9021 ], [ -47.76507, -15.90416 ] ] ], [ [ [ -47.76445, -15.89965 ], [ -47.76124, -15.89748 ], [ -47.76318, -15.90046 ], [ -47.76445, -15.89965 ] ] ] ] } },
{ "type": "Feature", "properties": { "cluster": 907.0, "hvi": 0.1253, "population": 2591, "setores": 4, "municipio": "Brasília" }, "geometry": { "type": "Polygon", "coordinates": [ [ [ -47.75842, -15.90799 ], [ -47.75858, -15.90592 ], [ -47.76048, -15.90652 ], [ -47.76026, -15.90557 ], [ -47.75696, -15.90515 ], [ -47.76053, -15.90524 ], [ -47.75649, -15.90364 ], [ -47.7538, -15.90356 ], [ -47.75611, -15.90475 ], [ -47.75355, -15.90483 ], [ -47.75592, -15.9053 ], [ -47.75709, -15.90658 ], [ -47.75698, -15.90542 ], [ -47.75849, -15.90589 ], [ -47.75726, -15.9079 ], [ -47.75842, -15.90799 ] ] ] } },
{ "type": "Feature", "properties": { "cluster": 908.0, "hvi": 0.1311, "population": 2855, "setores": 4, "municipio": "Brasília" }, "geometry": { "type": "MultiPolygon", "coordinates": [ [ [ [ -47.76122, -15.91193 ], [ -47.76184, -15.91023 ], [ -47.75887, -15.91112 ], [ -47.76122, -15.91193 ] ] ], [ [ [ -47.76184, -15.91023 ], [ -47.76229, -15.90894 ], [ -47.75985, -15.90955 ], [ -47.76184, -15.91023 ] ] ], [ [ [ -47.76552, -15.90877 ], [ -47.76365, -15.90778 ], [ -47.76535, -15.90991 ], [ -47.76552, -15.90877 ] ] ], [ [ [ -47.76044, -15.90808 ], [ -47.75726, -15.9079 ], [ -47.75999, -15.90925 ], [ -47.76044, -15.90808 ] ] ] ] } },
{ "type": "Feature", "properties": { "cluster": 909.0, "hvi": 0.1228, "population": 2839, "setores": 5, "municipio": "Brasília" }, "geometry": { "type": "MultiPolygon", "coordinates": [ [ [ [ -47.7646, -15.91123 ], [ -47.76561, -15.91033 ], [ -47.7646, -15.90925 ], [ -47.76199, -15.90979 ], [ -47.76385, -15.91082 ], [ -47.76153, -15.91108 ], [ -47.7646, -15.91123 ] ] ], [ [ [ -47.76229, -15.90894 ], [ -47.76365, -15.90778 ], [ -47.7616, -15.90576 ], [ -47.76035, -15.9083 ], [ -47.76229, -15.90894 ] ] ], [ [ [ -47.75853, -15.90661 ], [ -47.76038, -15.90808 ], [ -47.76043, -15.90697 ], [ -47.75853, -15.90661 ] ] ], [ [ [ -47.76048, -15.90652 ], [ -47.76044, -15.90808 ], [ -47.76134, -15.90606 ], [ -47.76048, -15.90652 ] ] ] ] } },
{ "type": "Feature", "properties": { "cluster": 910.0, "hvi": 0.1082, "population": 1601, "setores": 5, "municipio": "Brasília" }, "geometry": { "type": "MultiPolygon", "coordinates": [ [ [ [ -47.75901, -15.91119 ], [ -47.75683, -15.91256 ], [ -47.75849, -15.91327 ], [ -47.75879, -15.91207 ], [ -47.75901, -15.91119 ] ] ], [ [ [ -47.75745, -15.9099 ], [ -47.75887, -15.91112 ], [ -47.75958, -15.91003 ], [ -47.75745, -15.9099 ] ] ], [ [ [ -47.75958, -15.91003 ], [ -47.75999, -15.90925 ], [ -47.75737, -15.90907 ], [ -47.75958, -15.91003 ] ] ], [ [ [ -47.75792, -15.91182 ], [ -47.75592, -15.9053 ], [ -47.75581, -15.91202 ], [ -47.75226, -15.91135 ], [ -47.75207, -15.91278 ], [ -47.75792, -15.91182 ] ] ] ] } },
{ "type": "Feature", "properties": { "cluster": 911.0, "hvi": 0.1305, "population": 762, "setores": 1, "municipio": "Brasília" }, "geometry": { "type": "Polygon", "coordinates": [ [ [ -47.76619, -15.91351 ], [ -47.7614, -15.91366 ], [ -47.76596, -15.91485 ], [ -47.76619, -15.91351 ] ] ] } },
{ "type": "Feature", "properties": { "cluster": 912.0, "hvi": 0.1208, "population": 2291, "setores": 4, "municipio": "Brasília" }, "geometry": { "type": "MultiPolygon", "coordinates": [ [ [ [ -47.75581, -15.91259 ], [ -47.75393, -15.91235 ], [ -47.75391, -15.91385 ], [ -47.75581, -15.91259 ] ] ], [ [ [ -47.75244, -15.91039 ], [ -47.75094, -15.91011 ], [ -47.75207, -15.91278 ], [ -47.75244, -15.91039 ] ] ], [ [ [ -47.75585, -15.91183 ], [ -47.75429, -15.91065 ], [ -47.75493, -15.91061 ], [ -47.75114, -15.90915 ], [ -47.75585, -15.91183 ] ] ] ] } },
{ "type": "Feature", "properties": { "cluster": 913.0, "hvi": 0.1275, "population": 2085, "setores": 3, "municipio": "Brasília" }, "geometry": { "type": "MultiPolygon", "coordinates": [ [ [ [ -47.75476, -15.90983 ], [ -47.75143, -15.90773 ], [ -47.75114, -15.90915 ], [ -47.75476, -15.90983 ] ] ], [ [ [ -47.75465, -15.90882 ], [ -47.75459, -15.90797 ], [ -47.75526, -15.90518 ], [ -47.75312, -15.907 ], [ -47.75405, -15.90761 ], [ -47.75283, -15.90848 ], [ -47.75465, -15.90882 ] ] ] ] } },
{ "type": "Feature", "properties": { "cluster": 914.0, "hvi": 0.1373, "population": 2691, "setores": 3, "municipio": "Brasília" }, "geometry": { "type": "MultiPolygon", "coordinates": [ [ [ [ -47.77296, -15.9008 ], [ -47.77359, -15.89955 ], [ -47.76693, -15.89642 ], [ -47.77296, -15.9008 ] ] ], [ [ [ -47.78306, -15.89686 ], [ -47.7849, -15.89446 ], [ -47.78281, -15.89294 ], [ -47.78361, -15.89562 ], [ -47.78306, -15.89686 ] ] ], [ [ [ -47.77354, -15.90119 ], [ -47.78315, -15.8923 ], [ -47.77986, -15.88818 ], [ -47.77296, -15.9008 ], [ -47.77354, -15.90119 ] ] ] ] } },
{ "type": "Feature", "properties": { "cluster": 915.0, "hvi": 0.1314, "population": 2363, "setores": 3, "municipio": "Brasília" }, "geometry": { "type": "MultiPolygon", "coordinates": [ [ [ [ -47.76851, -15.91277 ], [ -47.76928, -15.91454 ], [ -47.77102, -15.91326 ], [ -47.76851, -15.91277 ] ] ], [ [ [ -47.76999, -15.91197 ], [ -47.77556, -15.90944 ], [ -47.77433, -15.90653 ], [ -47.77536, -15.90783 ], [ -47.77704, -15.9066 ], [ -47.77579, -15.90323 ], [ -47.77322, -15.90511 ], [ -47.77429, -15.90647 ], [ -47.76845, -15.90998 ], [ -47.76999, -15.91197 ] ] ] ] } },
{ "type": "Feature", "properties": { "cluster": 916.0, "hvi": 0.1419, "population": 975, "setores": 1, "municipio": "Brasília" }, "geometry": { "type": "Polygon", "coordinates": [ [ [ -47.76642, -15.90552 ], [ -47.76926, -15.90799 ], [ -47.77112, -15.90667 ], [ -47.76846, -15.90351 ], [ -47.76642, -15.90552 ] ] ] } },
{ "type": "Feature", "properties": { "cluster": 917.0, "hvi": 0.1132, "population": 2988, "setores": 7, "municipio": "Brasília" }, "geometry": { "type": "MultiPolygon", "coordinates": [ [ [ [ -47.76863, -15.9156 ], [ -47.7677, -15.91092 ], [ -47.76613, -15.91383 ], [ -47.76863, -15.9156 ] ] ], [ [ [ -47.76373, -15.91185 ], [ -47.76091, -15.91087 ], [ -47.76174, -15.91336 ], [ -47.76254, -15.91275 ], [ -47.76619, -15.91351 ], [ -47.7646, -15.91123 ], [ -47.76373, -15.91185 ] ] ], [ [ [ -47.75901, -15.91119 ], [ -47.76091, -15.91278 ], [ -47.76122, -15.91193 ], [ -47.75901, -15.91119 ] ] ], [ [ [ -47.76739, -15.91016 ], [ -47.76981, -15.91174 ], [ -47.76837, -15.9095 ], [ -47.76739, -15.91016 ] ] ], [ [ [ -47.76525, -15.90442 ], [ -47.76547, -15.91078 ], [ -47.77287, -15.90749 ], [ -47.76936, -15.9081 ], [ -47.76525, -15.90442 ] ] ] ] } },
{ "type": "Feature", "properties": { "cluster": 918.0, "hvi": 0.1159, "population": 922, "setores": 2, "municipio": "Brasília" }, "geometry": { "type": "Polygon", "coordinates": [ [ [ -47.78961, -15.96084 ], [ -47.79568, -15.95101 ], [ -47.7907, -15.94577 ], [ -47.77164, -15.94119 ], [ -47.79195, -15.94588 ], [ -47.80719, -15.93808 ], [ -47.79999, -15.92836 ], [ -47.77925, -15.92307 ], [ -47.77805, -15.93603 ], [ -47.77146, -15.94115 ], [ -47.76601, -15.93984 ], [ -47.76907, -15.95336 ], [ -47.77466, -15.95405 ], [ -47.77385, -15.96499 ], [ -47.78961, -15.96084 ] ] ] } },
{ "type": "Feature", "properties": { "cluster": 919.0, "hvi": 0.115, "population": 2416, "setores": 6, "municipio": "Brasília" }, "geometry": { "type": "Polygon", "coordinates": [ [ [ -47.73172, -16.03016 ], [ -47.76071, -16.03056 ], [ -47.76457, -16.01948 ], [ -47.76256, -16.00942 ], [ -47.77962, -15.9895 ], [ -47.77855, -15.98492 ], [ -47.76507, -15.97899 ], [ -47.75999, -15.97317 ], [ -47.74663, -15.98715 ], [ -47.76028, -15.97266 ], [ -47.77435, -15.96548 ], [ -47.77466, -15.95405 ], [ -47.76907, -15.95336 ], [ -47.76824, -15.9458 ], [ -47.75012, -15.96782 ], [ -47.75562, -15.9611 ], [ -47.73734, -15.9519 ], [ -47.73693, -15.94747 ], [ -47.75817, -15.93794 ], [ -47.7524, -15.93702 ], [ -47.70244, -15.95058 ], [ -47.67847, -15.94755 ], [ -47.66893, -15.95949 ], [ -47.65696, -15.96599 ], [ -47.66311, -15.9611 ], [ -47.6598, -15.9548 ], [ -47.66668, -15.95205 ], [ -47.6689, -15.94589 ], [ -47.66648, -15.94322 ], [ -47.66931, -15.94318 ], [ -47.66975, -15.9372 ], [ -47.66711, -15.93102 ], [ -47.65732, -15.93061 ], [ -47.65249, -15.93372 ], [ -47.64219, -15.92284 ], [ -47.62853, -15.92459 ], [ -47.61434, -15.91838 ], [ -47.61372, -15.92798 ], [ -47.60798, -15.9303 ], [ -47.6082, -15.9373 ], [ -47.61701, -15.93641 ], [ -47.61645, -15.93831 ], [ -47.61735, -15.93877 ], [ -47.60669, -15.93847 ], [ -47.5879, -15.97137 ], [ -47.61437, -16.01417 ], [ -47.61732, -16.04981 ], [ -47.67391, -16.04984 ], [ -47.67318, -16.04882 ], [ -47.72144, -16.04988 ], [ -47.73172, -16.03016 ] ], [ [ -47.65114, -15.96915 ], [ -47.65025, -15.96858 ], [ -47.65223, -15.96856 ], [ -47.65114, -15.96915 ] ], [ [ -47.63694, -15.96004 ], [ -47.63582, -15.95817 ], [ -47.64225, -15.96345 ], [ -47.63694, -15.96004 ] ], [ [ -47.61864, -15.93944 ], [ -47.61931, -15.93979 ], [ -47.62942, -15.94747 ], [ -47.61864, -15.93944 ] ], [ [ -47.71335, -15.97542 ], [ -47.71369, -15.99943 ], [ -47.71274, -16.00233 ], [ -47.71335, -15.97542 ] ], [ [ -47.71189, -16.00368 ], [ -47.71239, -16.0034 ], [ -47.71223, -16.0039 ], [ -47.71189, -16.00368 ] ], [ [ -47.66913, -16.04313 ], [ -47.66934, -16.04245 ], [ -47.66955, -16.04373 ], [ -47.66913, -16.04313 ] ], [ [ -47.67213, -16.04734 ], [ -47.67159, -16.04659 ], [ -47.67273, -16.04649 ], [ -47.67213, -16.04734 ] ], [ [ -47.72029, -15.96834 ], [ -47.72756, -15.95168 ], [ -47.72761, -15.95166 ], [ -47.72029, -15.96834 ] ] ] } },
{ "type": "Feature", "properties": { "cluster": 920.0, "hvi": 0.1137, "population": 2355, "setores": 6, "municipio": "Brasília" }, "geometry": { "type": "MultiPolygon", "coordinates": [ [ [ [ -47.77961, -15.91043 ], [ -47.77848, -15.9091 ], [ -47.77816, -15.91106 ], [ -47.77961, -15.91043 ] ] ], [ [ [ -47.78274, -15.90044 ], [ -47.78145, -15.90332 ], [ -47.7841, -15.90137 ], [ -47.78274, -15.90044 ] ] ], [ [ [ -47.7896, -15.89831 ], [ -47.78972, -15.89977 ], [ -47.78821, -15.89738 ], [ -47.78939, -15.90149 ], [ -47.79142, -15.90206 ], [ -47.7896, -15.89831 ] ] ], [ [ [ -47.78372, -15.9001 ], [ -47.78382, -15.90099 ], [ -47.78564, -15.89804 ], [ -47.78372, -15.9001 ] ] ], [ [ [ -47.7869, -15.89788 ], [ -47.78547, -15.89913 ], [ -47.7866, -15.89973 ], [ -47.7869, -15.89788 ] ] ] ] } },
{ "type": "Feature", "properties": { "cluster": 921.0, "hvi": 0.1308, "population": 2368, "setores": 3, "municipio": "Brasília" }, "geometry": { "type": "MultiPolygon", "coordinates": [ [ [ [ -47.77906, -15.90572 ], [ -47.7795, -15.90672 ], [ -47.78513, -15.90265 ], [ -47.77906, -15.90572 ] ] ], [ [ [ -47.78382, -15.90099 ], [ -47.78513, -15.90265 ], [ -47.78765, -15.90188 ], [ -47.78686, -15.89816 ], [ -47.78558, -15.89935 ], [ -47.78471, -15.89901 ], [ -47.78483, -15.90005 ], [ -47.78382, -15.90099 ] ] ] ] } },
{ "type": "Feature", "properties": { "cluster": 922.0, "hvi": 0.1163, "population": 3470, "setores": 9, "municipio": "Brasília" }, "geometry": { "type": "MultiPolygon", "coordinates": [ [ [ [ -47.79141, -15.92092 ], [ -47.7885, -15.91667 ], [ -47.79598, -15.91159 ], [ -47.78995, -15.90631 ], [ -47.78069, -15.9135 ], [ -47.77247, -15.91248 ], [ -47.77877, -15.92312 ], [ -47.78619, -15.92502 ], [ -47.79141, -15.92092 ] ], [ [ -47.78462, -15.92181 ], [ -47.78262, -15.92024 ], [ -47.78476, -15.9177 ], [ -47.78668, -15.91917 ], [ -47.78462, -15.92181 ] ] ], [ [ [ -47.77642, -15.90898 ], [ -47.78657, -15.90445 ], [ -47.78513, -15.90265 ], [ -47.7764, -15.90897 ], [ -47.77592, -15.9085 ], [ -47.77241, -15.91236 ], [ -47.78069, -15.9135 ], [ -47.79009, -15.90439 ], [ -47.79381, -15.90224 ], [ -47.79275, -15.89322 ], [ -47.78821, -15.89738 ], [ -47.7916, -15.90187 ], [ -47.77854, -15.91104 ], [ -47.77642, -15.90898 ] ] ], [ [ [ -47.78786, -15.90371 ], [ -47.79041, -15.90222 ], [ -47.78884, -15.90139 ], [ -47.78826, -15.90179 ], [ -47.78884, -15.90093 ], [ -47.78684, -15.90233 ], [ -47.7864, -15.90174 ], [ -47.78657, -15.90445 ], [ -47.78786, -15.90371 ] ], [ [ -47.78739, -15.90308 ], [ -47.78816, -15.90194 ], [ -47.78853, -15.90212 ], [ -47.78786, -15.90371 ], [ -47.78739, -15.90308 ] ] ], [ [ [ -47.78919, -15.90071 ], [ -47.78744, -15.89839 ], [ -47.78718, -15.89995 ], [ -47.78919, -15.90071 ] ] ] ] } },
{ "type": "Feature", "properties": { "cluster": 923.0, "hvi": 0.1355, "population": 1407, "setores": 2, "municipio": "Brasília" }, "geometry": { "type": "MultiPolygon", "coordinates": [ [ [ [ -47.76769, -15.92942 ], [ -47.76918, -15.93109 ], [ -47.77239, -15.92734 ], [ -47.76769, -15.92942 ] ] ], [ [ [ -47.76967, -15.92279 ], [ -47.76741, -15.92461 ], [ -47.76835, -15.92711 ], [ -47.77128, -15.92544 ], [ -47.76967, -15.92279 ] ] ] ] } },
{ "type": "Feature", "properties": { "cluster": 924.0, "hvi": 0.119, "population": 2707, "setores": 5, "municipio": "Brasília" }, "geometry": { "type": "MultiPolygon", "coordinates": [ [ [ [ -47.77233, -15.92243 ], [ -47.77084, -15.92263 ], [ -47.77239, -15.92734 ], [ -47.77339, -15.92664 ], [ -47.77233, -15.92243 ] ] ], [ [ [ -47.77595, -15.92412 ], [ -47.77273, -15.92299 ], [ -47.77447, -15.92589 ], [ -47.77595, -15.92412 ] ] ], [ [ [ -47.77018, -15.92272 ], [ -47.77417, -15.92163 ], [ -47.77221, -15.91907 ], [ -47.77205, -15.91886 ], [ -47.77088, -15.91879 ], [ -47.77018, -15.92272 ] ] ], [ [ [ -47.77388, -15.92107 ], [ -47.7766, -15.91675 ], [ -47.77221, -15.91907 ], [ -47.77388, -15.92107 ] ] ] ] } },
{ "type": "Feature", "properties": { "cluster": 925.0, "hvi": 0.1391, "population": 2830, "setores": 3, "municipio": "Brasília" }, "geometry": { "type": "MultiPolygon", "coordinates": [ [ [ [ -47.77447, -15.92734 ], [ -47.77239, -15.92734 ], [ -47.76631, -15.93487 ], [ -47.76783, -15.93727 ], [ -47.76935, -15.93759 ], [ -47.76601, -15.93984 ], [ -47.77146, -15.94115 ], [ -47.77805, -15.93603 ], [ -47.77912, -15.92539 ], [ -47.77447, -15.92589 ], [ -47.77447, -15.92734 ] ], [ [ -47.77168, -15.93601 ], [ -47.77212, -15.93379 ], [ -47.77444, -15.93415 ], [ -47.77168, -15.93601 ] ] ], [ [ [ -47.77912, -15.92539 ], [ -47.77708, -15.91883 ], [ -47.77388, -15.92107 ], [ -47.77595, -15.92412 ], [ -47.77912, -15.92539 ] ] ] ] } },
{ "type": "Feature", "properties": { "cluster": 926.0, "hvi": 0.133, "population": 2436, "setores": 3, "municipio": "Brasília" }, "geometry": { "type": "MultiPolygon", "coordinates": [ [ [ [ -47.76717, -15.88305 ], [ -47.7625, -15.89453 ], [ -47.76685, -15.89688 ], [ -47.77317, -15.88711 ], [ -47.76717, -15.88305 ] ] ], [ [ [ -47.77981, -15.88808 ], [ -47.78029, -15.88164 ], [ -47.77795, -15.88657 ], [ -47.77981, -15.88808 ] ] ], [ [ [ -47.7778, -15.88382 ], [ -47.77472, -15.87796 ], [ -47.76694, -15.88154 ], [ -47.77317, -15.88711 ], [ -47.7778, -15.88382 ] ] ] ] } },
{ "type": "Feature", "properties": { "cluster": 927.0, "hvi": 0.1411, "population": 2510, "setores": 3, "municipio": "Brasília" }, "geometry": { "type": "MultiPolygon", "coordinates": [ [ [ [ -47.74626, -15.91424 ], [ -47.74691, -15.91835 ], [ -47.75058, -15.91757 ], [ -47.74626, -15.91424 ] ] ], [ [ [ -47.75338, -15.91503 ], [ -47.75154, -15.91388 ], [ -47.75058, -15.91757 ], [ -47.75338, -15.91503 ] ] ], [ [ [ -47.75063, -15.91497 ], [ -47.75154, -15.91388 ], [ -47.74722, -15.91266 ], [ -47.75063, -15.91497 ] ] ] ] } },
{ "type": "Feature", "properties": { "cluster": 928.0, "hvi": 0.1436, "population": 1054, "setores": 1, "municipio": "Brasília" }, "geometry": { "type": "Polygon", "coordinates": [ [ [ -47.76999, -15.91197 ], [ -47.77221, -15.91907 ], [ -47.77652, -15.91669 ], [ -47.77225, -15.91034 ], [ -47.76999, -15.91197 ] ] ] } },
{ "type": "Feature", "properties": { "cluster": 929.0, "hvi": 0.1209, "population": 2920, "setores": 5, "municipio": "Brasília" }, "geometry": { "type": "MultiPolygon", "coordinates": [ [ [ [ -47.75932, -15.91969 ], [ -47.75746, -15.9191 ], [ -47.75934, -15.92175 ], [ -47.75932, -15.91969 ] ] ], [ [ [ -47.76145, -15.9184 ], [ -47.76076, -15.91846 ], [ -47.76142, -15.91833 ], [ -47.76029, -15.91489 ], [ -47.75746, -15.9191 ], [ -47.75928, -15.91875 ], [ -47.76144, -15.91967 ], [ -47.76145, -15.9184 ] ] ], [ [ [ -47.76158, -15.91486 ], [ -47.76233, -15.91596 ], [ -47.7608, -15.91642 ], [ -47.76288, -15.92249 ], [ -47.76596, -15.91485 ], [ -47.7629, -15.91578 ], [ -47.76158, -15.91486 ] ] ] ] } },
{ "type": "Feature", "properties": { "cluster": 930.0, "hvi": 0.1169, "population": 2394, "setores": 6, "municipio": "Brasília" }, "geometry": { "type": "MultiPolygon", "coordinates": [ [ [ [ -47.76147, -15.9256 ], [ -47.76769, -15.92942 ], [ -47.76812, -15.92316 ], [ -47.76147, -15.92164 ], [ -47.76147, -15.9256 ] ] ], [ [ [ -47.76033, -15.92176 ], [ -47.7603, -15.91968 ], [ -47.75934, -15.92175 ], [ -47.76025, -15.92175 ], [ -47.76112, -15.9238 ], [ -47.76144, -15.91967 ], [ -47.76033, -15.92176 ] ] ], [ [ [ -47.76011, -15.92175 ], [ -47.75709, -15.92337 ], [ -47.76016, -15.92379 ], [ -47.76011, -15.92175 ] ] ], [ [ [ -47.75589, -15.92137 ], [ -47.75704, -15.9218 ], [ -47.75605, -15.9199 ], [ -47.75589, -15.92137 ] ] ] ] } },
{ "type": "Feature", "properties": { "cluster": 931.0, "hvi": 0.1282, "population": 2827, "setores": 4, "municipio": "Brasília" }, "geometry": { "type": "MultiPolygon", "coordinates": [ [ [ [ -47.76276, -15.9314 ], [ -47.76127, -15.92655 ], [ -47.75887, -15.92825 ], [ -47.76112, -15.9238 ], [ -47.75709, -15.92337 ], [ -47.75659, -15.92803 ], [ -47.75844, -15.92856 ], [ -47.75464, -15.93126 ], [ -47.76276, -15.9314 ] ] ], [ [ [ -47.75091, -15.93084 ], [ -47.75457, -15.93136 ], [ -47.75704, -15.9218 ], [ -47.74913, -15.9238 ], [ -47.75091, -15.93084 ] ] ], [ [ [ -47.75714, -15.92032 ], [ -47.75393, -15.91616 ], [ -47.74801, -15.92104 ], [ -47.74653, -15.91764 ], [ -47.74337, -15.91869 ], [ -47.74904, -15.92934 ], [ -47.74913, -15.9238 ], [ -47.75714, -15.92032 ] ] ] ] } },
{ "type": "Feature", "properties": { "cluster": 932.0, "hvi": 0.1237, "population": 1839, "setores": 3, "municipio": "Brasília" }, "geometry": { "type": "MultiPolygon", "coordinates": [ [ [ [ -47.78959, -15.87851 ], [ -47.79188, -15.87491 ], [ -47.78969, -15.87538 ], [ -47.78959, -15.87851 ] ] ], [ [ [ -47.79392, -15.87731 ], [ -47.79376, -15.87507 ], [ -47.79132, -15.87749 ], [ -47.79392, -15.87731 ] ] ], [ [ [ -47.78337, -15.86791 ], [ -47.78483, -15.87854 ], [ -47.78857, -15.876 ], [ -47.78602, -15.86768 ], [ -47.78337, -15.86791 ] ] ] ] } },
{ "type": "Feature", "properties": { "cluster": 933.0, "hvi": 0.1399, "population": 1811, "setores": 2, "municipio": "Brasília" }, "geometry": { "type": "Polygon", "coordinates": [ [ [ -47.76631, -15.93487 ], [ -47.76918, -15.93109 ], [ -47.76095, -15.92581 ], [ -47.76373, -15.93235 ], [ -47.76631, -15.93487 ] ] ] } },
{ "type": "Feature", "properties": { "cluster": 934.0, "hvi": 0.1279, "population": 2726, "setores": 4, "municipio": "Brasília" }, "geometry": { "type": "MultiPolygon", "coordinates": [ [ [ [ -47.76771, -15.92311 ], [ -47.77018, -15.92272 ], [ -47.77088, -15.91881 ], [ -47.77205, -15.91886 ], [ -47.76913, -15.9142 ], [ -47.76863, -15.9156 ], [ -47.76613, -15.91383 ], [ -47.76514, -15.91776 ], [ -47.76799, -15.92008 ], [ -47.76807, -15.91954 ], [ -47.76771, -15.92311 ] ] ], [ [ [ -47.76514, -15.91776 ], [ -47.76443, -15.9195 ], [ -47.76771, -15.92311 ], [ -47.76514, -15.91776 ] ] ] ] } },
{ "type": "Feature", "properties": { "cluster": 935.0, "hvi": 0.1242, "population": 583, "setores": 1, "municipio": "Brasília" }, "geometry": { "type": "Polygon", "coordinates": [ [ [ -47.75837, -15.90369 ], [ -47.75978, -15.90225 ], [ -47.75839, -15.90206 ], [ -47.75837, -15.90369 ] ] ] } },
{ "type": "Feature", "properties": { "cluster": 936.0, "hvi": 0.1121, "population": 2017, "setores": 5, "municipio": "Brasília" }, "geometry": { "type": "Polygon", "coordinates": [ [ [ -47.69028, -15.91279 ], [ -47.69961, -15.92212 ], [ -47.71731, -15.91778 ], [ -47.71891, -15.91278 ], [ -47.72718, -15.91385 ], [ -47.73409, -15.91107 ], [ -47.73253, -15.90874 ], [ -47.74346, -15.90928 ], [ -47.74205, -15.89898 ], [ -47.73389, -15.89855 ], [ -47.72888, -15.89461 ], [ -47.72473, -15.90168 ], [ -47.7275, -15.89292 ], [ -47.7203, -15.89114 ], [ -47.71022, -15.89469 ], [ -47.70738, -15.8936 ], [ -47.70837, -15.88938 ], [ -47.71202, -15.88795 ], [ -47.70776, -15.87969 ], [ -47.70986, -15.87513 ], [ -47.71351, -15.87642 ], [ -47.71324, -15.87147 ], [ -47.71669, -15.87151 ], [ -47.71493, -15.86863 ], [ -47.71865, -15.86628 ], [ -47.71439, -15.86296 ], [ -47.71329, -15.85753 ], [ -47.71613, -15.85575 ], [ -47.71037, -15.83756 ], [ -47.7045, -15.8326 ], [ -47.70333, -15.82715 ], [ -47.70595, -15.82674 ], [ -47.70687, -15.82035 ], [ -47.70219, -15.81773 ], [ -47.70315, -15.81277 ], [ -47.69381, -15.80413 ], [ -47.69279, -15.80978 ], [ -47.68453, -15.8166 ], [ -47.67698, -15.81599 ], [ -47.66839, -15.81087 ], [ -47.66488, -15.80003 ], [ -47.65903, -15.79821 ], [ -47.65427, -15.78923 ], [ -47.64254, -15.78825 ], [ -47.62668, -15.84336 ], [ -47.65609, -15.85238 ], [ -47.6679, -15.86686 ], [ -47.67612, -15.86932 ], [ -47.67217, -15.87739 ], [ -47.67054, -15.89318 ], [ -47.68094, -15.91137 ], [ -47.68807, -15.91167 ], [ -47.68752, -15.90693 ], [ -47.6896, -15.90875 ], [ -47.69158, -15.90401 ], [ -47.69028, -15.91279 ] ], [ [ -47.7053, -15.91376 ], [ -47.7142, -15.91218 ], [ -47.7145, -15.91222 ], [ -47.7053, -15.91376 ] ], [ [ -47.71551, -15.91344 ], [ -47.71462, -15.91223 ], [ -47.71727, -15.91257 ], [ -47.71551, -15.91344 ] ], [ [ -47.71351, -15.91443 ], [ -47.71357, -15.91429 ], [ -47.71377, -15.9143 ], [ -47.71351, -15.91443 ] ], [ [ -47.70308, -15.89562 ], [ -47.70083, -15.89507 ], [ -47.7006, -15.89479 ], [ -47.70308, -15.89562 ] ], [ [ -47.69912, -15.89736 ], [ -47.70255, -15.89758 ], [ -47.70273, -15.89781 ], [ -47.69862, -15.89916 ], [ -47.69912, -15.89736 ] ], [ [ -47.69803, -15.9013 ], [ -47.69863, -15.90354 ], [ -47.69722, -15.90424 ], [ -47.69803, -15.9013 ] ], [ [ -47.69534, -15.90517 ], [ -47.69302, -15.90632 ], [ -47.6932, -15.90483 ], [ -47.69534, -15.90517 ] ] ] } },
{ "type": "Feature", "properties": { "cluster": 937.0, "hvi": 0.1259, "population": 2652, "setores": 5, "municipio": "Brasília" }, "geometry": { "type": "Polygon", "coordinates": [ [ [ -47.76694, -15.94051 ], [ -47.76189, -15.94081 ], [ -47.76107, -15.93864 ], [ -47.76057, -15.94088 ], [ -47.75817, -15.93795 ], [ -47.76739, -15.93975 ], [ -47.76772, -15.93644 ], [ -47.76276, -15.9314 ], [ -47.76216, -15.93298 ], [ -47.76264, -15.93139 ], [ -47.75457, -15.93136 ], [ -47.74975, -15.93771 ], [ -47.75816, -15.93794 ], [ -47.73579, -15.94633 ], [ -47.73734, -15.9519 ], [ -47.75547, -15.96101 ], [ -47.76824, -15.9458 ], [ -47.76694, -15.94051 ] ] ] } },
{ "type": "Feature", "properties": { "cluster": 938.0, "hvi": 0.1055, "population": 2419, "setores": 9, "municipio": "Brasília" }, "geometry": { "type": "MultiPolygon", "coordinates": [ [ [ [ -47.75091, -15.93084 ], [ -47.74324, -15.91833 ], [ -47.74653, -15.91764 ], [ -47.74626, -15.91424 ], [ -47.74995, -15.91481 ], [ -47.7435, -15.90933 ], [ -47.7433, -15.91583 ], [ -47.74346, -15.90928 ], [ -47.72718, -15.91385 ], [ -47.7193, -15.91157 ], [ -47.71731, -15.91778 ], [ -47.69961, -15.92212 ], [ -47.71206, -15.93438 ], [ -47.69533, -15.92039 ], [ -47.68853, -15.90615 ], [ -47.68807, -15.91167 ], [ -47.68046, -15.91142 ], [ -47.6848, -15.91488 ], [ -47.68073, -15.91241 ], [ -47.67054, -15.89318 ], [ -47.67217, -15.87739 ], [ -47.67612, -15.86932 ], [ -47.6679, -15.86686 ], [ -47.65609, -15.85238 ], [ -47.62668, -15.84336 ], [ -47.61892, -15.87293 ], [ -47.63136, -15.87548 ], [ -47.64855, -15.86814 ], [ -47.65679, -15.87872 ], [ -47.65179, -15.87889 ], [ -47.63767, -15.88795 ], [ -47.64277, -15.89318 ], [ -47.64321, -15.90155 ], [ -47.63082, -15.91373 ], [ -47.6187, -15.91637 ], [ -47.61251, -15.91376 ], [ -47.61283, -15.91712 ], [ -47.62853, -15.92459 ], [ -47.64219, -15.92284 ], [ -47.65249, -15.93372 ], [ -47.65732, -15.93061 ], [ -47.66892, -15.93345 ], [ -47.66946, -15.9324 ], [ -47.66671, -15.952 ], [ -47.65978, -15.95554 ], [ -47.66359, -15.95918 ], [ -47.66214, -15.96234 ], [ -47.66893, -15.95949 ], [ -47.67847, -15.94755 ], [ -47.70244, -15.95058 ], [ -47.74499, -15.939 ], [ -47.75457, -15.93136 ], [ -47.75091, -15.93084 ] ], [ [ -47.67663, -15.9302 ], [ -47.67639, -15.93016 ], [ -47.67548, -15.9241 ], [ -47.67663, -15.9302 ] ], [ [ -47.67106, -15.92928 ], [ -47.67194, -15.92758 ], [ -47.67605, -15.9301 ], [ -47.67106, -15.92928 ] ] ], [ [ [ -47.73409, -15.91107 ], [ -47.73419, -15.90842 ], [ -47.73253, -15.90874 ], [ -47.73409, -15.91107 ] ] ], [ [ [ -47.43278, -15.86229 ], [ -47.43867, -15.88742 ], [ -47.43481, -15.91815 ], [ -47.45875, -15.91269 ], [ -47.52005, -15.92461 ], [ -47.51422, -15.91032 ], [ -47.51779, -15.90113 ], [ -47.54033, -15.88972 ], [ -47.55783, -15.87341 ], [ -47.55632, -15.87268 ], [ -47.60437, -15.85858 ], [ -47.62104, -15.86301 ], [ -47.62668, -15.84336 ], [ -47.56249, -15.83882 ], [ -47.55385, -15.8313 ], [ -47.54765, -15.83661 ], [ -47.52657, -15.82318 ], [ -47.52444, -15.82771 ], [ -47.5193, -15.82683 ], [ -47.51586, -15.83069 ], [ -47.49522, -15.82739 ], [ -47.49344, -15.83869 ], [ -47.48302, -15.84311 ], [ -47.47849, -15.85094 ], [ -47.47501, -15.85038 ], [ -47.47141, -15.8554 ], [ -47.47673, -15.86118 ], [ -47.48174, -15.86023 ], [ -47.46732, -15.86313 ], [ -47.45321, -15.85766 ], [ -47.43278, -15.86229 ] ], [ [ -47.51881, -15.8532 ], [ -47.54869, -15.86899 ], [ -47.51683, -15.85358 ], [ -47.51881, -15.8532 ] ] ], [ [ [ -47.52193, -15.75274 ], [ -47.53887, -15.75636 ], [ -47.546, -15.76278 ], [ -47.54332, -15.80616 ], [ -47.5748, -15.768 ], [ -47.57504, -15.75862 ], [ -47.55666, -15.71962 ], [ -47.5243, -15.73204 ], [ -47.51331, -15.74241 ], [ -47.52193, -15.75274 ] ] ] ] } },
{ "type": "Feature", "properties": { "cluster": 939.0, "hvi": 0.1135, "population": 2906, "setores": 7, "municipio": "Brasília" }, "geometry": { "type": "MultiPolygon", "coordinates": [ [ [ [ -47.79094, -15.8859 ], [ -47.79284, -15.88463 ], [ -47.78771, -15.88107 ], [ -47.79094, -15.8859 ] ] ], [ [ [ -47.78611, -15.88252 ], [ -47.78862, -15.87963 ], [ -47.78512, -15.87872 ], [ -47.78379, -15.87989 ], [ -47.78611, -15.88252 ] ] ], [ [ [ -47.79179, -15.87737 ], [ -47.78821, -15.88028 ], [ -47.79185, -15.8819 ], [ -47.79279, -15.87962 ], [ -47.79179, -15.87737 ] ] ], [ [ [ -47.78799, -15.87631 ], [ -47.78527, -15.87873 ], [ -47.78862, -15.87963 ], [ -47.78959, -15.87851 ], [ -47.78799, -15.87631 ] ] ], [ [ [ -47.77658, -15.86796 ], [ -47.78931, -15.86656 ], [ -47.78878, -15.85752 ], [ -47.76402, -15.85628 ], [ -47.7674, -15.87075 ], [ -47.77484, -15.86849 ], [ -47.77721, -15.87865 ], [ -47.78111, -15.88109 ], [ -47.785, -15.87876 ], [ -47.78337, -15.86791 ], [ -47.77658, -15.86796 ] ] ] ] } },
{ "type": "Feature", "properties": { "cluster": 940.0, "hvi": 0.1366, "population": 3007, "setores": 4, "municipio": "Brasília" }, "geometry": { "type": "MultiPolygon", "coordinates": [ [ [ [ -47.7469, -15.91835 ], [ -47.74801, -15.92104 ], [ -47.74976, -15.91806 ], [ -47.7469, -15.91835 ] ] ], [ [ [ -47.75361, -15.91569 ], [ -47.75759, -15.91859 ], [ -47.75953, -15.91592 ], [ -47.76111, -15.9165 ], [ -47.76336, -15.91423 ], [ -47.75032, -15.9133 ], [ -47.75306, -15.91529 ], [ -47.74976, -15.91806 ], [ -47.75259, -15.9193 ], [ -47.75361, -15.91569 ] ] ] ] } },
{ "type": "Feature", "properties": { "cluster": 941.0, "hvi": 0.1276, "population": 2841, "setores": 4, "municipio": "Brasília" }, "geometry": { "type": "MultiPolygon", "coordinates": [ [ [ [ -48.12233, -15.833 ], [ -48.12341, -15.8307 ], [ -48.12116, -15.83136 ], [ -48.12233, -15.833 ] ] ], [ [ [ -48.11589, -15.83345 ], [ -48.11921, -15.82888 ], [ -48.11513, -15.83215 ], [ -48.11589, -15.83345 ] ] ], [ [ [ -48.12022, -15.83043 ], [ -48.12142, -15.82839 ], [ -48.11907, -15.82913 ], [ -48.12022, -15.83043 ] ] ], [ [ [ -48.11746, -15.82909 ], [ -48.1148, -15.82713 ], [ -48.11574, -15.83133 ], [ -48.11746, -15.82909 ] ] ] ] } },
{ "type": "Feature", "properties": { "cluster": 942.0, "hvi": 0.14, "population": 2882, "setores": 3, "municipio": "Brasília" }, "geometry": { "type": "MultiPolygon", "coordinates": [ [ [ [ -48.12609, -15.84116 ], [ -48.12791, -15.84246 ], [ -48.12901, -15.84027 ], [ -48.12609, -15.84116 ] ] ], [ [ [ -48.12748, -15.83926 ], [ -48.12834, -15.83785 ], [ -48.12214, -15.83368 ], [ -48.12119, -15.83766 ], [ -48.12748, -15.83926 ] ] ], [ [ [ -48.12214, -15.83368 ], [ -48.11907, -15.82913 ], [ -48.11856, -15.83272 ], [ -48.12214, -15.83368 ] ] ] ] } },
{ "type": "Feature", "properties": { "cluster": 943.0, "hvi": 0.1248, "population": 2027, "setores": 3, "municipio": "Brasília" }, "geometry": { "type": "MultiPolygon", "coordinates": [ [ [ [ -48.11461, -15.85752 ], [ -48.11573, -15.85519 ], [ -48.11378, -15.85446 ], [ -48.11461, -15.85752 ] ] ], [ [ [ -48.11459, -15.85127 ], [ -48.11344, -15.85043 ], [ -48.11082, -15.8538 ], [ -48.11322, -15.85651 ], [ -48.11459, -15.85127 ] ] ], [ [ [ -48.11705, -15.85301 ], [ -48.11459, -15.85127 ], [ -48.11592, -15.85539 ], [ -48.11705, -15.85301 ] ] ] ] } },
{ "type": "Feature", "properties": { "cluster": 944.0, "hvi": 0.1382, "population": 1907, "setores": 2, "municipio": "Brasília" }, "geometry": { "type": "MultiPolygon", "coordinates": [ [ [ [ -48.11543, -15.86049 ], [ -48.11734, -15.86156 ], [ -48.118, -15.8597 ], [ -48.11543, -15.86049 ] ] ], [ [ [ -48.118, -15.8597 ], [ -48.1205, -15.85549 ], [ -48.11918, -15.85453 ], [ -48.118, -15.8597 ] ] ] ] } },
{ "type": "Feature", "properties": { "cluster": 945.0, "hvi": 0.1259, "population": 2801, "setores": 4, "municipio": "Brasília" }, "geometry": { "type": "MultiPolygon", "coordinates": [ [ [ [ -48.12324, -15.85787 ], [ -48.12194, -15.85698 ], [ -48.12034, -15.85576 ], [ -48.11828, -15.85939 ], [ -48.12049, -15.86137 ], [ -48.12324, -15.85787 ] ] ], [ [ [ -48.12576, -15.85942 ], [ -48.12354, -15.85601 ], [ -48.12034, -15.85576 ], [ -48.12254, -15.85738 ], [ -48.12576, -15.85942 ] ] ] ] } },
{ "type": "Feature", "properties": { "cluster": 946.0, "hvi": 0.1145, "population": 2819, "setores": 6, "municipio": "Brasília" }, "geometry": { "type": "MultiPolygon", "coordinates": [ [ [ [ -48.11454, -15.86747 ], [ -48.1133, -15.87462 ], [ -48.1167, -15.87367 ], [ -48.12398, -15.87845 ], [ -48.1235, -15.86694 ], [ -48.12455, -15.8676 ], [ -48.14352, -15.86014 ], [ -48.12806, -15.84559 ], [ -48.12123, -15.85452 ], [ -48.12505, -15.85705 ], [ -48.12659, -15.85639 ], [ -48.12201, -15.86217 ], [ -48.118, -15.8597 ], [ -48.11824, -15.86398 ], [ -48.1179, -15.86152 ], [ -48.11688, -15.8627 ], [ -48.11401, -15.86002 ], [ -48.11519, -15.85793 ], [ -48.11004, -15.8563 ], [ -48.10723, -15.85949 ], [ -48.11322, -15.86778 ], [ -48.12127, -15.86555 ], [ -48.12288, -15.86656 ], [ -48.11454, -15.86747 ] ], [ [ -48.12809, -15.8545 ], [ -48.1277, -15.85499 ], [ -48.12763, -15.85488 ], [ -48.12809, -15.8545 ] ], [ [ -48.131, -15.8534 ], [ -48.13367, -15.85255 ], [ -48.13249, -15.85458 ], [ -48.131, -15.8534 ] ] ], [ [ [ -48.12188, -15.8591 ], [ -48.12201, -15.86217 ], [ -48.12314, -15.85977 ], [ -48.12188, -15.8591 ] ] ] ] } },
{ "type": "Feature", "properties": { "cluster": 947.0, "hvi": 0.1041, "population": 246, "setores": 1, "municipio": "Brasília" }, "geometry": { "type": "Polygon", "coordinates": [ [ [ -48.12324, -15.85787 ], [ -48.12314, -15.85977 ], [ -48.12433, -15.8584 ], [ -48.12324, -15.85787 ] ] ] } },
{ "type": "Feature", "properties": { "cluster": 948.0, "hvi": 0.1479, "population": 2976, "setores": 3, "municipio": "Brasília" }, "geometry": { "type": "MultiPolygon", "coordinates": [ [ [ [ -48.1209, -15.82919 ], [ -48.12357, -15.83075 ], [ -48.1245, -15.8289 ], [ -48.1209, -15.82919 ] ] ], [ [ [ -48.12882, -15.82869 ], [ -48.12419, -15.82593 ], [ -48.12383, -15.82845 ], [ -48.12789, -15.82971 ], [ -48.12882, -15.82869 ] ] ], [ [ [ -48.13025, -15.8274 ], [ -48.1281, -15.82555 ], [ -48.12442, -15.82559 ], [ -48.12882, -15.82869 ], [ -48.13025, -15.8274 ] ] ] ] } },
{ "type": "Feature", "properties": { "cluster": 949.0, "hvi": 0.1275, "population": 2854, "setores": 4, "municipio": "Brasília" }, "geometry": { "type": "Polygon", "coordinates": [ [ [ -48.1409, -15.82163 ], [ -48.13726, -15.81737 ], [ -48.136, -15.81687 ], [ -48.13757, -15.81432 ], [ -48.13443, -15.81579 ], [ -48.13471, -15.81503 ], [ -48.13079, -15.81787 ], [ -48.13298, -15.81974 ], [ -48.13426, -15.81627 ], [ -48.13585, -15.81913 ], [ -48.139, -15.82133 ], [ -48.1409, -15.82163 ] ], [ [ -48.13429, -15.81619 ], [ -48.13438, -15.81593 ], [ -48.13467, -15.81634 ], [ -48.13429, -15.81619 ] ] ] } },
{ "type": "Feature", "properties": { "cluster": 950.0, "hvi": 0.1212, "population": 2335, "setores": 4, "municipio": "Brasília" }, "geometry": { "type": "MultiPolygon", "coordinates": [ [ [ [ -48.12877, -15.82615 ], [ -48.12996, -15.82454 ], [ -48.1309, -15.82544 ], [ -48.13291, -15.82246 ], [ -48.1297, -15.82429 ], [ -48.12678, -15.82421 ], [ -48.12877, -15.82615 ] ] ], [ [ [ -48.12525, -15.82011 ], [ -48.12421, -15.82231 ], [ -48.12521, -15.82348 ], [ -48.12525, -15.82011 ] ] ], [ [ [ -48.13138, -15.82192 ], [ -48.12927, -15.8202 ], [ -48.13068, -15.82281 ], [ -48.13138, -15.82192 ] ] ] ] } },
{ "type": "Feature", "properties": { "cluster": 951.0, "hvi": 0.125, "population": 2691, "setores": 4, "municipio": "Brasília" }, "geometry": { "type": "Polygon", "coordinates": [ [ [ -48.1288, -15.83402 ], [ -48.12754, -15.83243 ], [ -48.12907, -15.83105 ], [ -48.12774, -15.83048 ], [ -48.12864, -15.82975 ], [ -48.12509, -15.82774 ], [ -48.12561, -15.82952 ], [ -48.1245, -15.8289 ], [ -48.12551, -15.83138 ], [ -48.1259, -15.83054 ], [ -48.12624, -15.83171 ], [ -48.12667, -15.83136 ], [ -48.12585, -15.83396 ], [ -48.12745, -15.83251 ], [ -48.12809, -15.83563 ], [ -48.1288, -15.83402 ] ] ] } },
{ "type": "Feature", "properties": { "cluster": 952.0, "hvi": 0.1354, "population": 2689, "setores": 3, "municipio": "Brasília" }, "geometry": { "type": "MultiPolygon", "coordinates": [ [ [ [ -48.11997, -15.83679 ], [ -48.12214, -15.83368 ], [ -48.11899, -15.83286 ], [ -48.11997, -15.83679 ] ] ], [ [ [ -48.12632, -15.8359 ], [ -48.12675, -15.83465 ], [ -48.12529, -15.83286 ], [ -48.12634, -15.83174 ], [ -48.12387, -15.83024 ], [ -48.12444, -15.83181 ], [ -48.12357, -15.83075 ], [ -48.12214, -15.83368 ], [ -48.12632, -15.8359 ] ] ] ] } },
{ "type": "Feature", "properties": { "cluster": 953.0, "hvi": 0.1191, "population": 2796, "setores": 6, "municipio": "Brasília" }, "geometry": { "type": "MultiPolygon", "coordinates": [ [ [ [ -48.15653, -15.81446 ], [ -48.15927, -15.814 ], [ -48.15626, -15.81356 ], [ -48.15634, -15.81383 ], [ -48.15653, -15.81446 ] ] ], [ [ [ -48.15477, -15.81087 ], [ -48.15519, -15.81341 ], [ -48.15461, -15.8132 ], [ -48.15275, -15.81564 ], [ -48.15634, -15.81383 ], [ -48.15598, -15.8137 ], [ -48.15626, -15.81356 ], [ -48.15477, -15.81087 ] ] ], [ [ [ -48.15401, -15.80927 ], [ -48.15626, -15.81356 ], [ -48.15598, -15.81099 ], [ -48.15401, -15.80927 ] ] ], [ [ [ -48.15802, -15.81023 ], [ -48.15983, -15.80725 ], [ -48.15688, -15.80641 ], [ -48.15665, -15.80717 ], [ -48.15547, -15.80682 ], [ -48.15547, -15.81041 ], [ -48.15662, -15.80725 ], [ -48.15588, -15.80962 ], [ -48.15802, -15.81023 ] ] ] ] } },
{ "type": "Feature", "properties": { "cluster": 954.0, "hvi": 0.1242, "population": 2628, "setores": 4, "municipio": "Brasília" }, "geometry": { "type": "MultiPolygon", "coordinates": [ [ [ [ -48.1509, -15.82054 ], [ -48.15488, -15.82108 ], [ -48.15402, -15.81826 ], [ -48.1523, -15.8202 ], [ -48.1509, -15.82054 ] ] ], [ [ [ -48.15737, -15.81693 ], [ -48.15633, -15.81389 ], [ -48.15315, -15.81688 ], [ -48.15585, -15.81765 ], [ -48.15737, -15.81693 ] ] ] ] } },
{ "type": "Feature", "properties": { "cluster": 955.0, "hvi": 0.1292, "population": 2981, "setores": 4, "municipio": "Brasília" }, "geometry": { "type": "MultiPolygon", "coordinates": [ [ [ [ -48.15794, -15.82605 ], [ -48.16087, -15.82674 ], [ -48.15918, -15.82282 ], [ -48.15698, -15.82668 ], [ -48.15794, -15.82605 ] ] ], [ [ [ -48.15762, -15.82252 ], [ -48.15845, -15.81988 ], [ -48.15697, -15.81798 ], [ -48.15711, -15.82118 ], [ -48.15762, -15.82252 ] ] ], [ [ [ -48.15351, -15.81703 ], [ -48.15456, -15.82003 ], [ -48.15697, -15.81798 ], [ -48.15351, -15.81703 ] ] ] ] } },
{ "type": "Feature", "properties": { "cluster": 956.0, "hvi": 0.1137, "population": 1783, "setores": 4, "municipio": "Brasília" }, "geometry": { "type": "MultiPolygon", "coordinates": [ [ [ [ -48.15592, -15.82432 ], [ -48.15553, -15.82317 ], [ -48.15244, -15.82549 ], [ -48.15592, -15.82432 ] ] ], [ [ [ -48.15553, -15.82317 ], [ -48.15516, -15.82196 ], [ -48.15219, -15.82411 ], [ -48.15553, -15.82317 ] ] ], [ [ [ -48.15516, -15.82196 ], [ -48.1517, -15.82182 ], [ -48.15207, -15.8231 ], [ -48.15516, -15.82196 ] ] ], [ [ [ -48.1571, -15.82099 ], [ -48.15702, -15.81925 ], [ -48.155, -15.82146 ], [ -48.1571, -15.82099 ] ] ] ] } },
{ "type": "Feature", "properties": { "cluster": 957.0, "hvi": 0.1196, "population": 562, "setores": 1, "municipio": "Brasília" }, "geometry": { "type": "Polygon", "coordinates": [ [ [ -48.14714, -15.81781 ], [ -48.14456, -15.82231 ], [ -48.14692, -15.82501 ], [ -48.14714, -15.81781 ] ] ] } },
{ "type": "Feature", "properties": { "cluster": 958.0, "hvi": 0.1302, "population": 3096, "setores": 4, "municipio": "Brasília" }, "geometry": { "type": "MultiPolygon", "coordinates": [ [ [ [ -48.15362, -15.81847 ], [ -48.15048, -15.81955 ], [ -48.15341, -15.81782 ], [ -48.15088, -15.81823 ], [ -48.14872, -15.81685 ], [ -48.14942, -15.81991 ], [ -48.14825, -15.82031 ], [ -48.14714, -15.81781 ], [ -48.1474, -15.82258 ], [ -48.15362, -15.81847 ] ] ], [ [ [ -48.15328, -15.81743 ], [ -48.15292, -15.8162 ], [ -48.15015, -15.81566 ], [ -48.15042, -15.81637 ], [ -48.14925, -15.81644 ], [ -48.15088, -15.81823 ], [ -48.15328, -15.81743 ] ] ] ] } },
{ "type": "Feature", "properties": { "cluster": 959.0, "hvi": 0.1225, "population": 1876, "setores": 3, "municipio": "Brasília" }, "geometry": { "type": "MultiPolygon", "coordinates": [ [ [ [ -48.14146, -15.82208 ], [ -48.1441, -15.82284 ], [ -48.14277, -15.81678 ], [ -48.13747, -15.8179 ], [ -48.14146, -15.82208 ] ] ], [ [ [ -48.1441, -15.82284 ], [ -48.14631, -15.82553 ], [ -48.14487, -15.81833 ], [ -48.14714, -15.81781 ], [ -48.1505, -15.81535 ], [ -48.14445, -15.81625 ], [ -48.14422, -15.81513 ], [ -48.14046, -15.81365 ], [ -48.14268, -15.81628 ], [ -48.1441, -15.82284 ] ] ] ] } },
{ "type": "Feature", "properties": { "cluster": 960.0, "hvi": 0.1266, "population": 2843, "setores": 4, "municipio": "Brasília" }, "geometry": { "type": "MultiPolygon", "coordinates": [ [ [ [ -48.14577, -15.81399 ], [ -48.1505, -15.81535 ], [ -48.14569, -15.81368 ], [ -48.14577, -15.81399 ] ] ], [ [ [ -48.14807, -15.81317 ], [ -48.14696, -15.80868 ], [ -48.14624, -15.81214 ], [ -48.14807, -15.81317 ] ] ], [ [ [ -48.14624, -15.81214 ], [ -48.14545, -15.80921 ], [ -48.14608, -15.80842 ], [ -48.14245, -15.80736 ], [ -48.14167, -15.80992 ], [ -48.14539, -15.80922 ], [ -48.14377, -15.81109 ], [ -48.14624, -15.81214 ] ] ] ] } },
{ "type": "Feature", "properties": { "cluster": 961.0, "hvi": 0.1427, "population": 777, "setores": 1, "municipio": "Brasília" }, "geometry": { "type": "Polygon", "coordinates": [ [ [ -48.14146, -15.82208 ], [ -48.14328, -15.82533 ], [ -48.14511, -15.82431 ], [ -48.14146, -15.82208 ] ] ] } },
{ "type": "Feature", "properties": { "cluster": 962.0, "hvi": 0.1245, "population": 4059, "setores": 6, "municipio": "Brasília" }, "geometry": { "type": "MultiPolygon", "coordinates": [ [ [ [ -48.14587, -15.8275 ], [ -48.14488, -15.82636 ], [ -48.14631, -15.82553 ], [ -48.14226, -15.82591 ], [ -48.14328, -15.82533 ], [ -48.14007, -15.82333 ], [ -48.14093, -15.82667 ], [ -48.14185, -15.82614 ], [ -48.14351, -15.82873 ], [ -48.14587, -15.8275 ] ], [ [ -48.14239, -15.82617 ], [ -48.14185, -15.82613 ], [ -48.14224, -15.82591 ], [ -48.14239, -15.82617 ] ] ], [ [ [ -48.14015, -15.82711 ], [ -48.13924, -15.82367 ], [ -48.13839, -15.82401 ], [ -48.14015, -15.82711 ] ] ], [ [ [ -48.14146, -15.82208 ], [ -48.13612, -15.82388 ], [ -48.13936, -15.82754 ], [ -48.13839, -15.82401 ], [ -48.14146, -15.82208 ] ] ] ] } },
{ "type": "Feature", "properties": { "cluster": 963.0, "hvi": 0.1242, "population": 2614, "setores": 4, "municipio": "Brasília" }, "geometry": { "type": "MultiPolygon", "coordinates": [ [ [ [ -48.13348, -15.83276 ], [ -48.13664, -15.82999 ], [ -48.13271, -15.83205 ], [ -48.13348, -15.83276 ] ] ], [ [ [ -48.13417, -15.83057 ], [ -48.13666, -15.82943 ], [ -48.13302, -15.82968 ], [ -48.13417, -15.83057 ] ] ], [ [ [ -48.13701, -15.82783 ], [ -48.13581, -15.82333 ], [ -48.135, -15.82656 ], [ -48.13701, -15.82783 ] ] ], [ [ [ -48.13172, -15.82423 ], [ -48.13369, -15.82529 ], [ -48.1328, -15.82263 ], [ -48.13172, -15.82423 ] ] ] ] } },
{ "type": "Feature", "properties": { "cluster": 964.0, "hvi": 0.1249, "population": 1344, "setores": 2, "municipio": "Brasília" }, "geometry": { "type": "Polygon", "coordinates": [ [ [ -48.13465, -15.82838 ], [ -48.13671, -15.82778 ], [ -48.13513, -15.82569 ], [ -48.13566, -15.82542 ], [ -48.13458, -15.82441 ], [ -48.13138, -15.8247 ], [ -48.13349, -15.82651 ], [ -48.13483, -15.82583 ], [ -48.13465, -15.82838 ] ] ] } },
{ "type": "Feature", "properties": { "cluster": 965.0, "hvi": 0.1283, "population": 2929, "setores": 4, "municipio": "Brasília" }, "geometry": { "type": "MultiPolygon", "coordinates": [ [ [ [ -48.13205, -15.82892 ], [ -48.12789, -15.82971 ], [ -48.13068, -15.83108 ], [ -48.13205, -15.82892 ] ] ], [ [ [ -48.13276, -15.82667 ], [ -48.13302, -15.82968 ], [ -48.13465, -15.82838 ], [ -48.13276, -15.82667 ] ] ], [ [ [ -48.13311, -15.8262 ], [ -48.12977, -15.82699 ], [ -48.13148, -15.82844 ], [ -48.13276, -15.82667 ], [ -48.13311, -15.8262 ] ] ], [ [ [ -48.13013, -15.8243 ], [ -48.12977, -15.82699 ], [ -48.1307, -15.82452 ], [ -48.13013, -15.8243 ] ] ] ] } },
{ "type": "Feature", "properties": { "cluster": 966.0, "hvi": 0.123, "population": 2539, "setores": 4, "municipio": "Brasília" }, "geometry": { "type": "MultiPolygon", "coordinates": [ [ [ [ -48.13519, -15.83544 ], [ -48.13609, -15.83352 ], [ -48.13184, -15.83255 ], [ -48.13405, -15.83446 ], [ -48.13519, -15.83544 ] ] ], [ [ [ -48.13664, -15.82999 ], [ -48.13486, -15.83136 ], [ -48.13643, -15.832 ], [ -48.13664, -15.82999 ] ] ], [ [ [ -48.13417, -15.83057 ], [ -48.13205, -15.82892 ], [ -48.13271, -15.83205 ], [ -48.13417, -15.83057 ] ] ], [ [ [ -48.1386, -15.83116 ], [ -48.13799, -15.82846 ], [ -48.13688, -15.83135 ], [ -48.1386, -15.83116 ] ] ] ] } },
{ "type": "Feature", "properties": { "cluster": 967.0, "hvi": 0.1226, "population": 2550, "setores": 4, "municipio": "Brasília" }, "geometry": { "type": "MultiPolygon", "coordinates": [ [ [ [ -48.13855, -15.84375 ], [ -48.137, -15.84255 ], [ -48.13988, -15.84228 ], [ -48.13797, -15.83957 ], [ -48.13646, -15.84214 ], [ -48.13535, -15.84128 ], [ -48.13262, -15.84323 ], [ -48.13704, -15.84572 ], [ -48.13855, -15.84375 ] ] ], [ [ [ -48.13797, -15.83957 ], [ -48.13415, -15.83777 ], [ -48.13448, -15.84122 ], [ -48.13797, -15.83957 ] ] ] ] } },
{ "type": "Feature", "properties": { "cluster": 968.0, "hvi": 0.1382, "population": 934, "setores": 1, "municipio": "Brasília" }, "geometry": { "type": "Polygon", "coordinates": [ [ [ -48.15071, -15.80845 ], [ -48.15165, -15.81246 ], [ -48.15477, -15.81087 ], [ -48.1515, -15.81067 ], [ -48.15071, -15.80845 ] ] ] } },
{ "type": "Feature", "properties": { "cluster": 969.0, "hvi": 0.1182, "population": 1630, "setores": 3, "municipio": "Brasília" }, "geometry": { "type": "MultiPolygon", "coordinates": [ [ [ [ -48.15369, -15.82739 ], [ -48.15698, -15.82668 ], [ -48.15611, -15.82475 ], [ -48.15871, -15.82398 ], [ -48.15769, -15.82262 ], [ -48.1561, -15.82472 ], [ -48.15244, -15.82549 ], [ -48.15369, -15.82739 ] ] ], [ [ [ -48.15769, -15.82262 ], [ -48.1571, -15.82099 ], [ -48.1556, -15.82336 ], [ -48.15769, -15.82262 ] ] ] ] } },
{ "type": "Feature", "properties": { "cluster": 970.0, "hvi": 0.1223, "population": 1682, "setores": 3, "municipio": "Brasília" }, "geometry": { "type": "MultiPolygon", "coordinates": [ [ [ [ -48.13476, -15.82425 ], [ -48.13581, -15.82333 ], [ -48.13393, -15.82055 ], [ -48.13476, -15.82425 ] ] ], [ [ [ -48.13961, -15.8215 ], [ -48.13811, -15.82077 ], [ -48.13612, -15.82388 ], [ -48.13961, -15.8215 ] ] ], [ [ [ -48.13298, -15.81974 ], [ -48.13393, -15.82055 ], [ -48.13376, -15.81829 ], [ -48.13298, -15.81974 ] ] ] ] } },
{ "type": "Feature", "properties": { "cluster": 971.0, "hvi": 0.1366, "population": 2709, "setores": 3, "municipio": "Brasília" }, "geometry": { "type": "MultiPolygon", "coordinates": [ [ [ [ -48.13726, -15.82613 ], [ -48.13671, -15.82911 ], [ -48.13915, -15.82894 ], [ -48.13767, -15.83161 ], [ -48.1416, -15.83232 ], [ -48.14148, -15.82974 ], [ -48.14148, -15.82973 ], [ -48.14015, -15.82711 ], [ -48.13972, -15.8279 ], [ -48.13726, -15.82613 ] ] ], [ [ [ -48.14351, -15.82873 ], [ -48.14027, -15.82705 ], [ -48.14148, -15.82973 ], [ -48.14351, -15.82873 ] ] ] ] } },
{ "type": "Feature", "properties": { "cluster": 972.0, "hvi": 0.1444, "population": 2094, "setores": 2, "municipio": "Brasília" }, "geometry": { "type": "MultiPolygon", "coordinates": [ [ [ [ -48.14011, -15.83629 ], [ -48.14077, -15.83211 ], [ -48.13848, -15.83178 ], [ -48.14011, -15.83629 ] ] ], [ [ [ -48.1364, -15.83375 ], [ -48.13824, -15.83561 ], [ -48.13848, -15.83178 ], [ -48.1364, -15.83375 ] ] ] ] } },
{ "type": "Feature", "properties": { "cluster": 973.0, "hvi": 0.1299, "population": 2292, "setores": 3, "municipio": "Brasília" }, "geometry": { "type": "MultiPolygon", "coordinates": [ [ [ [ -48.1467, -15.81619 ], [ -48.14924, -15.81564 ], [ -48.14873, -15.81335 ], [ -48.1467, -15.81619 ] ] ], [ [ [ -48.14432, -15.81626 ], [ -48.1467, -15.81619 ], [ -48.14682, -15.812 ], [ -48.14287, -15.81299 ], [ -48.14432, -15.81626 ] ] ], [ [ [ -48.14578, -15.81157 ], [ -48.14552, -15.8106 ], [ -48.14287, -15.81299 ], [ -48.14578, -15.81157 ] ] ] ] } },
{ "type": "Feature", "properties": { "cluster": 974.0, "hvi": 0.1338, "population": 2532, "setores": 3, "municipio": "Brasília" }, "geometry": { "type": "MultiPolygon", "coordinates": [ [ [ [ -48.15653, -15.81446 ], [ -48.15717, -15.81633 ], [ -48.16241, -15.81473 ], [ -48.15653, -15.81446 ] ] ], [ [ [ -48.16161, -15.81328 ], [ -48.15895, -15.81046 ], [ -48.15927, -15.814 ], [ -48.16161, -15.81328 ] ] ], [ [ [ -48.15895, -15.81046 ], [ -48.15588, -15.80962 ], [ -48.15692, -15.8129 ], [ -48.15895, -15.81046 ] ] ] ] } },
{ "type": "Feature", "properties": { "cluster": 975.0, "hvi": 0.1284, "population": 2254, "setores": 3, "municipio": "Brasília" }, "geometry": { "type": "MultiPolygon", "coordinates": [ [ [ [ -48.12632, -15.8359 ], [ -48.12834, -15.83785 ], [ -48.13013, -15.83503 ], [ -48.12632, -15.8359 ] ] ], [ [ [ -48.13013, -15.83503 ], [ -48.13234, -15.83176 ], [ -48.12864, -15.82975 ], [ -48.12859, -15.83218 ], [ -48.13008, -15.83315 ], [ -48.12806, -15.83361 ], [ -48.13013, -15.83503 ] ] ] ] } },
{ "type": "Feature", "properties": { "cluster": 976.0, "hvi": 0.109, "population": 358, "setores": 1, "municipio": "Brasília" }, "geometry": { "type": "Polygon", "coordinates": [ [ [ -48.132, -15.85166 ], [ -48.13249, -15.85458 ], [ -48.13367, -15.85255 ], [ -48.132, -15.85166 ] ] ] } },
{ "type": "Feature", "properties": { "cluster": 977.0, "hvi": 0.1192, "population": 570, "setores": 1, "municipio": "Brasília" }, "geometry": { "type": "Polygon", "coordinates": [ [ [ -48.14878, -15.81694 ], [ -48.14825, -15.82031 ], [ -48.14933, -15.82008 ], [ -48.14878, -15.81694 ] ] ] } },
{ "type": "Feature", "properties": { "cluster": 978.0, "hvi": 0.1201, "population": 2848, "setores": 5, "municipio": "Brasília" }, "geometry": { "type": "MultiPolygon", "coordinates": [ [ [ [ -48.15163, -15.81436 ], [ -48.15163, -15.81241 ], [ -48.14929, -15.8129 ], [ -48.15053, -15.81533 ], [ -48.15163, -15.81436 ] ] ], [ [ [ -48.15461, -15.8132 ], [ -48.15326, -15.81164 ], [ -48.15233, -15.8143 ], [ -48.15461, -15.8132 ] ] ], [ [ [ -48.15113, -15.81084 ], [ -48.14879, -15.81116 ], [ -48.15163, -15.81241 ], [ -48.15113, -15.81084 ] ] ], [ [ [ -48.14879, -15.81116 ], [ -48.15074, -15.80966 ], [ -48.14831, -15.81024 ], [ -48.14907, -15.81295 ], [ -48.14879, -15.81116 ] ] ], [ [ [ -48.14797, -15.80887 ], [ -48.15074, -15.80966 ], [ -48.15023, -15.80851 ], [ -48.14797, -15.80887 ] ] ] ] } },
{ "type": "Feature", "properties": { "cluster": 979.0, "hvi": 0.1396, "population": 2016, "setores": 2, "municipio": "Brasília" }, "geometry": { "type": "Polygon", "coordinates": [ [ [ -48.13345, -15.83929 ], [ -48.1327, -15.84016 ], [ -48.13304, -15.83814 ], [ -48.13091, -15.84221 ], [ -48.13262, -15.84323 ], [ -48.13345, -15.83929 ] ] ] } },
{ "type": "Feature", "properties": { "cluster": 980.0, "hvi": 0.1139, "population": 2297, "setores": 5, "municipio": "Brasília" }, "geometry": { "type": "MultiPolygon", "coordinates": [ [ [ [ -48.14277, -15.81678 ], [ -48.1392, -15.81215 ], [ -48.13747, -15.8179 ], [ -48.14277, -15.81678 ] ] ], [ [ [ -48.1375, -15.81399 ], [ -48.13549, -15.81302 ], [ -48.13432, -15.81584 ], [ -48.1375, -15.81399 ] ] ], [ [ [ -48.14046, -15.81365 ], [ -48.14256, -15.81251 ], [ -48.13983, -15.81289 ], [ -48.14046, -15.81365 ] ] ], [ [ [ -48.1392, -15.81215 ], [ -48.14204, -15.81168 ], [ -48.14109, -15.81024 ], [ -48.1392, -15.81215 ] ] ], [ [ [ -48.14186, -15.8114 ], [ -48.14328, -15.80935 ], [ -48.14109, -15.81024 ], [ -48.14186, -15.8114 ] ] ] ] } },
{ "type": "Feature", "properties": { "cluster": 981.0, "hvi": 0.1107, "population": 378, "setores": 1, "municipio": "Brasília" }, "geometry": { "type": "Polygon", "coordinates": [ [ [ -48.16135, -15.82542 ], [ -48.16051, -15.8318 ], [ -48.1635, -15.83111 ], [ -48.16135, -15.82542 ] ] ] } },
{ "type": "Feature", "properties": { "cluster": 982.0, "hvi": 0.1368, "population": 2522, "setores": 3, "municipio": "Brasília" }, "geometry": { "type": "Polygon", "coordinates": [ [ [ -48.14321, -15.84378 ], [ -48.14389, -15.84336 ], [ -48.13925, -15.83836 ], [ -48.14011, -15.83629 ], [ -48.13609, -15.83352 ], [ -48.13519, -15.83544 ], [ -48.13163, -15.8366 ], [ -48.13411, -15.83784 ], [ -48.13519, -15.83545 ], [ -48.13916, -15.8383 ], [ -48.14321, -15.84378 ] ] ] } },
{ "type": "Feature", "properties": { "cluster": 983.0, "hvi": 0.1304, "population": 805, "setores": 1, "municipio": "Brasília" }, "geometry": { "type": "Polygon", "coordinates": [ [ [ -48.14368, -15.84122 ], [ -48.13925, -15.83837 ], [ -48.14464, -15.843 ], [ -48.14368, -15.84122 ] ] ] } },
{ "type": "Feature", "properties": { "cluster": 984.0, "hvi": 0.1231, "population": 1124, "setores": 2, "municipio": "Brasília" }, "geometry": { "type": "MultiPolygon", "coordinates": [ [ [ [ -48.13616, -15.83868 ], [ -48.13788, -15.83951 ], [ -48.13902, -15.83812 ], [ -48.13616, -15.83868 ] ] ], [ [ [ -48.13738, -15.83697 ], [ -48.13519, -15.83545 ], [ -48.13415, -15.83777 ], [ -48.13738, -15.83697 ] ] ] ] } },
{ "type": "Feature", "properties": { "cluster": 985.0, "hvi": 0.1223, "population": 1155, "setores": 2, "municipio": "Brasília" }, "geometry": { "type": "Polygon", "coordinates": [ [ [ -48.15533, -15.8384 ], [ -48.15818, -15.83545 ], [ -48.15423, -15.83206 ], [ -48.15131, -15.83055 ], [ -48.1478, -15.83364 ], [ -48.15533, -15.8384 ] ] ] } },
{ "type": "Feature", "properties": { "cluster": 986.0, "hvi": 0.1173, "population": 2863, "setores": 6, "municipio": "Brasília" }, "geometry": { "type": "MultiPolygon", "coordinates": [ [ [ [ -48.02707, -15.86511 ], [ -48.02398, -15.86525 ], [ -48.02612, -15.86687 ], [ -48.02707, -15.86511 ] ] ], [ [ [ -48.02464, -15.86387 ], [ -48.02572, -15.86234 ], [ -48.0278, -15.86379 ], [ -48.03019, -15.85932 ], [ -48.02581, -15.86223 ], [ -48.02341, -15.85968 ], [ -48.0241, -15.86485 ], [ -48.02464, -15.86387 ] ] ], [ [ [ -48.02707, -15.86511 ], [ -48.0278, -15.86379 ], [ -48.02464, -15.86387 ], [ -48.02707, -15.86511 ] ] ], [ [ [ -48.0236, -15.85932 ], [ -48.02541, -15.86122 ], [ -48.02715, -15.85704 ], [ -48.0236, -15.85932 ] ] ] ] } },
{ "type": "Feature", "properties": { "cluster": 987.0, "hvi": 0.1281, "population": 1406, "setores": 2, "municipio": "Brasília" }, "geometry": { "type": "Polygon", "coordinates": [ [ [ -48.02377, -15.86344 ], [ -48.02371, -15.86208 ], [ -48.02468, -15.86081 ], [ -48.02341, -15.85968 ], [ -48.02325, -15.86199 ], [ -48.02228, -15.86179 ], [ -48.02377, -15.86344 ] ] ] } },
{ "type": "Feature", "properties": { "cluster": 988.0, "hvi": 0.1311, "population": 766, "setores": 1, "municipio": "Brasília" }, "geometry": { "type": "Polygon", "coordinates": [ [ [ -48.0265, -15.85836 ], [ -48.02612, -15.86185 ], [ -48.02781, -15.85883 ], [ -48.0265, -15.85836 ] ] ] } },
{ "type": "Feature", "properties": { "cluster": 989.0, "hvi": 0.1505, "population": 1169, "setores": 1, "municipio": "Brasília" }, "geometry": { "type": "Polygon", "coordinates": [ [ [ -48.02506, -15.85349 ], [ -48.02918, -15.85656 ], [ -48.03108, -15.85447 ], [ -48.02952, -15.85228 ], [ -48.02506, -15.85349 ] ] ] } },
{ "type": "Feature", "properties": { "cluster": 990.0, "hvi": 0.1349, "population": 2495, "setores": 3, "municipio": "Brasília" }, "geometry": { "type": "MultiPolygon", "coordinates": [ [ [ [ -48.02041, -15.85633 ], [ -48.01794, -15.86127 ], [ -48.02138, -15.86347 ], [ -48.02432, -15.85796 ], [ -48.02151, -15.85368 ], [ -48.02337, -15.85156 ], [ -48.0143, -15.84574 ], [ -48.02011, -15.85241 ], [ -48.01453, -15.84841 ], [ -48.01247, -15.85279 ], [ -48.02041, -15.85633 ] ] ], [ [ [ -48.02621, -15.84691 ], [ -48.02367, -15.84569 ], [ -48.02067, -15.8486 ], [ -48.02283, -15.85052 ], [ -48.02621, -15.84691 ] ] ] ] } },
{ "type": "Feature", "properties": { "cluster": 991.0, "hvi": 0.1143, "population": 2878, "setores": 7, "municipio": "Brasília" }, "geometry": { "type": "MultiPolygon", "coordinates": [ [ [ [ -48.01097, -15.87137 ], [ -48.01274, -15.86991 ], [ -48.0085, -15.86907 ], [ -48.01097, -15.87137 ] ] ], [ [ [ -48.01349, -15.86555 ], [ -48.01694, -15.86333 ], [ -48.01196, -15.85823 ], [ -48.01023, -15.86286 ], [ -48.01097, -15.86372 ], [ -48.00892, -15.86627 ], [ -48.01506, -15.86856 ], [ -48.01564, -15.86763 ], [ -48.01349, -15.86555 ] ] ], [ [ [ -48.01694, -15.86333 ], [ -48.01523, -15.86575 ], [ -48.01797, -15.86749 ], [ -48.01853, -15.86443 ], [ -48.01694, -15.86333 ] ] ], [ [ [ -48.00424, -15.86122 ], [ -48.0023, -15.86208 ], [ -48.00528, -15.8653 ], [ -48.0068, -15.86397 ], [ -48.00424, -15.86122 ] ] ], [ [ [ -48.01196, -15.85823 ], [ -48.00913, -15.85699 ], [ -48.00667, -15.8638 ], [ -48.00892, -15.86627 ], [ -48.01196, -15.85823 ] ] ], [ [ [ -48.01227, -15.85272 ], [ -48.01001, -15.85465 ], [ -48.01455, -15.85791 ], [ -48.01821, -15.85552 ], [ -48.01227, -15.85272 ] ] ] ] } },
{ "type": "Feature", "properties": { "cluster": 992.0, "hvi": 0.1248, "population": 2500, "setores": 4, "municipio": "Brasília" }, "geometry": { "type": "Polygon", "coordinates": [ [ [ -48.01082, -15.85573 ], [ -48.00922, -15.85455 ], [ -48.01247, -15.85279 ], [ -48.01453, -15.84841 ], [ -48.0144, -15.84605 ], [ -48.00934, -15.84451 ], [ -48.00657, -15.84979 ], [ -47.99991, -15.84636 ], [ -48.00847, -15.854 ], [ -47.99947, -15.84736 ], [ -48.00913, -15.85699 ], [ -48.01082, -15.85573 ] ] ] } },
{ "type": "Feature", "properties": { "cluster": 993.0, "hvi": 0.1192, "population": 3271, "setores": 6, "municipio": "Brasília" }, "geometry": { "type": "MultiPolygon", "coordinates": [ [ [ [ -48.01406, -15.87421 ], [ -48.01361, -15.87301 ], [ -48.00818, -15.87594 ], [ -48.01406, -15.87421 ] ] ], [ [ [ -48.01008, -15.86746 ], [ -48.01274, -15.86991 ], [ -48.01097, -15.87137 ], [ -48.01361, -15.87301 ], [ -48.01507, -15.86857 ], [ -48.01008, -15.86746 ] ] ], [ [ [ -48.00591, -15.86595 ], [ -48.00157, -15.86691 ], [ -48.01007, -15.87319 ], [ -48.01231, -15.873 ], [ -48.00591, -15.86595 ] ] ], [ [ [ -48.01657, -15.86969 ], [ -48.01847, -15.86757 ], [ -48.01562, -15.86712 ], [ -48.01657, -15.86969 ] ] ], [ [ [ -48.0068, -15.86397 ], [ -48.00869, -15.86889 ], [ -48.01008, -15.86746 ], [ -48.0068, -15.86397 ] ] ] ] } },
{ "type": "Feature", "properties": { "cluster": 994.0, "hvi": 0.1299, "population": 2981, "setores": 4, "municipio": "Brasília" }, "geometry": { "type": "Polygon", "coordinates": [ [ [ -48.00493, -15.86154 ], [ -48.00667, -15.8638 ], [ -48.00913, -15.85699 ], [ -48.00342, -15.85307 ], [ -47.99874, -15.8577 ], [ -48.00162, -15.85879 ], [ -48.00125, -15.86238 ], [ -48.00493, -15.86154 ] ], [ [ -48.00529, -15.86051 ], [ -48.00515, -15.85941 ], [ -48.00699, -15.85564 ], [ -48.00529, -15.86051 ] ] ] } },
{ "type": "Feature", "properties": { "cluster": 995.0, "hvi": 0.1221, "population": 2262, "setores": 4, "municipio": "Brasília" }, "geometry": { "type": "MultiPolygon", "coordinates": [ [ [ [ -47.99835, -15.86697 ], [ -48.00591, -15.86595 ], [ -48.0023, -15.86208 ], [ -47.99883, -15.86347 ], [ -47.99835, -15.86697 ] ] ], [ [ [ -48.00125, -15.86238 ], [ -47.99874, -15.8577 ], [ -47.99639, -15.85969 ], [ -48.00342, -15.85307 ], [ -48.00064, -15.85042 ], [ -47.99485, -15.85718 ], [ -47.99451, -15.85664 ], [ -47.99075, -15.86005 ], [ -47.99474, -15.8639 ], [ -48.00125, -15.86238 ] ] ] ] } },
{ "type": "Feature", "properties": { "cluster": 996.0, "hvi": 0.1312, "population": 2258, "setores": 3, "municipio": "Brasília" }, "geometry": { "type": "MultiPolygon", "coordinates": [ [ [ [ -48.01611, -15.87258 ], [ -48.01838, -15.87029 ], [ -48.01711, -15.86945 ], [ -48.01611, -15.87258 ] ] ], [ [ [ -48.01664, -15.87293 ], [ -48.01749, -15.87335 ], [ -48.02125, -15.86794 ], [ -48.0187, -15.87117 ], [ -48.01664, -15.87293 ] ] ], [ [ [ -48.02242, -15.86896 ], [ -48.0241, -15.86485 ], [ -48.02118, -15.86815 ], [ -48.02242, -15.86896 ] ] ] ] } },
{ "type": "Feature", "properties": { "cluster": 997.0, "hvi": 0.136, "population": 2646, "setores": 3, "municipio": "Brasília" }, "geometry": { "type": "MultiPolygon", "coordinates": [ [ [ [ -48.01527, -15.87205 ], [ -48.01711, -15.86945 ], [ -48.01504, -15.86868 ], [ -48.01527, -15.87205 ] ] ], [ [ [ -48.02013, -15.86777 ], [ -48.01847, -15.86757 ], [ -48.01838, -15.87029 ], [ -48.02013, -15.86777 ] ] ], [ [ [ -48.01797, -15.86749 ], [ -48.02276, -15.86581 ], [ -48.01667, -15.8605 ], [ -48.01438, -15.86174 ], [ -48.0185, -15.86439 ], [ -48.01797, -15.86749 ] ] ] ] } },
{ "type": "Feature", "properties": { "cluster": 998.0, "hvi": 0.1235, "population": 2844, "setores": 5, "municipio": "Brasília" }, "geometry": { "type": "MultiPolygon", "coordinates": [ [ [ [ -48.02367, -15.84569 ], [ -48.02148, -15.8448 ], [ -48.02088, -15.84268 ], [ -48.02199, -15.84238 ], [ -48.02063, -15.8418 ], [ -48.01668, -15.84283 ], [ -48.01768, -15.84325 ], [ -48.01084, -15.84112 ], [ -48.00934, -15.84451 ], [ -48.01602, -15.84658 ], [ -48.0186, -15.84806 ], [ -48.02367, -15.84569 ] ], [ [ -48.01903, -15.84381 ], [ -48.01767, -15.84326 ], [ -48.01768, -15.84325 ], [ -48.01903, -15.84381 ] ] ], [ [ [ -48.02202, -15.84368 ], [ -48.02251, -15.84261 ], [ -48.02199, -15.84238 ], [ -48.02202, -15.84368 ] ] ] ] } },
{ "type": "Feature", "properties": { "cluster": 999.0, "hvi": 0.1662, "population": 1470, "setores": 1, "municipio": "Brasília" }, "geometry": { "type": "Polygon", "coordinates": [ [ [ -48.01082, -15.85573 ], [ -48.01438, -15.86174 ], [ -48.02089, -15.85925 ], [ -48.01821, -15.85552 ], [ -48.01462, -15.85791 ], [ -48.01082, -15.85573 ] ] ] } },
{ "type": "Feature", "properties": { "cluster": 1000.0, "hvi": 0.1161, "population": 1690, "setores": 4, "municipio": "Brasília" }, "geometry": { "type": "MultiPolygon", "coordinates": [ [ [ [ -48.02908, -15.87134 ], [ -48.02941, -15.87065 ], [ -48.02583, -15.86985 ], [ -48.02908, -15.87134 ] ] ], [ [ [ -48.02967, -15.8701 ], [ -48.02552, -15.868 ], [ -48.02941, -15.87065 ], [ -48.02967, -15.8701 ] ] ], [ [ [ -48.0248, -15.86847 ], [ -48.02612, -15.86687 ], [ -48.02398, -15.86525 ], [ -48.02242, -15.86896 ], [ -48.02635, -15.87145 ], [ -48.02995, -15.87178 ], [ -48.02418, -15.86922 ], [ -48.02605, -15.86893 ], [ -48.0248, -15.86847 ] ] ] ] } },
{ "type": "Feature", "properties": { "cluster": 1001.0, "hvi": 0.1191, "population": 2848, "setores": 7, "municipio": "Brasília" }, "geometry": { "type": "MultiPolygon", "coordinates": [ [ [ [ -47.99683, -15.86984 ], [ -47.99835, -15.86697 ], [ -47.99194, -15.8662 ], [ -47.99334, -15.87121 ], [ -48.00188, -15.87435 ], [ -48.00235, -15.87543 ], [ -48.00491, -15.87645 ], [ -48.00535, -15.87194 ], [ -48.0004, -15.87092 ], [ -48.00175, -15.87405 ], [ -47.99683, -15.86984 ] ] ], [ [ [ -47.97736, -15.86459 ], [ -47.982, -15.86066 ], [ -47.97926, -15.85889 ], [ -47.97834, -15.86246 ], [ -47.97693, -15.86113 ], [ -47.9782, -15.86301 ], [ -47.96692, -15.86091 ], [ -47.96027, -15.86382 ], [ -47.97502, -15.86657 ], [ -47.9767, -15.86515 ], [ -47.97416, -15.86809 ], [ -47.97745, -15.86977 ], [ -47.97799, -15.86479 ], [ -47.9918, -15.86844 ], [ -47.99194, -15.8662 ], [ -47.98113, -15.86144 ], [ -47.978, -15.86474 ], [ -47.97736, -15.86459 ] ] ], [ [ [ -47.97587, -15.8561 ], [ -47.96801, -15.85997 ], [ -47.97156, -15.86166 ], [ -47.97766, -15.8579 ], [ -47.97587, -15.8561 ] ] ] ] } },
{ "type": "Feature", "properties": { "cluster": 1002.0, "hvi": 0.115, "population": 2179, "setores": 5, "municipio": "Brasília" }, "geometry": { "type": "MultiPolygon", "coordinates": [ [ [ [ -48.02036, -15.87603 ], [ -48.02139, -15.87699 ], [ -48.02792, -15.87563 ], [ -48.02964, -15.8724 ], [ -48.02118, -15.86815 ], [ -48.01762, -15.87348 ], [ -48.01392, -15.87111 ], [ -48.01596, -15.87548 ], [ -48.02036, -15.87603 ] ] ], [ [ [ -48.02792, -15.87563 ], [ -48.03409, -15.87474 ], [ -48.03082, -15.87019 ], [ -48.02792, -15.87563 ] ] ], [ [ [ -48.0176, -15.8705 ], [ -48.01764, -15.87272 ], [ -48.0187, -15.87117 ], [ -48.0176, -15.8705 ] ] ], [ [ [ -48.03059, -15.87061 ], [ -48.02908, -15.87134 ], [ -48.02995, -15.87178 ], [ -48.03059, -15.87061 ] ] ] ] } },
{ "type": "Feature", "properties": { "cluster": 1003.0, "hvi": 0.14, "population": 2911, "setores": 3, "municipio": "Brasília" }, "geometry": { "type": "MultiPolygon", "coordinates": [ [ [ [ -48.01045, -15.87489 ], [ -48.01035, -15.87327 ], [ -48.00155, -15.8669 ], [ -47.99697, -15.86931 ], [ -48.00454, -15.87187 ], [ -48.01045, -15.87489 ] ] ], [ [ [ -47.99883, -15.86347 ], [ -47.99474, -15.8639 ], [ -47.99056, -15.85987 ], [ -47.98666, -15.86436 ], [ -47.99835, -15.86697 ], [ -47.99883, -15.86347 ] ] ] ] } },
{ "type": "Feature", "properties": { "cluster": 1004.0, "hvi": 0.1182, "population": 1184, "setores": 6, "municipio": "Brasília" }, "geometry": { "type": "MultiPolygon", "coordinates": [ [ [ [ -47.93083, -15.77284 ], [ -47.92923, -15.76813 ], [ -47.92795, -15.76421 ], [ -47.92601, -15.75854 ], [ -47.92259, -15.76055 ], [ -47.92555, -15.76927 ], [ -47.92815, -15.77368 ], [ -47.93083, -15.77284 ] ] ], [ [ [ -47.94154, -15.76875 ], [ -47.93911, -15.75694 ], [ -47.92776, -15.75739 ], [ -47.92923, -15.76813 ], [ -47.93347, -15.7667 ], [ -47.93613, -15.77104 ], [ -47.94154, -15.76875 ] ] ], [ [ [ -47.92794, -15.74023 ], [ -47.91998, -15.74493 ], [ -47.92776, -15.75739 ], [ -47.93691, -15.75137 ], [ -47.93074, -15.74171 ], [ -47.92794, -15.74023 ] ] ] ] } },
{ "type": "Feature", "properties": { "cluster": 1005.0, "hvi": 0.1288, "population": 777, "setores": 1, "municipio": "Brasília" }, "geometry": { "type": "Polygon", "coordinates": [ [ [ -47.9673, -15.79242 ], [ -47.97729, -15.78213 ], [ -47.97131, -15.7767 ], [ -47.97561, -15.772 ], [ -47.97623, -15.76421 ], [ -47.97278, -15.75591 ], [ -47.96186, -15.75939 ], [ -47.94537, -15.75904 ], [ -47.95395, -15.78426 ], [ -47.9673, -15.79242 ] ] ] } },
{ "type": "Feature", "properties": { "cluster": 1006.0, "hvi": 0.1322, "population": 2397, "setores": 4, "municipio": "Brasília" }, "geometry": { "type": "MultiPolygon", "coordinates": [ [ [ [ -47.99106, -15.8053 ], [ -47.98977, -15.78728 ], [ -47.97121, -15.79522 ], [ -47.98456, -15.79673 ], [ -47.98642, -15.79909 ], [ -47.986, -15.79876 ], [ -47.98478, -15.80103 ], [ -47.99106, -15.8053 ] ] ], [ [ [ -47.97045, -15.80807 ], [ -47.97121, -15.79522 ], [ -47.96939, -15.79502 ], [ -47.95395, -15.78426 ], [ -47.94537, -15.75904 ], [ -47.93911, -15.75694 ], [ -47.94154, -15.76875 ], [ -47.93613, -15.77104 ], [ -47.9415, -15.78556 ], [ -47.94861, -15.80992 ], [ -47.97045, -15.80807 ] ] ] ] } },
{ "type": "Feature", "properties": { "cluster": 1007.0, "hvi": 0.131, "population": 2369, "setores": 3, "municipio": "Brasília" }, "geometry": { "type": "MultiPolygon", "coordinates": [ [ [ [ -48.00084, -15.78511 ], [ -48.00126, -15.785 ], [ -48.00132, -15.78254 ], [ -48.00084, -15.78511 ] ] ], [ [ [ -47.9973, -15.78403 ], [ -48.00004, -15.78412 ], [ -48.00136, -15.78182 ], [ -47.99975, -15.78214 ], [ -47.9973, -15.78403 ] ] ] ] } },
{ "type": "Feature", "properties": { "cluster": 1008.0, "hvi": 0.1398, "population": 1938, "setores": 2, "municipio": "Brasília" }, "geometry": { "type": "MultiPolygon", "coordinates": [ [ [ [ -48.00064, -15.77881 ], [ -48.00161, -15.78022 ], [ -48.00207, -15.77833 ], [ -48.00064, -15.77881 ] ] ], [ [ [ -48.00119, -15.77802 ], [ -48.00166, -15.77689 ], [ -47.99987, -15.77574 ], [ -48.00119, -15.77802 ] ] ] ] } },
{ "type": "Feature", "properties": { "cluster": 1009.0, "hvi": 0.1469, "population": 2130, "setores": 2, "municipio": "Brasília" }, "geometry": { "type": "MultiPolygon", "coordinates": [ [ [ [ -48.00166, -15.77689 ], [ -48.00207, -15.77833 ], [ -48.00276, -15.77534 ], [ -47.99987, -15.77574 ], [ -48.00166, -15.77689 ] ] ], [ [ [ -48.00276, -15.77534 ], [ -48.00336, -15.77284 ], [ -48.00171, -15.77247 ], [ -48.00276, -15.77534 ] ] ] ] } },
{ "type": "Feature", "properties": { "cluster": 1010.0, "hvi": 0.1286, "population": 2935, "setores": 4, "municipio": "Brasília" }, "geometry": { "type": "MultiPolygon", "coordinates": [ [ [ [ -48.00004, -15.78412 ], [ -47.99726, -15.78623 ], [ -48.00121, -15.78617 ], [ -48.00004, -15.78412 ] ] ], [ [ [ -48.00011, -15.78079 ], [ -47.99808, -15.77872 ], [ -47.99591, -15.78185 ], [ -47.9972, -15.78493 ], [ -48.00011, -15.78079 ] ] ], [ [ [ -48.00064, -15.77881 ], [ -47.99798, -15.77863 ], [ -47.99808, -15.77872 ], [ -48.0001, -15.78056 ], [ -48.00064, -15.77881 ] ] ], [ [ [ -47.99865, -15.77658 ], [ -47.99798, -15.77863 ], [ -47.99988, -15.7776 ], [ -47.99865, -15.77658 ] ] ] ] } },
{ "type": "Feature", "properties": { "cluster": 1011.0, "hvi": 0.1072, "population": 575, "setores": 2, "municipio": "Brasília" }, "geometry": { "type": "MultiPolygon", "coordinates": [ [ [ [ -47.99591, -15.78185 ], [ -47.99717, -15.78194 ], [ -47.99745, -15.78068 ], [ -47.99591, -15.78185 ] ] ], [ [ [ -47.99808, -15.77872 ], [ -47.99731, -15.77802 ], [ -47.99745, -15.77871 ], [ -47.99808, -15.77872 ] ] ] ] } },
{ "type": "Feature", "properties": { "cluster": 1012.0, "hvi": 0.1397, "population": 1981, "setores": 2, "municipio": "Brasília" }, "geometry": { "type": "MultiPolygon", "coordinates": [ [ [ [ -47.99383, -15.77984 ], [ -47.99517, -15.78007 ], [ -47.99618, -15.77701 ], [ -47.99383, -15.77984 ] ] ], [ [ [ -47.99714, -15.7789 ], [ -47.99725, -15.77797 ], [ -47.99618, -15.77701 ], [ -47.99714, -15.7789 ] ] ] ] } },
{ "type": "Feature", "properties": { "cluster": 1013.0, "hvi": 0.1278, "population": 2992, "setores": 4, "municipio": "Brasília" }, "geometry": { "type": "MultiPolygon", "coordinates": [ [ [ [ -47.99568, -15.78022 ], [ -47.99383, -15.77984 ], [ -47.99578, -15.78095 ], [ -47.99568, -15.78022 ] ] ], [ [ [ -47.99692, -15.78054 ], [ -47.99731, -15.77802 ], [ -47.99517, -15.78007 ], [ -47.99692, -15.78054 ] ] ], [ [ [ -47.99387, -15.77761 ], [ -47.99265, -15.77849 ], [ -47.99432, -15.77921 ], [ -47.99387, -15.77761 ] ] ], [ [ [ -48.00336, -15.77284 ], [ -48.00357, -15.75562 ], [ -47.98894, -15.77137 ], [ -47.99731, -15.77802 ], [ -48.00336, -15.77284 ] ] ] ] } },
{ "type": "Feature", "properties": { "cluster": 1014.0, "hvi": 0.1357, "population": 2661, "setores": 3, "municipio": "Brasília" }, "geometry": { "type": "MultiPolygon", "coordinates": [ [ [ [ -47.98852, -15.77994 ], [ -47.99009, -15.77867 ], [ -47.99181, -15.78107 ], [ -47.9952, -15.77614 ], [ -47.99161, -15.77302 ], [ -47.99007, -15.77856 ], [ -47.98991, -15.77792 ], [ -47.98852, -15.77994 ] ] ], [ [ [ -47.98877, -15.77615 ], [ -47.9875, -15.77606 ], [ -47.98891, -15.77803 ], [ -47.98877, -15.77615 ] ] ] ] } },
{ "type": "Feature", "properties": { "cluster": 1015.0, "hvi": 0.137, "population": 2651, "setores": 3, "municipio": "Brasília" }, "geometry": { "type": "MultiPolygon", "coordinates": [ [ [ [ -47.98874, -15.78558 ], [ -47.98918, -15.7874 ], [ -47.99726, -15.78623 ], [ -47.98874, -15.78558 ] ] ], [ [ [ -47.99234, -15.78497 ], [ -47.99348, -15.78484 ], [ -47.9921, -15.78307 ], [ -47.99234, -15.78497 ] ] ], [ [ [ -47.99267, -15.783 ], [ -47.99205, -15.77981 ], [ -47.99134, -15.78315 ], [ -47.99267, -15.783 ] ] ] ] } },
{ "type": "Feature", "properties": { "cluster": 1016.0, "hvi": 0.125, "population": 2661, "setores": 4, "municipio": "Brasília" }, "geometry": { "type": "MultiPolygon", "coordinates": [ [ [ [ -47.99462, -15.78464 ], [ -47.99326, -15.78293 ], [ -47.99348, -15.78484 ], [ -47.99462, -15.78464 ] ] ], [ [ [ -47.99468, -15.78276 ], [ -47.99366, -15.7816 ], [ -47.99383, -15.77984 ], [ -47.99267, -15.783 ], [ -47.99326, -15.78293 ], [ -47.99468, -15.78276 ] ] ], [ [ [ -47.99578, -15.78095 ], [ -47.99468, -15.78276 ], [ -47.99602, -15.78261 ], [ -47.99578, -15.78095 ] ] ] ] } },
{ "type": "Feature", "properties": { "cluster": 1017.0, "hvi": 0.1151, "population": 924, "setores": 2, "municipio": "Brasília" }, "geometry": { "type": "MultiPolygon", "coordinates": [ [ [ [ -47.9944, -15.78279 ], [ -47.99462, -15.78464 ], [ -47.99553, -15.78467 ], [ -47.9944, -15.78279 ] ] ], [ [ [ -47.99529, -15.7827 ], [ -47.99553, -15.78467 ], [ -47.99659, -15.78474 ], [ -47.99529, -15.7827 ] ] ] ] } },
{ "type": "Feature", "properties": { "cluster": 1018.0, "hvi": 0.1149, "population": 2696, "setores": 6, "municipio": "Brasília" }, "geometry": { "type": "MultiPolygon", "coordinates": [ [ [ [ -47.9661, -15.7943 ], [ -47.97017, -15.79557 ], [ -47.98918, -15.7874 ], [ -47.98531, -15.77913 ], [ -47.9795, -15.78521 ], [ -47.9762, -15.78492 ], [ -47.97656, -15.78238 ], [ -47.9661, -15.7943 ] ] ], [ [ [ -47.98968, -15.78127 ], [ -47.99002, -15.78331 ], [ -47.9909, -15.78321 ], [ -47.99091, -15.78517 ], [ -47.99234, -15.78497 ], [ -47.98968, -15.78127 ] ] ], [ [ [ -47.9869, -15.77763 ], [ -47.98531, -15.77913 ], [ -47.98762, -15.78087 ], [ -47.98727, -15.78166 ], [ -47.98809, -15.78297 ], [ -47.98943, -15.78253 ], [ -47.9869, -15.77763 ] ] ], [ [ [ -47.99016, -15.77895 ], [ -47.98925, -15.78131 ], [ -47.9909, -15.78115 ], [ -47.99016, -15.77895 ] ] ] ] } },
{ "type": "Feature", "properties": { "cluster": 1019.0, "hvi": 0.1275, "population": 2073, "setores": 3, "municipio": "Brasília" }, "geometry": { "type": "Polygon", "coordinates": [ [ [ -47.98874, -15.78558 ], [ -47.99097, -15.78495 ], [ -47.98943, -15.78253 ], [ -47.9882, -15.78354 ], [ -47.98963, -15.78336 ], [ -47.98874, -15.78558 ] ] ] } },
{ "type": "Feature", "properties": { "cluster": 1020.0, "hvi": 0.1414, "population": 2793, "setores": 3, "municipio": "Brasília" }, "geometry": { "type": "MultiPolygon", "coordinates": [ [ [ [ -47.98891, -15.77803 ], [ -47.99095, -15.77737 ], [ -47.98977, -15.77538 ], [ -47.98891, -15.77803 ] ] ], [ [ [ -47.98832, -15.77633 ], [ -47.98923, -15.77368 ], [ -47.98676, -15.77367 ], [ -47.98832, -15.77633 ] ] ], [ [ [ -47.99161, -15.77302 ], [ -47.99132, -15.77267 ], [ -47.99065, -15.77591 ], [ -47.99161, -15.77302 ] ] ] ] } },
{ "type": "Feature", "properties": { "cluster": 1021.0, "hvi": 0.1612, "population": 865, "setores": 1, "municipio": "Brasília" }, "geometry": { "type": "Polygon", "coordinates": [ [ [ -47.98894, -15.77137 ], [ -47.98993, -15.77396 ], [ -47.99132, -15.77267 ], [ -47.98894, -15.77137 ] ] ] } },
{ "type": "Feature", "properties": { "cluster": 1022.0, "hvi": 0.1179, "population": 2840, "setores": 6, "municipio": "Brasília" }, "geometry": { "type": "MultiPolygon", "coordinates": [ [ [ [ -47.98377, -15.78072 ], [ -47.98235, -15.77832 ], [ -47.98043, -15.78034 ], [ -47.9826, -15.78196 ], [ -47.98377, -15.78072 ] ] ], [ [ [ -47.98355, -15.77706 ], [ -47.98377, -15.78072 ], [ -47.98643, -15.77799 ], [ -47.98355, -15.77706 ] ] ], [ [ [ -47.9875, -15.77606 ], [ -47.9858, -15.77774 ], [ -47.98765, -15.77826 ], [ -47.9875, -15.77606 ] ] ], [ [ [ -47.98638, -15.77627 ], [ -47.9847, -15.77584 ], [ -47.9858, -15.77774 ], [ -47.98638, -15.77627 ] ] ], [ [ [ -47.98676, -15.77367 ], [ -47.9867, -15.77639 ], [ -47.98708, -15.77561 ], [ -47.98832, -15.77633 ], [ -47.98676, -15.77367 ] ] ] ] } },
{ "type": "Feature", "properties": { "cluster": 1023.0, "hvi": 0.1505, "population": 657, "setores": 1, "municipio": "Brasília" }, "geometry": { "type": "Polygon", "coordinates": [ [ [ -47.9826, -15.78196 ], [ -47.98043, -15.78034 ], [ -47.9762, -15.78492 ], [ -47.9795, -15.78521 ], [ -47.9826, -15.78196 ] ] ] } },
{ "type": "Feature", "properties": { "cluster": 1024.0, "hvi": 0.1293, "population": 2496, "setores": 4, "municipio": "Brasília" }, "geometry": { "type": "MultiPolygon", "coordinates": [ [ [ [ -47.94146, -15.80402 ], [ -47.9434, -15.80536 ], [ -47.94507, -15.8031 ], [ -47.94153, -15.80383 ], [ -47.94178, -15.80316 ], [ -47.94042, -15.80232 ], [ -47.93833, -15.8053 ], [ -47.94038, -15.80687 ], [ -47.94146, -15.80402 ] ] ], [ [ [ -47.94781, -15.80482 ], [ -47.94726, -15.80262 ], [ -47.94346, -15.80569 ], [ -47.94781, -15.80482 ] ] ], [ [ [ -47.94726, -15.80262 ], [ -47.9464, -15.80008 ], [ -47.94422, -15.80327 ], [ -47.94726, -15.80262 ] ] ] ] } },
{ "type": "Feature", "properties": { "cluster": 1025.0, "hvi": 0.1197, "population": 1892, "setores": 4, "municipio": "Brasília" }, "geometry": { "type": "MultiPolygon", "coordinates": [ [ [ [ -47.94257, -15.80937 ], [ -47.9424, -15.80862 ], [ -47.94165, -15.80968 ], [ -47.94257, -15.80937 ] ] ], [ [ [ -47.94446, -15.80714 ], [ -47.94359, -15.80654 ], [ -47.9442, -15.80917 ], [ -47.94446, -15.80714 ] ] ], [ [ [ -47.9424, -15.80862 ], [ -47.9434, -15.80536 ], [ -47.94067, -15.80596 ], [ -47.94135, -15.80884 ], [ -47.9424, -15.80862 ] ] ], [ [ [ -47.94546, -15.80651 ], [ -47.94545, -15.80533 ], [ -47.94484, -15.80733 ], [ -47.94546, -15.80651 ] ] ] ] } },
{ "type": "Feature", "properties": { "cluster": 1026.0, "hvi": 0.1179, "population": 1266, "setores": 3, "municipio": "Brasília" }, "geometry": { "type": "MultiPolygon", "coordinates": [ [ [ [ -47.94168, -15.81122 ], [ -47.9451, -15.81075 ], [ -47.94481, -15.80904 ], [ -47.94231, -15.80812 ], [ -47.94168, -15.81122 ] ] ], [ [ [ -47.94865, -15.81014 ], [ -47.9483, -15.80796 ], [ -47.9451, -15.81075 ], [ -47.94865, -15.81014 ] ] ], [ [ [ -47.9483, -15.80796 ], [ -47.94781, -15.80482 ], [ -47.94558, -15.80871 ], [ -47.9483, -15.80796 ] ] ] ] } },
{ "type": "Feature", "properties": { "cluster": 1027.0, "hvi": 0.1188, "population": 441, "setores": 1, "municipio": "Brasília" }, "geometry": { "type": "Polygon", "coordinates": [ [ [ -47.93099, -15.8049 ], [ -47.93117, -15.80662 ], [ -47.93191, -15.80546 ], [ -47.93099, -15.8049 ] ] ] } },
{ "type": "Feature", "properties": { "cluster": 1028.0, "hvi": 0.1212, "population": 2865, "setores": 6, "municipio": "Brasília" }, "geometry": { "type": "MultiPolygon", "coordinates": [ [ [ [ -47.93059, -15.80386 ], [ -47.92878, -15.80283 ], [ -47.92856, -15.80701 ], [ -47.93059, -15.80386 ] ] ], [ [ [ -47.93318, -15.80374 ], [ -47.93241, -15.80116 ], [ -47.93059, -15.80386 ], [ -47.93229, -15.80505 ], [ -47.93318, -15.80374 ] ] ], [ [ [ -47.93029, -15.80082 ], [ -47.92711, -15.80186 ], [ -47.92878, -15.80283 ], [ -47.93029, -15.80082 ] ] ], [ [ [ -47.92711, -15.80186 ], [ -47.92922, -15.79913 ], [ -47.92609, -15.80128 ], [ -47.92711, -15.80186 ] ] ], [ [ [ -47.92922, -15.79913 ], [ -47.93032, -15.80051 ], [ -47.93054, -15.80014 ], [ -47.92922, -15.79913 ] ] ], [ [ [ -47.92677, -15.79889 ], [ -47.92504, -15.79964 ], [ -47.92613, -15.79993 ], [ -47.92677, -15.79889 ] ] ] ] } },
{ "type": "Feature", "properties": { "cluster": 1029.0, "hvi": 0.1248, "population": 2750, "setores": 5, "municipio": "Brasília" }, "geometry": { "type": "MultiPolygon", "coordinates": [ [ [ [ -47.93268, -15.80603 ], [ -47.93117, -15.80662 ], [ -47.92945, -15.80556 ], [ -47.93148, -15.80806 ], [ -47.93268, -15.80603 ] ] ], [ [ [ -47.93246, -15.80548 ], [ -47.93059, -15.80386 ], [ -47.93099, -15.8049 ], [ -47.93246, -15.80548 ] ] ], [ [ [ -47.92688, -15.80628 ], [ -47.92878, -15.80283 ], [ -47.92478, -15.80507 ], [ -47.92688, -15.80628 ] ] ], [ [ [ -47.92638, -15.80226 ], [ -47.92375, -15.80448 ], [ -47.92478, -15.80507 ], [ -47.92638, -15.80226 ] ] ], [ [ [ -47.93029, -15.80082 ], [ -47.93059, -15.80386 ], [ -47.93197, -15.8018 ], [ -47.93029, -15.80082 ] ] ] ] } },
{ "type": "Feature", "properties": { "cluster": 1030.0, "hvi": 0.1129, "population": 2875, "setores": 9, "municipio": "Brasília" }, "geometry": { "type": "MultiPolygon", "coordinates": [ [ [ [ -47.92375, -15.80448 ], [ -47.92499, -15.80293 ], [ -47.92335, -15.80196 ], [ -47.92375, -15.80448 ] ] ], [ [ [ -47.9267, -15.80026 ], [ -47.92499, -15.79929 ], [ -47.92609, -15.80128 ], [ -47.9267, -15.80026 ] ] ], [ [ [ -47.92544, -15.80091 ], [ -47.92674, -15.80246 ], [ -47.92711, -15.80186 ], [ -47.92609, -15.80128 ], [ -47.92544, -15.80091 ] ] ], [ [ [ -47.92335, -15.80196 ], [ -47.92437, -15.80029 ], [ -47.92269, -15.79932 ], [ -47.92335, -15.80196 ] ] ], [ [ [ -47.92563, -15.79826 ], [ -47.92787, -15.79964 ], [ -47.92846, -15.79868 ], [ -47.92563, -15.79826 ] ] ], [ [ [ -47.92499, -15.79929 ], [ -47.92563, -15.79826 ], [ -47.92618, -15.79737 ], [ -47.92358, -15.79659 ], [ -47.92499, -15.79929 ] ] ], [ [ [ -47.92802, -15.79762 ], [ -47.92844, -15.79698 ], [ -47.9276, -15.79661 ], [ -47.92725, -15.79717 ], [ -47.92802, -15.79762 ] ] ], [ [ [ -47.92934, -15.7966 ], [ -47.92881, -15.7963 ], [ -47.9286, -15.79707 ], [ -47.92934, -15.7966 ] ] ] ] } },
{ "type": "Feature", "properties": { "cluster": 1031.0, "hvi": 0.1158, "population": 3000, "setores": 8, "municipio": "Brasília" }, "geometry": { "type": "MultiPolygon", "coordinates": [ [ [ [ -47.92335, -15.80196 ], [ -47.9211, -15.80295 ], [ -47.92232, -15.80366 ], [ -47.92335, -15.80196 ] ] ], [ [ [ -47.92437, -15.80029 ], [ -47.9246, -15.80273 ], [ -47.92544, -15.80091 ], [ -47.92437, -15.80029 ] ] ], [ [ [ -47.92269, -15.79932 ], [ -47.9211, -15.80123 ], [ -47.92196, -15.80169 ], [ -47.92269, -15.79932 ] ] ], [ [ [ -47.9234, -15.79866 ], [ -47.92773, -15.79484 ], [ -47.92405, -15.79472 ], [ -47.92203, -15.79812 ], [ -47.92437, -15.80029 ], [ -47.92499, -15.79929 ], [ -47.9234, -15.79866 ] ] ], [ [ [ -47.92108, -15.7959 ], [ -47.91892, -15.79714 ], [ -47.92166, -15.79872 ], [ -47.92108, -15.7959 ] ] ], [ [ [ -47.92736, -15.79545 ], [ -47.92725, -15.79717 ], [ -47.92805, -15.79587 ], [ -47.92736, -15.79545 ] ] ], [ [ [ -47.92773, -15.79484 ], [ -47.92881, -15.7963 ], [ -47.9292, -15.79569 ], [ -47.92773, -15.79484 ] ] ] ] } },
{ "type": "Feature", "properties": { "cluster": 1032.0, "hvi": 0.119, "population": 2314, "setores": 5, "municipio": "Brasília" }, "geometry": { "type": "MultiPolygon", "coordinates": [ [ [ [ -47.93067, -15.79955 ], [ -47.93189, -15.79812 ], [ -47.93176, -15.7997 ], [ -47.93347, -15.79659 ], [ -47.93348, -15.79376 ], [ -47.93069, -15.79653 ], [ -47.93201, -15.79656 ], [ -47.9319, -15.79803 ], [ -47.9293, -15.79878 ], [ -47.93197, -15.8018 ], [ -47.93272, -15.8007 ], [ -47.93067, -15.79955 ] ] ], [ [ [ -47.93015, -15.79741 ], [ -47.93159, -15.79777 ], [ -47.93201, -15.79656 ], [ -47.93015, -15.79741 ] ] ] ] } },
{ "type": "Feature", "properties": { "cluster": 1033.0, "hvi": 0.1216, "population": 515, "setores": 1, "municipio": "Brasília" }, "geometry": { "type": "Polygon", "coordinates": [ [ [ -47.93006, -15.79027 ], [ -47.9287, -15.7929 ], [ -47.93124, -15.79377 ], [ -47.93006, -15.79027 ] ] ] } },
{ "type": "Feature", "properties": { "cluster": 1034.0, "hvi": 0.1135, "population": 2931, "setores": 8, "municipio": "Brasília" }, "geometry": { "type": "MultiPolygon", "coordinates": [ [ [ [ -47.93411, -15.79344 ], [ -47.93525, -15.79312 ], [ -47.93444, -15.79163 ], [ -47.93463, -15.79003 ], [ -47.93342, -15.78974 ], [ -47.93348, -15.79362 ], [ -47.9341, -15.79344 ], [ -47.93347, -15.79587 ], [ -47.93475, -15.79556 ], [ -47.93411, -15.79344 ] ] ], [ [ [ -47.93291, -15.79076 ], [ -47.93125, -15.794 ], [ -47.93348, -15.79376 ], [ -47.93291, -15.79076 ] ] ], [ [ [ -47.93598, -15.7929 ], [ -47.93471, -15.79116 ], [ -47.93525, -15.79312 ], [ -47.93598, -15.7929 ] ] ], [ [ [ -47.93117, -15.79165 ], [ -47.93291, -15.79076 ], [ -47.93191, -15.7894 ], [ -47.9316, -15.79035 ], [ -47.93043, -15.78993 ], [ -47.93049, -15.79155 ], [ -47.93135, -15.79112 ], [ -47.93117, -15.79165 ] ] ], [ [ [ -47.93138, -15.78924 ], [ -47.92941, -15.78906 ], [ -47.92956, -15.79044 ], [ -47.93138, -15.78924 ] ] ] ] } },
{ "type": "Feature", "properties": { "cluster": 1035.0, "hvi": 0.1084, "population": 275, "setores": 1, "municipio": "Brasília" }, "geometry": { "type": "Polygon", "coordinates": [ [ [ -47.93189, -15.78782 ], [ -47.93048, -15.79009 ], [ -47.9326, -15.78981 ], [ -47.93189, -15.78782 ] ] ] } },
{ "type": "Feature", "properties": { "cluster": 1036.0, "hvi": 0.1174, "population": 2934, "setores": 7, "municipio": "Brasília" }, "geometry": { "type": "MultiPolygon", "coordinates": [ [ [ [ -47.9211, -15.80295 ], [ -47.92146, -15.79967 ], [ -47.91941, -15.79905 ], [ -47.91997, -15.79775 ], [ -47.91892, -15.79714 ], [ -47.91936, -15.79903 ], [ -47.91686, -15.80051 ], [ -47.9211, -15.80295 ] ] ], [ [ [ -47.91356, -15.79822 ], [ -47.91686, -15.80051 ], [ -47.91635, -15.79844 ], [ -47.91764, -15.79924 ], [ -47.91822, -15.79668 ], [ -47.91356, -15.79822 ] ] ], [ [ [ -47.91997, -15.79775 ], [ -47.92117, -15.79952 ], [ -47.92166, -15.79872 ], [ -47.91997, -15.79775 ] ] ] ] } },
{ "type": "Feature", "properties": { "cluster": 1037.0, "hvi": 0.1122, "population": 3000, "setores": 10, "municipio": "Brasília" }, "geometry": { "type": "MultiPolygon", "coordinates": [ [ [ [ -47.92913, -15.79737 ], [ -47.92912, -15.79907 ], [ -47.92989, -15.7978 ], [ -47.92913, -15.79737 ] ] ], [ [ [ -47.92913, -15.79737 ], [ -47.92849, -15.79787 ], [ -47.92852, -15.79871 ], [ -47.92913, -15.79737 ] ] ], [ [ [ -47.92689, -15.79777 ], [ -47.92849, -15.79787 ], [ -47.92725, -15.79717 ], [ -47.92689, -15.79777 ] ] ], [ [ [ -47.9286, -15.79707 ], [ -47.92968, -15.7971 ], [ -47.92989, -15.7978 ], [ -47.93032, -15.79712 ], [ -47.9292, -15.79569 ], [ -47.9286, -15.79707 ] ] ], [ [ [ -47.92805, -15.79587 ], [ -47.92844, -15.79698 ], [ -47.92881, -15.7963 ], [ -47.92805, -15.79587 ] ] ], [ [ [ -47.92918, -15.79444 ], [ -47.9292, -15.79499 ], [ -47.93069, -15.79653 ], [ -47.93125, -15.79422 ], [ -47.92918, -15.79444 ] ] ], [ [ [ -47.92918, -15.79444 ], [ -47.9292, -15.79297 ], [ -47.9287, -15.7929 ], [ -47.92918, -15.79444 ] ] ] ] } },
{ "type": "Feature", "properties": { "cluster": 1038.0, "hvi": 0.1148, "population": 2772, "setores": 7, "municipio": "Brasília" }, "geometry": { "type": "MultiPolygon", "coordinates": [ [ [ [ -47.93189, -15.78782 ], [ -47.9316, -15.78699 ], [ -47.92941, -15.78906 ], [ -47.93189, -15.78782 ] ] ], [ [ [ -47.92956, -15.78736 ], [ -47.92847, -15.78553 ], [ -47.93099, -15.78525 ], [ -47.92821, -15.78477 ], [ -47.93059, -15.78408 ], [ -47.93022, -15.78301 ], [ -47.92598, -15.78541 ], [ -47.92956, -15.78736 ] ] ], [ [ [ -47.93099, -15.78525 ], [ -47.9295, -15.78713 ], [ -47.9316, -15.78699 ], [ -47.93099, -15.78525 ] ] ], [ [ [ -47.92924, -15.78012 ], [ -47.92454, -15.78162 ], [ -47.92533, -15.78406 ], [ -47.93022, -15.78301 ], [ -47.92924, -15.78012 ] ] ] ] } },
{ "type": "Feature", "properties": { "cluster": 1039.0, "hvi": 0.1225, "population": 501, "setores": 1, "municipio": "Brasília" }, "geometry": { "type": "Polygon", "coordinates": [ [ [ -47.93449, -15.80457 ], [ -47.93486, -15.80681 ], [ -47.93582, -15.8054 ], [ -47.93449, -15.80457 ] ] ] } },
{ "type": "Feature", "properties": { "cluster": 1040.0, "hvi": 0.1403, "population": 2513, "setores": 3, "municipio": "Brasília" }, "geometry": { "type": "MultiPolygon", "coordinates": [ [ [ [ -47.93148, -15.80806 ], [ -47.9355, -15.80949 ], [ -47.93676, -15.80763 ], [ -47.93365, -15.80595 ], [ -47.93449, -15.80457 ], [ -47.93318, -15.80374 ], [ -47.93359, -15.80592 ], [ -47.93296, -15.80558 ], [ -47.93148, -15.80806 ] ] ], [ [ [ -47.93754, -15.80648 ], [ -47.93582, -15.8054 ], [ -47.93676, -15.80763 ], [ -47.93754, -15.80648 ] ] ] ] } },
{ "type": "Feature", "properties": { "cluster": 1041.0, "hvi": 0.1333, "population": 725, "setores": 1, "municipio": "Brasília" }, "geometry": { "type": "Polygon", "coordinates": [ [ [ -47.92071, -15.79421 ], [ -47.9218, -15.79683 ], [ -47.92271, -15.79535 ], [ -47.92071, -15.79421 ] ] ] } },
{ "type": "Feature", "properties": { "cluster": 1042.0, "hvi": 0.1141, "population": 2396, "setores": 8, "municipio": "Brasília" }, "geometry": { "type": "MultiPolygon", "coordinates": [ [ [ [ -47.92238, -15.79833 ], [ -47.92344, -15.79579 ], [ -47.92279, -15.7954 ], [ -47.92271, -15.79535 ], [ -47.92238, -15.79833 ] ] ], [ [ [ -47.92344, -15.79579 ], [ -47.92405, -15.79472 ], [ -47.92332, -15.79453 ], [ -47.92344, -15.79579 ] ] ], [ [ [ -47.92279, -15.7954 ], [ -47.92332, -15.79453 ], [ -47.92272, -15.79425 ], [ -47.92279, -15.7954 ] ] ], [ [ [ -47.92007, -15.79523 ], [ -47.92071, -15.79421 ], [ -47.92013, -15.79379 ], [ -47.92007, -15.79523 ] ] ], [ [ [ -47.92219, -15.79506 ], [ -47.92272, -15.79425 ], [ -47.92089, -15.79281 ], [ -47.92219, -15.79506 ] ] ], [ [ [ -47.91899, -15.79464 ], [ -47.92013, -15.79379 ], [ -47.9198, -15.79315 ], [ -47.91899, -15.79464 ] ] ], [ [ [ -47.9198, -15.79315 ], [ -47.92089, -15.79281 ], [ -47.92022, -15.79162 ], [ -47.9198, -15.79315 ] ] ], [ [ [ -47.91939, -15.79186 ], [ -47.92022, -15.79162 ], [ -47.91983, -15.79043 ], [ -47.91939, -15.79186 ] ] ] ] } },
{ "type": "Feature", "properties": { "cluster": 1043.0, "hvi": 0.1206, "population": 2764, "setores": 6, "municipio": "Brasília" }, "geometry": { "type": "MultiPolygon", "coordinates": [ [ [ [ -47.91818, -15.79528 ], [ -47.91856, -15.79497 ], [ -47.91797, -15.79462 ], [ -47.91818, -15.79528 ] ] ], [ [ [ -47.9198, -15.79315 ], [ -47.9183, -15.7928 ], [ -47.91659, -15.79417 ], [ -47.9198, -15.79315 ] ] ], [ [ [ -47.91769, -15.79109 ], [ -47.91983, -15.79043 ], [ -47.91958, -15.78968 ], [ -47.91895, -15.78781 ], [ -47.9173, -15.7904 ], [ -47.91634, -15.79342 ], [ -47.9183, -15.7928 ], [ -47.91769, -15.79109 ] ], [ [ -47.91768, -15.79108 ], [ -47.91742, -15.79036 ], [ -47.91958, -15.78968 ], [ -47.91768, -15.79108 ] ] ], [ [ [ -47.91553, -15.79098 ], [ -47.91666, -15.78854 ], [ -47.91491, -15.78909 ], [ -47.91553, -15.79098 ] ] ] ] } },
{ "type": "Feature", "properties": { "cluster": 1044.0, "hvi": 0.1116, "population": 2531, "setores": 15, "municipio": "Brasília" }, "geometry": { "type": "MultiPolygon", "coordinates": [ [ [ [ -47.91718, -15.79599 ], [ -47.91402, -15.78657 ], [ -47.90848, -15.78847 ], [ -47.91126, -15.79661 ], [ -47.91751, -15.79697 ], [ -47.91751, -15.79696 ], [ -47.91939, -15.79638 ], [ -47.91718, -15.79599 ] ] ], [ [ [ -47.91864, -15.79352 ], [ -47.91871, -15.79583 ], [ -47.91982, -15.79567 ], [ -47.91864, -15.79352 ] ] ], [ [ [ -47.91818, -15.79528 ], [ -47.91797, -15.79462 ], [ -47.91718, -15.79599 ], [ -47.91818, -15.79528 ] ] ], [ [ [ -47.91797, -15.79462 ], [ -47.9177, -15.79382 ], [ -47.91685, -15.79497 ], [ -47.91797, -15.79462 ] ] ], [ [ [ -47.90989, -15.77166 ], [ -47.90706, -15.77141 ], [ -47.90972, -15.73746 ], [ -47.90606, -15.73633 ], [ -47.89767, -15.77058 ], [ -47.89598, -15.77043 ], [ -47.89502, -15.77588 ], [ -47.8916, -15.77546 ], [ -47.89062, -15.78072 ], [ -47.88837, -15.78003 ], [ -47.88764, -15.7813 ], [ -47.88411, -15.78065 ], [ -47.8841, -15.78349 ], [ -47.88319, -15.78098 ], [ -47.88058, -15.7809 ], [ -47.88053, -15.78362 ], [ -47.87384, -15.78344 ], [ -47.87604, -15.79604 ], [ -47.88215, -15.79414 ], [ -47.88203, -15.79332 ], [ -47.88559, -15.80085 ], [ -47.89453, -15.79592 ], [ -47.89845, -15.79081 ], [ -47.9103, -15.78774 ], [ -47.90989, -15.77166 ] ], [ [ -47.88279, -15.79173 ], [ -47.88183, -15.79202 ], [ -47.88053, -15.78362 ], [ -47.88279, -15.79173 ] ], [ [ -47.88896, -15.78985 ], [ -47.88832, -15.78789 ], [ -47.89725, -15.78733 ], [ -47.88896, -15.78985 ] ], [ [ -47.88606, -15.79073 ], [ -47.88467, -15.79116 ], [ -47.88832, -15.78789 ], [ -47.88606, -15.79073 ] ] ] ] } },
{ "type": "Feature", "properties": { "cluster": 1045.0, "hvi": 0.1171, "population": 2578, "setores": 6, "municipio": "Brasília" }, "geometry": { "type": "MultiPolygon", "coordinates": [ [ [ [ -48.01721, -15.84168 ], [ -48.00833, -15.8362 ], [ -48.00972, -15.83569 ], [ -48.00929, -15.83419 ], [ -48.0081, -15.83605 ], [ -48.00528, -15.83432 ], [ -48.00367, -15.83801 ], [ -48.01237, -15.84167 ], [ -48.01721, -15.84168 ] ] ], [ [ [ -48.00972, -15.83569 ], [ -48.01073, -15.83553 ], [ -48.00994, -15.83405 ], [ -48.00972, -15.83569 ] ] ], [ [ [ -48.01129, -15.83339 ], [ -48.00888, -15.83287 ], [ -48.0086, -15.8344 ], [ -48.01129, -15.83339 ] ] ], [ [ [ -48.00993, -15.83051 ], [ -48.0115, -15.83257 ], [ -48.01223, -15.83166 ], [ -48.00993, -15.83051 ] ] ] ] } },
{ "type": "Feature", "properties": { "cluster": 1046.0, "hvi": 0.1383, "population": 1718, "setores": 2, "municipio": "Brasília" }, "geometry": { "type": "MultiPolygon", "coordinates": [ [ [ [ -48.00952, -15.83317 ], [ -48.00999, -15.83213 ], [ -48.00946, -15.83189 ], [ -48.00952, -15.83317 ] ] ], [ [ [ -48.00946, -15.83189 ], [ -48.01084, -15.8314 ], [ -48.00975, -15.83093 ], [ -48.00946, -15.83189 ] ] ] ] } },
{ "type": "Feature", "properties": { "cluster": 1047.0, "hvi": 0.1104, "population": 2790, "setores": 9, "municipio": "Brasília" }, "geometry": { "type": "MultiPolygon", "coordinates": [ [ [ [ -48.01426, -15.83077 ], [ -48.01223, -15.83166 ], [ -48.01287, -15.83209 ], [ -48.01426, -15.83077 ] ] ], [ [ [ -48.01223, -15.83166 ], [ -48.01297, -15.82856 ], [ -48.01258, -15.83012 ], [ -48.01162, -15.82964 ], [ -48.01223, -15.83166 ] ] ], [ [ [ -48.01133, -15.83033 ], [ -48.01147, -15.82959 ], [ -48.0123, -15.82826 ], [ -48.01047, -15.82932 ], [ -48.01104, -15.83097 ], [ -48.01133, -15.83033 ] ], [ [ -48.01133, -15.83033 ], [ -48.01116, -15.8295 ], [ -48.01118, -15.82951 ], [ -48.01133, -15.83033 ] ] ], [ [ [ -48.0142, -15.82917 ], [ -48.01502, -15.83105 ], [ -48.01564, -15.82967 ], [ -48.0142, -15.82917 ] ] ], [ [ [ -48.01328, -15.82878 ], [ -48.01358, -15.83056 ], [ -48.0142, -15.82917 ], [ -48.01328, -15.82878 ] ] ] ] } },
{ "type": "Feature", "properties": { "cluster": 1048.0, "hvi": 0.1241, "population": 1173, "setores": 2, "municipio": "Brasília" }, "geometry": { "type": "MultiPolygon", "coordinates": [ [ [ [ -48.0128, -15.83346 ], [ -48.01374, -15.83248 ], [ -48.01223, -15.83166 ], [ -48.0128, -15.83346 ] ] ], [ [ [ -48.01374, -15.83248 ], [ -48.01425, -15.83142 ], [ -48.01336, -15.83102 ], [ -48.01374, -15.83248 ] ] ] ] } },
{ "type": "Feature", "properties": { "cluster": 1049.0, "hvi": 0.1375, "population": 1700, "setores": 2, "municipio": "Brasília" }, "geometry": { "type": "MultiPolygon", "coordinates": [ [ [ [ -48.01021, -15.83558 ], [ -48.0105, -15.83719 ], [ -48.01157, -15.83715 ], [ -48.01021, -15.83558 ] ] ], [ [ [ -48.01073, -15.83553 ], [ -48.01122, -15.83553 ], [ -48.01127, -15.83396 ], [ -48.01073, -15.83553 ] ] ] ] } },
{ "type": "Feature", "properties": { "cluster": 1050.0, "hvi": 0.1135, "population": 2963, "setores": 8, "municipio": "Brasília" }, "geometry": { "type": "MultiPolygon", "coordinates": [ [ [ [ -48.01026, -15.8382 ], [ -48.01092, -15.83906 ], [ -48.01124, -15.83827 ], [ -48.01026, -15.8382 ] ] ], [ [ [ -48.01026, -15.83878 ], [ -48.01017, -15.83726 ], [ -48.00839, -15.83793 ], [ -48.01026, -15.83878 ] ] ], [ [ [ -48.01213, -15.83854 ], [ -48.01201, -15.83554 ], [ -48.01161, -15.83554 ], [ -48.01195, -15.83716 ], [ -48.01122, -15.83714 ], [ -48.01213, -15.83854 ] ] ], [ [ [ -48.01021, -15.83558 ], [ -48.01017, -15.83726 ], [ -48.0105, -15.83719 ], [ -48.01021, -15.83558 ] ] ], [ [ [ -48.01226, -15.83399 ], [ -48.0101, -15.83337 ], [ -48.01018, -15.83403 ], [ -48.01128, -15.83401 ], [ -48.01161, -15.83554 ], [ -48.01165, -15.834 ], [ -48.01201, -15.83554 ], [ -48.01226, -15.83399 ] ] ] ] } },
{ "type": "Feature", "properties": { "cluster": 1051.0, "hvi": 0.1165, "population": 1741, "setores": 4, "municipio": "Brasília" }, "geometry": { "type": "MultiPolygon", "coordinates": [ [ [ [ -48.01266, -15.83854 ], [ -48.01124, -15.83827 ], [ -48.01261, -15.8397 ], [ -48.01266, -15.83854 ] ] ], [ [ [ -48.01478, -15.83748 ], [ -48.01272, -15.83719 ], [ -48.01406, -15.83898 ], [ -48.01478, -15.83748 ] ] ], [ [ [ -48.01272, -15.83719 ], [ -48.01217, -15.83717 ], [ -48.01266, -15.83854 ], [ -48.01272, -15.83719 ] ] ], [ [ [ -48.01277, -15.83558 ], [ -48.01201, -15.83554 ], [ -48.01274, -15.83654 ], [ -48.01277, -15.83558 ] ] ] ] } },
{ "type": "Feature", "properties": { "cluster": 1052.0, "hvi": 0.1298, "population": 2784, "setores": 4, "municipio": "Brasília" }, "geometry": { "type": "MultiPolygon", "coordinates": [ [ [ [ -48.01648, -15.83648 ], [ -48.01551, -15.83604 ], [ -48.01581, -15.83792 ], [ -48.01648, -15.83648 ] ] ], [ [ [ -48.01453, -15.83575 ], [ -48.01277, -15.83558 ], [ -48.01417, -15.83729 ], [ -48.01453, -15.83575 ] ] ], [ [ [ -48.01551, -15.83604 ], [ -48.01453, -15.83575 ], [ -48.0151, -15.8369 ], [ -48.01551, -15.83604 ] ] ], [ [ [ -48.0128, -15.834 ], [ -48.01204, -15.83398 ], [ -48.01277, -15.83558 ], [ -48.0128, -15.834 ] ] ] ] } },
{ "type": "Feature", "properties": { "cluster": 1053.0, "hvi": 0.1138, "population": 2671, "setores": 7, "municipio": "Brasília" }, "geometry": { "type": "MultiPolygon", "coordinates": [ [ [ [ -48.01716, -15.83502 ], [ -48.01773, -15.83377 ], [ -48.01613, -15.83458 ], [ -48.01716, -15.83502 ] ] ], [ [ [ -48.01528, -15.83371 ], [ -48.01613, -15.83458 ], [ -48.01634, -15.83407 ], [ -48.01528, -15.83371 ] ] ], [ [ [ -48.01557, -15.83311 ], [ -48.0162, -15.83171 ], [ -48.01426, -15.83077 ], [ -48.01479, -15.83291 ], [ -48.01557, -15.83311 ] ] ], [ [ [ -48.01564, -15.82967 ], [ -48.01634, -15.83181 ], [ -48.01705, -15.83026 ], [ -48.01564, -15.82967 ] ] ], [ [ [ -48.01567, -15.8288 ], [ -48.01809, -15.83069 ], [ -48.0183, -15.83025 ], [ -48.01567, -15.8288 ] ] ], [ [ [ -48.0136, -15.82794 ], [ -48.01534, -15.82953 ], [ -48.01567, -15.8288 ], [ -48.0136, -15.82794 ] ] ] ] } },
{ "type": "Feature", "properties": { "cluster": 1054.0, "hvi": 0.1272, "population": 2589, "setores": 4, "municipio": "Brasília" }, "geometry": { "type": "MultiPolygon", "coordinates": [ [ [ [ -48.01593, -15.83976 ], [ -48.01494, -15.83936 ], [ -48.01538, -15.84089 ], [ -48.01593, -15.83976 ] ] ], [ [ [ -48.01442, -15.84047 ], [ -48.01494, -15.83936 ], [ -48.01261, -15.8397 ], [ -48.01442, -15.84047 ] ] ], [ [ [ -48.01566, -15.83786 ], [ -48.01478, -15.83748 ], [ -48.01545, -15.83956 ], [ -48.01566, -15.83786 ] ] ], [ [ [ -48.01559, -15.83711 ], [ -48.01472, -15.83676 ], [ -48.01532, -15.83771 ], [ -48.01559, -15.83711 ] ] ] ] } },
{ "type": "Feature", "properties": { "cluster": 1055.0, "hvi": 0.1062, "population": 468, "setores": 2, "municipio": "Brasília" }, "geometry": { "type": "MultiPolygon", "coordinates": [ [ [ [ -48.01627, -15.83565 ], [ -48.01639, -15.8354 ], [ -48.01589, -15.83519 ], [ -48.01627, -15.83565 ] ] ], [ [ [ -48.01639, -15.8354 ], [ -48.01666, -15.8348 ], [ -48.01617, -15.83459 ], [ -48.01639, -15.8354 ] ] ] ] } },
{ "type": "Feature", "properties": { "cluster": 1056.0, "hvi": 0.1458, "population": 962, "setores": 1, "municipio": "Brasília" }, "geometry": { "type": "Polygon", "coordinates": [ [ [ -48.01823, -15.83267 ], [ -48.01568, -15.83287 ], [ -48.01773, -15.83377 ], [ -48.01823, -15.83267 ] ] ] } },
{ "type": "Feature", "properties": { "cluster": 1057.0, "hvi": 0.1245, "population": 2876, "setores": 5, "municipio": "Brasília" }, "geometry": { "type": "MultiPolygon", "coordinates": [ [ [ [ -48.01805, -15.83715 ], [ -48.01871, -15.83569 ], [ -48.01648, -15.83675 ], [ -48.01805, -15.83715 ] ] ], [ [ [ -48.01648, -15.83648 ], [ -48.01775, -15.83528 ], [ -48.016, -15.83626 ], [ -48.01648, -15.83648 ] ] ], [ [ [ -48.01921, -15.8344 ], [ -48.01773, -15.83377 ], [ -48.01865, -15.83567 ], [ -48.01921, -15.8344 ] ] ], [ [ [ -48.01823, -15.83267 ], [ -48.02018, -15.83483 ], [ -48.02047, -15.83406 ], [ -48.02144, -15.83447 ], [ -48.01823, -15.83267 ] ] ] ] } },
{ "type": "Feature", "properties": { "cluster": 1058.0, "hvi": 0.1315, "population": 2183, "setores": 3, "municipio": "Brasília" }, "geometry": { "type": "MultiPolygon", "coordinates": [ [ [ [ -48.01789, -15.83883 ], [ -48.01843, -15.83906 ], [ -48.01912, -15.83761 ], [ -48.01789, -15.83883 ] ] ], [ [ [ -48.01977, -15.83616 ], [ -48.0212, -15.83678 ], [ -48.02144, -15.83447 ], [ -48.01907, -15.83586 ], [ -48.01874, -15.83745 ], [ -48.01977, -15.83616 ] ] ] ] } },
{ "type": "Feature", "properties": { "cluster": 1059.0, "hvi": 0.1228, "population": 1151, "setores": 2, "municipio": "Brasília" }, "geometry": { "type": "MultiPolygon", "coordinates": [ [ [ [ -48.0168, -15.84014 ], [ -48.01725, -15.83916 ], [ -48.01639, -15.83878 ], [ -48.0168, -15.84014 ] ] ], [ [ [ -48.01789, -15.83883 ], [ -48.01663, -15.83828 ], [ -48.01639, -15.83878 ], [ -48.01789, -15.83883 ] ] ] ] } },
{ "type": "Feature", "properties": { "cluster": 1060.0, "hvi": 0.1139, "population": 2689, "setores": 7, "municipio": "Brasília" }, "geometry": { "type": "MultiPolygon", "coordinates": [ [ [ [ -48.01657, -15.83783 ], [ -48.01597, -15.83757 ], [ -48.01641, -15.83819 ], [ -48.01657, -15.83783 ] ] ], [ [ [ -48.01851, -15.83735 ], [ -48.01805, -15.83715 ], [ -48.01648, -15.83648 ], [ -48.01736, -15.83859 ], [ -48.01851, -15.83735 ] ] ], [ [ [ -48.01609, -15.83733 ], [ -48.01657, -15.83783 ], [ -48.01668, -15.83758 ], [ -48.01609, -15.83733 ] ] ], [ [ [ -48.01871, -15.83569 ], [ -48.0184, -15.83729 ], [ -48.01907, -15.83586 ], [ -48.01871, -15.83569 ] ] ], [ [ [ -48.01969, -15.83462 ], [ -48.01958, -15.83608 ], [ -48.02018, -15.83483 ], [ -48.01969, -15.83462 ] ] ], [ [ [ -48.01921, -15.8344 ], [ -48.01911, -15.83587 ], [ -48.01969, -15.83462 ], [ -48.01921, -15.8344 ] ] ] ] } },
{ "type": "Feature", "properties": { "cluster": 1061.0, "hvi": 0.1173, "population": 2729, "setores": 6, "municipio": "Brasília" }, "geometry": { "type": "MultiPolygon", "coordinates": [ [ [ [ -48.01774, -15.84056 ], [ -48.01593, -15.83976 ], [ -48.01721, -15.84168 ], [ -48.01774, -15.84056 ] ] ], [ [ [ -48.01843, -15.83906 ], [ -48.01722, -15.84033 ], [ -48.01774, -15.84056 ], [ -48.01843, -15.83906 ] ] ], [ [ [ -48.02094, -15.83841 ], [ -48.02099, -15.84017 ], [ -48.02201, -15.83888 ], [ -48.02094, -15.83841 ] ] ], [ [ [ -48.02094, -15.83841 ], [ -48.02056, -15.83826 ], [ -48.02028, -15.83985 ], [ -48.02094, -15.83841 ] ] ], [ [ [ -48.02056, -15.83826 ], [ -48.01843, -15.83906 ], [ -48.01989, -15.83969 ], [ -48.02056, -15.83826 ] ] ], [ [ [ -48.01566, -15.83786 ], [ -48.01593, -15.83976 ], [ -48.01663, -15.83828 ], [ -48.01566, -15.83786 ] ] ] ] } },
{ "type": "Feature", "properties": { "cluster": 1062.0, "hvi": 0.1148, "population": 2626, "setores": 7, "municipio": "Brasília" }, "geometry": { "type": "MultiPolygon", "coordinates": [ [ [ [ -48.02154, -15.84219 ], [ -48.02222, -15.8407 ], [ -48.02106, -15.84198 ], [ -48.02154, -15.84219 ] ] ], [ [ [ -48.02222, -15.8407 ], [ -48.02298, -15.84164 ], [ -48.02322, -15.84113 ], [ -48.02222, -15.8407 ] ] ], [ [ [ -48.02349, -15.84053 ], [ -48.02453, -15.84154 ], [ -48.02466, -15.8409 ], [ -48.02349, -15.84053 ] ] ], [ [ [ -48.01872, -15.8398 ], [ -48.01874, -15.84099 ], [ -48.01918, -15.84 ], [ -48.01872, -15.8398 ] ] ], [ [ [ -48.01989, -15.83969 ], [ -48.02152, -15.841 ], [ -48.02175, -15.8405 ], [ -48.01989, -15.83969 ] ] ], [ [ [ -48.01821, -15.83959 ], [ -48.01828, -15.84079 ], [ -48.01872, -15.8398 ], [ -48.01821, -15.83959 ] ] ], [ [ [ -48.01843, -15.83906 ], [ -48.01965, -15.8402 ], [ -48.01989, -15.83969 ], [ -48.01843, -15.83906 ] ] ] ] } },
{ "type": "Feature", "properties": { "cluster": 1063.0, "hvi": 0.1252, "population": 1818, "setores": 3, "municipio": "Brasília" }, "geometry": { "type": "MultiPolygon", "coordinates": [ [ [ [ -48.01871, -15.8423 ], [ -48.01965, -15.84138 ], [ -48.01774, -15.84056 ], [ -48.01871, -15.8423 ] ] ], [ [ [ -48.02152, -15.841 ], [ -48.0201, -15.84039 ], [ -48.02106, -15.84198 ], [ -48.02152, -15.841 ] ] ], [ [ [ -48.0201, -15.84039 ], [ -48.01918, -15.84 ], [ -48.01965, -15.84138 ], [ -48.0201, -15.84039 ] ] ] ] } },
{ "type": "Feature", "properties": { "cluster": 1064.0, "hvi": 0.1361, "population": 2427, "setores": 3, "municipio": "Brasília" }, "geometry": { "type": "MultiPolygon", "coordinates": [ [ [ [ -48.02206, -15.84063 ], [ -48.02305, -15.83757 ], [ -48.02161, -15.83696 ], [ -48.02235, -15.83904 ], [ -48.02206, -15.84063 ] ] ], [ [ [ -48.02161, -15.83696 ], [ -48.02049, -15.83648 ], [ -48.02056, -15.83826 ], [ -48.02161, -15.83696 ] ] ] ] } },
{ "type": "Feature", "properties": { "cluster": 1065.0, "hvi": 0.114, "population": 751, "setores": 2, "municipio": "Brasília" }, "geometry": { "type": "MultiPolygon", "coordinates": [ [ [ [ -48.02271, -15.8392 ], [ -48.02371, -15.83857 ], [ -48.02277, -15.83816 ], [ -48.02271, -15.8392 ] ] ], [ [ [ -48.02371, -15.83857 ], [ -48.02397, -15.83796 ], [ -48.02305, -15.83757 ], [ -48.02371, -15.83857 ] ] ] ] } },
{ "type": "Feature", "properties": { "cluster": 1066.0, "hvi": 0.1181, "population": 2791, "setores": 6, "municipio": "Brasília" }, "geometry": { "type": "MultiPolygon", "coordinates": [ [ [ [ -48.02526, -15.84083 ], [ -48.02456, -15.83822 ], [ -48.02329, -15.83945 ], [ -48.02526, -15.84083 ] ], [ [ -48.02436, -15.83977 ], [ -48.02393, -15.83964 ], [ -48.02456, -15.83822 ], [ -48.02436, -15.83977 ] ], [ [ -48.02481, -15.83991 ], [ -48.0244, -15.83978 ], [ -48.02471, -15.83925 ], [ -48.02481, -15.83991 ] ] ], [ [ [ -48.02271, -15.8392 ], [ -48.02264, -15.84088 ], [ -48.02329, -15.83945 ], [ -48.02271, -15.8392 ] ] ], [ [ [ -48.02301, -15.83857 ], [ -48.02329, -15.83945 ], [ -48.02359, -15.83882 ], [ -48.02301, -15.83857 ] ] ] ] } },
{ "type": "Feature", "properties": { "cluster": 1067.0, "hvi": 0.1162, "population": 2972, "setores": 8, "municipio": "Brasília" }, "geometry": { "type": "MultiPolygon", "coordinates": [ [ [ [ -48.02383, -15.84339 ], [ -48.02429, -15.84464 ], [ -48.02478, -15.8436 ], [ -48.02383, -15.84339 ] ] ], [ [ [ -48.02357, -15.84283 ], [ -48.02202, -15.84368 ], [ -48.0234, -15.84346 ], [ -48.02342, -15.84427 ], [ -48.02383, -15.84339 ], [ -48.02357, -15.84283 ] ] ], [ [ [ -48.02477, -15.84241 ], [ -48.02478, -15.8436 ], [ -48.02523, -15.84261 ], [ -48.02477, -15.84241 ] ] ], [ [ [ -48.02467, -15.84156 ], [ -48.02523, -15.84261 ], [ -48.02556, -15.84164 ], [ -48.02467, -15.84156 ] ] ], [ [ [ -48.02198, -15.84122 ], [ -48.02309, -15.84286 ], [ -48.02393, -15.84205 ], [ -48.02198, -15.84122 ] ] ], [ [ [ -48.02322, -15.84113 ], [ -48.02393, -15.84205 ], [ -48.0242, -15.84146 ], [ -48.02322, -15.84113 ] ] ], [ [ [ -48.0259, -15.84119 ], [ -48.02453, -15.84154 ], [ -48.0259, -15.84165 ], [ -48.0259, -15.84119 ] ] ] ] } },
{ "type": "Feature", "properties": { "cluster": 1068.0, "hvi": 0.1521, "population": 1138, "setores": 1, "municipio": "Brasília" }, "geometry": { "type": "Polygon", "coordinates": [ [ [ -48.02703, -15.84457 ], [ -48.02202, -15.84368 ], [ -48.02149, -15.84484 ], [ -48.02606, -15.84668 ], [ -48.02703, -15.84457 ] ] ] } },
{ "type": "Feature", "properties": { "cluster": 1069.0, "hvi": 0.1298, "population": 2815, "setores": 4, "municipio": "Brasília" }, "geometry": { "type": "MultiPolygon", "coordinates": [ [ [ [ -48.02653, -15.84317 ], [ -48.02523, -15.84261 ], [ -48.02607, -15.84416 ], [ -48.02653, -15.84317 ] ] ], [ [ [ -48.02749, -15.84359 ], [ -48.0277, -15.84163 ], [ -48.02696, -15.84165 ], [ -48.02674, -15.84264 ], [ -48.02749, -15.84359 ] ] ], [ [ [ -48.02634, -15.84166 ], [ -48.02587, -15.84007 ], [ -48.02523, -15.84116 ], [ -48.02634, -15.84166 ] ] ] ] } },
{ "type": "Feature", "properties": { "cluster": 1070.0, "hvi": 0.12, "population": 2560, "setores": 5, "municipio": "Brasília" }, "geometry": { "type": "MultiPolygon", "coordinates": [ [ [ [ -48.03001, -15.84302 ], [ -48.02997, -15.84231 ], [ -48.02773, -15.84308 ], [ -48.03001, -15.84302 ] ] ], [ [ [ -48.02997, -15.84231 ], [ -48.02997, -15.84158 ], [ -48.02772, -15.84234 ], [ -48.02997, -15.84231 ] ] ], [ [ [ -48.02685, -15.84165 ], [ -48.02683, -15.84099 ], [ -48.02634, -15.84166 ], [ -48.02685, -15.84165 ] ] ], [ [ [ -48.02767, -15.84005 ], [ -48.02685, -15.84165 ], [ -48.0277, -15.84163 ], [ -48.02767, -15.84005 ] ] ], [ [ [ -48.02763, -15.83845 ], [ -48.02678, -15.84006 ], [ -48.02767, -15.84005 ], [ -48.02763, -15.83845 ] ] ] ] } },
{ "type": "Feature", "properties": { "cluster": 1071.0, "hvi": 0.1297, "population": 2768, "setores": 4, "municipio": "Brasília" }, "geometry": { "type": "MultiPolygon", "coordinates": [ [ [ [ -48.02589, -15.84101 ], [ -48.02683, -15.84099 ], [ -48.02587, -15.84007 ], [ -48.02589, -15.84101 ] ] ], [ [ [ -48.02678, -15.84006 ], [ -48.02676, -15.83911 ], [ -48.02587, -15.84007 ], [ -48.02678, -15.84006 ] ] ], [ [ [ -48.02505, -15.83908 ], [ -48.02483, -15.83999 ], [ -48.02585, -15.83913 ], [ -48.02505, -15.83908 ] ] ], [ [ [ -48.02518, -15.83843 ], [ -48.02505, -15.83908 ], [ -48.02584, -15.83848 ], [ -48.02518, -15.83843 ] ] ] ] } },
{ "type": "Feature", "properties": { "cluster": 1072.0, "hvi": 0.1491, "population": 1054, "setores": 1, "municipio": "Brasília" }, "geometry": { "type": "Polygon", "coordinates": [ [ [ -48.02456, -15.83822 ], [ -48.02875, -15.83843 ], [ -48.02743, -15.83467 ], [ -48.02597, -15.83517 ], [ -48.02456, -15.83822 ] ] ] } },
{ "type": "Feature", "properties": { "cluster": 1073.0, "hvi": 0.1245, "population": 2907, "setores": 5, "municipio": "Brasília" }, "geometry": { "type": "MultiPolygon", "coordinates": [ [ [ [ -48.02867, -15.83646 ], [ -48.03018, -15.8371 ], [ -48.02798, -15.83563 ], [ -48.02797, -15.83509 ], [ -48.02747, -15.83714 ], [ -48.02904, -15.83712 ], [ -48.02867, -15.83646 ] ], [ [ -48.02834, -15.83632 ], [ -48.028, -15.83664 ], [ -48.02799, -15.83586 ], [ -48.02834, -15.83632 ] ] ], [ [ [ -48.0285, -15.83562 ], [ -48.02848, -15.83466 ], [ -48.02798, -15.83563 ], [ -48.0285, -15.83562 ] ] ], [ [ [ -48.0285, -15.83562 ], [ -48.03015, -15.83586 ], [ -48.03014, -15.83506 ], [ -48.0285, -15.83562 ] ] ] ] } },
{ "type": "Feature", "properties": { "cluster": 1074.0, "hvi": 0.1238, "population": 2381, "setores": 4, "municipio": "Brasília" }, "geometry": { "type": "MultiPolygon", "coordinates": [ [ [ [ -48.02855, -15.84473 ], [ -48.02658, -15.84552 ], [ -48.02755, -15.84594 ], [ -48.02855, -15.84473 ] ] ], [ [ [ -48.02855, -15.84473 ], [ -48.02887, -15.84419 ], [ -48.02898, -15.84423 ], [ -48.02896, -15.84305 ], [ -48.02749, -15.84359 ], [ -48.02653, -15.84317 ], [ -48.02795, -15.84448 ], [ -48.02823, -15.84391 ], [ -48.02855, -15.84473 ] ] ] ] } },
{ "type": "Feature", "properties": { "cluster": 1075.0, "hvi": 0.121, "population": 2690, "setores": 5, "municipio": "Brasília" }, "geometry": { "type": "MultiPolygon", "coordinates": [ [ [ [ -48.03565, -15.84132 ], [ -48.0348, -15.84028 ], [ -48.03073, -15.84004 ], [ -48.03486, -15.84075 ], [ -48.035, -15.84179 ], [ -48.03565, -15.84132 ] ] ], [ [ [ -48.03565, -15.84132 ], [ -48.03659, -15.84061 ], [ -48.03511, -15.84004 ], [ -48.03565, -15.84132 ] ] ], [ [ [ -48.0307, -15.83915 ], [ -48.02995, -15.84006 ], [ -48.03073, -15.84004 ], [ -48.0307, -15.83915 ] ] ], [ [ [ -48.03436, -15.83848 ], [ -48.03511, -15.84004 ], [ -48.03542, -15.83978 ], [ -48.03436, -15.83848 ] ] ] ] } },
{ "type": "Feature", "properties": { "cluster": 1076.0, "hvi": 0.132, "population": 2934, "setores": 4, "municipio": "Brasília" }, "geometry": { "type": "Polygon", "coordinates": [ [ [ -48.03135, -15.83818 ], [ -48.03104, -15.83698 ], [ -48.03021, -15.8384 ], [ -48.03132, -15.83827 ], [ -48.03073, -15.84004 ], [ -48.03373, -15.83897 ], [ -48.03184, -15.83669 ], [ -48.03135, -15.83818 ] ] ] } },
{ "type": "Feature", "properties": { "cluster": 1077.0, "hvi": 0.115, "population": 1849, "setores": 5, "municipio": "Brasília" }, "geometry": { "type": "MultiPolygon", "coordinates": [ [ [ [ -48.0302, -15.83803 ], [ -48.03018, -15.8371 ], [ -48.02933, -15.83804 ], [ -48.0302, -15.83803 ] ] ], [ [ [ -48.03018, -15.8371 ], [ -48.03184, -15.83669 ], [ -48.03015, -15.83586 ], [ -48.03018, -15.8371 ] ] ], [ [ [ -48.03077, -15.83585 ], [ -48.03075, -15.83462 ], [ -48.03015, -15.83586 ], [ -48.03077, -15.83585 ] ] ], [ [ [ -48.03126, -15.8346 ], [ -48.03077, -15.83558 ], [ -48.03128, -15.83557 ], [ -48.03126, -15.8346 ] ] ], [ [ [ -48.03178, -15.83459 ], [ -48.03128, -15.83557 ], [ -48.0318, -15.83556 ], [ -48.03178, -15.83459 ] ] ] ] } },
{ "type": "Feature", "properties": { "cluster": 1078.0, "hvi": 0.1314, "population": 2150, "setores": 3, "municipio": "Brasília" }, "geometry": { "type": "MultiPolygon", "coordinates": [ [ [ [ -48.03184, -15.83669 ], [ -48.03222, -15.83714 ], [ -48.03358, -15.83691 ], [ -48.03184, -15.83669 ] ] ], [ [ [ -48.03184, -15.83669 ], [ -48.03231, -15.83458 ], [ -48.0318, -15.83574 ], [ -48.03184, -15.83669 ] ] ], [ [ [ -48.03231, -15.83458 ], [ -48.03233, -15.83544 ], [ -48.03348, -15.83505 ], [ -48.03231, -15.83458 ] ] ] ] } },
{ "type": "Feature", "properties": { "cluster": 1079.0, "hvi": 0.1272, "population": 2689, "setores": 4, "municipio": "Brasília" }, "geometry": { "type": "Polygon", "coordinates": [ [ [ -48.03813, -15.83943 ], [ -48.03727, -15.83836 ], [ -48.03786, -15.83963 ], [ -48.03699, -15.83858 ], [ -48.03721, -15.84013 ], [ -48.03605, -15.83931 ], [ -48.03658, -15.84061 ], [ -48.03565, -15.84132 ], [ -48.03734, -15.84958 ], [ -48.04263, -15.83652 ], [ -48.03904, -15.84229 ], [ -48.03813, -15.83943 ] ] ] } },
{ "type": "Feature", "properties": { "cluster": 1080.0, "hvi": 0.1182, "population": 2320, "setores": 5, "municipio": "Brasília" }, "geometry": { "type": "MultiPolygon", "coordinates": [ [ [ [ -48.03847, -15.8399 ], [ -48.03916, -15.83937 ], [ -48.03727, -15.83836 ], [ -48.03847, -15.8399 ] ] ], [ [ [ -48.03916, -15.83937 ], [ -48.0415, -15.83872 ], [ -48.0388, -15.83892 ], [ -48.03916, -15.83937 ] ] ], [ [ [ -48.0397, -15.83822 ], [ -48.03884, -15.83715 ], [ -48.0388, -15.83892 ], [ -48.0397, -15.83822 ] ] ], [ [ [ -48.04218, -15.83629 ], [ -48.04177, -15.83821 ], [ -48.04263, -15.83652 ], [ -48.04218, -15.83629 ] ] ], [ [ [ -48.03966, -15.8365 ], [ -48.03786, -15.83596 ], [ -48.03884, -15.83715 ], [ -48.03966, -15.8365 ] ] ] ] } },
{ "type": "Feature", "properties": { "cluster": 1081.0, "hvi": 0.128, "population": 2686, "setores": 4, "municipio": "Brasília" }, "geometry": { "type": "MultiPolygon", "coordinates": [ [ [ [ -48.04106, -15.83716 ], [ -48.04064, -15.83665 ], [ -48.0397, -15.83822 ], [ -48.04106, -15.83716 ] ] ], [ [ [ -48.03763, -15.83809 ], [ -48.03884, -15.83715 ], [ -48.03654, -15.83676 ], [ -48.03763, -15.83809 ] ] ], [ [ [ -48.03925, -15.83767 ], [ -48.04064, -15.83665 ], [ -48.03884, -15.83715 ], [ -48.03925, -15.83767 ] ] ], [ [ [ -48.04018, -15.83611 ], [ -48.03921, -15.83495 ], [ -48.03966, -15.8365 ], [ -48.04018, -15.83611 ] ] ] ] } },
{ "type": "Feature", "properties": { "cluster": 1082.0, "hvi": 0.1164, "population": 2575, "setores": 6, "municipio": "Brasília" }, "geometry": { "type": "MultiPolygon", "coordinates": [ [ [ [ -48.03712, -15.83936 ], [ -48.03668, -15.83882 ], [ -48.03647, -15.83986 ], [ -48.03712, -15.83936 ] ] ], [ [ [ -48.03668, -15.83882 ], [ -48.03436, -15.83848 ], [ -48.03542, -15.83978 ], [ -48.03668, -15.83882 ] ] ], [ [ [ -48.03654, -15.83676 ], [ -48.03668, -15.83882 ], [ -48.03763, -15.83809 ], [ -48.03654, -15.83676 ] ] ], [ [ [ -48.03559, -15.83748 ], [ -48.03412, -15.83569 ], [ -48.03373, -15.83897 ], [ -48.03559, -15.83748 ] ] ], [ [ [ -48.03286, -15.83665 ], [ -48.03262, -15.83765 ], [ -48.03325, -15.83716 ], [ -48.03286, -15.83665 ] ] ], [ [ [ -48.03516, -15.8357 ], [ -48.03559, -15.83748 ], [ -48.03654, -15.83676 ], [ -48.03516, -15.8357 ] ] ] ] } },
{ "type": "Feature", "properties": { "cluster": 1083.0, "hvi": 0.1235, "population": 2904, "setores": 5, "municipio": "Brasília" }, "geometry": { "type": "MultiPolygon", "coordinates": [ [ [ [ -48.03462, -15.83412 ], [ -48.03529, -15.83286 ], [ -48.03311, -15.8327 ], [ -48.03462, -15.83412 ] ] ], [ [ [ -48.03458, -15.83185 ], [ -48.03342, -15.83117 ], [ -48.03433, -15.83232 ], [ -48.03458, -15.83185 ] ] ], [ [ [ -48.03489, -15.83127 ], [ -48.03377, -15.83061 ], [ -48.03458, -15.83185 ], [ -48.03489, -15.83127 ] ] ], [ [ [ -48.03155, -15.82998 ], [ -48.03196, -15.83154 ], [ -48.03265, -15.83222 ], [ -48.03155, -15.82998 ] ] ], [ [ [ -48.03332, -15.83015 ], [ -48.03315, -15.8316 ], [ -48.03377, -15.83061 ], [ -48.03332, -15.83015 ] ] ] ] } },
{ "type": "Feature", "properties": { "cluster": 1084.0, "hvi": 0.1176, "population": 2662, "setores": 6, "municipio": "Brasília" }, "geometry": { "type": "MultiPolygon", "coordinates": [ [ [ [ -48.03922, -15.83039 ], [ -48.041, -15.83377 ], [ -48.04142, -15.83067 ], [ -48.03922, -15.83039 ] ] ], [ [ [ -48.03502, -15.83123 ], [ -48.03576, -15.82982 ], [ -48.03452, -15.82937 ], [ -48.03502, -15.83123 ] ] ], [ [ [ -48.03307, -15.8286 ], [ -48.03269, -15.82838 ], [ -48.03065, -15.82717 ], [ -48.03272, -15.83116 ], [ -48.03332, -15.83015 ], [ -48.03245, -15.82962 ], [ -48.03307, -15.8286 ] ] ], [ [ [ -48.03307, -15.8286 ], [ -48.03377, -15.83061 ], [ -48.03452, -15.82937 ], [ -48.03307, -15.8286 ] ] ], [ [ [ -48.03269, -15.82838 ], [ -48.03922, -15.83039 ], [ -48.03746, -15.82552 ], [ -48.03269, -15.82838 ] ] ] ] } },
{ "type": "Feature", "properties": { "cluster": 1085.0, "hvi": 0.1094, "population": 544, "setores": 2, "municipio": "Brasília" }, "geometry": { "type": "MultiPolygon", "coordinates": [ [ [ [ -48.03529, -15.83286 ], [ -48.03584, -15.83182 ], [ -48.03537, -15.83154 ], [ -48.03529, -15.83286 ] ] ], [ [ [ -48.03433, -15.83232 ], [ -48.03481, -15.83259 ], [ -48.03537, -15.83154 ], [ -48.03433, -15.83232 ] ] ] ] } },
{ "type": "Feature", "properties": { "cluster": 1086.0, "hvi": 0.1204, "population": 2469, "setores": 5, "municipio": "Brasília" }, "geometry": { "type": "MultiPolygon", "coordinates": [ [ [ [ -48.01084, -15.84112 ], [ -48.00367, -15.83801 ], [ -47.99991, -15.84636 ], [ -48.00639, -15.8502 ], [ -48.01084, -15.84112 ] ] ], [ [ [ -48.00746, -15.82923 ], [ -48.01419, -15.82116 ], [ -48.00013, -15.81897 ], [ -47.99592, -15.82418 ], [ -47.99351, -15.83287 ], [ -48.00367, -15.83801 ], [ -48.01112, -15.82784 ], [ -48.00746, -15.82923 ] ] ], [ [ [ -48.01233, -15.82994 ], [ -48.0136, -15.82794 ], [ -48.0123, -15.82826 ], [ -48.01233, -15.82994 ] ] ], [ [ [ -47.99366, -15.8149 ], [ -48.0003, -15.81816 ], [ -48.00488, -15.81454 ], [ -47.99354, -15.81186 ], [ -47.99366, -15.8149 ] ] ] ] } },
{ "type": "Feature", "properties": { "cluster": 1087.0, "hvi": 0.1236, "population": 1709, "setores": 3, "municipio": "Brasília" }, "geometry": { "type": "MultiPolygon", "coordinates": [ [ [ [ -48.01403, -15.83565 ], [ -48.01412, -15.83496 ], [ -48.01278, -15.83464 ], [ -48.01403, -15.83565 ] ] ], [ [ [ -48.01491, -15.83418 ], [ -48.01424, -15.83407 ], [ -48.01469, -15.83506 ], [ -48.01491, -15.83418 ] ] ], [ [ [ -48.01606, -15.83332 ], [ -48.01415, -15.83264 ], [ -48.01504, -15.83421 ], [ -48.01606, -15.83332 ] ] ] ] } },
{ "type": "Feature", "properties": { "cluster": 1088.0, "hvi": 0.1334, "population": 1392, "setores": 2, "municipio": "Brasília" }, "geometry": { "type": "Polygon", "coordinates": [ [ [ -48.0358, -15.84722 ], [ -48.03767, -15.84376 ], [ -48.03318, -15.84108 ], [ -48.03461, -15.84355 ], [ -48.03356, -15.8438 ], [ -48.03309, -15.84896 ], [ -48.03684, -15.85053 ], [ -48.0358, -15.84722 ] ] ] } },
{ "type": "Feature", "properties": { "cluster": 1089.0, "hvi": 0.1206, "population": 2633, "setores": 5, "municipio": "Brasília" }, "geometry": { "type": "MultiPolygon", "coordinates": [ [ [ [ -48.0404, -15.84065 ], [ -48.03898, -15.84086 ], [ -48.03831, -15.84138 ], [ -48.03968, -15.84162 ], [ -48.0404, -15.84065 ] ] ], [ [ [ -48.04083, -15.83899 ], [ -48.04037, -15.83842 ], [ -48.04005, -15.83954 ], [ -48.0387, -15.83972 ], [ -48.0404, -15.84065 ], [ -48.04114, -15.8394 ], [ -48.04012, -15.83953 ], [ -48.04083, -15.83899 ] ] ], [ [ [ -48.0415, -15.83872 ], [ -48.04083, -15.83899 ], [ -48.04114, -15.8394 ], [ -48.0415, -15.83872 ] ] ] ] } },
{ "type": "Feature", "properties": { "cluster": 1090.0, "hvi": 0.126, "population": 2980, "setores": 5, "municipio": "Brasília" }, "geometry": { "type": "MultiPolygon", "coordinates": [ [ [ [ -48.04063, -15.83578 ], [ -48.04106, -15.83716 ], [ -48.04218, -15.83629 ], [ -48.04104, -15.83547 ], [ -48.04105, -15.83627 ], [ -48.04063, -15.83578 ] ] ], [ [ [ -48.04327, -15.83684 ], [ -48.04362, -15.83617 ], [ -48.04399, -15.83719 ], [ -48.04563, -15.83423 ], [ -48.04291, -15.83423 ], [ -48.04349, -15.83582 ], [ -48.04104, -15.83547 ], [ -48.04327, -15.83684 ] ] ] ] } },
{ "type": "Feature", "properties": { "cluster": 1091.0, "hvi": 0.1321, "population": 2968, "setores": 4, "municipio": "Brasília" }, "geometry": { "type": "MultiPolygon", "coordinates": [ [ [ [ -48.04059, -15.83495 ], [ -48.04006, -15.8343 ], [ -48.03995, -15.83584 ], [ -48.04059, -15.83495 ] ] ], [ [ [ -48.03638, -15.83357 ], [ -48.03529, -15.83286 ], [ -48.0354, -15.83472 ], [ -48.03638, -15.83357 ] ] ], [ [ [ -48.03774, -15.83369 ], [ -48.03921, -15.83495 ], [ -48.04006, -15.8343 ], [ -48.03922, -15.83039 ], [ -48.03489, -15.83127 ], [ -48.03698, -15.83428 ], [ -48.03774, -15.83369 ] ] ] ] } },
{ "type": "Feature", "properties": { "cluster": 1092.0, "hvi": 0.1268, "population": 635, "setores": 1, "municipio": "Brasília" }, "geometry": { "type": "Polygon", "coordinates": [ [ [ -48.038, -15.83349 ], [ -48.0384, -15.83487 ], [ -48.03886, -15.83453 ], [ -48.038, -15.83349 ] ] ] } },
{ "type": "Feature", "properties": { "cluster": 1093.0, "hvi": 0.1194, "population": 2940, "setores": 6, "municipio": "Brasília" }, "geometry": { "type": "MultiPolygon", "coordinates": [ [ [ [ -48.01524, -15.83523 ], [ -48.016, -15.83626 ], [ -48.01627, -15.83565 ], [ -48.01524, -15.83523 ] ] ], [ [ [ -48.01403, -15.83565 ], [ -48.01503, -15.83588 ], [ -48.01524, -15.83523 ], [ -48.01529, -15.83508 ], [ -48.01403, -15.83565 ] ] ], [ [ [ -48.01578, -15.83543 ], [ -48.01617, -15.83459 ], [ -48.01552, -15.83435 ], [ -48.01578, -15.83543 ] ] ], [ [ [ -48.01491, -15.83418 ], [ -48.01529, -15.83508 ], [ -48.01552, -15.83435 ], [ -48.01491, -15.83418 ] ] ], [ [ [ -48.01412, -15.83496 ], [ -48.01424, -15.83407 ], [ -48.0128, -15.834 ], [ -48.01412, -15.83496 ] ] ], [ [ [ -48.01378, -15.83403 ], [ -48.01415, -15.83264 ], [ -48.01329, -15.83347 ], [ -48.01378, -15.83403 ] ] ] ] } },
{ "type": "Feature", "properties": { "cluster": 1094.0, "hvi": 0.1271, "population": 2542, "setores": 4, "municipio": "Brasília" }, "geometry": { "type": "MultiPolygon", "coordinates": [ [ [ [ -48.02913, -15.84583 ], [ -48.02981, -15.8446 ], [ -48.02816, -15.84554 ], [ -48.02913, -15.84583 ] ] ], [ [ [ -48.0308, -15.84599 ], [ -48.03078, -15.84302 ], [ -48.02946, -15.8454 ], [ -48.0308, -15.84599 ] ] ], [ [ [ -48.02981, -15.8446 ], [ -48.03001, -15.84302 ], [ -48.02898, -15.84423 ], [ -48.02981, -15.8446 ] ] ], [ [ [ -48.0277, -15.84163 ], [ -48.02997, -15.84158 ], [ -48.02768, -15.84086 ], [ -48.0277, -15.84163 ] ] ] ] } },
{ "type": "Feature", "properties": { "cluster": 1095.0, "hvi": 0.1193, "population": 2694, "setores": 6, "municipio": "Brasília" }, "geometry": { "type": "MultiPolygon", "coordinates": [ [ [ [ -48.03331, -15.84836 ], [ -48.03324, -15.84699 ], [ -48.03319, -15.84831 ], [ -48.03331, -15.84836 ] ] ], [ [ [ -48.03212, -15.8465 ], [ -48.03156, -15.84762 ], [ -48.03243, -15.8468 ], [ -48.03212, -15.8465 ] ] ], [ [ [ -48.03064, -15.84724 ], [ -48.03212, -15.8465 ], [ -48.0318, -15.84617 ], [ -48.03064, -15.84724 ] ] ], [ [ [ -48.03308, -15.84718 ], [ -48.03239, -15.844 ], [ -48.03264, -15.84448 ], [ -48.03464, -15.84354 ], [ -48.03318, -15.84108 ], [ -48.03074, -15.84081 ], [ -48.03038, -15.84231 ], [ -48.0318, -15.84286 ], [ -48.03095, -15.84521 ], [ -48.03308, -15.84718 ] ] ] ] } },
{ "type": "Feature", "properties": { "cluster": 1096.0, "hvi": 0.1151, "population": 2845, "setores": 7, "municipio": "Brasília" }, "geometry": { "type": "MultiPolygon", "coordinates": [ [ [ [ -48.03558, -15.83623 ], [ -48.03687, -15.83667 ], [ -48.03815, -15.83573 ], [ -48.0354, -15.83472 ], [ -48.03348, -15.83505 ], [ -48.03316, -15.83643 ], [ -48.03574, -15.83524 ], [ -48.03558, -15.83623 ] ] ], [ [ [ -48.0378, -15.83414 ], [ -48.03815, -15.83573 ], [ -48.03921, -15.83495 ], [ -48.0378, -15.83414 ] ] ], [ [ [ -48.03753, -15.83383 ], [ -48.03722, -15.83457 ], [ -48.0378, -15.83414 ], [ -48.03753, -15.83383 ] ] ] ] } },
{ "type": "Feature", "properties": { "cluster": 1097.0, "hvi": 0.1339, "population": 1562, "setores": 2, "municipio": "Brasília" }, "geometry": { "type": "MultiPolygon", "coordinates": [ [ [ [ -48.01942, -15.83774 ], [ -48.01982, -15.83791 ], [ -48.02049, -15.83648 ], [ -48.01942, -15.83774 ] ] ], [ [ [ -48.01942, -15.83774 ], [ -48.01992, -15.83659 ], [ -48.01915, -15.83659 ], [ -48.01942, -15.83774 ] ] ] ] } },
{ "type": "Feature", "properties": { "cluster": 1098.0, "hvi": 0.1144, "population": 2782, "setores": 7, "municipio": "Brasília" }, "geometry": { "type": "MultiPolygon", "coordinates": [ [ [ [ -48.03073, -15.84004 ], [ -48.02997, -15.84158 ], [ -48.03076, -15.84156 ], [ -48.03073, -15.84004 ] ] ], [ [ [ -48.02768, -15.84086 ], [ -48.0288, -15.84084 ], [ -48.02877, -15.83917 ], [ -48.02876, -15.83881 ], [ -48.02875, -15.83843 ], [ -48.02768, -15.84086 ] ] ], [ [ [ -48.02993, -15.83916 ], [ -48.0307, -15.83915 ], [ -48.03069, -15.83878 ], [ -48.02877, -15.83917 ], [ -48.02933, -15.83917 ], [ -48.02993, -15.83916 ] ] ], [ [ [ -48.02879, -15.84008 ], [ -48.02934, -15.84007 ], [ -48.02933, -15.83917 ], [ -48.02879, -15.84008 ] ] ], [ [ [ -48.02934, -15.84007 ], [ -48.02995, -15.84006 ], [ -48.02993, -15.83916 ], [ -48.02934, -15.84007 ] ] ], [ [ [ -48.02875, -15.83805 ], [ -48.02876, -15.83881 ], [ -48.03069, -15.83878 ], [ -48.02875, -15.83805 ] ] ], [ [ [ -48.02873, -15.83713 ], [ -48.02875, -15.83805 ], [ -48.02933, -15.83804 ], [ -48.02873, -15.83713 ] ] ] ] } },
{ "type": "Feature", "properties": { "cluster": 1099.0, "hvi": 0.1346, "population": 2385, "setores": 3, "municipio": "Brasília" }, "geometry": { "type": "Polygon", "coordinates": [ [ [ -48.0493, -15.83498 ], [ -48.05034, -15.83186 ], [ -48.04648, -15.83461 ], [ -48.04797, -15.83536 ], [ -48.0493, -15.83498 ] ], [ [ -48.04803, -15.83481 ], [ -48.04821, -15.83484 ], [ -48.04797, -15.83536 ], [ -48.04803, -15.83481 ] ] ] } },
{ "type": "Feature", "properties": { "cluster": 1100.0, "hvi": 0.1308, "population": 747, "setores": 1, "municipio": "Brasília" }, "geometry": { "type": "Polygon", "coordinates": [ [ [ -48.03638, -15.83357 ], [ -48.03591, -15.8351 ], [ -48.03698, -15.83428 ], [ -48.03638, -15.83357 ] ] ] } },
{ "type": "Feature", "properties": { "cluster": 1101.0, "hvi": 0.1123, "population": 2399, "setores": 8, "municipio": "Brasília" }, "geometry": { "type": "MultiPolygon", "coordinates": [ [ [ [ -48.04059, -15.83495 ], [ -48.04018, -15.83611 ], [ -48.04104, -15.83547 ], [ -48.04059, -15.83495 ] ] ], [ [ [ -48.04278, -15.83431 ], [ -48.04006, -15.8343 ], [ -48.04104, -15.83547 ], [ -48.04278, -15.83431 ] ] ], [ [ [ -48.04252, -15.83316 ], [ -48.04278, -15.83431 ], [ -48.0431, -15.83412 ], [ -48.04252, -15.83316 ] ] ], [ [ [ -48.04216, -15.83326 ], [ -48.04198, -15.83376 ], [ -48.04241, -15.83369 ], [ -48.04216, -15.83326 ] ] ], [ [ [ -48.04372, -15.83287 ], [ -48.0431, -15.83412 ], [ -48.04395, -15.83376 ], [ -48.04372, -15.83287 ] ] ], [ [ [ -48.05034, -15.83186 ], [ -48.0493, -15.83498 ], [ -48.05159, -15.83501 ], [ -48.0525, -15.83227 ], [ -48.05034, -15.83186 ] ] ], [ [ [ -48.04173, -15.83341 ], [ -48.04104, -15.83259 ], [ -48.041, -15.83377 ], [ -48.04173, -15.83341 ] ] ], [ [ [ -48.04142, -15.83067 ], [ -48.04482, -15.83387 ], [ -48.04802, -15.83156 ], [ -48.04142, -15.83067 ] ] ] ] } },
{ "type": "Feature", "properties": { "cluster": 1102.0, "hvi": 0.1176, "population": 2489, "setores": 5, "municipio": "Brasília" }, "geometry": { "type": "MultiPolygon", "coordinates": [ [ [ [ -48.01071, -15.82211 ], [ -48.01166, -15.82001 ], [ -48.00488, -15.81454 ], [ -48.00086, -15.81777 ], [ -48.01071, -15.82211 ] ] ], [ [ [ -48.01202, -15.8171 ], [ -48.01197, -15.8068 ], [ -48.012, -15.8108 ], [ -48.01595, -15.81078 ], [ -48.01596, -15.80325 ], [ -48.01195, -15.80327 ], [ -48.01197, -15.80669 ], [ -48.00659, -15.80837 ], [ -48.00488, -15.81454 ], [ -48.01202, -15.8171 ] ] ], [ [ [ -48.01596, -15.81274 ], [ -48.01595, -15.81078 ], [ -48.01201, -15.81276 ], [ -48.01596, -15.81274 ] ] ], [ [ [ -48.01596, -15.80325 ], [ -48.01838, -15.80606 ], [ -48.01753, -15.80324 ], [ -48.01596, -15.80325 ] ] ] ] } },
{ "type": "Feature", "properties": { "cluster": 1103.0, "hvi": 0.1226, "population": 547, "setores": 1, "municipio": "Brasília" }, "geometry": { "type": "Polygon", "coordinates": [ [ [ -48.02994, -15.82842 ], [ -48.02786, -15.82754 ], [ -48.02948, -15.82914 ], [ -48.02994, -15.82842 ] ] ] } },
{ "type": "Feature", "properties": { "cluster": 1104.0, "hvi": 0.1147, "population": 2579, "setores": 6, "municipio": "Brasília" }, "geometry": { "type": "MultiPolygon", "coordinates": [ [ [ [ -48.04366, -15.82698 ], [ -48.0431, -15.82677 ], [ -48.04525, -15.82702 ], [ -48.04437, -15.82291 ], [ -48.04253, -15.82656 ], [ -48.03937, -15.82605 ], [ -48.04002, -15.83049 ], [ -48.04399, -15.83102 ], [ -48.04366, -15.82698 ] ] ], [ [ [ -48.05034, -15.83186 ], [ -48.05059, -15.82756 ], [ -48.04664, -15.82466 ], [ -48.04873, -15.82908 ], [ -48.04366, -15.82698 ], [ -48.04796, -15.8294 ], [ -48.04399, -15.83102 ], [ -48.05034, -15.83186 ] ] ], [ [ [ -48.04089, -15.82284 ], [ -48.04292, -15.82524 ], [ -48.04437, -15.82291 ], [ -48.043, -15.82102 ], [ -48.04089, -15.82284 ] ] ] ] } },
{ "type": "Feature", "properties": { "cluster": 1105.0, "hvi": 0.1277, "population": 2735, "setores": 4, "municipio": "Brasília" }, "geometry": { "type": "Polygon", "coordinates": [ [ [ -48.03069, -15.8182 ], [ -48.03641, -15.81718 ], [ -48.03576, -15.81442 ], [ -48.03457, -15.81442 ], [ -48.04284, -15.81056 ], [ -48.03822, -15.80877 ], [ -48.03456, -15.81442 ], [ -48.03451, -15.8116 ], [ -48.023, -15.81173 ], [ -48.02649, -15.81447 ], [ -48.0305, -15.81445 ], [ -48.03069, -15.8182 ] ] ] } },
{ "type": "Feature", "properties": { "cluster": 1106.0, "hvi": 0.1386, "population": 2734, "setores": 3, "municipio": "Brasília" }, "geometry": { "type": "Polygon", "coordinates": [ [ [ -48.04386, -15.81319 ], [ -48.04159, -15.81136 ], [ -48.03576, -15.81442 ], [ -48.03841, -15.81677 ], [ -48.04378, -15.81329 ], [ -48.04267, -15.81474 ], [ -48.04789, -15.81736 ], [ -48.05045, -15.81422 ], [ -48.05391, -15.81741 ], [ -48.05288, -15.80959 ], [ -48.04973, -15.81356 ], [ -48.05035, -15.81413 ], [ -48.04534, -15.81128 ], [ -48.04386, -15.81319 ] ] ] } },
{ "type": "Feature", "properties": { "cluster": 1107.0, "hvi": 0.1358, "population": 2527, "setores": 3, "municipio": "Brasília" }, "geometry": { "type": "MultiPolygon", "coordinates": [ [ [ [ -48.02582, -15.8032 ], [ -48.04075, -15.80311 ], [ -48.04074, -15.8003 ], [ -48.03885, -15.80031 ], [ -48.03883, -15.79748 ], [ -48.03234, -15.79754 ], [ -48.03234, -15.80035 ], [ -48.02582, -15.80038 ], [ -48.02582, -15.8032 ] ] ] ] } },
{ "type": "Feature", "properties": { "cluster": 1108.0, "hvi": 0.149, "population": 2468, "setores": 2, "municipio": "Brasília" }, "geometry": { "type": "MultiPolygon", "coordinates": [ [ [ [ -48.0462, -15.82706 ], [ -48.04604, -15.82432 ], [ -48.0452, -15.82598 ], [ -48.0462, -15.82706 ] ] ], [ [ [ -48.04947, -15.82665 ], [ -48.05054, -15.82418 ], [ -48.04634, -15.82075 ], [ -48.04453, -15.82308 ], [ -48.04947, -15.82665 ] ] ] ] } },
{ "type": "Feature", "properties": { "cluster": 1109.0, "hvi": 0.1204, "population": 2742, "setores": 5, "municipio": "Brasília" }, "geometry": { "type": "MultiPolygon", "coordinates": [ [ [ [ -48.04453, -15.82308 ], [ -48.04633, -15.82076 ], [ -48.04874, -15.82336 ], [ -48.05117, -15.8191 ], [ -48.04267, -15.81474 ], [ -48.04109, -15.81618 ], [ -48.04632, -15.82075 ], [ -48.04185, -15.82029 ], [ -48.04453, -15.82308 ] ] ], [ [ [ -48.03733, -15.81666 ], [ -48.0377, -15.81794 ], [ -48.04185, -15.82029 ], [ -48.04109, -15.81618 ], [ -48.03733, -15.81666 ] ] ], [ [ [ -48.05046, -15.81426 ], [ -48.04789, -15.81736 ], [ -48.0532, -15.81997 ], [ -48.05382, -15.81738 ], [ -48.05046, -15.81426 ] ] ] ] } },
{ "type": "Feature", "properties": { "cluster": 1110.0, "hvi": 0.1399, "population": 2770, "setores": 3, "municipio": "Brasília" }, "geometry": { "type": "Polygon", "coordinates": [ [ [ -48.03808, -15.82748 ], [ -48.03957, -15.82844 ], [ -48.03817, -15.82125 ], [ -48.04256, -15.82671 ], [ -48.043, -15.82102 ], [ -48.03525, -15.81739 ], [ -48.03161, -15.81812 ], [ -48.03558, -15.82206 ], [ -48.03704, -15.81985 ], [ -48.03779, -15.82078 ], [ -48.03808, -15.82748 ] ] ] } },
{ "type": "Feature", "properties": { "cluster": 1111.0, "hvi": 0.1445, "population": 1987, "setores": 2, "municipio": "Brasília" }, "geometry": { "type": "Polygon", "coordinates": [ [ [ -48.02631, -15.80884 ], [ -48.03451, -15.80879 ], [ -48.03448, -15.80598 ], [ -48.0333, -15.80599 ], [ -48.03327, -15.80316 ], [ -48.02397, -15.80319 ], [ -48.02398, -15.80602 ], [ -48.02629, -15.80601 ], [ -48.02631, -15.80884 ] ] ] } },
{ "type": "Feature", "properties": { "cluster": 1112.0, "hvi": 0.116, "population": 455, "setores": 1, "municipio": "Brasília" }, "geometry": { "type": "Polygon", "coordinates": [ [ [ -48.03636, -15.82192 ], [ -48.0337, -15.82245 ], [ -48.03555, -15.82426 ], [ -48.03224, -15.82811 ], [ -48.03746, -15.82552 ], [ -48.03636, -15.82192 ] ] ] } },
{ "type": "Feature", "properties": { "cluster": 1113.0, "hvi": 0.1203, "population": 3250, "setores": 6, "municipio": "Brasília" }, "geometry": { "type": "MultiPolygon", "coordinates": [ [ [ [ -48.03193, -15.82931 ], [ -48.02948, -15.82914 ], [ -48.03155, -15.82998 ], [ -48.03193, -15.82931 ] ] ], [ [ [ -48.03433, -15.82328 ], [ -48.0283, -15.81841 ], [ -48.02887, -15.81823 ], [ -48.02824, -15.81446 ], [ -48.01999, -15.82075 ], [ -48.02682, -15.82377 ], [ -48.02538, -15.82405 ], [ -48.02875, -15.82604 ], [ -48.02815, -15.82706 ], [ -48.03065, -15.82717 ], [ -48.03224, -15.82811 ], [ -48.03555, -15.82426 ], [ -48.03433, -15.82328 ] ], [ [ -48.02683, -15.82377 ], [ -48.02991, -15.81989 ], [ -48.02917, -15.82332 ], [ -48.02683, -15.82377 ] ] ], [ [ [ -48.0305, -15.81444 ], [ -48.02887, -15.81823 ], [ -48.03433, -15.82328 ], [ -48.03558, -15.82206 ], [ -48.0305, -15.81444 ] ] ] ] } },
{ "type": "Feature", "properties": { "cluster": 1114.0, "hvi": 0.1171, "population": 2965, "setores": 6, "municipio": "Brasília" }, "geometry": { "type": "MultiPolygon", "coordinates": [ [ [ [ -48.0439, -15.81322 ], [ -48.04691, -15.80902 ], [ -48.04159, -15.81136 ], [ -48.0439, -15.81322 ] ] ], [ [ [ -48.0484, -15.81306 ], [ -48.05105, -15.81026 ], [ -48.04812, -15.80786 ], [ -48.04534, -15.81128 ], [ -48.0484, -15.81306 ] ] ], [ [ [ -48.04812, -15.80786 ], [ -48.04962, -15.80227 ], [ -48.0484, -15.80228 ], [ -48.04702, -15.79881 ], [ -48.04474, -15.80029 ], [ -48.04478, -15.8031 ], [ -48.04666, -15.80268 ], [ -48.04476, -15.80538 ], [ -48.04691, -15.80902 ], [ -48.04812, -15.80786 ] ] ], [ [ [ -48.05342, -15.80464 ], [ -48.05311, -15.80238 ], [ -48.05026, -15.80478 ], [ -48.05011, -15.80646 ], [ -48.05342, -15.80464 ] ] ] ] } },
{ "type": "Feature", "properties": { "cluster": 1115.0, "hvi": 0.1358, "population": 2536, "setores": 3, "municipio": "Brasília" }, "geometry": { "type": "MultiPolygon", "coordinates": [ [ [ [ -48.01596, -15.81447 ], [ -48.01806, -15.81527 ], [ -48.02074, -15.80996 ], [ -48.01595, -15.8088 ], [ -48.01596, -15.81447 ] ] ], [ [ [ -48.023, -15.81173 ], [ -48.03077, -15.81163 ], [ -48.03076, -15.80882 ], [ -48.01981, -15.8089 ], [ -48.023, -15.81173 ] ] ] ] } },
{ "type": "Feature", "properties": { "cluster": 1116.0, "hvi": 0.1269, "population": 2003, "setores": 3, "municipio": "Brasília" }, "geometry": { "type": "MultiPolygon", "coordinates": [ [ [ [ -48.02399, -15.81708 ], [ -48.02397, -15.81449 ], [ -48.01936, -15.81711 ], [ -48.02399, -15.81708 ] ] ], [ [ [ -48.02397, -15.81449 ], [ -48.02649, -15.81447 ], [ -48.02074, -15.80996 ], [ -48.01807, -15.81261 ], [ -48.01806, -15.81527 ], [ -48.01935, -15.81371 ], [ -48.0203, -15.81452 ], [ -48.02397, -15.81449 ] ] ] ] } },
{ "type": "Feature", "properties": { "cluster": 1117.0, "hvi": 0.1346, "population": 1684, "setores": 2, "municipio": "Brasília" }, "geometry": { "type": "Polygon", "coordinates": [ [ [ -48.00565, -15.79837 ], [ -48.01194, -15.80084 ], [ -48.01187, -15.78955 ], [ -48.00549, -15.79003 ], [ -48.00565, -15.79837 ] ] ] } },
{ "type": "Feature", "properties": { "cluster": 1118.0, "hvi": 0.1289, "population": 2802, "setores": 4, "municipio": "Brasília" }, "geometry": { "type": "MultiPolygon", "coordinates": [ [ [ [ -48.02629, -15.80601 ], [ -48.0209, -15.80604 ], [ -48.02088, -15.80323 ], [ -48.01753, -15.80324 ], [ -48.01875, -15.80714 ], [ -48.0205, -15.8071 ], [ -48.01981, -15.8089 ], [ -48.02631, -15.80884 ], [ -48.02629, -15.80601 ] ] ], [ [ [ -48.01595, -15.8088 ], [ -48.0191, -15.80784 ], [ -48.01596, -15.80606 ], [ -48.01595, -15.8088 ] ] ], [ [ [ -48.01753, -15.80324 ], [ -48.01589, -15.7976 ], [ -48.01394, -15.80326 ], [ -48.01753, -15.80324 ] ] ] ] } },
{ "type": "Feature", "properties": { "cluster": 1119.0, "hvi": 0.1383, "population": 2731, "setores": 3, "municipio": "Brasília" }, "geometry": { "type": "MultiPolygon", "coordinates": [ [ [ [ -48.01589, -15.7976 ], [ -48.01389, -15.78812 ], [ -48.01187, -15.78763 ], [ -48.01192, -15.79764 ], [ -48.01589, -15.7976 ] ] ], [ [ [ -48.01187, -15.78955 ], [ -48.01187, -15.78763 ], [ -48.00302, -15.78624 ], [ -48.00549, -15.79003 ], [ -48.01187, -15.78955 ] ] ] ] } },
{ "type": "Feature", "properties": { "cluster": 1120.0, "hvi": 0.1183, "population": 2984, "setores": 6, "municipio": "Brasília" }, "geometry": { "type": "MultiPolygon", "coordinates": [ [ [ [ -48.04474, -15.79747 ], [ -48.0427, -15.79746 ], [ -48.04478, -15.8031 ], [ -48.04474, -15.79747 ] ] ], [ [ [ -48.03323, -15.79753 ], [ -48.03981, -15.79745 ], [ -48.03975, -15.79455 ], [ -48.03324, -15.79457 ], [ -48.03323, -15.79753 ] ] ], [ [ [ -48.04161, -15.79088 ], [ -48.03322, -15.79092 ], [ -48.03324, -15.79457 ], [ -48.04102, -15.79454 ], [ -48.03981, -15.79745 ], [ -48.0427, -15.79746 ], [ -48.04253, -15.79091 ], [ -48.04162, -15.79309 ], [ -48.04161, -15.79088 ] ] ] ] } },
{ "type": "Feature", "properties": { "cluster": 1121.0, "hvi": 0.1288, "population": 2825, "setores": 4, "municipio": "Brasília" }, "geometry": { "type": "MultiPolygon", "coordinates": [ [ [ [ -48.04279, -15.80875 ], [ -48.04274, -15.80312 ], [ -48.03917, -15.80876 ], [ -48.04279, -15.80875 ] ] ], [ [ [ -48.04521, -15.8087 ], [ -48.04478, -15.8031 ], [ -48.04279, -15.80868 ], [ -48.04521, -15.8087 ] ] ], [ [ [ -48.04075, -15.80311 ], [ -48.04274, -15.80312 ], [ -48.0427, -15.79746 ], [ -48.03883, -15.79748 ], [ -48.04075, -15.80311 ] ] ], [ [ [ -48.04441, -15.79101 ], [ -48.04253, -15.79091 ], [ -48.0427, -15.79746 ], [ -48.04541, -15.79745 ], [ -48.04441, -15.79101 ] ] ] ] } },
{ "type": "Feature", "properties": { "cluster": 1122.0, "hvi": 0.1174, "population": 479, "setores": 1, "municipio": "Brasília" }, "geometry": { "type": "Polygon", "coordinates": [ [ [ -48.04165, -15.80311 ], [ -48.03701, -15.80315 ], [ -48.03702, -15.80596 ], [ -48.04169, -15.80593 ], [ -48.04165, -15.80311 ] ] ] } },
{ "type": "Feature", "properties": { "cluster": 1123.0, "hvi": 0.1468, "population": 2149, "setores": 2, "municipio": "Brasília" }, "geometry": { "type": "MultiPolygon", "coordinates": [ [ [ [ -48.02088, -15.80323 ], [ -48.02302, -15.8032 ], [ -48.02285, -15.79408 ], [ -48.02088, -15.80323 ] ] ], [ [ [ -48.02285, -15.79408 ], [ -48.02286, -15.79007 ], [ -48.01794, -15.78913 ], [ -48.01798, -15.79759 ], [ -48.02285, -15.79408 ] ] ] ] } },
{ "type": "Feature", "properties": { "cluster": 1124.0, "hvi": 0.1212, "population": 1078, "setores": 2, "municipio": "Brasília" }, "geometry": { "type": "Polygon", "coordinates": [ [ [ -48.02302, -15.8032 ], [ -48.02582, -15.8032 ], [ -48.02574, -15.79043 ], [ -48.02286, -15.79007 ], [ -48.02302, -15.8032 ] ] ] } },
{ "type": "Feature", "properties": { "cluster": 1125.0, "hvi": 0.1395, "population": 2724, "setores": 3, "municipio": "Brasília" }, "geometry": { "type": "MultiPolygon", "coordinates": [ [ [ [ -48.02582, -15.80038 ], [ -48.03234, -15.80035 ], [ -48.03234, -15.79754 ], [ -48.02671, -15.79754 ], [ -48.02577, -15.79397 ], [ -48.02582, -15.80038 ] ] ], [ [ [ -48.03324, -15.79457 ], [ -48.0267, -15.79412 ], [ -48.02671, -15.79754 ], [ -48.03323, -15.79753 ], [ -48.03324, -15.79457 ] ] ], [ [ [ -48.03322, -15.79092 ], [ -48.02574, -15.79043 ], [ -48.02577, -15.79397 ], [ -48.03324, -15.79457 ], [ -48.03322, -15.79092 ] ] ] ] } },
{ "type": "Feature", "properties": { "cluster": 1126.0, "hvi": 0.138, "population": 2683, "setores": 3, "municipio": "Brasília" }, "geometry": { "type": "MultiPolygon", "coordinates": [ [ [ [ -48.04873, -15.80107 ], [ -48.04861, -15.80224 ], [ -48.05424, -15.7989 ], [ -48.04873, -15.80107 ] ] ], [ [ [ -48.04541, -15.79452 ], [ -48.04541, -15.79745 ], [ -48.05359, -15.79748 ], [ -48.05281, -15.79448 ], [ -48.04541, -15.79452 ] ] ], [ [ [ -48.06231, -15.7985 ], [ -48.06108, -15.79429 ], [ -48.0523, -15.79283 ], [ -48.05424, -15.7989 ], [ -48.06231, -15.7985 ] ] ] ] } },
{ "type": "Feature", "properties": { "cluster": 1127.0, "hvi": 0.1396, "population": 1835, "setores": 2, "municipio": "Brasília" }, "geometry": { "type": "Polygon", "coordinates": [ [ [ -48.00001, -15.81276 ], [ -48.00488, -15.81454 ], [ -48.00662, -15.80773 ], [ -48.00659, -15.80837 ], [ -48.01197, -15.80669 ], [ -48.01195, -15.80338 ], [ -48.00682, -15.80438 ], [ -48.00664, -15.8074 ], [ -48.00085, -15.80784 ], [ -48.00001, -15.81276 ] ] ] } },
{ "type": "Feature", "properties": { "cluster": 1128.0, "hvi": 0.128, "population": 2760, "setores": 4, "municipio": "Brasília" }, "geometry": { "type": "MultiPolygon", "coordinates": [ [ [ [ -48.00671, -15.80739 ], [ -48.00669, -15.80368 ], [ -48.00682, -15.80438 ], [ -48.01195, -15.80338 ], [ -48.01051, -15.79834 ], [ -48.00595, -15.79837 ], [ -48.00579, -15.79739 ], [ -48.00166, -15.79836 ], [ -48.00085, -15.80784 ], [ -48.00671, -15.80739 ] ] ], [ [ [ -48.01394, -15.80326 ], [ -48.01392, -15.79761 ], [ -48.01195, -15.80327 ], [ -48.01394, -15.80326 ] ] ] ] } },
{ "type": "Feature", "properties": { "cluster": 1129.0, "hvi": 0.1255, "population": 2570, "setores": 4, "municipio": "Brasília" }, "geometry": { "type": "MultiPolygon", "coordinates": [ [ [ [ -48.03825, -15.8116 ], [ -48.03915, -15.80595 ], [ -48.03702, -15.80596 ], [ -48.03701, -15.80315 ], [ -48.03327, -15.80316 ], [ -48.0333, -15.80599 ], [ -48.03448, -15.80598 ], [ -48.03471, -15.80879 ], [ -48.03076, -15.80882 ], [ -48.03077, -15.81163 ], [ -48.03825, -15.8116 ] ] ] ] } },
{ "type": "Feature", "properties": { "cluster": 1130.0, "hvi": 0.1177, "population": 2450, "setores": 5, "municipio": "Brasília" }, "geometry": { "type": "MultiPolygon", "coordinates": [ [ [ [ -48.02397, -15.80319 ], [ -48.02088, -15.80323 ], [ -48.0209, -15.80604 ], [ -48.02398, -15.80602 ], [ -48.02397, -15.80319 ] ] ], [ [ [ -48.02088, -15.80323 ], [ -48.01945, -15.79758 ], [ -48.01798, -15.79759 ], [ -48.01588, -15.79297 ], [ -48.01589, -15.7976 ], [ -48.01709, -15.80178 ], [ -48.01803, -15.80177 ], [ -48.01753, -15.80324 ], [ -48.02088, -15.80323 ] ] ], [ [ [ -48.01795, -15.79296 ], [ -48.01794, -15.78913 ], [ -48.01584, -15.78861 ], [ -48.01795, -15.79296 ] ] ] ] } },
{ "type": "Feature", "properties": { "cluster": 1131.0, "hvi": 0.108, "population": 2716, "setores": 8, "municipio": "Brasília" }, "geometry": { "type": "MultiPolygon", "coordinates": [ [ [ [ -48.04862, -15.7945 ], [ -48.04862, -15.7917 ], [ -48.05346, -15.79224 ], [ -48.04546, -15.7721 ], [ -48.03964, -15.77187 ], [ -48.04191, -15.78212 ], [ -48.02031, -15.77833 ], [ -48.00302, -15.78624 ], [ -48.04441, -15.79122 ], [ -48.04441, -15.79453 ], [ -48.04862, -15.7945 ] ], [ [ -48.03911, -15.7851 ], [ -48.01639, -15.78238 ], [ -48.01649, -15.78228 ], [ -48.03911, -15.7851 ] ] ], [ [ [ -48.03999, -15.77044 ], [ -48.03577, -15.77026 ], [ -48.03644, -15.77252 ], [ -48.03999, -15.77044 ] ] ], [ [ [ -48.04506, -15.76961 ], [ -48.04198, -15.77137 ], [ -48.04546, -15.7721 ], [ -48.04506, -15.76961 ] ] ], [ [ [ -48.0399, -15.77181 ], [ -48.04257, -15.76879 ], [ -48.04016, -15.76804 ], [ -48.0399, -15.77181 ] ] ], [ [ [ -48.03537, -15.76801 ], [ -48.03999, -15.77044 ], [ -48.04015, -15.76815 ], [ -48.03537, -15.76801 ] ] ] ] } },
{ "type": "Feature", "properties": { "cluster": 1132.0, "hvi": 0.1308, "population": 2348, "setores": 3, "municipio": "Brasília" }, "geometry": { "type": "MultiPolygon", "coordinates": [ [ [ [ -48.01925, -15.81749 ], [ -48.01982, -15.816 ], [ -48.01596, -15.81447 ], [ -48.01925, -15.81749 ] ] ], [ [ [ -48.01437, -15.81275 ], [ -48.01202, -15.81467 ], [ -48.0142, -15.8146 ], [ -48.01414, -15.81516 ], [ -48.01596, -15.81274 ], [ -48.01437, -15.81275 ] ] ] ] } },
{ "type": "Feature", "properties": { "cluster": 1133.0, "hvi": 0.1186, "population": 2696, "setores": 8, "municipio": "Brasília" }, "geometry": { "type": "MultiPolygon", "coordinates": [ [ [ [ -48.01705, -15.83026 ], [ -48.01737, -15.83231 ], [ -48.01809, -15.83069 ], [ -48.01705, -15.83026 ] ] ], [ [ [ -48.00635, -15.81511 ], [ -48.00554, -15.81721 ], [ -48.01397, -15.82164 ], [ -48.01148, -15.82703 ], [ -48.01873, -15.82935 ], [ -48.01737, -15.83231 ], [ -48.0212, -15.83678 ], [ -48.02456, -15.83822 ], [ -48.02666, -15.83469 ], [ -48.03462, -15.83412 ], [ -48.02876, -15.82602 ], [ -48.02169, -15.82183 ], [ -48.00635, -15.81511 ] ], [ [ -48.01877, -15.82925 ], [ -48.01743, -15.82306 ], [ -48.01945, -15.82778 ], [ -48.01877, -15.82925 ] ], [ [ -48.0187, -15.82921 ], [ -48.01875, -15.82929 ], [ -48.01875, -15.8293 ], [ -48.0187, -15.82921 ] ] ], [ [ [ -48.01999, -15.82075 ], [ -48.02472, -15.81707 ], [ -48.01936, -15.81711 ], [ -48.01863, -15.81991 ], [ -48.01999, -15.82075 ] ] ], [ [ [ -48.01863, -15.81991 ], [ -48.01597, -15.81655 ], [ -48.01599, -15.8186 ], [ -48.01863, -15.81991 ] ] ], [ [ [ -48.01599, -15.8186 ], [ -48.01369, -15.81627 ], [ -48.0131, -15.81747 ], [ -48.01599, -15.8186 ] ] ], [ [ [ -48.02397, -15.81449 ], [ -48.02472, -15.81707 ], [ -48.02824, -15.81446 ], [ -48.02397, -15.81449 ] ] ] ] } },
{ "type": "Feature", "properties": { "cluster": 1134.0, "hvi": 0.1384, "population": 931, "setores": 1, "municipio": "Brasília" }, "geometry": { "type": "Polygon", "coordinates": [ [ [ -48.04812, -15.80786 ], [ -48.05105, -15.81026 ], [ -48.0564, -15.80553 ], [ -48.05333, -15.80463 ], [ -48.04812, -15.80786 ] ] ] } },
{ "type": "Feature", "properties": { "cluster": 1135.0, "hvi": 0.1123, "population": 1253, "setores": 3, "municipio": "Brasília" }, "geometry": { "type": "Polygon", "coordinates": [ [ [ -48.01023, -15.77688 ], [ -48.01014, -15.77955 ], [ -48.00401, -15.78391 ], [ -48.02283, -15.77812 ], [ -48.04191, -15.78212 ], [ -48.03964, -15.77187 ], [ -48.01905, -15.77519 ], [ -48.01854, -15.76924 ], [ -48.01496, -15.769 ], [ -48.01453, -15.77446 ], [ -48.01798, -15.77536 ], [ -48.01547, -15.77577 ], [ -48.01317, -15.7774 ], [ -48.01023, -15.77688 ] ] ] } },
{ "type": "Feature", "properties": { "cluster": 1136.0, "hvi": 0.1157, "population": 2445, "setores": 5, "municipio": "Brasília" }, "geometry": { "type": "MultiPolygon", "coordinates": [ [ [ [ -48.04506, -15.76961 ], [ -48.04488, -15.76621 ], [ -48.04009, -15.76355 ], [ -48.04227, -15.76865 ], [ -48.04506, -15.76961 ] ] ], [ [ [ -48.03985, -15.76397 ], [ -48.0417, -15.76022 ], [ -48.03697, -15.7576 ], [ -48.03504, -15.76292 ], [ -48.02991, -15.76309 ], [ -48.03088, -15.76717 ], [ -48.03525, -15.76656 ], [ -48.03516, -15.76509 ], [ -48.03537, -15.76801 ], [ -48.04015, -15.76815 ], [ -48.03985, -15.76397 ] ] ] ] } },
{ "type": "Feature", "properties": { "cluster": 1137.0, "hvi": 0.1117, "population": 2028, "setores": 5, "municipio": "Brasília" }, "geometry": { "type": "Polygon", "coordinates": [ [ [ -48.02239, -15.77552 ], [ -48.03414, -15.77299 ], [ -48.03087, -15.76718 ], [ -48.02716, -15.76849 ], [ -48.02544, -15.76543 ], [ -48.02705, -15.75985 ], [ -48.02255, -15.75976 ], [ -48.02337, -15.76175 ], [ -48.0228, -15.76075 ], [ -48.01801, -15.76259 ], [ -48.02135, -15.76942 ], [ -48.02274, -15.76984 ], [ -48.02239, -15.77552 ] ] ] } },
{ "type": "Feature", "properties": { "cluster": 1138.0, "hvi": 0.1519, "population": 2340, "setores": 2, "municipio": "Brasília" }, "geometry": { "type": "MultiPolygon", "coordinates": [ [ [ [ -47.99743, -15.791 ], [ -48.00096, -15.79981 ], [ -48.00183, -15.78619 ], [ -47.99726, -15.78623 ], [ -47.99743, -15.791 ] ] ], [ [ [ -48.00609, -15.79639 ], [ -48.00302, -15.78624 ], [ -48.00183, -15.78619 ], [ -48.00166, -15.79836 ], [ -48.00609, -15.79639 ] ] ] ] } },
{ "type": "Feature", "properties": { "cluster": 1139.0, "hvi": 0.1236, "population": 650, "setores": 1, "municipio": "Brasília" }, "geometry": { "type": "Polygon", "coordinates": [ [ [ -48.0447, -15.75398 ], [ -48.03901, -15.75908 ], [ -48.0417, -15.76022 ], [ -48.0447, -15.75398 ] ] ] } },
{ "type": "Feature", "properties": { "cluster": 1140.0, "hvi": 0.1031, "population": 2985, "setores": 13, "municipio": "Brasília" }, "geometry": { "type": "MultiPolygon", "coordinates": [ [ [ [ -48.03644, -15.77252 ], [ -48.03525, -15.76656 ], [ -48.03087, -15.76718 ], [ -48.03414, -15.77299 ], [ -48.03644, -15.77252 ] ] ], [ [ [ -48.02672, -15.75999 ], [ -48.02627, -15.76423 ], [ -48.02998, -15.76414 ], [ -48.02672, -15.75999 ] ] ], [ [ [ -48.03499, -15.75756 ], [ -48.03642, -15.75841 ], [ -48.03834, -15.75602 ], [ -48.03575, -15.75426 ], [ -48.03679, -15.75293 ], [ -48.0278, -15.75234 ], [ -48.02268, -15.75851 ], [ -48.02705, -15.75985 ], [ -48.02759, -15.75925 ], [ -48.03, -15.76154 ], [ -48.03082, -15.76049 ], [ -48.02991, -15.76219 ], [ -48.03503, -15.76278 ], [ -48.03499, -15.75756 ] ] ], [ [ [ -48.03679, -15.75293 ], [ -48.03834, -15.75602 ], [ -48.04105, -15.75322 ], [ -48.03679, -15.75293 ] ] ], [ [ [ -48.01861, -15.76924 ], [ -48.02136, -15.76943 ], [ -48.01802, -15.76259 ], [ -48.0228, -15.76075 ], [ -48.02221, -15.75551 ], [ -48.01481, -15.75606 ], [ -48.01536, -15.75717 ], [ -48.00993, -15.75878 ], [ -48.01162, -15.76235 ], [ -48.01724, -15.76102 ], [ -48.01368, -15.76242 ], [ -48.01596, -15.76907 ], [ -48.01854, -15.76924 ], [ -48.01845, -15.77469 ], [ -48.02239, -15.77552 ], [ -48.02276, -15.76953 ], [ -48.01861, -15.76924 ] ] ], [ [ [ -48.02681, -15.76861 ], [ -48.03088, -15.76717 ], [ -48.02998, -15.76414 ], [ -48.02521, -15.76624 ], [ -48.02681, -15.76861 ] ] ] ] } },
{ "type": "Feature", "properties": { "cluster": 1141.0, "hvi": 0.1176, "population": 960, "setores": 2, "municipio": "Brasília" }, "geometry": { "type": "Polygon", "coordinates": [ [ [ -48.01538, -15.75716 ], [ -48.01483, -15.75606 ], [ -48.02404, -15.75675 ], [ -48.0278, -15.75234 ], [ -48.01308, -15.75252 ], [ -48.00803, -15.75372 ], [ -48.00993, -15.75878 ], [ -48.01538, -15.75716 ] ] ] } },
{ "type": "Feature", "properties": { "cluster": 1142.0, "hvi": 0.1175, "population": 2500, "setores": 5, "municipio": "Brasília" }, "geometry": { "type": "MultiPolygon", "coordinates": [ [ [ [ -48.05416, -15.80231 ], [ -48.05343, -15.80461 ], [ -48.05635, -15.80573 ], [ -48.05944, -15.80045 ], [ -48.05424, -15.7989 ], [ -48.05498, -15.8013 ], [ -48.05269, -15.7984 ], [ -48.05188, -15.80131 ], [ -48.05095, -15.80104 ], [ -48.05004, -15.80228 ], [ -48.05525, -15.80225 ], [ -48.05416, -15.80231 ] ], [ [ -48.05224, -15.80141 ], [ -48.05499, -15.80134 ], [ -48.05548, -15.80291 ], [ -48.05525, -15.80225 ], [ -48.05224, -15.80141 ] ] ], [ [ [ -48.05311, -15.80238 ], [ -48.04962, -15.80227 ], [ -48.04892, -15.80543 ], [ -48.05311, -15.80238 ] ] ] ] } },
{ "type": "Feature", "properties": { "cluster": 1143.0, "hvi": 0.1326, "population": 1723, "setores": 2, "municipio": "Brasília" }, "geometry": { "type": "MultiPolygon", "coordinates": [ [ [ [ -48.04948, -15.7986 ], [ -48.04745, -15.79934 ], [ -48.04949, -15.80114 ], [ -48.05041, -15.79754 ], [ -48.04704, -15.79745 ], [ -48.04948, -15.7986 ] ] ], [ [ [ -48.04948, -15.7986 ], [ -48.04474, -15.79747 ], [ -48.04474, -15.80029 ], [ -48.04948, -15.7986 ] ] ] ] } },
{ "type": "Feature", "properties": { "cluster": 1144.0, "hvi": 0.136, "population": 2810, "setores": 4, "municipio": "Brasília" }, "geometry": { "type": "MultiPolygon", "coordinates": [ [ [ [ -48.01369, -15.81627 ], [ -48.01597, -15.81698 ], [ -48.01597, -15.81655 ], [ -48.01369, -15.81627 ] ] ], [ [ [ -48.01202, -15.8171 ], [ -48.01313, -15.81467 ], [ -48.01202, -15.81467 ], [ -48.01202, -15.8171 ] ] ], [ [ [ -48.01415, -15.81466 ], [ -48.01296, -15.81568 ], [ -48.01386, -15.81594 ], [ -48.01415, -15.81466 ] ] ], [ [ [ -48.01597, -15.81655 ], [ -48.01414, -15.81516 ], [ -48.01386, -15.81594 ], [ -48.01597, -15.81655 ] ] ] ] } },
{ "type": "Feature", "properties": { "cluster": 1145.0, "hvi": 0.1518, "population": 2299, "setores": 2, "municipio": "Brasília" }, "geometry": { "type": "Polygon", "coordinates": [ [ [ -47.74637, -15.74222 ], [ -47.75005, -15.74328 ], [ -47.75437, -15.73691 ], [ -47.7561, -15.73739 ], [ -47.75997, -15.73346 ], [ -47.75117, -15.72217 ], [ -47.74863, -15.73532 ], [ -47.74637, -15.74222 ] ] ] } },
{ "type": "Feature", "properties": { "cluster": 1146.0, "hvi": 0.1437, "population": 1978, "setores": 2, "municipio": "Brasília" }, "geometry": { "type": "MultiPolygon", "coordinates": [ [ [ [ -47.74542, -15.74513 ], [ -47.75024, -15.74933 ], [ -47.75317, -15.74049 ], [ -47.74637, -15.74222 ], [ -47.74542, -15.74513 ] ] ], [ [ [ -47.752, -15.74411 ], [ -47.75601, -15.74538 ], [ -47.75844, -15.73812 ], [ -47.7544, -15.73687 ], [ -47.752, -15.74411 ] ] ] ] } },
{ "type": "Feature", "properties": { "cluster": 1147.0, "hvi": 0.1272, "population": 2015, "setores": 3, "municipio": "Brasília" }, "geometry": { "type": "MultiPolygon", "coordinates": [ [ [ [ -47.75362, -15.75337 ], [ -47.75546, -15.7525 ], [ -47.75502, -15.75018 ], [ -47.75598, -15.75119 ], [ -47.75941, -15.74363 ], [ -47.754, -15.74474 ], [ -47.74972, -15.74942 ], [ -47.75362, -15.75337 ] ] ], [ [ [ -47.75688, -15.74284 ], [ -47.75941, -15.74363 ], [ -47.75997, -15.73346 ], [ -47.7561, -15.73739 ], [ -47.75844, -15.73812 ], [ -47.75688, -15.74284 ] ] ] ] } },
{ "type": "Feature", "properties": { "cluster": 1148.0, "hvi": 0.114, "population": 2613, "setores": 6, "municipio": "Brasília" }, "geometry": { "type": "MultiPolygon", "coordinates": [ [ [ [ -47.74932, -15.76375 ], [ -47.74666, -15.75785 ], [ -47.7441, -15.7593 ], [ -47.74602, -15.76504 ], [ -47.74932, -15.76375 ] ] ], [ [ [ -47.71952, -15.72534 ], [ -47.71152, -15.72758 ], [ -47.71886, -15.73878 ], [ -47.70971, -15.74743 ], [ -47.72787, -15.76022 ], [ -47.73397, -15.76308 ], [ -47.74653, -15.7578 ], [ -47.75362, -15.75337 ], [ -47.74542, -15.74513 ], [ -47.75117, -15.72217 ], [ -47.74077, -15.7279 ], [ -47.72759, -15.7498 ], [ -47.73862, -15.72777 ], [ -47.71952, -15.72534 ] ], [ [ -47.73311, -15.75513 ], [ -47.73418, -15.75882 ], [ -47.7339, -15.75888 ], [ -47.73311, -15.75513 ] ] ], [ [ [ -47.71218, -15.72934 ], [ -47.71014, -15.72661 ], [ -47.69666, -15.72697 ], [ -47.70078, -15.73792 ], [ -47.70151, -15.72975 ], [ -47.70317, -15.73704 ], [ -47.70914, -15.72946 ], [ -47.71218, -15.72934 ] ] ] ] } },
{ "type": "Feature", "properties": { "cluster": 1149.0, "hvi": 0.1482, "population": 2219, "setores": 2, "municipio": "Brasília" }, "geometry": { "type": "Polygon", "coordinates": [ [ [ -47.77888, -15.75641 ], [ -47.77943, -15.75499 ], [ -47.7756, -15.75365 ], [ -47.77664, -15.7507 ], [ -47.7751, -15.75014 ], [ -47.77559, -15.75365 ], [ -47.77466, -15.75332 ], [ -47.77888, -15.75641 ] ] ] } },
{ "type": "Feature", "properties": { "cluster": 1150.0, "hvi": 0.1422, "population": 2005, "setores": 2, "municipio": "Brasília" }, "geometry": { "type": "MultiPolygon", "coordinates": [ [ [ [ -47.77814, -15.75835 ], [ -47.77879, -15.75663 ], [ -47.77405, -15.75494 ], [ -47.77814, -15.75835 ] ] ], [ [ [ -47.77339, -15.75668 ], [ -47.77405, -15.75494 ], [ -47.76946, -15.75309 ], [ -47.77339, -15.75668 ] ] ] ] } },
{ "type": "Feature", "properties": { "cluster": 1151.0, "hvi": 0.1356, "population": 2647, "setores": 3, "municipio": "Brasília" }, "geometry": { "type": "MultiPolygon", "coordinates": [ [ [ [ -47.77943, -15.75499 ], [ -47.78054, -15.75214 ], [ -47.77894, -15.75152 ], [ -47.77943, -15.75499 ] ] ], [ [ [ -47.77894, -15.75152 ], [ -47.77791, -15.75117 ], [ -47.77802, -15.75452 ], [ -47.77894, -15.75152 ] ] ], [ [ [ -47.78054, -15.75214 ], [ -47.78175, -15.74898 ], [ -47.77916, -15.7516 ], [ -47.78054, -15.75214 ] ] ] ] } },
{ "type": "Feature", "properties": { "cluster": 1152.0, "hvi": 0.1414, "population": 1986, "setores": 2, "municipio": "Brasília" }, "geometry": { "type": "Polygon", "coordinates": [ [ [ -47.77681, -15.7541 ], [ -47.77791, -15.75117 ], [ -47.77692, -15.7508 ], [ -47.77818, -15.74766 ], [ -47.77708, -15.74726 ], [ -47.77664, -15.7507 ], [ -47.77681, -15.7541 ] ] ] } },
{ "type": "Feature", "properties": { "cluster": 1153.0, "hvi": 0.1403, "population": 2958, "setores": 3, "municipio": "Brasília" }, "geometry": { "type": "MultiPolygon", "coordinates": [ [ [ [ -47.77436, -15.75322 ], [ -47.7751, -15.75014 ], [ -47.77427, -15.74982 ], [ -47.77436, -15.75322 ] ] ], [ [ [ -47.77427, -15.74982 ], [ -47.77301, -15.74935 ], [ -47.7731, -15.75277 ], [ -47.77427, -15.74982 ] ] ], [ [ [ -47.77708, -15.74726 ], [ -47.776, -15.74687 ], [ -47.77584, -15.75042 ], [ -47.77708, -15.74726 ] ] ] ] } },
{ "type": "Feature", "properties": { "cluster": 1154.0, "hvi": 0.1453, "population": 2144, "setores": 2, "municipio": "Brasília" }, "geometry": { "type": "MultiPolygon", "coordinates": [ [ [ [ -47.77066, -15.7519 ], [ -47.77188, -15.75232 ], [ -47.77301, -15.74935 ], [ -47.77066, -15.7519 ] ] ], [ [ [ -47.7737, -15.74961 ], [ -47.77493, -15.74647 ], [ -47.77383, -15.74608 ], [ -47.7737, -15.74961 ] ] ] ] } },
{ "type": "Feature", "properties": { "cluster": 1155.0, "hvi": 0.1273, "population": 2144, "setores": 3, "municipio": "Brasília" }, "geometry": { "type": "MultiPolygon", "coordinates": [ [ [ [ -47.77984, -15.74984 ], [ -47.77872, -15.74943 ], [ -47.77916, -15.7516 ], [ -47.77984, -15.74984 ] ] ], [ [ [ -47.77925, -15.74805 ], [ -47.77818, -15.74766 ], [ -47.77805, -15.75121 ], [ -47.77872, -15.74943 ], [ -47.77925, -15.74805 ] ] ], [ [ [ -47.77925, -15.74805 ], [ -47.77984, -15.74984 ], [ -47.78038, -15.74845 ], [ -47.77925, -15.74805 ] ] ] ] } },
{ "type": "Feature", "properties": { "cluster": 1156.0, "hvi": 0.15, "population": 1164, "setores": 1, "municipio": "Brasília" }, "geometry": { "type": "Polygon", "coordinates": [ [ [ -47.77493, -15.74647 ], [ -47.77475, -15.75002 ], [ -47.776, -15.74687 ], [ -47.77493, -15.74647 ] ] ] } },
{ "type": "Feature", "properties": { "cluster": 1157.0, "hvi": 0.1447, "population": 2112, "setores": 2, "municipio": "Brasília" }, "geometry": { "type": "MultiPolygon", "coordinates": [ [ [ [ -47.77146, -15.7488 ], [ -47.77263, -15.74922 ], [ -47.77383, -15.74608 ], [ -47.77146, -15.7488 ] ] ], [ [ [ -47.77146, -15.7488 ], [ -47.77215, -15.74701 ], [ -47.7703, -15.74644 ], [ -47.77146, -15.7488 ] ] ] ] } },
{ "type": "Feature", "properties": { "cluster": 1158.0, "hvi": 0.1473, "population": 2203, "setores": 2, "municipio": "Brasília" }, "geometry": { "type": "MultiPolygon", "coordinates": [ [ [ [ -47.76787, -15.74791 ], [ -47.77004, -15.74869 ], [ -47.7703, -15.74644 ], [ -47.76787, -15.74791 ] ] ], [ [ [ -47.76493, -15.74645 ], [ -47.76832, -15.74683 ], [ -47.76222, -15.74461 ], [ -47.76493, -15.74645 ] ] ] ] } },
{ "type": "Feature", "properties": { "cluster": 1159.0, "hvi": 0.1388, "population": 957, "setores": 1, "municipio": "Brasília" }, "geometry": { "type": "Polygon", "coordinates": [ [ [ -47.7676, -15.7501 ], [ -47.76917, -15.75224 ], [ -47.7709, -15.7512 ], [ -47.7676, -15.7501 ] ] ] } },
{ "type": "Feature", "properties": { "cluster": 1160.0, "hvi": 0.1327, "population": 803, "setores": 1, "municipio": "Brasília" }, "geometry": { "type": "Polygon", "coordinates": [ [ [ -47.76648, -15.75206 ], [ -47.76408, -15.75327 ], [ -47.76645, -15.75415 ], [ -47.76648, -15.75206 ] ] ] } },
{ "type": "Feature", "properties": { "cluster": 1161.0, "hvi": 0.1282, "population": 2920, "setores": 4, "municipio": "Brasília" }, "geometry": { "type": "MultiPolygon", "coordinates": [ [ [ [ -47.76917, -15.75224 ], [ -47.76705, -15.75148 ], [ -47.76913, -15.75339 ], [ -47.76992, -15.75126 ], [ -47.76917, -15.75224 ] ] ], [ [ [ -47.76705, -15.75148 ], [ -47.76785, -15.74941 ], [ -47.76648, -15.75206 ], [ -47.7665, -15.75288 ], [ -47.76705, -15.75148 ] ] ], [ [ [ -47.76251, -15.74918 ], [ -47.76393, -15.75241 ], [ -47.76435, -15.75129 ], [ -47.76486, -15.74992 ], [ -47.76251, -15.74918 ] ] ], [ [ [ -47.76648, -15.75206 ], [ -47.76635, -15.74965 ], [ -47.76435, -15.75129 ], [ -47.76648, -15.75206 ] ] ] ] } },
{ "type": "Feature", "properties": { "cluster": 1162.0, "hvi": 0.121, "population": 2975, "setores": 5, "municipio": "Brasília" }, "geometry": { "type": "MultiPolygon", "coordinates": [ [ [ [ -47.77113, -15.75052 ], [ -47.76785, -15.74941 ], [ -47.7709, -15.7512 ], [ -47.77113, -15.75052 ] ] ], [ [ [ -47.77134, -15.74983 ], [ -47.76724, -15.7488 ], [ -47.76808, -15.74917 ], [ -47.76516, -15.74919 ], [ -47.76876, -15.74947 ], [ -47.77113, -15.75052 ], [ -47.77134, -15.74983 ] ] ], [ [ [ -47.77134, -15.74983 ], [ -47.77166, -15.74889 ], [ -47.76939, -15.74916 ], [ -47.77134, -15.74983 ] ] ], [ [ [ -47.76594, -15.74722 ], [ -47.76939, -15.74916 ], [ -47.7696, -15.74855 ], [ -47.76594, -15.74722 ] ] ] ] } },
{ "type": "Feature", "properties": { "cluster": 1163.0, "hvi": 0.1516, "population": 1221, "setores": 1, "municipio": "Brasília" }, "geometry": { "type": "Polygon", "coordinates": [ [ [ -47.76546, -15.74852 ], [ -47.76251, -15.74918 ], [ -47.76486, -15.74992 ], [ -47.76546, -15.74852 ] ] ] } },
{ "type": "Feature", "properties": { "cluster": 1164.0, "hvi": 0.1405, "population": 2913, "setores": 3, "municipio": "Brasília" }, "geometry": { "type": "MultiPolygon", "coordinates": [ [ [ [ -47.76139, -15.74668 ], [ -47.76573, -15.74784 ], [ -47.76594, -15.74722 ], [ -47.76139, -15.74668 ] ] ], [ [ [ -47.76819, -15.74717 ], [ -47.76192, -15.74535 ], [ -47.76787, -15.74791 ], [ -47.76819, -15.74717 ] ] ], [ [ [ -47.76116, -15.74617 ], [ -47.76256, -15.74366 ], [ -47.75979, -15.74275 ], [ -47.75845, -15.74578 ], [ -47.76116, -15.74617 ] ] ] ] } },
{ "type": "Feature", "properties": { "cluster": 1165.0, "hvi": 0.1401, "population": 986, "setores": 1, "municipio": "Brasília" }, "geometry": { "type": "Polygon", "coordinates": [ [ [ -47.76222, -15.74461 ], [ -47.76832, -15.74683 ], [ -47.76858, -15.74609 ], [ -47.76552, -15.74497 ], [ -47.76222, -15.74461 ] ] ] } },
{ "type": "Feature", "properties": { "cluster": 1166.0, "hvi": 0.1273, "population": 2886, "setores": 4, "municipio": "Brasília" }, "geometry": { "type": "MultiPolygon", "coordinates": [ [ [ [ -47.76873, -15.74572 ], [ -47.76256, -15.74366 ], [ -47.76537, -15.74533 ], [ -47.76873, -15.74572 ] ] ], [ [ [ -47.76955, -15.74279 ], [ -47.76878, -15.74252 ], [ -47.76846, -15.74562 ], [ -47.76955, -15.74279 ] ] ], [ [ [ -47.76673, -15.74178 ], [ -47.7658, -15.74145 ], [ -47.76564, -15.74461 ], [ -47.76673, -15.74178 ] ] ], [ [ [ -47.7658, -15.74145 ], [ -47.76504, -15.74118 ], [ -47.76471, -15.74426 ], [ -47.7658, -15.74145 ] ] ] ] } },
{ "type": "Feature", "properties": { "cluster": 1167.0, "hvi": 0.1275, "population": 2885, "setores": 4, "municipio": "Brasília" }, "geometry": { "type": "MultiPolygon", "coordinates": [ [ [ [ -47.76878, -15.74252 ], [ -47.76803, -15.74225 ], [ -47.7677, -15.74535 ], [ -47.76878, -15.74252 ] ] ], [ [ [ -47.76803, -15.74225 ], [ -47.7673, -15.74199 ], [ -47.76694, -15.74507 ], [ -47.76803, -15.74225 ] ] ], [ [ [ -47.7673, -15.74199 ], [ -47.76673, -15.74178 ], [ -47.76622, -15.7448 ], [ -47.7673, -15.74199 ] ] ], [ [ [ -47.76669, -15.73862 ], [ -47.76569, -15.73825 ], [ -47.76392, -15.74076 ], [ -47.76673, -15.74178 ], [ -47.76669, -15.73862 ] ] ] ] } },
{ "type": "Feature", "properties": { "cluster": 1168.0, "hvi": 0.1615, "population": 2826, "setores": 2, "municipio": "Brasília" }, "geometry": { "type": "MultiPolygon", "coordinates": [ [ [ [ -47.76955, -15.74279 ], [ -47.77059, -15.74001 ], [ -47.76878, -15.73937 ], [ -47.76955, -15.74279 ] ] ], [ [ [ -47.76769, -15.74213 ], [ -47.76878, -15.73937 ], [ -47.76669, -15.73862 ], [ -47.76769, -15.74213 ] ] ] ] } },
{ "type": "Feature", "properties": { "cluster": 1169.0, "hvi": 0.1129, "population": 2846, "setores": 12, "municipio": "Brasília" }, "geometry": { "type": "MultiPolygon", "coordinates": [ [ [ [ -47.77743, -15.73261 ], [ -47.77919, -15.73436 ], [ -47.77957, -15.73339 ], [ -47.77743, -15.73261 ] ] ], [ [ [ -47.78749, -15.7342 ], [ -47.78788, -15.73321 ], [ -47.78215, -15.73118 ], [ -47.78749, -15.7342 ] ] ], [ [ [ -47.77957, -15.73339 ], [ -47.7811, -15.73397 ], [ -47.78215, -15.73118 ], [ -47.77957, -15.73339 ] ] ], [ [ [ -47.7792, -15.73122 ], [ -47.77957, -15.73339 ], [ -47.78025, -15.73159 ], [ -47.7792, -15.73122 ] ] ], [ [ [ -47.77849, -15.73299 ], [ -47.7792, -15.73122 ], [ -47.77813, -15.73084 ], [ -47.77849, -15.73299 ] ] ], [ [ [ -47.78025, -15.73159 ], [ -47.78062, -15.73064 ], [ -47.7785, -15.72987 ], [ -47.78025, -15.73159 ] ] ], [ [ [ -47.7752, -15.7383 ], [ -47.77699, -15.73696 ], [ -47.77595, -15.73657 ], [ -47.77533, -15.73796 ], [ -47.7785, -15.72987 ], [ -47.78788, -15.73321 ], [ -47.79049, -15.72647 ], [ -47.77381, -15.72396 ], [ -47.763, -15.73727 ], [ -47.77405, -15.74122 ], [ -47.77238, -15.74554 ], [ -47.78175, -15.74898 ], [ -47.7835, -15.74443 ], [ -47.7752, -15.7383 ] ] ], [ [ [ -47.76396, -15.74399 ], [ -47.76504, -15.74118 ], [ -47.7643, -15.74091 ], [ -47.76396, -15.74399 ] ] ], [ [ [ -47.7643, -15.74091 ], [ -47.76569, -15.73825 ], [ -47.763, -15.73727 ], [ -47.76361, -15.73957 ], [ -47.76325, -15.73887 ], [ -47.76189, -15.7431 ], [ -47.7643, -15.74091 ] ] ] ] } },
{ "type": "Feature", "properties": { "cluster": 1170.0, "hvi": 0.1362, "population": 2698, "setores": 3, "municipio": "Brasília" }, "geometry": { "type": "Polygon", "coordinates": [ [ [ -47.75546, -15.7525 ], [ -47.76408, -15.75327 ], [ -47.76188, -15.74778 ], [ -47.76573, -15.74784 ], [ -47.7614, -15.74668 ], [ -47.76087, -15.7455 ], [ -47.75724, -15.74838 ], [ -47.75546, -15.7525 ] ] ] } },
{ "type": "Feature", "properties": { "cluster": 1171.0, "hvi": 0.1337, "population": 3457, "setores": 4, "municipio": "Brasília" }, "geometry": { "type": "MultiPolygon", "coordinates": [ [ [ [ -47.77275, -15.7457 ], [ -47.77133, -15.74512 ], [ -47.77102, -15.74284 ], [ -47.7701, -15.74264 ], [ -47.76893, -15.74574 ], [ -47.77225, -15.74703 ], [ -47.77275, -15.7457 ] ] ], [ [ [ -47.76846, -15.74562 ], [ -47.77094, -15.74043 ], [ -47.7726, -15.745 ], [ -47.77405, -15.74122 ], [ -47.77104, -15.74019 ], [ -47.76846, -15.74562 ] ] ] ] } },
{ "type": "Feature", "properties": { "cluster": 1172.0, "hvi": 0.1595, "population": 1364, "setores": 1, "municipio": "Brasília" }, "geometry": { "type": "Polygon", "coordinates": [ [ [ -47.76325, -15.73887 ], [ -47.75979, -15.74275 ], [ -47.76233, -15.74358 ], [ -47.76325, -15.73887 ] ] ] } },
{ "type": "Feature", "properties": { "cluster": 1173.0, "hvi": 0.1203, "population": 1693, "setores": 3, "municipio": "Brasília" }, "geometry": { "type": "MultiPolygon", "coordinates": [ [ [ [ -47.77879, -15.75663 ], [ -47.77888, -15.75641 ], [ -47.7702, -15.75329 ], [ -47.77879, -15.75663 ] ] ], [ [ [ -47.77466, -15.75332 ], [ -47.7722, -15.75244 ], [ -47.77414, -15.75469 ], [ -47.77466, -15.75332 ] ] ], [ [ [ -47.7722, -15.75244 ], [ -47.76997, -15.75161 ], [ -47.77167, -15.75381 ], [ -47.7722, -15.75244 ] ] ] ] } },
{ "type": "Feature", "properties": { "cluster": 1174.0, "hvi": 0.1101, "population": 2570, "setores": 7, "municipio": "Brasília" }, "geometry": { "type": "MultiPolygon", "coordinates": [ [ [ [ -47.86244, -15.60054 ], [ -47.86023, -15.60965 ], [ -47.86158, -15.61326 ], [ -47.8652, -15.6014 ], [ -47.86244, -15.60054 ] ] ], [ [ [ -47.87405, -15.59292 ], [ -47.8709, -15.59149 ], [ -47.87217, -15.596 ], [ -47.86824, -15.59302 ], [ -47.87124, -15.59325 ], [ -47.868, -15.5894 ], [ -47.86721, -15.59225 ], [ -47.86647, -15.59168 ], [ -47.8622, -15.6003 ], [ -47.86985, -15.60148 ], [ -47.8708, -15.59974 ], [ -47.87182, -15.59955 ], [ -47.87126, -15.60224 ], [ -47.87434, -15.59784 ], [ -47.87405, -15.59292 ] ], [ [ -47.87218, -15.59722 ], [ -47.8724, -15.5968 ], [ -47.87434, -15.59784 ], [ -47.87226, -15.59744 ], [ -47.87201, -15.59866 ], [ -47.87218, -15.59722 ] ] ], [ [ [ -47.868, -15.5894 ], [ -47.85772, -15.58489 ], [ -47.86647, -15.59168 ], [ -47.868, -15.5894 ] ] ] ] } },
{ "type": "Feature", "properties": { "cluster": 1175.0, "hvi": 0.1228, "population": 646, "setores": 1, "municipio": "Brasília" }, "geometry": { "type": "Polygon", "coordinates": [ [ [ -47.85904, -15.60312 ], [ -47.86585, -15.59223 ], [ -47.86115, -15.59127 ], [ -47.85604, -15.59509 ], [ -47.85904, -15.60312 ] ] ] } },
{ "type": "Feature", "properties": { "cluster": 1176.0, "hvi": 0.1256, "population": 2719, "setores": 4, "municipio": "Brasília" }, "geometry": { "type": "Polygon", "coordinates": [ [ [ -47.86754, -15.60528 ], [ -47.8712, -15.60229 ], [ -47.86941, -15.60482 ], [ -47.87464, -15.60579 ], [ -47.87469, -15.60305 ], [ -47.88126, -15.60462 ], [ -47.8845, -15.60226 ], [ -47.8791, -15.59991 ], [ -47.88125, -15.60036 ], [ -47.88383, -15.5991 ], [ -47.8812, -15.59415 ], [ -47.87443, -15.59408 ], [ -47.87838, -15.59772 ], [ -47.87434, -15.59784 ], [ -47.87124, -15.60223 ], [ -47.8652, -15.6014 ], [ -47.86456, -15.60442 ], [ -47.86754, -15.60528 ] ] ] } },
{ "type": "Feature", "properties": { "cluster": 1177.0, "hvi": 0.1189, "population": 1998, "setores": 5, "municipio": "Brasília" }, "geometry": { "type": "Polygon", "coordinates": [ [ [ -47.91769, -15.6006 ], [ -47.93316, -15.5978 ], [ -47.9379, -15.59295 ], [ -47.93576, -15.58637 ], [ -47.93788, -15.58222 ], [ -47.93362, -15.58033 ], [ -47.92614, -15.58681 ], [ -47.92209, -15.58822 ], [ -47.92984, -15.58323 ], [ -47.93811, -15.57375 ], [ -47.95232, -15.57381 ], [ -47.95557, -15.56478 ], [ -47.95044, -15.55108 ], [ -47.97014, -15.52961 ], [ -47.97625, -15.50221 ], [ -47.85398, -15.50217 ], [ -47.85904, -15.51211 ], [ -47.85672, -15.51131 ], [ -47.85534, -15.52266 ], [ -47.86242, -15.53471 ], [ -47.85632, -15.53357 ], [ -47.85174, -15.53762 ], [ -47.85732, -15.54278 ], [ -47.85925, -15.54107 ], [ -47.85775, -15.54302 ], [ -47.85356, -15.54499 ], [ -47.85247, -15.55329 ], [ -47.85058, -15.55423 ], [ -47.84599, -15.56388 ], [ -47.85381, -15.57307 ], [ -47.85339, -15.57858 ], [ -47.85772, -15.58489 ], [ -47.87405, -15.59292 ], [ -47.88028, -15.58874 ], [ -47.8892, -15.59337 ], [ -47.89606, -15.59024 ], [ -47.90211, -15.59384 ], [ -47.91571, -15.59044 ], [ -47.91381, -15.59691 ], [ -47.91769, -15.6006 ] ], [ [ -47.91431, -15.58538 ], [ -47.92482, -15.57999 ], [ -47.92205, -15.5815 ], [ -47.91431, -15.58538 ] ], [ [ -47.87707, -15.58685 ], [ -47.87661, -15.58659 ], [ -47.87749, -15.58304 ], [ -47.87707, -15.58685 ] ], [ [ -47.87148, -15.58413 ], [ -47.8676, -15.58165 ], [ -47.87749, -15.58304 ], [ -47.87148, -15.58413 ] ], [ [ -47.86224, -15.57821 ], [ -47.86022, -15.57692 ], [ -47.8569, -15.56918 ], [ -47.86224, -15.57821 ] ], [ [ -47.86236, -15.56138 ], [ -47.85569, -15.55994 ], [ -47.85562, -15.55979 ], [ -47.86236, -15.56138 ] ] ] } },
{ "type": "Feature", "properties": { "cluster": 1178.0, "hvi": 0.1042, "population": 474, "setores": 2, "municipio": "Brasília" }, "geometry": { "type": "Polygon", "coordinates": [ [ [ -47.86941, -15.60482 ], [ -47.8704, -15.61334 ], [ -47.87724, -15.61733 ], [ -47.88607, -15.61615 ], [ -47.89223, -15.60765 ], [ -47.88852, -15.5972 ], [ -47.88419, -15.60361 ], [ -47.86941, -15.60482 ] ], [ [ -47.88284, -15.60546 ], [ -47.88325, -15.60994 ], [ -47.88313, -15.61001 ], [ -47.88284, -15.60546 ] ] ] } },
{ "type": "Feature", "properties": { "cluster": 1179.0, "hvi": 0.1357, "population": 834, "setores": 1, "municipio": "Brasília" }, "geometry": { "type": "Polygon", "coordinates": [ [ [ -47.84403, -15.5683 ], [ -47.85021, -15.5774 ], [ -47.85383, -15.57318 ], [ -47.84403, -15.5683 ] ] ] } },
{ "type": "Feature", "properties": { "cluster": 1180.0, "hvi": 0.109, "population": 2772, "setores": 14, "municipio": "Brasília" }, "geometry": { "type": "MultiPolygon", "coordinates": [ [ [ [ -47.87498, -15.68834 ], [ -47.87267, -15.68413 ], [ -47.87688, -15.68088 ], [ -47.90547, -15.69639 ], [ -47.90929, -15.69279 ], [ -47.89636, -15.6825 ], [ -47.88881, -15.67062 ], [ -47.88441, -15.67285 ], [ -47.88161, -15.66975 ], [ -47.91171, -15.64449 ], [ -47.9019, -15.63241 ], [ -47.91377, -15.62361 ], [ -47.90837, -15.61647 ], [ -47.90994, -15.61604 ], [ -47.90462, -15.6006 ], [ -47.89081, -15.60283 ], [ -47.89194, -15.60838 ], [ -47.88379, -15.61753 ], [ -47.86968, -15.61324 ], [ -47.86935, -15.60255 ], [ -47.86754, -15.60527 ], [ -47.86456, -15.60442 ], [ -47.86158, -15.61326 ], [ -47.86635, -15.62016 ], [ -47.86899, -15.61467 ], [ -47.86735, -15.6197 ], [ -47.87406, -15.62449 ], [ -47.86733, -15.6267 ], [ -47.86361, -15.61957 ], [ -47.858, -15.62235 ], [ -47.85742, -15.63066 ], [ -47.85888, -15.63058 ], [ -47.85971, -15.6321 ], [ -47.85752, -15.63123 ], [ -47.84613, -15.64817 ], [ -47.84669, -15.65448 ], [ -47.85355, -15.66147 ], [ -47.85821, -15.65059 ], [ -47.87295, -15.65525 ], [ -47.87783, -15.65357 ], [ -47.85783, -15.66236 ], [ -47.85746, -15.67634 ], [ -47.86526, -15.68335 ], [ -47.85952, -15.68823 ], [ -47.8697, -15.69306 ], [ -47.87498, -15.68834 ] ], [ [ -47.88875, -15.64612 ], [ -47.88721, -15.64418 ], [ -47.88775, -15.64379 ], [ -47.88875, -15.64612 ] ], [ [ -47.88775, -15.64379 ], [ -47.88628, -15.64125 ], [ -47.88803, -15.64415 ], [ -47.88775, -15.64379 ] ], [ [ -47.88892, -15.646 ], [ -47.88936, -15.6469 ], [ -47.88875, -15.64612 ], [ -47.88892, -15.646 ] ], [ [ -47.88633, -15.6412 ], [ -47.8865, -15.64098 ], [ -47.88696, -15.64193 ], [ -47.88633, -15.6412 ] ], [ [ -47.88721, -15.64418 ], [ -47.88558, -15.64212 ], [ -47.88612, -15.64145 ], [ -47.88721, -15.64418 ] ], [ [ -47.89241, -15.63473 ], [ -47.88958, -15.62947 ], [ -47.89013, -15.62928 ], [ -47.89241, -15.63473 ] ], [ [ -47.90359, -15.62187 ], [ -47.90547, -15.61727 ], [ -47.90823, -15.61651 ], [ -47.90359, -15.62187 ] ], [ [ -47.86239, -15.63039 ], [ -47.86139, -15.63278 ], [ -47.86083, -15.63255 ], [ -47.86239, -15.63039 ] ], [ [ -47.88847, -15.6375 ], [ -47.88417, -15.64154 ], [ -47.87744, -15.63946 ], [ -47.88407, -15.64071 ], [ -47.88847, -15.6375 ] ] ], [ [ [ -47.90211, -15.59384 ], [ -47.89606, -15.59024 ], [ -47.88613, -15.59224 ], [ -47.88444, -15.58917 ], [ -47.88008, -15.59011 ], [ -47.886, -15.59226 ], [ -47.87914, -15.58978 ], [ -47.87405, -15.59292 ], [ -47.8812, -15.59415 ], [ -47.88383, -15.5991 ], [ -47.8815, -15.6005 ], [ -47.8845, -15.60226 ], [ -47.88805, -15.59778 ], [ -47.89044, -15.60213 ], [ -47.90107, -15.60051 ], [ -47.90119, -15.59934 ], [ -47.90462, -15.6006 ], [ -47.9091, -15.61194 ], [ -47.91458, -15.60806 ], [ -47.91315, -15.60314 ], [ -47.91769, -15.6006 ], [ -47.91381, -15.59691 ], [ -47.91525, -15.5906 ], [ -47.90211, -15.59384 ] ], [ [ -47.90129, -15.59842 ], [ -47.90148, -15.59666 ], [ -47.90908, -15.59716 ], [ -47.90129, -15.59842 ] ] ] ] } },
{ "type": "Feature", "properties": { "cluster": 1181.0, "hvi": 0.1236, "population": 2224, "setores": 6, "municipio": "Brasília" }, "geometry": { "type": "Polygon", "coordinates": [ [ [ -47.78443, -15.81655 ], [ -47.79125, -15.81449 ], [ -47.79239, -15.81688 ], [ -47.80021, -15.80855 ], [ -47.8008, -15.80904 ], [ -47.81411, -15.80758 ], [ -47.81532, -15.80355 ], [ -47.80279, -15.80362 ], [ -47.81269, -15.79818 ], [ -47.80909, -15.79309 ], [ -47.80424, -15.79235 ], [ -47.79852, -15.79729 ], [ -47.78951, -15.79571 ], [ -47.78588, -15.80224 ], [ -47.78388, -15.79777 ], [ -47.77549, -15.79873 ], [ -47.77489, -15.8 ], [ -47.77582, -15.79574 ], [ -47.77065, -15.80545 ], [ -47.77536, -15.81146 ], [ -47.77882, -15.81449 ], [ -47.78443, -15.81655 ] ], [ [ -47.7772, -15.80734 ], [ -47.77435, -15.80242 ], [ -47.77445, -15.80198 ], [ -47.7772, -15.80734 ] ], [ [ -47.78416, -15.80951 ], [ -47.77758, -15.808 ], [ -47.77731, -15.80752 ], [ -47.78416, -15.80951 ] ] ] } },
{ "type": "Feature", "properties": { "cluster": 1182.0, "hvi": 0.1165, "population": 2048, "setores": 5, "municipio": "Brasília" }, "geometry": { "type": "MultiPolygon", "coordinates": [ [ [ [ -47.80721, -15.84729 ], [ -47.80679, -15.84187 ], [ -47.80513, -15.84975 ], [ -47.80721, -15.84729 ] ] ], [ [ [ -47.80591, -15.84161 ], [ -47.80272, -15.84741 ], [ -47.79906, -15.84948 ], [ -47.80504, -15.8494 ], [ -47.80591, -15.84161 ] ] ], [ [ [ -47.80466, -15.84123 ], [ -47.80089, -15.84085 ], [ -47.80187, -15.83759 ], [ -47.79647, -15.84486 ], [ -47.80016, -15.83914 ], [ -47.79298, -15.84234 ], [ -47.79635, -15.84793 ], [ -47.79646, -15.84502 ], [ -47.79906, -15.84948 ], [ -47.80466, -15.84123 ] ] ] ] } },
{ "type": "Feature", "properties": { "cluster": 1183.0, "hvi": 0.116, "population": 1715, "setores": 4, "municipio": "Brasília" }, "geometry": { "type": "Polygon", "coordinates": [ [ [ -47.76124, -15.84077 ], [ -47.76707, -15.84842 ], [ -47.76364, -15.85705 ], [ -47.77238, -15.85483 ], [ -47.79279, -15.85776 ], [ -47.80474, -15.85036 ], [ -47.79677, -15.84868 ], [ -47.79298, -15.84234 ], [ -47.80144, -15.83761 ], [ -47.80375, -15.83464 ], [ -47.80148, -15.83167 ], [ -47.79008, -15.83436 ], [ -47.78397, -15.82757 ], [ -47.78768, -15.82605 ], [ -47.78487, -15.82348 ], [ -47.77304, -15.82194 ], [ -47.77172, -15.83447 ], [ -47.76124, -15.84077 ] ], [ [ -47.79093, -15.84446 ], [ -47.79261, -15.85219 ], [ -47.78843, -15.84123 ], [ -47.78782, -15.84301 ], [ -47.7877, -15.84049 ], [ -47.79502, -15.84645 ], [ -47.79093, -15.84446 ] ], [ [ -47.79435, -15.85257 ], [ -47.79432, -15.8529 ], [ -47.79365, -15.85262 ], [ -47.79435, -15.85257 ] ], [ [ -47.77442, -15.84039 ], [ -47.77534, -15.83675 ], [ -47.77798, -15.84962 ], [ -47.77442, -15.84039 ] ], [ [ -47.7783, -15.85045 ], [ -47.77823, -15.85028 ], [ -47.77888, -15.85036 ], [ -47.7783, -15.85045 ] ], [ [ -47.78358, -15.85277 ], [ -47.78358, -15.85092 ], [ -47.78508, -15.8511 ], [ -47.78358, -15.85277 ] ] ] } },
{ "type": "Feature", "properties": { "cluster": 1184.0, "hvi": 0.136, "population": 809, "setores": 1, "municipio": "Brasília" }, "geometry": { "type": "Polygon", "coordinates": [ [ [ -47.74973, -15.84946 ], [ -47.75397, -15.8539 ], [ -47.76685, -15.84811 ], [ -47.76124, -15.84077 ], [ -47.74973, -15.84946 ] ] ] } },
{ "type": "Feature", "properties": { "cluster": 1185.0, "hvi": 0.1391, "population": 2615, "setores": 3, "municipio": "Brasília" }, "geometry": { "type": "MultiPolygon", "coordinates": [ [ [ [ -47.78662, -15.82092 ], [ -47.79035, -15.82637 ], [ -47.79532, -15.82316 ], [ -47.79295, -15.81801 ], [ -47.79359, -15.81931 ], [ -47.80616, -15.81568 ], [ -47.80022, -15.80854 ], [ -47.79242, -15.81685 ], [ -47.79132, -15.81447 ], [ -47.78662, -15.82092 ] ] ], [ [ [ -47.78856, -15.81526 ], [ -47.78187, -15.81571 ], [ -47.77448, -15.81788 ], [ -47.78491, -15.82204 ], [ -47.78856, -15.81526 ] ] ] ] } },
{ "type": "Feature", "properties": { "cluster": 1186.0, "hvi": 0.108, "population": 1127, "setores": 4, "municipio": "Brasília" }, "geometry": { "type": "MultiPolygon", "coordinates": [ [ [ [ -47.83, -15.9758 ], [ -47.83498, -15.9647 ], [ -47.83131, -15.96241 ], [ -47.82604, -15.97366 ], [ -47.83, -15.9758 ] ] ], [ [ [ -47.833, -15.9587 ], [ -47.83203, -15.96085 ], [ -47.83498, -15.9647 ], [ -47.83681, -15.96061 ], [ -47.82822, -15.98016 ], [ -47.83796, -15.97946 ], [ -47.85086, -15.95517 ], [ -47.82893, -15.9456 ], [ -47.82749, -15.95041 ], [ -47.83196, -15.95038 ], [ -47.82713, -15.95233 ], [ -47.82711, -15.96716 ], [ -47.833, -15.9587 ] ] ] ] } },
{ "type": "Feature", "properties": { "cluster": 1187.0, "hvi": 0.1335, "population": 787, "setores": 1, "municipio": "Brasília" }, "geometry": { "type": "Polygon", "coordinates": [ [ [ -47.8189, -15.97168 ], [ -47.82269, -15.97184 ], [ -47.82419, -15.96592 ], [ -47.8181, -15.9643 ], [ -47.8189, -15.97168 ] ] ] } },
{ "type": "Feature", "properties": { "cluster": 1188.0, "hvi": 0.1226, "population": 2215, "setores": 4, "municipio": "Brasília" }, "geometry": { "type": "MultiPolygon", "coordinates": [ [ [ [ -47.82721, -15.95198 ], [ -47.83087, -15.95286 ], [ -47.83196, -15.95038 ], [ -47.82749, -15.95041 ], [ -47.82893, -15.9456 ], [ -47.82542, -15.94342 ], [ -47.82199, -15.95073 ], [ -47.8181, -15.9643 ], [ -47.8277, -15.96612 ], [ -47.82721, -15.95198 ] ] ], [ [ [ -47.82745, -15.93904 ], [ -47.81587, -15.93373 ], [ -47.8133, -15.94747 ], [ -47.81826, -15.94821 ], [ -47.81882, -15.94671 ], [ -47.82359, -15.9473 ], [ -47.82745, -15.93904 ] ] ] ] } },
{ "type": "Feature", "properties": { "cluster": 1189.0, "hvi": 0.1068, "population": 281, "setores": 1, "municipio": "Brasília" }, "geometry": { "type": "Polygon", "coordinates": [ [ [ -47.81478, -16.04995 ], [ -47.84944, -16.04815 ], [ -47.86357, -16.03934 ], [ -47.8646, -16.03126 ], [ -47.85754, -16.03039 ], [ -47.85246, -16.02218 ], [ -47.83509, -16.02429 ], [ -47.81949, -16.03032 ], [ -47.82234, -16.04639 ], [ -47.81478, -16.04995 ] ] ] } },
{ "type": "Feature", "properties": { "cluster": 1190.0, "hvi": 0.1285, "population": 677, "setores": 1, "municipio": "Brasília" }, "geometry": { "type": "Polygon", "coordinates": [ [ [ -47.83506, -15.98512 ], [ -47.82784, -15.9811 ], [ -47.81857, -15.98854 ], [ -47.82152, -15.9934 ], [ -47.81847, -15.99633 ], [ -47.82243, -15.99922 ], [ -47.83506, -15.98512 ] ] ] } },
{ "type": "Feature", "properties": { "cluster": 1191.0, "hvi": 0.1252, "population": 0, "setores": 1, "municipio": "Brasília" }, "geometry": { "type": "Polygon", "coordinates": [ [ [ -47.78262, -15.92024 ], [ -47.78462, -15.92181 ], [ -47.78668, -15.91917 ], [ -47.78476, -15.9177 ], [ -47.78262, -15.92024 ] ] ] } },
{ "type": "Feature", "properties": { "cluster": 1192.0, "hvi": 0.1492, "population": 2089, "setores": 2, "municipio": "Brasília" }, "geometry": { "type": "MultiPolygon", "coordinates": [ [ [ [ -47.81429, -15.86823 ], [ -47.81143, -15.86578 ], [ -47.8087, -15.86767 ], [ -47.81724, -15.8737 ], [ -47.82127, -15.86673 ], [ -47.82058, -15.8645 ], [ -47.81429, -15.86823 ] ] ], [ [ [ -47.81685, -15.86575 ], [ -47.82058, -15.8645 ], [ -47.81866, -15.8591 ], [ -47.81164, -15.86032 ], [ -47.81685, -15.86575 ] ] ] ] } },
{ "type": "Feature", "properties": { "cluster": 1193.0, "hvi": 0.1228, "population": 2646, "setores": 5, "municipio": "Brasília" }, "geometry": { "type": "Polygon", "coordinates": [ [ [ -47.82127, -15.86673 ], [ -47.81724, -15.8737 ], [ -47.81796, -15.87366 ], [ -47.81572, -15.87544 ], [ -47.81579, -15.87972 ], [ -47.81817, -15.88068 ], [ -47.814, -15.88133 ], [ -47.81394, -15.88385 ], [ -47.82262, -15.8825 ], [ -47.82304, -15.87991 ], [ -47.82127, -15.86673 ] ], [ [ -47.82038, -15.87985 ], [ -47.82304, -15.87991 ], [ -47.82037, -15.88033 ], [ -47.82038, -15.87985 ] ] ] } },
{ "type": "Feature", "properties": { "cluster": 1194.0, "hvi": 0.1354, "population": 769, "setores": 1, "municipio": "Brasília" }, "geometry": { "type": "Polygon", "coordinates": [ [ [ -47.80696, -15.88206 ], [ -47.8116, -15.88443 ], [ -47.81263, -15.87964 ], [ -47.81031, -15.87959 ], [ -47.80696, -15.88206 ] ] ] } },
{ "type": "Feature", "properties": { "cluster": 1195.0, "hvi": 0.1163, "population": 2961, "setores": 7, "municipio": "Brasília" }, "geometry": { "type": "MultiPolygon", "coordinates": [ [ [ [ -47.81747, -15.87403 ], [ -47.81549, -15.87213 ], [ -47.81462, -15.87628 ], [ -47.81747, -15.87403 ] ] ], [ [ [ -47.81198, -15.86598 ], [ -47.81134, -15.86523 ], [ -47.81429, -15.86823 ], [ -47.81685, -15.86575 ], [ -47.81027, -15.85932 ], [ -47.81284, -15.85764 ], [ -47.80857, -15.84614 ], [ -47.81184, -15.85163 ], [ -47.81586, -15.85071 ], [ -47.80375, -15.83464 ], [ -47.80144, -15.83761 ], [ -47.80085, -15.84085 ], [ -47.80679, -15.84187 ], [ -47.80627, -15.83993 ], [ -47.80705, -15.8403 ], [ -47.80721, -15.84711 ], [ -47.79863, -15.8552 ], [ -47.79073, -15.8577 ], [ -47.79359, -15.86097 ], [ -47.79194, -15.86479 ], [ -47.80491, -15.87382 ], [ -47.80626, -15.88179 ], [ -47.81462, -15.87628 ], [ -47.8139, -15.87524 ], [ -47.81549, -15.87213 ], [ -47.81196, -15.87241 ], [ -47.8087, -15.86767 ], [ -47.81198, -15.86598 ] ], [ [ -47.80769, -15.86101 ], [ -47.80983, -15.85961 ], [ -47.80855, -15.862 ], [ -47.80769, -15.86101 ] ] ] ] } },
{ "type": "Feature", "properties": { "cluster": 1196.0, "hvi": 0.128, "population": 2664, "setores": 4, "municipio": "Brasília" }, "geometry": { "type": "Polygon", "coordinates": [ [ [ -47.82109, -15.88879 ], [ -47.82262, -15.8825 ], [ -47.81388, -15.88283 ], [ -47.81593, -15.88139 ], [ -47.81572, -15.87544 ], [ -47.81031, -15.87959 ], [ -47.81263, -15.87964 ], [ -47.81193, -15.8829 ], [ -47.80682, -15.8831 ], [ -47.80474, -15.87903 ], [ -47.80213, -15.88118 ], [ -47.80648, -15.88311 ], [ -47.8058, -15.88314 ], [ -47.8047, -15.8862 ], [ -47.79751, -15.88563 ], [ -47.79847, -15.8905 ], [ -47.81564, -15.88676 ], [ -47.81651, -15.88878 ], [ -47.82109, -15.88879 ] ] ] } },
{ "type": "Feature", "properties": { "cluster": 1197.0, "hvi": 0.1278, "population": 2592, "setores": 4, "municipio": "Brasília" }, "geometry": { "type": "MultiPolygon", "coordinates": [ [ [ [ -47.79782, -15.8698 ], [ -47.79916, -15.86856 ], [ -47.79327, -15.86414 ], [ -47.7977, -15.86971 ], [ -47.7923, -15.86581 ], [ -47.78931, -15.86656 ], [ -47.79138, -15.87119 ], [ -47.79713, -15.87077 ], [ -47.79554, -15.87247 ], [ -47.80221, -15.88094 ], [ -47.80525, -15.87501 ], [ -47.79939, -15.86837 ], [ -47.79782, -15.8698 ] ] ], [ [ [ -47.78878, -15.85752 ], [ -47.78931, -15.86656 ], [ -47.79359, -15.86097 ], [ -47.78878, -15.85752 ] ] ] ] } },
{ "type": "Feature", "properties": { "cluster": 1198.0, "hvi": 0.139, "population": 2732, "setores": 3, "municipio": "Brasília" }, "geometry": { "type": "MultiPolygon", "coordinates": [ [ [ [ -47.76192, -15.88618 ], [ -47.76707, -15.88119 ], [ -47.75565, -15.87554 ], [ -47.75473, -15.87956 ], [ -47.76192, -15.88618 ] ] ], [ [ [ -47.7721, -15.87003 ], [ -47.76597, -15.87064 ], [ -47.76701, -15.88101 ], [ -47.77381, -15.87772 ], [ -47.77697, -15.87951 ], [ -47.7778, -15.8837 ], [ -47.78111, -15.88109 ], [ -47.77715, -15.87853 ], [ -47.77734, -15.87171 ], [ -47.77472, -15.86798 ], [ -47.77294, -15.8738 ], [ -47.7721, -15.87003 ] ] ] ] } },
{ "type": "Feature", "properties": { "cluster": 1199.0, "hvi": 0.1428, "population": 950, "setores": 1, "municipio": "Brasília" }, "geometry": { "type": "Polygon", "coordinates": [ [ [ -47.75465, -15.85901 ], [ -47.74341, -15.86213 ], [ -47.74276, -15.86938 ], [ -47.7608, -15.87001 ], [ -47.75465, -15.85901 ] ] ] } },
{ "type": "Feature", "properties": { "cluster": 1200.0, "hvi": 0.1231, "population": 2474, "setores": 4, "municipio": "Brasília" }, "geometry": { "type": "MultiPolygon", "coordinates": [ [ [ [ -47.76361, -15.89186 ], [ -47.76334, -15.89163 ], [ -47.76186, -15.89605 ], [ -47.76361, -15.89186 ] ] ], [ [ [ -47.76361, -15.89186 ], [ -47.76694, -15.88154 ], [ -47.7571, -15.89148 ], [ -47.76064, -15.89481 ], [ -47.76334, -15.89163 ], [ -47.76057, -15.88927 ], [ -47.76361, -15.89186 ] ] ], [ [ [ -47.76192, -15.88618 ], [ -47.75473, -15.87956 ], [ -47.75597, -15.88438 ], [ -47.75204, -15.88801 ], [ -47.7571, -15.89148 ], [ -47.76192, -15.88618 ] ] ] ] } },
{ "type": "Feature", "properties": { "cluster": 1201.0, "hvi": 0.1237, "population": 2900, "setores": 5, "municipio": "Brasília" }, "geometry": { "type": "Polygon", "coordinates": [ [ [ -47.75204, -15.88801 ], [ -47.75597, -15.88438 ], [ -47.75468, -15.87558 ], [ -47.76701, -15.88101 ], [ -47.76576, -15.87062 ], [ -47.7674, -15.87075 ], [ -47.7637, -15.85674 ], [ -47.76707, -15.84842 ], [ -47.75397, -15.8539 ], [ -47.74953, -15.85016 ], [ -47.74526, -15.85362 ], [ -47.74699, -15.86036 ], [ -47.75102, -15.86125 ], [ -47.75606, -15.85954 ], [ -47.75812, -15.86794 ], [ -47.76286, -15.87036 ], [ -47.74981, -15.86955 ], [ -47.75214, -15.87335 ], [ -47.75204, -15.88801 ] ] ] } },
{ "type": "Feature", "properties": { "cluster": 1202.0, "hvi": 0.1284, "population": 3551, "setores": 5, "municipio": "Brasília" }, "geometry": { "type": "MultiPolygon", "coordinates": [ [ [ [ -47.80161, -15.89767 ], [ -47.80311, -15.89593 ], [ -47.8003, -15.89467 ], [ -47.80161, -15.89767 ] ] ], [ [ [ -47.79975, -15.89497 ], [ -47.80101, -15.8938 ], [ -47.8068, -15.89188 ], [ -47.80543, -15.8884 ], [ -47.79617, -15.89122 ], [ -47.79755, -15.89608 ], [ -47.79975, -15.89497 ] ], [ [ -47.7994, -15.89417 ], [ -47.79997, -15.89393 ], [ -47.79975, -15.89497 ], [ -47.7994, -15.89417 ] ] ] ] } },
{ "type": "Feature", "properties": { "cluster": 1203.0, "hvi": 0.1194, "population": 511, "setores": 1, "municipio": "Brasília" }, "geometry": { "type": "Polygon", "coordinates": [ [ [ -47.79847, -15.8905 ], [ -47.79751, -15.88563 ], [ -47.8047, -15.8862 ], [ -47.8058, -15.88314 ], [ -47.79563, -15.87949 ], [ -47.79376, -15.89053 ], [ -47.79847, -15.8905 ] ] ] } },
{ "type": "Feature", "properties": { "cluster": 1204.0, "hvi": 0.1289, "population": 2867, "setores": 4, "municipio": "Brasília" }, "geometry": { "type": "MultiPolygon", "coordinates": [ [ [ [ -47.79944, -15.89862 ], [ -47.79794, -15.89593 ], [ -47.79707, -15.89732 ], [ -47.79665, -15.89649 ], [ -47.79629, -15.89994 ], [ -47.79944, -15.89862 ] ] ], [ [ [ -47.79712, -15.89508 ], [ -47.79773, -15.89482 ], [ -47.79617, -15.89122 ], [ -47.79391, -15.89254 ], [ -47.79571, -15.89396 ], [ -47.79503, -15.89723 ], [ -47.79665, -15.89649 ], [ -47.79755, -15.89608 ], [ -47.79712, -15.89508 ] ] ] ] } },
{ "type": "Feature", "properties": { "cluster": 1205.0, "hvi": 0.142, "population": 975, "setores": 1, "municipio": "Brasília" }, "geometry": { "type": "Polygon", "coordinates": [ [ [ -47.8003, -15.89467 ], [ -47.79794, -15.89593 ], [ -47.79944, -15.89862 ], [ -47.80161, -15.89767 ], [ -47.8003, -15.89467 ] ] ] } },
{ "type": "Feature", "properties": { "cluster": 1206.0, "hvi": 0.1307, "population": 1531, "setores": 2, "municipio": "Brasília" }, "geometry": { "type": "Polygon", "coordinates": [ [ [ -47.80171, -15.89387 ], [ -47.80219, -15.89744 ], [ -47.80943, -15.89459 ], [ -47.80702, -15.89181 ], [ -47.80171, -15.89387 ] ] ] } },
{ "type": "Feature", "properties": { "cluster": 1207.0, "hvi": 0.1429, "population": 996, "setores": 1, "municipio": "Brasília" }, "geometry": { "type": "Polygon", "coordinates": [ [ [ -47.82058, -15.88993 ], [ -47.81406, -15.88947 ], [ -47.81526, -15.89224 ], [ -47.82058, -15.88993 ] ] ] } },
{ "type": "Feature", "properties": { "cluster": 1208.0, "hvi": 0.1212, "population": 2836, "setores": 5, "municipio": "Brasília" }, "geometry": { "type": "MultiPolygon", "coordinates": [ [ [ [ -47.81274, -15.89324 ], [ -47.81437, -15.89184 ], [ -47.81145, -15.89027 ], [ -47.81274, -15.89324 ] ] ], [ [ [ -47.81295, -15.89315 ], [ -47.81526, -15.89224 ], [ -47.81336, -15.88967 ], [ -47.81437, -15.89184 ], [ -47.81295, -15.89315 ] ] ], [ [ [ -47.81406, -15.88947 ], [ -47.81265, -15.88621 ], [ -47.81239, -15.88903 ], [ -47.81406, -15.88947 ] ] ], [ [ [ -47.81492, -15.88836 ], [ -47.81651, -15.88878 ], [ -47.81508, -15.88548 ], [ -47.81448, -15.88729 ], [ -47.81389, -15.88584 ], [ -47.81406, -15.88947 ], [ -47.81524, -15.88915 ], [ -47.81492, -15.88836 ] ] ] ] } },
{ "type": "Feature", "properties": { "cluster": 1209.0, "hvi": 0.1233, "population": 1843, "setores": 3, "municipio": "Brasília" }, "geometry": { "type": "MultiPolygon", "coordinates": [ [ [ [ -47.80927, -15.89107 ], [ -47.8099, -15.89085 ], [ -47.80982, -15.8881 ], [ -47.8078, -15.88768 ], [ -47.80927, -15.89107 ] ] ], [ [ [ -47.81216, -15.89 ], [ -47.81184, -15.88955 ], [ -47.81336, -15.88967 ], [ -47.81241, -15.88726 ], [ -47.81004, -15.88702 ], [ -47.8099, -15.89085 ], [ -47.81216, -15.89 ] ] ] ] } },
{ "type": "Feature", "properties": { "cluster": 1210.0, "hvi": 0.1249, "population": 3223, "setores": 5, "municipio": "Brasília" }, "geometry": { "type": "MultiPolygon", "coordinates": [ [ [ [ -47.81059, -15.8941 ], [ -47.81274, -15.89324 ], [ -47.81132, -15.89235 ], [ -47.81117, -15.89119 ], [ -47.81098, -15.89213 ], [ -47.80927, -15.89107 ], [ -47.81082, -15.89291 ], [ -47.81059, -15.8941 ] ] ], [ [ [ -47.81059, -15.8941 ], [ -47.80927, -15.89107 ], [ -47.80871, -15.89418 ], [ -47.81059, -15.8941 ] ] ], [ [ [ -47.80679, -15.88799 ], [ -47.8068, -15.89188 ], [ -47.80786, -15.89155 ], [ -47.80679, -15.88799 ] ] ], [ [ [ -47.8078, -15.88768 ], [ -47.80786, -15.89155 ], [ -47.80927, -15.89107 ], [ -47.8078, -15.88768 ] ] ] ] } },
{ "type": "Feature", "properties": { "cluster": 1211.0, "hvi": 0.1142, "population": 807, "setores": 2, "municipio": "Brasília" }, "geometry": { "type": "Polygon", "coordinates": [ [ [ -47.79035, -15.82637 ], [ -47.79474, -15.83299 ], [ -47.79871, -15.83351 ], [ -47.80148, -15.83167 ], [ -47.79532, -15.82316 ], [ -47.79035, -15.82637 ] ] ] } },
{ "type": "Feature", "properties": { "cluster": 1212.0, "hvi": 0.1352, "population": 2620, "setores": 3, "municipio": "Brasília" }, "geometry": { "type": "MultiPolygon", "coordinates": [ [ [ [ -48.04242, -15.93809 ], [ -48.0444, -15.93221 ], [ -48.04293, -15.93176 ], [ -48.04242, -15.93809 ] ] ], [ [ [ -48.0444, -15.92713 ], [ -48.04367, -15.9269 ], [ -48.04435, -15.92473 ], [ -48.04272, -15.92421 ], [ -48.04365, -15.9269 ], [ -48.04185, -15.92634 ], [ -48.03793, -15.93653 ], [ -48.04095, -15.93758 ], [ -48.0444, -15.92713 ] ] ] ] } },
{ "type": "Feature", "properties": { "cluster": 1213.0, "hvi": 0.1332, "population": 1639, "setores": 2, "municipio": "Brasília" }, "geometry": { "type": "MultiPolygon", "coordinates": [ [ [ [ -48.04527, -15.92182 ], [ -48.0462, -15.91875 ], [ -48.04456, -15.91828 ], [ -48.04527, -15.92182 ] ] ], [ [ [ -48.0462, -15.91875 ], [ -48.04651, -15.91602 ], [ -48.04538, -15.91569 ], [ -48.0462, -15.91875 ] ] ] ] } },
{ "type": "Feature", "properties": { "cluster": 1214.0, "hvi": 0.1404, "population": 2925, "setores": 3, "municipio": "Brasília" }, "geometry": { "type": "Polygon", "coordinates": [ [ [ -48.05321, -15.91647 ], [ -48.0532, -15.91484 ], [ -48.05004, -15.91451 ], [ -48.05023, -15.91393 ], [ -48.04792, -15.91321 ], [ -48.04819, -15.91235 ], [ -48.04538, -15.91569 ], [ -48.04904, -15.91766 ], [ -48.04927, -15.91692 ], [ -48.05321, -15.91647 ] ] ] } },
{ "type": "Feature", "properties": { "cluster": 1215.0, "hvi": 0.1226, "population": 2487, "setores": 4, "municipio": "Brasília" }, "geometry": { "type": "MultiPolygon", "coordinates": [ [ [ [ -48.05459, -15.91764 ], [ -48.055, -15.91635 ], [ -48.05299, -15.91715 ], [ -48.05459, -15.91764 ] ] ], [ [ [ -48.05367, -15.91637 ], [ -48.05288, -15.91347 ], [ -48.05004, -15.91451 ], [ -48.05367, -15.91637 ] ] ], [ [ [ -48.05023, -15.91393 ], [ -48.05107, -15.91129 ], [ -48.04792, -15.91321 ], [ -48.05023, -15.91393 ] ] ], [ [ [ -48.04873, -15.9106 ], [ -48.0471, -15.91014 ], [ -48.04819, -15.91235 ], [ -48.04873, -15.9106 ] ] ] ] } },
{ "type": "Feature", "properties": { "cluster": 1216.0, "hvi": 0.1222, "population": 1799, "setores": 3, "municipio": "Brasília" }, "geometry": { "type": "MultiPolygon", "coordinates": [ [ [ [ -48.05208, -15.90814 ], [ -48.04882, -15.90711 ], [ -48.05107, -15.91129 ], [ -48.05208, -15.90814 ] ] ], [ [ [ -48.05286, -15.90569 ], [ -48.0539, -15.90883 ], [ -48.05712, -15.90698 ], [ -48.05286, -15.90569 ] ] ], [ [ [ -48.05309, -15.90498 ], [ -48.0515, -15.90489 ], [ -48.05208, -15.90814 ], [ -48.05286, -15.90569 ], [ -48.05309, -15.90498 ] ] ] ] } },
{ "type": "Feature", "properties": { "cluster": 1217.0, "hvi": 0.1351, "population": 2539, "setores": 3, "municipio": "Brasília" }, "geometry": { "type": "MultiPolygon", "coordinates": [ [ [ [ -48.03955, -15.90432 ], [ -48.04003, -15.9028 ], [ -48.03559, -15.90148 ], [ -48.0395, -15.90449 ], [ -48.04248, -15.9052 ], [ -48.04309, -15.90327 ], [ -48.03955, -15.90432 ] ] ], [ [ [ -48.04612, -15.90163 ], [ -48.04446, -15.90114 ], [ -48.04539, -15.90389 ], [ -48.04612, -15.90163 ] ] ] ] } },
{ "type": "Feature", "properties": { "cluster": 1218.0, "hvi": 0.1227, "population": 2993, "setores": 5, "municipio": "Brasília" }, "geometry": { "type": "MultiPolygon", "coordinates": [ [ [ [ -48.04696, -15.90437 ], [ -48.04767, -15.9034 ], [ -48.05217, -15.90289 ], [ -48.0526, -15.90164 ], [ -48.05421, -15.90149 ], [ -48.05445, -15.90077 ], [ -48.04956, -15.89928 ], [ -48.04869, -15.90201 ], [ -48.04539, -15.90389 ], [ -48.04696, -15.90437 ] ], [ [ -48.05115, -15.90178 ], [ -48.04781, -15.90321 ], [ -48.04869, -15.90201 ], [ -48.05115, -15.90178 ] ] ], [ [ [ -48.05722, -15.89852 ], [ -48.05445, -15.90077 ], [ -48.05699, -15.90151 ], [ -48.05722, -15.89852 ] ] ], [ [ [ -48.04781, -15.89633 ], [ -48.04956, -15.89928 ], [ -48.05028, -15.89708 ], [ -48.04781, -15.89633 ] ] ] ] } },
{ "type": "Feature", "properties": { "cluster": 1219.0, "hvi": 0.1218, "population": 2351, "setores": 4, "municipio": "Brasília" }, "geometry": { "type": "MultiPolygon", "coordinates": [ [ [ [ -48.04869, -15.90201 ], [ -48.04693, -15.90096 ], [ -48.04622, -15.90128 ], [ -48.04869, -15.90201 ] ] ], [ [ [ -48.04902, -15.901 ], [ -48.04956, -15.89928 ], [ -48.04693, -15.90096 ], [ -48.04902, -15.901 ] ] ], [ [ [ -48.0471, -15.89855 ], [ -48.04545, -15.89806 ], [ -48.04655, -15.90026 ], [ -48.0471, -15.89855 ] ] ], [ [ [ -48.04545, -15.89806 ], [ -48.04328, -15.89742 ], [ -48.0449, -15.89976 ], [ -48.04545, -15.89806 ] ] ] ] } },
{ "type": "Feature", "properties": { "cluster": 1220.0, "hvi": 0.1386, "population": 2796, "setores": 3, "municipio": "Brasília" }, "geometry": { "type": "Polygon", "coordinates": [ [ [ -48.05445, -15.90077 ], [ -48.05606, -15.89573 ], [ -48.05185, -15.897 ], [ -48.05236, -15.89607 ], [ -48.05029, -15.89541 ], [ -48.05071, -15.89783 ], [ -48.04982, -15.89847 ], [ -48.05445, -15.90077 ] ] ] } },
{ "type": "Feature", "properties": { "cluster": 1221.0, "hvi": 0.1339, "population": 2550, "setores": 3, "municipio": "Brasília" }, "geometry": { "type": "MultiPolygon", "coordinates": [ [ [ [ -48.04132, -15.89681 ], [ -48.04328, -15.89742 ], [ -48.04468, -15.89458 ], [ -48.04132, -15.89681 ] ] ], [ [ [ -48.04829, -15.89169 ], [ -48.04574, -15.89352 ], [ -48.04604, -15.89618 ], [ -48.04829, -15.89169 ] ] ], [ [ [ -48.04574, -15.89352 ], [ -48.04509, -15.89052 ], [ -48.04121, -15.89213 ], [ -48.04468, -15.89458 ], [ -48.04574, -15.89352 ] ] ] ] } },
{ "type": "Feature", "properties": { "cluster": 1222.0, "hvi": 0.116, "population": 2809, "setores": 6, "municipio": "Brasília" }, "geometry": { "type": "MultiPolygon", "coordinates": [ [ [ [ -48.05028, -15.89708 ], [ -48.05031, -15.89542 ], [ -48.05236, -15.89607 ], [ -48.05291, -15.89435 ], [ -48.04781, -15.89633 ], [ -48.05028, -15.89708 ] ] ], [ [ [ -48.04659, -15.89447 ], [ -48.04781, -15.89633 ], [ -48.04823, -15.89502 ], [ -48.04659, -15.89447 ] ] ], [ [ [ -48.05031, -15.89533 ], [ -48.05074, -15.89394 ], [ -48.04831, -15.89477 ], [ -48.05031, -15.89533 ] ] ], [ [ [ -48.04704, -15.89306 ], [ -48.04823, -15.89502 ], [ -48.04868, -15.89358 ], [ -48.04704, -15.89306 ] ] ], [ [ [ -48.05121, -15.89247 ], [ -48.05291, -15.89435 ], [ -48.05331, -15.89311 ], [ -48.05121, -15.89247 ] ] ] ] } },
{ "type": "Feature", "properties": { "cluster": 1223.0, "hvi": 0.1186, "population": 2648, "setores": 5, "municipio": "Brasília" }, "geometry": { "type": "MultiPolygon", "coordinates": [ [ [ [ -48.05374, -15.89175 ], [ -48.05226, -15.8913 ], [ -48.05331, -15.89311 ], [ -48.05374, -15.89175 ] ] ], [ [ [ -48.04849, -15.89213 ], [ -48.05071, -15.89189 ], [ -48.04829, -15.89169 ], [ -48.04849, -15.89213 ] ] ], [ [ [ -48.05442, -15.88961 ], [ -48.05572, -15.88509 ], [ -48.0508, -15.8907 ], [ -48.05374, -15.89175 ], [ -48.05442, -15.88961 ] ] ], [ [ [ -48.05532, -15.88723 ], [ -48.05442, -15.88961 ], [ -48.05729, -15.89044 ], [ -48.0571, -15.88726 ], [ -48.05532, -15.88723 ] ] ] ] } },
{ "type": "Feature", "properties": { "cluster": 1224.0, "hvi": 0.1192, "population": 1105, "setores": 2, "municipio": "Brasília" }, "geometry": { "type": "Polygon", "coordinates": [ [ [ -48.01387, -15.94831 ], [ -48.017, -15.94934 ], [ -48.01575, -15.94822 ], [ -48.01754, -15.94878 ], [ -48.0147, -15.94553 ], [ -48.01161, -15.94448 ], [ -48.01387, -15.94831 ] ] ] } },
{ "type": "Feature", "properties": { "cluster": 1225.0, "hvi": 0.1316, "population": 2383, "setores": 3, "municipio": "Brasília" }, "geometry": { "type": "Polygon", "coordinates": [ [ [ -48.04983, -15.95438 ], [ -48.03519, -15.94293 ], [ -48.0336, -15.94482 ], [ -48.03668, -15.94727 ], [ -48.03288, -15.94686 ], [ -48.03552, -15.94867 ], [ -48.03606, -15.94802 ], [ -48.04336, -15.96398 ], [ -48.04983, -15.95438 ] ] ] } },
{ "type": "Feature", "properties": { "cluster": 1226.0, "hvi": 0.1384, "population": 2788, "setores": 3, "municipio": "Brasília" }, "geometry": { "type": "Polygon", "coordinates": [ [ [ -48.03149, -15.95346 ], [ -48.03552, -15.94867 ], [ -48.03335, -15.94512 ], [ -48.02815, -15.95058 ], [ -48.03149, -15.95346 ] ] ] } },
{ "type": "Feature", "properties": { "cluster": 1227.0, "hvi": 0.1192, "population": 1093, "setores": 2, "municipio": "Brasília" }, "geometry": { "type": "MultiPolygon", "coordinates": [ [ [ [ -48.03479, -15.93869 ], [ -48.03173, -15.93666 ], [ -48.03069, -15.93774 ], [ -48.0355, -15.94177 ], [ -48.03479, -15.93869 ] ] ], [ [ [ -48.03028, -15.94879 ], [ -48.03555, -15.94248 ], [ -48.03069, -15.93774 ], [ -48.0326, -15.93571 ], [ -48.03683, -15.93943 ], [ -48.04185, -15.92634 ], [ -48.02203, -15.94116 ], [ -48.03028, -15.94879 ] ] ] ] } },
{ "type": "Feature", "properties": { "cluster": 1228.0, "hvi": 0.1353, "population": 2534, "setores": 3, "municipio": "Brasília" }, "geometry": { "type": "MultiPolygon", "coordinates": [ [ [ [ -48.04882, -15.90711 ], [ -48.05062, -15.90765 ], [ -48.05142, -15.90513 ], [ -48.05297, -15.90529 ], [ -48.05363, -15.90331 ], [ -48.05047, -15.9024 ], [ -48.04977, -15.90496 ], [ -48.05103, -15.90509 ], [ -48.04882, -15.90711 ] ] ], [ [ [ -48.049, -15.90652 ], [ -48.04539, -15.90389 ], [ -48.04882, -15.90711 ], [ -48.049, -15.90652 ] ] ] ] } },
{ "type": "Feature", "properties": { "cluster": 1229.0, "hvi": 0.1216, "population": 2973, "setores": 5, "municipio": "Brasília" }, "geometry": { "type": "MultiPolygon", "coordinates": [ [ [ [ -48.04539, -15.90389 ], [ -48.04309, -15.90327 ], [ -48.04475, -15.90588 ], [ -48.04539, -15.90389 ] ] ], [ [ [ -48.04446, -15.90114 ], [ -48.04214, -15.90047 ], [ -48.04245, -15.90138 ], [ -48.04169, -15.9001 ], [ -48.04017, -15.90239 ], [ -48.04253, -15.90161 ], [ -48.04309, -15.90327 ], [ -48.04446, -15.90114 ] ] ], [ [ [ -48.0449, -15.89976 ], [ -48.04612, -15.90163 ], [ -48.04655, -15.90026 ], [ -48.0449, -15.89976 ] ] ], [ [ [ -48.04243, -15.89903 ], [ -48.04446, -15.90114 ], [ -48.0449, -15.89976 ], [ -48.04243, -15.89903 ] ] ] ] } },
{ "type": "Feature", "properties": { "cluster": 1230.0, "hvi": 0.1204, "population": 563, "setores": 1, "municipio": "Brasília" }, "geometry": { "type": "Polygon", "coordinates": [ [ [ -48.04869, -15.90387 ], [ -48.0497, -15.90519 ], [ -48.05041, -15.90302 ], [ -48.04869, -15.90387 ] ] ] } },
{ "type": "Feature", "properties": { "cluster": 1231.0, "hvi": 0.1322, "population": 2437, "setores": 3, "municipio": "Brasília" }, "geometry": { "type": "Polygon", "coordinates": [ [ [ -48.02076, -15.96614 ], [ -48.02452, -15.95995 ], [ -48.02715, -15.95854 ], [ -48.02927, -15.95608 ], [ -48.02569, -15.95317 ], [ -48.02361, -15.9553 ], [ -48.02558, -15.9571 ], [ -48.02239, -15.9542 ], [ -48.01731, -15.96305 ], [ -48.02076, -15.96614 ] ] ] } },
{ "type": "Feature", "properties": { "cluster": 1232.0, "hvi": 0.1445, "population": 1084, "setores": 1, "municipio": "Brasília" }, "geometry": { "type": "Polygon", "coordinates": [ [ [ -48.0444, -15.92713 ], [ -48.0444, -15.93221 ], [ -48.04589, -15.92753 ], [ -48.0444, -15.92713 ] ] ] } },
{ "type": "Feature", "properties": { "cluster": 1233.0, "hvi": 0.1275, "population": 2910, "setores": 4, "municipio": "Brasília" }, "geometry": { "type": "MultiPolygon", "coordinates": [ [ [ [ -48.05533, -15.89586 ], [ -48.05685, -15.89327 ], [ -48.05452, -15.89561 ], [ -48.05533, -15.89586 ] ] ], [ [ [ -48.05461, -15.89528 ], [ -48.05539, -15.89284 ], [ -48.05279, -15.89472 ], [ -48.05461, -15.89528 ] ] ], [ [ [ -48.05773, -15.89054 ], [ -48.05622, -15.89013 ], [ -48.05685, -15.89327 ], [ -48.05773, -15.89054 ] ] ], [ [ [ -48.05622, -15.89013 ], [ -48.05442, -15.88961 ], [ -48.05539, -15.89284 ], [ -48.05622, -15.89013 ] ] ] ] } },
{ "type": "Feature", "properties": { "cluster": 1234.0, "hvi": 0.1271, "population": 2806, "setores": 4, "municipio": "Brasília" }, "geometry": { "type": "MultiPolygon", "coordinates": [ [ [ [ -48.04997, -15.8885 ], [ -48.04509, -15.89052 ], [ -48.04829, -15.89169 ], [ -48.04997, -15.8885 ] ] ], [ [ [ -48.04903, -15.89138 ], [ -48.05303, -15.88876 ], [ -48.05367, -15.88102 ], [ -48.04997, -15.8885 ], [ -48.04903, -15.89138 ] ] ], [ [ [ -48.0571, -15.88727 ], [ -48.05662, -15.88509 ], [ -48.05694, -15.88513 ], [ -48.05773, -15.89054 ], [ -48.06037, -15.88246 ], [ -48.05367, -15.88102 ], [ -48.05393, -15.88473 ], [ -48.05532, -15.88723 ], [ -48.0571, -15.88727 ] ] ] ] } },
{ "type": "Feature", "properties": { "cluster": 1235.0, "hvi": 0.1304, "population": 2306, "setores": 3, "municipio": "Brasília" }, "geometry": { "type": "MultiPolygon", "coordinates": [ [ [ [ -48.04011, -15.90067 ], [ -48.04066, -15.90137 ], [ -48.04328, -15.89742 ], [ -48.04011, -15.90067 ] ] ], [ [ [ -48.04781, -15.89633 ], [ -48.04404, -15.89557 ], [ -48.0471, -15.89855 ], [ -48.04781, -15.89633 ] ] ], [ [ [ -48.03951, -15.89812 ], [ -48.04215, -15.89424 ], [ -48.03899, -15.89796 ], [ -48.03951, -15.89812 ] ] ] ] } },
{ "type": "Feature", "properties": { "cluster": 1236.0, "hvi": 0.1364, "population": 2717, "setores": 3, "municipio": "Brasília" }, "geometry": { "type": "MultiPolygon", "coordinates": [ [ [ [ -48.035, -15.90319 ], [ -48.03726, -15.90058 ], [ -48.03667, -15.90026 ], [ -48.0325, -15.90246 ], [ -48.035, -15.90319 ] ] ], [ [ [ -48.04003, -15.9028 ], [ -48.03951, -15.90126 ], [ -48.04119, -15.89725 ], [ -48.03688, -15.90184 ], [ -48.04003, -15.9028 ] ] ] ] } },
{ "type": "Feature", "properties": { "cluster": 1237.0, "hvi": 0.1306, "population": 791, "setores": 1, "municipio": "Brasília" }, "geometry": { "type": "Polygon", "coordinates": [ [ [ -48.05421, -15.90149 ], [ -48.05212, -15.90308 ], [ -48.05363, -15.90331 ], [ -48.05421, -15.90149 ] ] ] } },
{ "type": "Feature", "properties": { "cluster": 1238.0, "hvi": 0.1282, "population": 708, "setores": 1, "municipio": "Brasília" }, "geometry": { "type": "Polygon", "coordinates": [ [ [ -48.051, -15.89124 ], [ -48.04874, -15.89336 ], [ -48.05074, -15.89394 ], [ -48.051, -15.89124 ] ] ] } },
{ "type": "Feature", "properties": { "cluster": 1239.0, "hvi": 0.1075, "population": 2750, "setores": 11, "municipio": "Brasília" }, "geometry": { "type": "MultiPolygon", "coordinates": [ [ [ [ -48.02081, -15.94173 ], [ -48.04203, -15.92645 ], [ -48.0481, -15.90689 ], [ -48.02972, -15.9012 ], [ -48.03867, -15.8992 ], [ -48.03314, -15.89904 ], [ -48.0281, -15.90071 ], [ -48.02039, -15.89832 ], [ -48.00983, -15.90565 ], [ -48.00758, -15.90194 ], [ -48.00914, -15.90245 ], [ -48.00734, -15.89789 ], [ -48.00607, -15.89948 ], [ -48.00478, -15.89736 ], [ -47.99143, -15.887 ], [ -47.9888, -15.88735 ], [ -47.98762, -15.90286 ], [ -47.98202, -15.91714 ], [ -47.98382, -15.92502 ], [ -47.98383, -15.92846 ], [ -47.98181, -15.92101 ], [ -47.97737, -15.92048 ], [ -47.99523, -15.94697 ], [ -48.00044, -15.94572 ], [ -48.00509, -15.95212 ], [ -48.01731, -15.96305 ], [ -48.02239, -15.9542 ], [ -48.0116, -15.9455 ], [ -48.01265, -15.94442 ], [ -48.02361, -15.9553 ], [ -48.03001, -15.94853 ], [ -48.02081, -15.94173 ] ], [ [ -47.99237, -15.93464 ], [ -47.99414, -15.93707 ], [ -47.98383, -15.92846 ], [ -47.99237, -15.93464 ] ], [ [ -48.02936, -15.90109 ], [ -48.02817, -15.90072 ], [ -48.03212, -15.89959 ], [ -48.02936, -15.90109 ] ], [ [ -47.99962, -15.92166 ], [ -48.00309, -15.91086 ], [ -48.00394, -15.91027 ], [ -47.99962, -15.92166 ] ], [ [ -48.01775, -15.93947 ], [ -48.01761, -15.93937 ], [ -48.01139, -15.93008 ], [ -48.01775, -15.93947 ] ] ], [ [ [ -48.03459, -15.937 ], [ -48.03173, -15.93666 ], [ -48.03479, -15.93869 ], [ -48.0363, -15.94088 ], [ -48.03459, -15.937 ] ] ], [ [ [ -48.04873, -15.9106 ], [ -48.04882, -15.90711 ], [ -48.0481, -15.90689 ], [ -48.04873, -15.9106 ] ] ] ] } },
{ "type": "Feature", "properties": { "cluster": 1240.0, "hvi": 0.1107, "population": 2678, "setores": 7, "municipio": "Brasília" }, "geometry": { "type": "Polygon", "coordinates": [ [ [ -48.03799, -15.9457 ], [ -48.03843, -15.94492 ], [ -48.03909, -15.94679 ], [ -48.05596, -15.94041 ], [ -48.04863, -15.9294 ], [ -48.05156, -15.92756 ], [ -48.04779, -15.92158 ], [ -48.04719, -15.92307 ], [ -48.04508, -15.92242 ], [ -48.04476, -15.92345 ], [ -48.04717, -15.92313 ], [ -48.04673, -15.92423 ], [ -48.04423, -15.92514 ], [ -48.04613, -15.92571 ], [ -48.04366, -15.92693 ], [ -48.04545, -15.92741 ], [ -48.04112, -15.93821 ], [ -48.03886, -15.93843 ], [ -48.0378, -15.93688 ], [ -48.03633, -15.94113 ], [ -48.03816, -15.94261 ], [ -48.0355, -15.94177 ], [ -48.03468, -15.94472 ], [ -48.03799, -15.9457 ] ] ] } },
{ "type": "Feature", "properties": { "cluster": 1241.0, "hvi": 0.1295, "population": 2475, "setores": 4, "municipio": "Brasília" }, "geometry": { "type": "MultiPolygon", "coordinates": [ [ [ [ -48.04121, -15.89213 ], [ -48.04509, -15.89052 ], [ -48.04996, -15.8885 ], [ -48.05345, -15.88144 ], [ -48.04707, -15.87707 ], [ -48.03923, -15.87595 ], [ -48.04366, -15.87754 ], [ -48.0398, -15.87807 ], [ -48.03926, -15.88329 ], [ -48.02749, -15.89046 ], [ -48.02116, -15.89898 ], [ -48.03867, -15.8992 ], [ -48.04002, -15.89452 ], [ -48.04358, -15.89423 ], [ -48.04397, -15.89296 ], [ -48.04121, -15.89213 ] ], [ [ -48.04005, -15.89444 ], [ -48.04065, -15.89236 ], [ -48.04121, -15.89213 ], [ -48.04005, -15.89444 ] ] ], [ [ [ -48.04679, -15.89256 ], [ -48.04829, -15.89169 ], [ -48.04509, -15.89052 ], [ -48.04679, -15.89256 ] ] ] ] } },
{ "type": "Feature", "properties": { "cluster": 1242.0, "hvi": 0.1499, "population": 2168, "setores": 2, "municipio": "Brasília" }, "geometry": { "type": "Polygon", "coordinates": [ [ [ -47.97751, -15.85817 ], [ -47.97184, -15.85935 ], [ -47.97205, -15.86321 ], [ -47.97926, -15.85889 ], [ -47.98191, -15.86061 ], [ -47.98113, -15.86144 ], [ -47.98333, -15.86383 ], [ -47.98679, -15.86429 ], [ -48.00064, -15.85042 ], [ -47.99672, -15.84564 ], [ -47.98967, -15.8442 ], [ -47.98631, -15.84757 ], [ -47.97751, -15.85817 ] ], [ [ -47.98723, -15.85487 ], [ -47.98681, -15.85534 ], [ -47.98631, -15.84757 ], [ -47.98723, -15.85487 ] ] ] } },
{ "type": "Feature", "properties": { "cluster": 1243.0, "hvi": 0.1305, "population": 2789, "setores": 4, "municipio": "Brasília" }, "geometry": { "type": "Polygon", "coordinates": [ [ [ -47.99523, -15.94697 ], [ -47.97732, -15.9179 ], [ -47.9778, -15.91843 ], [ -47.98429, -15.90016 ], [ -47.98138, -15.89918 ], [ -47.98431, -15.89998 ], [ -47.98551, -15.88957 ], [ -47.97837, -15.88166 ], [ -47.97207, -15.88362 ], [ -47.97212, -15.88729 ], [ -47.97733, -15.88946 ], [ -47.98027, -15.90262 ], [ -47.96763, -15.90218 ], [ -47.96333, -15.90281 ], [ -47.96024, -15.88386 ], [ -47.95563, -15.88611 ], [ -47.9539, -15.89622 ], [ -47.95775, -15.89545 ], [ -47.96097, -15.90841 ], [ -47.97239, -15.92421 ], [ -47.97011, -15.92566 ], [ -47.97529, -15.92662 ], [ -47.97689, -15.92518 ], [ -47.96362, -15.90453 ], [ -47.96336, -15.90297 ], [ -47.99157, -15.94763 ], [ -47.99523, -15.94697 ] ] ] } },
{ "type": "Feature", "properties": { "cluster": 1244.0, "hvi": 0.1272, "population": 2486, "setores": 4, "municipio": "Brasília" }, "geometry": { "type": "Polygon", "coordinates": [ [ [ -47.96422, -15.95057 ], [ -47.98378, -15.9525 ], [ -47.98174, -15.94818 ], [ -47.98417, -15.95128 ], [ -47.98971, -15.94518 ], [ -47.98469, -15.94418 ], [ -47.9897, -15.94463 ], [ -47.97689, -15.92518 ], [ -47.9722, -15.92711 ], [ -47.96827, -15.93005 ], [ -47.97239, -15.92421 ], [ -47.96097, -15.90841 ], [ -47.95775, -15.89545 ], [ -47.9539, -15.89622 ], [ -47.95976, -15.92241 ], [ -47.96567, -15.92957 ], [ -47.9579, -15.94596 ], [ -47.96422, -15.95057 ] ], [ [ -47.96351, -15.9448 ], [ -47.96324, -15.94399 ], [ -47.98174, -15.94818 ], [ -47.96351, -15.9448 ] ], [ [ -47.96691, -15.93107 ], [ -47.96297, -15.94319 ], [ -47.962, -15.9403 ], [ -47.9657, -15.9296 ], [ -47.96691, -15.93107 ] ] ] } },
{ "type": "Feature", "properties": { "cluster": 1245.0, "hvi": 0.1378, "population": 2567, "setores": 3, "municipio": "Brasília" }, "geometry": { "type": "Polygon", "coordinates": [ [ [ -47.94123, -15.94052 ], [ -47.9586, -15.94634 ], [ -47.95897, -15.93911 ], [ -47.96254, -15.93272 ], [ -47.94812, -15.92456 ], [ -47.94519, -15.93075 ], [ -47.94549, -15.92884 ], [ -47.93908, -15.93152 ], [ -47.94173, -15.93815 ], [ -47.9433, -15.9348 ], [ -47.94123, -15.94052 ] ] ] } },
{ "type": "Feature", "properties": { "cluster": 1246.0, "hvi": 0.1238, "population": 1637, "setores": 3, "municipio": "Brasília" }, "geometry": { "type": "MultiPolygon", "coordinates": [ [ [ [ -47.96289, -15.93222 ], [ -47.95598, -15.92402 ], [ -47.95217, -15.90737 ], [ -47.9495, -15.89395 ], [ -47.9401, -15.89555 ], [ -47.94812, -15.92456 ], [ -47.96289, -15.93222 ] ] ], [ [ [ -47.9629, -15.93205 ], [ -47.96581, -15.92927 ], [ -47.95751, -15.91602 ], [ -47.95341, -15.89335 ], [ -47.9495, -15.89395 ], [ -47.95598, -15.92402 ], [ -47.9629, -15.93205 ] ] ] ] } },
{ "type": "Feature", "properties": { "cluster": 1247.0, "hvi": 0.1516, "population": 2114, "setores": 2, "municipio": "Brasília" }, "geometry": { "type": "Polygon", "coordinates": [ [ [ -47.9395, -15.91729 ], [ -47.9465, -15.92365 ], [ -47.94032, -15.89629 ], [ -47.92941, -15.89851 ], [ -47.9401, -15.89555 ], [ -47.92064, -15.88421 ], [ -47.92542, -15.9104 ], [ -47.93322, -15.91722 ], [ -47.9395, -15.91729 ] ] ] } },
{ "type": "Feature", "properties": { "cluster": 1248.0, "hvi": 0.1287, "population": 2045, "setores": 4, "municipio": "Brasília" }, "geometry": { "type": "MultiPolygon", "coordinates": [ [ [ [ -47.93077, -15.93113 ], [ -47.94086, -15.94001 ], [ -47.93908, -15.93152 ], [ -47.94591, -15.9292 ], [ -47.94812, -15.92456 ], [ -47.9395, -15.91729 ], [ -47.93394, -15.9176 ], [ -47.92277, -15.91056 ], [ -47.92691, -15.91365 ], [ -47.93077, -15.93113 ] ] ], [ [ [ -47.91928, -15.88351 ], [ -47.90608, -15.88116 ], [ -47.88771, -15.86494 ], [ -47.88241, -15.86468 ], [ -47.87628, -15.88041 ], [ -47.89363, -15.90088 ], [ -47.88233, -15.91352 ], [ -47.88982, -15.91116 ], [ -47.90769, -15.91261 ], [ -47.91303, -15.9083 ], [ -47.91203, -15.9059 ], [ -47.92542, -15.9104 ], [ -47.91928, -15.88351 ] ] ] ] } },
{ "type": "Feature", "properties": { "cluster": 1249.0, "hvi": 0.1435, "population": 941, "setores": 2, "municipio": "Brasília" }, "geometry": { "type": "Polygon", "coordinates": [ [ [ -47.96326, -15.90282 ], [ -47.97812, -15.90193 ], [ -47.97649, -15.88794 ], [ -47.97212, -15.88729 ], [ -47.97207, -15.88362 ], [ -47.96139, -15.88224 ], [ -47.96094, -15.88319 ], [ -47.97037, -15.88365 ], [ -47.96024, -15.88386 ], [ -47.96326, -15.90282 ] ] ] } },
{ "type": "Feature", "properties": { "cluster": 1250.0, "hvi": 0.1332, "population": 767, "setores": 1, "municipio": "Brasília" }, "geometry": { "type": "Polygon", "coordinates": [ [ [ -47.97889, -15.87319 ], [ -47.99207, -15.8765 ], [ -47.99389, -15.869 ], [ -47.97796, -15.86478 ], [ -47.97889, -15.87319 ] ] ] } },
{ "type": "Feature", "properties": { "cluster": 1251.0, "hvi": 0.1032, "population": 195, "setores": 1, "municipio": "Brasília" }, "geometry": { "type": "Polygon", "coordinates": [ [ [ -47.97043, -15.97476 ], [ -47.97118, -15.96072 ], [ -47.96634, -15.96786 ], [ -47.95729, -15.96859 ], [ -47.95586, -15.97933 ], [ -47.97043, -15.97476 ] ] ] } },
{ "type": "Feature", "properties": { "cluster": 1252.0, "hvi": 0.165, "population": 2238, "setores": 2, "municipio": "Brasília" }, "geometry": { "type": "MultiPolygon", "coordinates": [ [ [ [ -47.87778, -15.71026 ], [ -47.86812, -15.71648 ], [ -47.86971, -15.71947 ], [ -47.87679, -15.71527 ], [ -47.87778, -15.71026 ] ] ], [ [ [ -47.87584, -15.71135 ], [ -47.87675, -15.71083 ], [ -47.87452, -15.70733 ], [ -47.87584, -15.71135 ] ] ] ] } },
{ "type": "Feature", "properties": { "cluster": 1253.0, "hvi": 0.1285, "population": 2789, "setores": 4, "municipio": "Brasília" }, "geometry": { "type": "MultiPolygon", "coordinates": [ [ [ [ -47.87993, -15.71223 ], [ -47.88073, -15.71162 ], [ -47.87778, -15.71026 ], [ -47.87993, -15.71223 ] ] ], [ [ [ -47.87906, -15.7095 ], [ -47.87705, -15.70981 ], [ -47.87452, -15.70733 ], [ -47.87675, -15.71083 ], [ -47.87906, -15.7095 ] ] ], [ [ [ -47.88114, -15.70801 ], [ -47.88066, -15.70687 ], [ -47.87954, -15.70884 ], [ -47.88114, -15.70801 ] ] ], [ [ [ -47.87927, -15.70922 ], [ -47.88125, -15.71166 ], [ -47.89193, -15.70696 ], [ -47.88475, -15.70147 ], [ -47.88155, -15.70485 ], [ -47.88287, -15.70831 ], [ -47.87927, -15.70922 ] ] ] ] } },
{ "type": "Feature", "properties": { "cluster": 1254.0, "hvi": 0.1197, "population": 1045, "setores": 2, "municipio": "Brasília" }, "geometry": { "type": "MultiPolygon", "coordinates": [ [ [ [ -47.87584, -15.71135 ], [ -47.8751, -15.71007 ], [ -47.87052, -15.71462 ], [ -47.87584, -15.71135 ] ] ], [ [ [ -47.8711, -15.70984 ], [ -47.8751, -15.71007 ], [ -47.87449, -15.70912 ], [ -47.8711, -15.70984 ] ] ] ] } },
{ "type": "Feature", "properties": { "cluster": 1255.0, "hvi": 0.1527, "population": 1190, "setores": 1, "municipio": "Brasília" }, "geometry": { "type": "Polygon", "coordinates": [ [ [ -47.88191, -15.70595 ], [ -47.88149, -15.70885 ], [ -47.88287, -15.70831 ], [ -47.88191, -15.70595 ] ] ] } },
{ "type": "Feature", "properties": { "cluster": 1256.0, "hvi": 0.1176, "population": 497, "setores": 1, "municipio": "Brasília" }, "geometry": { "type": "Polygon", "coordinates": [ [ [ -47.81879, -15.64409 ], [ -47.81711, -15.64313 ], [ -47.81697, -15.64524 ], [ -47.81879, -15.64409 ] ] ] } },
{ "type": "Feature", "properties": { "cluster": 1257.0, "hvi": 0.1361, "population": 1753, "setores": 2, "municipio": "Brasília" }, "geometry": { "type": "Polygon", "coordinates": [ [ [ -47.82077, -15.65197 ], [ -47.82368, -15.65203 ], [ -47.82372, -15.64929 ], [ -47.81888, -15.647 ], [ -47.82036, -15.6498 ], [ -47.82093, -15.64971 ], [ -47.82077, -15.65197 ] ] ] } },
{ "type": "Feature", "properties": { "cluster": 1258.0, "hvi": 0.126, "population": 2794, "setores": 4, "municipio": "Brasília" }, "geometry": { "type": "MultiPolygon", "coordinates": [ [ [ [ -47.82598, -15.65205 ], [ -47.82969, -15.65065 ], [ -47.82703, -15.64885 ], [ -47.82737, -15.64759 ], [ -47.82598, -15.64734 ], [ -47.82662, -15.65009 ], [ -47.82372, -15.64929 ], [ -47.82368, -15.65203 ], [ -47.82598, -15.65205 ] ] ], [ [ [ -47.83028, -15.64847 ], [ -47.82737, -15.64759 ], [ -47.82997, -15.64958 ], [ -47.83028, -15.64847 ] ] ] ] } },
{ "type": "Feature", "properties": { "cluster": 1259.0, "hvi": 0.1304, "population": 2996, "setores": 4, "municipio": "Brasília" }, "geometry": { "type": "Polygon", "coordinates": [ [ [ -47.82443, -15.6426 ], [ -47.82532, -15.64099 ], [ -47.82153, -15.638 ], [ -47.82258, -15.64164 ], [ -47.82362, -15.64043 ], [ -47.82442, -15.6426 ], [ -47.81819, -15.64316 ], [ -47.82344, -15.64688 ], [ -47.82612, -15.64348 ], [ -47.82443, -15.6426 ] ] ] } },
{ "type": "Feature", "properties": { "cluster": 1260.0, "hvi": 0.1208, "population": 2850, "setores": 5, "municipio": "Brasília" }, "geometry": { "type": "MultiPolygon", "coordinates": [ [ [ [ -47.82703, -15.64175 ], [ -47.82532, -15.64099 ], [ -47.82612, -15.64348 ], [ -47.82703, -15.64175 ] ] ], [ [ [ -47.82798, -15.63973 ], [ -47.82606, -15.64019 ], [ -47.82725, -15.63873 ], [ -47.82502, -15.63869 ], [ -47.82545, -15.6395 ], [ -47.82405, -15.63791 ], [ -47.82389, -15.63978 ], [ -47.8222, -15.63624 ], [ -47.82205, -15.63832 ], [ -47.82385, -15.64022 ], [ -47.82724, -15.64152 ], [ -47.82679, -15.64102 ], [ -47.82798, -15.63973 ] ] ] ] } },
{ "type": "Feature", "properties": { "cluster": 1261.0, "hvi": 0.1318, "population": 2328, "setores": 3, "municipio": "Brasília" }, "geometry": { "type": "MultiPolygon", "coordinates": [ [ [ [ -47.82612, -15.64348 ], [ -47.82794, -15.64442 ], [ -47.82873, -15.643 ], [ -47.82612, -15.64348 ] ] ], [ [ [ -47.82873, -15.643 ], [ -47.83134, -15.63985 ], [ -47.83182, -15.63645 ], [ -47.82329, -15.63496 ], [ -47.82802, -15.63989 ], [ -47.82873, -15.643 ] ] ] ] } },
{ "type": "Feature", "properties": { "cluster": 1262.0, "hvi": 0.1287, "population": 2898, "setores": 4, "municipio": "Brasília" }, "geometry": { "type": "Polygon", "coordinates": [ [ [ -47.84662, -15.63585 ], [ -47.85061, -15.63546 ], [ -47.85125, -15.63165 ], [ -47.84839, -15.63182 ], [ -47.8461, -15.63563 ], [ -47.84564, -15.63264 ], [ -47.84132, -15.63172 ], [ -47.84331, -15.63471 ], [ -47.84331, -15.6387 ], [ -47.8468, -15.63819 ], [ -47.84662, -15.63585 ] ] ] } },
{ "type": "Feature", "properties": { "cluster": 1263.0, "hvi": 0.1429, "population": 1929, "setores": 2, "municipio": "Brasília" }, "geometry": { "type": "MultiPolygon", "coordinates": [ [ [ [ -47.84331, -15.63468 ], [ -47.84132, -15.63172 ], [ -47.84137, -15.63848 ], [ -47.84331, -15.63468 ] ] ], [ [ [ -47.84137, -15.63848 ], [ -47.84111, -15.63135 ], [ -47.83941, -15.63134 ], [ -47.84137, -15.63848 ] ] ] ] } },
{ "type": "Feature", "properties": { "cluster": 1264.0, "hvi": 0.1401, "population": 2823, "setores": 3, "municipio": "Brasília" }, "geometry": { "type": "MultiPolygon", "coordinates": [ [ [ [ -47.8404, -15.62689 ], [ -47.83883, -15.62688 ], [ -47.83749, -15.62687 ], [ -47.8375, -15.63132 ], [ -47.84111, -15.63135 ], [ -47.8404, -15.62689 ] ] ], [ [ [ -47.84165, -15.62392 ], [ -47.83883, -15.62688 ], [ -47.84346, -15.62568 ], [ -47.84165, -15.62392 ] ] ], [ [ [ -47.83369, -15.61831 ], [ -47.83517, -15.625 ], [ -47.83912, -15.6251 ], [ -47.83369, -15.61831 ] ] ] ] } },
{ "type": "Feature", "properties": { "cluster": 1265.0, "hvi": 0.1228, "population": 1793, "setores": 3, "municipio": "Brasília" }, "geometry": { "type": "MultiPolygon", "coordinates": [ [ [ [ -47.8375, -15.63132 ], [ -47.83749, -15.62687 ], [ -47.83559, -15.62685 ], [ -47.8375, -15.63132 ] ] ], [ [ [ -47.83559, -15.62685 ], [ -47.8337, -15.62682 ], [ -47.83562, -15.63131 ], [ -47.83559, -15.62685 ] ] ], [ [ [ -47.83883, -15.62688 ], [ -47.83518, -15.62315 ], [ -47.83212, -15.62679 ], [ -47.83883, -15.62688 ] ] ] ] } },
{ "type": "Feature", "properties": { "cluster": 1266.0, "hvi": 0.1218, "population": 2885, "setores": 5, "municipio": "Brasília" }, "geometry": { "type": "MultiPolygon", "coordinates": [ [ [ [ -47.83563, -15.63729 ], [ -47.83753, -15.63768 ], [ -47.83945, -15.63807 ], [ -47.83752, -15.6349 ], [ -47.83563, -15.63729 ] ] ], [ [ [ -47.83561, -15.63492 ], [ -47.83562, -15.63131 ], [ -47.83371, -15.63494 ], [ -47.83561, -15.63492 ] ] ], [ [ [ -47.83941, -15.63134 ], [ -47.83562, -15.63131 ], [ -47.83752, -15.6349 ], [ -47.8375, -15.63133 ], [ -47.83943, -15.63491 ], [ -47.83941, -15.63134 ] ] ] ] } },
{ "type": "Feature", "properties": { "cluster": 1267.0, "hvi": 0.1449, "population": 1999, "setores": 2, "municipio": "Brasília" }, "geometry": { "type": "Polygon", "coordinates": [ [ [ -47.82746, -15.63116 ], [ -47.82987, -15.63045 ], [ -47.82987, -15.63134 ], [ -47.83373, -15.63132 ], [ -47.8337, -15.62682 ], [ -47.82989, -15.62679 ], [ -47.82987, -15.63044 ], [ -47.82486, -15.63044 ], [ -47.82987, -15.63533 ], [ -47.82746, -15.63116 ] ] ] } },
{ "type": "Feature", "properties": { "cluster": 1268.0, "hvi": 0.1339, "population": 1607, "setores": 2, "municipio": "Brasília" }, "geometry": { "type": "MultiPolygon", "coordinates": [ [ [ [ -47.82988, -15.63404 ], [ -47.83371, -15.63494 ], [ -47.83373, -15.63132 ], [ -47.82987, -15.63134 ], [ -47.82988, -15.63404 ] ] ], [ [ [ -47.82987, -15.63115 ], [ -47.82746, -15.63116 ], [ -47.82796, -15.63262 ], [ -47.82987, -15.63115 ] ] ] ] } },
{ "type": "Feature", "properties": { "cluster": 1269.0, "hvi": 0.1285, "population": 1415, "setores": 2, "municipio": "Brasília" }, "geometry": { "type": "Polygon", "coordinates": [ [ [ -47.82486, -15.63044 ], [ -47.82989, -15.63044 ], [ -47.82751, -15.62757 ], [ -47.82987, -15.62934 ], [ -47.82989, -15.62679 ], [ -47.82481, -15.62753 ], [ -47.82486, -15.63044 ] ] ] } },
{ "type": "Feature", "properties": { "cluster": 1270.0, "hvi": 0.1214, "population": 1681, "setores": 3, "municipio": "Brasília" }, "geometry": { "type": "MultiPolygon", "coordinates": [ [ [ [ -47.8337, -15.63688 ], [ -47.83563, -15.63729 ], [ -47.83561, -15.63492 ], [ -47.8337, -15.63688 ] ] ], [ [ [ -47.8337, -15.63688 ], [ -47.83371, -15.63494 ], [ -47.82987, -15.63564 ], [ -47.8337, -15.63688 ] ] ], [ [ [ -47.82987, -15.63564 ], [ -47.82472, -15.63006 ], [ -47.82329, -15.63496 ], [ -47.82624, -15.6341 ], [ -47.82987, -15.63564 ] ] ] ] } },
{ "type": "Feature", "properties": { "cluster": 1271.0, "hvi": 0.1298, "population": 2112, "setores": 4, "municipio": "Brasília" }, "geometry": { "type": "MultiPolygon", "coordinates": [ [ [ [ -47.84636, -15.65641 ], [ -47.84407, -15.65385 ], [ -47.84137, -15.65338 ], [ -47.84103, -15.65701 ], [ -47.84377, -15.66143 ], [ -47.84636, -15.65641 ] ] ], [ [ [ -47.84406, -15.65355 ], [ -47.84636, -15.65641 ], [ -47.84794, -15.64444 ], [ -47.844, -15.63865 ], [ -47.83182, -15.63645 ], [ -47.83035, -15.63916 ], [ -47.83485, -15.64212 ], [ -47.83962, -15.64804 ], [ -47.83792, -15.64951 ], [ -47.84406, -15.65355 ] ] ] ] } },
{ "type": "Feature", "properties": { "cluster": 1272.0, "hvi": 0.1308, "population": 2271, "setores": 3, "municipio": "Brasília" }, "geometry": { "type": "Polygon", "coordinates": [ [ [ -47.84202, -15.66483 ], [ -47.84377, -15.66143 ], [ -47.84025, -15.65919 ], [ -47.84159, -15.65728 ], [ -47.83655, -15.65498 ], [ -47.83531, -15.65737 ], [ -47.83648, -15.66083 ], [ -47.83897, -15.66165 ], [ -47.83984, -15.65906 ], [ -47.84202, -15.66483 ] ] ] } },
{ "type": "Feature", "properties": { "cluster": 1273.0, "hvi": 0.1225, "population": 1086, "setores": 2, "municipio": "Brasília" }, "geometry": { "type": "Polygon", "coordinates": [ [ [ -47.82618, -15.67404 ], [ -47.82446, -15.66929 ], [ -47.81975, -15.67282 ], [ -47.82444, -15.6761 ], [ -47.82598, -15.67549 ], [ -47.82577, -15.67703 ], [ -47.82953, -15.67556 ], [ -47.82641, -15.67238 ], [ -47.82618, -15.67404 ] ] ] } },
{ "type": "Feature", "properties": { "cluster": 1274.0, "hvi": 0.1204, "population": 520, "setores": 1, "municipio": "Brasília" }, "geometry": { "type": "Polygon", "coordinates": [ [ [ -47.81988, -15.66554 ], [ -47.81726, -15.67118 ], [ -47.82367, -15.66504 ], [ -47.81988, -15.66554 ] ] ] } },
{ "type": "Feature", "properties": { "cluster": 1275.0, "hvi": 0.135, "population": 2402, "setores": 3, "municipio": "Brasília" }, "geometry": { "type": "MultiPolygon", "coordinates": [ [ [ [ -47.83677, -15.66799 ], [ -47.83593, -15.66166 ], [ -47.83311, -15.66224 ], [ -47.83355, -15.66625 ], [ -47.83126, -15.66502 ], [ -47.83339, -15.66985 ], [ -47.83879, -15.67028 ], [ -47.83822, -15.66489 ], [ -47.83677, -15.66799 ] ] ], [ [ [ -47.84163, -15.66566 ], [ -47.84154, -15.66397 ], [ -47.83593, -15.66166 ], [ -47.84163, -15.66566 ] ] ] ] } },
{ "type": "Feature", "properties": { "cluster": 1276.0, "hvi": 0.1243, "population": 2382, "setores": 4, "municipio": "Brasília" }, "geometry": { "type": "MultiPolygon", "coordinates": [ [ [ [ -47.84286, -15.67486 ], [ -47.84913, -15.67187 ], [ -47.84113, -15.67339 ], [ -47.84286, -15.67486 ] ] ], [ [ [ -47.84793, -15.66825 ], [ -47.84458, -15.67129 ], [ -47.85289, -15.67146 ], [ -47.84793, -15.66825 ] ] ] ] } },
{ "type": "Feature", "properties": { "cluster": 1277.0, "hvi": 0.1205, "population": 1612, "setores": 3, "municipio": "Brasília" }, "geometry": { "type": "MultiPolygon", "coordinates": [ [ [ [ -47.84698, -15.67826 ], [ -47.84632, -15.67921 ], [ -47.84843, -15.68274 ], [ -47.85012, -15.68089 ], [ -47.84698, -15.67826 ] ] ], [ [ [ -47.84635, -15.6721 ], [ -47.84286, -15.67486 ], [ -47.84935, -15.67621 ], [ -47.84444, -15.67617 ], [ -47.86071, -15.68736 ], [ -47.86532, -15.68341 ], [ -47.85746, -15.67634 ], [ -47.85676, -15.67108 ], [ -47.84635, -15.6721 ] ] ] ] } },
{ "type": "Feature", "properties": { "cluster": 1278.0, "hvi": 0.1443, "population": 955, "setores": 1, "municipio": "Brasília" }, "geometry": { "type": "Polygon", "coordinates": [ [ [ -47.84921, -15.66184 ], [ -47.85278, -15.66385 ], [ -47.8529, -15.66819 ], [ -47.85647, -15.66893 ], [ -47.85783, -15.66236 ], [ -47.85062, -15.65976 ], [ -47.84921, -15.66184 ] ] ] } },
{ "type": "Feature", "properties": { "cluster": 1279.0, "hvi": 0.1285, "population": 2674, "setores": 4, "municipio": "Brasília" }, "geometry": { "type": "MultiPolygon", "coordinates": [ [ [ [ -47.85524, -15.67245 ], [ -47.85647, -15.66893 ], [ -47.85058, -15.6703 ], [ -47.85524, -15.67245 ] ] ], [ [ [ -47.84907, -15.67029 ], [ -47.85329, -15.66927 ], [ -47.85219, -15.66571 ], [ -47.84816, -15.66812 ], [ -47.85278, -15.66385 ], [ -47.84848, -15.6632 ], [ -47.84781, -15.6642 ], [ -47.84761, -15.6626 ], [ -47.84322, -15.66739 ], [ -47.84366, -15.67117 ], [ -47.84794, -15.66826 ], [ -47.84907, -15.67029 ] ] ] ] } },
{ "type": "Feature", "properties": { "cluster": 1280.0, "hvi": 0.1233, "population": 2687, "setores": 5, "municipio": "Brasília" }, "geometry": { "type": "MultiPolygon", "coordinates": [ [ [ [ -47.86011, -15.66095 ], [ -47.85618, -15.65597 ], [ -47.85431, -15.66092 ], [ -47.85783, -15.66236 ], [ -47.86011, -15.66095 ] ] ], [ [ [ -47.86011, -15.66095 ], [ -47.86329, -15.65619 ], [ -47.86325, -15.659 ], [ -47.87372, -15.65754 ], [ -47.87783, -15.65357 ], [ -47.86711, -15.65398 ], [ -47.86333, -15.6532 ], [ -47.85821, -15.65059 ], [ -47.85618, -15.65597 ], [ -47.85679, -15.65599 ], [ -47.86011, -15.66095 ] ] ] ] } },
{ "type": "Feature", "properties": { "cluster": 1281.0, "hvi": 0.1102, "population": 374, "setores": 1, "municipio": "Brasília" }, "geometry": { "type": "Polygon", "coordinates": [ [ [ -47.81226, -15.64343 ], [ -47.81434, -15.64785 ], [ -47.81714, -15.64737 ], [ -47.81455, -15.64278 ], [ -47.81226, -15.64343 ] ] ] } },
{ "type": "Feature", "properties": { "cluster": 1282.0, "hvi": 0.124, "population": 2532, "setores": 4, "municipio": "Brasília" }, "geometry": { "type": "MultiPolygon", "coordinates": [ [ [ [ -47.82598, -15.64735 ], [ -47.82737, -15.64759 ], [ -47.82834, -15.64445 ], [ -47.82612, -15.64348 ], [ -47.82673, -15.64514 ], [ -47.82544, -15.64475 ], [ -47.82402, -15.64702 ], [ -47.82596, -15.64933 ], [ -47.82598, -15.64735 ] ] ], [ [ [ -47.82402, -15.64702 ], [ -47.8211, -15.64635 ], [ -47.82327, -15.64885 ], [ -47.82402, -15.64702 ] ] ] ] } },
{ "type": "Feature", "properties": { "cluster": 1283.0, "hvi": 0.1354, "population": 2639, "setores": 3, "municipio": "Brasília" }, "geometry": { "type": "Polygon", "coordinates": [ [ [ -47.82823, -15.64463 ], [ -47.83205, -15.64691 ], [ -47.83269, -15.64407 ], [ -47.83756, -15.64539 ], [ -47.83134, -15.63985 ], [ -47.82873, -15.643 ], [ -47.82962, -15.64439 ], [ -47.82823, -15.64463 ] ] ] } },
{ "type": "Feature", "properties": { "cluster": 1284.0, "hvi": 0.1138, "population": 2869, "setores": 7, "municipio": "Brasília" }, "geometry": { "type": "MultiPolygon", "coordinates": [ [ [ [ -47.90179, -15.6325 ], [ -47.91171, -15.64449 ], [ -47.89636, -15.65582 ], [ -47.89768, -15.65749 ], [ -47.92471, -15.63763 ], [ -47.91377, -15.62361 ], [ -47.90179, -15.6325 ] ] ], [ [ [ -47.92471, -15.63763 ], [ -47.97747, -15.59845 ], [ -47.96584, -15.58438 ], [ -47.96244, -15.58636 ], [ -47.96567, -15.58922 ], [ -47.96005, -15.5888 ], [ -47.95985, -15.59158 ], [ -47.95342, -15.59368 ], [ -47.954, -15.59731 ], [ -47.95062, -15.59462 ], [ -47.95176, -15.59866 ], [ -47.94316, -15.59999 ], [ -47.94347, -15.60456 ], [ -47.93584, -15.60648 ], [ -47.92824, -15.61107 ], [ -47.91731, -15.61095 ], [ -47.91706, -15.61566 ], [ -47.90864, -15.61688 ], [ -47.92471, -15.63763 ] ] ] ] } },
{ "type": "Feature", "properties": { "cluster": 1285.0, "hvi": 0.1334, "population": 2527, "setores": 3, "municipio": "Brasília" }, "geometry": { "type": "MultiPolygon", "coordinates": [ [ [ [ -47.84292, -15.62569 ], [ -47.84595, -15.62426 ], [ -47.84523, -15.62287 ], [ -47.84165, -15.62392 ], [ -47.84292, -15.62569 ] ] ], [ [ [ -47.84916, -15.62086 ], [ -47.84488, -15.61924 ], [ -47.8465, -15.62499 ], [ -47.84916, -15.62086 ] ] ], [ [ [ -47.85212, -15.62338 ], [ -47.85085, -15.61823 ], [ -47.84931, -15.62163 ], [ -47.85212, -15.62338 ] ] ] ] } },
{ "type": "Feature", "properties": { "cluster": 1286.0, "hvi": 0.1162, "population": 2869, "setores": 6, "municipio": "Brasília" }, "geometry": { "type": "MultiPolygon", "coordinates": [ [ [ [ -47.81434, -15.64785 ], [ -47.81648, -15.64926 ], [ -47.81855, -15.64651 ], [ -47.81577, -15.64823 ], [ -47.81434, -15.64785 ] ] ], [ [ [ -47.82162, -15.64701 ], [ -47.81888, -15.647 ], [ -47.82117, -15.6485 ], [ -47.82162, -15.64701 ] ] ], [ [ [ -47.81855, -15.64651 ], [ -47.81611, -15.64578 ], [ -47.81714, -15.64737 ], [ -47.81855, -15.64651 ] ] ], [ [ [ -47.81985, -15.64551 ], [ -47.81879, -15.64409 ], [ -47.81855, -15.64651 ], [ -47.81985, -15.64551 ] ] ], [ [ [ -47.81676, -15.64213 ], [ -47.81455, -15.64278 ], [ -47.81611, -15.64578 ], [ -47.81697, -15.64524 ], [ -47.81676, -15.64213 ] ] ], [ [ [ -47.80802, -15.63591 ], [ -47.81091, -15.64381 ], [ -47.81804, -15.64172 ], [ -47.82216, -15.63442 ], [ -47.81454, -15.623 ], [ -47.78895, -15.63488 ], [ -47.76932, -15.63235 ], [ -47.76841, -15.63677 ], [ -47.77908, -15.63992 ], [ -47.80802, -15.63591 ] ] ] ] } },
{ "type": "Feature", "properties": { "cluster": 1287.0, "hvi": 0.1194, "population": 2151, "setores": 4, "municipio": "Brasília" }, "geometry": { "type": "Polygon", "coordinates": [ [ [ -47.8468, -15.63819 ], [ -47.85317, -15.63657 ], [ -47.85509, -15.63546 ], [ -47.85643, -15.63299 ], [ -47.85125, -15.63165 ], [ -47.8532, -15.63359 ], [ -47.84815, -15.63583 ], [ -47.84662, -15.6358 ], [ -47.8468, -15.63819 ] ], [ [ -47.85379, -15.63417 ], [ -47.85384, -15.63422 ], [ -47.85317, -15.63657 ], [ -47.85379, -15.63417 ] ] ] } },
{ "type": "Feature", "properties": { "cluster": 1288.0, "hvi": 0.1436, "population": 2023, "setores": 2, "municipio": "Brasília" }, "geometry": { "type": "Polygon", "coordinates": [ [ [ -47.83792, -15.64951 ], [ -47.83975, -15.64792 ], [ -47.83756, -15.64539 ], [ -47.83575, -15.64589 ], [ -47.83381, -15.64348 ], [ -47.83244, -15.64522 ], [ -47.83472, -15.64618 ], [ -47.83205, -15.64691 ], [ -47.83792, -15.64951 ] ] ] } },
{ "type": "Feature", "properties": { "cluster": 1289.0, "hvi": 0.1152, "population": 2658, "setores": 6, "municipio": "Brasília" }, "geometry": { "type": "Polygon", "coordinates": [ [ [ -47.86071, -15.68736 ], [ -47.85012, -15.68089 ], [ -47.84681, -15.68174 ], [ -47.84505, -15.67665 ], [ -47.84129, -15.67316 ], [ -47.85234, -15.65767 ], [ -47.84669, -15.65448 ], [ -47.84152, -15.66563 ], [ -47.83822, -15.66489 ], [ -47.83907, -15.66992 ], [ -47.83339, -15.66985 ], [ -47.83219, -15.67267 ], [ -47.83001, -15.67199 ], [ -47.83183, -15.67247 ], [ -47.83311, -15.66224 ], [ -47.82651, -15.66354 ], [ -47.82668, -15.66409 ], [ -47.82293, -15.66426 ], [ -47.81726, -15.67118 ], [ -47.81975, -15.67282 ], [ -47.82446, -15.66929 ], [ -47.82446, -15.67255 ], [ -47.82954, -15.67471 ], [ -47.82692, -15.67784 ], [ -47.84349, -15.68361 ], [ -47.86071, -15.68736 ] ], [ [ -47.84358, -15.67933 ], [ -47.84357, -15.67981 ], [ -47.84331, -15.67967 ], [ -47.84358, -15.67933 ] ], [ [ -47.83483, -15.67669 ], [ -47.83412, -15.67593 ], [ -47.83452, -15.6756 ], [ -47.83483, -15.67669 ] ], [ [ -47.83988, -15.67065 ], [ -47.84082, -15.67273 ], [ -47.83956, -15.67155 ], [ -47.83988, -15.67065 ] ] ] } },
{ "type": "Feature", "properties": { "cluster": 1290.0, "hvi": 0.127, "population": 613, "setores": 1, "municipio": "Brasília" }, "geometry": { "type": "Polygon", "coordinates": [ [ [ -47.85237, -15.62237 ], [ -47.85557, -15.61899 ], [ -47.85522, -15.61851 ], [ -47.85085, -15.61823 ], [ -47.85237, -15.62237 ] ] ] } },
{ "type": "Feature", "properties": { "cluster": 1291.0, "hvi": 0.155, "population": 1294, "setores": 1, "municipio": "Brasília" }, "geometry": { "type": "Polygon", "coordinates": [ [ [ -47.82823, -15.64463 ], [ -47.82737, -15.64759 ], [ -47.83028, -15.64847 ], [ -47.83192, -15.64677 ], [ -47.82823, -15.64463 ] ] ] } },
{ "type": "Feature", "properties": { "cluster": 1292.0, "hvi": 0.1516, "population": 1115, "setores": 1, "municipio": "Brasília" }, "geometry": { "type": "Polygon", "coordinates": [ [ [ -47.85096, -15.63839 ], [ -47.844, -15.63865 ], [ -47.84794, -15.64444 ], [ -47.85096, -15.63839 ] ] ] } },
{ "type": "Feature", "properties": { "cluster": 1293.0, "hvi": 0.1132, "population": 432, "setores": 1, "municipio": "Brasília" }, "geometry": { "type": "Polygon", "coordinates": [ [ [ -47.88239, -15.64082 ], [ -47.88513, -15.64113 ], [ -47.8889, -15.63801 ], [ -47.88847, -15.6375 ], [ -47.88239, -15.64082 ] ] ] } }
]
}
