{
"type": "FeatureCollection",
"name": "clusters_ap",
"crs": { "type": "name", "properties": { "name": "urn:ogc:def:crs:OGC:1.3:CRS84" } },
"xy_coordinate_resolution": 1e-05,
"features": [
{ "type": "Feature", "properties": { "cluster": 0.0, "hvi": 0.1759, "population": 2155, "setores": 2, "municipio": "Serra do Navio" }, "geometry": { "type": "Polygon", "coordinates": [ [ [ -52.00255, 0.89801 ], [ -52.00728, 0.89697 ], [ -52.00488, 0.90371 ], [ -52.00119, 0.89972 ], [ -52.00454, 0.9065 ], [ -52.00081, 0.90772 ], [ -52.00084, 0.89934 ], [ -51.99708, 0.89527 ], [ -52.00057, 0.88793 ], [ -52.00431, 0.89061 ], [ -52.00255, 0.89801 ] ] ] } },
{ "type": "Feature", "properties": { "cluster": 1.0, "hvi": 0.1347, "population": 2230, "setores": 6, "municipio": "Serra do Navio" }, "geometry": { "type": "MultiPolygon", "coordinates": [ [ [ [ -52.00702, 0.86895 ], [ -52.01775, 0.87521 ], [ -52.00699, 0.86842 ], [ -52.01233, 0.85935 ], [ -52.02481, 0.8551 ], [ -52.0488, 0.86703 ], [ -52.0526, 0.87595 ], [ -52.05765, 0.87904 ], [ -52.04837, 0.89033 ], [ -52.03899, 0.89537 ], [ -52.04865, 0.90583 ], [ -52.0496, 0.91804 ], [ -52.04516, 0.93028 ], [ -52.04731, 0.93883 ], [ -52.03996, 0.95176 ], [ -52.02461, 0.95838 ], [ -52.01178, 0.95451 ], [ -52.00182, 0.93616 ], [ -52.00751, 0.92461 ], [ -52.01421, 0.92071 ], [ -52.01806, 0.88724 ], [ -52.01073, 0.88081 ], [ -52.00702, 0.86895 ] ], [ [ -52.02248, 0.8777 ], [ -52.01945, 0.87928 ], [ -52.01949, 0.8795 ], [ -52.02248, 0.8777 ] ] ], [ [ [ -52.00646, 0.88899 ], [ -52.0083, 0.89401 ], [ -52.01479, 0.89439 ], [ -52.01496, 0.90821 ], [ -52.00621, 0.90283 ], [ -52.00564, 0.89697 ], [ -52.00255, 0.89801 ], [ -52.00253, 0.89263 ], [ -52.00646, 0.88899 ] ] ], [ [ [ -52.00274, 0.93826 ], [ -52.00234, 0.93872 ], [ -52.00302, 0.93868 ], [ -52.00758, 0.94932 ], [ -51.99112, 0.95234 ], [ -51.99113, 0.94326 ], [ -51.99303, 0.93921 ], [ -51.9979, 0.93895 ], [ -51.99113, 0.93872 ], [ -51.99997, 0.93571 ], [ -52.00274, 0.93826 ] ] ] ] } },
{ "type": "Feature", "properties": { "cluster": 2.0, "hvi": 0.1274, "population": 1819, "setores": 2, "municipio": "Amapá" }, "geometry": { "type": "MultiPolygon", "coordinates": [ [ [ [ -50.79082, 2.04919 ], [ -50.78886, 2.04726 ], [ -50.79503, 2.04709 ], [ -50.78811, 2.05353 ], [ -50.78542, 2.04946 ], [ -50.79082, 2.04919 ] ] ], [ [ [ -50.79351, 2.04999 ], [ -50.79613, 2.05571 ], [ -50.79044, 2.05671 ], [ -50.79351, 2.04999 ] ] ] ] } },
{ "type": "Feature", "properties": { "cluster": 3.0, "hvi": 0.1648, "population": 1651, "setores": 1, "municipio": "Amapá" }, "geometry": { "type": "Polygon", "coordinates": [ [ [ -50.78542, 2.04946 ], [ -50.78811, 2.05353 ], [ -50.7903, 2.05247 ], [ -50.79044, 2.05671 ], [ -50.78249, 2.05635 ], [ -50.78191, 2.04988 ], [ -50.78542, 2.04946 ] ] ] } },
{ "type": "Feature", "properties": { "cluster": 4.0, "hvi": 0.1212, "population": 2994, "setores": 10, "municipio": "Amapá" }, "geometry": { "type": "MultiPolygon", "coordinates": [ [ [ [ -50.90856, 1.57592 ], [ -50.90308, 1.57538 ], [ -50.90512, 1.54746 ], [ -50.91975, 1.53132 ], [ -50.91464, 1.51162 ], [ -50.91585, 1.51102 ], [ -50.91064, 1.49791 ], [ -50.90813, 1.48315 ], [ -50.9007, 1.47835 ], [ -50.8888, 1.45403 ], [ -50.88966, 1.4392 ], [ -50.90889, 1.42942 ], [ -50.91063, 1.42134 ], [ -50.92058, 1.4247 ], [ -50.926, 1.41937 ], [ -50.92639, 1.40194 ], [ -50.92033, 1.386 ], [ -50.91979, 1.37453 ], [ -50.92694, 1.36049 ], [ -50.92293, 1.34656 ], [ -50.92969, 1.31165 ], [ -50.93362, 1.30799 ], [ -50.94866, 1.30458 ], [ -50.9573, 1.28502 ], [ -50.9793, 1.25177 ], [ -50.98625, 1.24631 ], [ -50.99087, 1.23676 ], [ -51.00814, 1.22691 ], [ -51.01156, 1.22037 ], [ -51.01694, 1.22607 ], [ -51.01614, 1.24464 ], [ -51.02779, 1.25651 ], [ -51.03705, 1.25979 ], [ -51.06566, 1.25662 ], [ -51.09024, 1.27601 ], [ -51.10929, 1.27255 ], [ -51.11747, 1.25291 ], [ -51.12786, 1.25534 ], [ -51.12997, 1.25065 ], [ -51.13566, 1.25086 ], [ -51.16122, 1.26094 ], [ -51.16273, 1.26359 ], [ -51.15376, 1.27183 ], [ -51.15323, 1.27712 ], [ -51.16113, 1.28413 ], [ -51.1647, 1.29233 ], [ -51.16342, 1.31353 ], [ -51.22969, 1.34115 ], [ -51.39091, 1.34483 ], [ -51.39241, 1.33745 ], [ -51.38904, 1.32281 ], [ -51.50086, 1.32372 ], [ -51.99063, 1.31674 ], [ -51.98749, 1.32237 ], [ -51.97389, 1.32798 ], [ -51.97211, 1.33808 ], [ -51.96883, 1.33813 ], [ -51.9725, 1.35486 ], [ -51.96965, 1.35935 ], [ -51.97277, 1.36416 ], [ -51.96845, 1.37609 ], [ -51.96456, 1.37877 ], [ -51.96725, 1.37915 ], [ -51.96681, 1.38254 ], [ -51.95811, 1.38446 ], [ -51.954, 1.39676 ], [ -51.9487, 1.39507 ], [ -51.94766, 1.39753 ], [ -51.94552, 1.39408 ], [ -51.93425, 1.39179 ], [ -51.93344, 1.38805 ], [ -51.92369, 1.38681 ], [ -51.91193, 1.39999 ], [ -51.91334, 1.40894 ], [ -51.90684, 1.40579 ], [ -51.89929, 1.41055 ], [ -51.89212, 1.41755 ], [ -51.89617, 1.42225 ], [ -51.8855, 1.42406 ], [ -51.88444, 1.43136 ], [ -51.87762, 1.43232 ], [ -51.87724, 1.43768 ], [ -51.87226, 1.44353 ], [ -51.86867, 1.44349 ], [ -51.86739, 1.46631 ], [ -51.86411, 1.47178 ], [ -51.85913, 1.47277 ], [ -51.85174, 1.49224 ], [ -51.84709, 1.49279 ], [ -51.84611, 1.49678 ], [ -51.84217, 1.49492 ], [ -51.83637, 1.49809 ], [ -51.82958, 1.51149 ], [ -51.82493, 1.51609 ], [ -51.82115, 1.51505 ], [ -51.82187, 1.52117 ], [ -51.80977, 1.52845 ], [ -51.81059, 1.53097 ], [ -51.79921, 1.53447 ], [ -51.79828, 1.5389 ], [ -51.79259, 1.54256 ], [ -51.78975, 1.55602 ], [ -51.78433, 1.55913 ], [ -51.78619, 1.56351 ], [ -51.78367, 1.56258 ], [ -51.77902, 1.56816 ], [ -51.78001, 1.57182 ], [ -51.77071, 1.57456 ], [ -51.76403, 1.57258 ], [ -51.76203, 1.57932 ], [ -51.74668, 1.58815 ], [ -51.74163, 1.58809 ], [ -51.73807, 1.59605 ], [ -51.73336, 1.59764 ], [ -51.73479, 1.60212 ], [ -51.7303, 1.60497 ], [ -51.7233, 1.61897 ], [ -51.7247, 1.6347 ], [ -51.71602, 1.6459 ], [ -51.71602, 1.6541 ], [ -51.7115, 1.66105 ], [ -51.71287, 1.67179 ], [ -51.70699, 1.67618 ], [ -51.71038, 1.67978 ], [ -51.70938, 1.68907 ], [ -51.70301, 1.70987 ], [ -51.70837, 1.71759 ], [ -51.70809, 1.73253 ], [ -51.69665, 1.75143 ], [ -51.69424, 1.77495 ], [ -51.68434, 1.80616 ], [ -51.67357, 1.81913 ], [ -51.65399, 1.86638 ], [ -51.64707, 1.87632 ], [ -51.62612, 1.8834 ], [ -51.60676, 1.88196 ], [ -51.5939, 1.88476 ], [ -51.58687, 1.8795 ], [ -51.58065, 1.86708 ], [ -51.57362, 1.86697 ], [ -51.55878, 1.85296 ], [ -51.53169, 1.84997 ], [ -51.52148, 1.83741 ], [ -51.50712, 1.83095 ], [ -51.48281, 1.81079 ], [ -51.46767, 1.79055 ], [ -51.44586, 1.77216 ], [ -51.44794, 1.75173 ], [ -51.44706, 1.7517 ], [ -51.44521, 1.77477 ], [ -51.44909, 1.78042 ], [ -51.44574, 1.79359 ], [ -51.45079, 1.80309 ], [ -51.44366, 1.81627 ], [ -51.45543, 1.83908 ], [ -51.4546, 1.84419 ], [ -51.45775, 1.84466 ], [ -51.45151, 1.85428 ], [ -51.44848, 1.85399 ], [ -51.44634, 1.86539 ], [ -51.4502, 1.8686 ], [ -51.44978, 1.87822 ], [ -51.46261, 1.91449 ], [ -51.46292, 1.92467 ], [ -51.47519, 1.94089 ], [ -51.48093, 1.9636 ], [ -51.49045, 1.96872 ], [ -51.50184, 1.96987 ], [ -51.50603, 1.97662 ], [ -51.5284, 1.98568 ], [ -51.54957, 1.99016 ], [ -51.59945, 1.99323 ], [ -51.64388, 1.98062 ], [ -51.64446, 1.99226 ], [ -51.63087, 1.99484 ], [ -51.61115, 2.01112 ], [ -51.59426, 2.01572 ], [ -51.58912, 2.01995 ], [ -51.60193, 2.04836 ], [ -51.59762, 2.06485 ], [ -51.58345, 2.07924 ], [ -51.58112, 2.10217 ], [ -51.57092, 2.11422 ], [ -51.52595, 2.0396 ], [ -51.5049, 2.0265 ], [ -51.49465, 2.02395 ], [ -51.47573, 2.03034 ], [ -51.46746, 2.04064 ], [ -51.46984, 2.04722 ], [ -51.46504, 2.0536 ], [ -51.44649, 2.06433 ], [ -51.43372, 2.05521 ], [ -51.42771, 2.0549 ], [ -51.42154, 2.04725 ], [ -51.41062, 2.04381 ], [ -51.39426, 2.02141 ], [ -51.3747, 2.0183 ], [ -51.35303, 2.02979 ], [ -51.34376, 2.03031 ], [ -51.34237, 2.03513 ], [ -51.33735, 2.03486 ], [ -51.33402, 2.04349 ], [ -51.31297, 2.0562 ], [ -51.30648, 2.06665 ], [ -51.2926, 2.06754 ], [ -51.28016, 2.07954 ], [ -51.24493, 2.09651 ], [ -51.23986, 2.10077 ], [ -51.24235, 2.10642 ], [ -51.24035, 2.10944 ], [ -51.23176, 2.10867 ], [ -51.23283, 2.11576 ], [ -51.22473, 2.12634 ], [ -51.22148, 2.12742 ], [ -51.20965, 2.11987 ], [ -51.19845, 2.12159 ], [ -51.19494, 2.1286 ], [ -51.1804, 2.13946 ], [ -51.16987, 2.14035 ], [ -51.15857, 2.15332 ], [ -51.1462, 2.14998 ], [ -51.14398, 2.15231 ], [ -51.13144, 2.15181 ], [ -51.11735, 2.16511 ], [ -51.09307, 2.16511 ], [ -51.09095, 2.17597 ], [ -51.08482, 2.18014 ], [ -51.08343, 2.17775 ], [ -51.07998, 2.18036 ], [ -51.06962, 2.17998 ], [ -51.06923, 2.17664 ], [ -51.06516, 2.17536 ], [ -51.0597, 2.17652 ], [ -51.05965, 2.17947 ], [ -51.05703, 2.17563 ], [ -51.09126, 1.85473 ], [ -51.07948, 1.85902 ], [ -51.07212, 1.85584 ], [ -51.06373, 1.85733 ], [ -51.05534, 1.86696 ], [ -51.04279, 1.86328 ], [ -51.03556, 1.8688 ], [ -51.01151, 1.85113 ], [ -51.00373, 1.85072 ], [ -50.99103, 1.83835 ], [ -50.96975, 1.83893 ], [ -50.98119, 1.83969 ], [ -50.98212, 1.84633 ], [ -50.99184, 1.85967 ], [ -50.96406, 1.88383 ], [ -50.94878, 1.8805 ], [ -50.93211, 1.90633 ], [ -50.91295, 1.89883 ], [ -50.92128, 1.8405 ], [ -50.95765, 1.83402 ], [ -50.94509, 1.82753 ], [ -50.93508, 1.83094 ], [ -50.92506, 1.83009 ], [ -50.91039, 1.8229 ], [ -50.90117, 1.82313 ], [ -50.88143, 1.83025 ], [ -50.87913, 1.82546 ], [ -50.88045, 1.80751 ], [ -50.87751, 1.80912 ], [ -50.8775, 1.76599 ], [ -50.88536, 1.75299 ], [ -50.87955, 1.73324 ], [ -50.88073, 1.72483 ], [ -50.88722, 1.71134 ], [ -50.89428, 1.70452 ], [ -50.92714, 1.68593 ], [ -50.92358, 1.67178 ], [ -50.92667, 1.67084 ], [ -50.91802, 1.65422 ], [ -50.91482, 1.65596 ], [ -50.91372, 1.65372 ], [ -50.91828, 1.63808 ], [ -50.91585, 1.61947 ], [ -50.90095, 1.59201 ], [ -50.90161, 1.5847 ], [ -50.90659, 1.58614 ], [ -50.90856, 1.57592 ] ], [ [ -51.19768, 1.63118 ], [ -51.19478, 1.63146 ], [ -51.19827, 1.63175 ], [ -51.19768, 1.63118 ] ], [ [ -51.19239, 1.63169 ], [ -51.18637, 1.63893 ], [ -51.1927, 1.63166 ], [ -51.19239, 1.63169 ] ], [ [ -51.00404, 1.60146 ], [ -50.9974, 1.60198 ], [ -51.00435, 1.60195 ], [ -51.00404, 1.60146 ] ], [ [ -50.96758, 1.59813 ], [ -50.96268, 1.59929 ], [ -50.98334, 1.59644 ], [ -50.96758, 1.59813 ] ], [ [ -50.92975, 1.61563 ], [ -50.93261, 1.61941 ], [ -50.93304, 1.61903 ], [ -50.92975, 1.61563 ] ], [ [ -50.92576, 1.61152 ], [ -50.92191, 1.61267 ], [ -50.92679, 1.61258 ], [ -50.92576, 1.61152 ] ], [ [ -50.91289, 1.58929 ], [ -50.91193, 1.58881 ], [ -50.91188, 1.59475 ], [ -50.91289, 1.58929 ] ], [ [ -51.44152, 1.75149 ], [ -51.44571, 1.75275 ], [ -51.44664, 1.75168 ], [ -51.44152, 1.75149 ] ], [ [ -51.33784, 1.68151 ], [ -51.33351, 1.6846 ], [ -51.37087, 1.66912 ], [ -51.33784, 1.68151 ] ], [ [ -51.30443, 1.68682 ], [ -51.30363, 1.6867 ], [ -51.31457, 1.69225 ], [ -51.30443, 1.68682 ] ], [ [ -51.44083, 1.53012 ], [ -51.42189, 1.5237 ], [ -51.43701, 1.53006 ], [ -51.44083, 1.53012 ] ], [ [ -51.44521, 1.53161 ], [ -51.44465, 1.53142 ], [ -51.44307, 1.54123 ], [ -51.44521, 1.53161 ] ], [ [ -50.98691, 1.37159 ], [ -50.98475, 1.38366 ], [ -50.99508, 1.38507 ], [ -50.99344, 1.37717 ], [ -50.98691, 1.37159 ] ], [ [ -50.96684, 1.65793 ], [ -50.96174, 1.65465 ], [ -50.95713, 1.65481 ], [ -50.96684, 1.65793 ] ], [ [ -51.24615, 1.88393 ], [ -51.24716, 1.88454 ], [ -51.23581, 1.87318 ], [ -51.24615, 1.88393 ] ], [ [ -51.10822, 1.85004 ], [ -51.11467, 1.84554 ], [ -51.11451, 1.84502 ], [ -51.10822, 1.85004 ] ], [ [ -51.09809, 1.85213 ], [ -51.10031, 1.84764 ], [ -51.09778, 1.85224 ], [ -51.09809, 1.85213 ] ], [ [ -50.96612, 1.83869 ], [ -50.96677, 1.83873 ], [ -50.96547, 1.83806 ], [ -50.96612, 1.83869 ] ], [ [ -51.43634, 1.76355 ], [ -51.43957, 1.75983 ], [ -51.43545, 1.76408 ], [ -51.43634, 1.76355 ] ], [ [ -51.36005, 1.84778 ], [ -51.36237, 1.84822 ], [ -51.36098, 1.84732 ], [ -51.36005, 1.84778 ] ], [ [ -51.31717, 1.8653 ], [ -51.33284, 1.85413 ], [ -51.31524, 1.86522 ], [ -51.31717, 1.8653 ] ], [ [ -51.29851, 1.86447 ], [ -51.30821, 1.8649 ], [ -51.29984, 1.86353 ], [ -51.29851, 1.86447 ] ], [ [ -51.30184, 1.87346 ], [ -51.29795, 1.86487 ], [ -51.29728, 1.86534 ], [ -51.30184, 1.87346 ] ], [ [ -51.28518, 1.89446 ], [ -51.28539, 1.8942 ], [ -51.27109, 1.89676 ], [ -51.28518, 1.89446 ] ], [ [ -51.24832, 1.88525 ], [ -51.2625, 1.89385 ], [ -51.27109, 1.89676 ], [ -51.24832, 1.88525 ] ] ], [ [ [ -50.91064, 1.49791 ], [ -50.9117, 1.50395 ], [ -50.90647, 1.50006 ], [ -50.9065, 1.49604 ], [ -50.91064, 1.49791 ] ] ] ] } },
{ "type": "Feature", "properties": { "cluster": 5.0, "hvi": 0.1266, "population": 2849, "setores": 3, "municipio": "Amapá" }, "geometry": { "type": "MultiPolygon", "coordinates": [ [ [ [ -50.79874, 2.0361 ], [ -50.79503, 2.04709 ], [ -50.78886, 2.04726 ], [ -50.79385, 2.04315 ], [ -50.79294, 2.04323 ], [ -50.79197, 2.03559 ], [ -50.79874, 2.0361 ] ] ], [ [ [ -50.79159, 2.04094 ], [ -50.79118, 2.03559 ], [ -50.79294, 2.04323 ], [ -50.78826, 2.04187 ], [ -50.79159, 2.04094 ] ] ] ] } },
{ "type": "Feature", "properties": { "cluster": 6.0, "hvi": 0.104, "population": 312, "setores": 2, "municipio": "Amapá" }, "geometry": { "type": "Polygon", "coordinates": [ [ [ -50.00005, 1.74125 ], [ -49.95813, 1.71967 ], [ -49.92389, 1.69345 ], [ -49.91935, 1.68203 ], [ -49.91889, 1.66748 ], [ -49.9127, 1.66045 ], [ -49.90754, 1.63157 ], [ -50.00044, 1.63133 ], [ -50.00005, 1.74125 ] ] ] } },
{ "type": "Feature", "properties": { "cluster": 7.0, "hvi": 0.1709, "population": 4140, "setores": 5, "municipio": "Pedra Branca do Amapari" }, "geometry": { "type": "Polygon", "coordinates": [ [ [ -51.9558, 0.77471 ], [ -51.9517, 0.77004 ], [ -51.9735, 0.7625 ], [ -51.98998, 0.77143 ], [ -51.99145, 0.78116 ], [ -51.98683, 0.79394 ], [ -51.99031, 0.79971 ], [ -51.98759, 0.80127 ], [ -51.98961, 0.8079 ], [ -51.98527, 0.81357 ], [ -51.98097, 0.80892 ], [ -51.97331, 0.81008 ], [ -51.94729, 0.80094 ], [ -51.93166, 0.77945 ], [ -51.94111, 0.77209 ], [ -51.94866, 0.78375 ], [ -51.95999, 0.78241 ], [ -51.95331, 0.78265 ], [ -51.9507, 0.77743 ], [ -51.95312, 0.77575 ], [ -51.95232, 0.77594 ], [ -51.9511, 0.77093 ], [ -51.9558, 0.77471 ] ], [ [ -51.9644, 0.78652 ], [ -51.97467, 0.77911 ], [ -51.9665, 0.77104 ], [ -51.96132, 0.77282 ], [ -51.9642, 0.7767 ], [ -51.95999, 0.78241 ], [ -51.9644, 0.78652 ] ], [ [ -51.95519, 0.77527 ], [ -51.95725, 0.77649 ], [ -51.96193, 0.77372 ], [ -51.95519, 0.77527 ] ], [ [ -51.98109, 0.80202 ], [ -51.97872, 0.80073 ], [ -51.97801, 0.80238 ], [ -51.98109, 0.80202 ] ], [ [ -51.9751, 0.80271 ], [ -51.97048, 0.8022 ], [ -51.97084, 0.8032 ], [ -51.9751, 0.80271 ] ] ] } },
{ "type": "Feature", "properties": { "cluster": 8.0, "hvi": 0.1909, "population": 857, "setores": 51, "municipio": "Pedra Branca do Amapari" }, "geometry": { "type": "MultiPolygon", "coordinates": [ [ [ [ -52.68615, 0.61177 ], [ -52.68291, 0.60902 ], [ -52.68643, 0.60132 ], [ -52.6851, 0.59433 ], [ -52.68035, 0.59209 ], [ -52.68068, 0.58121 ], [ -52.67654, 0.58073 ], [ -52.67507, 0.5688 ], [ -52.67317, 0.57075 ], [ -52.67027, 0.56752 ], [ -52.67079, 0.5601 ], [ -52.66243, 0.55397 ], [ -52.66205, 0.54233 ], [ -52.6543, 0.5389 ], [ -52.65316, 0.53315 ], [ -52.64798, 0.53239 ], [ -52.64451, 0.52712 ], [ -52.63371, 0.52426 ], [ -52.63219, 0.51932 ], [ -52.63847, 0.50858 ], [ -52.6331, 0.50306 ], [ -52.63338, 0.49712 ], [ -52.63058, 0.49446 ], [ -52.62421, 0.49845 ], [ -52.6118, 0.49565 ], [ -52.609, 0.48053 ], [ -52.60197, 0.47322 ], [ -52.60449, 0.47032 ], [ -52.60007, 0.46795 ], [ -52.59974, 0.46324 ], [ -52.59251, 0.46072 ], [ -52.59598, 0.45953 ], [ -52.59227, 0.44765 ], [ -52.59475, 0.44532 ], [ -52.58804, 0.437 ], [ -52.58224, 0.43976 ], [ -52.58358, 0.43657 ], [ -52.57587, 0.42298 ], [ -52.5782, 0.42041 ], [ -52.57435, 0.4196 ], [ -52.57036, 0.40962 ], [ -52.57383, 0.40591 ], [ -52.57217, 0.40073 ], [ -52.57535, 0.39284 ], [ -52.57331, 0.38372 ], [ -52.56632, 0.37868 ], [ -52.55933, 0.38101 ], [ -52.56328, 0.36889 ], [ -52.55738, 0.36475 ], [ -52.5551, 0.35767 ], [ -52.54735, 0.35805 ], [ -52.54265, 0.35192 ], [ -52.54008, 0.35344 ], [ -52.5397, 0.34849 ], [ -52.53656, 0.34973 ], [ -52.53385, 0.33506 ], [ -52.53014, 0.3382 ], [ -52.52991, 0.33406 ], [ -52.52002, 0.32451 ], [ -52.52106, 0.32189 ], [ -52.5156, 0.31866 ], [ -52.51298, 0.30991 ], [ -52.50823, 0.30929 ], [ -52.50638, 0.30145 ], [ -52.49506, 0.28757 ], [ -52.49487, 0.27355 ], [ -52.48579, 0.26903 ], [ -52.48494, 0.26371 ], [ -52.48793, 0.26119 ], [ -52.48893, 0.26423 ], [ -52.49269, 0.2601 ], [ -52.48865, 0.2514 ], [ -52.49183, 0.24831 ], [ -52.49487, 0.25197 ], [ -52.49944, 0.24755 ], [ -52.501, 0.24284 ], [ -52.49768, 0.23927 ], [ -52.503, 0.23091 ], [ -52.48922, 0.22264 ], [ -52.49078, 0.21717 ], [ -52.48712, 0.21275 ], [ -52.50333, 0.21389 ], [ -52.4904, 0.18974 ], [ -52.49093, 0.18299 ], [ -52.49264, 0.17619 ], [ -52.4972, 0.17463 ], [ -52.49654, 0.17002 ], [ -52.50091, 0.16726 ], [ -52.49733, 0.152 ], [ -52.50024, 0.13975 ], [ -52.5126, 0.1329 ], [ -52.50785, 0.12863 ], [ -52.50807, 0.1187 ], [ -52.50343, 0.10958 ], [ -52.50805, 0.1071 ], [ -52.51038, 0.09969 ], [ -52.50744, 0.09517 ], [ -52.5129, 0.09104 ], [ -52.50587, 0.08476 ], [ -52.50496, 0.07697 ], [ -52.5062, 0.07169 ], [ -52.51685, 0.06451 ], [ -52.51766, 0.06161 ], [ -52.51293, 0.0576 ], [ -52.51886, 0.05028 ], [ -52.51207, 0.04897 ], [ -52.50527, 0.04104 ], [ -52.51157, 0.04152 ], [ -52.51799, 0.03356 ], [ -52.51074, 0.02655 ], [ -52.5067, 0.02655 ], [ -52.50705, 0.01419 ], [ -52.51183, 0.01352 ], [ -52.51335, 0.00682 ], [ -52.51632, 0.00641 ], [ -52.508, 0.00207 ], [ -52.50658, -0.00411 ], [ -52.50895, -0.00613 ], [ -52.50575, -0.01505 ], [ -52.52215, -0.01564 ], [ -52.52785, -0.02028 ], [ -52.52901, -0.02503 ], [ -52.52538, -0.03294 ], [ -52.52799, -0.0343 ], [ -52.52254, -0.03744 ], [ -52.52547, -0.04143 ], [ -52.53058, -0.04072 ], [ -52.52811, -0.04972 ], [ -52.53522, -0.06342 ], [ -52.52795, -0.06864 ], [ -52.53201, -0.07043 ], [ -52.52939, -0.07756 ], [ -52.53367, -0.08207 ], [ -52.53344, -0.08671 ], [ -52.53688, -0.09063 ], [ -52.53997, -0.08778 ], [ -52.54351, -0.09614 ], [ -52.55174, -0.09146 ], [ -52.5538, -0.09685 ], [ -52.55827, -0.09572 ], [ -52.54424, -0.11216 ], [ -52.54734, -0.11291 ], [ -52.55019, -0.10887 ], [ -52.54954, -0.11244 ], [ -52.55881, -0.11594 ], [ -52.55869, -0.11933 ], [ -52.55388, -0.12206 ], [ -52.55573, -0.1304 ], [ -52.93413, -0.13823 ], [ -52.96002, -0.06322 ], [ -52.97102, -0.04311 ], [ -52.97676, -0.00763 ], [ -52.97729, 0.0238 ], [ -52.98524, 0.03564 ], [ -53.00368, 0.04387 ], [ -53.01497, 0.05969 ], [ -53.01113, 0.09505 ], [ -53.02927, 0.10472 ], [ -53.03652, 0.11982 ], [ -53.03961, 0.136 ], [ -53.04631, 0.14332 ], [ -53.05213, 0.15734 ], [ -53.0701, 0.16954 ], [ -53.08338, 0.18862 ], [ -53.09429, 0.19531 ], [ -53.10221, 0.22559 ], [ -53.10641, 0.23174 ], [ -53.09488, 0.26221 ], [ -53.11193, 0.28653 ], [ -53.12155, 0.28997 ], [ -53.13435, 0.30018 ], [ -53.1388, 0.33046 ], [ -53.14852, 0.34836 ], [ -53.16427, 0.36002 ], [ -53.17505, 0.37711 ], [ -53.17531, 0.38172 ], [ -53.15993, 0.40297 ], [ -53.15924, 0.42033 ], [ -53.16775, 0.44573 ], [ -53.15513, 0.48018 ], [ -53.15955, 0.48822 ], [ -53.16977, 0.49373 ], [ -53.15963, 0.51381 ], [ -53.16271, 0.52249 ], [ -53.15206, 0.53189 ], [ -53.14838, 0.54166 ], [ -53.14816, 0.55206 ], [ -53.15485, 0.56336 ], [ -53.15024, 0.59102 ], [ -53.14732, 0.60033 ], [ -53.12049, 0.63398 ], [ -53.11519, 0.647 ], [ -53.11672, 0.65197 ], [ -53.11593, 0.65658 ], [ -53.11562, 0.65097 ], [ -53.11435, 0.66156 ], [ -53.10574, 0.67946 ], [ -53.1063, 0.68398 ], [ -53.11521, 0.68814 ], [ -53.12027, 0.69498 ], [ -53.12413, 0.69735 ], [ -53.1399, 0.6931 ], [ -53.14694, 0.69979 ], [ -53.15108, 0.7194 ], [ -53.15741, 0.72907 ], [ -53.18461, 0.7475 ], [ -53.19027, 0.76838 ], [ -53.20243, 0.77579 ], [ -53.20699, 0.77335 ], [ -53.21441, 0.78573 ], [ -53.25515, 0.80921 ], [ -53.27483, 0.82493 ], [ -53.28749, 0.84572 ], [ -53.3023, 0.859 ], [ -53.35494, 0.88825 ], [ -53.36135, 0.89611 ], [ -53.41149, 0.92934 ], [ -53.41374, 0.94742 ], [ -53.41067, 0.95664 ], [ -53.4128, 0.97174 ], [ -53.4108, 0.98204 ], [ -53.41747, 0.98927 ], [ -53.42683, 0.99243 ], [ -53.42854, 0.99929 ], [ -53.42994, 1.01981 ], [ -53.42135, 1.02895 ], [ -53.42233, 1.03374 ], [ -53.42747, 1.04332 ], [ -53.43469, 1.04801 ], [ -53.43596, 1.05958 ], [ -53.45271, 1.07123 ], [ -53.45582, 1.07737 ], [ -53.45588, 1.11036 ], [ -53.45955, 1.12753 ], [ -53.45335, 1.14363 ], [ -53.43977, 1.15367 ], [ -53.42127, 1.14736 ], [ -53.40441, 1.15117 ], [ -53.39988, 1.15841 ], [ -53.39608, 1.17929 ], [ -53.40299, 1.19393 ], [ -53.41744, 1.20278 ], [ -53.4253, 1.22148 ], [ -53.42652, 1.24272 ], [ -53.43054, 1.24326 ], [ -53.43375, 1.23449 ], [ -53.43877, 1.23213 ], [ -53.47374, 1.23933 ], [ -53.49302, 1.22666 ], [ -53.50305, 1.22466 ], [ -53.52521, 1.21172 ], [ -53.53899, 1.21243 ], [ -53.54632, 1.22851 ], [ -53.53058, 1.24533 ], [ -53.52333, 1.26134 ], [ -53.53052, 1.27362 ], [ -53.55271, 1.28029 ], [ -53.55669, 1.28481 ], [ -53.56263, 1.30658 ], [ -53.56124, 1.31083 ], [ -53.54014, 1.317 ], [ -53.53339, 1.32243 ], [ -53.53636, 1.33662 ], [ -53.54563, 1.34745 ], [ -53.56386, 1.34969 ], [ -53.56547, 1.33975 ], [ -53.57069, 1.3373 ], [ -53.59522, 1.35815 ], [ -53.63325, 1.34736 ], [ -53.64188, 1.33497 ], [ -53.65097, 1.33622 ], [ -53.66308, 1.3495 ], [ -53.64905, 1.3571 ], [ -53.64352, 1.36389 ], [ -53.64513, 1.38024 ], [ -53.64044, 1.39236 ], [ -53.64461, 1.40555 ], [ -53.6503, 1.40825 ], [ -53.65777, 1.404 ], [ -53.66694, 1.37308 ], [ -53.68047, 1.37252 ], [ -53.68305, 1.38436 ], [ -53.6875, 1.3858 ], [ -53.70146, 1.37792 ], [ -53.71146, 1.38396 ], [ -53.7141, 1.39246 ], [ -53.70958, 1.40367 ], [ -53.6981, 1.41308 ], [ -53.69683, 1.42293 ], [ -53.71053, 1.42662 ], [ -53.71719, 1.43176 ], [ -53.72405, 1.42823 ], [ -53.71602, 1.41794 ], [ -53.71541, 1.40538 ], [ -53.73135, 1.39578 ], [ -53.73233, 1.38629 ], [ -53.7551, 1.39457 ], [ -53.76247, 1.40839 ], [ -53.76805, 1.39592 ], [ -53.77461, 1.3969 ], [ -53.78372, 1.40285 ], [ -53.79169, 1.41667 ], [ -53.80399, 1.42352 ], [ -53.81567, 1.42188 ], [ -53.82277, 1.41383 ], [ -53.80749, 1.40201 ], [ -53.80541, 1.39425 ], [ -53.80989, 1.39035 ], [ -53.8236, 1.38961 ], [ -53.83077, 1.39385 ], [ -53.84035, 1.39456 ], [ -53.85034, 1.39184 ], [ -53.85283, 1.39374 ], [ -53.85108, 1.39853 ], [ -53.84161, 1.40206 ], [ -53.8443, 1.40631 ], [ -53.85497, 1.40159 ], [ -53.8763, 1.40753 ], [ -53.88283, 1.40075 ], [ -53.88775, 1.40779 ], [ -53.87674, 1.43545 ], [ -53.88072, 1.44024 ], [ -53.89325, 1.44338 ], [ -53.896, 1.45513 ], [ -53.91753, 1.4569 ], [ -53.9225, 1.44226 ], [ -53.9383, 1.43546 ], [ -53.94047, 1.44332 ], [ -53.93039, 1.44993 ], [ -53.93059, 1.4577 ], [ -53.92588, 1.46548 ], [ -53.92876, 1.46918 ], [ -53.93517, 1.46673 ], [ -53.94355, 1.47133 ], [ -53.95408, 1.46797 ], [ -53.95591, 1.47989 ], [ -53.96708, 1.4844 ], [ -53.97613, 1.47228 ], [ -53.98616, 1.47904 ], [ -53.99747, 1.47577 ], [ -54.00347, 1.48941 ], [ -53.99953, 1.50477 ], [ -54.00905, 1.51966 ], [ -54.02027, 1.51576 ], [ -54.02758, 1.51684 ], [ -54.02119, 1.50682 ], [ -54.02458, 1.49986 ], [ -54.04, 1.50616 ], [ -54.05594, 1.49349 ], [ -54.06244, 1.49474 ], [ -54.06916, 1.50097 ], [ -54.07944, 1.4949 ], [ -54.07797, 1.48569 ], [ -54.08647, 1.4883 ], [ -54.08875, 1.492 ], [ -54.08516, 1.50546 ], [ -54.08903, 1.51368 ], [ -54.08459, 1.52633 ], [ -54.09878, 1.55052 ], [ -54.11452, 1.55122 ], [ -54.11753, 1.55817 ], [ -54.11035, 1.57499 ], [ -54.10194, 1.58431 ], [ -54.102, 1.59063 ], [ -54.11108, 1.588 ], [ -54.11855, 1.58148 ], [ -54.12283, 1.59087 ], [ -54.12836, 1.59131 ], [ -54.13138, 1.59691 ], [ -54.12258, 1.6018 ], [ -54.12308, 1.6074 ], [ -54.1335, 1.61714 ], [ -54.1298, 1.62392 ], [ -54.14236, 1.62851 ], [ -54.14366, 1.64061 ], [ -54.14685, 1.64377 ], [ -54.15247, 1.63933 ], [ -54.15688, 1.64276 ], [ -54.16892, 1.644 ], [ -54.17613, 1.64797 ], [ -54.17836, 1.65745 ], [ -54.18222, 1.65807 ], [ -54.18755, 1.64632 ], [ -54.18741, 1.62799 ], [ -54.1911, 1.62491 ], [ -54.19747, 1.63176 ], [ -54.20294, 1.64901 ], [ -54.2193, 1.65684 ], [ -54.22836, 1.66532 ], [ -54.23014, 1.67597 ], [ -54.24445, 1.67613 ], [ -54.24934, 1.6838 ], [ -54.26366, 1.68016 ], [ -54.26274, 1.68838 ], [ -54.26924, 1.69424 ], [ -54.26567, 1.69578 ], [ -54.26958, 1.70481 ], [ -54.2668, 1.70807 ], [ -54.27449, 1.71049 ], [ -54.28008, 1.70768 ], [ -54.29236, 1.70875 ], [ -54.28294, 1.71626 ], [ -54.28164, 1.72385 ], [ -54.28989, 1.72058 ], [ -54.29319, 1.726 ], [ -54.30044, 1.72382 ], [ -54.30528, 1.72932 ], [ -54.30978, 1.7294 ], [ -54.31341, 1.73346 ], [ -54.30578, 1.7369 ], [ -54.3093, 1.74105 ], [ -54.31688, 1.73679 ], [ -54.32344, 1.7375 ], [ -54.32956, 1.74382 ], [ -54.33658, 1.74019 ], [ -54.34466, 1.74063 ], [ -54.3442, 1.74668 ], [ -54.35083, 1.74739 ], [ -54.35169, 1.75407 ], [ -54.37772, 1.76369 ], [ -54.38744, 1.74516 ], [ -54.40395, 1.75976 ], [ -54.41789, 1.75657 ], [ -54.42466, 1.76044 ], [ -54.43461, 1.7541 ], [ -54.46481, 1.75919 ], [ -54.47061, 1.75575 ], [ -54.47128, 1.75151 ], [ -54.48472, 1.75545 ], [ -54.49116, 1.74731 ], [ -54.50183, 1.75109 ], [ -54.50855, 1.74827 ], [ -54.51242, 1.75341 ], [ -54.52397, 1.75601 ], [ -54.52811, 1.76494 ], [ -54.537, 1.77025 ], [ -54.57109, 1.77759 ], [ -54.57091, 1.78446 ], [ -54.58105, 1.77766 ], [ -54.60192, 1.78457 ], [ -54.61172, 1.77932 ], [ -54.62588, 1.78064 ], [ -54.64364, 1.7686 ], [ -54.65156, 1.77165 ], [ -54.6712, 1.76566 ], [ -54.67902, 1.76889 ], [ -54.69216, 1.76787 ], [ -54.7005, 1.77571 ], [ -54.70225, 1.77228 ], [ -54.71853, 1.77107 ], [ -54.74478, 1.7758 ], [ -54.74644, 1.78645 ], [ -54.75267, 1.79068 ], [ -54.75442, 1.79781 ], [ -54.74692, 1.80577 ], [ -54.75067, 1.81425 ], [ -54.73403, 1.83198 ], [ -54.74061, 1.83205 ], [ -54.73978, 1.83928 ], [ -54.74311, 1.839 ], [ -54.74392, 1.84288 ], [ -54.74848, 1.84233 ], [ -54.66115, 1.89163 ], [ -54.70425, 2.07264 ], [ -54.65667, 2.19139 ], [ -54.7831, 2.44771 ], [ -54.74403, 2.47149 ], [ -54.68492, 2.44682 ], [ -54.69209, 2.3614 ], [ -54.66225, 2.32699 ], [ -54.60169, 2.33717 ], [ -54.43658, 2.20989 ], [ -54.18908, 2.17883 ], [ -54.00124, 2.22999 ], [ -53.98997, 2.23742 ], [ -53.97491, 2.23239 ], [ -53.96719, 2.24307 ], [ -53.95297, 2.24527 ], [ -53.94575, 2.24104 ], [ -53.94236, 2.2424 ], [ -53.94274, 2.25252 ], [ -53.93569, 2.2594 ], [ -53.94208, 2.27809 ], [ -53.9366, 2.28623 ], [ -53.94016, 2.29074 ], [ -53.93631, 2.29698 ], [ -53.92958, 2.29067 ], [ -53.91602, 2.2907 ], [ -53.91636, 2.27724 ], [ -53.90781, 2.274 ], [ -53.89869, 2.28811 ], [ -53.89263, 2.28379 ], [ -53.88921, 2.28624 ], [ -53.8928, 2.29111 ], [ -53.8878, 2.2988 ], [ -53.8898, 2.30648 ], [ -53.88392, 2.31634 ], [ -53.8713, 2.31627 ], [ -53.86591, 2.31158 ], [ -53.85958, 2.32 ], [ -53.85241, 2.31026 ], [ -53.84208, 2.30766 ], [ -53.82405, 2.31763 ], [ -53.81485, 2.31702 ], [ -53.82063, 2.32966 ], [ -53.83347, 2.32945 ], [ -53.83705, 2.3336 ], [ -53.835, 2.33966 ], [ -53.81455, 2.34241 ], [ -53.8118, 2.35669 ], [ -53.8055, 2.35752 ], [ -53.79963, 2.36503 ], [ -53.79086, 2.36469 ], [ -53.78409, 2.37274 ], [ -53.7733, 2.37358 ], [ -53.77286, 2.37692 ], [ -53.76722, 2.37892 ], [ -53.75802, 2.37505 ], [ -53.74163, 2.375 ], [ -53.73916, 2.37265 ], [ -53.74366, 2.36659 ], [ -53.75358, 2.36395 ], [ -53.74483, 2.35891 ], [ -53.73852, 2.36226 ], [ -53.72799, 2.35108 ], [ -53.72347, 2.35407 ], [ -53.72847, 2.34276 ], [ -53.73972, 2.33533 ], [ -53.73661, 2.32395 ], [ -53.74291, 2.32448 ], [ -53.75077, 2.31959 ], [ -53.74878, 2.31281 ], [ -53.73261, 2.30905 ], [ -53.72697, 2.31439 ], [ -53.70766, 2.3091 ], [ -53.69552, 2.31228 ], [ -53.68616, 2.29459 ], [ -53.68052, 2.29704 ], [ -53.68221, 2.30119 ], [ -53.66388, 2.30538 ], [ -53.66118, 2.2997 ], [ -53.65333, 2.30242 ], [ -53.6563, 2.28452 ], [ -53.63588, 2.28158 ], [ -53.62621, 2.28458 ], [ -53.61928, 2.27844 ], [ -53.615, 2.27845 ], [ -53.61227, 2.28641 ], [ -53.60128, 2.28616 ], [ -53.58424, 2.26893 ], [ -53.57818, 2.27282 ], [ -53.56763, 2.27149 ], [ -53.55486, 2.26085 ], [ -53.54094, 2.25725 ], [ -53.53152, 2.25772 ], [ -53.52024, 2.26651 ], [ -53.50993, 2.26201 ], [ -53.49538, 2.26104 ], [ -53.48538, 2.26485 ], [ -53.47308, 2.25674 ], [ -53.45868, 2.2611 ], [ -53.45444, 2.27006 ], [ -53.46003, 2.2762 ], [ -53.46558, 2.27691 ], [ -53.46966, 2.28883 ], [ -53.46132, 2.29102 ], [ -53.44038, 2.2803 ], [ -53.43363, 2.2879 ], [ -53.42183, 2.28982 ], [ -53.41527, 2.29715 ], [ -53.40508, 2.29753 ], [ -53.39893, 2.30821 ], [ -53.38577, 2.30841 ], [ -53.37719, 2.31782 ], [ -53.36763, 2.32065 ], [ -53.35999, 2.33377 ], [ -53.36002, 2.34931 ], [ -53.34832, 2.35467 ], [ -53.33818, 2.3536 ], [ -53.33355, 2.34448 ], [ -53.3233, 2.34711 ], [ -53.32011, 2.34405 ], [ -53.31504, 2.3267 ], [ -53.30602, 2.3155 ], [ -53.29482, 2.30901 ], [ -53.28282, 2.30976 ], [ -53.27752, 2.29892 ], [ -53.26211, 2.29017 ], [ -53.26207, 2.27634 ], [ -53.24585, 2.27311 ], [ -53.23471, 2.27539 ], [ -53.22951, 2.26536 ], [ -53.22951, 2.26238 ], [ -53.25332, 2.24652 ], [ -53.25974, 2.25293 ], [ -53.26325, 2.22852 ], [ -53.26741, 2.22372 ], [ -53.2798, 2.22334 ], [ -53.27733, 2.22153 ], [ -53.27999, 2.20481 ], [ -53.28702, 2.19657 ], [ -53.284, 2.18898 ], [ -53.27918, 2.18599 ], [ -53.26991, 2.17057 ], [ -53.23445, 2.1434 ], [ -53.21754, 2.136 ], [ -53.20255, 2.13368 ], [ -53.19202, 2.12571 ], [ -53.17658, 2.1207 ], [ -53.16638, 2.11125 ], [ -53.13917, 2.10094 ], [ -53.13513, 2.09156 ], [ -53.13896, 2.06633 ], [ -53.13304, 2.01897 ], [ -53.11623, 2.00702 ], [ -53.11366, 1.98545 ], [ -53.11046, 1.98056 ], [ -53.09094, 1.97518 ], [ -53.07347, 1.94489 ], [ -53.06697, 1.94274 ], [ -53.05892, 1.94656 ], [ -53.05894, 1.94527 ], [ -53.04794, 1.97197 ], [ -53.04193, 1.97684 ], [ -53.0255, 1.98094 ], [ -53.0086, 1.97835 ], [ -52.99899, 1.9548 ], [ -52.99446, 1.95202 ], [ -52.98219, 1.94951 ], [ -52.96171, 1.95076 ], [ -52.94669, 1.94513 ], [ -52.92902, 1.95013 ], [ -52.92124, 1.94162 ], [ -52.91899, 1.948 ], [ -52.91424, 1.9484 ], [ -52.91163, 1.95522 ], [ -52.90049, 1.96257 ], [ -52.90763, 1.99193 ], [ -52.90349, 1.99928 ], [ -52.90871, 2.00865 ], [ -52.90433, 2.00892 ], [ -52.90377, 2.01642 ], [ -52.88949, 2.03175 ], [ -52.86794, 2.02477 ], [ -52.85482, 2.01296 ], [ -52.8376, 2.00402 ], [ -52.81191, 1.98048 ], [ -52.79566, 1.97703 ], [ -52.79354, 1.96754 ], [ -52.78099, 1.95094 ], [ -52.78396, 1.9429 ], [ -52.78129, 1.93409 ], [ -52.78713, 1.92582 ], [ -52.77191, 1.88723 ], [ -52.75723, 1.8679 ], [ -52.74093, 1.8603 ], [ -52.74008, 1.8677 ], [ -52.73699, 1.86942 ], [ -52.72463, 1.8629 ], [ -52.72252, 1.85717 ], [ -52.71866, 1.85916 ], [ -52.70674, 1.84396 ], [ -52.69785, 1.84373 ], [ -52.69609, 1.83859 ], [ -52.69083, 1.84619 ], [ -52.68588, 1.84794 ], [ -52.6803, 1.83578 ], [ -52.6734, 1.83578 ], [ -52.67434, 1.83216 ], [ -52.66136, 1.82538 ], [ -52.65843, 1.81696 ], [ -52.6644, 1.81042 ], [ -52.66194, 1.80761 ], [ -52.65633, 1.81123 ], [ -52.64686, 1.79545 ], [ -52.6471, 1.79095 ], [ -52.63914, 1.78938 ], [ -52.63914, 1.7937 ], [ -52.63563, 1.79592 ], [ -52.63083, 1.7868 ], [ -52.6223, 1.78458 ], [ -52.62107, 1.77669 ], [ -52.61482, 1.77669 ], [ -52.60475, 1.76752 ], [ -52.60455, 1.76103 ], [ -52.60148, 1.76132 ], [ -52.60113, 1.75676 ], [ -52.59645, 1.75501 ], [ -52.58854, 1.73755 ], [ -52.57493, 1.73981 ], [ -52.57689, 1.74293 ], [ -52.57306, 1.74531 ], [ -52.56908, 1.73373 ], [ -52.55505, 1.72567 ], [ -52.55669, 1.72228 ], [ -52.55341, 1.7176 ], [ -52.55844, 1.71608 ], [ -52.55867, 1.7065 ], [ -52.54967, 1.70474 ], [ -52.55224, 1.69831 ], [ -52.55832, 1.69749 ], [ -52.55727, 1.68954 ], [ -52.55014, 1.69071 ], [ -52.54885, 1.68744 ], [ -52.54792, 1.68966 ], [ -52.54803, 1.67914 ], [ -52.54043, 1.67259 ], [ -52.53634, 1.66301 ], [ -52.5264, 1.66137 ], [ -52.52476, 1.65423 ], [ -52.51956, 1.65815 ], [ -52.51271, 1.65015 ], [ -52.51377, 1.64512 ], [ -52.52055, 1.64126 ], [ -52.52078, 1.63109 ], [ -52.51447, 1.62688 ], [ -52.50202, 1.63142 ], [ -52.50102, 1.61262 ], [ -52.48909, 1.6104 ], [ -52.49108, 1.59719 ], [ -52.48149, 1.5834 ], [ -52.494, 1.58047 ], [ -52.49657, 1.57276 ], [ -52.50084, 1.57388 ], [ -52.50518, 1.57025 ], [ -52.50499, 1.56317 ], [ -52.49459, 1.55429 ], [ -52.49412, 1.54821 ], [ -52.49008, 1.54802 ], [ -52.48102, 1.53967 ], [ -52.48242, 1.53687 ], [ -52.49213, 1.53546 ], [ -52.49658, 1.53032 ], [ -52.49131, 1.52295 ], [ -52.49295, 1.51348 ], [ -52.48815, 1.50694 ], [ -52.48494, 1.48636 ], [ -52.47798, 1.48624 ], [ -52.47938, 1.47338 ], [ -52.4857, 1.4645 ], [ -52.485, 1.46029 ], [ -52.48336, 1.45877 ], [ -52.48301, 1.46251 ], [ -52.47505, 1.46473 ], [ -52.46932, 1.45222 ], [ -52.47226, 1.44486 ], [ -52.46008, 1.44451 ], [ -52.45786, 1.4403 ], [ -52.47178, 1.42381 ], [ -52.46645, 1.4085 ], [ -52.46828, 1.40738 ], [ -52.47155, 1.41317 ], [ -52.47482, 1.40826 ], [ -52.47412, 1.40172 ], [ -52.47973, 1.39575 ], [ -52.47576, 1.3933 ], [ -52.47014, 1.39926 ], [ -52.46956, 1.39447 ], [ -52.45927, 1.3864 ], [ -52.4547, 1.37716 ], [ -52.44979, 1.37623 ], [ -52.44944, 1.37237 ], [ -52.46429, 1.3491 ], [ -52.465, 1.3394 ], [ -52.46877, 1.33557 ], [ -52.48002, 1.3329 ], [ -52.47693, 1.31999 ], [ -52.48055, 1.30724 ], [ -52.48581, 1.30502 ], [ -52.49482, 1.28912 ], [ -52.46196, 1.28327 ], [ -52.46161, 1.28722 ], [ -52.45447, 1.28982 ], [ -52.44687, 1.28585 ], [ -52.45459, 1.26807 ], [ -52.44605, 1.26924 ], [ -52.43248, 1.25486 ], [ -52.42629, 1.25439 ], [ -52.41728, 1.24539 ], [ -52.41038, 1.24516 ], [ -52.40792, 1.23826 ], [ -52.41447, 1.23884 ], [ -52.40571, 1.2282 ], [ -52.39611, 1.22797 ], [ -52.3901, 1.22118 ], [ -52.38781, 1.22774 ], [ -52.38208, 1.2282 ], [ -52.38442, 1.21558 ], [ -52.38921, 1.2092 ], [ -52.37494, 1.20271 ], [ -52.36722, 1.20669 ], [ -52.35916, 1.20271 ], [ -52.36442, 1.18786 ], [ -52.37671, 1.18399 ], [ -52.38655, 1.19221 ], [ -52.39546, 1.19494 ], [ -52.39636, 1.2 ], [ -52.39934, 1.19625 ], [ -52.39624, 1.1893 ], [ -52.41784, 1.19069 ], [ -52.42452, 1.19591 ], [ -52.42925, 1.19092 ], [ -52.43266, 1.20018 ], [ -52.44422, 1.19228 ], [ -52.45563, 1.19347 ], [ -52.46133, 1.19685 ], [ -52.49565, 1.06878 ], [ -52.49739, 1.0623 ], [ -52.50253, 1.0614 ], [ -52.50255, 1.06058 ], [ -52.49968, 1.06116 ], [ -52.50621, 1.02933 ], [ -52.52001, 1.04112 ], [ -52.55301, 1.04021 ], [ -52.58739, 0.99686 ], [ -52.59829, 0.99137 ], [ -52.61062, 0.9717 ], [ -52.62125, 0.96693 ], [ -52.62248, 0.94685 ], [ -52.62902, 0.94277 ], [ -52.63363, 0.93479 ], [ -52.63996, 0.93296 ], [ -52.65666, 0.93701 ], [ -52.67066, 0.93145 ], [ -52.69313, 0.90012 ], [ -52.70157, 0.88134 ], [ -52.70086, 0.86779 ], [ -52.7045, 0.8601 ], [ -52.71212, 0.85722 ], [ -52.73047, 0.8582 ], [ -52.74865, 0.84844 ], [ -52.74819, 0.85566 ], [ -52.75738, 0.82989 ], [ -52.75298, 0.82381 ], [ -52.74277, 0.81453 ], [ -52.72668, 0.82049 ], [ -52.72206, 0.82647 ], [ -52.69866, 0.82477 ], [ -52.67969, 0.82901 ], [ -52.6754, 0.82633 ], [ -52.66318, 0.83392 ], [ -52.66033, 0.83012 ], [ -52.6659, 0.80842 ], [ -52.66169, 0.79196 ], [ -52.64101, 0.77524 ], [ -52.64004, 0.77069 ], [ -52.65008, 0.7649 ], [ -52.64785, 0.76149 ], [ -52.64941, 0.75373 ], [ -52.67605, 0.73752 ], [ -52.67623, 0.7199 ], [ -52.68379, 0.70342 ], [ -52.68724, 0.65546 ], [ -52.69285, 0.64005 ], [ -52.68291, 0.61572 ], [ -52.68615, 0.61177 ] ], [ [ -53.1073, 0.64512 ], [ -53.10607, 0.64486 ], [ -53.11562, 0.65097 ], [ -53.1073, 0.64512 ] ], [ [ -53.05235, 1.91374 ], [ -53.05901, 1.94119 ], [ -53.05913, 1.93393 ], [ -53.05235, 1.91374 ] ], [ [ -52.87121, 1.46483 ], [ -52.86311, 1.50685 ], [ -52.86325, 1.51409 ], [ -52.87121, 1.46483 ] ], [ [ -52.91512, 1.35539 ], [ -52.91094, 1.36271 ], [ -52.91487, 1.3577 ], [ -52.91512, 1.35539 ] ], [ [ -52.91596, 1.34124 ], [ -52.91599, 1.3473 ], [ -52.91685, 1.33929 ], [ -52.91596, 1.34124 ] ], [ [ -52.92342, 1.32489 ], [ -52.92139, 1.32935 ], [ -52.92808, 1.31776 ], [ -52.92342, 1.32489 ] ], [ [ -52.58118, 1.11299 ], [ -52.58518, 1.11533 ], [ -52.58151, 1.11259 ], [ -52.58118, 1.11299 ] ], [ [ -52.57764, 1.11093 ], [ -52.58064, 1.11195 ], [ -52.57827, 1.11018 ], [ -52.57764, 1.11093 ] ], [ [ -52.57504, 1.10251 ], [ -52.57615, 1.10984 ], [ -52.5776, 1.10967 ], [ -52.57616, 1.1086 ], [ -52.57504, 1.10251 ] ], [ [ -52.54577, 1.07562 ], [ -52.54788, 1.07346 ], [ -52.55046, 1.07598 ], [ -52.5498, 1.07666 ], [ -52.55255, 1.07795 ], [ -52.55364, 1.07752 ], [ -52.54536, 1.06897 ], [ -52.54577, 1.07562 ] ], [ [ -52.51488, 1.06593 ], [ -52.53695, 1.0603 ], [ -52.51477, 1.06586 ], [ -52.51488, 1.06593 ] ], [ [ -52.50568, 1.06085 ], [ -52.50674, 1.06066 ], [ -52.50569, 1.05993 ], [ -52.50568, 1.06085 ] ], [ [ -53.10899, 0.69376 ], [ -53.10861, 0.69343 ], [ -53.10255, 0.70543 ], [ -53.10899, 0.69376 ] ], [ [ -53.09565, 0.72278 ], [ -53.09173, 0.72694 ], [ -53.09188, 0.7272 ], [ -53.09565, 0.72278 ] ], [ [ -53.08282, 0.92733 ], [ -53.08258, 0.92764 ], [ -53.08781, 0.9293 ], [ -53.08282, 0.92733 ] ], [ [ -52.9614, 1.12898 ], [ -52.96049, 1.12828 ], [ -52.96211, 1.13389 ], [ -52.9614, 1.12898 ] ], [ [ -52.96354, 1.14388 ], [ -52.93321, 1.15591 ], [ -52.95861, 1.14794 ], [ -52.96354, 1.14388 ] ], [ [ -52.92884, 1.15728 ], [ -52.93183, 1.15634 ], [ -52.91438, 1.15847 ], [ -52.90665, 1.16164 ], [ -52.92884, 1.15728 ] ], [ [ -52.88713, 1.17045 ], [ -52.88747, 1.1663 ], [ -52.88215, 1.16681 ], [ -52.88663, 1.16662 ], [ -52.88713, 1.17045 ] ], [ [ -52.86425, 1.1717 ], [ -52.87774, 1.17122 ], [ -52.87575, 1.16939 ], [ -52.87777, 1.16723 ], [ -52.87739, 1.16727 ], [ -52.87478, 1.17015 ], [ -52.86425, 1.1717 ] ], [ [ -52.87957, 1.16913 ], [ -52.8809, 1.16693 ], [ -52.87777, 1.16723 ], [ -52.87957, 1.16913 ] ], [ [ -52.8311, 1.16076 ], [ -52.83538, 1.16408 ], [ -52.82918, 1.15902 ], [ -52.8311, 1.16076 ] ], [ [ -52.82802, 1.16379 ], [ -52.82724, 1.16302 ], [ -52.8279, 1.16391 ], [ -52.82802, 1.16379 ] ], [ [ -52.82375, 1.15985 ], [ -52.82475, 1.15963 ], [ -52.82548, 1.16063 ], [ -52.8279, 1.15797 ], [ -52.82375, 1.15985 ] ], [ [ -52.78093, 1.17191 ], [ -52.77787, 1.1722 ], [ -52.77558, 1.1735 ], [ -52.78093, 1.17191 ] ], [ [ -52.77159, 1.17578 ], [ -52.77038, 1.17648 ], [ -52.77348, 1.17761 ], [ -52.77159, 1.17578 ] ], [ [ -52.77486, 1.17894 ], [ -52.77406, 1.18112 ], [ -52.77548, 1.17954 ], [ -52.77486, 1.17894 ] ], [ [ -52.77223, 1.18314 ], [ -52.76968, 1.18221 ], [ -52.77158, 1.18386 ], [ -52.77223, 1.18314 ] ], [ [ -52.76816, 1.18088 ], [ -52.76961, 1.17691 ], [ -52.76598, 1.17899 ], [ -52.76816, 1.18088 ] ], [ [ -52.74908, 1.17162 ], [ -52.75735, 1.17147 ], [ -52.7508, 1.17141 ], [ -52.75073, 1.16643 ], [ -52.74908, 1.17162 ] ], [ [ -52.73755, 1.15704 ], [ -52.73769, 1.15632 ], [ -52.73691, 1.15649 ], [ -52.73755, 1.15704 ] ], [ [ -52.73432, 1.15824 ], [ -52.73568, 1.15677 ], [ -52.73067, 1.15789 ], [ -52.73432, 1.15824 ] ], [ [ -52.73668, 1.16153 ], [ -52.73695, 1.16012 ], [ -52.73656, 1.16054 ], [ -52.73432, 1.15824 ], [ -52.73668, 1.16153 ] ], [ [ -52.68038, 1.14959 ], [ -52.68044, 1.15288 ], [ -52.68042, 1.14682 ], [ -52.67556, 1.15251 ], [ -52.68038, 1.14959 ] ], [ [ -52.6667, 1.15111 ], [ -52.66547, 1.14992 ], [ -52.66583, 1.15089 ], [ -52.6667, 1.15111 ] ], [ [ -52.67463, 1.15308 ], [ -52.67473, 1.15302 ], [ -52.6674, 1.15038 ], [ -52.6667, 1.15111 ], [ -52.67463, 1.15308 ] ], [ [ -52.6618, 1.14836 ], [ -52.66152, 1.14826 ], [ -52.66148, 1.1509 ], [ -52.6618, 1.14836 ] ], [ [ -52.64896, 1.14374 ], [ -52.64873, 1.14366 ], [ -52.6435, 1.14571 ], [ -52.64896, 1.14374 ] ], [ [ -52.64099, 1.14166 ], [ -52.64136, 1.14134 ], [ -52.63988, 1.13989 ], [ -52.64099, 1.14166 ] ], [ [ -52.64168, 1.13793 ], [ -52.64054, 1.13725 ], [ -52.63988, 1.13989 ], [ -52.64168, 1.13793 ] ], [ [ -52.64359, 1.13945 ], [ -52.64385, 1.13922 ], [ -52.64264, 1.1385 ], [ -52.64359, 1.13945 ] ], [ [ -52.82373, 0.95721 ], [ -52.82414, 0.95679 ], [ -52.82379, 0.95381 ], [ -52.82373, 0.95721 ] ], [ [ -52.82419, 0.93024 ], [ -52.83722, 0.90787 ], [ -52.83697, 0.9061 ], [ -52.82419, 0.93024 ] ], [ [ -52.83542, 0.89507 ], [ -52.8275, 0.89012 ], [ -52.82847, 0.89171 ], [ -52.83542, 0.89507 ] ], [ [ -52.82657, 0.88858 ], [ -52.82331, 0.87562 ], [ -52.82443, 0.88506 ], [ -52.82657, 0.88858 ] ], [ [ -52.72754, 0.78467 ], [ -52.72601, 0.78335 ], [ -52.72523, 0.783 ], [ -52.72754, 0.78467 ] ], [ [ -52.68091, 0.76253 ], [ -52.677, 0.75599 ], [ -52.68033, 0.76226 ], [ -52.68091, 0.76253 ] ], [ [ -53.08897, 0.641 ], [ -53.07365, 0.63015 ], [ -53.08863, 0.64095 ], [ -53.08897, 0.641 ] ], [ [ -52.95541, 1.12437 ], [ -52.93725, 1.12005 ], [ -52.95751, 1.12599 ], [ -52.95541, 1.12437 ] ], [ [ -52.87224, 1.01311 ], [ -52.87196, 1.01378 ], [ -52.87302, 1.01777 ], [ -52.87224, 1.01311 ] ], [ [ -52.87774, 0.99556 ], [ -52.87668, 0.99281 ], [ -52.87721, 0.99684 ], [ -52.87774, 0.99556 ] ], [ [ -52.84632, 0.95131 ], [ -52.84373, 0.95121 ], [ -52.8474, 0.95213 ], [ -52.84632, 0.95131 ] ], [ [ -52.83888, 0.95103 ], [ -52.83009, 0.95949 ], [ -52.84092, 0.95111 ], [ -52.83888, 0.95103 ] ], [ [ -52.74053, 1.15648 ], [ -52.7408, 1.15661 ], [ -52.74138, 1.15538 ], [ -52.74053, 1.15648 ] ], [ [ -52.73966, 1.15275 ], [ -52.73836, 1.15489 ], [ -52.74176, 1.15456 ], [ -52.73966, 1.15275 ] ], [ [ -52.7392, 1.15586 ], [ -52.73823, 1.1551 ], [ -52.73808, 1.15534 ], [ -52.7392, 1.15586 ] ], [ [ -52.87894, 1.17018 ], [ -52.87787, 1.17121 ], [ -52.87833, 1.17119 ], [ -52.87894, 1.17018 ] ], [ [ -52.91436, 1.1783 ], [ -52.91314, 1.17935 ], [ -52.91558, 1.17935 ], [ -52.91436, 1.1783 ] ], [ [ -52.89124, 1.18534 ], [ -52.89279, 1.18533 ], [ -52.88852, 1.18533 ], [ -52.89124, 1.18663 ], [ -52.89124, 1.18534 ] ], [ [ -52.89372, 1.18533 ], [ -52.89277, 1.18117 ], [ -52.89279, 1.18533 ], [ -52.89372, 1.18533 ] ], [ [ -53.19121, 1.12941 ], [ -53.1909, 1.12887 ], [ -53.18824, 1.13547 ], [ -53.19121, 1.12941 ] ], [ [ -53.18729, 1.15127 ], [ -53.18748, 1.15097 ], [ -53.17636, 1.14842 ], [ -53.18729, 1.15127 ] ], [ [ -53.15819, 1.15277 ], [ -53.15996, 1.15828 ], [ -53.15948, 1.1521 ], [ -53.15819, 1.15277 ] ], [ [ -53.15611, 1.16952 ], [ -53.15799, 1.15288 ], [ -53.15699, 1.15341 ], [ -53.15611, 1.16952 ] ], [ [ -53.15952, 1.17833 ], [ -53.15572, 1.17664 ], [ -53.15568, 1.17741 ], [ -53.15952, 1.17833 ] ], [ [ -53.23781, 1.51695 ], [ -53.23753, 1.51654 ], [ -53.23688, 1.53495 ], [ -53.23781, 1.51695 ] ], [ [ -53.2316, 1.54607 ], [ -53.23195, 1.54695 ], [ -53.23688, 1.53495 ], [ -53.2316, 1.54607 ] ], [ [ -53.2388, 1.56578 ], [ -53.2387, 1.56552 ], [ -53.23792, 1.57038 ], [ -53.2388, 1.56578 ] ], [ [ -53.23299, 1.59589 ], [ -53.23366, 1.59243 ], [ -53.21944, 1.61403 ], [ -53.23299, 1.59589 ] ], [ [ -53.21768, 1.68175 ], [ -53.21004, 1.67138 ], [ -53.2176, 1.6832 ], [ -53.21768, 1.68175 ] ], [ [ -53.22234, 1.69009 ], [ -53.22169, 1.68959 ], [ -53.22228, 1.69051 ], [ -53.22234, 1.69009 ] ], [ [ -53.22164, 1.69466 ], [ -53.22184, 1.69333 ], [ -53.07037, 1.86697 ], [ -53.22164, 1.69466 ] ], [ [ -52.9681, 1.1884 ], [ -52.97249, 1.20612 ], [ -52.96623, 1.16255 ], [ -52.9681, 1.1884 ] ], [ [ -52.96166, 1.24694 ], [ -52.9649, 1.23959 ], [ -52.96484, 1.23495 ], [ -52.96166, 1.24694 ] ], [ [ -52.93594, 1.26438 ], [ -52.93492, 1.26494 ], [ -52.95345, 1.26552 ], [ -52.93594, 1.26438 ] ], [ [ -52.92955, 1.26793 ], [ -52.92929, 1.26947 ], [ -52.93076, 1.26725 ], [ -52.92955, 1.26793 ] ], [ [ -52.92713, 1.28238 ], [ -52.93042, 1.30515 ], [ -52.92863, 1.27345 ], [ -52.92713, 1.28238 ] ], [ [ -52.50584, 1.05879 ], [ -52.50711, 1.05971 ], [ -52.50711, 1.05789 ], [ -52.50584, 1.05879 ] ], [ [ -52.6024, 1.04066 ], [ -52.60339, 1.03995 ], [ -52.60314, 1.03961 ], [ -52.6024, 1.04066 ] ], [ [ -52.60163, 1.03956 ], [ -52.60296, 1.03935 ], [ -52.60192, 1.0379 ], [ -52.60163, 1.03956 ] ], [ [ -52.60157, 1.04126 ], [ -52.60136, 1.04109 ], [ -52.6013, 1.04146 ], [ -52.60157, 1.04126 ] ], [ [ -52.54582, 1.0765 ], [ -52.54589, 1.07758 ], [ -52.54672, 1.07738 ], [ -52.54582, 1.0765 ] ], [ [ -52.57615, 1.10986 ], [ -52.57619, 1.11008 ], [ -52.57707, 1.11059 ], [ -52.57615, 1.10986 ] ], [ [ -52.66495, 1.297 ], [ -52.6654, 1.29704 ], [ -52.6662, 1.29462 ], [ -52.66495, 1.297 ] ], [ [ -52.65617, 1.29555 ], [ -52.65596, 1.29625 ], [ -52.66368, 1.29689 ], [ -52.65617, 1.29555 ] ], [ [ -52.65715, 1.2902 ], [ -52.66294, 1.28842 ], [ -52.65637, 1.28881 ], [ -52.65715, 1.2902 ] ], [ [ -52.65987, 1.27613 ], [ -52.64757, 1.27643 ], [ -52.64621, 1.27763 ], [ -52.65439, 1.27745 ], [ -52.65987, 1.27613 ] ], [ [ -52.65339, 1.28354 ], [ -52.65527, 1.28686 ], [ -52.65439, 1.27745 ], [ -52.65339, 1.28354 ] ], [ [ -52.57824, 1.2189 ], [ -52.57631, 1.21594 ], [ -52.57504, 1.21543 ], [ -52.57688, 1.21983 ], [ -52.57824, 1.2189 ] ], [ [ -52.56971, 1.21333 ], [ -52.56764, 1.21597 ], [ -52.572, 1.21423 ], [ -52.56971, 1.21333 ] ], [ [ -52.46504, 1.19905 ], [ -52.46853, 1.20112 ], [ -52.47021, 1.20094 ], [ -52.46504, 1.19905 ] ], [ [ -52.48677, 1.1781 ], [ -52.48763, 1.17811 ], [ -52.48717, 1.17774 ], [ -52.48677, 1.1781 ] ], [ [ -52.48867, 1.17813 ], [ -52.48935, 1.17815 ], [ -52.4894, 1.1771 ], [ -52.48867, 1.17813 ] ], [ [ -52.48942, 1.17654 ], [ -52.48946, 1.17571 ], [ -52.48833, 1.17671 ], [ -52.48942, 1.17654 ] ], [ [ -52.55829, 1.08704 ], [ -52.55439, 1.09314 ], [ -52.56317, 1.09794 ], [ -52.5671, 1.09187 ], [ -52.55829, 1.08704 ] ], [ [ -52.57231, 1.12031 ], [ -52.57212, 1.12136 ], [ -52.57297, 1.12043 ], [ -52.57231, 1.12031 ] ], [ [ -52.57189, 1.12258 ], [ -52.57178, 1.12319 ], [ -52.57281, 1.12339 ], [ -52.57189, 1.12258 ] ], [ [ -52.57391, 1.1236 ], [ -52.57449, 1.12372 ], [ -52.57468, 1.12278 ], [ -52.57391, 1.1236 ] ], [ [ -52.57494, 1.12149 ], [ -52.57507, 1.12084 ], [ -52.57407, 1.12065 ], [ -52.57494, 1.12149 ] ], [ [ -52.72584, 1.36339 ], [ -52.72676, 1.36328 ], [ -52.72674, 1.36237 ], [ -52.72584, 1.36339 ] ], [ [ -52.72495, 1.3644 ], [ -52.72552, 1.36437 ], [ -52.7252, 1.36412 ], [ -52.72495, 1.3644 ] ], [ [ -52.72677, 1.36432 ], [ -52.72676, 1.36372 ], [ -52.72625, 1.36434 ], [ -52.72677, 1.36432 ] ] ], [ [ [ -52.49968, 1.06116 ], [ -52.49739, 1.0623 ], [ -52.49833, 1.05882 ], [ -52.49968, 1.06116 ] ] ], [ [ [ -52.49565, 1.06878 ], [ -52.49393, 1.07519 ], [ -52.49103, 1.07446 ], [ -52.49278, 1.06799 ], [ -52.49565, 1.06878 ] ] ] ] } },
{ "type": "Feature", "properties": { "cluster": 9.0, "hvi": 0.1985, "population": 1339, "setores": 1, "municipio": "Pedra Branca do Amapari" }, "geometry": { "type": "Polygon", "coordinates": [ [ [ -51.94614, 0.77083 ], [ -51.95083, 0.77161 ], [ -51.95261, 0.77654 ], [ -51.94819, 0.77625 ], [ -51.94614, 0.77083 ] ] ] } },
{ "type": "Feature", "properties": { "cluster": 10.0, "hvi": 0.1354, "population": 125, "setores": 1, "municipio": "Pedra Branca do Amapari" }, "geometry": { "type": "Polygon", "coordinates": [ [ [ -52.23947, 1.00848 ], [ -52.24675, 1.00465 ], [ -52.25825, 1.01407 ], [ -52.24068, 1.0174 ], [ -52.23947, 1.00848 ] ] ] } },
{ "type": "Feature", "properties": { "cluster": 11.0, "hvi": 0.1458, "population": 2948, "setores": 5, "municipio": "Pedra Branca do Amapari" }, "geometry": { "type": "Polygon", "coordinates": [ [ [ -51.76644, 0.62291 ], [ -51.76548, 0.61924 ], [ -51.77084, 0.61423 ], [ -51.78521, 0.62812 ], [ -51.80513, 0.6389 ], [ -51.8334, 0.64912 ], [ -51.84312, 0.64527 ], [ -51.8546, 0.65954 ], [ -51.87254, 0.63345 ], [ -51.90587, 0.60566 ], [ -51.93625, 0.58693 ], [ -52.1049, 0.64494 ], [ -52.10457, 0.64593 ], [ -52.1118, 0.63587 ], [ -52.11739, 0.63634 ], [ -52.1181, 0.62791 ], [ -52.1222, 0.6266 ], [ -52.13373, 0.63284 ], [ -52.13979, 0.62826 ], [ -52.14627, 0.63373 ], [ -52.15357, 0.63112 ], [ -52.15583, 0.63557 ], [ -52.15839, 0.6332 ], [ -52.16635, 0.6392 ], [ -52.16616, 0.64845 ], [ -52.17106, 0.65352 ], [ -52.1713, 0.66309 ], [ -52.19586, 0.6833 ], [ -52.1945, 0.6927 ], [ -52.20904, 0.71119 ], [ -52.23295, 0.70882 ], [ -52.23636, 0.71239 ], [ -52.23881, 0.70991 ], [ -52.24371, 0.71309 ], [ -52.24875, 0.71076 ], [ -52.26899, 0.71735 ], [ -52.28923, 0.74506 ], [ -52.29626, 0.747 ], [ -52.29893, 0.75326 ], [ -52.32771, 0.7699 ], [ -52.33979, 0.77195 ], [ -52.3564, 0.78607 ], [ -52.36688, 0.78536 ], [ -52.37302, 0.79016 ], [ -52.37673, 0.7881 ], [ -52.39327, 0.79253 ], [ -52.33005, 0.82126 ], [ -52.31568, 0.85071 ], [ -52.29824, 0.87033 ], [ -52.28562, 0.8735 ], [ -52.2729, 0.86965 ], [ -52.2676, 0.87241 ], [ -52.26615, 0.87909 ], [ -52.25996, 0.8855 ], [ -52.24098, 0.88669 ], [ -52.23884, 0.89166 ], [ -52.22351, 0.89209 ], [ -52.21686, 0.89913 ], [ -52.21259, 0.91204 ], [ -52.20807, 0.91273 ], [ -52.20302, 0.91698 ], [ -52.2005, 0.92771 ], [ -52.18957, 0.94435 ], [ -52.15683, 0.93918 ], [ -52.10736, 0.92006 ], [ -52.09304, 0.92563 ], [ -52.07863, 0.92595 ], [ -52.06856, 0.91468 ], [ -52.03977, 0.89436 ], [ -52.04837, 0.89033 ], [ -52.05765, 0.87904 ], [ -52.0526, 0.87595 ], [ -52.0488, 0.86703 ], [ -52.02481, 0.8551 ], [ -52.01199, 0.85964 ], [ -52.00599, 0.87221 ], [ -51.99231, 0.85927 ], [ -51.97596, 0.85547 ], [ -51.96307, 0.84507 ], [ -51.96069, 0.84981 ], [ -51.957, 0.84852 ], [ -51.95351, 0.85543 ], [ -51.94485, 0.85504 ], [ -51.93738, 0.86364 ], [ -51.93428, 0.88033 ], [ -51.92887, 0.89051 ], [ -51.93172, 0.90055 ], [ -51.92013, 0.9138 ], [ -51.92251, 0.92223 ], [ -51.91948, 0.92895 ], [ -51.90926, 0.93756 ], [ -51.8453, 0.95684 ], [ -51.84192, 0.96791 ], [ -51.82664, 0.97678 ], [ -51.8022, 0.97415 ], [ -51.79828, 0.98104 ], [ -51.79816, 0.99494 ], [ -51.78324, 0.99402 ], [ -51.77941, 0.99691 ], [ -51.76631, 0.98746 ], [ -51.75383, 0.98793 ], [ -51.75288, 0.98306 ], [ -51.75883, 0.97486 ], [ -51.75645, 0.97153 ], [ -51.71616, 0.99447 ], [ -51.70606, 0.989 ], [ -51.70544, 0.9794 ], [ -51.70095, 0.97617 ], [ -51.69161, 0.98337 ], [ -51.68835, 1.0092 ], [ -51.68503, 1.013 ], [ -51.67354, 1.0088 ], [ -51.66577, 0.98449 ], [ -51.6716, 0.97973 ], [ -51.66268, 0.9593 ], [ -51.65553, 0.96097 ], [ -51.64666, 0.95386 ], [ -51.63725, 0.95371 ], [ -51.61779, 0.94066 ], [ -51.61398, 0.93213 ], [ -51.59597, 0.92381 ], [ -51.59443, 0.91653 ], [ -51.60317, 0.91029 ], [ -51.6045, 0.88692 ], [ -51.60982, 0.88201 ], [ -51.62421, 0.87794 ], [ -51.62679, 0.8717 ], [ -51.62405, 0.85149 ], [ -51.61656, 0.83502 ], [ -51.60698, 0.83234 ], [ -51.60672, 0.8394 ], [ -51.60081, 0.84756 ], [ -51.58251, 0.85089 ], [ -51.5572, 0.86408 ], [ -51.5387, 0.87804 ], [ -51.52078, 0.87257 ], [ -51.51133, 0.87857 ], [ -51.48533, 0.85495 ], [ -51.48975, 0.84334 ], [ -51.4831, 0.81566 ], [ -51.47217, 0.79237 ], [ -51.46563, 0.7888 ], [ -51.45137, 0.76789 ], [ -51.4358, 0.7648 ], [ -51.42429, 0.74844 ], [ -51.39456, 0.73593 ], [ -51.39751, 0.73057 ], [ -51.40559, 0.72855 ], [ -51.4173, 0.71892 ], [ -51.4274, 0.71857 ], [ -51.43494, 0.71239 ], [ -51.44243, 0.71084 ], [ -51.45045, 0.71375 ], [ -51.45574, 0.72005 ], [ -51.45455, 0.73924 ], [ -51.45764, 0.74293 ], [ -51.52039, 0.74114 ], [ -51.53073, 0.73681 ], [ -51.54166, 0.72231 ], [ -51.55634, 0.7172 ], [ -51.57143, 0.70639 ], [ -51.57511, 0.6941 ], [ -51.60518, 0.66447 ], [ -51.6025, 0.65067 ], [ -51.61516, 0.6511 ], [ -51.63224, 0.66193 ], [ -51.63733, 0.65666 ], [ -51.64086, 0.64318 ], [ -51.64753, 0.63751 ], [ -51.66425, 0.6445 ], [ -51.67341, 0.64425 ], [ -51.68725, 0.65455 ], [ -51.6937, 0.64771 ], [ -51.69249, 0.63844 ], [ -51.69926, 0.6348 ], [ -51.7039, 0.63898 ], [ -51.70279, 0.64996 ], [ -51.7078, 0.65841 ], [ -51.71583, 0.65979 ], [ -51.72362, 0.64921 ], [ -51.72795, 0.63917 ], [ -51.73979, 0.61944 ], [ -51.75063, 0.6144 ], [ -51.75666, 0.6135 ], [ -51.75918, 0.61792 ], [ -51.75796, 0.62673 ], [ -51.75885, 0.62222 ], [ -51.76038, 0.62484 ], [ -51.76644, 0.62291 ] ], [ [ -51.72346, 0.65305 ], [ -51.72809, 0.65735 ], [ -51.72362, 0.64921 ], [ -51.72346, 0.65305 ] ], [ [ -51.98893, 0.81706 ], [ -51.99559, 0.82329 ], [ -52.00421, 0.8286 ], [ -51.98893, 0.81706 ] ], [ [ -51.98583, 0.81134 ], [ -51.98961, 0.8079 ], [ -51.98759, 0.80127 ], [ -51.9903, 0.79969 ], [ -51.98683, 0.79394 ], [ -51.99145, 0.78116 ], [ -51.98998, 0.77143 ], [ -51.9736, 0.7625 ], [ -51.94614, 0.77083 ], [ -51.95331, 0.78265 ], [ -51.94917, 0.78401 ], [ -51.94437, 0.78014 ], [ -51.94143, 0.77201 ], [ -51.93919, 0.77196 ], [ -51.93166, 0.77945 ], [ -51.94729, 0.80094 ], [ -51.97338, 0.81011 ], [ -51.98128, 0.80904 ], [ -51.99169, 0.81525 ], [ -51.98583, 0.81134 ] ], [ [ -51.94521, 0.76963 ], [ -51.94549, 0.77099 ], [ -51.94614, 0.77083 ], [ -51.94521, 0.76963 ] ], [ [ -51.88743, 0.69854 ], [ -51.88625, 0.70011 ], [ -51.89462, 0.71662 ], [ -51.88743, 0.69854 ] ], [ [ -51.86033, 0.67168 ], [ -51.8628, 0.67828 ], [ -51.87278, 0.69041 ], [ -51.86033, 0.67168 ] ], [ [ -51.85714, 0.66688 ], [ -51.85578, 0.66805 ], [ -51.85788, 0.668 ], [ -51.85714, 0.66688 ] ], [ [ -51.79369, 0.63865 ], [ -51.79299, 0.63905 ], [ -51.79411, 0.63921 ], [ -51.79369, 0.63865 ] ], [ [ -51.78209, 0.6454 ], [ -51.77412, 0.65481 ], [ -51.7852, 0.64359 ], [ -51.78209, 0.6454 ] ], [ [ -51.75999, 0.659 ], [ -51.76061, 0.65951 ], [ -51.77134, 0.65762 ], [ -51.75999, 0.659 ] ], [ [ -51.75438, 0.65253 ], [ -51.75414, 0.65424 ], [ -51.75811, 0.65747 ], [ -51.75438, 0.65253 ] ], [ [ -52.10871, 0.6604 ], [ -52.10361, 0.64883 ], [ -52.10343, 0.64936 ], [ -52.10871, 0.6604 ] ], [ [ -52.10107, 0.67487 ], [ -52.10129, 0.67443 ], [ -52.10012, 0.67478 ], [ -52.10107, 0.67487 ] ], [ [ -52.09045, 0.67387 ], [ -52.09394, 0.6742 ], [ -52.09035, 0.67212 ], [ -52.09045, 0.67387 ] ], [ [ -52.03349, 0.68305 ], [ -52.03627, 0.68072 ], [ -52.03199, 0.68369 ], [ -52.03349, 0.68305 ] ], [ [ -51.88806, 0.69769 ], [ -51.88967, 0.69738 ], [ -51.88866, 0.69691 ], [ -51.88806, 0.69769 ] ], [ [ -51.81218, 0.89276 ], [ -51.81184, 0.89199 ], [ -51.80301, 0.8939 ], [ -51.81218, 0.89276 ] ], [ [ -51.76665, 0.8486 ], [ -51.76218, 0.84295 ], [ -51.7623, 0.84418 ], [ -51.76665, 0.8486 ] ], [ [ -51.71254, 0.72567 ], [ -51.70449, 0.70371 ], [ -51.70813, 0.71603 ], [ -51.71254, 0.72567 ] ], [ [ -51.70584, 0.69561 ], [ -51.70555, 0.69576 ], [ -51.70449, 0.70371 ], [ -51.70584, 0.69561 ] ], [ [ -51.7276, 0.66493 ], [ -51.7285, 0.65809 ], [ -51.72844, 0.65798 ], [ -51.7276, 0.66493 ] ] ] } },
{ "type": "Feature", "properties": { "cluster": 12.0, "hvi": 0.1549, "population": 2999, "setores": 28, "municipio": "Serra do Navio" }, "geometry": { "type": "Polygon", "coordinates": [ [ [ -52.46744, 0.59287 ], [ -52.46679, 0.58263 ], [ -52.46612, 0.58164 ], [ -52.46788, 0.59868 ], [ -52.48079, 0.61638 ], [ -52.48162, 0.63185 ], [ -52.49037, 0.63891 ], [ -52.5035, 0.64216 ], [ -52.50666, 0.64795 ], [ -52.50712, 0.65075 ], [ -52.49811, 0.65968 ], [ -52.50387, 0.67628 ], [ -52.5194, 0.6832 ], [ -52.52403, 0.69272 ], [ -52.53303, 0.69738 ], [ -52.54655, 0.72092 ], [ -52.56887, 0.72495 ], [ -52.57916, 0.74001 ], [ -52.59399, 0.74152 ], [ -52.61016, 0.73817 ], [ -52.61486, 0.74046 ], [ -52.61875, 0.75953 ], [ -52.63219, 0.77451 ], [ -52.64101, 0.77524 ], [ -52.66169, 0.79196 ], [ -52.6659, 0.80842 ], [ -52.66033, 0.83012 ], [ -52.66318, 0.83392 ], [ -52.6754, 0.82633 ], [ -52.67969, 0.82901 ], [ -52.69866, 0.82477 ], [ -52.72206, 0.82647 ], [ -52.72668, 0.82049 ], [ -52.74277, 0.81453 ], [ -52.75081, 0.82 ], [ -52.75738, 0.82989 ], [ -52.75145, 0.84438 ], [ -52.7425, 0.85307 ], [ -52.73047, 0.8582 ], [ -52.71212, 0.85722 ], [ -52.7045, 0.8601 ], [ -52.70086, 0.86779 ], [ -52.70157, 0.88134 ], [ -52.69313, 0.90012 ], [ -52.67066, 0.93145 ], [ -52.65666, 0.93701 ], [ -52.63996, 0.93296 ], [ -52.63363, 0.93479 ], [ -52.62902, 0.94277 ], [ -52.62248, 0.94685 ], [ -52.62125, 0.96693 ], [ -52.61062, 0.9717 ], [ -52.59829, 0.99137 ], [ -52.58739, 0.99686 ], [ -52.55301, 1.04021 ], [ -52.52001, 1.04112 ], [ -52.50598, 1.03031 ], [ -52.49565, 1.06878 ], [ -52.49278, 1.06799 ], [ -52.49103, 1.07446 ], [ -52.49393, 1.07519 ], [ -52.46113, 1.19762 ], [ -52.46015, 1.19464 ], [ -52.44422, 1.19228 ], [ -52.43266, 1.20018 ], [ -52.42925, 1.19092 ], [ -52.42452, 1.19591 ], [ -52.41784, 1.19069 ], [ -52.39652, 1.18928 ], [ -52.39934, 1.19625 ], [ -52.39614, 1.19995 ], [ -52.39546, 1.19494 ], [ -52.38655, 1.19221 ], [ -52.37671, 1.18399 ], [ -52.36956, 1.18508 ], [ -52.36968, 1.18588 ], [ -52.36442, 1.18786 ], [ -52.365, 1.19219 ], [ -52.35986, 1.19909 ], [ -52.35746, 1.20011 ], [ -52.36617, 1.20669 ], [ -52.37623, 1.20306 ], [ -52.38941, 1.2099 ], [ -52.38442, 1.21558 ], [ -52.38208, 1.2282 ], [ -52.38781, 1.22774 ], [ -52.3901, 1.22118 ], [ -52.39611, 1.22797 ], [ -52.40571, 1.2282 ], [ -52.41447, 1.23884 ], [ -52.40792, 1.23826 ], [ -52.41038, 1.24516 ], [ -52.41728, 1.24539 ], [ -52.42629, 1.25439 ], [ -52.43248, 1.25486 ], [ -52.44605, 1.26924 ], [ -52.45459, 1.26807 ], [ -52.44687, 1.28585 ], [ -52.45447, 1.28982 ], [ -52.46161, 1.28722 ], [ -52.46196, 1.28327 ], [ -52.49482, 1.28912 ], [ -52.48581, 1.30502 ], [ -52.48055, 1.30724 ], [ -52.47693, 1.31999 ], [ -52.48002, 1.3329 ], [ -52.46877, 1.33557 ], [ -52.465, 1.3394 ], [ -52.46429, 1.3491 ], [ -52.44944, 1.37237 ], [ -52.44979, 1.37623 ], [ -52.4547, 1.37716 ], [ -52.45927, 1.3864 ], [ -52.46956, 1.39447 ], [ -52.47014, 1.39926 ], [ -52.47576, 1.3933 ], [ -52.47973, 1.39575 ], [ -52.47412, 1.40172 ], [ -52.47482, 1.40826 ], [ -52.47155, 1.41317 ], [ -52.46828, 1.40738 ], [ -52.46645, 1.4085 ], [ -52.47178, 1.42381 ], [ -52.45786, 1.4403 ], [ -52.46008, 1.44451 ], [ -52.47226, 1.44486 ], [ -52.46932, 1.45222 ], [ -52.47505, 1.46473 ], [ -52.48301, 1.46251 ], [ -52.48336, 1.45877 ], [ -52.485, 1.46029 ], [ -52.4857, 1.4645 ], [ -52.47938, 1.47338 ], [ -52.47798, 1.48624 ], [ -52.48494, 1.48636 ], [ -52.48815, 1.50694 ], [ -52.49295, 1.51348 ], [ -52.49131, 1.52295 ], [ -52.49658, 1.53032 ], [ -52.49213, 1.53546 ], [ -52.48242, 1.53687 ], [ -52.48102, 1.53967 ], [ -52.49008, 1.54802 ], [ -52.49412, 1.54821 ], [ -52.49459, 1.55429 ], [ -52.50499, 1.56317 ], [ -52.50518, 1.57025 ], [ -52.50084, 1.57388 ], [ -52.49657, 1.57276 ], [ -52.494, 1.58047 ], [ -52.48149, 1.5834 ], [ -52.49108, 1.59719 ], [ -52.48909, 1.6104 ], [ -52.50102, 1.61262 ], [ -52.50202, 1.63142 ], [ -52.51447, 1.62688 ], [ -52.52078, 1.63109 ], [ -52.52055, 1.64126 ], [ -52.51377, 1.64512 ], [ -52.51271, 1.65015 ], [ -52.51956, 1.65815 ], [ -52.52476, 1.65423 ], [ -52.5264, 1.66137 ], [ -52.53634, 1.66301 ], [ -52.54043, 1.67259 ], [ -52.54803, 1.67914 ], [ -52.54792, 1.68966 ], [ -52.54885, 1.68744 ], [ -52.55014, 1.69071 ], [ -52.55727, 1.68954 ], [ -52.55832, 1.69749 ], [ -52.55224, 1.69831 ], [ -52.54967, 1.70474 ], [ -52.55867, 1.7065 ], [ -52.55844, 1.71608 ], [ -52.55341, 1.7176 ], [ -52.55669, 1.72228 ], [ -52.55505, 1.72567 ], [ -52.56908, 1.73373 ], [ -52.57306, 1.74531 ], [ -52.57689, 1.74293 ], [ -52.57493, 1.73981 ], [ -52.58854, 1.73755 ], [ -52.59645, 1.75501 ], [ -52.60113, 1.75676 ], [ -52.60148, 1.76132 ], [ -52.60455, 1.76103 ], [ -52.60475, 1.76752 ], [ -52.61482, 1.77669 ], [ -52.62107, 1.77669 ], [ -52.6223, 1.78458 ], [ -52.63083, 1.7868 ], [ -52.63563, 1.79592 ], [ -52.63914, 1.7937 ], [ -52.63914, 1.78938 ], [ -52.6471, 1.79095 ], [ -52.64686, 1.79545 ], [ -52.65633, 1.81123 ], [ -52.66194, 1.80761 ], [ -52.6644, 1.81042 ], [ -52.65843, 1.81696 ], [ -52.66136, 1.82538 ], [ -52.67434, 1.83216 ], [ -52.6734, 1.83578 ], [ -52.6803, 1.83578 ], [ -52.68588, 1.84794 ], [ -52.69083, 1.84619 ], [ -52.69609, 1.83859 ], [ -52.69785, 1.84373 ], [ -52.70674, 1.84396 ], [ -52.71866, 1.85916 ], [ -52.72252, 1.85717 ], [ -52.72463, 1.8629 ], [ -52.73699, 1.86942 ], [ -52.74008, 1.8677 ], [ -52.74093, 1.8603 ], [ -52.75723, 1.8679 ], [ -52.77191, 1.88723 ], [ -52.78713, 1.92582 ], [ -52.78129, 1.93409 ], [ -52.78396, 1.9429 ], [ -52.78099, 1.95094 ], [ -52.79354, 1.96754 ], [ -52.79566, 1.97703 ], [ -52.81191, 1.98048 ], [ -52.8376, 2.00402 ], [ -52.85482, 2.01296 ], [ -52.86794, 2.02477 ], [ -52.85913, 2.03993 ], [ -52.85418, 2.04029 ], [ -52.84502, 2.03441 ], [ -52.83721, 2.03638 ], [ -52.82885, 2.05182 ], [ -52.83188, 2.05805 ], [ -52.82866, 2.06627 ], [ -52.83719, 2.0661 ], [ -52.83879, 2.06908 ], [ -52.83627, 2.0782 ], [ -52.82935, 2.08343 ], [ -52.81282, 2.0845 ], [ -52.79665, 2.07137 ], [ -52.78572, 2.07597 ], [ -52.77429, 2.07315 ], [ -52.76838, 2.07748 ], [ -52.76021, 2.07774 ], [ -52.75726, 2.06771 ], [ -52.72896, 2.07282 ], [ -52.71533, 2.06268 ], [ -52.69843, 2.06672 ], [ -52.69171, 2.06282 ], [ -52.68102, 2.06922 ], [ -52.67851, 2.06488 ], [ -52.68266, 2.05387 ], [ -52.6681, 2.05674 ], [ -52.6568, 2.04461 ], [ -52.65052, 2.05165 ], [ -52.64529, 2.05083 ], [ -52.63454, 2.03302 ], [ -52.61669, 2.02477 ], [ -52.61016, 2.00976 ], [ -52.59957, 2.00857 ], [ -52.59374, 2.0035 ], [ -52.58887, 2.00549 ], [ -52.59193, 2.01461 ], [ -52.57457, 2.01848 ], [ -52.56568, 2.01629 ], [ -52.55816, 2.0217 ], [ -52.5524, 2.00959 ], [ -52.54524, 2.01427 ], [ -52.53455, 2.01507 ], [ -52.5284, 2.02428 ], [ -52.51126, 2.02831 ], [ -52.49699, 2.0415 ], [ -52.4853, 2.03743 ], [ -52.47193, 2.03936 ], [ -52.46485, 2.03522 ], [ -52.45802, 2.03669 ], [ -52.45757, 2.04204 ], [ -52.43943, 2.04504 ], [ -52.42793, 2.03599 ], [ -52.41815, 2.03796 ], [ -52.41207, 2.02936 ], [ -52.4094, 2.03022 ], [ -52.4071, 2.03886 ], [ -52.41288, 2.05644 ], [ -52.41037, 2.07558 ], [ -52.41604, 2.0801 ], [ -52.41434, 2.08765 ], [ -52.40415, 2.09732 ], [ -52.39259, 2.10004 ], [ -52.37996, 2.1093 ], [ -52.37174, 2.11912 ], [ -52.36499, 2.11914 ], [ -52.35543, 2.14157 ], [ -52.34729, 2.13998 ], [ -52.34004, 2.1526 ], [ -52.33468, 2.15558 ], [ -52.31915, 2.15836 ], [ -52.29974, 2.15469 ], [ -52.29105, 2.15854 ], [ -52.28113, 2.15671 ], [ -52.26893, 2.15998 ], [ -52.26568, 2.1643 ], [ -52.25241, 2.16877 ], [ -52.24615, 2.18181 ], [ -52.24679, 2.18886 ], [ -52.24226, 2.19311 ], [ -52.22054, 2.1853 ], [ -52.22204, 2.1915 ], [ -52.23151, 2.20161 ], [ -52.24638, 2.20309 ], [ -52.24351, 2.22642 ], [ -52.24879, 2.24155 ], [ -52.23696, 2.25034 ], [ -52.23132, 2.26402 ], [ -52.22468, 2.26476 ], [ -52.21575, 2.26001 ], [ -52.20585, 2.26524 ], [ -52.19929, 2.25991 ], [ -52.19374, 2.26127 ], [ -52.18987, 2.27917 ], [ -52.18127, 2.27577 ], [ -52.18012, 2.27824 ], [ -52.18446, 2.29085 ], [ -52.17593, 2.30294 ], [ -52.16018, 2.29785 ], [ -52.15127, 2.30306 ], [ -52.15171, 2.31999 ], [ -52.13321, 2.3298 ], [ -52.12435, 2.35066 ], [ -52.11937, 2.35421 ], [ -52.12437, 2.37487 ], [ -52.11954, 2.38255 ], [ -52.11176, 2.38476 ], [ -52.11927, 2.39361 ], [ -52.11326, 2.40104 ], [ -52.09549, 2.39896 ], [ -52.09179, 2.40971 ], [ -52.07282, 2.39426 ], [ -52.0599, 2.39138 ], [ -52.05124, 2.40176 ], [ -52.04487, 2.43808 ], [ -52.02156, 2.43429 ], [ -52.01584, 2.43654 ], [ -52.01068, 2.43989 ], [ -51.99373, 2.42778 ], [ -51.99626, 2.42238 ], [ -51.99982, 2.42449 ], [ -52.00307, 2.42072 ], [ -51.99554, 2.40532 ], [ -51.98957, 2.41396 ], [ -51.98462, 2.41583 ], [ -51.9579, 2.4084 ], [ -51.95012, 2.37831 ], [ -51.94087, 2.37826 ], [ -51.93812, 2.37121 ], [ -51.93429, 2.36984 ], [ -51.92726, 2.37595 ], [ -51.92476, 2.36763 ], [ -51.91511, 2.35586 ], [ -51.89601, 2.35694 ], [ -51.89329, 2.34438 ], [ -51.88737, 2.34011 ], [ -51.86651, 2.34851 ], [ -51.86279, 2.35914 ], [ -51.85182, 2.36596 ], [ -51.85543, 2.38167 ], [ -51.86284, 2.38514 ], [ -51.86515, 2.39219 ], [ -51.84685, 2.39546 ], [ -51.82143, 2.37205 ], [ -51.81411, 2.37324 ], [ -51.66668, 2.24997 ], [ -51.57272, 2.11321 ], [ -51.58304, 2.09766 ], [ -51.58345, 2.07924 ], [ -51.59762, 2.06485 ], [ -51.60193, 2.04836 ], [ -51.58912, 2.01995 ], [ -51.59426, 2.01572 ], [ -51.61115, 2.01112 ], [ -51.63087, 1.99484 ], [ -51.64446, 1.99226 ], [ -51.64562, 1.96622 ], [ -51.65903, 1.95326 ], [ -51.65773, 1.94001 ], [ -51.64287, 1.91833 ], [ -51.64817, 1.88885 ], [ -51.64707, 1.87632 ], [ -51.65399, 1.86638 ], [ -51.67357, 1.81913 ], [ -51.68434, 1.80616 ], [ -51.69424, 1.77495 ], [ -51.69665, 1.75143 ], [ -51.70779, 1.73402 ], [ -51.70837, 1.71759 ], [ -51.70301, 1.70987 ], [ -51.70938, 1.68907 ], [ -51.71038, 1.67978 ], [ -51.70699, 1.67618 ], [ -51.71287, 1.67179 ], [ -51.7115, 1.66105 ], [ -51.71602, 1.6541 ], [ -51.71561, 1.64674 ], [ -51.7247, 1.6347 ], [ -51.7233, 1.61897 ], [ -51.73922, 1.58993 ], [ -51.76203, 1.57932 ], [ -51.76403, 1.57258 ], [ -51.77071, 1.57456 ], [ -51.78001, 1.57182 ], [ -51.77902, 1.56816 ], [ -51.78367, 1.56258 ], [ -51.78619, 1.56351 ], [ -51.78433, 1.55913 ], [ -51.78975, 1.55602 ], [ -51.79259, 1.54256 ], [ -51.79828, 1.5389 ], [ -51.79921, 1.53447 ], [ -51.81059, 1.53097 ], [ -51.80977, 1.52845 ], [ -51.82187, 1.52117 ], [ -51.82115, 1.51505 ], [ -51.82493, 1.51609 ], [ -51.82958, 1.51149 ], [ -51.83637, 1.49809 ], [ -51.84217, 1.49492 ], [ -51.8461, 1.49678 ], [ -51.84709, 1.49279 ], [ -51.85174, 1.49224 ], [ -51.85913, 1.47277 ], [ -51.86411, 1.47178 ], [ -51.86739, 1.46631 ], [ -51.86867, 1.44349 ], [ -51.87226, 1.44353 ], [ -51.87724, 1.43768 ], [ -51.87762, 1.43232 ], [ -51.88444, 1.43136 ], [ -51.8855, 1.42406 ], [ -51.89617, 1.42225 ], [ -51.89212, 1.41755 ], [ -51.89929, 1.41055 ], [ -51.90684, 1.40579 ], [ -51.91334, 1.40894 ], [ -51.91193, 1.39999 ], [ -51.92369, 1.38681 ], [ -51.93344, 1.38805 ], [ -51.93425, 1.39179 ], [ -51.94552, 1.39408 ], [ -51.94766, 1.39753 ], [ -51.9487, 1.39507 ], [ -51.95368, 1.39698 ], [ -51.95811, 1.38446 ], [ -51.96681, 1.38254 ], [ -51.96725, 1.37915 ], [ -51.96456, 1.37877 ], [ -51.96845, 1.37609 ], [ -51.97277, 1.36416 ], [ -51.96965, 1.35935 ], [ -51.9725, 1.35486 ], [ -51.96883, 1.33813 ], [ -51.97211, 1.33808 ], [ -51.97389, 1.32798 ], [ -51.98749, 1.32237 ], [ -51.99022, 1.31746 ], [ -51.98892, 1.31676 ], [ -51.50086, 1.32372 ], [ -51.38916, 1.32281 ], [ -51.38871, 1.32387 ], [ -51.39151, 1.34484 ], [ -51.22969, 1.34115 ], [ -51.16342, 1.31353 ], [ -51.1647, 1.29233 ], [ -51.16113, 1.28413 ], [ -51.15323, 1.27712 ], [ -51.15376, 1.27183 ], [ -51.16272, 1.26359 ], [ -51.12997, 1.25065 ], [ -51.13066, 1.246 ], [ -51.11735, 1.24575 ], [ -51.1138, 1.26643 ], [ -51.10985, 1.27205 ], [ -51.09182, 1.27621 ], [ -51.06566, 1.25662 ], [ -51.03627, 1.25967 ], [ -51.02779, 1.25651 ], [ -51.01648, 1.24531 ], [ -51.01694, 1.22607 ], [ -51.01156, 1.22037 ], [ -51.01353, 1.2138 ], [ -51.01069, 1.20242 ], [ -51.01574, 1.18999 ], [ -51.02405, 1.18264 ], [ -51.02438, 1.16443 ], [ -51.03568, 1.154 ], [ -51.03844, 1.14328 ], [ -51.04646, 1.13441 ], [ -51.04613, 1.12039 ], [ -51.047, 1.11864 ], [ -51.04567, 1.12056 ], [ -51.03451, 1.11474 ], [ -51.02333, 1.11549 ], [ -51.01568, 1.11196 ], [ -51.00783, 1.10489 ], [ -50.99753, 1.08137 ], [ -50.98464, 1.07981 ], [ -50.98133, 1.06962 ], [ -50.97162, 1.0661 ], [ -50.96024, 1.05254 ], [ -50.93821, 1.0438 ], [ -50.92499, 1.05563 ], [ -50.92434, 1.06826 ], [ -50.91742, 1.07947 ], [ -50.90596, 1.077 ], [ -50.89238, 1.08613 ], [ -50.86503, 1.08831 ], [ -50.86045, 1.0907 ], [ -50.85897, 1.09947 ], [ -50.85187, 1.09994 ], [ -50.84612, 1.08927 ], [ -50.85381, 1.05824 ], [ -50.83756, 1.05872 ], [ -50.81483, 1.10107 ], [ -50.8199, 1.11098 ], [ -50.82441, 1.1136 ], [ -50.824, 1.12067 ], [ -50.83107, 1.12257 ], [ -50.83422, 1.14687 ], [ -50.83035, 1.15239 ], [ -50.82613, 1.15215 ], [ -50.82102, 1.1736 ], [ -50.82376, 1.17907 ], [ -50.81811, 1.18816 ], [ -50.82328, 1.19796 ], [ -50.82946, 1.20158 ], [ -50.82922, 1.21168 ], [ -50.82572, 1.21596 ], [ -50.83225, 1.22499 ], [ -50.81541, 1.2331 ], [ -50.81395, 1.24323 ], [ -50.80721, 1.24984 ], [ -50.8021, 1.24632 ], [ -50.80568, 1.24121 ], [ -50.80095, 1.23822 ], [ -50.79819, 1.22987 ], [ -50.78402, 1.23302 ], [ -50.77817, 1.24219 ], [ -50.77111, 1.24015 ], [ -50.75801, 1.24991 ], [ -50.75, 1.25119 ], [ -50.74474, 1.24664 ], [ -50.75222, 1.23252 ], [ -50.74746, 1.22653 ], [ -50.72992, 1.2192 ], [ -50.71767, 1.21843 ], [ -50.71053, 1.20873 ], [ -50.70195, 1.20561 ], [ -50.68876, 1.21002 ], [ -50.68881, 1.21812 ], [ -50.68458, 1.22489 ], [ -50.67602, 1.22432 ], [ -50.66968, 1.21946 ], [ -50.66708, 1.2087 ], [ -50.66139, 1.21187 ], [ -50.47378, 1.21228 ], [ -50.44942, 1.17056 ], [ -50.46098, 1.15696 ], [ -50.47001, 1.12737 ], [ -50.46751, 1.09612 ], [ -50.47334, 1.08068 ], [ -50.48439, 1.06868 ], [ -50.53109, 1.04194 ], [ -50.53953, 1.05002 ], [ -50.54, 1.07082 ], [ -50.55712, 1.09303 ], [ -50.56472, 1.09208 ], [ -50.57589, 1.07747 ], [ -50.58481, 1.07462 ], [ -50.59027, 1.07771 ], [ -50.60168, 1.09494 ], [ -50.63365, 1.08899 ], [ -50.64161, 1.08115 ], [ -50.64423, 1.07272 ], [ -50.6409, 1.05953 ], [ -50.63151, 1.04396 ], [ -50.63044, 1.03434 ], [ -50.63817, 1.02673 ], [ -50.65623, 1.02436 ], [ -50.66384, 1.02863 ], [ -50.67608, 1.048 ], [ -50.68463, 1.05549 ], [ -50.69414, 1.05822 ], [ -50.72076, 1.04016 ], [ -50.75047, 1.04194 ], [ -50.76948, 1.03398 ], [ -50.79741, 1.02875 ], [ -50.80585, 1.02115 ], [ -50.81464, 1.00202 ], [ -50.81476, 0.99109 ], [ -50.80894, 0.97837 ], [ -50.8125, 0.9697 ], [ -50.82023, 0.96328 ], [ -50.85053, 0.95473 ], [ -50.87133, 0.9577 ], [ -50.88238, 0.9874 ], [ -50.89046, 0.99299 ], [ -50.93099, 0.9899 ], [ -50.94501, 0.99394 ], [ -50.96093, 0.98253 ], [ -50.98031, 0.98289 ], [ -50.99124, 0.97219 ], [ -50.98791, 0.95425 ], [ -50.99813, 0.94391 ], [ -51.00063, 0.93179 ], [ -51.00373, 0.9344 ], [ -51.0026, 0.94277 ], [ -51.01337, 0.94445 ], [ -51.01137, 0.94694 ], [ -51.01615, 0.95211 ], [ -51.01283, 0.9529 ], [ -51.01258, 0.9576 ], [ -51.01928, 0.95814 ], [ -51.01555, 0.96366 ], [ -51.02639, 0.97654 ], [ -51.01849, 0.9869 ], [ -51.0251, 0.98942 ], [ -51.03019, 0.98728 ], [ -51.03732, 0.99089 ], [ -51.03675, 0.99721 ], [ -51.03309, 1.0004 ], [ -51.03589, 1.00605 ], [ -51.04207, 1.009 ], [ -51.05243, 1.00791 ], [ -51.05001, 1.01114 ], [ -51.05823, 1.01865 ], [ -51.07002, 1.01755 ], [ -51.07017, 1.02045 ], [ -51.07235, 1.01798 ], [ -51.07378, 1.02188 ], [ -51.0773, 1.02112 ], [ -51.07654, 1.02359 ], [ -51.0904, 1.02269 ], [ -51.10443, 1.01916 ], [ -51.11167, 1.01292 ], [ -51.11702, 1.01331 ], [ -51.11794, 1.01011 ], [ -51.1275, 1.00939 ], [ -51.13759, 1.01599 ], [ -51.14147, 1.02312 ], [ -51.14704, 1.02465 ], [ -51.15117, 1.03142 ], [ -51.15812, 1.02964 ], [ -51.17396, 1.0356 ], [ -51.18159, 1.03535 ], [ -51.20237, 1.00489 ], [ -51.20447, 0.99627 ], [ -51.21324, 0.99128 ], [ -51.22583, 0.97331 ], [ -51.22843, 0.96443 ], [ -51.23965, 0.95281 ], [ -51.24156, 0.96053 ], [ -51.24674, 0.96571 ], [ -51.246, 0.97629 ], [ -51.25414, 0.97206 ], [ -51.26493, 0.97978 ], [ -51.27276, 0.97618 ], [ -51.27922, 0.97915 ], [ -51.2844, 0.97576 ], [ -51.29519, 0.97555 ], [ -51.30334, 0.98983 ], [ -51.30778, 0.99194 ], [ -51.31243, 0.98274 ], [ -51.33052, 0.98031 ], [ -51.33983, 0.98253 ], [ -51.34639, 0.97946 ], [ -51.34851, 0.97111 ], [ -51.35634, 0.96624 ], [ -51.35189, 0.95778 ], [ -51.35401, 0.94847 ], [ -51.36343, 0.94625 ], [ -51.36797, 0.95439 ], [ -51.38173, 0.95133 ], [ -51.38702, 0.96085 ], [ -51.38152, 0.96825 ], [ -51.38268, 0.97301 ], [ -51.39051, 0.97883 ], [ -51.39749, 0.97872 ], [ -51.40035, 0.98856 ], [ -51.40955, 0.99755 ], [ -51.4067, 1.05056 ], [ -51.42833, 1.06159 ], [ -51.46666, 1.06757 ], [ -51.48283, 1.08752 ], [ -51.48899, 1.08517 ], [ -51.49964, 1.08883 ], [ -51.50081, 1.08475 ], [ -51.50505, 1.08492 ], [ -51.5058, 1.06587 ], [ -51.51453, 1.07211 ], [ -51.51337, 1.06737 ], [ -51.52468, 1.06197 ], [ -51.52044, 1.05024 ], [ -51.52901, 1.04899 ], [ -51.52826, 1.04192 ], [ -51.53791, 1.04857 ], [ -51.56062, 1.04874 ], [ -51.56944, 1.04034 ], [ -51.57077, 1.03435 ], [ -51.58366, 1.03377 ], [ -51.58258, 1.02953 ], [ -51.5879, 1.01639 ], [ -51.59448, 1.0178 ], [ -51.6003, 0.99143 ], [ -51.59389, 0.99285 ], [ -51.59023, 0.9832 ], [ -51.58441, 0.97937 ], [ -51.59356, 0.97214 ], [ -51.60504, 0.97463 ], [ -51.60462, 0.96923 ], [ -51.60845, 0.96432 ], [ -51.60554, 0.95966 ], [ -51.59631, 0.95775 ], [ -51.60138, 0.95217 ], [ -51.59497, 0.94935 ], [ -51.59639, 0.93604 ], [ -51.5919, 0.93013 ], [ -51.59597, 0.92381 ], [ -51.61398, 0.93213 ], [ -51.61779, 0.94066 ], [ -51.63725, 0.95371 ], [ -51.64666, 0.95386 ], [ -51.65553, 0.96097 ], [ -51.66268, 0.9593 ], [ -51.6716, 0.97973 ], [ -51.66601, 0.98591 ], [ -51.67647, 1.01205 ], [ -51.68503, 1.013 ], [ -51.68835, 1.0092 ], [ -51.69052, 0.98655 ], [ -51.69884, 0.97664 ], [ -51.70461, 0.97793 ], [ -51.70606, 0.989 ], [ -51.71616, 0.99447 ], [ -51.75645, 0.97153 ], [ -51.75883, 0.97486 ], [ -51.75288, 0.98306 ], [ -51.75383, 0.98793 ], [ -51.76631, 0.98746 ], [ -51.77772, 0.99713 ], [ -51.78324, 0.99402 ], [ -51.79697, 0.99589 ], [ -51.80078, 0.97522 ], [ -51.81218, 0.97355 ], [ -51.81503, 0.97618 ], [ -51.82748, 0.97648 ], [ -51.84192, 0.96791 ], [ -51.8453, 0.95684 ], [ -51.90926, 0.93756 ], [ -51.91948, 0.92895 ], [ -51.92251, 0.92223 ], [ -51.92013, 0.9138 ], [ -51.93172, 0.90055 ], [ -51.92911, 0.88895 ], [ -51.93428, 0.88033 ], [ -51.93738, 0.86364 ], [ -51.94323, 0.85601 ], [ -51.95351, 0.85543 ], [ -51.957, 0.84852 ], [ -51.96069, 0.84981 ], [ -51.96307, 0.84507 ], [ -51.97596, 0.85547 ], [ -51.99403, 0.86052 ], [ -52.01896, 0.88977 ], [ -52.0161, 0.89943 ], [ -52.01479, 0.89439 ], [ -52.00838, 0.89406 ], [ -52.00646, 0.88899 ], [ -52.00063, 0.8879 ], [ -51.99708, 0.89527 ], [ -52.00073, 0.89949 ], [ -52.0006, 0.9076 ], [ -52.00621, 0.90283 ], [ -52.01496, 0.90821 ], [ -52.01421, 0.92071 ], [ -52.0075, 0.92461 ], [ -52.00182, 0.93616 ], [ -51.99106, 0.9387 ], [ -51.99112, 0.95234 ], [ -52.00758, 0.94932 ], [ -52.01468, 0.95693 ], [ -52.02333, 0.9566 ], [ -52.02427, 0.95961 ], [ -52.02432, 0.95839 ], [ -52.03996, 0.95176 ], [ -52.04793, 0.93572 ], [ -52.04516, 0.93028 ], [ -52.0496, 0.91804 ], [ -52.04865, 0.90583 ], [ -52.03921, 0.89473 ], [ -52.06856, 0.91468 ], [ -52.07863, 0.92595 ], [ -52.09304, 0.92563 ], [ -52.10736, 0.92006 ], [ -52.15683, 0.93918 ], [ -52.18957, 0.94435 ], [ -52.2005, 0.92771 ], [ -52.20539, 0.91314 ], [ -52.21259, 0.91204 ], [ -52.21686, 0.89913 ], [ -52.22351, 0.89209 ], [ -52.23884, 0.89166 ], [ -52.24098, 0.88669 ], [ -52.25996, 0.8855 ], [ -52.26615, 0.87909 ], [ -52.2676, 0.87241 ], [ -52.2729, 0.86965 ], [ -52.28562, 0.8735 ], [ -52.29824, 0.87034 ], [ -52.31568, 0.85071 ], [ -52.33005, 0.82126 ], [ -52.39366, 0.79131 ], [ -52.37673, 0.7881 ], [ -52.37302, 0.79016 ], [ -52.36688, 0.78536 ], [ -52.3564, 0.78607 ], [ -52.33979, 0.77195 ], [ -52.32771, 0.7699 ], [ -52.29893, 0.75326 ], [ -52.29626, 0.747 ], [ -52.28923, 0.74506 ], [ -52.26899, 0.71735 ], [ -52.24875, 0.71076 ], [ -52.24371, 0.71309 ], [ -52.23881, 0.70991 ], [ -52.23636, 0.71239 ], [ -52.23295, 0.70882 ], [ -52.20904, 0.71119 ], [ -52.1945, 0.6927 ], [ -52.1968, 0.68501 ], [ -52.19341, 0.68083 ], [ -52.18769, 0.67879 ], [ -52.18438, 0.67167 ], [ -52.17727, 0.67013 ], [ -52.17661, 0.66507 ], [ -52.17086, 0.66228 ], [ -52.17106, 0.65352 ], [ -52.16616, 0.64845 ], [ -52.1652, 0.64076 ], [ -52.16861, 0.63118 ], [ -52.18031, 0.63391 ], [ -52.17699, 0.62927 ], [ -52.18388, 0.62238 ], [ -52.18218, 0.61692 ], [ -52.18489, 0.61008 ], [ -52.19006, 0.60872 ], [ -52.18845, 0.60325 ], [ -52.19261, 0.59624 ], [ -52.20384, 0.58893 ], [ -52.20503, 0.58483 ], [ -52.21852, 0.59059 ], [ -52.22422, 0.5815 ], [ -52.23664, 0.5859 ], [ -52.24134, 0.58275 ], [ -52.24966, 0.56582 ], [ -52.25938, 0.55852 ], [ -52.26107, 0.54384 ], [ -52.27068, 0.52727 ], [ -52.27074, 0.52203 ], [ -52.29143, 0.50399 ], [ -52.30932, 0.49994 ], [ -52.31401, 0.47684 ], [ -52.32088, 0.46959 ], [ -52.32201, 0.46273 ], [ -52.32905, 0.45195 ], [ -52.34962, 0.44176 ], [ -52.34902, 0.43227 ], [ -52.35165, 0.43867 ], [ -52.36512, 0.4488 ], [ -52.37679, 0.45144 ], [ -52.37871, 0.45867 ], [ -52.38681, 0.46795 ], [ -52.38411, 0.48463 ], [ -52.39376, 0.48507 ], [ -52.3972, 0.49149 ], [ -52.48966, 0.49886 ], [ -52.48026, 0.52056 ], [ -52.47022, 0.57451 ], [ -52.47092, 0.585 ], [ -52.46744, 0.59287 ] ], [ [ -52.40538, 0.95291 ], [ -52.41084, 0.95705 ], [ -52.40866, 0.95537 ], [ -52.40538, 0.95291 ] ], [ [ -52.41794, 0.94423 ], [ -52.41441, 0.94667 ], [ -52.42344, 0.94523 ], [ -52.41794, 0.94423 ] ], [ [ -52.42997, 0.93985 ], [ -52.43427, 0.941 ], [ -52.43427, 0.94398 ], [ -52.43561, 0.93968 ], [ -52.42676, 0.93976 ], [ -52.42767, 0.94398 ], [ -52.42997, 0.93985 ] ], [ [ -52.43987, 0.93953 ], [ -52.43952, 0.93484 ], [ -52.43979, 0.93964 ], [ -52.44403, 0.93686 ], [ -52.43987, 0.93953 ] ], [ [ -52.44368, 0.93158 ], [ -52.44368, 0.93524 ], [ -52.44295, 0.93517 ], [ -52.44403, 0.93686 ], [ -52.44368, 0.93158 ] ], [ [ -52.47175, 0.91326 ], [ -52.46466, 0.92065 ], [ -52.4666, 0.92015 ], [ -52.47175, 0.91326 ] ], [ [ -52.49837, 0.88327 ], [ -52.49789, 0.88384 ], [ -52.49845, 0.88351 ], [ -52.49837, 0.88327 ] ], [ [ -52.49474, 0.8758 ], [ -52.49779, 0.88135 ], [ -52.49532, 0.87325 ], [ -52.49474, 0.8758 ] ], [ [ -52.49617, 0.86949 ], [ -52.49595, 0.87045 ], [ -52.50015, 0.86949 ], [ -52.49617, 0.86949 ] ], [ [ -52.50144, 0.8626 ], [ -52.49988, 0.86326 ], [ -52.50015, 0.86949 ], [ -52.50144, 0.8626 ] ], [ [ -52.59895, 0.83681 ], [ -52.59953, 0.84051 ], [ -52.6026, 0.8337 ], [ -52.59895, 0.83681 ] ], [ [ -52.59391, 0.8411 ], [ -52.58645, 0.84318 ], [ -52.59953, 0.84051 ], [ -52.59391, 0.8411 ] ], [ [ -52.56245, 0.83959 ], [ -52.56078, 0.84461 ], [ -52.56375, 0.83983 ], [ -52.56245, 0.83959 ] ], [ [ -52.50963, 0.85916 ], [ -52.50334, 0.86181 ], [ -52.51654, 0.85998 ], [ -52.50963, 0.85916 ] ], [ [ -52.4585, 0.5736 ], [ -52.46414, 0.57871 ], [ -52.461, 0.57407 ], [ -52.4585, 0.5736 ] ], [ [ -52.45474, 1.09734 ], [ -52.45698, 1.08838 ], [ -52.45262, 1.1012 ], [ -52.45474, 1.09734 ] ], [ [ -52.06625, 2.27273 ], [ -52.06512, 2.28858 ], [ -52.0667, 2.2747 ], [ -52.06625, 2.27273 ] ], [ [ -52.03976, 1.89382 ], [ -52.03073, 1.8961 ], [ -52.0395, 1.89457 ], [ -52.03976, 1.89382 ] ], [ [ -52.04382, 1.88267 ], [ -52.04363, 1.88328 ], [ -52.04918, 1.88546 ], [ -52.04382, 1.88267 ] ], [ [ -52.05992, 1.86813 ], [ -52.05218, 1.87655 ], [ -52.06019, 1.86847 ], [ -52.05992, 1.86813 ] ], [ [ -52.05566, 1.87126 ], [ -52.05988, 1.86807 ], [ -52.05879, 1.86666 ], [ -52.05566, 1.87126 ] ], [ [ -52.03316, 1.4228 ], [ -52.03406, 1.42379 ], [ -52.03371, 1.4223 ], [ -52.03316, 1.4228 ] ], [ [ -52.04437, 1.41158 ], [ -52.04095, 1.41281 ], [ -52.03772, 1.41164 ], [ -52.04257, 1.41416 ], [ -52.03791, 1.41844 ], [ -52.04229, 1.41611 ], [ -52.04437, 1.41158 ] ], [ [ -52.04566, 1.41112 ], [ -52.04522, 1.41128 ], [ -52.04808, 1.41554 ], [ -52.04566, 1.41112 ] ], [ [ -52.0873, 1.4532 ], [ -52.08219, 1.4544 ], [ -52.08254, 1.45463 ], [ -52.0873, 1.4532 ] ], [ [ -52.16038, 1.53853 ], [ -52.15897, 1.53812 ], [ -52.16107, 1.5395 ], [ -52.16038, 1.53853 ] ], [ [ -52.21931, 1.52633 ], [ -52.18675, 1.54274 ], [ -52.21304, 1.53123 ], [ -52.21931, 1.52633 ] ], [ [ -52.24475, 1.49331 ], [ -52.22236, 1.52395 ], [ -52.2252, 1.52173 ], [ -52.24475, 1.49331 ] ], [ [ -52.32151, 1.37221 ], [ -52.31784, 1.37895 ], [ -52.3196, 1.37689 ], [ -52.32151, 1.37221 ] ], [ [ -52.33199, 1.23726 ], [ -52.33301, 1.24247 ], [ -52.33389, 1.23386 ], [ -52.33199, 1.23726 ] ], [ [ -51.98391, 0.93714 ], [ -51.98104, 0.93646 ], [ -51.9782, 0.93896 ], [ -51.98391, 0.93714 ] ], [ [ -51.92092, 1.04875 ], [ -51.96559, 0.96177 ], [ -51.91902, 1.04912 ], [ -51.92324, 1.04912 ], [ -51.92092, 1.04875 ] ], [ [ -51.9189, 1.0559 ], [ -51.92512, 1.06132 ], [ -51.92425, 1.05875 ], [ -51.9189, 1.0559 ] ], [ [ -51.92583, 1.06338 ], [ -51.92318, 1.06968 ], [ -51.92615, 1.06433 ], [ -51.92583, 1.06338 ] ], [ [ -51.90981, 1.06737 ], [ -51.91082, 1.05637 ], [ -51.90892, 1.06683 ], [ -51.90981, 1.06737 ] ], [ [ -51.9009, 1.04566 ], [ -51.90036, 1.04508 ], [ -51.8924, 1.04437 ], [ -51.9009, 1.04566 ] ], [ [ -51.88914, 1.05304 ], [ -51.89086, 1.0521 ], [ -51.8924, 1.04437 ], [ -51.88914, 1.05304 ] ], [ [ -51.88686, 1.05429 ], [ -51.88398, 1.05399 ], [ -51.8848, 1.05542 ], [ -51.88686, 1.05429 ] ], [ [ -51.88232, 1.05106 ], [ -51.8848, 1.04009 ], [ -51.88135, 1.04936 ], [ -51.88232, 1.05106 ] ], [ [ -51.85841, 1.02631 ], [ -51.84843, 1.0313 ], [ -51.8462, 1.0345 ], [ -51.85841, 1.02631 ] ], [ [ -51.84162, 1.03758 ], [ -51.8389, 1.0371 ], [ -51.83999, 1.03867 ], [ -51.84162, 1.03758 ] ], [ [ -52.3674, 1.17623 ], [ -52.36722, 1.17547 ], [ -52.3647, 1.17495 ], [ -52.3674, 1.17623 ] ], [ [ -52.35915, 1.17233 ], [ -52.35895, 1.16996 ], [ -52.35787, 1.17173 ], [ -52.35915, 1.17233 ] ], [ [ -52.27502, 1.06903 ], [ -52.26046, 1.06955 ], [ -52.26129, 1.07015 ], [ -52.27502, 1.06903 ] ], [ [ -52.19908, 1.07019 ], [ -52.19741, 1.06919 ], [ -52.19765, 1.06996 ], [ -52.19908, 1.07019 ] ], [ [ -52.19542, 1.06254 ], [ -52.20303, 1.05605 ], [ -52.20273, 1.05424 ], [ -52.19542, 1.06254 ] ], [ [ -52.19644, 1.02987 ], [ -52.19319, 1.01078 ], [ -52.1918, 1.00959 ], [ -52.19644, 1.02987 ] ], [ [ -52.1908, 1.00873 ], [ -52.1893, 1.00744 ], [ -52.18591, 1.01117 ], [ -52.1908, 1.00873 ] ], [ [ -52.18178, 1.01323 ], [ -52.16276, 1.01802 ], [ -52.17823, 1.015 ], [ -52.18178, 1.01323 ] ], [ [ -52.02915, 1.00264 ], [ -52.02681, 1.00142 ], [ -52.02866, 1.00275 ], [ -52.02915, 1.00264 ] ], [ [ -52.02369, 0.99916 ], [ -52.01834, 0.98573 ], [ -52.02286, 0.99856 ], [ -52.02369, 0.99916 ] ], [ [ -52.24068, 1.0174 ], [ -52.25825, 1.01407 ], [ -52.24675, 1.00465 ], [ -52.23947, 1.00848 ], [ -52.24068, 1.0174 ] ], [ [ -50.7991, 1.09536 ], [ -50.80094, 1.08877 ], [ -50.80011, 1.08784 ], [ -50.7991, 1.09536 ] ], [ [ -50.7965, 1.08382 ], [ -50.79423, 1.08128 ], [ -50.79358, 1.08134 ], [ -50.7965, 1.08382 ] ], [ [ -50.7392, 1.0735 ], [ -50.73065, 1.06714 ], [ -50.73021, 1.06729 ], [ -50.7392, 1.0735 ] ], [ [ -50.67539, 1.06055 ], [ -50.66462, 1.05028 ], [ -50.6641, 1.05039 ], [ -50.67539, 1.06055 ] ], [ [ -51.07017, 1.07201 ], [ -51.05592, 1.09852 ], [ -51.05526, 1.10201 ], [ -51.07017, 1.07201 ] ], [ [ -51.34981, 1.21288 ], [ -51.35018, 1.21712 ], [ -51.35025, 1.2172 ], [ -51.34981, 1.21288 ] ], [ [ -51.2566, 1.06674 ], [ -51.25617, 1.06681 ], [ -51.25967, 1.07758 ], [ -51.2566, 1.06674 ] ], [ [ -51.1898, 1.12729 ], [ -51.18978, 1.12739 ], [ -51.19826, 1.11249 ], [ -51.1898, 1.12729 ] ], [ [ -51.19068, 1.15252 ], [ -51.19005, 1.14342 ], [ -51.18713, 1.14114 ], [ -51.18991, 1.14408 ], [ -51.18288, 1.15242 ], [ -51.18947, 1.14537 ], [ -51.19068, 1.15252 ] ], [ [ -51.17026, 1.15203 ], [ -51.17016, 1.15218 ], [ -51.18288, 1.15242 ], [ -51.17026, 1.15203 ] ], [ [ -51.16084, 1.15766 ], [ -51.16423, 1.15884 ], [ -51.16525, 1.15764 ], [ -51.16084, 1.15766 ] ], [ [ -51.13489, 1.12334 ], [ -51.12558, 1.12797 ], [ -51.13533, 1.12357 ], [ -51.13489, 1.12334 ] ], [ [ -51.10665, 1.1315 ], [ -51.10582, 1.13249 ], [ -51.11407, 1.13036 ], [ -51.10665, 1.1315 ] ], [ [ -51.09521, 1.13906 ], [ -51.09112, 1.1453 ], [ -51.09776, 1.13889 ], [ -51.09521, 1.13906 ] ], [ [ -51.05888, 1.13653 ], [ -51.08769, 1.14861 ], [ -51.08819, 1.14813 ], [ -51.05888, 1.13653 ] ], [ [ -51.92805, 1.04912 ], [ -51.92918, 1.0479 ], [ -51.92762, 1.04912 ], [ -51.92805, 1.04912 ] ], [ [ -51.94873, 1.04901 ], [ -51.93863, 1.04045 ], [ -51.93718, 1.04159 ], [ -51.94873, 1.04901 ] ], [ [ -52.00066, 1.27998 ], [ -52.00352, 1.26988 ], [ -52.0032, 1.26931 ], [ -52.00066, 1.27998 ] ], [ [ -51.98712, 1.28545 ], [ -51.98676, 1.28659 ], [ -52.00066, 1.27998 ], [ -51.98712, 1.28545 ] ], [ [ -51.98296, 1.29875 ], [ -51.9824, 1.30495 ], [ -51.98516, 1.29171 ], [ -51.98296, 1.29875 ] ], [ [ -51.98177, 1.31206 ], [ -51.98208, 1.31222 ], [ -51.98183, 1.31134 ], [ -51.98177, 1.31206 ] ], [ [ -51.40408, 1.28928 ], [ -51.40449, 1.28677 ], [ -51.39132, 1.31774 ], [ -51.40408, 1.28928 ] ], [ [ -51.40516, 1.2826 ], [ -51.40306, 1.28031 ], [ -51.40504, 1.28335 ], [ -51.40516, 1.2826 ] ], [ [ -51.40481, 1.27112 ], [ -51.40007, 1.27573 ], [ -51.40034, 1.27613 ], [ -51.40481, 1.27112 ] ], [ [ -51.42964, 1.26537 ], [ -51.40706, 1.26893 ], [ -51.4063, 1.26967 ], [ -51.42964, 1.26537 ] ], [ [ -51.45312, 1.24339 ], [ -51.45276, 1.24309 ], [ -51.4527, 1.24355 ], [ -51.45312, 1.24339 ] ], [ [ -51.36421, 1.23311 ], [ -51.36572, 1.23484 ], [ -51.36974, 1.23549 ], [ -51.36421, 1.23311 ] ], [ [ -51.45353, 1.12897 ], [ -51.44877, 1.12636 ], [ -51.45348, 1.13012 ], [ -51.45353, 1.12897 ] ], [ [ -51.45341, 1.13212 ], [ -51.45346, 1.13077 ], [ -51.44806, 1.13491 ], [ -51.45341, 1.13212 ] ], [ [ -51.44164, 1.21143 ], [ -51.44102, 1.21084 ], [ -51.4408, 1.2249 ], [ -51.44164, 1.21143 ] ], [ [ -51.44478, 1.23123 ], [ -51.44503, 1.22996 ], [ -51.4408, 1.2249 ], [ -51.44478, 1.23123 ] ], [ [ -51.28423, 0.98474 ], [ -51.27467, 0.98903 ], [ -51.28, 0.9948 ], [ -51.2845, 0.99332 ], [ -51.28423, 0.98474 ] ], [ [ -51.25429, 1.23214 ], [ -51.23453, 1.22287 ], [ -51.25017, 1.23181 ], [ -51.25429, 1.23214 ] ], [ [ -51.18145, 1.17355 ], [ -51.17977, 1.16555 ], [ -51.17912, 1.16583 ], [ -51.18145, 1.17355 ] ], [ [ -52.03411, 1.40976 ], [ -52.03501, 1.40057 ], [ -52.03358, 1.40948 ], [ -52.03411, 1.40976 ] ], [ [ -52.01446, 1.32658 ], [ -52.01469, 1.32608 ], [ -52.00779, 1.32026 ], [ -52.01446, 1.32658 ] ], [ [ -51.99905, 1.32198 ], [ -52.00001, 1.32258 ], [ -52.00779, 1.32026 ], [ -51.99905, 1.32198 ] ] ] } },
{ "type": "Feature", "properties": { "cluster": 13.0, "hvi": 0.1818, "population": 2099, "setores": 2, "municipio": "Pedra Branca do Amapari" }, "geometry": { "type": "Polygon", "coordinates": [ [ [ -51.9642, 0.7767 ], [ -51.96193, 0.77372 ], [ -51.9665, 0.77104 ], [ -51.97467, 0.77911 ], [ -51.9644, 0.78652 ], [ -51.95999, 0.78241 ], [ -51.9642, 0.7767 ] ] ] } },
{ "type": "Feature", "properties": { "cluster": 14.0, "hvi": 0.1198, "population": 2966, "setores": 4, "municipio": "Calçoene" }, "geometry": { "type": "MultiPolygon", "coordinates": [ [ [ [ -50.95071, 2.49148 ], [ -50.9514, 2.49481 ], [ -50.95374, 2.49669 ], [ -50.94823, 2.49675 ], [ -50.95071, 2.49148 ] ] ], [ [ [ -50.93822, 2.49285 ], [ -50.94599, 2.49562 ], [ -50.94839, 2.49042 ], [ -50.95071, 2.49148 ], [ -50.94717, 2.49885 ], [ -50.9371, 2.49589 ], [ -50.93822, 2.49285 ] ] ], [ [ [ -50.95676, 2.49879 ], [ -50.95333, 2.49728 ], [ -50.95669, 2.49776 ], [ -50.95676, 2.49879 ] ] ], [ [ [ -50.94823, 2.49675 ], [ -50.95676, 2.49879 ], [ -50.95601, 2.50337 ], [ -50.94717, 2.49885 ], [ -50.94823, 2.49675 ] ] ] ] } },
{ "type": "Feature", "properties": { "cluster": 15.0, "hvi": 0.1421, "population": 1150, "setores": 1, "municipio": "Calçoene" }, "geometry": { "type": "Polygon", "coordinates": [ [ [ -50.94226, 2.4924 ], [ -50.94793, 2.48786 ], [ -50.95227, 2.49071 ], [ -50.94839, 2.49042 ], [ -50.94599, 2.49562 ], [ -50.94226, 2.4924 ] ] ] } },
{ "type": "Feature", "properties": { "cluster": 16.0, "hvi": 0.1505, "population": 2565, "setores": 2, "municipio": "Calçoene" }, "geometry": { "type": "Polygon", "coordinates": [ [ [ -50.97348, 2.48767 ], [ -50.97319, 2.49282 ], [ -50.96719, 2.49207 ], [ -50.96303, 2.49554 ], [ -50.95822, 2.5047 ], [ -50.95145, 2.4916 ], [ -50.95611, 2.496 ], [ -50.95874, 2.49233 ], [ -50.95653, 2.49068 ], [ -50.96024, 2.48545 ], [ -50.97348, 2.48767 ] ] ] } },
{ "type": "Feature", "properties": { "cluster": 17.0, "hvi": 0.0916, "population": 2298, "setores": 13, "municipio": "Amapá" }, "geometry": { "type": "Polygon", "coordinates": [ [ [ -50.88195, 1.83035 ], [ -50.90117, 1.82313 ], [ -50.91039, 1.8229 ], [ -50.92506, 1.83009 ], [ -50.93508, 1.83094 ], [ -50.94422, 1.82738 ], [ -50.96074, 1.83347 ], [ -50.92128, 1.8405 ], [ -50.91295, 1.89883 ], [ -50.93211, 1.90633 ], [ -50.94878, 1.8805 ], [ -50.96406, 1.88383 ], [ -50.99184, 1.85967 ], [ -50.98212, 1.84633 ], [ -50.98119, 1.83969 ], [ -50.99184, 1.83873 ], [ -51.00373, 1.85072 ], [ -51.01151, 1.85113 ], [ -51.03556, 1.8688 ], [ -51.04279, 1.86328 ], [ -51.05534, 1.86696 ], [ -51.06373, 1.85733 ], [ -51.07212, 1.85584 ], [ -51.07948, 1.85902 ], [ -51.09128, 1.85455 ], [ -51.05703, 2.17563 ], [ -51.0504, 2.17096 ], [ -51.05965, 2.17947 ], [ -51.0597, 2.17652 ], [ -51.06516, 2.17536 ], [ -51.06923, 2.17664 ], [ -51.06962, 2.17998 ], [ -51.07998, 2.18036 ], [ -51.08343, 2.17775 ], [ -51.08756, 2.40026 ], [ -51.10242, 2.391 ], [ -51.11109, 2.39659 ], [ -51.11338, 2.39325 ], [ -51.11254, 2.40255 ], [ -51.11959, 2.40416 ], [ -51.12261, 2.41032 ], [ -51.13385, 2.41137 ], [ -51.14509, 2.4195 ], [ -51.14977, 2.42912 ], [ -51.1469, 2.43395 ], [ -51.16177, 2.43439 ], [ -51.16794, 2.43978 ], [ -51.1747, 2.43656 ], [ -51.17712, 2.44236 ], [ -51.18707, 2.43564 ], [ -51.19304, 2.44196 ], [ -51.20831, 2.43894 ], [ -51.22712, 2.42626 ], [ -51.22761, 2.42179 ], [ -51.23711, 2.41934 ], [ -51.2411, 2.42091 ], [ -51.24592, 2.4347 ], [ -51.25237, 2.44157 ], [ -51.26509, 2.44402 ], [ -51.26945, 2.44138 ], [ -51.27244, 2.46978 ], [ -51.2823, 2.46759 ], [ -51.29187, 2.46978 ], [ -51.29875, 2.48415 ], [ -51.30771, 2.49341 ], [ -51.34805, 2.49804 ], [ -51.36414, 2.48538 ], [ -51.41158, 2.49128 ], [ -51.41691, 2.49443 ], [ -51.43396, 2.52163 ], [ -51.44037, 2.52475 ], [ -51.46708, 2.47576 ], [ -51.47464, 2.45632 ], [ -51.47717, 2.43666 ], [ -51.50157, 2.44545 ], [ -51.51896, 2.44443 ], [ -51.53748, 2.4377 ], [ -51.52865, 2.46909 ], [ -51.53538, 2.48912 ], [ -51.52428, 2.49313 ], [ -51.51624, 2.50221 ], [ -51.51744, 2.50133 ], [ -51.53161, 2.51701 ], [ -51.55112, 2.54684 ], [ -51.56052, 2.57667 ], [ -51.54037, 2.59501 ], [ -51.50122, 2.61361 ], [ -51.5052, 2.64603 ], [ -51.53355, 2.70352 ], [ -51.54175, 2.71239 ], [ -51.53915, 2.72134 ], [ -51.55387, 2.72253 ], [ -51.55087, 2.72763 ], [ -51.55253, 2.73298 ], [ -51.54106, 2.75253 ], [ -51.53448, 2.75622 ], [ -51.53071, 2.76316 ], [ -51.53267, 2.76786 ], [ -51.52735, 2.77256 ], [ -51.52999, 2.77787 ], [ -51.51975, 2.78038 ], [ -51.52094, 2.78668 ], [ -51.52454, 2.78888 ], [ -51.51754, 2.7977 ], [ -51.52082, 2.81017 ], [ -51.52655, 2.81432 ], [ -51.5241, 2.81772 ], [ -51.52712, 2.82345 ], [ -51.5159, 2.82376 ], [ -51.51546, 2.83006 ], [ -51.48237, 2.83822 ], [ -51.4795, 2.8452 ], [ -51.47562, 2.84575 ], [ -51.47633, 2.85311 ], [ -51.4599, 2.85714 ], [ -51.47111, 2.86227 ], [ -51.46595, 2.87055 ], [ -51.45384, 2.86842 ], [ -51.44445, 2.87274 ], [ -51.44624, 2.87848 ], [ -51.43633, 2.88366 ], [ -51.43776, 2.8925 ], [ -51.44098, 2.89492 ], [ -51.4398, 2.90222 ], [ -51.43838, 2.90496 ], [ -51.43165, 2.90533 ], [ -51.42462, 2.91351 ], [ -51.43187, 2.92085 ], [ -51.42989, 2.92827 ], [ -51.43834, 2.92863 ], [ -51.44076, 2.93612 ], [ -51.42291, 2.94584 ], [ -51.42243, 2.95549 ], [ -51.40103, 2.98014 ], [ -51.40326, 2.98803 ], [ -51.39291, 3.0001 ], [ -51.39034, 3.01233 ], [ -51.3968, 3.01052 ], [ -51.39953, 3.02118 ], [ -51.39217, 3.02192 ], [ -51.38803, 3.02746 ], [ -51.38438, 3.02349 ], [ -51.36841, 3.01895 ], [ -51.36642, 3.02258 ], [ -51.3694, 3.02647 ], [ -51.37867, 3.03102 ], [ -51.35922, 3.05218 ], [ -51.34738, 3.05673 ], [ -51.33852, 3.05582 ], [ -51.32495, 3.06317 ], [ -51.32644, 3.07003 ], [ -51.32213, 3.07871 ], [ -51.31849, 3.07855 ], [ -51.30905, 3.06921 ], [ -51.30276, 3.07842 ], [ -51.29581, 3.07958 ], [ -51.28712, 3.09644 ], [ -51.2901, 3.12265 ], [ -51.28505, 3.11872 ], [ -51.26663, 3.11603 ], [ -51.25614, 3.11925 ], [ -51.25259, 3.12338 ], [ -51.25236, 2.82127 ], [ -51.2566, 2.81692 ], [ -51.25396, 2.80898 ], [ -51.26026, 2.80784 ], [ -51.25566, 2.80797 ], [ -51.2549, 2.7812 ], [ -51.09871, 2.78107 ], [ -51.08625, 2.77048 ], [ -51.07547, 2.7688 ], [ -51.06927, 2.7732 ], [ -51.06926, 2.8131 ], [ -51.06463, 2.81625 ], [ -51.05895, 2.83495 ], [ -51.0533, 2.83798 ], [ -51.04171, 2.83692 ], [ -51.027, 2.82953 ], [ -51.02723, 2.82268 ], [ -51.0196, 2.81308 ], [ -51.01198, 2.81437 ], [ -51.00298, 2.80318 ], [ -50.97233, 2.8063 ], [ -50.96089, 2.81483 ], [ -50.94732, 2.806 ], [ -50.94108, 2.81464 ], [ -50.92273, 2.80332 ], [ -50.90736, 2.78633 ], [ -50.90535, 2.75694 ], [ -50.89441, 2.75222 ], [ -50.88466, 2.74142 ], [ -50.88337, 2.72317 ], [ -50.88622, 2.71059 ], [ -50.88245, 2.68824 ], [ -50.88044, 2.6842 ], [ -50.87078, 2.68071 ], [ -50.85946, 2.66359 ], [ -50.85717, 2.65653 ], [ -50.85899, 2.64524 ], [ -50.84772, 2.64034 ], [ -50.84433, 2.60098 ], [ -50.84734, 2.5914 ], [ -50.83481, 2.56768 ], [ -50.83167, 2.55393 ], [ -50.83315, 2.53973 ], [ -50.82356, 2.52763 ], [ -50.82701, 2.51277 ], [ -50.81933, 2.5056 ], [ -50.79422, 2.49855 ], [ -50.78396, 2.47114 ], [ -50.76903, 2.44924 ], [ -50.76672, 2.43651 ], [ -50.76874, 2.40898 ], [ -50.75639, 2.38645 ], [ -50.75748, 2.3689 ], [ -50.75049, 2.36341 ], [ -50.74662, 2.35301 ], [ -50.74488, 2.32003 ], [ -50.74079, 2.30901 ], [ -50.72263, 2.28775 ], [ -50.72451, 2.24429 ], [ -50.71998, 2.23631 ], [ -50.70484, 2.22409 ], [ -50.68433, 2.18391 ], [ -50.68077, 2.16709 ], [ -50.68534, 2.1504 ], [ -50.68187, 2.1334 ], [ -50.64308, 2.11343 ], [ -50.63419, 2.10223 ], [ -50.61783, 2.09127 ], [ -50.60065, 2.06857 ], [ -50.5978, 2.06096 ], [ -50.59995, 2.05168 ], [ -50.59811, 2.0309 ], [ -50.58266, 1.98963 ], [ -50.55798, 1.95584 ], [ -50.53301, 1.94001 ], [ -50.52562, 1.92994 ], [ -50.50814, 1.88697 ], [ -50.50698, 1.85939 ], [ -50.52279, 1.85245 ], [ -50.52779, 1.84329 ], [ -50.52734, 1.8377 ], [ -50.53084, 1.83539 ], [ -50.54379, 1.83437 ], [ -50.54779, 1.82843 ], [ -50.55777, 1.83131 ], [ -50.56923, 1.82006 ], [ -50.56892, 1.81176 ], [ -50.56426, 1.8057 ], [ -50.57131, 1.7876 ], [ -50.56578, 1.78201 ], [ -50.56389, 1.7651 ], [ -50.57199, 1.75359 ], [ -50.57205, 1.74445 ], [ -50.57766, 1.73988 ], [ -50.58357, 1.74011 ], [ -50.58453, 1.73231 ], [ -50.598, 1.73272 ], [ -50.59937, 1.74059 ], [ -50.60981, 1.73527 ], [ -50.61595, 1.74122 ], [ -50.61398, 1.76259 ], [ -50.63286, 1.79424 ], [ -50.63576, 1.81215 ], [ -50.64234, 1.82248 ], [ -50.64067, 1.82951 ], [ -50.69275, 1.83011 ], [ -50.7025, 1.82649 ], [ -50.71122, 1.81606 ], [ -50.72442, 1.81491 ], [ -50.74408, 1.82958 ], [ -50.76123, 1.82653 ], [ -50.76342, 1.83466 ], [ -50.77431, 1.83863 ], [ -50.77464, 1.83516 ], [ -50.76965, 1.82546 ], [ -50.77072, 1.81804 ], [ -50.7766, 1.81882 ], [ -50.78301, 1.81092 ], [ -50.78418, 1.80386 ], [ -50.77948, 1.79027 ], [ -50.79085, 1.79628 ], [ -50.79802, 1.78638 ], [ -50.80342, 1.78811 ], [ -50.80872, 1.78169 ], [ -50.81444, 1.78401 ], [ -50.81268, 1.78904 ], [ -50.80873, 1.78771 ], [ -50.80426, 1.79997 ], [ -50.80788, 1.80786 ], [ -50.80997, 1.806 ], [ -50.81539, 1.81275 ], [ -50.82157, 1.8108 ], [ -50.8199, 1.80909 ], [ -50.82692, 1.81269 ], [ -50.8307, 1.81037 ], [ -50.83696, 1.81964 ], [ -50.84361, 1.82047 ], [ -50.84755, 1.82651 ], [ -50.85643, 1.83112 ], [ -50.86845, 1.83173 ], [ -50.87073, 1.82526 ], [ -50.87668, 1.82449 ], [ -50.88195, 1.83035 ] ], [ [ -50.92391, 2.16189 ], [ -50.92341, 2.16923 ], [ -50.92406, 2.16856 ], [ -50.92391, 2.16189 ] ], [ [ -50.91523, 2.15148 ], [ -50.91494, 2.15163 ], [ -50.92391, 2.16189 ], [ -50.91523, 2.15148 ] ], [ [ -50.90996, 2.15416 ], [ -50.91044, 2.15421 ], [ -50.91189, 2.15318 ], [ -50.90996, 2.15416 ] ], [ [ -50.89847, 2.15217 ], [ -50.90138, 2.15969 ], [ -50.89991, 2.1532 ], [ -50.90844, 2.15402 ], [ -50.89847, 2.15217 ] ], [ [ -50.89623, 2.15638 ], [ -50.89452, 2.15191 ], [ -50.89542, 2.15161 ], [ -50.89181, 2.14148 ], [ -50.89478, 2.15773 ], [ -50.89926, 2.15425 ], [ -50.89623, 2.15638 ] ], [ [ -50.89219, 2.13392 ], [ -50.89174, 2.14111 ], [ -50.89177, 2.14125 ], [ -50.89219, 2.13392 ] ], [ [ -50.89273, 2.12445 ], [ -50.88664, 2.10363 ], [ -50.89272, 2.12452 ], [ -50.89273, 2.12445 ] ], [ [ -50.88908, 2.08776 ], [ -50.88906, 2.08778 ], [ -50.88664, 2.10363 ], [ -50.88908, 2.08776 ] ], [ [ -50.9369, 1.9734 ], [ -50.93687, 1.97338 ], [ -50.9359, 2.00785 ], [ -50.9369, 1.9734 ] ], [ [ -50.92493, 1.96031 ], [ -50.91354, 1.96266 ], [ -50.92505, 1.96044 ], [ -50.92493, 1.96031 ] ], [ [ -50.91034, 1.96332 ], [ -50.90954, 1.96383 ], [ -50.91043, 1.96331 ], [ -50.91034, 1.96332 ] ], [ [ -50.89198, 1.97275 ], [ -50.89372, 1.97311 ], [ -50.89426, 1.97279 ], [ -50.89198, 1.97275 ] ], [ [ -50.88218, 1.96305 ], [ -50.88681, 1.97171 ], [ -50.88829, 1.97201 ], [ -50.88218, 1.96305 ] ], [ [ -50.86434, 1.95629 ], [ -50.86773, 1.96262 ], [ -50.86868, 1.96263 ], [ -50.86434, 1.95629 ] ], [ [ -50.8609, 1.93303 ], [ -50.86342, 1.95456 ], [ -50.86359, 1.95487 ], [ -50.8609, 1.93303 ] ], [ [ -50.87253, 1.91595 ], [ -50.86966, 1.91082 ], [ -50.87217, 1.91647 ], [ -50.87253, 1.91595 ] ], [ [ -50.87321, 1.85744 ], [ -50.86912, 1.8804 ], [ -50.8691, 1.89052 ], [ -50.87321, 1.85744 ] ], [ [ -50.87946, 1.84499 ], [ -50.87944, 1.84483 ], [ -50.87327, 1.85715 ], [ -50.87946, 1.84499 ] ], [ [ -50.97796, 2.50214 ], [ -50.97348, 2.48767 ], [ -50.96015, 2.48508 ], [ -50.9565, 2.48924 ], [ -50.95915, 2.49324 ], [ -50.95664, 2.49601 ], [ -50.94793, 2.48786 ], [ -50.93854, 2.49252 ], [ -50.9345, 2.50002 ], [ -50.94061, 2.49557 ], [ -50.95688, 2.50363 ], [ -50.96234, 2.50325 ], [ -50.96096, 2.5025 ], [ -50.96154, 2.49729 ], [ -50.96746, 2.49204 ], [ -50.97319, 2.49282 ], [ -50.97796, 2.50214 ] ], [ [ -50.9614, 2.47178 ], [ -50.96107, 2.47176 ], [ -50.95839, 2.47772 ], [ -50.9614, 2.47178 ] ], [ [ -50.98935, 2.46424 ], [ -50.99076, 2.46202 ], [ -50.98735, 2.46263 ], [ -50.98935, 2.46424 ] ], [ [ -50.99137, 2.46106 ], [ -50.99221, 2.44246 ], [ -50.9912, 2.46132 ], [ -50.99137, 2.46106 ] ], [ [ -50.97306, 2.42362 ], [ -50.97301, 2.42376 ], [ -50.97745, 2.43346 ], [ -50.97306, 2.42362 ] ], [ [ -50.98981, 2.4048 ], [ -50.97684, 2.41261 ], [ -50.97655, 2.41346 ], [ -50.98981, 2.4048 ] ], [ [ -51.03275, 2.38354 ], [ -51.03232, 2.38339 ], [ -51.02362, 2.38894 ], [ -51.03275, 2.38354 ] ], [ [ -51.08409, 2.39418 ], [ -51.08425, 2.39389 ], [ -51.06495, 2.39506 ], [ -51.08409, 2.39418 ] ], [ [ -51.49861, 2.51427 ], [ -51.49829, 2.51533 ], [ -51.5094, 2.50721 ], [ -51.49861, 2.51427 ] ], [ [ -51.3599, 2.68444 ], [ -51.36006, 2.68462 ], [ -51.36116, 2.67851 ], [ -51.3599, 2.68444 ] ], [ [ -51.36256, 2.69018 ], [ -51.36179, 2.69085 ], [ -51.36317, 2.69377 ], [ -51.36761, 2.70077 ], [ -51.36256, 2.69018 ] ], [ [ -51.35915, 2.69877 ], [ -51.35655, 2.6909 ], [ -51.35995, 2.70129 ], [ -51.36317, 2.69377 ], [ -51.35915, 2.69877 ] ], [ [ -51.35438, 2.70552 ], [ -51.35621, 2.70959 ], [ -51.35464, 2.70535 ], [ -51.35438, 2.70552 ] ], [ [ -50.85151, 2.50042 ], [ -50.85472, 2.49385 ], [ -50.85064, 2.50065 ], [ -50.85151, 2.50042 ] ], [ [ -50.93295, 2.50115 ], [ -50.93346, 2.50078 ], [ -50.90909, 2.50928 ], [ -50.93295, 2.50115 ] ], [ [ -50.80096, 1.99346 ], [ -50.80178, 1.99029 ], [ -50.79487, 1.99567 ], [ -50.80096, 1.99346 ] ], [ [ -50.75672, 2.01552 ], [ -50.77707, 2.00954 ], [ -50.75679, 2.01489 ], [ -50.75672, 2.01552 ] ], [ [ -50.74956, 2.03144 ], [ -50.75607, 2.02112 ], [ -50.7495, 2.02947 ], [ -50.74956, 2.03144 ] ], [ [ -50.76186, 2.05282 ], [ -50.74963, 2.0335 ], [ -50.74972, 2.03646 ], [ -50.76186, 2.05282 ] ], [ [ -50.75975, 2.06518 ], [ -50.7603, 2.07823 ], [ -50.76186, 2.05282 ], [ -50.75975, 2.06518 ] ], [ [ -50.76197, 2.09902 ], [ -50.761, 2.09485 ], [ -50.76142, 2.1047 ], [ -50.76197, 2.09902 ] ], [ [ -50.7525, 2.10971 ], [ -50.7521, 2.1114 ], [ -50.76142, 2.1047 ], [ -50.7525, 2.10971 ] ], [ [ -50.75429, 2.12785 ], [ -50.75107, 2.1157 ], [ -50.75054, 2.11789 ], [ -50.75429, 2.12785 ] ], [ [ -50.83711, 1.95939 ], [ -50.83377, 1.95339 ], [ -50.83325, 1.95387 ], [ -50.83711, 1.95939 ] ], [ [ -50.83455, 1.96379 ], [ -50.8349, 1.96319 ], [ -50.83227, 1.96295 ], [ -50.83455, 1.96379 ] ], [ [ -50.82669, 1.96283 ], [ -50.8271, 1.96248 ], [ -50.82647, 1.96242 ], [ -50.82669, 1.96283 ] ], [ [ -50.82695, 1.96901 ], [ -50.82927, 1.96759 ], [ -50.81906, 1.96738 ], [ -50.82695, 1.96901 ] ], [ [ -50.81607, 1.97323 ], [ -50.81797, 1.96736 ], [ -50.81738, 1.96735 ], [ -50.81607, 1.97323 ] ], [ [ -50.80355, 1.97491 ], [ -50.80373, 1.98273 ], [ -50.80651, 1.97192 ], [ -50.80355, 1.97491 ] ], [ [ -50.77425, 1.84412 ], [ -50.77955, 1.84707 ], [ -50.7743, 1.84352 ], [ -50.77425, 1.84412 ] ], [ [ -50.87791, 2.16812 ], [ -50.87217, 2.16445 ], [ -50.87785, 2.1684 ], [ -50.87791, 2.16812 ] ], [ [ -50.86406, 2.1643 ], [ -50.86374, 2.16365 ], [ -50.86298, 2.16428 ], [ -50.86406, 2.1643 ] ], [ [ -50.85142, 2.15616 ], [ -50.86067, 2.14188 ], [ -50.85073, 2.15643 ], [ -50.85142, 2.15616 ] ], [ [ -50.84686, 2.14243 ], [ -50.8429, 2.13987 ], [ -50.84037, 2.14127 ], [ -50.84686, 2.14243 ] ], [ [ -50.83978, 2.1416 ], [ -50.83917, 2.14193 ], [ -50.83992, 2.14276 ], [ -50.83978, 2.1416 ] ], [ [ -50.79726, 2.03546 ], [ -50.79118, 2.03559 ], [ -50.79159, 2.04094 ], [ -50.78826, 2.04192 ], [ -50.79181, 2.04288 ], [ -50.78795, 2.04783 ], [ -50.79082, 2.04919 ], [ -50.78191, 2.04988 ], [ -50.78249, 2.05635 ], [ -50.79613, 2.05571 ], [ -50.7931, 2.04933 ], [ -50.79671, 2.04515 ], [ -50.79726, 2.03546 ] ] ] } },
{ "type": "Feature", "properties": { "cluster": 18.0, "hvi": 0.1159, "population": 2371, "setores": 5, "municipio": "Calçoene" }, "geometry": { "type": "Polygon", "coordinates": [ [ [ -51.09106, 2.16684 ], [ -51.0963, 2.164 ], [ -51.11735, 2.16511 ], [ -51.13144, 2.15181 ], [ -51.14398, 2.15231 ], [ -51.1462, 2.14998 ], [ -51.15857, 2.15332 ], [ -51.16987, 2.14035 ], [ -51.1804, 2.13946 ], [ -51.19494, 2.1286 ], [ -51.19845, 2.12159 ], [ -51.20965, 2.11987 ], [ -51.22148, 2.12742 ], [ -51.22473, 2.12634 ], [ -51.23283, 2.11576 ], [ -51.23176, 2.10867 ], [ -51.24035, 2.10944 ], [ -51.24235, 2.10642 ], [ -51.23986, 2.10077 ], [ -51.24493, 2.09651 ], [ -51.28016, 2.07954 ], [ -51.2926, 2.06754 ], [ -51.30648, 2.06665 ], [ -51.31297, 2.0562 ], [ -51.33402, 2.04349 ], [ -51.33735, 2.03486 ], [ -51.34137, 2.03577 ], [ -51.34376, 2.03031 ], [ -51.35303, 2.02979 ], [ -51.36904, 2.0197 ], [ -51.39426, 2.02141 ], [ -51.41062, 2.04381 ], [ -51.42154, 2.04725 ], [ -51.42771, 2.0549 ], [ -51.43372, 2.05521 ], [ -51.44649, 2.06433 ], [ -51.46504, 2.0536 ], [ -51.46984, 2.04722 ], [ -51.46746, 2.04064 ], [ -51.47573, 2.03034 ], [ -51.49465, 2.02395 ], [ -51.52084, 2.03471 ], [ -51.57092, 2.11422 ], [ -51.57272, 2.11321 ], [ -51.66668, 2.24997 ], [ -51.81411, 2.37324 ], [ -51.80627, 2.37569 ], [ -51.80162, 2.38623 ], [ -51.79712, 2.38819 ], [ -51.782, 2.3782 ], [ -51.76998, 2.38067 ], [ -51.7529, 2.40308 ], [ -51.75377, 2.41092 ], [ -51.74765, 2.41678 ], [ -51.74887, 2.42383 ], [ -51.73079, 2.43268 ], [ -51.72129, 2.4507 ], [ -51.71599, 2.45167 ], [ -51.70215, 2.46713 ], [ -51.69685, 2.46861 ], [ -51.69537, 2.47692 ], [ -51.68379, 2.49746 ], [ -51.68866, 2.5031 ], [ -51.68539, 2.52388 ], [ -51.68171, 2.52328 ], [ -51.67951, 2.5294 ], [ -51.67054, 2.52815 ], [ -51.66893, 2.53575 ], [ -51.66338, 2.53112 ], [ -51.65262, 2.53459 ], [ -51.64799, 2.54317 ], [ -51.64359, 2.54415 ], [ -51.64733, 2.54445 ], [ -51.64507, 2.55858 ], [ -51.64157, 2.55917 ], [ -51.63925, 2.56807 ], [ -51.644, 2.57098 ], [ -51.64905, 2.58149 ], [ -51.65705, 2.58493 ], [ -51.6552, 2.59081 ], [ -51.65116, 2.5898 ], [ -51.6517, 2.59734 ], [ -51.64528, 2.60114 ], [ -51.64296, 2.60897 ], [ -51.6451, 2.61378 ], [ -51.64219, 2.61325 ], [ -51.641, 2.61841 ], [ -51.63453, 2.6171 ], [ -51.63108, 2.62298 ], [ -51.63153, 2.63067 ], [ -51.62915, 2.62945 ], [ -51.62962, 2.63191 ], [ -51.62003, 2.63541 ], [ -51.62104, 2.63982 ], [ -51.61384, 2.64296 ], [ -51.61156, 2.64864 ], [ -51.60465, 2.64997 ], [ -51.60599, 2.66136 ], [ -51.60425, 2.66516 ], [ -51.59911, 2.66566 ], [ -51.60295, 2.66801 ], [ -51.59748, 2.66881 ], [ -51.5985, 2.67203 ], [ -51.58576, 2.67456 ], [ -51.58677, 2.67799 ], [ -51.58167, 2.68642 ], [ -51.5791, 2.68584 ], [ -51.57443, 2.69213 ], [ -51.56864, 2.69126 ], [ -51.569, 2.69777 ], [ -51.56328, 2.69744 ], [ -51.56017, 2.70124 ], [ -51.55778, 2.72119 ], [ -51.53915, 2.72134 ], [ -51.54175, 2.71239 ], [ -51.53355, 2.70352 ], [ -51.5052, 2.64603 ], [ -51.50122, 2.61361 ], [ -51.54037, 2.59501 ], [ -51.56052, 2.57667 ], [ -51.55112, 2.54684 ], [ -51.53161, 2.51701 ], [ -51.51744, 2.50133 ], [ -51.52428, 2.49313 ], [ -51.53538, 2.48912 ], [ -51.52865, 2.46909 ], [ -51.53748, 2.4377 ], [ -51.51896, 2.44443 ], [ -51.50157, 2.44545 ], [ -51.47717, 2.43666 ], [ -51.47464, 2.45632 ], [ -51.46708, 2.47576 ], [ -51.44037, 2.52475 ], [ -51.43396, 2.52163 ], [ -51.41691, 2.49443 ], [ -51.41158, 2.49128 ], [ -51.36414, 2.48538 ], [ -51.34805, 2.49804 ], [ -51.30771, 2.49341 ], [ -51.29875, 2.48415 ], [ -51.29187, 2.46978 ], [ -51.2823, 2.46759 ], [ -51.27244, 2.46978 ], [ -51.26945, 2.44138 ], [ -51.26509, 2.44402 ], [ -51.25237, 2.44157 ], [ -51.24592, 2.4347 ], [ -51.24115, 2.42266 ], [ -51.24204, 2.4212 ], [ -51.23619, 2.41909 ], [ -51.22918, 2.42091 ], [ -51.22712, 2.42626 ], [ -51.21701, 2.43439 ], [ -51.20448, 2.44039 ], [ -51.19082, 2.44152 ], [ -51.18707, 2.43564 ], [ -51.17781, 2.44244 ], [ -51.17446, 2.44067 ], [ -51.1747, 2.43656 ], [ -51.16794, 2.43978 ], [ -51.16177, 2.43439 ], [ -51.14763, 2.43439 ], [ -51.1461, 2.4323 ], [ -51.14977, 2.42912 ], [ -51.14509, 2.4195 ], [ -51.13385, 2.41137 ], [ -51.12261, 2.41032 ], [ -51.11959, 2.40416 ], [ -51.11254, 2.40255 ], [ -51.11338, 2.39325 ], [ -51.11109, 2.39659 ], [ -51.10242, 2.391 ], [ -51.08756, 2.40026 ], [ -51.08482, 2.18014 ], [ -51.09095, 2.17597 ], [ -51.09106, 2.16684 ] ], [ [ -51.27442, 2.31711 ], [ -51.28474, 2.31393 ], [ -51.28131, 2.31389 ], [ -51.27442, 2.31711 ] ], [ [ -51.271, 2.39818 ], [ -51.27076, 2.39013 ], [ -51.27064, 2.39852 ], [ -51.271, 2.39818 ] ], [ [ -51.2443, 2.41749 ], [ -51.24552, 2.41549 ], [ -51.24509, 2.41557 ], [ -51.2443, 2.41749 ] ], [ [ -51.66431, 2.2839 ], [ -51.66378, 2.28297 ], [ -51.66226, 2.28731 ], [ -51.66431, 2.2839 ] ], [ [ -51.65901, 2.28059 ], [ -51.65837, 2.28091 ], [ -51.66226, 2.28731 ], [ -51.65901, 2.28059 ] ], [ [ -51.6408, 2.30731 ], [ -51.63303, 2.30548 ], [ -51.64405, 2.30959 ], [ -51.6408, 2.30731 ] ], [ [ -51.6319, 2.30521 ], [ -51.63174, 2.30518 ], [ -51.63141, 2.31831 ], [ -51.6319, 2.30521 ] ], [ [ -51.62584, 2.31973 ], [ -51.62586, 2.32103 ], [ -51.63141, 2.31831 ], [ -51.62584, 2.31973 ] ], [ [ -51.63702, 2.31211 ], [ -51.63395, 2.31957 ], [ -51.63802, 2.31175 ], [ -51.63702, 2.31211 ] ] ] } },
{ "type": "Feature", "properties": { "cluster": 19.0, "hvi": 0.1231, "population": 777, "setores": 1, "municipio": "Cutias" }, "geometry": { "type": "Polygon", "coordinates": [ [ [ -50.80382, 0.96944 ], [ -50.80992, 0.96995 ], [ -50.80738, 0.97701 ], [ -50.80022, 0.97422 ], [ -50.80382, 0.96944 ] ] ] } },
{ "type": "Feature", "properties": { "cluster": 20.0, "hvi": 0.0935, "population": 203, "setores": 1, "municipio": "Cutias" }, "geometry": { "type": "Polygon", "coordinates": [ [ [ -50.69864, 0.88696 ], [ -50.69547, 0.88366 ], [ -50.70223, 0.87665 ], [ -50.70716, 0.88157 ], [ -50.69864, 0.88696 ] ] ] } },
{ "type": "Feature", "properties": { "cluster": 21.0, "hvi": 0.127, "population": 1744, "setores": 2, "municipio": "Cutias" }, "geometry": { "type": "Polygon", "coordinates": [ [ [ -50.79565, 0.95822 ], [ -50.80384, 0.96125 ], [ -50.80379, 0.96791 ], [ -50.80031, 0.97039 ], [ -50.79971, 0.97213 ], [ -50.79284, 0.96576 ], [ -50.79678, 0.96396 ], [ -50.79727, 0.96484 ], [ -50.79565, 0.95822 ] ] ] } },
{ "type": "Feature", "properties": { "cluster": 22.0, "hvi": 0.1409, "population": 2840, "setores": 4, "municipio": "Ferreira Gomes" }, "geometry": { "type": "MultiPolygon", "coordinates": [ [ [ [ -51.18272, 0.84902 ], [ -51.18338, 0.85465 ], [ -51.17821, 0.85526 ], [ -51.17471, 0.84931 ], [ -51.17602, 0.84616 ], [ -51.18093, 0.8461 ], [ -51.18272, 0.84902 ] ] ], [ [ [ -51.17486, 0.85079 ], [ -51.17306, 0.84776 ], [ -51.17537, 0.85048 ], [ -51.17486, 0.85079 ] ] ], [ [ [ -51.18338, 0.85465 ], [ -51.17924, 0.86008 ], [ -51.17475, 0.8622 ], [ -51.17631, 0.85651 ], [ -51.18338, 0.85465 ] ] ] ] } },
{ "type": "Feature", "properties": { "cluster": 23.0, "hvi": 0.1749, "population": 1294, "setores": 1, "municipio": "Ferreira Gomes" }, "geometry": { "type": "Polygon", "coordinates": [ [ [ -51.17631, 0.85651 ], [ -51.16863, 0.84268 ], [ -51.17507, 0.83954 ], [ -51.17891, 0.84027 ], [ -51.17306, 0.84776 ], [ -51.17821, 0.85526 ], [ -51.17631, 0.85651 ] ] ] } },
{ "type": "Feature", "properties": { "cluster": 24.0, "hvi": 0.1288, "population": 651, "setores": 1, "municipio": "Itaubal" }, "geometry": { "type": "Polygon", "coordinates": [ [ [ -50.75609, 0.49881 ], [ -50.75077, 0.50792 ], [ -50.75404, 0.51021 ], [ -50.76073, 0.50784 ], [ -50.75949, 0.5162 ], [ -50.76563, 0.52017 ], [ -50.76329, 0.52339 ], [ -50.75264, 0.51901 ], [ -50.74502, 0.51958 ], [ -50.74149, 0.4994 ], [ -50.75609, 0.49881 ] ] ] } },
{ "type": "Feature", "properties": { "cluster": 25.0, "hvi": 0.1136, "population": 790, "setores": 5, "municipio": "Itaubal" }, "geometry": { "type": "Polygon", "coordinates": [ [ [ -50.76739, 0.54367 ], [ -50.77961, 0.54507 ], [ -50.80108, 0.52206 ], [ -50.80897, 0.52848 ], [ -50.82146, 0.55101 ], [ -50.83439, 0.55139 ], [ -50.84745, 0.55672 ], [ -50.84902, 0.55999 ], [ -50.845, 0.56645 ], [ -50.86666, 0.57813 ], [ -50.87697, 0.57922 ], [ -50.8871, 0.57505 ], [ -50.8949, 0.56317 ], [ -50.90672, 0.56791 ], [ -50.91062, 0.57836 ], [ -50.90679, 0.58199 ], [ -50.90783, 0.59208 ], [ -50.91991, 0.62421 ], [ -50.92029, 0.63761 ], [ -50.92638, 0.65016 ], [ -50.93584, 0.65605 ], [ -50.93997, 0.66932 ], [ -50.9452, 0.6716 ], [ -50.9241, 0.67364 ], [ -50.91526, 0.68491 ], [ -50.91069, 0.68619 ], [ -50.89099, 0.67472 ], [ -50.85019, 0.75543 ], [ -50.82809, 0.75181 ], [ -50.82295, 0.73867 ], [ -50.81767, 0.7382 ], [ -50.80893, 0.7215 ], [ -50.79978, 0.71378 ], [ -50.79669, 0.71515 ], [ -50.79218, 0.70843 ], [ -50.78843, 0.70956 ], [ -50.786, 0.69857 ], [ -50.77714, 0.6953 ], [ -50.77696, 0.68467 ], [ -50.77019, 0.68288 ], [ -50.77078, 0.67754 ], [ -50.76645, 0.67558 ], [ -50.77215, 0.6707 ], [ -50.763, 0.66643 ], [ -50.76627, 0.66286 ], [ -50.76181, 0.66244 ], [ -50.76056, 0.65924 ], [ -50.75451, 0.65982 ], [ -50.75789, 0.58995 ], [ -50.76585, 0.56369 ], [ -50.75947, 0.54962 ], [ -50.70772, 0.55595 ], [ -50.69744, 0.53217 ], [ -50.76208, 0.52952 ], [ -50.76277, 0.53475 ], [ -50.76784, 0.53862 ], [ -50.76739, 0.54367 ] ], [ [ -50.84562, 0.6899 ], [ -50.84557, 0.68973 ], [ -50.84437, 0.68922 ], [ -50.84562, 0.6899 ] ], [ [ -50.82319, 0.69083 ], [ -50.83952, 0.68715 ], [ -50.82268, 0.69055 ], [ -50.82319, 0.69083 ] ] ] } },
{ "type": "Feature", "properties": { "cluster": 26.0, "hvi": 0.1198, "population": 935, "setores": 2, "municipio": "Itaubal" }, "geometry": { "type": "MultiPolygon", "coordinates": [ [ [ [ -50.702, 0.60474 ], [ -50.69689, 0.60983 ], [ -50.69531, 0.60914 ], [ -50.69595, 0.60116 ], [ -50.702, 0.60474 ] ] ], [ [ [ -50.70459, 0.60243 ], [ -50.70704, 0.60547 ], [ -50.70179, 0.61062 ], [ -50.69968, 0.60733 ], [ -50.70459, 0.60243 ] ] ] ] } },
{ "type": "Feature", "properties": { "cluster": 27.0, "hvi": 0.1061, "population": 701, "setores": 5, "municipio": "Itaubal" }, "geometry": { "type": "Polygon", "coordinates": [ [ [ -50.43655, 0.60011 ], [ -50.45232, 0.57096 ], [ -50.46726, 0.53092 ], [ -50.47621, 0.4815 ], [ -50.48599, 0.45891 ], [ -50.504, 0.43509 ], [ -50.52389, 0.37239 ], [ -50.53928, 0.3458 ], [ -50.55615, 0.30672 ], [ -50.57976, 0.26999 ], [ -50.59631, 0.25037 ], [ -50.60678, 0.24574 ], [ -50.6236, 0.23178 ], [ -50.64482, 0.20875 ], [ -50.70495, 0.29963 ], [ -50.66837, 0.32472 ], [ -50.63807, 0.36654 ], [ -50.62096, 0.38248 ], [ -50.59364, 0.41568 ], [ -50.61001, 0.39793 ], [ -50.62057, 0.41056 ], [ -50.62929, 0.43359 ], [ -50.64856, 0.45621 ], [ -50.65075, 0.46531 ], [ -50.64896, 0.47447 ], [ -50.61512, 0.52715 ], [ -50.61258, 0.53592 ], [ -50.62726, 0.64241 ], [ -50.62671, 0.66453 ], [ -50.62279, 0.67095 ], [ -50.62682, 0.67751 ], [ -50.62593, 0.6881 ], [ -50.62261, 0.69116 ], [ -50.6178, 0.68973 ], [ -50.61588, 0.69547 ], [ -50.61595, 0.70143 ], [ -50.62229, 0.70638 ], [ -50.62008, 0.71184 ], [ -50.62186, 0.71989 ], [ -50.62055, 0.73551 ], [ -50.61384, 0.75263 ], [ -50.60162, 0.75185 ], [ -50.58108, 0.74301 ], [ -50.5807, 0.73415 ], [ -50.56803, 0.74472 ], [ -50.56825, 0.75217 ], [ -50.57156, 0.75007 ], [ -50.5727, 0.75449 ], [ -50.57252, 0.7604 ], [ -50.56725, 0.76486 ], [ -50.57117, 0.76622 ], [ -50.57021, 0.77014 ], [ -50.55513, 0.76504 ], [ -50.54832, 0.76796 ], [ -50.53901, 0.76383 ], [ -50.53684, 0.75841 ], [ -50.53138, 0.76347 ], [ -50.53113, 0.7549 ], [ -50.52817, 0.756 ], [ -50.52725, 0.7616 ], [ -50.52115, 0.75661 ], [ -50.51983, 0.76295 ], [ -50.51627, 0.7559 ], [ -50.50906, 0.75853 ], [ -50.50354, 0.75411 ], [ -50.49826, 0.75532 ], [ -50.50493, 0.7449 ], [ -50.49701, 0.74476 ], [ -50.49388, 0.73934 ], [ -50.48461, 0.73806 ], [ -50.48682, 0.73414 ], [ -50.48468, 0.731 ], [ -50.45666, 0.72993 ], [ -50.45715, 0.71752 ], [ -50.45309, 0.70776 ], [ -50.44325, 0.70091 ], [ -50.44475, 0.69806 ], [ -50.43968, 0.69656 ], [ -50.43726, 0.6905 ], [ -50.4394, 0.67453 ], [ -50.44718, 0.66738 ], [ -50.44453, 0.66608 ], [ -50.40986, 0.62334 ], [ -50.43655, 0.60011 ] ], [ [ -50.57793, 0.42982 ], [ -50.57314, 0.43792 ], [ -50.58575, 0.42425 ], [ -50.57793, 0.42982 ] ], [ [ -50.55819, 0.4632 ], [ -50.55124, 0.48027 ], [ -50.55349, 0.4765 ], [ -50.55745, 0.46559 ], [ -50.56327, 0.45461 ], [ -50.55819, 0.4632 ] ], [ [ -50.48964, 0.60667 ], [ -50.489, 0.60932 ], [ -50.49179, 0.60375 ], [ -50.48964, 0.60667 ] ], [ [ -50.48699, 0.61769 ], [ -50.48918, 0.61123 ], [ -50.49591, 0.61437 ], [ -50.48892, 0.60965 ], [ -50.48699, 0.61769 ] ], [ [ -50.46312, 0.64592 ], [ -50.46307, 0.64603 ], [ -50.47096, 0.64143 ], [ -50.46312, 0.64592 ] ], [ [ -50.45034, 0.66081 ], [ -50.45189, 0.6606 ], [ -50.45465, 0.65697 ], [ -50.45034, 0.66081 ] ], [ [ -50.57178, 0.33212 ], [ -50.56999, 0.34185 ], [ -50.57511, 0.35029 ], [ -50.5868, 0.35343 ], [ -50.59632, 0.34844 ], [ -50.61069, 0.32546 ], [ -50.61548, 0.30447 ], [ -50.59003, 0.31669 ], [ -50.57178, 0.33212 ] ] ] } },
{ "type": "Feature", "properties": { "cluster": 28.0, "hvi": 0.1284, "population": 2954, "setores": 4, "municipio": "Itaubal" }, "geometry": { "type": "MultiPolygon", "coordinates": [ [ [ [ -50.59405, 0.35106 ], [ -50.58202, 0.35362 ], [ -50.57511, 0.35029 ], [ -50.56999, 0.34185 ], [ -50.57178, 0.33212 ], [ -50.59872, 0.31117 ], [ -50.61548, 0.30447 ], [ -50.61069, 0.32546 ], [ -50.59405, 0.35106 ] ] ], [ [ [ -50.75941, 0.54966 ], [ -50.76472, 0.55941 ], [ -50.76538, 0.56714 ], [ -50.75665, 0.59911 ], [ -50.75454, 0.65922 ], [ -50.76555, 0.66227 ], [ -50.7633, 0.66696 ], [ -50.77215, 0.6707 ], [ -50.76645, 0.67558 ], [ -50.77078, 0.67754 ], [ -50.77019, 0.68288 ], [ -50.77696, 0.68467 ], [ -50.77714, 0.6953 ], [ -50.786, 0.69857 ], [ -50.78843, 0.70956 ], [ -50.79218, 0.70843 ], [ -50.79669, 0.71515 ], [ -50.79978, 0.71378 ], [ -50.80893, 0.7215 ], [ -50.81767, 0.7382 ], [ -50.82295, 0.73867 ], [ -50.82527, 0.74705 ], [ -50.81868, 0.75533 ], [ -50.82066, 0.75695 ], [ -50.81546, 0.75862 ], [ -50.80432, 0.74772 ], [ -50.79182, 0.74698 ], [ -50.78275, 0.75008 ], [ -50.77085, 0.74503 ], [ -50.74272, 0.75041 ], [ -50.72979, 0.73893 ], [ -50.70797, 0.73564 ], [ -50.70635, 0.72928 ], [ -50.70996, 0.7294 ], [ -50.7109, 0.71912 ], [ -50.70597, 0.71429 ], [ -50.70582, 0.71693 ], [ -50.70016, 0.71421 ], [ -50.63601, 0.6245 ], [ -50.64173, 0.62253 ], [ -50.63177, 0.62487 ], [ -50.62552, 0.63228 ], [ -50.61258, 0.53592 ], [ -50.61512, 0.52715 ], [ -50.64896, 0.47447 ], [ -50.65075, 0.46531 ], [ -50.64856, 0.45621 ], [ -50.6259, 0.42766 ], [ -50.62057, 0.41056 ], [ -50.60912, 0.39771 ], [ -50.63807, 0.36654 ], [ -50.66837, 0.32472 ], [ -50.70495, 0.29963 ], [ -50.70936, 0.32063 ], [ -50.71315, 0.3224 ], [ -50.71664, 0.31889 ], [ -50.71709, 0.32627 ], [ -50.70526, 0.32936 ], [ -50.7099, 0.33562 ], [ -50.70418, 0.34211 ], [ -50.69591, 0.33585 ], [ -50.69251, 0.34258 ], [ -50.68563, 0.33894 ], [ -50.67921, 0.35672 ], [ -50.68547, 0.35812 ], [ -50.68447, 0.36863 ], [ -50.67883, 0.37025 ], [ -50.68408, 0.38045 ], [ -50.69053, 0.37842 ], [ -50.69351, 0.38463 ], [ -50.69985, 0.38262 ], [ -50.70695, 0.38645 ], [ -50.70765, 0.38131 ], [ -50.71433, 0.38362 ], [ -50.70805, 0.39251 ], [ -50.70163, 0.39244 ], [ -50.69908, 0.39792 ], [ -50.6898, 0.398 ], [ -50.68792, 0.40478 ], [ -50.68315, 0.4065 ], [ -50.68223, 0.41346 ], [ -50.69104, 0.41021 ], [ -50.69174, 0.41392 ], [ -50.68462, 0.41617 ], [ -50.68942, 0.42135 ], [ -50.69313, 0.41539 ], [ -50.7075, 0.41895 ], [ -50.70441, 0.42189 ], [ -50.70511, 0.42652 ], [ -50.69892, 0.43155 ], [ -50.70325, 0.42954 ], [ -50.70565, 0.43201 ], [ -50.69702, 0.43726 ], [ -50.70252, 0.44063 ], [ -50.70415, 0.43494 ], [ -50.7104, 0.43732 ], [ -50.70884, 0.4497 ], [ -50.71815, 0.44445 ], [ -50.71729, 0.44868 ], [ -50.72159, 0.44945 ], [ -50.71728, 0.45759 ], [ -50.72245, 0.45622 ], [ -50.72429, 0.46151 ], [ -50.72911, 0.45843 ], [ -50.73112, 0.47449 ], [ -50.73659, 0.47692 ], [ -50.7398, 0.47252 ], [ -50.74562, 0.47252 ], [ -50.75388, 0.4878 ], [ -50.75175, 0.49582 ], [ -50.75609, 0.49881 ], [ -50.74149, 0.4994 ], [ -50.74502, 0.51958 ], [ -50.75264, 0.51901 ], [ -50.76329, 0.52339 ], [ -50.76208, 0.52952 ], [ -50.69744, 0.53217 ], [ -50.70772, 0.55595 ], [ -50.75941, 0.54966 ] ], [ [ -50.75234, 0.65827 ], [ -50.75225, 0.65858 ], [ -50.75312, 0.65882 ], [ -50.75234, 0.65827 ] ], [ [ -50.74636, 0.6426 ], [ -50.73483, 0.64318 ], [ -50.74644, 0.64308 ], [ -50.74636, 0.6426 ] ], [ [ -50.70704, 0.60547 ], [ -50.69716, 0.59312 ], [ -50.69806, 0.59646 ], [ -50.69661, 0.5997 ], [ -50.69888, 0.59534 ], [ -50.70459, 0.60243 ], [ -50.702, 0.60474 ], [ -50.69654, 0.59985 ], [ -50.69595, 0.60116 ], [ -50.69393, 0.59905 ], [ -50.69705, 0.60239 ], [ -50.69654, 0.61258 ], [ -50.69981, 0.60733 ], [ -50.70104, 0.61233 ], [ -50.70704, 0.60547 ] ], [ [ -50.68887, 0.61305 ], [ -50.69563, 0.61403 ], [ -50.69624, 0.61305 ], [ -50.68887, 0.61305 ] ], [ [ -50.68641, 0.61305 ], [ -50.68023, 0.61802 ], [ -50.6869, 0.61305 ], [ -50.68641, 0.61305 ] ], [ [ -50.68015, 0.62798 ], [ -50.68128, 0.62772 ], [ -50.68113, 0.62636 ], [ -50.68015, 0.62798 ] ], [ [ -50.67227, 0.62779 ], [ -50.67267, 0.62974 ], [ -50.67652, 0.62883 ], [ -50.67227, 0.62779 ] ], [ [ -50.65443, 0.5924 ], [ -50.65391, 0.59279 ], [ -50.6591, 0.59822 ], [ -50.65443, 0.5924 ] ], [ [ -50.64441, 0.59993 ], [ -50.64467, 0.60032 ], [ -50.64477, 0.59966 ], [ -50.64441, 0.59993 ] ], [ [ -50.64189, 0.6166 ], [ -50.64919, 0.60848 ], [ -50.64887, 0.60812 ], [ -50.64189, 0.6166 ] ], [ [ -50.79502, 0.71422 ], [ -50.79231, 0.71703 ], [ -50.79809, 0.72403 ], [ -50.80097, 0.72262 ], [ -50.79502, 0.71422 ] ] ] ] } },
{ "type": "Feature", "properties": { "cluster": 29.0, "hvi": 0.1207, "population": 1850, "setores": 7, "municipio": "Laranjal do Jari" }, "geometry": { "type": "MultiPolygon", "coordinates": [ [ [ [ -52.53205, -0.85597 ], [ -52.52891, -0.85583 ], [ -52.53195, -0.85734 ], [ -52.53205, -0.85597 ] ] ], [ [ [ -52.53799, -0.85561 ], [ -52.5402, -0.85558 ], [ -52.53868, -0.8545 ], [ -52.53799, -0.85561 ] ] ], [ [ [ -52.53931, -0.85288 ], [ -52.54015, -0.85552 ], [ -52.54075, -0.85453 ], [ -52.54039, -0.85575 ], [ -52.54263, -0.85001 ], [ -52.54293, -0.84717 ], [ -52.54169, -0.85135 ], [ -52.54118, -0.84724 ], [ -52.54032, -0.85201 ], [ -52.541, -0.8537 ], [ -52.53931, -0.85288 ] ] ], [ [ [ -52.5403, -0.84348 ], [ -52.54118, -0.84724 ], [ -52.54221, -0.84455 ], [ -52.53375, -0.83533 ], [ -52.5403, -0.84348 ] ] ] ] } },
{ "type": "Feature", "properties": { "cluster": 30.0, "hvi": 0.147, "population": 3010, "setores": 6, "municipio": "Laranjal do Jari" }, "geometry": { "type": "MultiPolygon", "coordinates": [ [ [ [ -52.53197, -0.85703 ], [ -52.53774, -0.8573 ], [ -52.54039, -0.85575 ], [ -52.53843, -0.8567 ], [ -52.53692, -0.85543 ], [ -52.53713, -0.85712 ], [ -52.53205, -0.85597 ], [ -52.53197, -0.85703 ] ], [ [ -52.53795, -0.85694 ], [ -52.53761, -0.8571 ], [ -52.53737, -0.85711 ], [ -52.53795, -0.85694 ] ] ], [ [ [ -52.53743, -0.85467 ], [ -52.53656, -0.85437 ], [ -52.53789, -0.85399 ], [ -52.5351, -0.85204 ], [ -52.53561, -0.85646 ], [ -52.53743, -0.85467 ] ] ], [ [ [ -52.54118, -0.84724 ], [ -52.53827, -0.84753 ], [ -52.54048, -0.84846 ], [ -52.54007, -0.8514 ], [ -52.53781, -0.85007 ], [ -52.53835, -0.85428 ], [ -52.541, -0.85122 ], [ -52.54118, -0.84724 ] ] ] ] } },
{ "type": "Feature", "properties": { "cluster": 31.0, "hvi": 0.156, "population": 1212, "setores": 2, "municipio": "Laranjal do Jari" }, "geometry": { "type": "MultiPolygon", "coordinates": [ [ [ [ -52.52325, -0.85698 ], [ -52.5288, -0.85686 ], [ -52.52466, -0.85608 ], [ -52.52084, -0.84905 ], [ -52.52325, -0.85698 ] ] ], [ [ [ -52.53685, -0.85327 ], [ -52.53821, -0.85099 ], [ -52.53563, -0.84879 ], [ -52.53419, -0.85141 ], [ -52.53685, -0.85327 ] ] ] ] } },
{ "type": "Feature", "properties": { "cluster": 32.0, "hvi": 0.1636, "population": 3708, "setores": 6, "municipio": "Laranjal do Jari" }, "geometry": { "type": "MultiPolygon", "coordinates": [ [ [ [ -52.53444, -0.85159 ], [ -52.53261, -0.85038 ], [ -52.53206, -0.85414 ], [ -52.52851, -0.85391 ], [ -52.53214, -0.85598 ], [ -52.53444, -0.85159 ] ] ], [ [ [ -52.52867, -0.84797 ], [ -52.53228, -0.85015 ], [ -52.53377, -0.84797 ], [ -52.52771, -0.84441 ], [ -52.52635, -0.8465 ], [ -52.52141, -0.84799 ], [ -52.52468, -0.85609 ], [ -52.52837, -0.8557 ], [ -52.52662, -0.85243 ], [ -52.53206, -0.85414 ], [ -52.52803, -0.84909 ], [ -52.52983, -0.84871 ], [ -52.52867, -0.84797 ] ], [ [ -52.52499, -0.85424 ], [ -52.52528, -0.85202 ], [ -52.52624, -0.85232 ], [ -52.52499, -0.85424 ] ] ], [ [ [ -52.53261, -0.85038 ], [ -52.52983, -0.84871 ], [ -52.53067, -0.8515 ], [ -52.53261, -0.85038 ] ] ], [ [ [ -52.53377, -0.84797 ], [ -52.53419, -0.85141 ], [ -52.53563, -0.84879 ], [ -52.53377, -0.84797 ] ] ] ] } },
{ "type": "Feature", "properties": { "cluster": 33.0, "hvi": 0.171, "population": 841, "setores": 1, "municipio": "Laranjal do Jari" }, "geometry": { "type": "Polygon", "coordinates": [ [ [ -52.52064, -0.84413 ], [ -52.51765, -0.84618 ], [ -52.52244, -0.84848 ], [ -52.5258, -0.84615 ], [ -52.52064, -0.84413 ] ] ] } },
{ "type": "Feature", "properties": { "cluster": 34.0, "hvi": 0.1315, "population": 2153, "setores": 4, "municipio": "Laranjal do Jari" }, "geometry": { "type": "MultiPolygon", "coordinates": [ [ [ [ -52.5291, -0.83686 ], [ -52.52561, -0.83183 ], [ -52.52024, -0.83388 ], [ -52.51938, -0.83757 ], [ -52.52193, -0.83657 ], [ -52.52247, -0.83743 ], [ -52.5291, -0.83686 ] ] ], [ [ [ -52.5271, -0.82569 ], [ -52.54221, -0.84455 ], [ -52.54118, -0.85437 ], [ -52.53695, -0.85742 ], [ -52.52059, -0.8567 ], [ -52.49549, -0.84795 ], [ -52.51693, -0.85862 ], [ -52.53942, -0.85774 ], [ -52.54384, -0.85154 ], [ -52.54185, -0.83654 ], [ -52.51697, -0.80905 ], [ -52.51188, -0.81461 ], [ -52.51302, -0.818 ], [ -52.5271, -0.82569 ] ] ] ] } },
{ "type": "Feature", "properties": { "cluster": 35.0, "hvi": 0.1274, "population": 2487, "setores": 4, "municipio": "Laranjal do Jari" }, "geometry": { "type": "MultiPolygon", "coordinates": [ [ [ [ -52.52118, -0.84788 ], [ -52.51805, -0.84591 ], [ -52.51886, -0.84536 ], [ -52.51383, -0.84325 ], [ -52.51206, -0.84618 ], [ -52.52084, -0.84905 ], [ -52.52118, -0.84788 ] ] ], [ [ [ -52.52034, -0.84157 ], [ -52.51902, -0.83979 ], [ -52.51697, -0.84386 ], [ -52.52034, -0.84157 ] ] ], [ [ [ -52.52369, -0.83924 ], [ -52.52247, -0.83743 ], [ -52.52034, -0.84157 ], [ -52.52369, -0.83924 ] ] ] ] } },
{ "type": "Feature", "properties": { "cluster": 36.0, "hvi": 0.15, "population": 2126, "setores": 2, "municipio": "Laranjal do Jari" }, "geometry": { "type": "Polygon", "coordinates": [ [ [ -52.51686, -0.83321 ], [ -52.5136, -0.82944 ], [ -52.51125, -0.83296 ], [ -52.51456, -0.83513 ], [ -52.51902, -0.83979 ], [ -52.52247, -0.83743 ], [ -52.51938, -0.83757 ], [ -52.51759, -0.8326 ], [ -52.51686, -0.83321 ] ] ] } },
{ "type": "Feature", "properties": { "cluster": 37.0, "hvi": 0.1525, "population": 2148, "setores": 2, "municipio": "Laranjal do Jari" }, "geometry": { "type": "Polygon", "coordinates": [ [ [ -52.51443, -0.84288 ], [ -52.51902, -0.83979 ], [ -52.51597, -0.83603 ], [ -52.51113, -0.84186 ], [ -52.51011, -0.84155 ], [ -52.50773, -0.84481 ], [ -52.51206, -0.84618 ], [ -52.51443, -0.84288 ] ] ] } },
{ "type": "Feature", "properties": { "cluster": 38.0, "hvi": 0.1428, "population": 2776, "setores": 3, "municipio": "Laranjal do Jari" }, "geometry": { "type": "MultiPolygon", "coordinates": [ [ [ [ -52.52024, -0.82514 ], [ -52.5136, -0.82944 ], [ -52.51843, -0.83451 ], [ -52.52983, -0.82986 ], [ -52.52024, -0.82514 ] ] ], [ [ [ -52.51225, -0.82871 ], [ -52.51205, -0.8228 ], [ -52.50592, -0.82326 ], [ -52.51104, -0.82569 ], [ -52.51225, -0.82871 ] ] ], [ [ [ -52.51316, -0.82729 ], [ -52.52024, -0.82514 ], [ -52.52844, -0.8276 ], [ -52.51284, -0.8178 ], [ -52.5073, -0.82222 ], [ -52.51205, -0.8228 ], [ -52.51316, -0.82729 ] ] ] ] } },
{ "type": "Feature", "properties": { "cluster": 39.0, "hvi": 0.1261, "population": 1885, "setores": 3, "municipio": "Laranjal do Jari" }, "geometry": { "type": "Polygon", "coordinates": [ [ [ -52.51059, -0.83688 ], [ -52.50652, -0.83923 ], [ -52.51107, -0.84193 ], [ -52.51597, -0.83603 ], [ -52.5113, -0.83288 ], [ -52.51516, -0.82696 ], [ -52.5101, -0.83207 ], [ -52.51108, -0.82947 ], [ -52.50557, -0.82665 ], [ -52.50933, -0.83155 ], [ -52.51059, -0.83688 ] ] ] } },
{ "type": "Feature", "properties": { "cluster": 40.0, "hvi": 0.1434, "population": 1919, "setores": 2, "municipio": "Laranjal do Jari" }, "geometry": { "type": "MultiPolygon", "coordinates": [ [ [ [ -52.51134, -0.83009 ], [ -52.51221, -0.82878 ], [ -52.51104, -0.82569 ], [ -52.50406, -0.82458 ], [ -52.51134, -0.83009 ] ] ], [ [ [ -52.50474, -0.82162 ], [ -52.50406, -0.82458 ], [ -52.51284, -0.8178 ], [ -52.51104, -0.81427 ], [ -52.49748, -0.81546 ], [ -52.50474, -0.82162 ] ] ] ] } },
{ "type": "Feature", "properties": { "cluster": 41.0, "hvi": 0.126, "population": 399, "setores": 1, "municipio": "Laranjal do Jari" }, "geometry": { "type": "Polygon", "coordinates": [ [ [ -52.53285, -0.8541 ], [ -52.53386, -0.85635 ], [ -52.53444, -0.85159 ], [ -52.53285, -0.8541 ] ] ] } },
{ "type": "Feature", "properties": { "cluster": 42.0, "hvi": 0.1236, "population": 2425, "setores": 6, "municipio": "Laranjal do Jari" }, "geometry": { "type": "Polygon", "coordinates": [ [ [ -52.51757, -0.84344 ], [ -52.52191, -0.84601 ], [ -52.52386, -0.84465 ], [ -52.52631, -0.84655 ], [ -52.52764, -0.84452 ], [ -52.54007, -0.8514 ], [ -52.53827, -0.84753 ], [ -52.54118, -0.84724 ], [ -52.5408, -0.84452 ], [ -52.52983, -0.82986 ], [ -52.52561, -0.83183 ], [ -52.53089, -0.84181 ], [ -52.52638, -0.83729 ], [ -52.52516, -0.83988 ], [ -52.52034, -0.84157 ], [ -52.51757, -0.84344 ] ], [ [ -52.52655, -0.84219 ], [ -52.52521, -0.84012 ], [ -52.52525, -0.84007 ], [ -52.52863, -0.8427 ], [ -52.52647, -0.84356 ], [ -52.52655, -0.84219 ] ] ] } },
{ "type": "Feature", "properties": { "cluster": 43.0, "hvi": 0.1543, "population": 2965, "setores": 3, "municipio": "Laranjal do Jari" }, "geometry": { "type": "MultiPolygon", "coordinates": [ [ [ [ -52.50652, -0.83923 ], [ -52.51059, -0.83688 ], [ -52.5033, -0.82354 ], [ -52.4955, -0.82908 ], [ -52.50652, -0.83923 ] ] ], [ [ [ -52.50512, -0.82215 ], [ -52.50032, -0.81987 ], [ -52.49687, -0.8141 ], [ -52.49052, -0.81714 ], [ -52.4918, -0.82459 ], [ -52.49333, -0.82374 ], [ -52.4955, -0.82908 ], [ -52.50512, -0.82215 ] ] ] ] } },
{ "type": "Feature", "properties": { "cluster": 44.0, "hvi": 0.1118, "population": 1788, "setores": 8, "municipio": "Laranjal do Jari" }, "geometry": { "type": "MultiPolygon", "coordinates": [ [ [ [ -52.52322, -0.85684 ], [ -52.52092, -0.84908 ], [ -52.50773, -0.84481 ], [ -52.51011, -0.84155 ], [ -52.4918, -0.82459 ], [ -52.49052, -0.81714 ], [ -52.48228, -0.82325 ], [ -52.48403, -0.82071 ], [ -52.48347, -0.81979 ], [ -52.49687, -0.8141 ], [ -52.49333, -0.80735 ], [ -52.50133, -0.80484 ], [ -52.51697, -0.80905 ], [ -52.52285, -0.79609 ], [ -52.52163, -0.78521 ], [ -52.50182, -0.74676 ], [ -52.49731, -0.71577 ], [ -52.50173, -0.69276 ], [ -52.51039, -0.67918 ], [ -52.51251, -0.6651 ], [ -52.51585, -0.66357 ], [ -52.41642, -0.4318 ], [ -52.36373, -0.60613 ], [ -52.35497, -0.60036 ], [ -52.34685, -0.6014 ], [ -52.3274, -0.59513 ], [ -52.31504, -0.59499 ], [ -52.30137, -0.58229 ], [ -52.27895, -0.58444 ], [ -52.2675, -0.58173 ], [ -52.26077, -0.57034 ], [ -52.24265, -0.5586 ], [ -52.22751, -0.56353 ], [ -52.21412, -0.56099 ], [ -52.20113, -0.54964 ], [ -52.1898, -0.54894 ], [ -52.18985, -0.55179 ], [ -52.1757, -0.55422 ], [ -52.17284, -0.55881 ], [ -52.16733, -0.55459 ], [ -52.18226, -0.53435 ], [ -52.18208, -0.51977 ], [ -52.15154, -0.48672 ], [ -52.14421, -0.46766 ], [ -52.12498, -0.45702 ], [ -52.09193, -0.45317 ], [ -52.07798, -0.45627 ], [ -52.07313, -0.46151 ], [ -52.06833, -0.45999 ], [ -52.06671, -0.46807 ], [ -52.07047, -0.46893 ], [ -52.07023, -0.47297 ], [ -52.06636, -0.47588 ], [ -52.06296, -0.4741 ], [ -52.06094, -0.47858 ], [ -52.06683, -0.49105 ], [ -52.07291, -0.49695 ], [ -52.07774, -0.49633 ], [ -52.07566, -0.50517 ], [ -52.07842, -0.51175 ], [ -52.0854, -0.51304 ], [ -52.07493, -0.5203 ], [ -52.08178, -0.52362 ], [ -52.08192, -0.52758 ], [ -52.07414, -0.52532 ], [ -52.07268, -0.5293 ], [ -52.07741, -0.53757 ], [ -52.07544, -0.54859 ], [ -52.08705, -0.55468 ], [ -52.08866, -0.56198 ], [ -52.08233, -0.56593 ], [ -52.06396, -0.56485 ], [ -52.06329, -0.57216 ], [ -52.05557, -0.57623 ], [ -52.05693, -0.57919 ], [ -52.04855, -0.60512 ], [ -52.05508, -0.61007 ], [ -52.06296, -0.60527 ], [ -52.23912, -0.81348 ], [ -52.24751, -0.81265 ], [ -52.26635, -0.80268 ], [ -52.28252, -0.79823 ], [ -52.32109, -0.79927 ], [ -52.3261, -0.79697 ], [ -52.3431, -0.79791 ], [ -52.35193, -0.80196 ], [ -52.36804, -0.79723 ], [ -52.38371, -0.81033 ], [ -52.39712, -0.80665 ], [ -52.45552, -0.83027 ], [ -52.46841, -0.84109 ], [ -52.52322, -0.85684 ] ], [ [ -52.25984, -0.79093 ], [ -52.2617, -0.78994 ], [ -52.23912, -0.81348 ], [ -52.25984, -0.79093 ] ], [ [ -52.49195, -0.80471 ], [ -52.48455, -0.77975 ], [ -52.49305, -0.8068 ], [ -52.49195, -0.80471 ] ], [ [ -52.46555, -0.77006 ], [ -52.47856, -0.76067 ], [ -52.47875, -0.76129 ], [ -52.46555, -0.77006 ] ], [ [ -52.39128, -0.71028 ], [ -52.39101, -0.71018 ], [ -52.39954, -0.70866 ], [ -52.39128, -0.71028 ] ], [ [ -52.38166, -0.7066 ], [ -52.37421, -0.70062 ], [ -52.3902, -0.70987 ], [ -52.38166, -0.7066 ] ], [ [ -52.33688, -0.74885 ], [ -52.33496, -0.75012 ], [ -52.34235, -0.74191 ], [ -52.33688, -0.74885 ] ], [ [ -52.32881, -0.75417 ], [ -52.32259, -0.75363 ], [ -52.33207, -0.75202 ], [ -52.32881, -0.75417 ] ], [ [ -52.31648, -0.75755 ], [ -52.31915, -0.75421 ], [ -52.31952, -0.75415 ], [ -52.31648, -0.75755 ] ], [ [ -52.31352, -0.76588 ], [ -52.31267, -0.76232 ], [ -52.31333, -0.7615 ], [ -52.31352, -0.76588 ] ], [ [ -52.30232, -0.76776 ], [ -52.29758, -0.77648 ], [ -52.30119, -0.76795 ], [ -52.30232, -0.76776 ] ], [ [ -52.26697, -0.78715 ], [ -52.27458, -0.7831 ], [ -52.27592, -0.78306 ], [ -52.26697, -0.78715 ] ], [ [ -52.36651, -0.6671 ], [ -52.36599, -0.66513 ], [ -52.37121, -0.63359 ], [ -52.36651, -0.6671 ] ] ], [ [ [ -52.5156, -0.80884 ], [ -52.50133, -0.80484 ], [ -52.49458, -0.8084 ], [ -52.49748, -0.81546 ], [ -52.51188, -0.81461 ], [ -52.5156, -0.80884 ] ] ] ] } },
{ "type": "Feature", "properties": { "cluster": 45.0, "hvi": 0.1054, "population": 233, "setores": 1, "municipio": "Laranjal do Jari" }, "geometry": { "type": "Polygon", "coordinates": [ [ [ -52.58709, -0.5604 ], [ -52.57947, -0.55909 ], [ -52.5771, -0.56996 ], [ -52.58414, -0.57171 ], [ -52.58709, -0.5604 ] ] ] } },
{ "type": "Feature", "properties": { "cluster": 46.0, "hvi": 0.1042, "population": 2947, "setores": 36, "municipio": "Laranjal do Jari" }, "geometry": { "type": "MultiPolygon", "coordinates": [ [ [ [ -52.44432, -0.83417 ], [ -52.45552, -0.83027 ], [ -52.39712, -0.80665 ], [ -52.38371, -0.81033 ], [ -52.3705, -0.79761 ], [ -52.36024, -0.79795 ], [ -52.35193, -0.80196 ], [ -52.3431, -0.79791 ], [ -52.3261, -0.79697 ], [ -52.32109, -0.79927 ], [ -52.28252, -0.79823 ], [ -52.27884, -0.79911 ], [ -52.24751, -0.81265 ], [ -52.2388, -0.8131 ], [ -52.06519, -0.60997 ], [ -52.05875, -0.61294 ], [ -52.04844, -0.6045 ], [ -52.05693, -0.57919 ], [ -52.05557, -0.57623 ], [ -52.06329, -0.57216 ], [ -52.06548, -0.56378 ], [ -52.08233, -0.56593 ], [ -52.08866, -0.56198 ], [ -52.08705, -0.55468 ], [ -52.07544, -0.54859 ], [ -52.07741, -0.53757 ], [ -52.07268, -0.5293 ], [ -52.07414, -0.52532 ], [ -52.08192, -0.52758 ], [ -52.08178, -0.52362 ], [ -52.07493, -0.5203 ], [ -52.0854, -0.51304 ], [ -52.07842, -0.51175 ], [ -52.07566, -0.50517 ], [ -52.07774, -0.49633 ], [ -52.07246, -0.49673 ], [ -52.06565, -0.48964 ], [ -52.06167, -0.47621 ], [ -51.77833, -0.60328 ], [ -51.93798, -0.8703 ], [ -51.94351, -0.86562 ], [ -51.93894, -0.86968 ], [ -51.94073, -0.87067 ], [ -51.93757, -0.8722 ], [ -51.94285, -0.87316 ], [ -51.95528, -0.91678 ], [ -51.9514, -0.93984 ], [ -51.9445, -0.9436 ], [ -51.94816, -0.9539 ], [ -51.95726, -0.96357 ], [ -51.95296, -0.97462 ], [ -51.95576, -0.98926 ], [ -51.9757, -1.01151 ], [ -51.99393, -1.02212 ], [ -52.00835, -1.04758 ], [ -52.01801, -1.0515 ], [ -52.026, -1.0609 ], [ -52.03636, -1.06441 ], [ -52.04722, -1.05755 ], [ -52.05932, -1.06535 ], [ -52.06678, -1.06353 ], [ -52.07431, -1.05537 ], [ -52.08581, -1.05568 ], [ -52.10479, -0.97732 ], [ -52.12081, -0.9823 ], [ -52.12889, -0.98814 ], [ -52.16834, -0.98774 ], [ -52.19784, -0.97404 ], [ -52.2204, -0.95012 ], [ -52.21572, -0.95678 ], [ -52.34697, -1.08424 ], [ -52.35203, -1.06977 ], [ -52.36252, -1.06029 ], [ -52.38312, -1.05399 ], [ -52.40018, -1.04363 ], [ -52.42007, -1.0527 ], [ -52.42474, -1.05261 ], [ -52.42832, -1.04812 ], [ -52.42754, -1.0378 ], [ -52.41679, -1.02561 ], [ -52.41446, -1.00927 ], [ -52.41821, -0.99903 ], [ -52.41993, -0.96596 ], [ -52.43868, -0.94361 ], [ -52.42226, -0.92995 ], [ -52.41843, -0.93425 ], [ -52.41602, -0.93207 ], [ -52.41905, -0.92886 ], [ -52.41534, -0.92368 ], [ -52.40768, -0.92137 ], [ -52.40621, -0.92712 ], [ -52.40053, -0.93091 ], [ -52.39847, -0.92575 ], [ -52.40472, -0.91274 ], [ -52.4013, -0.88752 ], [ -52.40316, -0.87715 ], [ -52.41985, -0.8547 ], [ -52.43215, -0.84783 ], [ -52.44432, -0.83417 ] ], [ [ -52.05227, -0.64543 ], [ -52.04942, -0.64511 ], [ -52.05568, -0.64049 ], [ -52.05601, -0.64114 ], [ -52.05227, -0.64543 ] ], [ [ -52.04372, -0.64933 ], [ -52.04516, -0.64826 ], [ -52.04396, -0.6507 ], [ -52.04372, -0.64933 ] ], [ [ -52.01802, -0.68782 ], [ -52.02345, -0.68352 ], [ -52.02347, -0.68365 ], [ -52.01802, -0.68782 ] ], [ [ -51.99209, -0.68695 ], [ -52.00018, -0.68462 ], [ -51.99361, -0.68376 ], [ -52.01115, -0.68177 ], [ -51.99085, -0.68953 ], [ -51.99209, -0.68695 ] ], [ [ -51.98774, -0.68719 ], [ -51.98815, -0.68688 ], [ -51.99085, -0.68953 ], [ -51.98774, -0.68719 ] ], [ [ -51.98497, -0.68929 ], [ -51.98728, -0.68754 ], [ -51.98547, -0.6921 ], [ -51.98497, -0.68929 ] ], [ [ -51.98126, -0.69504 ], [ -51.98494, -0.69343 ], [ -51.98446, -0.69464 ], [ -51.98126, -0.69504 ] ], [ [ -51.98063, -0.69532 ], [ -51.98073, -0.69527 ], [ -51.98176, -0.70848 ], [ -51.98063, -0.69532 ] ], [ [ -51.97769, -0.71004 ], [ -51.97823, -0.70984 ], [ -51.97767, -0.71227 ], [ -51.97769, -0.71004 ] ], [ [ -51.97751, -0.72538 ], [ -51.97758, -0.71961 ], [ -51.97888, -0.72439 ], [ -51.97751, -0.72538 ] ], [ [ -51.97745, -0.72952 ], [ -51.97746, -0.72917 ], [ -51.97757, -0.72932 ], [ -51.97745, -0.72952 ] ], [ [ -51.97502, -0.73321 ], [ -51.97647, -0.73116 ], [ -51.97527, -0.73317 ], [ -51.97502, -0.73321 ] ], [ [ -51.97063, -0.73355 ], [ -51.97186, -0.73376 ], [ -51.97048, -0.734 ], [ -51.97063, -0.73355 ] ], [ [ -51.96886, -0.7468 ], [ -51.97244, -0.74115 ], [ -51.97004, -0.7463 ], [ -51.96886, -0.7468 ] ], [ [ -51.96893, -0.74778 ], [ -51.96978, -0.74685 ], [ -51.96927, -0.74795 ], [ -51.96893, -0.74778 ] ], [ [ -51.95525, -0.74661 ], [ -51.96211, -0.74456 ], [ -51.95514, -0.74678 ], [ -51.95525, -0.74661 ] ], [ [ -51.94893, -0.75359 ], [ -51.94834, -0.75173 ], [ -51.95016, -0.7545 ], [ -51.9437, -0.75355 ], [ -51.94893, -0.75359 ] ], [ [ -51.94042, -0.75663 ], [ -51.94586, -0.75012 ], [ -51.9437, -0.75355 ], [ -51.94042, -0.75663 ] ], [ [ -51.94642, -0.78923 ], [ -51.94118, -0.78715 ], [ -51.94669, -0.78862 ], [ -51.94642, -0.78923 ] ], [ [ -51.93909, -0.81011 ], [ -51.93866, -0.80455 ], [ -51.9394, -0.81055 ], [ -51.93909, -0.81011 ] ], [ [ -51.95776, -0.84186 ], [ -51.95755, -0.84133 ], [ -51.95796, -0.84148 ], [ -51.95776, -0.84186 ] ], [ [ -52.23232, -0.81937 ], [ -52.23385, -0.81409 ], [ -52.23501, -0.81396 ], [ -52.23232, -0.81937 ] ], [ [ -52.20991, -0.82891 ], [ -52.21139, -0.82837 ], [ -52.21152, -0.8284 ], [ -52.20991, -0.82891 ] ], [ [ -52.18088, -0.84597 ], [ -52.18937, -0.83649 ], [ -52.18972, -0.83636 ], [ -52.18088, -0.84597 ] ], [ [ -52.13538, -0.9138 ], [ -52.13484, -0.91389 ], [ -52.16409, -0.88704 ], [ -52.13538, -0.9138 ] ], [ [ -52.13285, -0.9142 ], [ -52.13227, -0.91405 ], [ -52.1329, -0.9142 ], [ -52.13285, -0.9142 ] ], [ [ -52.11216, -0.91447 ], [ -52.12293, -0.91187 ], [ -52.12351, -0.91201 ], [ -52.11216, -0.91447 ] ], [ [ -52.07167, -0.91849 ], [ -52.06867, -0.91867 ], [ -52.08346, -0.9089 ], [ -52.07167, -0.91849 ] ], [ [ -52.06437, -0.92151 ], [ -52.0653, -0.92236 ], [ -52.06329, -0.92222 ], [ -52.06437, -0.92151 ] ], [ [ -52.06269, -0.92598 ], [ -52.05862, -0.92099 ], [ -52.06198, -0.9224 ], [ -52.06269, -0.92598 ] ], [ [ -52.0575, -0.91962 ], [ -52.05772, -0.91853 ], [ -52.05776, -0.91994 ], [ -52.0575, -0.91962 ] ], [ [ -52.05375, -0.90741 ], [ -52.05749, -0.91013 ], [ -52.0575, -0.91046 ], [ -52.05375, -0.90741 ] ], [ [ -52.03205, -0.90131 ], [ -52.04852, -0.9036 ], [ -52.0492, -0.90409 ], [ -52.03205, -0.90131 ] ], [ [ -52.02398, -0.88966 ], [ -52.02468, -0.88973 ], [ -52.03205, -0.90131 ], [ -52.02398, -0.88966 ] ], [ [ -52.00038, -0.88676 ], [ -51.99794, -0.88236 ], [ -52.0062, -0.88886 ], [ -52.00038, -0.88676 ] ], [ [ -51.96145, -0.86433 ], [ -51.96084, -0.86486 ], [ -51.95452, -0.86035 ], [ -51.96145, -0.86433 ] ], [ [ -51.95539, -0.86965 ], [ -51.94488, -0.86994 ], [ -51.95739, -0.86789 ], [ -51.95539, -0.86965 ] ], [ [ -52.31062, -0.90165 ], [ -52.29841, -0.89789 ], [ -52.29971, -0.89712 ], [ -52.31062, -0.90165 ] ], [ [ -51.94622, -0.74969 ], [ -51.94665, -0.74917 ], [ -51.94694, -0.74962 ], [ -51.94622, -0.74969 ] ] ], [ [ [ -52.05553, -0.60861 ], [ -52.05907, -0.61271 ], [ -52.06519, -0.60997 ], [ -52.06296, -0.60527 ], [ -52.05553, -0.60861 ] ] ], [ [ [ -52.3274, -0.59513 ], [ -52.34684, -0.6014 ], [ -52.35497, -0.60036 ], [ -52.36372, -0.60608 ], [ -52.41429, -0.43241 ], [ -52.40096, -0.42892 ], [ -52.41642, -0.4318 ], [ -52.51031, -0.64902 ], [ -52.51318, -0.61965 ], [ -52.51746, -0.61308 ], [ -52.52318, -0.58907 ], [ -52.53229, -0.57636 ], [ -52.53998, -0.57311 ], [ -52.57633, -0.57641 ], [ -52.59304, -0.5817 ], [ -52.61299, -0.59489 ], [ -52.62919, -0.59385 ], [ -52.64001, -0.58491 ], [ -52.66776, -0.54414 ], [ -52.66985, -0.5382 ], [ -52.66729, -0.52511 ], [ -52.68218, -0.51627 ], [ -52.68664, -0.50982 ], [ -52.52296, -0.33696 ], [ -52.48905, -0.33692 ], [ -52.48896, -0.33057 ], [ -52.29021, -0.33079 ], [ -52.28868, -0.35967 ], [ -52.28955, -0.24891 ], [ -52.33585, -0.19766 ], [ -52.33811, -0.17069 ], [ -52.34797, -0.15607 ], [ -52.35249, -0.14276 ], [ -52.3728, -0.13709 ], [ -52.3933, -0.12447 ], [ -52.40801, -0.12183 ], [ -52.41314, -0.11598 ], [ -52.43624, -0.10772 ], [ -52.4723, -0.1069 ], [ -52.49894, -0.11453 ], [ -52.53182, -0.14862 ], [ -52.53807, -0.14102 ], [ -52.54615, -0.1428 ], [ -52.54823, -0.14013 ], [ -52.55114, -0.14458 ], [ -52.55477, -0.14268 ], [ -52.55203, -0.13513 ], [ -52.55575, -0.1343 ], [ -52.55388, -0.12206 ], [ -52.55869, -0.11933 ], [ -52.55881, -0.11594 ], [ -52.54954, -0.11244 ], [ -52.55019, -0.10887 ], [ -52.54734, -0.11291 ], [ -52.54424, -0.11216 ], [ -52.55827, -0.09572 ], [ -52.5538, -0.09685 ], [ -52.55174, -0.09146 ], [ -52.54451, -0.0966 ], [ -52.53997, -0.08778 ], [ -52.53688, -0.09063 ], [ -52.53344, -0.08671 ], [ -52.53367, -0.08207 ], [ -52.52939, -0.07756 ], [ -52.53201, -0.07043 ], [ -52.52795, -0.06864 ], [ -52.53519, -0.06427 ], [ -52.52811, -0.04972 ], [ -52.53058, -0.04072 ], [ -52.52547, -0.04143 ], [ -52.52254, -0.03744 ], [ -52.52799, -0.0343 ], [ -52.52538, -0.03294 ], [ -52.52901, -0.02503 ], [ -52.52785, -0.02028 ], [ -52.52215, -0.01564 ], [ -52.50575, -0.01505 ], [ -52.50895, -0.00613 ], [ -52.50658, -0.00411 ], [ -52.508, 0.00207 ], [ -52.51632, 0.00641 ], [ -52.51335, 0.00682 ], [ -52.51183, 0.01352 ], [ -52.50705, 0.01419 ], [ -52.5067, 0.02655 ], [ -52.51074, 0.02655 ], [ -52.51799, 0.03356 ], [ -52.51157, 0.04152 ], [ -52.50527, 0.04104 ], [ -52.51207, 0.04897 ], [ -52.51886, 0.05028 ], [ -52.51293, 0.0576 ], [ -52.51766, 0.06161 ], [ -52.51685, 0.06451 ], [ -52.5062, 0.07169 ], [ -52.50496, 0.07697 ], [ -52.50587, 0.08476 ], [ -52.5129, 0.09104 ], [ -52.50744, 0.09517 ], [ -52.51038, 0.09969 ], [ -52.50805, 0.1071 ], [ -52.50343, 0.10958 ], [ -52.50807, 0.1187 ], [ -52.50785, 0.12863 ], [ -52.5126, 0.1329 ], [ -52.50024, 0.13975 ], [ -52.49733, 0.152 ], [ -52.50091, 0.16726 ], [ -52.49654, 0.17002 ], [ -52.4972, 0.17463 ], [ -52.49264, 0.17619 ], [ -52.49093, 0.18299 ], [ -52.4904, 0.18974 ], [ -52.50333, 0.21389 ], [ -52.48712, 0.21275 ], [ -52.49078, 0.21717 ], [ -52.48922, 0.22264 ], [ -52.503, 0.23029 ], [ -52.49749, 0.24027 ], [ -52.50091, 0.24446 ], [ -52.49487, 0.25197 ], [ -52.49012, 0.24878 ], [ -52.48836, 0.25339 ], [ -52.49269, 0.2601 ], [ -52.48499, 0.26447 ], [ -52.48608, 0.26955 ], [ -52.48922, 0.26875 ], [ -52.49487, 0.27355 ], [ -52.49506, 0.28757 ], [ -52.50638, 0.30145 ], [ -52.50823, 0.30929 ], [ -52.51298, 0.30991 ], [ -52.5156, 0.31866 ], [ -52.52106, 0.32189 ], [ -52.52002, 0.32451 ], [ -52.52991, 0.33406 ], [ -52.53014, 0.3382 ], [ -52.53385, 0.33506 ], [ -52.53656, 0.34973 ], [ -52.5397, 0.34849 ], [ -52.54008, 0.35344 ], [ -52.54265, 0.35192 ], [ -52.54735, 0.35805 ], [ -52.5551, 0.35767 ], [ -52.55738, 0.36475 ], [ -52.56328, 0.36889 ], [ -52.55933, 0.38101 ], [ -52.56632, 0.37868 ], [ -52.57331, 0.38372 ], [ -52.57535, 0.39284 ], [ -52.57217, 0.40073 ], [ -52.57383, 0.40591 ], [ -52.57036, 0.40915 ], [ -52.57188, 0.41556 ], [ -52.5782, 0.42041 ], [ -52.57587, 0.42298 ], [ -52.58358, 0.43657 ], [ -52.58224, 0.43976 ], [ -52.58762, 0.43681 ], [ -52.59456, 0.44489 ], [ -52.59227, 0.44765 ], [ -52.59598, 0.45953 ], [ -52.59237, 0.46029 ], [ -52.59974, 0.46324 ], [ -52.60007, 0.46795 ], [ -52.60449, 0.47032 ], [ -52.60197, 0.47322 ], [ -52.609, 0.48053 ], [ -52.61123, 0.49494 ], [ -52.61727, 0.49802 ], [ -52.62421, 0.49845 ], [ -52.63058, 0.49446 ], [ -52.63272, 0.49627 ], [ -52.6331, 0.50306 ], [ -52.63847, 0.50858 ], [ -52.63219, 0.51932 ], [ -52.63371, 0.52426 ], [ -52.64451, 0.52712 ], [ -52.64798, 0.53239 ], [ -52.65316, 0.53315 ], [ -52.6543, 0.5389 ], [ -52.66205, 0.54233 ], [ -52.66243, 0.55397 ], [ -52.67079, 0.5601 ], [ -52.67027, 0.56752 ], [ -52.67317, 0.57075 ], [ -52.67507, 0.5688 ], [ -52.67654, 0.58073 ], [ -52.68068, 0.58121 ], [ -52.68035, 0.59209 ], [ -52.6851, 0.59433 ], [ -52.68643, 0.60132 ], [ -52.68291, 0.60902 ], [ -52.68615, 0.61177 ], [ -52.68291, 0.61572 ], [ -52.69285, 0.64005 ], [ -52.68724, 0.65546 ], [ -52.68379, 0.70342 ], [ -52.67623, 0.7199 ], [ -52.67605, 0.73752 ], [ -52.64941, 0.75373 ], [ -52.64785, 0.76149 ], [ -52.65008, 0.7649 ], [ -52.64004, 0.77069 ], [ -52.64101, 0.77524 ], [ -52.63444, 0.77571 ], [ -52.61875, 0.75953 ], [ -52.61486, 0.74046 ], [ -52.61016, 0.73817 ], [ -52.58384, 0.74173 ], [ -52.57732, 0.73818 ], [ -52.56887, 0.72495 ], [ -52.54655, 0.72092 ], [ -52.53303, 0.69738 ], [ -52.52403, 0.69272 ], [ -52.5194, 0.6832 ], [ -52.50588, 0.67806 ], [ -52.501, 0.67227 ], [ -52.49811, 0.65968 ], [ -52.50712, 0.65075 ], [ -52.50666, 0.64795 ], [ -52.5035, 0.64216 ], [ -52.49037, 0.63891 ], [ -52.48162, 0.63185 ], [ -52.48079, 0.61638 ], [ -52.47018, 0.60399 ], [ -52.46744, 0.59287 ], [ -52.47092, 0.585 ], [ -52.47022, 0.57451 ], [ -52.48026, 0.52056 ], [ -52.48966, 0.49886 ], [ -52.39722, 0.49143 ], [ -52.39174, 0.484 ], [ -52.38411, 0.48463 ], [ -52.38681, 0.46795 ], [ -52.37871, 0.45867 ], [ -52.37679, 0.45144 ], [ -52.36512, 0.4488 ], [ -52.35165, 0.43867 ], [ -52.34902, 0.43227 ], [ -52.33716, 0.43947 ], [ -52.33822, 0.42241 ], [ -52.34557, 0.4169 ], [ -52.34753, 0.40921 ], [ -52.33863, 0.40161 ], [ -52.33696, 0.38406 ], [ -52.32899, 0.38138 ], [ -52.32409, 0.38613 ], [ -52.31986, 0.37916 ], [ -52.31554, 0.37828 ], [ -52.30066, 0.38867 ], [ -52.29684, 0.39681 ], [ -52.28079, 0.368 ], [ -52.27304, 0.37057 ], [ -52.24246, 0.36381 ], [ -52.23555, 0.36553 ], [ -52.23462, 0.36911 ], [ -52.23473, 0.38291 ], [ -52.23836, 0.39129 ], [ -52.23408, 0.40227 ], [ -52.22403, 0.418 ], [ -52.20193, 0.44218 ], [ -52.20037, 0.45771 ], [ -52.19117, 0.46361 ], [ -52.16448, 0.46875 ], [ -52.15346, 0.47581 ], [ -52.14392, 0.48767 ], [ -52.11605, 0.49605 ], [ -52.11421, 0.50259 ], [ -52.10524, 0.50853 ], [ -52.09773, 0.50531 ], [ -52.09003, 0.50615 ], [ -52.07332, 0.4941 ], [ -52.05734, 0.49005 ], [ -52.04914, 0.48218 ], [ -52.03827, 0.47763 ], [ -52.03219, 0.4697 ], [ -52.02538, 0.47139 ], [ -52.02005, 0.47847 ], [ -52.01629, 0.47935 ], [ -52.01278, 0.4749 ], [ -52.0107, 0.4791 ], [ -52.00951, 0.47561 ], [ -52.00815, 0.47769 ], [ -51.99287, 0.47228 ], [ -51.98907, 0.46705 ], [ -51.98961, 0.46937 ], [ -51.97808, 0.46747 ], [ -51.97239, 0.46161 ], [ -51.95473, 0.45885 ], [ -51.95217, 0.45647 ], [ -51.95547, 0.45223 ], [ -51.95209, 0.44666 ], [ -51.9427, 0.44667 ], [ -51.94154, 0.45137 ], [ -51.93508, 0.45023 ], [ -51.93188, 0.44525 ], [ -51.91869, 0.44743 ], [ -51.91037, 0.44447 ], [ -51.90805, 0.44863 ], [ -51.89944, 0.44085 ], [ -51.89453, 0.44142 ], [ -51.88717, 0.44844 ], [ -51.88595, 0.44444 ], [ -51.87549, 0.44412 ], [ -51.87258, 0.43877 ], [ -51.85579, 0.43229 ], [ -51.85422, 0.43963 ], [ -51.83901, 0.43627 ], [ -51.83226, 0.44014 ], [ -51.83408, 0.44534 ], [ -51.8265, 0.44406 ], [ -51.82715, 0.44673 ], [ -51.81646, 0.45045 ], [ -51.81286, 0.44869 ], [ -51.80945, 0.45226 ], [ -51.80942, 0.44661 ], [ -51.80377, 0.45051 ], [ -51.79896, 0.44543 ], [ -51.79129, 0.44756 ], [ -51.79278, 0.44317 ], [ -51.78805, 0.43381 ], [ -51.78042, 0.42909 ], [ -51.78024, 0.42243 ], [ -51.77471, 0.4232 ], [ -51.7636, 0.41512 ], [ -51.76017, 0.40634 ], [ -51.74423, 0.40787 ], [ -51.73828, 0.40079 ], [ -51.73324, 0.40045 ], [ -51.72635, 0.40734 ], [ -51.71726, 0.40971 ], [ -51.70856, 0.39923 ], [ -51.69687, 0.3973 ], [ -51.68909, 0.3831 ], [ -51.69458, 0.37891 ], [ -51.69029, 0.37326 ], [ -51.69323, 0.36931 ], [ -51.68659, 0.35279 ], [ -51.68071, 0.34923 ], [ -51.69061, 0.33491 ], [ -51.69836, 0.33562 ], [ -51.68942, 0.3304 ], [ -51.69031, 0.32614 ], [ -51.69438, 0.32593 ], [ -51.69714, 0.266 ], [ -51.77439, 0.21186 ], [ -51.7585, 0.18077 ], [ -51.76214, 0.18144 ], [ -51.74851, 0.17489 ], [ -51.73857, 0.16503 ], [ -51.73581, 0.15067 ], [ -51.71471, 0.11129 ], [ -51.67374, 0.04986 ], [ -51.66107, 0.02182 ], [ -51.65441, 0.01359 ], [ -51.64286, 0.00722 ], [ -51.67174, -0.00833 ], [ -51.67079, -0.00941 ], [ -51.67988, -0.01231 ], [ -51.69433, -0.01854 ], [ -51.70204, -0.0324 ], [ -51.71408, -0.07138 ], [ -51.7237, -0.07924 ], [ -51.7418, -0.10436 ], [ -51.75369, -0.13548 ], [ -51.73648, -0.16702 ], [ -51.73601, -0.17478 ], [ -51.74037, -0.17488 ], [ -51.74014, -0.18517 ], [ -51.7384, -0.18602 ], [ -51.73036, -0.18312 ], [ -51.72076, -0.18816 ], [ -51.70798, -0.18994 ], [ -51.70572, -0.18756 ], [ -51.70786, -0.18192 ], [ -51.70323, -0.18233 ], [ -51.70073, -0.17912 ], [ -51.70168, -0.17075 ], [ -51.69432, -0.16659 ], [ -51.68499, -0.17324 ], [ -51.68308, -0.17104 ], [ -51.66894, -0.17544 ], [ -51.66365, -0.18584 ], [ -51.65854, -0.18251 ], [ -51.65266, -0.18554 ], [ -51.6526, -0.18227 ], [ -51.64868, -0.18186 ], [ -51.63858, -0.18911 ], [ -51.63579, -0.19665 ], [ -51.63787, -0.19852 ], [ -51.63062, -0.20676 ], [ -51.62765, -0.20378 ], [ -51.62182, -0.20432 ], [ -51.61594, -0.2086 ], [ -51.61315, -0.22785 ], [ -51.60334, -0.23813 ], [ -51.60631, -0.2449 ], [ -51.59942, -0.25625 ], [ -51.60061, -0.26552 ], [ -51.60489, -0.27051 ], [ -51.6015, -0.29517 ], [ -51.59829, -0.29874 ], [ -51.59063, -0.29826 ], [ -51.59342, -0.30295 ], [ -51.59198, -0.32461 ], [ -51.75942, -0.44657 ], [ -51.75493, -0.42116 ], [ -51.75117, -0.41804 ], [ -51.75525, -0.41332 ], [ -51.76785, -0.40912 ], [ -51.78806, -0.40788 ], [ -51.81024, -0.38678 ], [ -51.81312, -0.39179 ], [ -51.81162, -0.40267 ], [ -51.82323, -0.40618 ], [ -51.84643, -0.38868 ], [ -51.85592, -0.38811 ], [ -51.87426, -0.37715 ], [ -51.8899, -0.35691 ], [ -51.88629, -0.33965 ], [ -51.91242, -0.33538 ], [ -51.91943, -0.27193 ], [ -51.90551, -0.39926 ], [ -52.06167, -0.47621 ], [ -52.06994, -0.4737 ], [ -52.07075, -0.4694 ], [ -52.06671, -0.46807 ], [ -52.06833, -0.45999 ], [ -52.0766, -0.45918 ], [ -52.07767, -0.44803 ], [ -52.07798, -0.45627 ], [ -52.09098, -0.45312 ], [ -52.12498, -0.45702 ], [ -52.14421, -0.46766 ], [ -52.15154, -0.48672 ], [ -52.18198, -0.51942 ], [ -52.18237, -0.534 ], [ -52.17534, -0.54585 ], [ -52.17157, -0.54597 ], [ -52.17132, -0.55107 ], [ -52.16733, -0.55459 ], [ -52.17471, -0.55821 ], [ -52.17656, -0.55407 ], [ -52.18985, -0.55179 ], [ -52.1898, -0.54894 ], [ -52.20113, -0.54964 ], [ -52.21412, -0.56099 ], [ -52.23191, -0.56385 ], [ -52.24265, -0.5586 ], [ -52.26077, -0.57034 ], [ -52.26654, -0.58125 ], [ -52.27645, -0.58424 ], [ -52.28795, -0.58396 ], [ -52.28985, -0.57637 ], [ -52.28866, -0.58227 ], [ -52.30137, -0.58229 ], [ -52.31504, -0.59499 ], [ -52.3274, -0.59513 ] ], [ [ -52.5049, 0.49843 ], [ -52.4807, 0.49606 ], [ -52.48966, 0.49886 ], [ -52.5049, 0.49843 ] ], [ [ -52.50399, 0.49285 ], [ -52.50227, 0.49066 ], [ -52.5049, 0.49843 ], [ -52.50399, 0.49285 ] ], [ [ -51.93363, 0.17714 ], [ -51.8919, 0.17857 ], [ -51.90351, 0.17985 ], [ -51.93363, 0.17714 ] ], [ [ -52.23799, 0.19831 ], [ -52.21349, 0.20263 ], [ -52.2355, 0.2001 ], [ -52.23799, 0.19831 ] ], [ [ -52.25329, 0.17567 ], [ -52.24067, 0.19639 ], [ -52.24232, 0.19521 ], [ -52.25329, 0.17567 ] ], [ [ -52.2733, 0.15695 ], [ -52.2641, 0.16916 ], [ -52.26545, 0.16835 ], [ -52.2733, 0.15695 ] ], [ [ -52.12273, 0.20308 ], [ -52.12414, 0.20349 ], [ -52.12054, 0.20077 ], [ -52.12273, 0.20308 ] ], [ [ -52.08879, 0.17445 ], [ -52.08989, 0.17506 ], [ -52.08768, 0.17235 ], [ -52.08879, 0.17445 ] ], [ [ -52.07861, 0.16563 ], [ -52.08339, 0.16706 ], [ -52.08222, 0.16563 ], [ -52.07861, 0.16563 ] ], [ [ -52.08675, -0.36185 ], [ -52.08308, -0.34976 ], [ -52.08199, -0.349 ], [ -52.08126, -0.3367 ], [ -52.08675, -0.36185 ] ], [ [ -52.08468, -0.38669 ], [ -52.08695, -0.38246 ], [ -52.09821, -0.36812 ], [ -52.08468, -0.38669 ] ], [ [ -52.12382, -0.35289 ], [ -52.12754, -0.35229 ], [ -52.09821, -0.36812 ], [ -52.12382, -0.35289 ] ], [ [ -52.18041, -0.55011 ], [ -52.177, -0.55309 ], [ -52.18031, -0.54568 ], [ -52.18041, -0.55011 ] ], [ [ -52.2701, -0.25443 ], [ -52.26497, -0.2568 ], [ -52.2404, -0.25878 ], [ -52.2701, -0.25443 ] ], [ [ -52.19763, -0.25679 ], [ -52.22068, -0.25591 ], [ -52.2326, -0.25842 ], [ -52.19763, -0.25679 ] ], [ [ -52.2639, -0.35697 ], [ -52.26482, -0.36145 ], [ -52.26474, -0.36236 ], [ -52.2639, -0.35697 ] ], [ [ -52.27165, -0.38327 ], [ -52.26652, -0.37379 ], [ -52.2734, -0.38546 ], [ -52.27165, -0.38327 ] ], [ [ -52.5771, -0.56996 ], [ -52.57947, -0.55909 ], [ -52.58709, -0.5604 ], [ -52.58414, -0.57171 ], [ -52.5771, -0.56996 ] ], [ [ -52.35565, 0.18002 ], [ -52.33987, 0.17482 ], [ -52.35491, 0.18007 ], [ -52.35986, 0.18339 ], [ -52.35565, 0.18002 ] ], [ [ -52.25911, 0.10002 ], [ -52.25398, 0.09817 ], [ -52.24673, 0.10018 ], [ -52.25911, 0.10002 ] ], [ [ -52.24366, 0.10022 ], [ -52.24122, 0.09853 ], [ -52.24293, 0.10023 ], [ -52.24366, 0.10022 ] ], [ [ -52.2339, 0.09121 ], [ -52.21952, 0.07089 ], [ -52.22852, 0.08583 ], [ -52.2339, 0.09121 ] ], [ [ -52.21851, 0.0692 ], [ -52.21597, 0.04661 ], [ -52.21783, 0.06808 ], [ -52.21851, 0.0692 ] ], [ [ -52.16326, -0.0802 ], [ -52.16343, -0.08037 ], [ -52.16172, -0.08536 ], [ -52.16326, -0.0802 ] ], [ [ -52.15737, -0.09809 ], [ -52.15695, -0.09932 ], [ -52.14923, -0.10521 ], [ -52.15737, -0.09809 ] ], [ [ -52.11993, -0.15114 ], [ -52.11662, -0.15044 ], [ -52.11726, -0.14995 ], [ -52.11993, -0.15114 ] ], [ [ -52.11628, -0.15071 ], [ -52.11093, -0.15642 ], [ -52.11066, -0.15506 ], [ -52.11628, -0.15071 ] ], [ [ -52.10969, -0.15775 ], [ -52.10864, -0.15886 ], [ -52.09979, -0.15785 ], [ -52.10969, -0.15775 ] ], [ [ -52.0988, -0.16233 ], [ -52.09876, -0.1625 ], [ -52.09857, -0.16237 ], [ -52.0988, -0.16233 ] ], [ [ -52.09174, -0.15951 ], [ -52.0886, -0.16071 ], [ -52.09115, -0.15911 ], [ -52.09174, -0.15951 ] ], [ [ -52.02983, -0.17688 ], [ -52.02104, -0.1698 ], [ -52.02112, -0.16958 ], [ -52.02983, -0.17688 ] ], [ [ -51.86158, -0.10069 ], [ -51.87329, -0.10836 ], [ -51.87288, -0.10885 ], [ -51.86158, -0.10069 ] ], [ [ -51.87207, -0.10984 ], [ -51.87061, -0.11162 ], [ -51.86709, -0.11239 ], [ -51.87207, -0.10984 ] ], [ [ -51.86584, -0.11267 ], [ -51.86544, -0.11275 ], [ -51.85831, -0.10788 ], [ -51.86584, -0.11267 ] ], [ [ -51.85253, -0.11712 ], [ -51.85225, -0.11757 ], [ -51.84794, -0.11748 ], [ -51.85253, -0.11712 ] ], [ [ -51.84674, -0.11746 ], [ -51.84625, -0.11745 ], [ -51.8412, -0.11162 ], [ -51.84674, -0.11746 ] ], [ [ -51.75879, -0.1799 ], [ -51.75873, -0.18019 ], [ -51.75261, -0.17907 ], [ -51.75879, -0.1799 ] ], [ [ -52.43455, 0.42818 ], [ -52.42723, 0.39292 ], [ -52.4269, 0.39716 ], [ -52.43455, 0.42818 ] ], [ [ -52.3662, 0.19488 ], [ -52.36826, 0.19011 ], [ -52.36758, 0.18957 ], [ -52.3662, 0.19488 ] ], [ [ -52.34989, 0.22974 ], [ -52.35101, 0.23538 ], [ -52.35018, 0.22233 ], [ -52.34989, 0.22974 ] ], [ [ -52.35223, 0.24157 ], [ -52.35982, 0.24703 ], [ -52.35192, 0.23997 ], [ -52.35223, 0.24157 ] ], [ [ -52.36845, 0.33519 ], [ -52.36915, 0.33528 ], [ -52.36881, 0.33409 ], [ -52.36845, 0.33519 ] ], [ [ -52.38005, 0.33798 ], [ -52.38026, 0.33725 ], [ -52.37987, 0.33721 ], [ -52.38005, 0.33798 ] ], [ [ -52.4157, 0.44425 ], [ -52.41615, 0.44449 ], [ -52.41045, 0.41788 ], [ -52.4157, 0.44425 ] ], [ [ -51.81414, -0.29364 ], [ -51.80404, -0.29 ], [ -51.80437, -0.28918 ], [ -51.81414, -0.29364 ] ] ], [ [ [ -51.60728, -0.22921 ], [ -51.61125, -0.22886 ], [ -51.61046, -0.22736 ], [ -51.60728, -0.22921 ] ] ], [ [ [ -51.64658, 0.28495 ], [ -51.63989, 0.27504 ], [ -51.62877, 0.26677 ], [ -51.62539, 0.26791 ], [ -51.62712, 0.27228 ], [ -51.6246, 0.2721 ], [ -51.6105, 0.25421 ], [ -51.61316, 0.25177 ], [ -51.60887, 0.2453 ], [ -51.59384, 0.23888 ], [ -51.59076, 0.24294 ], [ -51.58754, 0.23603 ], [ -51.57411, 0.2289 ], [ -51.57225, 0.2243 ], [ -51.57555, 0.22299 ], [ -51.57675, 0.21652 ], [ -51.56932, 0.21719 ], [ -51.57129, 0.2125 ], [ -51.56708, 0.20186 ], [ -51.56772, 0.19926 ], [ -51.57215, 0.2014 ], [ -51.57598, 0.19384 ], [ -51.57152, 0.18778 ], [ -51.57075, 0.16536 ], [ -51.5765, 0.16544 ], [ -51.5961, 0.1879 ], [ -51.60117, 0.20003 ], [ -51.614, 0.21147 ], [ -51.62741, 0.21504 ], [ -51.6457, 0.23486 ], [ -51.65375, 0.23247 ], [ -51.6576, 0.24056 ], [ -51.66659, 0.24245 ], [ -51.6663, 0.24712 ], [ -51.67297, 0.24477 ], [ -51.6899, 0.25304 ], [ -51.69714, 0.266 ], [ -51.69384, 0.3197 ], [ -51.69028, 0.31545 ], [ -51.68624, 0.31631 ], [ -51.67314, 0.30156 ], [ -51.67275, 0.29504 ], [ -51.65409, 0.28553 ], [ -51.64658, 0.28495 ] ] ] ] } },
{ "type": "Feature", "properties": { "cluster": 47.0, "hvi": 0.1039, "population": 2702, "setores": 5, "municipio": "Macapá" }, "geometry": { "type": "MultiPolygon", "coordinates": [ [ [ [ -51.06003, 0.0374 ], [ -51.05833, 0.03378 ], [ -51.06028, 0.0339 ], [ -51.06003, 0.0374 ] ] ], [ [ [ -51.0581, 0.03726 ], [ -51.05324, 0.03523 ], [ -51.05823, 0.03559 ], [ -51.0581, 0.03726 ] ] ], [ [ [ -51.06619, 0.03867 ], [ -51.06823, 0.03882 ], [ -51.06805, 0.04141 ], [ -51.06186, 0.04095 ], [ -51.05787, 0.04067 ], [ -51.05804, 0.0381 ], [ -51.0621, 0.03754 ], [ -51.06234, 0.03404 ], [ -51.06646, 0.03431 ], [ -51.06619, 0.03867 ] ] ] ] } },
{ "type": "Feature", "properties": { "cluster": 48.0, "hvi": 0.0996, "population": 2827, "setores": 6, "municipio": "Macapá" }, "geometry": { "type": "MultiPolygon", "coordinates": [ [ [ [ -51.05678, 0.03031 ], [ -51.05669, 0.0318 ], [ -51.05953, 0.03242 ], [ -51.06251, 0.03145 ], [ -51.06241, 0.03304 ], [ -51.05657, 0.03365 ], [ -51.05349, 0.03157 ], [ -51.05678, 0.03031 ] ] ], [ [ [ -51.05833, 0.03378 ], [ -51.05823, 0.03559 ], [ -51.05336, 0.03345 ], [ -51.05833, 0.03378 ] ] ], [ [ [ -51.0621, 0.03754 ], [ -51.06028, 0.0339 ], [ -51.06234, 0.03404 ], [ -51.0621, 0.03754 ] ] ], [ [ [ -51.05787, 0.04067 ], [ -51.05288, 0.04033 ], [ -51.05313, 0.03691 ], [ -51.06003, 0.0374 ], [ -51.05787, 0.04067 ] ] ] ] } },
{ "type": "Feature", "properties": { "cluster": 49.0, "hvi": 0.0967, "population": 421, "setores": 1, "municipio": "Macapá" }, "geometry": { "type": "Polygon", "coordinates": [ [ [ -51.06251, 0.03145 ], [ -51.05678, 0.03031 ], [ -51.06262, 0.03 ], [ -51.06251, 0.03145 ] ] ] } },
{ "type": "Feature", "properties": { "cluster": 50.0, "hvi": 0.1054, "population": 2945, "setores": 5, "municipio": "Macapá" }, "geometry": { "type": "MultiPolygon", "coordinates": [ [ [ [ -51.07323, 0.02608 ], [ -51.07304, 0.02909 ], [ -51.07309, 0.02839 ], [ -51.07724, 0.02844 ], [ -51.07685, 0.03406 ], [ -51.07273, 0.03376 ], [ -51.07298, 0.02996 ], [ -51.07116, 0.02595 ], [ -51.07323, 0.02608 ] ] ], [ [ [ -51.07091, 0.02983 ], [ -51.07077, 0.032 ], [ -51.06679, 0.0295 ], [ -51.07091, 0.02983 ] ] ], [ [ [ -51.06646, 0.03431 ], [ -51.06234, 0.03404 ], [ -51.06258, 0.03072 ], [ -51.06669, 0.031 ], [ -51.06646, 0.03431 ] ] ], [ [ [ -51.06823, 0.03882 ], [ -51.06653, 0.03335 ], [ -51.06861, 0.0335 ], [ -51.06823, 0.03882 ] ] ] ] } },
{ "type": "Feature", "properties": { "cluster": 51.0, "hvi": 0.0991, "population": 2832, "setores": 6, "municipio": "Macapá" }, "geometry": { "type": "MultiPolygon", "coordinates": [ [ [ [ -51.07299, 0.02997 ], [ -51.07273, 0.03376 ], [ -51.07091, 0.02983 ], [ -51.07299, 0.02997 ] ] ], [ [ [ -51.07077, 0.032 ], [ -51.06653, 0.03335 ], [ -51.06664, 0.03173 ], [ -51.07077, 0.032 ] ] ], [ [ [ -51.07454, 0.03762 ], [ -51.07273, 0.03376 ], [ -51.07479, 0.03392 ], [ -51.07454, 0.03762 ] ] ], [ [ [ -51.07273, 0.03376 ], [ -51.07246, 0.03746 ], [ -51.07454, 0.03762 ], [ -51.07416, 0.04269 ], [ -51.07066, 0.03364 ], [ -51.07273, 0.03376 ] ] ], [ [ [ -51.07029, 0.03896 ], [ -51.06861, 0.0335 ], [ -51.07066, 0.03364 ], [ -51.07029, 0.03896 ] ] ] ] } },
{ "type": "Feature", "properties": { "cluster": 52.0, "hvi": 0.1003, "population": 1002, "setores": 2, "municipio": "Macapá" }, "geometry": { "type": "MultiPolygon", "coordinates": [ [ [ [ -51.06823, 0.03882 ], [ -51.07029, 0.03896 ], [ -51.0701, 0.04155 ], [ -51.06823, 0.03882 ] ] ], [ [ [ -51.07033, 0.03813 ], [ -51.07241, 0.03827 ], [ -51.07211, 0.04254 ], [ -51.07033, 0.03813 ] ] ] ] } },
{ "type": "Feature", "properties": { "cluster": 53.0, "hvi": 0.1181, "population": 2174, "setores": 3, "municipio": "Macapá" }, "geometry": { "type": "MultiPolygon", "coordinates": [ [ [ [ -51.05272, 0.04285 ], [ -51.05288, 0.04033 ], [ -51.0701, 0.04155 ], [ -51.06994, 0.04405 ], [ -51.05272, 0.04285 ] ] ], [ [ [ -51.06994, 0.04405 ], [ -51.06576, 0.04457 ], [ -51.06169, 0.04348 ], [ -51.06994, 0.04405 ] ] ] ] } },
{ "type": "Feature", "properties": { "cluster": 54.0, "hvi": 0.102, "population": 2934, "setores": 6, "municipio": "Macapá" }, "geometry": { "type": "MultiPolygon", "coordinates": [ [ [ [ -51.04754, 0.04862 ], [ -51.04742, 0.04663 ], [ -51.04803, 0.04717 ], [ -51.04732, 0.04604 ], [ -51.04995, 0.04627 ], [ -51.04754, 0.04862 ] ] ], [ [ [ -51.04849, 0.04871 ], [ -51.05014, 0.04883 ], [ -51.04851, 0.05006 ], [ -51.04849, 0.04871 ] ] ], [ [ [ -51.0508, 0.05143 ], [ -51.05044, 0.05104 ], [ -51.05098, 0.0489 ], [ -51.0508, 0.05143 ] ] ], [ [ [ -51.05002, 0.0501 ], [ -51.0485, 0.05095 ], [ -51.04851, 0.05006 ], [ -51.05002, 0.0501 ] ] ] ] } },
{ "type": "Feature", "properties": { "cluster": 55.0, "hvi": 0.1299, "population": 2240, "setores": 2, "municipio": "Macapá" }, "geometry": { "type": "MultiPolygon", "coordinates": [ [ [ [ -51.04612, 0.04596 ], [ -51.04598, 0.04862 ], [ -51.04725, 0.04862 ], [ -51.04586, 0.05111 ], [ -51.04593, 0.04964 ], [ -51.04284, 0.04848 ], [ -51.04612, 0.04596 ] ] ] ] } },
{ "type": "Feature", "properties": { "cluster": 56.0, "hvi": 0.1161, "population": 2348, "setores": 3, "municipio": "Macapá" }, "geometry": { "type": "MultiPolygon", "coordinates": [ [ [ [ -51.06341, 0.01851 ], [ -51.06548, 0.01866 ], [ -51.0652, 0.02247 ], [ -51.06341, 0.01851 ] ] ], [ [ [ -51.07334, 0.02453 ], [ -51.06716, 0.02415 ], [ -51.07344, 0.02302 ], [ -51.07334, 0.02453 ] ] ], [ [ [ -51.06723, 0.02261 ], [ -51.06689, 0.02802 ], [ -51.0652, 0.02247 ], [ -51.06723, 0.02261 ] ] ] ] } },
{ "type": "Feature", "properties": { "cluster": 57.0, "hvi": 0.1, "population": 2970, "setores": 6, "municipio": "Macapá" }, "geometry": { "type": "MultiPolygon", "coordinates": [ [ [ [ -51.0652, 0.02247 ], [ -51.06505, 0.02477 ], [ -51.06109, 0.02219 ], [ -51.0652, 0.02247 ] ] ], [ [ [ -51.06505, 0.02477 ], [ -51.06082, 0.02604 ], [ -51.06098, 0.02372 ], [ -51.06505, 0.02477 ] ] ], [ [ [ -51.05688, 0.02883 ], [ -51.05115, 0.02844 ], [ -51.05351, 0.02628 ], [ -51.05705, 0.02652 ], [ -51.05688, 0.02883 ] ] ], [ [ [ -51.06082, 0.02604 ], [ -51.06273, 0.02846 ], [ -51.06679, 0.0295 ], [ -51.06061, 0.02908 ], [ -51.06082, 0.02604 ] ] ], [ [ [ -51.06061, 0.02908 ], [ -51.05705, 0.02652 ], [ -51.06076, 0.02681 ], [ -51.06061, 0.02908 ] ] ], [ [ [ -51.05344, 0.03242 ], [ -51.04824, 0.03311 ], [ -51.04786, 0.02987 ], [ -51.05366, 0.02868 ], [ -51.05344, 0.03242 ] ] ] ] } },
{ "type": "Feature", "properties": { "cluster": 58.0, "hvi": 0.1099, "population": 2760, "setores": 4, "municipio": "Macapá" }, "geometry": { "type": "MultiPolygon", "coordinates": [ [ [ [ -51.06087, 0.01459 ], [ -51.06126, 0.01989 ], [ -51.05928, 0.01978 ], [ -51.05819, 0.01972 ], [ -51.05874, 0.01419 ], [ -51.06087, 0.01459 ] ] ], [ [ [ -51.05914, 0.02206 ], [ -51.06109, 0.02219 ], [ -51.06076, 0.02681 ], [ -51.05705, 0.02652 ], [ -51.05729, 0.02601 ], [ -51.05351, 0.02628 ], [ -51.0551, 0.02394 ], [ -51.05811, 0.02426 ], [ -51.05629, 0.02397 ], [ -51.05783, 0.01971 ], [ -51.05928, 0.01978 ], [ -51.05914, 0.02206 ] ] ] ] } },
{ "type": "Feature", "properties": { "cluster": 59.0, "hvi": 0.1192, "population": 1829, "setores": 2, "municipio": "Macapá" }, "geometry": { "type": "MultiPolygon", "coordinates": [ [ [ [ -51.05637, 0.01962 ], [ -51.05746, 0.01641 ], [ -51.05888, 0.01652 ], [ -51.05637, 0.01962 ] ] ], [ [ [ -51.05637, 0.01962 ], [ -51.05783, 0.01971 ], [ -51.0576, 0.02264 ], [ -51.0551, 0.02394 ], [ -51.05637, 0.01962 ] ] ] ] } },
{ "type": "Feature", "properties": { "cluster": 60.0, "hvi": 0.1132, "population": 2768, "setores": 4, "municipio": "Macapá" }, "geometry": { "type": "MultiPolygon", "coordinates": [ [ [ [ -51.06326, 0.00382 ], [ -51.06332, 0.00452 ], [ -51.06214, 0.00396 ], [ -51.06326, 0.00382 ] ] ], [ [ [ -51.05859, 0.00992 ], [ -51.0616, 0.01009 ], [ -51.06162, 0.01456 ], [ -51.05655, 0.01678 ], [ -51.0585, 0.01007 ], [ -51.05779, 0.01119 ], [ -51.05785, 0.00813 ], [ -51.06211, 0.0043 ], [ -51.05859, 0.00992 ] ] ], [ [ [ -51.06322, 0.00865 ], [ -51.06222, 0.00943 ], [ -51.06167, 0.00736 ], [ -51.06322, 0.00865 ] ] ] ] } },
{ "type": "Feature", "properties": { "cluster": 61.0, "hvi": 0.1087, "population": 2691, "setores": 4, "municipio": "Macapá" }, "geometry": { "type": "MultiPolygon", "coordinates": [ [ [ [ -51.06578, 0.01483 ], [ -51.06554, 0.01787 ], [ -51.06752, 0.01798 ], [ -51.06723, 0.02261 ], [ -51.06367, 0.01469 ], [ -51.06578, 0.01483 ] ] ], [ [ [ -51.06351, 0.01698 ], [ -51.06326, 0.02082 ], [ -51.05914, 0.02205 ], [ -51.05925, 0.02053 ], [ -51.06146, 0.01682 ], [ -51.06351, 0.01698 ] ] ] ] } },
{ "type": "Feature", "properties": { "cluster": 62.0, "hvi": 0.1344, "population": 2442, "setores": 2, "municipio": "Macapá" }, "geometry": { "type": "MultiPolygon", "coordinates": [ [ [ [ -51.06184, 0.01147 ], [ -51.06412, 0.00904 ], [ -51.06351, 0.01698 ], [ -51.06184, 0.01147 ] ] ], [ [ [ -51.06088, 0.0145 ], [ -51.06162, 0.01456 ], [ -51.0615, 0.01609 ], [ -51.06088, 0.0145 ] ] ] ] } },
{ "type": "Feature", "properties": { "cluster": 63.0, "hvi": 0.1002, "population": 2952, "setores": 6, "municipio": "Macapá" }, "geometry": { "type": "MultiPolygon", "coordinates": [ [ [ [ -51.06433, 0.00218 ], [ -51.06414, 0.00267 ], [ -51.06106, 0.00181 ], [ -51.06433, 0.00218 ] ] ], [ [ [ -51.06211, 0.0043 ], [ -51.05987, 0.0031 ], [ -51.06219, 0.00337 ], [ -51.06211, 0.0043 ] ] ], [ [ [ -51.06526, 0.00287 ], [ -51.06469, 0.00862 ], [ -51.06526, 0.0082 ], [ -51.06678, 0.01063 ], [ -51.06388, 0.01161 ], [ -51.06467, 0.00863 ], [ -51.06094, 0.0098 ], [ -51.06322, 0.00865 ], [ -51.06221, 0.00329 ], [ -51.06526, 0.00287 ] ] ], [ [ [ -51.06979, 0.00531 ], [ -51.06648, 0.01006 ], [ -51.06876, 0.00575 ], [ -51.06979, 0.00531 ] ] ], [ [ [ -51.06622, 0.01331 ], [ -51.0678, 0.01189 ], [ -51.06801, 0.01186 ], [ -51.06622, 0.01331 ] ] ] ] } },
{ "type": "Feature", "properties": { "cluster": 64.0, "hvi": 0.1062, "population": 2344, "setores": 4, "municipio": "Macapá" }, "geometry": { "type": "MultiPolygon", "coordinates": [ [ [ [ -51.06678, 0.01063 ], [ -51.06679, 0.01152 ], [ -51.06614, 0.01056 ], [ -51.06678, 0.01063 ] ] ], [ [ [ -51.06871, 0.01115 ], [ -51.06801, 0.01186 ], [ -51.06691, 0.0109 ], [ -51.06871, 0.01115 ] ] ], [ [ [ -51.06388, 0.01161 ], [ -51.06787, 0.0127 ], [ -51.06367, 0.01469 ], [ -51.06388, 0.01161 ] ] ], [ [ [ -51.07187, 0.01521 ], [ -51.07167, 0.01823 ], [ -51.06752, 0.01798 ], [ -51.06773, 0.01496 ], [ -51.07187, 0.01521 ] ] ] ] } },
{ "type": "Feature", "properties": { "cluster": 65.0, "hvi": 0.1121, "population": 2158, "setores": 3, "municipio": "Macapá" }, "geometry": { "type": "MultiPolygon", "coordinates": [ [ [ [ -51.06578, 0.01483 ], [ -51.06773, 0.01496 ], [ -51.06752, 0.01798 ], [ -51.06578, 0.01483 ] ] ], [ [ [ -51.06935, 0.02198 ], [ -51.06752, 0.01798 ], [ -51.07167, 0.01823 ], [ -51.07142, 0.0221 ], [ -51.06947, 0.02004 ], [ -51.06935, 0.02198 ] ] ] ] } },
{ "type": "Feature", "properties": { "cluster": 66.0, "hvi": 0.1245, "population": 2092, "setores": 3, "municipio": "Macapá" }, "geometry": { "type": "MultiPolygon", "coordinates": [ [ [ [ -51.06773, 0.01496 ], [ -51.06784, 0.01343 ], [ -51.07197, 0.01363 ], [ -51.07397, 0.01536 ], [ -51.07369, 0.01917 ], [ -51.07188, 0.01523 ], [ -51.06773, 0.01496 ] ] ], [ [ [ -51.07763, 0.01616 ], [ -51.07736, 0.0172 ], [ -51.07397, 0.01536 ], [ -51.07763, 0.01616 ] ] ] ] } },
{ "type": "Feature", "properties": { "cluster": 67.0, "hvi": 0.1117, "population": 2961, "setores": 4, "municipio": "Macapá" }, "geometry": { "type": "MultiPolygon", "coordinates": [ [ [ [ -51.07078, 0.00717 ], [ -51.06873, 0.0111 ], [ -51.07003, 0.00973 ], [ -51.07219, 0.00995 ], [ -51.07197, 0.01363 ], [ -51.06801, 0.01186 ], [ -51.06869, 0.01115 ], [ -51.06667, 0.01043 ], [ -51.07078, 0.00717 ] ] ], [ [ [ -51.07418, 0.0115 ], [ -51.07401, 0.01473 ], [ -51.07212, 0.01136 ], [ -51.07418, 0.0115 ] ] ] ] } },
{ "type": "Feature", "properties": { "cluster": 68.0, "hvi": 0.0996, "population": 1334, "setores": 3, "municipio": "Macapá" }, "geometry": { "type": "MultiPolygon", "coordinates": [ [ [ [ -51.07578, 0.00943 ], [ -51.0774, 0.01093 ], [ -51.07577, 0.01267 ], [ -51.07578, 0.00943 ] ] ], [ [ [ -51.07429, 0.0115 ], [ -51.07758, 0.0154 ], [ -51.07397, 0.01536 ], [ -51.07429, 0.0115 ] ] ] ] } },
{ "type": "Feature", "properties": { "cluster": 69.0, "hvi": 0.0891, "population": 2635, "setores": 11, "municipio": "Macapá" }, "geometry": { "type": "MultiPolygon", "coordinates": [ [ [ [ -51.07817, 0.01005 ], [ -51.07966, 0.01146 ], [ -51.07924, 0.01182 ], [ -51.07817, 0.01005 ] ] ], [ [ [ -51.07878, 0.01224 ], [ -51.08002, 0.013 ], [ -51.08034, 0.01456 ], [ -51.07984, 0.01333 ], [ -51.07833, 0.01265 ], [ -51.07691, 0.00865 ], [ -51.07856, 0.00962 ], [ -51.07817, 0.01005 ], [ -51.07779, 0.01049 ], [ -51.07924, 0.01182 ], [ -51.0809, 0.01344 ], [ -51.07878, 0.01224 ] ] ], [ [ [ -51.07942, 0.01369 ], [ -51.07855, 0.01416 ], [ -51.07833, 0.01265 ], [ -51.07942, 0.01369 ] ] ], [ [ [ -51.08075, 0.0141 ], [ -51.08201, 0.01525 ], [ -51.08163, 0.01571 ], [ -51.08075, 0.0141 ] ] ], [ [ [ -51.07492, 0.00831 ], [ -51.07578, 0.00943 ], [ -51.07423, 0.00831 ], [ -51.07492, 0.00831 ] ] ], [ [ [ -51.0722, 0.00972 ], [ -51.07429, 0.00992 ], [ -51.07418, 0.0115 ], [ -51.0722, 0.00972 ] ] ], [ [ [ -51.07833, 0.01265 ], [ -51.07675, 0.01359 ], [ -51.07697, 0.01135 ], [ -51.07833, 0.01265 ] ] ] ] } },
{ "type": "Feature", "properties": { "cluster": 70.0, "hvi": 0.1092, "population": 2906, "setores": 4, "municipio": "Macapá" }, "geometry": { "type": "MultiPolygon", "coordinates": [ [ [ [ -51.07387, 0.01686 ], [ -51.07736, 0.0172 ], [ -51.07383, 0.01761 ], [ -51.07387, 0.01686 ] ] ], [ [ [ -51.07943, 0.01801 ], [ -51.07782, 0.01971 ], [ -51.07573, 0.01776 ], [ -51.07943, 0.01801 ] ] ], [ [ [ -51.07573, 0.01776 ], [ -51.07558, 0.01947 ], [ -51.07642, 0.01952 ], [ -51.07667, 0.02093 ], [ -51.07558, 0.01952 ], [ -51.07547, 0.02085 ], [ -51.0749, 0.01769 ], [ -51.07573, 0.01776 ] ] ] ] } },
{ "type": "Feature", "properties": { "cluster": 71.0, "hvi": 0.1079, "population": 2586, "setores": 4, "municipio": "Macapá" }, "geometry": { "type": "MultiPolygon", "coordinates": [ [ [ [ -51.07471, 0.02079 ], [ -51.07383, 0.01761 ], [ -51.0749, 0.01769 ], [ -51.07471, 0.02079 ] ] ], [ [ [ -51.07801, 0.02102 ], [ -51.07707, 0.02483 ], [ -51.07334, 0.02453 ], [ -51.07349, 0.02224 ], [ -51.07161, 0.01903 ], [ -51.07369, 0.01917 ], [ -51.07359, 0.02071 ], [ -51.07471, 0.02079 ], [ -51.07801, 0.02102 ] ] ], [ [ [ -51.06723, 0.02261 ], [ -51.06727, 0.02184 ], [ -51.07349, 0.02224 ], [ -51.06723, 0.02261 ] ] ] ] } },
{ "type": "Feature", "properties": { "cluster": 72.0, "hvi": 0.1214, "population": 906, "setores": 1, "municipio": "Macapá" }, "geometry": { "type": "Polygon", "coordinates": [ [ [ -51.06897, 0.02844 ], [ -51.07126, 0.0244 ], [ -51.07097, 0.02898 ], [ -51.06897, 0.02844 ] ] ] } },
{ "type": "Feature", "properties": { "cluster": 73.0, "hvi": 0.0959, "population": 2451, "setores": 6, "municipio": "Macapá" }, "geometry": { "type": "MultiPolygon", "coordinates": [ [ [ [ -51.07126, 0.0244 ], [ -51.07707, 0.02483 ], [ -51.07116, 0.02595 ], [ -51.07126, 0.0244 ] ] ], [ [ [ -51.08002, 0.02581 ], [ -51.07738, 0.02636 ], [ -51.07724, 0.02844 ], [ -51.07309, 0.02839 ], [ -51.07323, 0.02608 ], [ -51.08002, 0.02581 ] ] ], [ [ [ -51.07917, 0.02725 ], [ -51.07949, 0.03034 ], [ -51.07782, 0.02834 ], [ -51.07738, 0.02636 ], [ -51.07909, 0.0265 ], [ -51.07917, 0.02724 ], [ -51.08153, 0.02709 ], [ -51.07917, 0.02725 ] ] ] ] } },
{ "type": "Feature", "properties": { "cluster": 74.0, "hvi": 0.1027, "population": 2222, "setores": 5, "municipio": "Macapá" }, "geometry": { "type": "MultiPolygon", "coordinates": [ [ [ [ -51.08153, 0.02964 ], [ -51.0815, 0.03038 ], [ -51.07926, 0.02953 ], [ -51.08153, 0.02964 ] ] ], [ [ [ -51.08154, 0.03183 ], [ -51.08207, 0.03377 ], [ -51.08054, 0.03191 ], [ -51.08154, 0.03183 ] ] ], [ [ [ -51.08054, 0.03191 ], [ -51.08084, 0.03433 ], [ -51.07967, 0.03186 ], [ -51.08054, 0.03191 ] ] ], [ [ [ -51.07865, 0.03615 ], [ -51.07713, 0.03014 ], [ -51.07968, 0.03036 ], [ -51.07865, 0.03615 ] ] ], [ [ [ -51.07671, 0.03601 ], [ -51.07736, 0.03692 ], [ -51.07665, 0.03688 ], [ -51.07671, 0.03601 ] ] ] ] } },
{ "type": "Feature", "properties": { "cluster": 75.0, "hvi": 0.1366, "population": 1994, "setores": 2, "municipio": "Macapá" }, "geometry": { "type": "Polygon", "coordinates": [ [ [ -51.08271, 0.03896 ], [ -51.08222, 0.04072 ], [ -51.07635, 0.04113 ], [ -51.07653, 0.03854 ], [ -51.08271, 0.03895 ], [ -51.08288, 0.03642 ], [ -51.09006, 0.03664 ], [ -51.09137, 0.03868 ], [ -51.08785, 0.03721 ], [ -51.08263, 0.04011 ], [ -51.08271, 0.03896 ] ] ] } },
{ "type": "Feature", "properties": { "cluster": 76.0, "hvi": 0.1254, "population": 2866, "setores": 3, "municipio": "Macapá" }, "geometry": { "type": "MultiPolygon", "coordinates": [ [ [ [ -51.08271, 0.03895 ], [ -51.07653, 0.03854 ], [ -51.08288, 0.03642 ], [ -51.08271, 0.03895 ] ] ], [ [ [ -51.07635, 0.04113 ], [ -51.07623, 0.04282 ], [ -51.07904, 0.04299 ], [ -51.0699, 0.04454 ], [ -51.07416, 0.04269 ], [ -51.07479, 0.03392 ], [ -51.07685, 0.03406 ], [ -51.07653, 0.03854 ], [ -51.07635, 0.04113 ] ] ], [ [ [ -51.07849, 0.04047 ], [ -51.08222, 0.04072 ], [ -51.07904, 0.04299 ], [ -51.07635, 0.04113 ], [ -51.07849, 0.04047 ] ] ] ] } },
{ "type": "Feature", "properties": { "cluster": 77.0, "hvi": 0.1164, "population": 2985, "setores": 4, "municipio": "Macapá" }, "geometry": { "type": "Polygon", "coordinates": [ [ [ -51.0583, 0.0491 ], [ -51.05736, 0.04808 ], [ -51.06136, 0.04837 ], [ -51.0611, 0.05215 ], [ -51.05917, 0.05004 ], [ -51.05877, 0.05318 ], [ -51.06099, 0.05399 ], [ -51.05815, 0.05582 ], [ -51.05532, 0.05175 ], [ -51.05557, 0.04796 ], [ -51.0583, 0.0491 ] ] ] } },
{ "type": "Feature", "properties": { "cluster": 78.0, "hvi": 0.104, "population": 1750, "setores": 4, "municipio": "Macapá" }, "geometry": { "type": "MultiPolygon", "coordinates": [ [ [ [ -51.061, 0.0538 ], [ -51.0611, 0.05215 ], [ -51.06215, 0.05272 ], [ -51.061, 0.0538 ] ] ], [ [ [ -51.06051, 0.05656 ], [ -51.06011, 0.05531 ], [ -51.06099, 0.05399 ], [ -51.06074, 0.05475 ], [ -51.06417, 0.05125 ], [ -51.06051, 0.05656 ] ] ], [ [ [ -51.05964, 0.06033 ], [ -51.05923, 0.0604 ], [ -51.05976, 0.05666 ], [ -51.05964, 0.06033 ] ] ] ] } },
{ "type": "Feature", "properties": { "cluster": 79.0, "hvi": 0.1115, "population": 2883, "setores": 4, "municipio": "Macapá" }, "geometry": { "type": "MultiPolygon", "coordinates": [ [ [ [ -51.05641, 0.05626 ], [ -51.05763, 0.06136 ], [ -51.05415, 0.06231 ], [ -51.05286, 0.05715 ], [ -51.05641, 0.05626 ] ] ], [ [ [ -51.05815, 0.05582 ], [ -51.05923, 0.0604 ], [ -51.05641, 0.05626 ], [ -51.05815, 0.05582 ] ] ], [ [ [ -51.05966, 0.06115 ], [ -51.05807, 0.06333 ], [ -51.05885, 0.0612 ], [ -51.05966, 0.06115 ] ] ] ] } },
{ "type": "Feature", "properties": { "cluster": 80.0, "hvi": 0.1132, "population": 2243, "setores": 3, "municipio": "Macapá" }, "geometry": { "type": "MultiPolygon", "coordinates": [ [ [ [ -51.04972, 0.06116 ], [ -51.05033, 0.06038 ], [ -51.05385, 0.06102 ], [ -51.04972, 0.06116 ] ] ], [ [ [ -51.05175, 0.06294 ], [ -51.05763, 0.06136 ], [ -51.05808, 0.06329 ], [ -51.0576, 0.06383 ], [ -51.05159, 0.06355 ], [ -51.05297, 0.06305 ], [ -51.05175, 0.06294 ] ] ] ] } },
{ "type": "Feature", "properties": { "cluster": 81.0, "hvi": 0.1071, "population": 1897, "setores": 3, "municipio": "Macapá" }, "geometry": { "type": "MultiPolygon", "coordinates": [ [ [ [ -51.05055, 0.05324 ], [ -51.0553, 0.05209 ], [ -51.05587, 0.05414 ], [ -51.04994, 0.05555 ], [ -51.05055, 0.05324 ] ] ], [ [ [ -51.05641, 0.05626 ], [ -51.05286, 0.05715 ], [ -51.05587, 0.05414 ], [ -51.05641, 0.05626 ] ] ], [ [ [ -51.05237, 0.05504 ], [ -51.05318, 0.05932 ], [ -51.04978, 0.05678 ], [ -51.05237, 0.05504 ] ] ] ] } },
{ "type": "Feature", "properties": { "cluster": 82.0, "hvi": 0.1008, "population": 1578, "setores": 4, "municipio": "Macapá" }, "geometry": { "type": "MultiPolygon", "coordinates": [ [ [ [ -51.04831, 0.05713 ], [ -51.0492, 0.05623 ], [ -51.04861, 0.05458 ], [ -51.05029, 0.05439 ], [ -51.0498, 0.05787 ], [ -51.04935, 0.05664 ], [ -51.04831, 0.05713 ] ] ], [ [ [ -51.04838, 0.05566 ], [ -51.04631, 0.05745 ], [ -51.04849, 0.05819 ], [ -51.04546, 0.05822 ], [ -51.04643, 0.05572 ], [ -51.04838, 0.05566 ] ] ] ] } },
{ "type": "Feature", "properties": { "cluster": 83.0, "hvi": 0.1502, "population": 2438, "setores": 2, "municipio": "Macapá" }, "geometry": { "type": "MultiPolygon", "coordinates": [ [ [ [ -51.04912, 0.0513 ], [ -51.05055, 0.05141 ], [ -51.05032, 0.05435 ], [ -51.04912, 0.0513 ] ] ], [ [ [ -51.04711, 0.05329 ], [ -51.04871, 0.05333 ], [ -51.04861, 0.05455 ], [ -51.04711, 0.05329 ] ] ] ] } },
{ "type": "Feature", "properties": { "cluster": 84.0, "hvi": 0.1212, "population": 2814, "setores": 3, "municipio": "Macapá" }, "geometry": { "type": "MultiPolygon", "coordinates": [ [ [ [ -51.04678, 0.05114 ], [ -51.04912, 0.0513 ], [ -51.04905, 0.05335 ], [ -51.04678, 0.05114 ] ] ], [ [ [ -51.04676, 0.05151 ], [ -51.04629, 0.05449 ], [ -51.04715, 0.05287 ], [ -51.04669, 0.05507 ], [ -51.0462, 0.05466 ], [ -51.04676, 0.05151 ] ] ] ] } },
{ "type": "Feature", "properties": { "cluster": 85.0, "hvi": 0.109, "population": 2712, "setores": 4, "municipio": "Macapá" }, "geometry": { "type": "MultiPolygon", "coordinates": [ [ [ [ -51.04244, 0.05314 ], [ -51.04592, 0.05295 ], [ -51.04241, 0.05383 ], [ -51.04244, 0.05314 ] ] ], [ [ [ -51.04497, 0.05422 ], [ -51.04377, 0.05471 ], [ -51.04448, 0.05532 ], [ -51.0433, 0.05779 ], [ -51.04222, 0.05722 ], [ -51.04241, 0.05383 ], [ -51.04497, 0.05422 ] ] ] ] } },
{ "type": "Feature", "properties": { "cluster": 86.0, "hvi": 0.1057, "population": 2563, "setores": 4, "municipio": "Macapá" }, "geometry": { "type": "MultiPolygon", "coordinates": [ [ [ [ -51.04678, 0.05114 ], [ -51.04592, 0.05295 ], [ -51.0442, 0.05103 ], [ -51.04585, 0.0511 ], [ -51.04678, 0.05114 ] ] ], [ [ [ -51.04413, 0.05289 ], [ -51.04222, 0.05722 ], [ -51.04159, 0.05274 ], [ -51.04183, 0.05093 ], [ -51.04413, 0.05289 ] ] ] ] } },
{ "type": "Feature", "properties": { "cluster": 87.0, "hvi": 0.14, "population": 2078, "setores": 2, "municipio": "Macapá" }, "geometry": { "type": "Polygon", "coordinates": [ [ [ -51.06072, -0.00218 ], [ -51.06372, -0.00158 ], [ -51.06767, 0.00058 ], [ -51.06014, 0.00042 ], [ -51.06072, -0.00218 ] ] ] } },
{ "type": "Feature", "properties": { "cluster": 88.0, "hvi": 0.141, "population": 2066, "setores": 2, "municipio": "Macapá" }, "geometry": { "type": "Polygon", "coordinates": [ [ [ -51.07217, 0.00062 ], [ -51.07187, 0.00512 ], [ -51.07017, 0.00162 ], [ -51.0707, 0.00516 ], [ -51.06469, 0.00863 ], [ -51.06526, 0.00287 ], [ -51.07002, 0.00155 ], [ -51.06767, 0.00058 ], [ -51.07217, 0.00062 ] ] ] } },
{ "type": "Feature", "properties": { "cluster": 89.0, "hvi": 0.0997, "population": 2634, "setores": 6, "municipio": "Macapá" }, "geometry": { "type": "MultiPolygon", "coordinates": [ [ [ [ -51.08267, -0.01234 ], [ -51.08906, -0.01016 ], [ -51.08784, 0.00133 ], [ -51.08919, 0.00258 ], [ -51.0818, 0.00243 ], [ -51.08267, -0.01234 ] ] ], [ [ [ -51.08404, 0.00254 ], [ -51.08404, 0.00355 ], [ -51.08227, 0.00413 ], [ -51.08227, 0.00358 ], [ -51.08404, 0.00254 ] ] ], [ [ [ -51.08768, 0.00467 ], [ -51.08436, 0.00462 ], [ -51.08771, 0.00258 ], [ -51.08768, 0.00467 ] ] ], [ [ [ -51.08768, 0.00467 ], [ -51.08973, 0.00261 ], [ -51.08962, 0.00453 ], [ -51.08768, 0.00467 ] ] ] ] } },
{ "type": "Feature", "properties": { "cluster": 90.0, "hvi": 0.191, "population": 2283, "setores": 2, "municipio": "Macapá" }, "geometry": { "type": "Polygon", "coordinates": [ [ [ -51.08068, 0.00581 ], [ -51.08446, 0.00525 ], [ -51.08366, 0.00723 ], [ -51.08466, 0.00738 ], [ -51.08307, 0.00945 ], [ -51.08066, 0.00732 ], [ -51.08346, 0.0072 ], [ -51.08068, 0.00581 ] ] ] } },
{ "type": "Feature", "properties": { "cluster": 91.0, "hvi": 0.1967, "population": 2474, "setores": 2, "municipio": "Macapá" }, "geometry": { "type": "MultiPolygon", "coordinates": [ [ [ [ -51.07647, 0.00817 ], [ -51.07659, 0.00738 ], [ -51.08002, 0.00751 ], [ -51.07647, 0.00817 ] ] ], [ [ [ -51.08066, 0.00732 ], [ -51.08221, 0.00869 ], [ -51.08046, 0.01069 ], [ -51.08066, 0.00732 ] ] ] ] } },
{ "type": "Feature", "properties": { "cluster": 92.0, "hvi": 0.0985, "population": 2776, "setores": 6, "municipio": "Macapá" }, "geometry": { "type": "MultiPolygon", "coordinates": [ [ [ [ -51.07793, 0.00059 ], [ -51.08182, -0.00375 ], [ -51.08154, 0.00485 ], [ -51.07598, 0.0024 ], [ -51.07638, 0.00203 ], [ -51.07281, 0.00511 ], [ -51.0732, 0.00065 ], [ -51.07521, -0.00433 ], [ -51.07801, -0.00345 ], [ -51.07793, 0.00059 ] ] ], [ [ [ -51.08163, 0.00356 ], [ -51.08169, 0.00243 ], [ -51.08227, 0.00358 ], [ -51.08163, 0.00356 ] ] ], [ [ [ -51.07281, 0.00511 ], [ -51.06989, 0.00706 ], [ -51.06979, 0.00531 ], [ -51.07281, 0.00511 ] ] ], [ [ [ -51.07673, 0.00517 ], [ -51.07241, 0.00709 ], [ -51.07281, 0.00511 ], [ -51.07673, 0.00517 ] ] ] ] } },
{ "type": "Feature", "properties": { "cluster": 93.0, "hvi": 0.1235, "population": 2913, "setores": 3, "municipio": "Macapá" }, "geometry": { "type": "MultiPolygon", "coordinates": [ [ [ [ -51.08334, 0.0112 ], [ -51.08456, 0.01044 ], [ -51.08201, 0.01525 ], [ -51.08334, 0.0112 ] ] ], [ [ [ -51.0871, 0.01282 ], [ -51.08359, 0.01701 ], [ -51.08181, 0.0155 ], [ -51.08515, 0.01173 ], [ -51.0871, 0.01282 ] ] ], [ [ [ -51.07996, 0.01758 ], [ -51.08181, 0.0155 ], [ -51.08575, 0.01979 ], [ -51.08277, 0.01972 ], [ -51.07996, 0.01758 ] ] ] ] } },
{ "type": "Feature", "properties": { "cluster": 94.0, "hvi": 0.1114, "population": 2927, "setores": 5, "municipio": "Macapá" }, "geometry": { "type": "MultiPolygon", "coordinates": [ [ [ [ -51.08971, 0.0151 ], [ -51.08706, 0.01457 ], [ -51.08359, 0.01701 ], [ -51.0871, 0.01282 ], [ -51.08971, 0.0151 ] ] ], [ [ [ -51.09225, 0.01742 ], [ -51.09166, 0.01688 ], [ -51.0919, 0.01821 ], [ -51.08806, 0.01494 ], [ -51.09129, 0.01654 ], [ -51.08971, 0.0151 ], [ -51.09062, 0.0134 ], [ -51.09225, 0.01742 ] ] ], [ [ [ -51.08829, 0.01749 ], [ -51.08441, 0.0177 ], [ -51.08573, 0.01611 ], [ -51.08823, 0.01642 ], [ -51.08829, 0.01749 ] ] ], [ [ [ -51.08575, 0.01936 ], [ -51.08829, 0.01749 ], [ -51.0884, 0.01862 ], [ -51.08575, 0.01936 ] ] ] ] } },
{ "type": "Feature", "properties": { "cluster": 95.0, "hvi": 0.1497, "population": 1806, "setores": 2, "municipio": "Macapá" }, "geometry": { "type": "MultiPolygon", "coordinates": [ [ [ [ -51.08397, 0.01824 ], [ -51.08553, 0.01959 ], [ -51.08471, 0.02063 ], [ -51.08397, 0.01824 ] ] ], [ [ [ -51.08308, 0.01929 ], [ -51.08635, 0.0222 ], [ -51.08373, 0.02321 ], [ -51.08308, 0.01929 ] ] ] ] } },
{ "type": "Feature", "properties": { "cluster": 96.0, "hvi": 0.1193, "population": 2568, "setores": 3, "municipio": "Macapá" }, "geometry": { "type": "MultiPolygon", "coordinates": [ [ [ [ -51.0852, 0.02254 ], [ -51.08772, 0.0213 ], [ -51.088, 0.02325 ], [ -51.0852, 0.02254 ] ] ], [ [ [ -51.09016, 0.02203 ], [ -51.09009, 0.02324 ], [ -51.08847, 0.02203 ], [ -51.09016, 0.02203 ] ] ], [ [ [ -51.09021, 0.0234 ], [ -51.09009, 0.02508 ], [ -51.08529, 0.02327 ], [ -51.09021, 0.0234 ] ] ] ] } },
{ "type": "Feature", "properties": { "cluster": 97.0, "hvi": 0.1232, "population": 1562, "setores": 2, "municipio": "Macapá" }, "geometry": { "type": "MultiPolygon", "coordinates": [ [ [ [ -51.08274, 0.02323 ], [ -51.08048, 0.02327 ], [ -51.08047, 0.01944 ], [ -51.08274, 0.02323 ] ] ], [ [ [ -51.08375, 0.02135 ], [ -51.08373, 0.02321 ], [ -51.08274, 0.02323 ], [ -51.08375, 0.02135 ] ] ] ] } },
{ "type": "Feature", "properties": { "cluster": 98.0, "hvi": 0.1143, "population": 2075, "setores": 3, "municipio": "Macapá" }, "geometry": { "type": "MultiPolygon", "coordinates": [ [ [ [ -51.07996, 0.01758 ], [ -51.08184, 0.01911 ], [ -51.08049, 0.02326 ], [ -51.08375, 0.02321 ], [ -51.08131, 0.02634 ], [ -51.0788, 0.02329 ], [ -51.08048, 0.02326 ], [ -51.07778, 0.02101 ], [ -51.07996, 0.01758 ] ] ], [ [ [ -51.08529, 0.02327 ], [ -51.08534, 0.02481 ], [ -51.08375, 0.02321 ], [ -51.08529, 0.02327 ] ] ] ] } },
{ "type": "Feature", "properties": { "cluster": 99.0, "hvi": 0.1415, "population": 736, "setores": 1, "municipio": "Macapá" }, "geometry": { "type": "Polygon", "coordinates": [ [ [ -51.08201, 0.02652 ], [ -51.08369, 0.02466 ], [ -51.08359, 0.02589 ], [ -51.08201, 0.02652 ] ] ] } },
{ "type": "Feature", "properties": { "cluster": 100.0, "hvi": 0.095, "population": 2960, "setores": 9, "municipio": "Macapá" }, "geometry": { "type": "MultiPolygon", "coordinates": [ [ [ [ -51.09943, 0.01435 ], [ -51.10201, 0.0091 ], [ -51.09947, 0.00943 ], [ -51.10192, 0.00788 ], [ -51.09819, 0.00756 ], [ -51.09664, 0.00292 ], [ -51.10337, 0.00515 ], [ -51.10946, 0.02317 ], [ -51.11322, 0.02473 ], [ -51.10778, 0.02547 ], [ -51.1026, 0.03172 ], [ -51.10679, 0.03751 ], [ -51.09955, 0.04598 ], [ -51.09245, 0.03572 ], [ -51.08288, 0.03642 ], [ -51.08369, 0.02466 ], [ -51.09009, 0.02508 ], [ -51.08985, 0.02928 ], [ -51.09214, 0.01641 ], [ -51.09943, 0.01435 ] ], [ [ -51.09329, 0.03069 ], [ -51.09348, 0.0306 ], [ -51.08985, 0.02928 ], [ -51.09329, 0.03069 ] ] ], [ [ [ -51.08369, 0.02466 ], [ -51.08161, 0.024 ], [ -51.08374, 0.02398 ], [ -51.08369, 0.02466 ] ] ], [ [ [ -51.08327, 0.03049 ], [ -51.08143, 0.02731 ], [ -51.08359, 0.02589 ], [ -51.08327, 0.03049 ] ] ], [ [ [ -51.0815, 0.03038 ], [ -51.07967, 0.03186 ], [ -51.07968, 0.03036 ], [ -51.0815, 0.03038 ] ] ], [ [ [ -51.08288, 0.03642 ], [ -51.0815, 0.03038 ], [ -51.08327, 0.03049 ], [ -51.08288, 0.03642 ] ] ], [ [ [ -51.08084, 0.03629 ], [ -51.07957, 0.03359 ], [ -51.08104, 0.0346 ], [ -51.08084, 0.03629 ] ] ], [ [ [ -51.08958, 0.03985 ], [ -51.09228, 0.03579 ], [ -51.09986, 0.04646 ], [ -51.09563, 0.0491 ], [ -51.08762, 0.03736 ], [ -51.08958, 0.03985 ] ] ] ] } },
{ "type": "Feature", "properties": { "cluster": 101.0, "hvi": 0.1236, "population": 1962, "setores": 2, "municipio": "Macapá" }, "geometry": { "type": "MultiPolygon", "coordinates": [ [ [ [ -51.05819, 0.07218 ], [ -51.05971, 0.07214 ], [ -51.05987, 0.07586 ], [ -51.05819, 0.07218 ] ] ], [ [ [ -51.05544, 0.073 ], [ -51.058, 0.07262 ], [ -51.05822, 0.07789 ], [ -51.05544, 0.073 ] ] ] ] } },
{ "type": "Feature", "properties": { "cluster": 102.0, "hvi": 0.1135, "population": 2382, "setores": 3, "municipio": "Macapá" }, "geometry": { "type": "MultiPolygon", "coordinates": [ [ [ [ -51.05224, 0.06894 ], [ -51.05623, 0.06933 ], [ -51.05537, 0.07193 ], [ -51.05086, 0.07165 ], [ -51.05224, 0.06894 ] ] ], [ [ [ -51.05308, 0.07192 ], [ -51.05304, 0.07977 ], [ -51.05082, 0.07337 ], [ -51.05308, 0.07192 ] ] ], [ [ [ -51.05537, 0.07193 ], [ -51.05662, 0.07749 ], [ -51.05304, 0.08037 ], [ -51.05308, 0.07192 ], [ -51.05537, 0.07193 ] ] ] ] } },
{ "type": "Feature", "properties": { "cluster": 103.0, "hvi": 0.097, "population": 2192, "setores": 5, "municipio": "Macapá" }, "geometry": { "type": "MultiPolygon", "coordinates": [ [ [ [ -51.05304, 0.08037 ], [ -51.05662, 0.07749 ], [ -51.05691, 0.08604 ], [ -51.055, 0.08746 ], [ -51.05511, 0.08176 ], [ -51.05304, 0.08037 ] ] ], [ [ [ -51.055, 0.08746 ], [ -51.05308, 0.08969 ], [ -51.04996, 0.08837 ], [ -51.05303, 0.08824 ], [ -51.055, 0.08746 ] ] ], [ [ [ -51.05577, 0.09019 ], [ -51.05501, 0.08816 ], [ -51.05665, 0.08809 ], [ -51.05577, 0.09019 ] ] ], [ [ [ -51.05629, 0.09171 ], [ -51.05324, 0.09293 ], [ -51.05566, 0.09033 ], [ -51.05629, 0.09032 ], [ -51.05629, 0.09171 ] ] ] ] } },
{ "type": "Feature", "properties": { "cluster": 104.0, "hvi": 0.123, "population": 1937, "setores": 2, "municipio": "Macapá" }, "geometry": { "type": "Polygon", "coordinates": [ [ [ -51.05094, 0.08095 ], [ -51.05575, 0.08219 ], [ -51.05534, 0.08546 ], [ -51.0547, 0.08533 ], [ -51.055, 0.08746 ], [ -51.04996, 0.08837 ], [ -51.05002, 0.0845 ], [ -51.05157, 0.08466 ], [ -51.05091, 0.08451 ], [ -51.05094, 0.08095 ] ] ] } },
{ "type": "Feature", "properties": { "cluster": 105.0, "hvi": 0.1095, "population": 2872, "setores": 4, "municipio": "Macapá" }, "geometry": { "type": "MultiPolygon", "coordinates": [ [ [ [ -51.04681, 0.07902 ], [ -51.05304, 0.07977 ], [ -51.05016, 0.08122 ], [ -51.05091, 0.08216 ], [ -51.05091, 0.08451 ], [ -51.04594, 0.08361 ], [ -51.04754, 0.08254 ], [ -51.04522, 0.08371 ], [ -51.04345, 0.08207 ], [ -51.04681, 0.07902 ] ] ], [ [ [ -51.04028, 0.08653 ], [ -51.03883, 0.08359 ], [ -51.04342, 0.08427 ], [ -51.04028, 0.08653 ] ] ], [ [ [ -51.0457, 0.08711 ], [ -51.0424, 0.08721 ], [ -51.04594, 0.08361 ], [ -51.0457, 0.08711 ] ] ] ] } },
{ "type": "Feature", "properties": { "cluster": 106.0, "hvi": 0.1388, "population": 2424, "setores": 2, "municipio": "Macapá" }, "geometry": { "type": "Polygon", "coordinates": [ [ [ -51.04263, 0.07028 ], [ -51.04542, 0.068 ], [ -51.04426, 0.07233 ], [ -51.04982, 0.07483 ], [ -51.04699, 0.0765 ], [ -51.04809, 0.07728 ], [ -51.0519, 0.07412 ], [ -51.05152, 0.07977 ], [ -51.03943, 0.07717 ], [ -51.04263, 0.07028 ] ] ] } },
{ "type": "Feature", "properties": { "cluster": 107.0, "hvi": 0.1205, "population": 2807, "setores": 3, "municipio": "Macapá" }, "geometry": { "type": "MultiPolygon", "coordinates": [ [ [ [ -51.04829, 0.06619 ], [ -51.05061, 0.06761 ], [ -51.04879, 0.0705 ], [ -51.04623, 0.06882 ], [ -51.04829, 0.06619 ] ] ], [ [ [ -51.05224, 0.06894 ], [ -51.05086, 0.07165 ], [ -51.04873, 0.07104 ], [ -51.05061, 0.06761 ], [ -51.05224, 0.06894 ] ] ], [ [ [ -51.05113, 0.07174 ], [ -51.04982, 0.07483 ], [ -51.04667, 0.07413 ], [ -51.04873, 0.07104 ], [ -51.05113, 0.07174 ] ] ] ] } },
{ "type": "Feature", "properties": { "cluster": 108.0, "hvi": 0.1286, "population": 1142, "setores": 1, "municipio": "Macapá" }, "geometry": { "type": "Polygon", "coordinates": [ [ [ -51.04623, 0.06882 ], [ -51.04897, 0.07059 ], [ -51.04667, 0.07413 ], [ -51.04426, 0.07233 ], [ -51.04623, 0.06882 ] ] ] } },
{ "type": "Feature", "properties": { "cluster": 109.0, "hvi": 0.0882, "population": 2084, "setores": 8, "municipio": "Macapá" }, "geometry": { "type": "MultiPolygon", "coordinates": [ [ [ [ -51.05168, 0.06006 ], [ -51.05327, 0.05892 ], [ -51.05346, 0.05963 ], [ -51.05168, 0.06006 ] ] ], [ [ [ -51.04893, 0.06214 ], [ -51.04934, 0.05932 ], [ -51.05155, 0.05887 ], [ -51.04893, 0.06214 ] ] ], [ [ [ -51.05172, 0.06163 ], [ -51.05346, 0.05963 ], [ -51.05385, 0.06102 ], [ -51.05172, 0.06163 ] ] ], [ [ [ -51.04972, 0.06116 ], [ -51.05159, 0.06355 ], [ -51.05072, 0.06769 ], [ -51.04542, 0.068 ], [ -51.04972, 0.06116 ] ] ], [ [ [ -51.05977, 0.0666 ], [ -51.05938, 0.06747 ], [ -51.05315, 0.06935 ], [ -51.05505, 0.0638 ], [ -51.05852, 0.06408 ], [ -51.0592, 0.06676 ], [ -51.05977, 0.0666 ] ] ], [ [ [ -51.04893, 0.06214 ], [ -51.03943, 0.07717 ], [ -51.02356, 0.08031 ], [ -51.0348, 0.06916 ], [ -51.0402, 0.05705 ], [ -51.04893, 0.06214 ] ] ] ] } },
{ "type": "Feature", "properties": { "cluster": 110.0, "hvi": 0.0965, "population": 4003, "setores": 11, "municipio": "Macapá" }, "geometry": { "type": "MultiPolygon", "coordinates": [ [ [ [ -51.09978, -0.01336 ], [ -51.0998, -0.00613 ], [ -51.09979, -0.00476 ], [ -51.09683, -0.00615 ], [ -51.09891, -0.01284 ], [ -51.09813, -0.01425 ], [ -51.09978, -0.01336 ] ] ], [ [ [ -51.09687, -0.00961 ], [ -51.09474, -0.00823 ], [ -51.09136, -0.00857 ], [ -51.0922, -0.0097 ], [ -51.09137, -0.00946 ], [ -51.08904, -0.00689 ], [ -51.08907, -0.0103 ], [ -51.09262, -0.01026 ], [ -51.09314, -0.01095 ], [ -51.09567, -0.0105 ], [ -51.09565, -0.00914 ], [ -51.09687, -0.00961 ] ], [ [ -51.09475, -0.00852 ], [ -51.09475, -0.00874 ], [ -51.09136, -0.00857 ], [ -51.09475, -0.00852 ] ] ], [ [ [ -51.09563, -0.00685 ], [ -51.09474, -0.00823 ], [ -51.09565, -0.00823 ], [ -51.09563, -0.00685 ] ] ], [ [ [ -51.09566, -0.0082 ], [ -51.09686, -0.0082 ], [ -51.09683, -0.00615 ], [ -51.09566, -0.0082 ] ] ], [ [ [ -51.09505, -0.00482 ], [ -51.09506, -0.00618 ], [ -51.09683, -0.00615 ], [ -51.09505, -0.00482 ] ] ], [ [ [ -51.08904, -0.00624 ], [ -51.08904, -0.00689 ], [ -51.09123, -0.00687 ], [ -51.08904, -0.00624 ] ] ], [ [ [ -51.09123, -0.00655 ], [ -51.09398, -0.00646 ], [ -51.09398, -0.00618 ], [ -51.09123, -0.00655 ] ] ] ] } },
{ "type": "Feature", "properties": { "cluster": 111.0, "hvi": 0.1123, "population": 2268, "setores": 3, "municipio": "Macapá" }, "geometry": { "type": "MultiPolygon", "coordinates": [ [ [ [ -51.09144, -0.00487 ], [ -51.09145, -0.00556 ], [ -51.09506, -0.00618 ], [ -51.09144, -0.00487 ] ] ], [ [ [ -51.10154, -0.00441 ], [ -51.09977, -0.0007 ], [ -51.09978, -0.00272 ], [ -51.09562, -0.00482 ], [ -51.09979, -0.00476 ], [ -51.0998, -0.00681 ], [ -51.10514, -0.00693 ], [ -51.10555, -0.00066 ], [ -51.10154, -0.00441 ] ] ] ] } },
{ "type": "Feature", "properties": { "cluster": 112.0, "hvi": 0.1002, "population": 2631, "setores": 5, "municipio": "Macapá" }, "geometry": { "type": "MultiPolygon", "coordinates": [ [ [ [ -51.10154, -0.00441 ], [ -51.10274, -0.00069 ], [ -51.10154, -0.00337 ], [ -51.10154, -0.00441 ] ] ], [ [ [ -51.09142, -0.00148 ], [ -51.09977, -0.0014 ], [ -51.0914, -0.0008 ], [ -51.09142, -0.00148 ] ] ], [ [ [ -51.09175, 0.00188 ], [ -51.09312, 0.00129 ], [ -51.09316, -0.00077 ], [ -51.09803, -0.00072 ], [ -51.09784, 0.0029 ], [ -51.09309, 0.00287 ], [ -51.09311, 0.00193 ], [ -51.09175, 0.00188 ] ] ], [ [ [ -51.10337, 0.00515 ], [ -51.09784, 0.0029 ], [ -51.1007, -0.0007 ], [ -51.10555, -0.00066 ], [ -51.10337, 0.00515 ] ] ] ] } },
{ "type": "Feature", "properties": { "cluster": 113.0, "hvi": 0.1468, "population": 2061, "setores": 2, "municipio": "Macapá" }, "geometry": { "type": "Polygon", "coordinates": [ [ [ -51.09183, 0.00215 ], [ -51.09313, 0.00193 ], [ -51.09309, 0.00287 ], [ -51.08919, 0.00258 ], [ -51.09046, 0.00237 ], [ -51.08772, 0.00121 ], [ -51.08775, -0.00082 ], [ -51.09316, -0.00077 ], [ -51.09183, 0.00215 ] ] ] } },
{ "type": "Feature", "properties": { "cluster": 114.0, "hvi": 0.0942, "population": 2660, "setores": 7, "municipio": "Macapá" }, "geometry": { "type": "MultiPolygon", "coordinates": [ [ [ [ -51.09539, 0.00794 ], [ -51.09368, 0.00835 ], [ -51.09493, 0.00599 ], [ -51.09539, 0.00794 ] ] ], [ [ [ -51.09058, 0.01045 ], [ -51.08791, 0.0064 ], [ -51.0882, 0.00629 ], [ -51.09058, 0.01045 ] ] ], [ [ [ -51.09058, 0.01045 ], [ -51.09596, 0.0078 ], [ -51.09627, 0.00912 ], [ -51.09058, 0.01045 ] ] ], [ [ [ -51.09603, 0.01066 ], [ -51.09839, 0.0086 ], [ -51.09883, 0.01001 ], [ -51.09603, 0.01066 ] ] ], [ [ [ -51.08857, 0.00951 ], [ -51.08774, 0.01111 ], [ -51.0874, 0.00978 ], [ -51.08857, 0.00951 ] ] ], [ [ [ -51.09668, 0.01202 ], [ -51.09431, 0.01106 ], [ -51.09883, 0.01001 ], [ -51.09888, 0.0102 ], [ -51.09668, 0.01202 ] ] ], [ [ [ -51.09317, 0.01133 ], [ -51.09451, 0.01184 ], [ -51.09326, 0.01175 ], [ -51.09317, 0.01133 ] ] ] ] } },
{ "type": "Feature", "properties": { "cluster": 115.0, "hvi": 0.1266, "population": 2276, "setores": 4, "municipio": "Macapá" }, "geometry": { "type": "MultiPolygon", "coordinates": [ [ [ [ -51.08953, 0.00599 ], [ -51.08791, 0.0064 ], [ -51.08916, 0.00465 ], [ -51.08953, 0.00599 ] ] ], [ [ [ -51.0882, 0.00793 ], [ -51.08654, 0.00834 ], [ -51.08791, 0.0064 ], [ -51.0882, 0.00793 ] ] ], [ [ [ -51.08989, 0.009 ], [ -51.08933, 0.00912 ], [ -51.08953, 0.00599 ], [ -51.08989, 0.009 ] ] ], [ [ [ -51.08628, 0.00686 ], [ -51.08654, 0.00834 ], [ -51.08471, 0.00689 ], [ -51.08628, 0.00686 ] ] ] ] } },
{ "type": "Feature", "properties": { "cluster": 116.0, "hvi": 0.1673, "population": 2056, "setores": 2, "municipio": "Macapá" }, "geometry": { "type": "MultiPolygon", "coordinates": [ [ [ [ -51.09309, 0.00287 ], [ -51.09305, 0.0056 ], [ -51.09208, 0.00401 ], [ -51.08977, 0.00404 ], [ -51.09309, 0.00287 ] ] ], [ [ [ -51.08916, 0.00465 ], [ -51.09208, 0.00401 ], [ -51.09245, 0.00574 ], [ -51.08994, 0.00777 ], [ -51.08916, 0.00465 ] ] ] ] } },
{ "type": "Feature", "properties": { "cluster": 117.0, "hvi": 0.1214, "population": 932, "setores": 1, "municipio": "Macapá" }, "geometry": { "type": "Polygon", "coordinates": [ [ [ -51.09368, 0.00835 ], [ -51.09054, 0.00651 ], [ -51.09305, 0.0056 ], [ -51.09368, 0.00835 ] ] ] } },
{ "type": "Feature", "properties": { "cluster": 118.0, "hvi": 0.1442, "population": 2720, "setores": 4, "municipio": "Macapá" }, "geometry": { "type": "Polygon", "coordinates": [ [ [ -51.09664, 0.00292 ], [ -51.09709, 0.00487 ], [ -51.09606, 0.00519 ], [ -51.09819, 0.00756 ], [ -51.10185, 0.00778 ], [ -51.0993, 0.00881 ], [ -51.10202, 0.00901 ], [ -51.09994, 0.01031 ], [ -51.09842, 0.00864 ], [ -51.09684, 0.00899 ], [ -51.09441, 0.00572 ], [ -51.09316, 0.00611 ], [ -51.09309, 0.00287 ], [ -51.09664, 0.00292 ] ] ] } },
{ "type": "Feature", "properties": { "cluster": 119.0, "hvi": 0.125, "population": 1036, "setores": 1, "municipio": "Macapá" }, "geometry": { "type": "Polygon", "coordinates": [ [ [ -51.12511, 0.02916 ], [ -51.12663, 0.02299 ], [ -51.13686, 0.02229 ], [ -51.12958, 0.02937 ], [ -51.12511, 0.02916 ] ] ] } },
{ "type": "Feature", "properties": { "cluster": 120.0, "hvi": 0.1118, "population": 2304, "setores": 3, "municipio": "Macapá" }, "geometry": { "type": "Polygon", "coordinates": [ [ [ -51.06318, 0.06675 ], [ -51.06761, 0.07375 ], [ -51.06902, 0.0734 ], [ -51.0693, 0.07785 ], [ -51.06458, 0.07451 ], [ -51.06748, 0.07378 ], [ -51.06422, 0.07054 ], [ -51.06318, 0.06675 ] ] ] } },
{ "type": "Feature", "properties": { "cluster": 121.0, "hvi": 0.1341, "population": 1237, "setores": 1, "municipio": "Macapá" }, "geometry": { "type": "Polygon", "coordinates": [ [ [ -51.0651, 0.07417 ], [ -51.06218, 0.0674 ], [ -51.0661, 0.07351 ], [ -51.0651, 0.07417 ] ] ] } },
{ "type": "Feature", "properties": { "cluster": 122.0, "hvi": 0.128, "population": 2924, "setores": 3, "municipio": "Macapá" }, "geometry": { "type": "Polygon", "coordinates": [ [ [ -51.06761, 0.06977 ], [ -51.06646, 0.07189 ], [ -51.06318, 0.06675 ], [ -51.06545, 0.06533 ], [ -51.06731, 0.06828 ], [ -51.06659, 0.06465 ], [ -51.06916, 0.07049 ], [ -51.06788, 0.07417 ], [ -51.06853, 0.07073 ], [ -51.06785, 0.07099 ], [ -51.06761, 0.06977 ] ] ] } },
{ "type": "Feature", "properties": { "cluster": 123.0, "hvi": 0.1105, "population": 2971, "setores": 5, "municipio": "Macapá" }, "geometry": { "type": "MultiPolygon", "coordinates": [ [ [ [ -51.11658, 0.04941 ], [ -51.11605, 0.0512 ], [ -51.11232, 0.04806 ], [ -51.11658, 0.04941 ] ] ], [ [ [ -51.0964, 0.06699 ], [ -51.09707, 0.06901 ], [ -51.10181, 0.06774 ], [ -51.10689, 0.05946 ], [ -51.10519, 0.0555 ], [ -51.10963, 0.05185 ], [ -51.11563, 0.05434 ], [ -51.11625, 0.05088 ], [ -51.13622, 0.05186 ], [ -51.1333, 0.0773 ], [ -51.13686, 0.06743 ], [ -51.13081, 0.10805 ], [ -51.12639, 0.10826 ], [ -51.12611, 0.10498 ], [ -51.11797, 0.0969 ], [ -51.12077, 0.0914 ], [ -51.11658, 0.08484 ], [ -51.11161, 0.09326 ], [ -51.10255, 0.09022 ], [ -51.10638, 0.08392 ], [ -51.0947, 0.07582 ], [ -51.09579, 0.07253 ], [ -51.09303, 0.06906 ], [ -51.0964, 0.06699 ] ], [ [ -51.13094, 0.10134 ], [ -51.13128, 0.09492 ], [ -51.1305, 0.10167 ], [ -51.13094, 0.10134 ] ] ], [ [ [ -51.09623, 0.08336 ], [ -51.09634, 0.07762 ], [ -51.09965, 0.08084 ], [ -51.09955, 0.0828 ], [ -51.09623, 0.08336 ] ] ] ] } },
{ "type": "Feature", "properties": { "cluster": 124.0, "hvi": 0.1231, "population": 1998, "setores": 2, "municipio": "Macapá" }, "geometry": { "type": "Polygon", "coordinates": [ [ [ -51.12177, 0.04227 ], [ -51.12375, 0.04239 ], [ -51.12346, 0.04669 ], [ -51.12765, 0.04666 ], [ -51.12829, 0.04929 ], [ -51.12206, 0.0467 ], [ -51.12342, 0.04669 ], [ -51.11957, 0.04632 ], [ -51.12177, 0.04227 ] ] ] } },
{ "type": "Feature", "properties": { "cluster": 125.0, "hvi": 0.0992, "population": 2967, "setores": 6, "municipio": "Macapá" }, "geometry": { "type": "MultiPolygon", "coordinates": [ [ [ [ -51.13063, 0.04347 ], [ -51.12975, 0.04275 ], [ -51.12865, 0.04023 ], [ -51.13063, 0.04347 ] ] ], [ [ [ -51.12554, 0.04489 ], [ -51.12377, 0.04178 ], [ -51.12488, 0.04185 ], [ -51.12554, 0.04489 ] ] ], [ [ [ -51.12746, 0.04561 ], [ -51.12568, 0.0425 ], [ -51.12765, 0.04262 ], [ -51.12746, 0.04561 ] ] ], [ [ [ -51.12975, 0.04275 ], [ -51.12948, 0.04543 ], [ -51.13131, 0.04525 ], [ -51.13141, 0.04671 ], [ -51.12746, 0.04561 ], [ -51.12928, 0.04544 ], [ -51.12765, 0.04262 ], [ -51.12975, 0.04275 ] ] ], [ [ [ -51.12346, 0.0467 ], [ -51.12746, 0.04561 ], [ -51.12742, 0.04665 ], [ -51.12346, 0.0467 ] ] ] ] } },
{ "type": "Feature", "properties": { "cluster": 126.0, "hvi": 0.1195, "population": 1886, "setores": 2, "municipio": "Macapá" }, "geometry": { "type": "MultiPolygon", "coordinates": [ [ [ [ -51.11589, 0.08494 ], [ -51.12006, 0.08662 ], [ -51.11663, 0.09591 ], [ -51.11161, 0.09326 ], [ -51.11589, 0.08494 ] ] ], [ [ [ -51.11934, 0.09066 ], [ -51.12077, 0.0914 ], [ -51.11797, 0.0969 ], [ -51.11934, 0.09066 ] ] ] ] } },
{ "type": "Feature", "properties": { "cluster": 127.0, "hvi": 0.1249, "population": 1979, "setores": 2, "municipio": "Macapá" }, "geometry": { "type": "Polygon", "coordinates": [ [ [ -51.07641, 0.08194 ], [ -51.07525, 0.08386 ], [ -51.07421, 0.08059 ], [ -51.0728, 0.07972 ], [ -51.07626, 0.0774 ], [ -51.08318, 0.08229 ], [ -51.08153, 0.0851 ], [ -51.07641, 0.08194 ] ] ] } },
{ "type": "Feature", "properties": { "cluster": 128.0, "hvi": 0.1168, "population": 1694, "setores": 2, "municipio": "Macapá" }, "geometry": { "type": "MultiPolygon", "coordinates": [ [ [ [ -51.07597, 0.07411 ], [ -51.08118, 0.07225 ], [ -51.08186, 0.07331 ], [ -51.0773, 0.07624 ], [ -51.07597, 0.07411 ] ] ], [ [ [ -51.07597, 0.07411 ], [ -51.07664, 0.0752 ], [ -51.0712, 0.07872 ], [ -51.07597, 0.07411 ] ] ] ] } },
{ "type": "Feature", "properties": { "cluster": 129.0, "hvi": 0.1211, "population": 956, "setores": 1, "municipio": "Macapá" }, "geometry": { "type": "Polygon", "coordinates": [ [ [ -51.09128, 0.06417 ], [ -51.09542, 0.06143 ], [ -51.09668, 0.06374 ], [ -51.0932, 0.06598 ], [ -51.09128, 0.06417 ] ] ] } },
{ "type": "Feature", "properties": { "cluster": 130.0, "hvi": 0.1009, "population": 2553, "setores": 5, "municipio": "Macapá" }, "geometry": { "type": "MultiPolygon", "coordinates": [ [ [ [ -51.07245, 0.08356 ], [ -51.07496, 0.08383 ], [ -51.07641, 0.08194 ], [ -51.08402, 0.08671 ], [ -51.06867, 0.1097 ], [ -51.06574, 0.1037 ], [ -51.06737, 0.10194 ], [ -51.05993, 0.09739 ], [ -51.06457, 0.09388 ], [ -51.07055, 0.09853 ], [ -51.06632, 0.09513 ], [ -51.07429, 0.08471 ], [ -51.07245, 0.08356 ] ] ], [ [ [ -51.0854, 0.08724 ], [ -51.08294, 0.09119 ], [ -51.08072, 0.09202 ], [ -51.08402, 0.08671 ], [ -51.0854, 0.08724 ] ] ], [ [ [ -51.08693, 0.08748 ], [ -51.08317, 0.09357 ], [ -51.0854, 0.08724 ], [ -51.08693, 0.08748 ] ] ] ] } },
{ "type": "Feature", "properties": { "cluster": 131.0, "hvi": 0.1142, "population": 791, "setores": 1, "municipio": "Macapá" }, "geometry": { "type": "Polygon", "coordinates": [ [ [ -51.08437, 0.09435 ], [ -51.08693, 0.08748 ], [ -51.08852, 0.08766 ], [ -51.08437, 0.09435 ] ] ] } },
{ "type": "Feature", "properties": { "cluster": 132.0, "hvi": 0.1222, "population": 2616, "setores": 3, "municipio": "Macapá" }, "geometry": { "type": "MultiPolygon", "coordinates": [ [ [ [ -51.06414, 0.08122 ], [ -51.06604, 0.08114 ], [ -51.0661, 0.08699 ], [ -51.06233, 0.08715 ], [ -51.05886, 0.08509 ], [ -51.06364, 0.08286 ], [ -51.06414, 0.08122 ] ] ], [ [ [ -51.06032, 0.08793 ], [ -51.05501, 0.08816 ], [ -51.05893, 0.08657 ], [ -51.06032, 0.08793 ] ] ] ] } },
{ "type": "Feature", "properties": { "cluster": 133.0, "hvi": 0.1236, "population": 2803, "setores": 3, "municipio": "Macapá" }, "geometry": { "type": "MultiPolygon", "coordinates": [ [ [ [ -51.05316, 0.09114 ], [ -51.05499, 0.09066 ], [ -51.05526, 0.09466 ], [ -51.05184, 0.09484 ], [ -51.05316, 0.09114 ] ] ], [ [ [ -51.05533, 0.09683 ], [ -51.05526, 0.09466 ], [ -51.06057, 0.09446 ], [ -51.06044, 0.09157 ], [ -51.0661, 0.09137 ], [ -51.06548, 0.0932 ], [ -51.06067, 0.09685 ], [ -51.05533, 0.09683 ] ] ] ] } },
{ "type": "Feature", "properties": { "cluster": 134.0, "hvi": 0.1131, "population": 2856, "setores": 4, "municipio": "Macapá" }, "geometry": { "type": "MultiPolygon", "coordinates": [ [ [ [ -51.06048, 0.09229 ], [ -51.06058, 0.09446 ], [ -51.05526, 0.09466 ], [ -51.05515, 0.09249 ], [ -51.05909, 0.09018 ], [ -51.06048, 0.09229 ] ] ], [ [ [ -51.05539, 0.09829 ], [ -51.05337, 0.09837 ], [ -51.05526, 0.09466 ], [ -51.05539, 0.09829 ] ] ], [ [ [ -51.05337, 0.09837 ], [ -51.05169, 0.09842 ], [ -51.05329, 0.09481 ], [ -51.05337, 0.09837 ] ] ] ] } },
{ "type": "Feature", "properties": { "cluster": 135.0, "hvi": 0.108, "population": 2729, "setores": 4, "municipio": "Macapá" }, "geometry": { "type": "MultiPolygon", "coordinates": [ [ [ [ -51.05512, 0.09049 ], [ -51.05008, 0.09128 ], [ -51.05504, 0.08887 ], [ -51.05512, 0.09049 ] ] ], [ [ [ -51.05184, 0.09484 ], [ -51.04824, 0.09495 ], [ -51.05008, 0.09128 ], [ -51.05316, 0.09114 ], [ -51.05184, 0.09484 ] ] ], [ [ [ -51.0481, 0.09136 ], [ -51.04824, 0.09495 ], [ -51.04602, 0.09219 ], [ -51.0481, 0.09136 ] ] ] ] } },
{ "type": "Feature", "properties": { "cluster": 136.0, "hvi": 0.1203, "population": 2812, "setores": 3, "municipio": "Macapá" }, "geometry": { "type": "MultiPolygon", "coordinates": [ [ [ [ -51.04613, 0.09503 ], [ -51.05021, 0.09487 ], [ -51.05048, 0.10226 ], [ -51.0464, 0.10209 ], [ -51.04613, 0.09503 ] ] ], [ [ [ -51.05551, 0.10083 ], [ -51.05048, 0.10226 ], [ -51.05042, 0.09992 ], [ -51.05545, 0.09971 ], [ -51.05551, 0.10083 ] ] ] ] } },
{ "type": "Feature", "properties": { "cluster": 137.0, "hvi": 0.1392, "population": 1322, "setores": 1, "municipio": "Macapá" }, "geometry": { "type": "Polygon", "coordinates": [ [ [ -51.0418, 0.09695 ], [ -51.04168, 0.09446 ], [ -51.0461, 0.09432 ], [ -51.04621, 0.09722 ], [ -51.0418, 0.09695 ] ] ] } },
{ "type": "Feature", "properties": { "cluster": 138.0, "hvi": 0.1099, "population": 2163, "setores": 3, "municipio": "Macapá" }, "geometry": { "type": "MultiPolygon", "coordinates": [ [ [ [ -51.04996, 0.08837 ], [ -51.05008, 0.09128 ], [ -51.04605, 0.09144 ], [ -51.04996, 0.08837 ] ] ], [ [ [ -51.0461, 0.09432 ], [ -51.04277, 0.09443 ], [ -51.04602, 0.09219 ], [ -51.0461, 0.09432 ] ] ], [ [ [ -51.04384, 0.09296 ], [ -51.04057, 0.0945 ], [ -51.04382, 0.09225 ], [ -51.04384, 0.09296 ] ] ] ] } },
{ "type": "Feature", "properties": { "cluster": 139.0, "hvi": 0.1391, "population": 1241, "setores": 1, "municipio": "Macapá" }, "geometry": { "type": "Polygon", "coordinates": [ [ [ -51.0458, 0.08926 ], [ -51.04594, 0.08361 ], [ -51.05002, 0.0845 ], [ -51.04996, 0.08837 ], [ -51.0458, 0.08926 ] ] ] } },
{ "type": "Feature", "properties": { "cluster": 140.0, "hvi": 0.1041, "population": 2770, "setores": 5, "municipio": "Macapá" }, "geometry": { "type": "MultiPolygon", "coordinates": [ [ [ [ -51.0692, 0.02429 ], [ -51.07091, 0.02983 ], [ -51.06679, 0.0295 ], [ -51.06716, 0.02415 ], [ -51.0692, 0.02429 ] ] ], [ [ [ -51.06684, 0.02876 ], [ -51.06273, 0.02846 ], [ -51.06495, 0.0263 ], [ -51.06684, 0.02876 ] ] ], [ [ [ -51.06267, 0.02923 ], [ -51.06051, 0.03058 ], [ -51.05688, 0.02883 ], [ -51.06267, 0.02923 ] ] ], [ [ [ -51.06669, 0.031 ], [ -51.06267, 0.02923 ], [ -51.06679, 0.0295 ], [ -51.06669, 0.031 ] ] ], [ [ [ -51.05543, 0.0317 ], [ -51.05385, 0.02876 ], [ -51.05688, 0.02883 ], [ -51.05543, 0.0317 ] ] ] ] } },
{ "type": "Feature", "properties": { "cluster": 141.0, "hvi": 0.1103, "population": 2066, "setores": 3, "municipio": "Macapá" }, "geometry": { "type": "MultiPolygon", "coordinates": [ [ [ [ -51.05465, 0.04299 ], [ -51.0577, 0.04321 ], [ -51.05745, 0.04681 ], [ -51.05439, 0.04659 ], [ -51.05465, 0.04299 ] ] ], [ [ [ -51.05745, 0.04681 ], [ -51.05548, 0.04921 ], [ -51.05532, 0.05175 ], [ -51.0508, 0.05143 ], [ -51.05116, 0.04636 ], [ -51.05745, 0.04681 ] ] ] ] } },
{ "type": "Feature", "properties": { "cluster": 142.0, "hvi": 0.1065, "population": 2578, "setores": 4, "municipio": "Macapá" }, "geometry": { "type": "MultiPolygon", "coordinates": [ [ [ [ -51.04546, 0.04307 ], [ -51.04694, 0.04317 ], [ -51.05008, 0.04422 ], [ -51.04732, 0.04604 ], [ -51.04412, 0.04581 ], [ -51.04546, 0.04307 ] ] ], [ [ [ -51.04725, 0.04862 ], [ -51.04598, 0.04862 ], [ -51.04732, 0.04604 ], [ -51.04725, 0.04862 ] ] ], [ [ [ -51.04725, 0.04971 ], [ -51.04725, 0.04862 ], [ -51.0483, 0.04946 ], [ -51.04725, 0.04971 ] ] ] ] } },
{ "type": "Feature", "properties": { "cluster": 143.0, "hvi": 0.1178, "population": 868, "setores": 1, "municipio": "Macapá" }, "geometry": { "type": "Polygon", "coordinates": [ [ [ -51.04183, 0.05093 ], [ -51.04284, 0.04848 ], [ -51.04431, 0.04855 ], [ -51.0442, 0.05103 ], [ -51.04183, 0.05093 ] ] ] } },
{ "type": "Feature", "properties": { "cluster": 144.0, "hvi": 0.1095, "population": 2662, "setores": 4, "municipio": "Macapá" }, "geometry": { "type": "MultiPolygon", "coordinates": [ [ [ [ -51.09542, 0.06143 ], [ -51.09016, 0.06491 ], [ -51.09128, 0.06417 ], [ -51.0932, 0.06598 ], [ -51.08982, 0.06817 ], [ -51.08788, 0.0664 ], [ -51.09013, 0.06493 ], [ -51.08676, 0.06713 ], [ -51.08484, 0.06427 ], [ -51.08806, 0.06194 ], [ -51.09015, 0.06491 ], [ -51.08916, 0.06078 ], [ -51.09542, 0.06143 ] ] ], [ [ [ -51.07749, 0.07313 ], [ -51.07458, 0.06857 ], [ -51.08375, 0.06261 ], [ -51.07741, 0.06928 ], [ -51.07749, 0.07313 ] ] ] ] } },
{ "type": "Feature", "properties": { "cluster": 145.0, "hvi": 0.1031, "population": 500, "setores": 1, "municipio": "Macapá" }, "geometry": { "type": "Polygon", "coordinates": [ [ [ -51.06219, 0.00337 ], [ -51.06018, 0.00208 ], [ -51.06414, 0.00267 ], [ -51.06219, 0.00337 ] ] ] } },
{ "type": "Feature", "properties": { "cluster": 146.0, "hvi": 0.1169, "population": 2469, "setores": 3, "municipio": "Macapá" }, "geometry": { "type": "MultiPolygon", "coordinates": [ [ [ [ -51.05603, 0.06992 ], [ -51.0569, 0.06733 ], [ -51.05908, 0.06815 ], [ -51.05603, 0.06992 ] ] ], [ [ [ -51.05908, 0.06815 ], [ -51.061, 0.07113 ], [ -51.05978, 0.07182 ], [ -51.05831, 0.07163 ], [ -51.05908, 0.06815 ] ] ], [ [ [ -51.05935, 0.06751 ], [ -51.06117, 0.06805 ], [ -51.06458, 0.07451 ], [ -51.06103, 0.07117 ], [ -51.05935, 0.06751 ] ] ] ] } },
{ "type": "Feature", "properties": { "cluster": 147.0, "hvi": 0.1237, "population": 956, "setores": 1, "municipio": "Macapá" }, "geometry": { "type": "Polygon", "coordinates": [ [ [ -51.09977, -0.0014 ], [ -51.09143, -0.00282 ], [ -51.09978, -0.00272 ], [ -51.09977, -0.0014 ] ] ] } },
{ "type": "Feature", "properties": { "cluster": 148.0, "hvi": 0.1046, "population": 2448, "setores": 4, "municipio": "Macapá" }, "geometry": { "type": "Polygon", "coordinates": [ [ [ -51.08583, 0.07074 ], [ -51.08353, 0.07223 ], [ -51.08229, 0.07417 ], [ -51.08267, 0.0736 ], [ -51.08573, 0.07309 ], [ -51.08385, 0.07521 ], [ -51.08105, 0.07621 ], [ -51.07787, 0.07587 ], [ -51.08185, 0.0733 ], [ -51.07935, 0.07193 ], [ -51.08447, 0.06861 ], [ -51.08583, 0.07074 ] ], [ [ -51.08311, 0.07421 ], [ -51.08365, 0.07424 ], [ -51.08267, 0.0736 ], [ -51.08311, 0.07421 ] ] ] } },
{ "type": "Feature", "properties": { "cluster": 149.0, "hvi": 0.1086, "population": 2142, "setores": 3, "municipio": "Macapá" }, "geometry": { "type": "MultiPolygon", "coordinates": [ [ [ [ -51.09183, 0.07131 ], [ -51.08905, 0.07458 ], [ -51.08639, 0.07038 ], [ -51.08982, 0.06817 ], [ -51.09183, 0.07131 ] ] ], [ [ [ -51.0943, 0.07519 ], [ -51.09183, 0.07131 ], [ -51.09218, 0.06811 ], [ -51.09613, 0.07295 ], [ -51.0947, 0.07582 ], [ -51.0943, 0.07519 ] ] ], [ [ [ -51.09258, 0.07375 ], [ -51.0943, 0.07519 ], [ -51.09294, 0.07603 ], [ -51.09258, 0.07375 ] ] ] ] } },
{ "type": "Feature", "properties": { "cluster": 150.0, "hvi": 0.1103, "population": 2869, "setores": 4, "municipio": "Macapá" }, "geometry": { "type": "MultiPolygon", "coordinates": [ [ [ [ -51.07664, 0.0752 ], [ -51.0773, 0.07624 ], [ -51.0712, 0.07872 ], [ -51.07664, 0.0752 ] ] ], [ [ [ -51.08574, 0.07598 ], [ -51.08541, 0.07881 ], [ -51.08394, 0.07528 ], [ -51.08574, 0.07598 ] ] ], [ [ [ -51.08105, 0.07621 ], [ -51.07891, 0.07974 ], [ -51.07787, 0.07587 ], [ -51.08105, 0.07621 ] ] ], [ [ [ -51.08064, 0.08082 ], [ -51.07891, 0.07974 ], [ -51.08334, 0.07625 ], [ -51.08064, 0.08082 ] ] ] ] } },
{ "type": "Feature", "properties": { "cluster": 151.0, "hvi": 0.1416, "population": 2666, "setores": 2, "municipio": "Macapá" }, "geometry": { "type": "Polygon", "coordinates": [ [ [ -51.08363, 0.09686 ], [ -51.08578, 0.09738 ], [ -51.08473, 0.09987 ], [ -51.09198, 0.10284 ], [ -51.08173, 0.10698 ], [ -51.0709, 0.10864 ], [ -51.07531, 0.10104 ], [ -51.08363, 0.09686 ] ] ] } },
{ "type": "Feature", "properties": { "cluster": 152.0, "hvi": 0.1182, "population": 2679, "setores": 3, "municipio": "Macapá" }, "geometry": { "type": "Polygon", "coordinates": [ [ [ -51.08072, 0.09202 ], [ -51.08294, 0.09119 ], [ -51.08197, 0.09282 ], [ -51.08499, 0.09473 ], [ -51.08236, 0.09901 ], [ -51.07531, 0.10104 ], [ -51.08072, 0.09202 ] ] ] } },
{ "type": "Feature", "properties": { "cluster": 153.0, "hvi": 0.1172, "population": 890, "setores": 1, "municipio": "Macapá" }, "geometry": { "type": "Polygon", "coordinates": [ [ [ -51.05823, 0.10298 ], [ -51.05595, 0.10049 ], [ -51.05943, 0.0978 ], [ -51.06051, 0.10084 ], [ -51.05823, 0.10298 ] ] ] } },
{ "type": "Feature", "properties": { "cluster": 154.0, "hvi": 0.1067, "population": 2532, "setores": 4, "municipio": "Macapá" }, "geometry": { "type": "MultiPolygon", "coordinates": [ [ [ [ -51.06129, 0.07777 ], [ -51.06401, 0.07767 ], [ -51.06349, 0.08262 ], [ -51.06154, 0.08428 ], [ -51.05687, 0.08375 ], [ -51.06079, 0.08272 ], [ -51.06141, 0.08097 ], [ -51.06137, 0.07989 ], [ -51.05741, 0.08216 ], [ -51.05717, 0.07778 ], [ -51.05822, 0.07778 ], [ -51.05811, 0.07435 ], [ -51.05987, 0.07586 ], [ -51.05995, 0.07777 ], [ -51.06129, 0.07777 ] ] ] ] } },
{ "type": "Feature", "properties": { "cluster": 155.0, "hvi": 0.1024, "population": 2292, "setores": 4, "municipio": "Macapá" }, "geometry": { "type": "MultiPolygon", "coordinates": [ [ [ [ -51.05169, 0.09842 ], [ -51.05035, 0.09846 ], [ -51.05179, 0.09484 ], [ -51.05169, 0.09842 ] ] ], [ [ [ -51.06066, 0.09662 ], [ -51.05551, 0.10083 ], [ -51.05533, 0.09683 ], [ -51.06066, 0.09662 ] ] ], [ [ [ -51.05545, 0.09971 ], [ -51.05042, 0.09992 ], [ -51.05539, 0.09829 ], [ -51.05545, 0.09971 ] ] ], [ [ [ -51.06586, 0.10383 ], [ -51.06517, 0.10402 ], [ -51.05943, 0.0978 ], [ -51.06586, 0.10383 ] ] ] ] } },
{ "type": "Feature", "properties": { "cluster": 156.0, "hvi": 0.1096, "population": 1055, "setores": 2, "municipio": "Macapá" }, "geometry": { "type": "Polygon", "coordinates": [ [ [ -51.0514, 0.04274 ], [ -51.05465, 0.04299 ], [ -51.05439, 0.04659 ], [ -51.05116, 0.04636 ], [ -51.0514, 0.04274 ] ] ] } },
{ "type": "Feature", "properties": { "cluster": 157.0, "hvi": 0.0865, "population": 275, "setores": 1, "municipio": "Macapá" }, "geometry": { "type": "Polygon", "coordinates": [ [ [ -51.07219, 0.00995 ], [ -51.07056, 0.00899 ], [ -51.07224, 0.00912 ], [ -51.07219, 0.00995 ] ] ] } },
{ "type": "Feature", "properties": { "cluster": 158.0, "hvi": 0.1536, "population": 2834, "setores": 3, "municipio": "Macapá" }, "geometry": { "type": "MultiPolygon", "coordinates": [ [ [ [ -51.07241, 0.00709 ], [ -51.07224, 0.00912 ], [ -51.07056, 0.00899 ], [ -51.07241, 0.00709 ] ] ], [ [ [ -51.07775, 0.00935 ], [ -51.07423, 0.00831 ], [ -51.07659, 0.00738 ], [ -51.07775, 0.00935 ] ] ], [ [ [ -51.07402, 0.00704 ], [ -51.07429, 0.00992 ], [ -51.07241, 0.00709 ], [ -51.07402, 0.00704 ] ] ] ] } },
{ "type": "Feature", "properties": { "cluster": 159.0, "hvi": 0.1086, "population": 1565, "setores": 3, "municipio": "Macapá" }, "geometry": { "type": "MultiPolygon", "coordinates": [ [ [ [ -51.08046, 0.01069 ], [ -51.08007, 0.01189 ], [ -51.07924, 0.01182 ], [ -51.07965, 0.01144 ], [ -51.07856, 0.00962 ], [ -51.08046, 0.01069 ] ] ], [ [ [ -51.08422, 0.01051 ], [ -51.08113, 0.01366 ], [ -51.08046, 0.01069 ], [ -51.08422, 0.01051 ] ] ] ] } },
{ "type": "Feature", "properties": { "cluster": 160.0, "hvi": 0.1209, "population": 3094, "setores": 4, "municipio": "Macapá" }, "geometry": { "type": "MultiPolygon", "coordinates": [ [ [ [ -51.04861, 0.05455 ], [ -51.04838, 0.05566 ], [ -51.04678, 0.05478 ], [ -51.04861, 0.05455 ] ] ], [ [ [ -51.04669, 0.05507 ], [ -51.04514, 0.05883 ], [ -51.04545, 0.05707 ], [ -51.04669, 0.05507 ] ] ], [ [ [ -51.05008, 0.0578 ], [ -51.04948, 0.06042 ], [ -51.04814, 0.06138 ], [ -51.04514, 0.05883 ], [ -51.04859, 0.06071 ], [ -51.04525, 0.0586 ], [ -51.05008, 0.0578 ] ] ] ] } },
{ "type": "Feature", "properties": { "cluster": 161.0, "hvi": 0.1515, "population": 1175, "setores": 1, "municipio": "Macapá" }, "geometry": { "type": "Polygon", "coordinates": [ [ [ -51.04545, 0.05707 ], [ -51.04511, 0.05454 ], [ -51.0462, 0.05466 ], [ -51.04545, 0.05707 ] ] ] } },
{ "type": "Feature", "properties": { "cluster": 162.0, "hvi": 0.1325, "population": 2976, "setores": 3, "municipio": "Macapá" }, "geometry": { "type": "MultiPolygon", "coordinates": [ [ [ [ -51.06014, 0.00042 ], [ -51.06433, 0.00053 ], [ -51.06433, 0.00138 ], [ -51.06014, 0.00042 ] ] ], [ [ [ -51.06433, 0.00138 ], [ -51.06433, 0.00218 ], [ -51.06007, 0.00121 ], [ -51.06433, 0.00138 ] ] ], [ [ [ -51.06638, 0.00056 ], [ -51.06526, 0.00287 ], [ -51.06433, 0.00053 ], [ -51.06638, 0.00056 ] ] ] ] } },
{ "type": "Feature", "properties": { "cluster": 163.0, "hvi": 0.1251, "population": 2565, "setores": 3, "municipio": "Macapá" }, "geometry": { "type": "Polygon", "coordinates": [ [ [ -51.07328, -0.00761 ], [ -51.07341, -0.00313 ], [ -51.0693, 0.00061 ], [ -51.06484, -0.00027 ], [ -51.06072, -0.00218 ], [ -51.06934, -0.01415 ], [ -51.07328, -0.00761 ] ], [ [ -51.07221, -0.00807 ], [ -51.06954, -0.00746 ], [ -51.0711, -0.00565 ], [ -51.07024, -0.00721 ], [ -51.07147, -0.00647 ], [ -51.07221, -0.00807 ] ] ] } },
{ "type": "Feature", "properties": { "cluster": 164.0, "hvi": 0.1523, "population": 1419, "setores": 1, "municipio": "Macapá" }, "geometry": { "type": "Polygon", "coordinates": [ [ [ -51.07527, -0.00101 ], [ -51.0723, -0.00134 ], [ -51.07446, -0.00279 ], [ -51.07527, -0.00101 ] ] ] } },
{ "type": "Feature", "properties": { "cluster": 165.0, "hvi": 0.1764, "population": 1165, "setores": 1, "municipio": "Macapá" }, "geometry": { "type": "Polygon", "coordinates": [ [ [ -51.09015, 0.01753 ], [ -51.08706, 0.01457 ], [ -51.09176, 0.01876 ], [ -51.09015, 0.01753 ] ] ] } },
{ "type": "Feature", "properties": { "cluster": 166.0, "hvi": 0.1369, "population": 2800, "setores": 4, "municipio": "Macapá" }, "geometry": { "type": "MultiPolygon", "coordinates": [ [ [ [ -51.08841, 0.01867 ], [ -51.08864, 0.02086 ], [ -51.08715, 0.02168 ], [ -51.0884, 0.01862 ], [ -51.0891, 0.01736 ], [ -51.09209, 0.01896 ], [ -51.08841, 0.01867 ] ] ], [ [ [ -51.09228, 0.01913 ], [ -51.09195, 0.02048 ], [ -51.08841, 0.01867 ], [ -51.09228, 0.01913 ] ] ], [ [ [ -51.08635, 0.0222 ], [ -51.08642, 0.0193 ], [ -51.08715, 0.02168 ], [ -51.08635, 0.0222 ] ] ] ] } },
{ "type": "Feature", "properties": { "cluster": 167.0, "hvi": 0.108, "population": 1367, "setores": 3, "municipio": "Macapá" }, "geometry": { "type": "Polygon", "coordinates": [ [ [ -51.0768, 0.02557 ], [ -51.07763, 0.02331 ], [ -51.0788, 0.02329 ], [ -51.08067, 0.02556 ], [ -51.08139, 0.02454 ], [ -51.08201, 0.02652 ], [ -51.0768, 0.02557 ] ] ] } },
{ "type": "Feature", "properties": { "cluster": 168.0, "hvi": 0.1439, "population": 1671, "setores": 2, "municipio": "Macapá" }, "geometry": { "type": "Polygon", "coordinates": [ [ [ -51.08723, -0.01575 ], [ -51.08848, -0.01715 ], [ -51.09003, -0.01605 ], [ -51.08553, -0.01383 ], [ -51.08701, -0.0155 ], [ -51.08552, -0.01596 ], [ -51.08612, -0.01848 ], [ -51.08723, -0.01575 ] ] ] } },
{ "type": "Feature", "properties": { "cluster": 169.0, "hvi": 0.1609, "population": 1156, "setores": 1, "municipio": "Macapá" }, "geometry": { "type": "Polygon", "coordinates": [ [ [ -51.09648, -0.01359 ], [ -51.09567, -0.0105 ], [ -51.09314, -0.01095 ], [ -51.09358, -0.01276 ], [ -51.09648, -0.01359 ] ] ] } },
{ "type": "Feature", "properties": { "cluster": 170.0, "hvi": 0.1482, "population": 915, "setores": 1, "municipio": "Macapá" }, "geometry": { "type": "Polygon", "coordinates": [ [ [ -51.08934, -0.01353 ], [ -51.09185, -0.01464 ], [ -51.0893, -0.01234 ], [ -51.08934, -0.01353 ] ] ] } },
{ "type": "Feature", "properties": { "cluster": 171.0, "hvi": 0.1222, "population": 1083, "setores": 2, "municipio": "Macapá" }, "geometry": { "type": "MultiPolygon", "coordinates": [ [ [ [ -51.09714, -0.01427 ], [ -51.09687, -0.00961 ], [ -51.0957, -0.0125 ], [ -51.09714, -0.01427 ] ] ], [ [ [ -51.09779, -0.00939 ], [ -51.09687, -0.00949 ], [ -51.09724, -0.01412 ], [ -51.09779, -0.00939 ] ] ] ] } },
{ "type": "Feature", "properties": { "cluster": 172.0, "hvi": 0.1156, "population": 1012, "setores": 2, "municipio": "Macapá" }, "geometry": { "type": "MultiPolygon", "coordinates": [ [ [ [ -51.09026, -0.00827 ], [ -51.09474, -0.00823 ], [ -51.09473, -0.00754 ], [ -51.09026, -0.00827 ] ] ], [ [ [ -51.09024, -0.00688 ], [ -51.09025, -0.00762 ], [ -51.09473, -0.00754 ], [ -51.09024, -0.00688 ] ] ] ] } },
{ "type": "Feature", "properties": { "cluster": 173.0, "hvi": 0.1134, "population": 1307, "setores": 2, "municipio": "Macapá" }, "geometry": { "type": "Polygon", "coordinates": [ [ [ -51.0936, -0.00378 ], [ -51.09144, -0.00487 ], [ -51.09562, -0.00482 ], [ -51.09561, -0.00278 ], [ -51.09318, -0.00347 ], [ -51.0936, -0.00378 ] ] ] } },
{ "type": "Feature", "properties": { "cluster": 174.0, "hvi": 0.1102, "population": 2558, "setores": 4, "municipio": "Macapá" }, "geometry": { "type": "MultiPolygon", "coordinates": [ [ [ [ -51.09123, -0.00687 ], [ -51.09563, -0.00685 ], [ -51.09123, -0.00655 ], [ -51.09123, -0.00687 ] ] ], [ [ [ -51.0944, -0.00618 ], [ -51.09413, -0.0053 ], [ -51.09144, -0.0062 ], [ -51.0944, -0.00618 ] ] ], [ [ [ -51.09144, -0.0062 ], [ -51.0914, -0.0008 ], [ -51.08775, -0.00082 ], [ -51.08777, -0.00353 ], [ -51.09144, -0.0062 ] ] ] ] } },
{ "type": "Feature", "properties": { "cluster": 175.0, "hvi": 0.1335, "population": 902, "setores": 1, "municipio": "Macapá" }, "geometry": { "type": "Polygon", "coordinates": [ [ [ -51.0978, 0.00164 ], [ -51.1007, -0.0007 ], [ -51.1007, 0.00003 ], [ -51.0978, 0.00164 ] ] ] } },
{ "type": "Feature", "properties": { "cluster": 176.0, "hvi": 0.1831, "population": 2396, "setores": 2, "municipio": "Macapá" }, "geometry": { "type": "MultiPolygon", "coordinates": [ [ [ [ -51.09668, 0.01202 ], [ -51.09929, 0.01014 ], [ -51.10032, 0.01343 ], [ -51.09668, 0.01202 ] ] ], [ [ [ -51.09668, 0.01202 ], [ -51.09648, 0.01572 ], [ -51.09486, 0.01588 ], [ -51.09451, 0.01184 ], [ -51.09668, 0.01202 ] ] ] ] } },
{ "type": "Feature", "properties": { "cluster": 177.0, "hvi": 0.1967, "population": 2575, "setores": 2, "municipio": "Macapá" }, "geometry": { "type": "MultiPolygon", "coordinates": [ [ [ [ -51.09202, 0.0116 ], [ -51.09317, 0.01133 ], [ -51.09486, 0.01588 ], [ -51.09202, 0.0116 ] ] ], [ [ [ -51.09202, 0.0116 ], [ -51.09214, 0.01641 ], [ -51.09157, 0.01616 ], [ -51.09202, 0.0116 ] ] ] ] } },
{ "type": "Feature", "properties": { "cluster": 178.0, "hvi": 0.1455, "population": 921, "setores": 1, "municipio": "Macapá" }, "geometry": { "type": "Polygon", "coordinates": [ [ [ -51.05909, 0.09018 ], [ -51.05566, 0.09033 ], [ -51.05665, 0.08809 ], [ -51.05909, 0.09018 ] ] ] } },
{ "type": "Feature", "properties": { "cluster": 179.0, "hvi": 0.0885, "population": 255, "setores": 1, "municipio": "Macapá" }, "geometry": { "type": "Polygon", "coordinates": [ [ [ -51.06038, 0.00627 ], [ -51.05952, 0.00498 ], [ -51.06053, 0.00509 ], [ -51.06038, 0.00627 ] ] ] } },
{ "type": "Feature", "properties": { "cluster": 180.0, "hvi": 0.0955, "population": 780, "setores": 2, "municipio": "Macapá" }, "geometry": { "type": "Polygon", "coordinates": [ [ [ -51.18766, 0.2269 ], [ -51.19277, 0.22965 ], [ -51.21468, 0.23576 ], [ -51.22627, 0.24766 ], [ -51.23718, 0.24921 ], [ -51.25161, 0.25955 ], [ -51.32489, 0.33698 ], [ -51.33176, 0.35328 ], [ -51.34873, 0.37294 ], [ -51.38778, 0.39341 ], [ -51.41236, 0.4106 ], [ -51.45243, 0.46183 ], [ -51.46872, 0.46923 ], [ -51.48357, 0.47045 ], [ -51.49313, 0.46791 ], [ -51.4906, 0.4755 ], [ -51.48554, 0.47901 ], [ -51.4733, 0.47648 ], [ -51.46917, 0.48314 ], [ -51.47082, 0.4946 ], [ -51.46494, 0.49791 ], [ -51.46086, 0.50581 ], [ -51.4494, 0.5041 ], [ -51.44403, 0.50994 ], [ -51.42554, 0.50353 ], [ -51.41145, 0.48428 ], [ -51.38078, 0.48928 ], [ -51.36224, 0.48433 ], [ -51.33374, 0.46682 ], [ -51.32176, 0.47457 ], [ -51.31164, 0.47493 ], [ -51.3026, 0.46595 ], [ -51.28691, 0.46233 ], [ -51.27586, 0.45345 ], [ -51.26749, 0.45299 ], [ -51.26533, 0.45562 ], [ -51.2629, 0.45365 ], [ -51.2605, 0.45702 ], [ -51.25757, 0.44942 ], [ -51.26192, 0.4459 ], [ -51.25265, 0.44041 ], [ -51.25386, 0.43506 ], [ -51.24631, 0.43085 ], [ -51.24534, 0.41573 ], [ -51.23868, 0.41335 ], [ -51.23597, 0.40433 ], [ -51.21739, 0.39823 ], [ -51.20878, 0.38269 ], [ -51.20971, 0.37028 ], [ -51.20593, 0.3597 ], [ -51.21235, 0.34301 ], [ -51.20821, 0.33556 ], [ -51.20989, 0.33121 ], [ -51.20639, 0.31706 ], [ -51.19003, 0.31716 ], [ -51.17581, 0.30675 ], [ -51.16154, 0.31745 ], [ -51.14475, 0.31495 ], [ -51.13891, 0.29916 ], [ -51.13319, 0.29571 ], [ -51.13751, 0.28445 ], [ -51.13463, 0.26536 ], [ -51.14167, 0.25886 ], [ -51.14664, 0.26248 ], [ -51.16009, 0.26069 ], [ -51.16664, 0.25197 ], [ -51.17047, 0.2568 ], [ -51.17708, 0.2523 ], [ -51.17458, 0.24849 ], [ -51.17529, 0.23623 ], [ -51.16892, 0.23751 ], [ -51.17198, 0.23377 ], [ -51.16878, 0.22829 ], [ -51.1842, 0.23752 ], [ -51.18158, 0.23143 ], [ -51.18766, 0.2269 ] ] ] } },
{ "type": "Feature", "properties": { "cluster": 181.0, "hvi": 0.0776, "population": 302, "setores": 4, "municipio": "Macapá" }, "geometry": { "type": "Polygon", "coordinates": [ [ [ -51.27697, 0.18235 ], [ -51.27643, 0.18052 ], [ -51.28308, 0.17368 ], [ -51.29885, 0.19007 ], [ -51.29146, 0.19623 ], [ -51.29186, 0.19675 ], [ -51.28993, 0.20284 ], [ -51.28345, 0.20499 ], [ -51.27607, 0.19766 ], [ -51.27445, 0.18592 ], [ -51.2777, 0.18483 ], [ -51.27737, 0.1837 ], [ -51.26991, 0.18875 ], [ -51.26321, 0.18784 ], [ -51.25547, 0.17743 ], [ -51.27112, 0.1761 ], [ -51.27697, 0.18235 ] ], [ [ -51.27831, 0.18693 ], [ -51.28333, 0.19079 ], [ -51.28529, 0.1927 ], [ -51.28535, 0.19191 ], [ -51.27831, 0.18693 ] ], [ [ -51.28523, 0.19759 ], [ -51.28527, 0.19414 ], [ -51.28418, 0.1977 ], [ -51.28523, 0.19759 ] ], [ [ -51.28279, 0.19783 ], [ -51.28368, 0.19774 ], [ -51.28042, 0.19622 ], [ -51.28279, 0.19783 ] ] ] } },
{ "type": "Feature", "properties": { "cluster": 182.0, "hvi": 0.1294, "population": 2907, "setores": 4, "municipio": "Macapá" }, "geometry": { "type": "MultiPolygon", "coordinates": [ [ [ [ -51.07281, 0.00511 ], [ -51.07808, 0.0024 ], [ -51.07803, 0.00737 ], [ -51.07768, 0.00678 ], [ -51.07703, 0.00741 ], [ -51.07745, 0.0064 ], [ -51.07673, 0.00517 ], [ -51.07281, 0.00511 ] ] ], [ [ [ -51.0861, 0.00495 ], [ -51.08768, 0.00467 ], [ -51.08791, 0.0064 ], [ -51.08363, 0.00729 ], [ -51.08394, 0.00654 ], [ -51.08001, 0.00784 ], [ -51.08157, 0.00356 ], [ -51.0861, 0.00495 ] ] ] ] } },
{ "type": "Feature", "properties": { "cluster": 183.0, "hvi": 0.1106, "population": 1681, "setores": 3, "municipio": "Macapá" }, "geometry": { "type": "MultiPolygon", "coordinates": [ [ [ [ -51.07719, 0.0132 ], [ -51.07857, 0.01419 ], [ -51.07808, 0.01474 ], [ -51.07719, 0.0132 ] ] ], [ [ [ -51.07607, 0.0139 ], [ -51.07808, 0.01474 ], [ -51.07592, 0.01492 ], [ -51.07607, 0.0139 ] ] ], [ [ [ -51.07942, 0.01369 ], [ -51.08163, 0.01571 ], [ -51.07732, 0.01788 ], [ -51.07942, 0.01369 ] ] ] ] } },
{ "type": "Feature", "properties": { "cluster": 184.0, "hvi": 0.116, "population": 2582, "setores": 3, "municipio": "Macapá" }, "geometry": { "type": "MultiPolygon", "coordinates": [ [ [ [ -51.10789, 0.04606 ], [ -51.10588, 0.04299 ], [ -51.11378, 0.0448 ], [ -51.10789, 0.04606 ] ] ], [ [ [ -51.10895, 0.04588 ], [ -51.11356, 0.04553 ], [ -51.11495, 0.04688 ], [ -51.11713, 0.04674 ], [ -51.11658, 0.04941 ], [ -51.11284, 0.04705 ], [ -51.10956, 0.04662 ], [ -51.10895, 0.04588 ] ] ] ] } },
{ "type": "Feature", "properties": { "cluster": 185.0, "hvi": 0.1102, "population": 2909, "setores": 4, "municipio": "Macapá" }, "geometry": { "type": "MultiPolygon", "coordinates": [ [ [ [ -51.10588, 0.04279 ], [ -51.11076, 0.0414 ], [ -51.11576, 0.04362 ], [ -51.10898, 0.04304 ], [ -51.10588, 0.04279 ] ] ], [ [ [ -51.12377, 0.04178 ], [ -51.12153, 0.04641 ], [ -51.11958, 0.0461 ], [ -51.11954, 0.04672 ], [ -51.11761, 0.04579 ], [ -51.11755, 0.04672 ], [ -51.1155, 0.0474 ], [ -51.11356, 0.04553 ], [ -51.11594, 0.04552 ], [ -51.12081, 0.03951 ], [ -51.12377, 0.04178 ] ] ] ] } },
{ "type": "Feature", "properties": { "cluster": 186.0, "hvi": 0.123, "population": 2029, "setores": 2, "municipio": "Macapá" }, "geometry": { "type": "MultiPolygon", "coordinates": [ [ [ [ -51.06354, 0.09756 ], [ -51.06646, 0.10325 ], [ -51.06574, 0.1037 ], [ -51.06156, 0.09916 ], [ -51.06354, 0.09756 ] ] ], [ [ [ -51.06513, 0.09926 ], [ -51.06768, 0.10214 ], [ -51.06646, 0.10325 ], [ -51.06513, 0.09926 ] ] ] ] } },
{ "type": "Feature", "properties": { "cluster": 187.0, "hvi": 0.1213, "population": 878, "setores": 1, "municipio": "Macapá" }, "geometry": { "type": "Polygon", "coordinates": [ [ [ -51.07991, -0.02448 ], [ -51.08262, -0.0256 ], [ -51.08276, -0.02465 ], [ -51.07991, -0.02448 ] ] ] } },
{ "type": "Feature", "properties": { "cluster": 188.0, "hvi": 0.0941, "population": 2510, "setores": 6, "municipio": "Macapá" }, "geometry": { "type": "MultiPolygon", "coordinates": [ [ [ [ -51.17972, -0.00966 ], [ -51.17999, -0.00014 ], [ -51.17797, 0.0 ], [ -51.17846, -0.0093 ], [ -51.17972, -0.00966 ] ] ], [ [ [ -51.24252, 0.01935 ], [ -51.23479, 0.01649 ], [ -51.24372, 0.00981 ], [ -51.24807, 0.01154 ], [ -51.24252, 0.01935 ] ] ], [ [ [ -51.23678, 0.02563 ], [ -51.23342, 0.02458 ], [ -51.23442, 0.02082 ], [ -51.22856, 0.03235 ], [ -51.23495, 0.03434 ], [ -51.24507, 0.0303 ], [ -51.24914, 0.03459 ], [ -51.2433, 0.04061 ], [ -51.24263, 0.04963 ], [ -51.23825, 0.05262 ], [ -51.22535, 0.0472 ], [ -51.2193, 0.03827 ], [ -51.20821, 0.04674 ], [ -51.20266, 0.06471 ], [ -51.19411, 0.07507 ], [ -51.18675, 0.0778 ], [ -51.17719, 0.07651 ], [ -51.16432, 0.06553 ], [ -51.14586, 0.06318 ], [ -51.14299, 0.05611 ], [ -51.13739, 0.05385 ], [ -51.13913, 0.03808 ], [ -51.13838, 0.0386 ], [ -51.13639, 0.06736 ], [ -51.13502, 0.04511 ], [ -51.13616, 0.04045 ], [ -51.14644, 0.02893 ], [ -51.15905, 0.0242 ], [ -51.14354, 0.035 ], [ -51.16618, 0.02213 ], [ -51.18015, 0.03311 ], [ -51.19421, 0.02059 ], [ -51.20129, 0.02616 ], [ -51.20361, 0.02358 ], [ -51.21157, 0.02601 ], [ -51.22056, 0.01534 ], [ -51.23148, 0.01289 ], [ -51.23474, 0.01965 ], [ -51.23507, 0.01839 ], [ -51.2382, 0.01845 ], [ -51.23678, 0.02563 ] ] ] ] } },
{ "type": "Feature", "properties": { "cluster": 189.0, "hvi": 0.1177, "population": 898, "setores": 1, "municipio": "Macapá" }, "geometry": { "type": "Polygon", "coordinates": [ [ [ -51.0595, 0.01654 ], [ -51.0615, 0.01609 ], [ -51.06146, 0.0167 ], [ -51.0595, 0.01654 ] ] ] } },
{ "type": "Feature", "properties": { "cluster": 190.0, "hvi": 0.1241, "population": 2050, "setores": 2, "municipio": "Macapá" }, "geometry": { "type": "MultiPolygon", "coordinates": [ [ [ [ -51.0764, 0.01987 ], [ -51.07645, 0.01917 ], [ -51.07786, 0.01893 ], [ -51.0764, 0.01987 ] ] ], [ [ [ -51.0767, 0.01989 ], [ -51.07781, 0.01996 ], [ -51.07778, 0.02101 ], [ -51.0767, 0.01989 ] ] ] ] } },
{ "type": "Feature", "properties": { "cluster": 191.0, "hvi": 0.1151, "population": 2461, "setores": 3, "municipio": "Macapá" }, "geometry": { "type": "MultiPolygon", "coordinates": [ [ [ [ -51.10859, 0.0503 ], [ -51.11141, 0.05174 ], [ -51.10765, 0.0537 ], [ -51.10735, 0.05022 ], [ -51.10609, 0.05013 ], [ -51.10563, 0.04715 ], [ -51.11319, 0.05062 ], [ -51.10859, 0.0503 ] ] ], [ [ [ -51.11634, 0.05097 ], [ -51.11563, 0.05434 ], [ -51.11141, 0.05177 ], [ -51.11634, 0.05097 ] ] ] ] } },
{ "type": "Feature", "properties": { "cluster": 192.0, "hvi": 0.1213, "population": 935, "setores": 1, "municipio": "Macapá" }, "geometry": { "type": "Polygon", "coordinates": [ [ [ -51.10727, 0.04806 ], [ -51.11278, 0.04701 ], [ -51.11195, 0.05052 ], [ -51.10727, 0.04806 ] ] ] } },
{ "type": "Feature", "properties": { "cluster": 193.0, "hvi": 0.1249, "population": 1010, "setores": 1, "municipio": "Macapá" }, "geometry": { "type": "Polygon", "coordinates": [ [ [ -51.09921, 0.0891 ], [ -51.09965, 0.08084 ], [ -51.10638, 0.08392 ], [ -51.10255, 0.09022 ], [ -51.09921, 0.0891 ] ] ] } },
{ "type": "Feature", "properties": { "cluster": 194.0, "hvi": 0.1213, "population": 2874, "setores": 3, "municipio": "Macapá" }, "geometry": { "type": "MultiPolygon", "coordinates": [ [ [ [ -51.09582, 0.08519 ], [ -51.09942, 0.08524 ], [ -51.0994, 0.08558 ], [ -51.09582, 0.08519 ] ] ], [ [ [ -51.10365, 0.09059 ], [ -51.10133, 0.09823 ], [ -51.09521, 0.09797 ], [ -51.09759, 0.08875 ], [ -51.09564, 0.08833 ], [ -51.09554, 0.08591 ], [ -51.0994, 0.08558 ], [ -51.09881, 0.08901 ], [ -51.10365, 0.09059 ] ] ] ] } },
{ "type": "Feature", "properties": { "cluster": 195.0, "hvi": 0.1237, "population": 2872, "setores": 3, "municipio": "Macapá" }, "geometry": { "type": "Polygon", "coordinates": [ [ [ -51.09947, 0.08423 ], [ -51.09846, 0.08465 ], [ -51.09946, 0.08457 ], [ -51.09942, 0.08524 ], [ -51.09604, 0.08487 ], [ -51.09564, 0.08833 ], [ -51.09271, 0.08802 ], [ -51.09301, 0.08368 ], [ -51.09947, 0.08423 ] ], [ [ -51.09612, 0.08418 ], [ -51.09604, 0.08485 ], [ -51.0975, 0.08473 ], [ -51.09612, 0.08418 ] ] ] } },
{ "type": "Feature", "properties": { "cluster": 196.0, "hvi": 0.1267, "population": 2040, "setores": 2, "municipio": "Macapá" }, "geometry": { "type": "MultiPolygon", "coordinates": [ [ [ [ -51.09623, 0.08343 ], [ -51.09955, 0.0828 ], [ -51.09947, 0.08423 ], [ -51.09623, 0.08343 ] ] ], [ [ [ -51.09421, 0.08334 ], [ -51.09623, 0.08336 ], [ -51.09614, 0.08404 ], [ -51.09421, 0.08334 ] ] ] ] } },
{ "type": "Feature", "properties": { "cluster": 197.0, "hvi": 0.124, "population": 2041, "setores": 2, "municipio": "Macapá" }, "geometry": { "type": "MultiPolygon", "coordinates": [ [ [ [ -51.09305, 0.08235 ], [ -51.0947, 0.07582 ], [ -51.09634, 0.07762 ], [ -51.09623, 0.08336 ], [ -51.09305, 0.08235 ] ] ], [ [ [ -51.09693, 0.08243 ], [ -51.09844, 0.08245 ], [ -51.09787, 0.08345 ], [ -51.09693, 0.08243 ] ] ] ] } },
{ "type": "Feature", "properties": { "cluster": 198.0, "hvi": 0.1213, "population": 1859, "setores": 2, "municipio": "Macapá" }, "geometry": { "type": "MultiPolygon", "coordinates": [ [ [ [ -51.09456, 0.082 ], [ -51.09539, 0.08268 ], [ -51.09482, 0.08302 ], [ -51.09456, 0.082 ] ] ], [ [ [ -51.09303, 0.08302 ], [ -51.09593, 0.08302 ], [ -51.09421, 0.08369 ], [ -51.09303, 0.08302 ] ] ] ] } },
{ "type": "Feature", "properties": { "cluster": 199.0, "hvi": 0.1441, "population": 2857, "setores": 3, "municipio": "Macapá" }, "geometry": { "type": "MultiPolygon", "coordinates": [ [ [ [ -51.08639, 0.07038 ], [ -51.09118, 0.078 ], [ -51.08504, 0.07588 ], [ -51.08639, 0.07038 ] ] ], [ [ [ -51.09317, 0.07685 ], [ -51.09271, 0.08802 ], [ -51.08451, 0.08695 ], [ -51.09317, 0.07685 ] ] ], [ [ [ -51.09763, 0.08862 ], [ -51.09478, 0.09724 ], [ -51.09039, 0.09507 ], [ -51.08904, 0.0877 ], [ -51.09763, 0.08862 ] ] ] ] } },
{ "type": "Feature", "properties": { "cluster": 200.0, "hvi": 0.0986, "population": 2005, "setores": 5, "municipio": "Macapá" }, "geometry": { "type": "MultiPolygon", "coordinates": [ [ [ [ -51.06204, 0.07053 ], [ -51.06299, 0.07202 ], [ -51.05792, 0.07188 ], [ -51.06204, 0.07053 ] ] ], [ [ [ -51.05786, 0.07242 ], [ -51.05544, 0.073 ], [ -51.05603, 0.06992 ], [ -51.05684, 0.07103 ], [ -51.05682, 0.07019 ], [ -51.05786, 0.07242 ] ] ], [ [ [ -51.06629, 0.07757 ], [ -51.05995, 0.07782 ], [ -51.05971, 0.07214 ], [ -51.06299, 0.07202 ], [ -51.06629, 0.07757 ] ] ], [ [ [ -51.06349, 0.08262 ], [ -51.06401, 0.07767 ], [ -51.06604, 0.08114 ], [ -51.06349, 0.08262 ] ] ] ] } },
{ "type": "Feature", "properties": { "cluster": 201.0, "hvi": 0.0907, "population": 2996, "setores": 9, "municipio": "Macapá" }, "geometry": { "type": "Polygon", "coordinates": [ [ [ -51.22056, 0.01534 ], [ -51.21157, 0.02601 ], [ -51.20361, 0.02358 ], [ -51.20794, 0.01575 ], [ -51.20129, 0.02616 ], [ -51.19421, 0.02059 ], [ -51.18719, 0.02862 ], [ -51.18026, 0.03309 ], [ -51.17777, 0.03168 ], [ -51.1769, 0.02965 ], [ -51.16637, 0.0219 ], [ -51.15905, 0.0242 ], [ -51.16771, 0.01764 ], [ -51.17049, 0.01393 ], [ -51.17029, 0.0171 ], [ -51.17527, 0.02585 ], [ -51.1745, 0.02405 ], [ -51.17116, 0.01428 ], [ -51.18855, 0.01859 ], [ -51.19491, 0.00906 ], [ -51.20262, 0.0067 ], [ -51.20666, 0.00974 ], [ -51.22056, 0.01534 ] ], [ [ -51.17493, 0.02344 ], [ -51.17346, 0.01971 ], [ -51.1745, 0.02405 ], [ -51.17493, 0.02344 ] ], [ [ -51.17597, 0.02175 ], [ -51.17569, 0.02238 ], [ -51.17617, 0.02171 ], [ -51.18263, 0.02327 ], [ -51.17346, 0.01971 ], [ -51.17597, 0.02175 ] ], [ [ -51.18123, 0.03108 ], [ -51.18393, 0.01891 ], [ -51.18263, 0.02327 ], [ -51.18123, 0.03108 ] ] ] } },
{ "type": "Feature", "properties": { "cluster": 203.0, "hvi": 0.0912, "population": 347, "setores": 1, "municipio": "Macapá" }, "geometry": { "type": "Polygon", "coordinates": [ [ [ -51.1085, 0.12098 ], [ -51.11625, 0.11804 ], [ -51.11501, 0.12711 ], [ -51.1085, 0.12098 ] ] ] } },
{ "type": "Feature", "properties": { "cluster": 204.0, "hvi": 0.1053, "population": 955, "setores": 2, "municipio": "Macapá" }, "geometry": { "type": "MultiPolygon", "coordinates": [ [ [ [ -51.12682, 0.11293 ], [ -51.12639, 0.10826 ], [ -51.13081, 0.10805 ], [ -51.13138, 0.10015 ], [ -51.13077, 0.11457 ], [ -51.12682, 0.11293 ] ] ], [ [ [ -51.13077, 0.11457 ], [ -51.13449, 0.12798 ], [ -51.12982, 0.1294 ], [ -51.13077, 0.11457 ] ] ] ] } },
{ "type": "Feature", "properties": { "cluster": 205.0, "hvi": 0.0876, "population": 257, "setores": 1, "municipio": "Macapá" }, "geometry": { "type": "Polygon", "coordinates": [ [ [ -51.1503, 0.14143 ], [ -51.14447, 0.14219 ], [ -51.14232, 0.13913 ], [ -51.1503, 0.14143 ] ] ] } },
{ "type": "Feature", "properties": { "cluster": 206.0, "hvi": 0.0797, "population": 2932, "setores": 27, "municipio": "Macapá" }, "geometry": { "type": "MultiPolygon", "coordinates": [ [ [ [ -51.16427, 0.22083 ], [ -51.16805, 0.22839 ], [ -51.17175, 0.23324 ], [ -51.16892, 0.23751 ], [ -51.17501, 0.23557 ], [ -51.17526, 0.24772 ], [ -51.16664, 0.25197 ], [ -51.16205, 0.25938 ], [ -51.14664, 0.26248 ], [ -51.14168, 0.25874 ], [ -51.13575, 0.26417 ], [ -51.13378, 0.26841 ], [ -51.1375, 0.27383 ], [ -51.13751, 0.28445 ], [ -51.13242, 0.29395 ], [ -51.14042, 0.30187 ], [ -51.14327, 0.31277 ], [ -51.1389, 0.30901 ], [ -51.12841, 0.31689 ], [ -51.1305, 0.32804 ], [ -51.13657, 0.33682 ], [ -51.12484, 0.35463 ], [ -51.12627, 0.36079 ], [ -51.11421, 0.38369 ], [ -51.11646, 0.39652 ], [ -51.10762, 0.41053 ], [ -51.09956, 0.41613 ], [ -51.09328, 0.42818 ], [ -51.08088, 0.43741 ], [ -51.06102, 0.44233 ], [ -51.05286, 0.43228 ], [ -51.05385, 0.42255 ], [ -51.04828, 0.42335 ], [ -51.03872, 0.43041 ], [ -51.02916, 0.42847 ], [ -51.03311, 0.45466 ], [ -51.02817, 0.4597 ], [ -51.02346, 0.45575 ], [ -51.01433, 0.45722 ], [ -51.0111, 0.47902 ], [ -51.00189, 0.49648 ], [ -50.99411, 0.49536 ], [ -50.97533, 0.50302 ], [ -50.9698, 0.49946 ], [ -50.95917, 0.50195 ], [ -50.94045, 0.49654 ], [ -50.92894, 0.51 ], [ -50.92794, 0.50857 ], [ -50.91868, 0.51912 ], [ -50.92209, 0.52931 ], [ -50.92027, 0.53335 ], [ -50.9089, 0.54781 ], [ -50.90296, 0.54934 ], [ -50.89412, 0.56781 ], [ -50.88709, 0.57505 ], [ -50.87697, 0.57922 ], [ -50.86666, 0.57813 ], [ -50.845, 0.56645 ], [ -50.84902, 0.55999 ], [ -50.84745, 0.55672 ], [ -50.83439, 0.55139 ], [ -50.82146, 0.55101 ], [ -50.80897, 0.52848 ], [ -50.80108, 0.52206 ], [ -50.77961, 0.54507 ], [ -50.76856, 0.54369 ], [ -50.76756, 0.53812 ], [ -50.76277, 0.53475 ], [ -50.76183, 0.52633 ], [ -50.76563, 0.52017 ], [ -50.75949, 0.5162 ], [ -50.76107, 0.50841 ], [ -50.75404, 0.51021 ], [ -50.75077, 0.50792 ], [ -50.75658, 0.50029 ], [ -50.7515, 0.49488 ], [ -50.75329, 0.48696 ], [ -50.75186, 0.48673 ], [ -50.74562, 0.47252 ], [ -50.73659, 0.47692 ], [ -50.73112, 0.47449 ], [ -50.7285, 0.45773 ], [ -50.72429, 0.46151 ], [ -50.72245, 0.45622 ], [ -50.71728, 0.45759 ], [ -50.72159, 0.44945 ], [ -50.71729, 0.44868 ], [ -50.71784, 0.4442 ], [ -50.70884, 0.4497 ], [ -50.7104, 0.43732 ], [ -50.70415, 0.43494 ], [ -50.70252, 0.44063 ], [ -50.69702, 0.43726 ], [ -50.70565, 0.43201 ], [ -50.70325, 0.42954 ], [ -50.69892, 0.43155 ], [ -50.70554, 0.42574 ], [ -50.70441, 0.42189 ], [ -50.70766, 0.41964 ], [ -50.70581, 0.41782 ], [ -50.69313, 0.41539 ], [ -50.68942, 0.42135 ], [ -50.68462, 0.41617 ], [ -50.69174, 0.41392 ], [ -50.69104, 0.41021 ], [ -50.68223, 0.41346 ], [ -50.68315, 0.4065 ], [ -50.68792, 0.40478 ], [ -50.6898, 0.398 ], [ -50.69908, 0.39792 ], [ -50.70163, 0.39244 ], [ -50.70805, 0.39251 ], [ -50.71433, 0.38362 ], [ -50.70765, 0.38131 ], [ -50.70695, 0.38645 ], [ -50.69985, 0.38262 ], [ -50.69351, 0.38463 ], [ -50.69053, 0.37842 ], [ -50.68408, 0.38045 ], [ -50.67883, 0.37025 ], [ -50.68447, 0.36863 ], [ -50.68547, 0.35812 ], [ -50.67921, 0.35672 ], [ -50.68563, 0.33895 ], [ -50.69251, 0.34258 ], [ -50.69591, 0.33585 ], [ -50.70418, 0.34211 ], [ -50.7099, 0.33562 ], [ -50.70526, 0.32936 ], [ -50.71709, 0.32627 ], [ -50.71664, 0.31889 ], [ -50.71315, 0.3224 ], [ -50.70936, 0.32063 ], [ -50.70472, 0.29852 ], [ -50.70932, 0.2897 ], [ -50.71581, 0.28085 ], [ -50.72525, 0.28683 ], [ -50.76646, 0.26337 ], [ -50.80146, 0.27471 ], [ -50.80879, 0.2718 ], [ -50.81474, 0.28205 ], [ -50.83668, 0.30103 ], [ -50.84298, 0.29774 ], [ -50.86627, 0.30022 ], [ -50.86604, 0.30411 ], [ -50.86835, 0.29617 ], [ -50.86461, 0.29958 ], [ -50.86701, 0.29381 ], [ -50.87197, 0.29046 ], [ -50.87292, 0.29201 ], [ -50.86958, 0.29505 ], [ -50.87018, 0.29563 ], [ -50.86597, 0.30544 ], [ -50.86507, 0.32099 ], [ -50.86734, 0.30348 ], [ -50.87239, 0.30757 ], [ -50.89065, 0.30576 ], [ -50.89038, 0.30118 ], [ -50.89488, 0.30317 ], [ -50.90352, 0.29722 ], [ -50.91329, 0.30105 ], [ -50.9207, 0.29 ], [ -50.92879, 0.29302 ], [ -50.9343, 0.30068 ], [ -50.92948, 0.30272 ], [ -50.94489, 0.29862 ], [ -50.94593, 0.30333 ], [ -50.94505, 0.29651 ], [ -50.94805, 0.29249 ], [ -50.96597, 0.28156 ], [ -50.98211, 0.28242 ], [ -50.98569, 0.27724 ], [ -50.99578, 0.27425 ], [ -51.01177, 0.27647 ], [ -51.01113, 0.27741 ], [ -51.02358, 0.27518 ], [ -51.02532, 0.28827 ], [ -51.02192, 0.26069 ], [ -51.0241, 0.25665 ], [ -51.04062, 0.25765 ], [ -51.04336, 0.2549 ], [ -51.0427, 0.25486 ], [ -51.03838, 0.23703 ], [ -51.04462, 0.22895 ], [ -51.03883, 0.22844 ], [ -51.07495, 0.19859 ], [ -51.09159, 0.20029 ], [ -51.10315, 0.20975 ], [ -51.10317, 0.22082 ], [ -51.11358, 0.19698 ], [ -51.13002, 0.22659 ], [ -51.14643, 0.2234 ], [ -51.14528, 0.21474 ], [ -51.15874, 0.2072 ], [ -51.16485, 0.21115 ], [ -51.16427, 0.22083 ] ], [ [ -51.09488, 0.23798 ], [ -51.08676, 0.24192 ], [ -51.09514, 0.23836 ], [ -51.10317, 0.22082 ], [ -51.09488, 0.23798 ] ], [ [ -51.03237, 0.28267 ], [ -51.02477, 0.28103 ], [ -51.03297, 0.28415 ], [ -51.03237, 0.28267 ] ], [ [ -51.1226, 0.35931 ], [ -51.12456, 0.35506 ], [ -51.12194, 0.35904 ], [ -51.1226, 0.35931 ] ], [ [ -51.04962, 0.40957 ], [ -51.04956, 0.41019 ], [ -51.0722, 0.38297 ], [ -51.04962, 0.40957 ] ], [ [ -51.09044, 0.33908 ], [ -51.08815, 0.333 ], [ -51.09021, 0.3528 ], [ -51.09044, 0.33908 ] ], [ [ -51.08241, 0.27774 ], [ -51.08364, 0.28961 ], [ -51.0825, 0.27026 ], [ -51.08241, 0.27774 ] ], [ [ -51.01077, 0.27794 ], [ -51.00979, 0.27937 ], [ -51.01352, 0.29863 ], [ -51.01077, 0.27794 ] ], [ [ -51.15641, 0.22821 ], [ -51.1562, 0.22851 ], [ -51.15733, 0.22822 ], [ -51.15641, 0.22821 ] ], [ [ -51.1378, 0.23535 ], [ -51.14183, 0.23705 ], [ -51.15061, 0.23666 ], [ -51.1378, 0.23535 ] ], [ [ -51.134, 0.23375 ], [ -51.13499, 0.23416 ], [ -51.13131, 0.22889 ], [ -51.134, 0.23375 ] ], [ [ -51.0934, 0.24253 ], [ -51.09047, 0.24839 ], [ -51.08586, 0.2606 ], [ -51.0934, 0.24253 ] ], [ [ -51.08258, 0.26465 ], [ -51.08255, 0.26641 ], [ -51.09047, 0.24839 ], [ -51.08258, 0.26465 ] ], [ [ -51.07559, 0.25495 ], [ -51.07688, 0.25438 ], [ -51.06122, 0.25168 ], [ -51.07559, 0.25495 ] ], [ [ -51.07081, 0.244 ], [ -51.07661, 0.24624 ], [ -51.0772, 0.246 ], [ -51.07081, 0.244 ] ], [ [ -51.01399, 0.33802 ], [ -51.00004, 0.35342 ], [ -50.99913, 0.35749 ], [ -51.01399, 0.33802 ] ], [ [ -50.99849, 0.36039 ], [ -50.99829, 0.3613 ], [ -51.00514, 0.37901 ], [ -50.99849, 0.36039 ] ], [ [ -50.95793, 0.38089 ], [ -50.95617, 0.37363 ], [ -50.95559, 0.37613 ], [ -50.95793, 0.38089 ] ], [ [ -50.95725, 0.36902 ], [ -50.95975, 0.36366 ], [ -50.96035, 0.35577 ], [ -50.95725, 0.36902 ] ], [ [ -50.96068, 0.3514 ], [ -50.96111, 0.34571 ], [ -50.95961, 0.34178 ], [ -50.96068, 0.3514 ] ], [ [ -51.00405, 0.40266 ], [ -51.00446, 0.40286 ], [ -51.00377, 0.40164 ], [ -51.00405, 0.40266 ] ], [ [ -51.00987, 0.4177 ], [ -51.0143, 0.41631 ], [ -51.01673, 0.41267 ], [ -51.00987, 0.4177 ] ], [ [ -50.8998, 0.41144 ], [ -50.89608, 0.40608 ], [ -50.89607, 0.40732 ], [ -50.90258, 0.41613 ], [ -50.8998, 0.41144 ] ], [ [ -50.89797, 0.3968 ], [ -50.89613, 0.39163 ], [ -50.89609, 0.40387 ], [ -50.89797, 0.3968 ] ], [ [ -50.90356, 0.38064 ], [ -50.89159, 0.37627 ], [ -50.90493, 0.38343 ], [ -50.90356, 0.38064 ] ], [ [ -50.89122, 0.36752 ], [ -50.89044, 0.3677 ], [ -50.89159, 0.37627 ], [ -50.89122, 0.36752 ] ], [ [ -50.90195, 0.37737 ], [ -50.90114, 0.37703 ], [ -50.90281, 0.37912 ], [ -50.90195, 0.37737 ] ], [ [ -50.89407, 0.37402 ], [ -50.89405, 0.37517 ], [ -50.8984, 0.37586 ], [ -50.89407, 0.37402 ] ], [ [ -50.89447, 0.36347 ], [ -50.89261, 0.35758 ], [ -50.89409, 0.36639 ], [ -50.89447, 0.36347 ] ], [ [ -50.89286, 0.34967 ], [ -50.89161, 0.35165 ], [ -50.89171, 0.35226 ], [ -50.89286, 0.34967 ] ], [ [ -50.89447, 0.34714 ], [ -50.90157, 0.34694 ], [ -50.89475, 0.34669 ], [ -50.89447, 0.34714 ] ], [ [ -50.9047, 0.3423 ], [ -50.90442, 0.34191 ], [ -50.9027, 0.34526 ], [ -50.9047, 0.3423 ] ], [ [ -50.89958, 0.33519 ], [ -50.89955, 0.33531 ], [ -50.90002, 0.3358 ], [ -50.89958, 0.33519 ] ], [ [ -50.90159, 0.3296 ], [ -50.90089, 0.32945 ], [ -50.89978, 0.3343 ], [ -50.90159, 0.3296 ] ], [ [ -50.88896, 0.32683 ], [ -50.88375, 0.33044 ], [ -50.89021, 0.32711 ], [ -50.88896, 0.32683 ] ], [ [ -50.8744, 0.33222 ], [ -50.86652, 0.33702 ], [ -50.87979, 0.33248 ], [ -50.8744, 0.33222 ] ], [ [ -50.911, 0.4981 ], [ -50.9114, 0.49802 ], [ -50.91188, 0.48605 ], [ -50.911, 0.4981 ] ], [ [ -50.91687, 0.47539 ], [ -50.91867, 0.47949 ], [ -50.91895, 0.47922 ], [ -50.91687, 0.47539 ] ], [ [ -50.9079, 0.47482 ], [ -50.91565, 0.47314 ], [ -50.91526, 0.47244 ], [ -50.9079, 0.47482 ] ], [ [ -50.8975, 0.46555 ], [ -50.89766, 0.46569 ], [ -50.8994, 0.45171 ], [ -50.8975, 0.46555 ] ], [ [ -50.81053, 0.41823 ], [ -50.80575, 0.45242 ], [ -50.81092, 0.42561 ], [ -50.81053, 0.41823 ] ], [ [ -50.80254, 0.46907 ], [ -50.80162, 0.47016 ], [ -50.80231, 0.47025 ], [ -50.80254, 0.46907 ] ] ], [ [ [ -51.17047, 0.2568 ], [ -51.16664, 0.25197 ], [ -51.17458, 0.24849 ], [ -51.17708, 0.2523 ], [ -51.17047, 0.2568 ] ] ] ] } },
{ "type": "Feature", "properties": { "cluster": 207.0, "hvi": 0.1163, "population": 2631, "setores": 3, "municipio": "Macapá" }, "geometry": { "type": "Polygon", "coordinates": [ [ [ -51.06065, 0.09914 ], [ -51.06517, 0.10402 ], [ -51.06155, 0.10202 ], [ -51.06376, 0.1044 ], [ -51.06745, 0.10347 ], [ -51.06705, 0.10953 ], [ -51.05795, 0.10598 ], [ -51.06038, 0.10532 ], [ -51.05856, 0.10336 ], [ -51.06065, 0.09914 ] ] ] } },
{ "type": "Feature", "properties": { "cluster": 208.0, "hvi": 0.0861, "population": 3430, "setores": 16, "municipio": "Macapá" }, "geometry": { "type": "MultiPolygon", "coordinates": [ [ [ [ -51.05497, 0.10195 ], [ -51.05479, 0.10537 ], [ -51.06867, 0.1097 ], [ -51.09059, 0.10394 ], [ -51.09492, 0.108 ], [ -51.09112, 0.11678 ], [ -51.07981, 0.12028 ], [ -51.07375, 0.1294 ], [ -51.0687, 0.14682 ], [ -51.04116, 0.15227 ], [ -51.03582, 0.14988 ], [ -51.02926, 0.15873 ], [ -51.01631, 0.16097 ], [ -51.00462, 0.17606 ], [ -51.0082, 0.19538 ], [ -51.01575, 0.19974 ], [ -51.02182, 0.21185 ], [ -51.01875, 0.21656 ], [ -51.0128, 0.21676 ], [ -50.99483, 0.20877 ], [ -50.98025, 0.19606 ], [ -50.97734, 0.18834 ], [ -50.9599, 0.19198 ], [ -50.95208, 0.18917 ], [ -50.89578, 0.22027 ], [ -50.87622, 0.2023 ], [ -50.85796, 0.19816 ], [ -50.84259, 0.19899 ], [ -50.83114, 0.20433 ], [ -50.77168, 0.21111 ], [ -50.7852, 0.19064 ], [ -50.78331, 0.19087 ], [ -50.75646, 0.2297 ], [ -50.73965, 0.24226 ], [ -50.70459, 0.29832 ], [ -50.64482, 0.20875 ], [ -50.67566, 0.17918 ], [ -50.72646, 0.1416 ], [ -50.76196, 0.12098 ], [ -50.80352, 0.10632 ], [ -50.90807, 0.07948 ], [ -50.93417, 0.06968 ], [ -50.97483, 0.04179 ], [ -50.98512, 0.02942 ], [ -50.99691, 0.00345 ], [ -51.00047, -0.00035 ], [ -51.00748, -0.00035 ], [ -51.01734, -0.01072 ], [ -51.04561, -0.05088 ], [ -51.07593, -0.02987 ], [ -51.07076, -0.01499 ], [ -51.06079, -0.00245 ], [ -51.05502, 0.02464 ], [ -51.04776, 0.02997 ], [ -51.04769, 0.04081 ], [ -51.03973, 0.06152 ], [ -51.02463, 0.0804 ], [ -51.02756, 0.08064 ], [ -51.03672, 0.07596 ], [ -51.04563, 0.0798 ], [ -51.04028, 0.08171 ], [ -51.03669, 0.0871 ], [ -51.03547, 0.09968 ], [ -51.04586, 0.10146 ], [ -51.04413, 0.09946 ], [ -51.04632, 0.09939 ], [ -51.04638, 0.10149 ], [ -51.05497, 0.10195 ] ], [ [ -51.05479, 0.10537 ], [ -51.04929, 0.10539 ], [ -51.00717, 0.10707 ], [ -51.00685, 0.10443 ], [ -51.00482, 0.10819 ], [ -51.00583, 0.10719 ], [ -51.0331, 0.10615 ], [ -51.03129, 0.10716 ], [ -51.05479, 0.10537 ] ], [ [ -51.05573, 0.12642 ], [ -51.05606, 0.12193 ], [ -51.05479, 0.10537 ], [ -51.05573, 0.12642 ] ], [ [ -50.94542, 0.15893 ], [ -50.94198, 0.1594 ], [ -50.94587, 0.16103 ], [ -50.94572, 0.15956 ], [ -50.90807, 0.07948 ], [ -50.94542, 0.15893 ] ], [ [ -50.94978, 0.15589 ], [ -50.95412, 0.16645 ], [ -50.94955, 0.15388 ], [ -50.94572, 0.15956 ], [ -50.94978, 0.15589 ] ], [ [ -50.94699, 0.16929 ], [ -50.94749, 0.16985 ], [ -50.95412, 0.16645 ], [ -50.94699, 0.16929 ] ], [ [ -51.03982, 0.1491 ], [ -51.04677, 0.13695 ], [ -51.03951, 0.14916 ], [ -51.03982, 0.1491 ] ], [ [ -51.05628, 0.13216 ], [ -51.05628, 0.13186 ], [ -51.04677, 0.13695 ], [ -51.05628, 0.13216 ] ], [ [ -51.04395, 0.13034 ], [ -51.04783, 0.13414 ], [ -51.04374, 0.12985 ], [ -51.04395, 0.13034 ] ], [ [ -51.05449, 0.13193 ], [ -51.05471, 0.13096 ], [ -51.0483, 0.13398 ], [ -51.05449, 0.13193 ] ], [ [ -51.06209, 0.12399 ], [ -51.05934, 0.11397 ], [ -51.06083, 0.12047 ], [ -51.06209, 0.12399 ] ], [ [ -50.95024, 0.15285 ], [ -50.98275, 0.12979 ], [ -50.95194, 0.15032 ], [ -50.95024, 0.15285 ] ], [ [ -51.01431, 0.0933 ], [ -51.00987, 0.09884 ], [ -51.00833, 0.10169 ], [ -51.01431, 0.0933 ] ], [ [ -51.01337, 0.13398 ], [ -51.01446, 0.13489 ], [ -51.01292, 0.13196 ], [ -51.01337, 0.13398 ] ], [ [ -51.03177, 0.14307 ], [ -51.03379, 0.14277 ], [ -51.03371, 0.1425 ], [ -51.03177, 0.14307 ] ], [ [ -51.02539, 0.14405 ], [ -51.02564, 0.14402 ], [ -51.02168, 0.14095 ], [ -51.02539, 0.14405 ] ], [ [ -50.94869, 0.18505 ], [ -50.94797, 0.17672 ], [ -50.94752, 0.18362 ], [ -50.94869, 0.18505 ] ], [ [ -50.94665, 0.1689 ], [ -50.94604, 0.16273 ], [ -50.94456, 0.16655 ], [ -50.94665, 0.1689 ] ], [ [ -50.93748, 0.16002 ], [ -50.89989, 0.18031 ], [ -50.94004, 0.15967 ], [ -50.93748, 0.16002 ] ], [ [ -50.8404, 0.18805 ], [ -50.84135, 0.18801 ], [ -50.84693, 0.19196 ], [ -50.87371, 0.19052 ], [ -50.87381, 0.18745 ], [ -50.86767, 0.18474 ], [ -50.89989, 0.18031 ], [ -50.8404, 0.18805 ] ], [ [ -50.80714, 0.18787 ], [ -50.791, 0.1899 ], [ -50.82427, 0.18866 ], [ -50.80714, 0.18787 ] ] ], [ [ [ -51.05786, 0.10334 ], [ -51.06038, 0.10532 ], [ -51.05834, 0.10405 ], [ -51.05938, 0.1056 ], [ -51.05479, 0.10537 ], [ -51.05504, 0.10156 ], [ -51.05595, 0.10049 ], [ -51.05786, 0.10334 ] ] ] ] } },
{ "type": "Feature", "properties": { "cluster": 209.0, "hvi": 0.0818, "population": 2779, "setores": 21, "municipio": "Macapá" }, "geometry": { "type": "MultiPolygon", "coordinates": [ [ [ [ -51.11022, 0.02992 ], [ -51.12264, 0.0349 ], [ -51.1224, 0.03698 ], [ -51.11525, 0.04431 ], [ -51.10668, 0.04153 ], [ -51.11007, 0.04847 ], [ -51.10553, 0.04729 ], [ -51.10765, 0.0537 ], [ -51.10519, 0.0555 ], [ -51.10167, 0.04433 ], [ -51.10685, 0.03721 ], [ -51.1026, 0.03172 ], [ -51.1063, 0.03029 ], [ -51.10778, 0.02547 ], [ -51.11294, 0.02606 ], [ -51.11166, 0.02978 ], [ -51.11022, 0.02992 ] ], [ [ -51.11595, 0.03693 ], [ -51.11879, 0.0386 ], [ -51.1224, 0.03698 ], [ -51.11595, 0.03693 ] ] ], [ [ [ -51.11509, 0.02649 ], [ -51.114, 0.03118 ], [ -51.11166, 0.02978 ], [ -51.11509, 0.02649 ] ] ], [ [ [ -51.13032, 0.03671 ], [ -51.12849, 0.03557 ], [ -51.12264, 0.0349 ], [ -51.12511, 0.02916 ], [ -51.12879, 0.02943 ], [ -51.12854, 0.03557 ], [ -51.13042, 0.03581 ], [ -51.13032, 0.03671 ] ] ], [ [ [ -51.10519, 0.0555 ], [ -51.10594, 0.05613 ], [ -51.10408, 0.05769 ], [ -51.10519, 0.0555 ] ] ], [ [ [ -51.10503, 0.05703 ], [ -51.10598, 0.05642 ], [ -51.10628, 0.05786 ], [ -51.10503, 0.05703 ] ] ], [ [ [ -51.10441, 0.05609 ], [ -51.09773, 0.0603 ], [ -51.10425, 0.05606 ], [ -51.10441, 0.05609 ] ] ], [ [ [ -51.09317, 0.05866 ], [ -51.09542, 0.06143 ], [ -51.08916, 0.06078 ], [ -51.08484, 0.06427 ], [ -51.08378, 0.06266 ], [ -51.07458, 0.06857 ], [ -51.07749, 0.07313 ], [ -51.0693, 0.07785 ], [ -51.07279, 0.06951 ], [ -51.06986, 0.07368 ], [ -51.07242, 0.06973 ], [ -51.06908, 0.07174 ], [ -51.06649, 0.06464 ], [ -51.10167, 0.04433 ], [ -51.1035, 0.05348 ], [ -51.09544, 0.05517 ], [ -51.09317, 0.05866 ] ] ], [ [ [ -51.0976, 0.06021 ], [ -51.09839, 0.06134 ], [ -51.09621, 0.06258 ], [ -51.0976, 0.06021 ] ] ], [ [ [ -51.08762, 0.03736 ], [ -51.09415, 0.04667 ], [ -51.0602, 0.06872 ], [ -51.06013, 0.06434 ], [ -51.05759, 0.06386 ], [ -51.05929, 0.06119 ], [ -51.05763, 0.06136 ], [ -51.05964, 0.06063 ], [ -51.06056, 0.05919 ], [ -51.05969, 0.05575 ], [ -51.06122, 0.05628 ], [ -51.06095, 0.05858 ], [ -51.06799, 0.04754 ], [ -51.06616, 0.04741 ], [ -51.06774, 0.04456 ], [ -51.07717, 0.04493 ], [ -51.08248, 0.04108 ], [ -51.08228, 0.04013 ], [ -51.08338, 0.03995 ], [ -51.08301, 0.0407 ], [ -51.08762, 0.03736 ] ] ], [ [ [ -51.06413, 0.04853 ], [ -51.06404, 0.04976 ], [ -51.06265, 0.04843 ], [ -51.06413, 0.04853 ] ] ], [ [ [ -51.06503, 0.04997 ], [ -51.06417, 0.05125 ], [ -51.06336, 0.04973 ], [ -51.06503, 0.04997 ] ] ] ] } },
{ "type": "Feature", "properties": { "cluster": 210.0, "hvi": 0.1004, "population": 2181, "setores": 4, "municipio": "Macapá" }, "geometry": { "type": "MultiPolygon", "coordinates": [ [ [ [ -51.03962, 0.09817 ], [ -51.04513, 0.09727 ], [ -51.04528, 0.09858 ], [ -51.04621, 0.09722 ], [ -51.04628, 0.09865 ], [ -51.03545, 0.09963 ], [ -51.03766, 0.09448 ], [ -51.03962, 0.09817 ] ] ], [ [ [ -51.03545, 0.09963 ], [ -51.04413, 0.09946 ], [ -51.04419, 0.10183 ], [ -51.0363, 0.10086 ], [ -51.03545, 0.09963 ] ] ] ] } },
{ "type": "Feature", "properties": { "cluster": 211.0, "hvi": 0.1306, "population": 2326, "setores": 2, "municipio": "Macapá" }, "geometry": { "type": "MultiPolygon", "coordinates": [ [ [ [ -51.09021, 0.02117 ], [ -51.09016, 0.02203 ], [ -51.08847, 0.02203 ], [ -51.09021, 0.02117 ] ] ], [ [ [ -51.08856, 0.02088 ], [ -51.08802, 0.02285 ], [ -51.08761, 0.02285 ], [ -51.08856, 0.02088 ] ] ] ] } },
{ "type": "Feature", "properties": { "cluster": 212.0, "hvi": 0.0873, "population": 274, "setores": 1, "municipio": "Macapá" }, "geometry": { "type": "Polygon", "coordinates": [ [ [ -51.06837, 0.0095 ], [ -51.07024, 0.00736 ], [ -51.07041, 0.00761 ], [ -51.06837, 0.0095 ] ] ] } },
{ "type": "Feature", "properties": { "cluster": 213.0, "hvi": 0.0921, "population": 2707, "setores": 9, "municipio": "Macapá" }, "geometry": { "type": "MultiPolygon", "coordinates": [ [ [ [ -51.06472, 0.04717 ], [ -51.06637, 0.04684 ], [ -51.06413, 0.04853 ], [ -51.06419, 0.04727 ], [ -51.06301, 0.0516 ], [ -51.06145, 0.04711 ], [ -51.06136, 0.04837 ], [ -51.05736, 0.04808 ], [ -51.0577, 0.04321 ], [ -51.06169, 0.04348 ], [ -51.06154, 0.04581 ], [ -51.06472, 0.04717 ] ] ], [ [ [ -51.06734, 0.04467 ], [ -51.0676, 0.04475 ], [ -51.06603, 0.04568 ], [ -51.06734, 0.04467 ] ] ], [ [ [ -51.06637, 0.04684 ], [ -51.06536, 0.04675 ], [ -51.06572, 0.04548 ], [ -51.06637, 0.04684 ] ] ], [ [ [ -51.06413, 0.04853 ], [ -51.06569, 0.04871 ], [ -51.06503, 0.04997 ], [ -51.06413, 0.04853 ] ] ], [ [ [ -51.0611, 0.05215 ], [ -51.0612, 0.05088 ], [ -51.0622, 0.05222 ], [ -51.0611, 0.05215 ] ] ] ] } },
{ "type": "Feature", "properties": { "cluster": 214.0, "hvi": 0.0944, "population": 1624, "setores": 4, "municipio": "Macapá" }, "geometry": { "type": "MultiPolygon", "coordinates": [ [ [ [ -51.06934, -0.01415 ], [ -51.07531, -0.00713 ], [ -51.07146, -0.00056 ], [ -51.07328, -0.00761 ], [ -51.06934, -0.01415 ] ] ], [ [ [ -51.07146, -0.00056 ], [ -51.0732, -0.00003 ], [ -51.07138, 0.0006 ], [ -51.07146, -0.00056 ] ] ], [ [ [ -51.0693, 0.00061 ], [ -51.07021, -0.00043 ], [ -51.07138, 0.0006 ], [ -51.0693, 0.00061 ] ] ], [ [ [ -51.07319, 0.0013 ], [ -51.07217, 0.00174 ], [ -51.0732, 0.00065 ], [ -51.07319, 0.0013 ] ] ] ] } },
{ "type": "Feature", "properties": { "cluster": 215.0, "hvi": 0.1112, "population": 2742, "setores": 4, "municipio": "Macapá" }, "geometry": { "type": "MultiPolygon", "coordinates": [ [ [ [ -51.08299, -0.01057 ], [ -51.07893, -0.00025 ], [ -51.06934, -0.01415 ], [ -51.07593, -0.02987 ], [ -51.07999, -0.02411 ], [ -51.08262, -0.0256 ], [ -51.07916, -0.02539 ], [ -51.07833, -0.02894 ], [ -51.09071, -0.02043 ], [ -51.09003, -0.01605 ], [ -51.08585, -0.01799 ], [ -51.08906, -0.01016 ], [ -51.08267, -0.01234 ], [ -51.08245, -0.01333 ], [ -51.08299, -0.01057 ] ] ], [ [ [ -51.092, -0.01544 ], [ -51.09172, -0.01325 ], [ -51.09382, -0.01399 ], [ -51.09313, -0.01025 ], [ -51.08908, -0.01233 ], [ -51.09154, -0.01319 ], [ -51.092, -0.01544 ] ] ] ] } },
{ "type": "Feature", "properties": { "cluster": 216.0, "hvi": 0.1041, "population": 2999, "setores": 5, "municipio": "Macapá" }, "geometry": { "type": "MultiPolygon", "coordinates": [ [ [ [ -51.10408, 0.05769 ], [ -51.09839, 0.06134 ], [ -51.10345, 0.0567 ], [ -51.10408, 0.05769 ] ] ], [ [ [ -51.10628, 0.05786 ], [ -51.10181, 0.06774 ], [ -51.09791, 0.06933 ], [ -51.09663, 0.06428 ], [ -51.0964, 0.06699 ], [ -51.09286, 0.0692 ], [ -51.0934, 0.07002 ], [ -51.09183, 0.07131 ], [ -51.09282, 0.06923 ], [ -51.09116, 0.07026 ], [ -51.08982, 0.06817 ], [ -51.09653, 0.06384 ], [ -51.09621, 0.06258 ], [ -51.10628, 0.05786 ] ] ], [ [ [ -51.08583, 0.07074 ], [ -51.08447, 0.06861 ], [ -51.08788, 0.0664 ], [ -51.08982, 0.06817 ], [ -51.08583, 0.07074 ] ] ] ] } },
{ "type": "Feature", "properties": { "cluster": 217.0, "hvi": 0.1314, "population": 1119, "setores": 1, "municipio": "Macapá" }, "geometry": { "type": "Polygon", "coordinates": [ [ [ -51.08905, 0.07458 ], [ -51.09183, 0.07131 ], [ -51.0947, 0.07582 ], [ -51.09118, 0.078 ], [ -51.08905, 0.07458 ] ] ] } },
{ "type": "Feature", "properties": { "cluster": 218.0, "hvi": 0.1087, "population": 2680, "setores": 4, "municipio": "Macapá" }, "geometry": { "type": "MultiPolygon", "coordinates": [ [ [ [ -51.08982, 0.07878 ], [ -51.08918, 0.07941 ], [ -51.08711, 0.07534 ], [ -51.08982, 0.07878 ] ] ], [ [ [ -51.08541, 0.07881 ], [ -51.08318, 0.08229 ], [ -51.08064, 0.08082 ], [ -51.08273, 0.07726 ], [ -51.08541, 0.07881 ] ] ], [ [ [ -51.08918, 0.07941 ], [ -51.0878, 0.08155 ], [ -51.08584, 0.07815 ], [ -51.08918, 0.07941 ] ] ], [ [ [ -51.08483, 0.07975 ], [ -51.0878, 0.08155 ], [ -51.08451, 0.08695 ], [ -51.08153, 0.0851 ], [ -51.08483, 0.07975 ] ] ] ] } },
{ "type": "Feature", "properties": { "cluster": 219.0, "hvi": 0.0924, "population": 2935, "setores": 8, "municipio": "Macapá" }, "geometry": { "type": "MultiPolygon", "coordinates": [ [ [ [ -51.10365, 0.09059 ], [ -51.11417, 0.09423 ], [ -51.11133, 0.0998 ], [ -51.10133, 0.09823 ], [ -51.10365, 0.09059 ] ] ], [ [ [ -51.09499, 0.09791 ], [ -51.0901, 0.0975 ], [ -51.09023, 0.09697 ], [ -51.09499, 0.09791 ] ] ], [ [ [ -51.09128, 0.09921 ], [ -51.08617, 0.09824 ], [ -51.08642, 0.09752 ], [ -51.09128, 0.09921 ] ] ], [ [ [ -51.09413, 0.10086 ], [ -51.09157, 0.09778 ], [ -51.09585, 0.09927 ], [ -51.09413, 0.10086 ] ] ], [ [ [ -51.09216, 0.10268 ], [ -51.09723, 0.09862 ], [ -51.10564, 0.10015 ], [ -51.09665, 0.11198 ], [ -51.09059, 0.10394 ], [ -51.09198, 0.10282 ], [ -51.09208, 0.10013 ], [ -51.09413, 0.10086 ], [ -51.09216, 0.10268 ] ] ], [ [ [ -51.1278, 0.15276 ], [ -51.1238, 0.17345 ], [ -51.10317, 0.22082 ], [ -51.10315, 0.20975 ], [ -51.09159, 0.20029 ], [ -51.08209, 0.19822 ], [ -51.07495, 0.19859 ], [ -51.03922, 0.22812 ], [ -51.04282, 0.22842 ], [ -51.03838, 0.23703 ], [ -51.0427, 0.25486 ], [ -51.04062, 0.25765 ], [ -51.02287, 0.25728 ], [ -51.02221, 0.2759 ], [ -51.01575, 0.27799 ], [ -50.9973, 0.27403 ], [ -50.98569, 0.27724 ], [ -50.98211, 0.28242 ], [ -50.96597, 0.28156 ], [ -50.94805, 0.29249 ], [ -50.94489, 0.29862 ], [ -50.93803, 0.30066 ], [ -50.9207, 0.29 ], [ -50.91329, 0.30105 ], [ -50.90352, 0.29722 ], [ -50.89488, 0.30317 ], [ -50.89038, 0.30118 ], [ -50.89065, 0.30576 ], [ -50.88, 0.30792 ], [ -50.87239, 0.30757 ], [ -50.86734, 0.30348 ], [ -50.86887, 0.29438 ], [ -50.87449, 0.29066 ], [ -50.87797, 0.27958 ], [ -50.8845, 0.28129 ], [ -50.89387, 0.27513 ], [ -50.89601, 0.27728 ], [ -50.90203, 0.26682 ], [ -50.91039, 0.26807 ], [ -50.90982, 0.2734 ], [ -50.91493, 0.27332 ], [ -50.91825, 0.27161 ], [ -50.91659, 0.26757 ], [ -50.9559, 0.24142 ], [ -50.95375, 0.2494 ], [ -50.94807, 0.25305 ], [ -50.94971, 0.2598 ], [ -50.94362, 0.26917 ], [ -50.9579, 0.27046 ], [ -50.95793, 0.25715 ], [ -50.96737, 0.24611 ], [ -50.97227, 0.24761 ], [ -50.98739, 0.2351 ], [ -50.99231, 0.23459 ], [ -50.99711, 0.22309 ], [ -50.99793, 0.20871 ], [ -51.0128, 0.21676 ], [ -51.01909, 0.21608 ], [ -51.02192, 0.21218 ], [ -51.01614, 0.20033 ], [ -51.0081, 0.19513 ], [ -51.00451, 0.17734 ], [ -51.00673, 0.17016 ], [ -51.01654, 0.16084 ], [ -51.02895, 0.15899 ], [ -51.03544, 0.14999 ], [ -51.04116, 0.15227 ], [ -51.0687, 0.14682 ], [ -51.07375, 0.1294 ], [ -51.07981, 0.12028 ], [ -51.09112, 0.11678 ], [ -51.09424, 0.1113 ], [ -51.0998, 0.11445 ], [ -51.09841, 0.11856 ], [ -51.10095, 0.11917 ], [ -51.09813, 0.13707 ], [ -51.10968, 0.13881 ], [ -51.1278, 0.15276 ] ], [ [ -51.03862, 0.22807 ], [ -51.03109, 0.21479 ], [ -51.03716, 0.22795 ], [ -51.03862, 0.22807 ] ] ] ] } },
{ "type": "Feature", "properties": { "cluster": 220.0, "hvi": 0.0914, "population": 2665, "setores": 8, "municipio": "Macapá" }, "geometry": { "type": "MultiPolygon", "coordinates": [ [ [ [ -51.05893, 0.08657 ], [ -51.05691, 0.08515 ], [ -51.05886, 0.08509 ], [ -51.05893, 0.08657 ] ] ], [ [ [ -51.05905, 0.08744 ], [ -51.06027, 0.08651 ], [ -51.06028, 0.0872 ], [ -51.05905, 0.08744 ] ] ], [ [ [ -51.06239, 0.08863 ], [ -51.06028, 0.0872 ], [ -51.06233, 0.08715 ], [ -51.06239, 0.08863 ] ] ], [ [ [ -51.05951, 0.08942 ], [ -51.06032, 0.08793 ], [ -51.06037, 0.0894 ], [ -51.05951, 0.08942 ] ] ], [ [ [ -51.06452, 0.09141 ], [ -51.0661, 0.08699 ], [ -51.0661, 0.09137 ], [ -51.06452, 0.09141 ] ] ], [ [ [ -51.06452, 0.09141 ], [ -51.06233, 0.08715 ], [ -51.06436, 0.08706 ], [ -51.06452, 0.09141 ] ] ], [ [ [ -51.06249, 0.09153 ], [ -51.06036, 0.08867 ], [ -51.06239, 0.08863 ], [ -51.06249, 0.09153 ] ] ], [ [ [ -51.06145, 0.09119 ], [ -51.06038, 0.08996 ], [ -51.0612, 0.08983 ], [ -51.06145, 0.09119 ] ] ] ] } },
{ "type": "Feature", "properties": { "cluster": 221.0, "hvi": 0.1152, "population": 1034, "setores": 2, "municipio": "Macapá" }, "geometry": { "type": "MultiPolygon", "coordinates": [ [ [ [ -51.06003, 0.0803 ], [ -51.06137, 0.07989 ], [ -51.06079, 0.08272 ], [ -51.06003, 0.0803 ] ] ], [ [ [ -51.05873, 0.08172 ], [ -51.05882, 0.08366 ], [ -51.05678, 0.08375 ], [ -51.05873, 0.08172 ] ] ] ] } },
{ "type": "Feature", "properties": { "cluster": 222.0, "hvi": 0.0876, "population": 2334, "setores": 9, "municipio": "Macapá" }, "geometry": { "type": "MultiPolygon", "coordinates": [ [ [ [ -51.1421, 0.01622 ], [ -51.14755, 0.02829 ], [ -51.13661, 0.03629 ], [ -51.13968, 0.03613 ], [ -51.13616, 0.04045 ], [ -51.135, 0.03637 ], [ -51.13629, 0.03631 ], [ -51.13664, 0.03325 ], [ -51.13373, 0.03103 ], [ -51.13023, 0.0319 ], [ -51.13207, 0.03602 ], [ -51.12865, 0.03559 ], [ -51.12879, 0.02943 ], [ -51.13331, 0.03072 ], [ -51.1298, 0.02804 ], [ -51.14398, 0.02083 ], [ -51.13833, 0.02286 ], [ -51.13497, 0.01931 ], [ -51.1421, 0.01622 ] ] ], [ [ [ -51.13587, 0.04106 ], [ -51.13416, 0.03996 ], [ -51.13616, 0.04045 ], [ -51.13587, 0.04106 ] ] ], [ [ [ -51.13514, 0.04666 ], [ -51.1325, 0.04655 ], [ -51.13401, 0.04059 ], [ -51.13587, 0.04106 ], [ -51.13514, 0.04666 ] ] ], [ [ [ -51.13514, 0.04666 ], [ -51.13622, 0.05186 ], [ -51.11625, 0.05088 ], [ -51.11713, 0.04674 ], [ -51.12829, 0.04929 ], [ -51.12765, 0.04666 ], [ -51.13514, 0.04666 ] ] ], [ [ [ -51.14697, 0.11104 ], [ -51.13205, 0.12408 ], [ -51.13166, 0.10021 ], [ -51.13739, 0.05385 ], [ -51.14299, 0.05611 ], [ -51.14586, 0.06318 ], [ -51.16432, 0.06553 ], [ -51.17719, 0.07651 ], [ -51.18675, 0.0778 ], [ -51.19411, 0.07507 ], [ -51.20291, 0.06435 ], [ -51.20821, 0.04674 ], [ -51.21954, 0.03814 ], [ -51.22535, 0.0472 ], [ -51.23995, 0.05197 ], [ -51.23255, 0.05919 ], [ -51.2221, 0.06001 ], [ -51.21823, 0.06682 ], [ -51.22072, 0.07691 ], [ -51.21683, 0.07944 ], [ -51.21125, 0.07681 ], [ -51.20621, 0.08295 ], [ -51.20662, 0.08418 ], [ -51.21395, 0.08524 ], [ -51.21415, 0.09165 ], [ -51.21013, 0.09612 ], [ -51.20298, 0.09041 ], [ -51.20896, 0.09115 ], [ -51.20042, 0.08782 ], [ -51.19856, 0.0963 ], [ -51.19293, 0.10105 ], [ -51.16527, 0.09588 ], [ -51.1648, 0.11373 ], [ -51.15725, 0.11685 ], [ -51.14697, 0.11104 ] ] ] ] } },
{ "type": "Feature", "properties": { "cluster": 223.0, "hvi": 0.1168, "population": 563, "setores": 1, "municipio": "Macapá" }, "geometry": { "type": "Polygon", "coordinates": [ [ [ -51.05977, 0.0666 ], [ -51.05852, 0.06408 ], [ -51.06013, 0.06434 ], [ -51.05977, 0.0666 ] ] ] } },
{ "type": "Feature", "properties": { "cluster": 224.0, "hvi": 0.0953, "population": 2939, "setores": 7, "municipio": "Macapá" }, "geometry": { "type": "MultiPolygon", "coordinates": [ [ [ [ -51.12745, 0.04047 ], [ -51.12792, 0.04018 ], [ -51.12765, 0.04262 ], [ -51.12532, 0.04143 ], [ -51.12568, 0.0425 ], [ -51.12519, 0.04139 ], [ -51.12355, 0.04093 ], [ -51.12377, 0.04178 ], [ -51.12211, 0.04167 ], [ -51.12334, 0.04087 ], [ -51.12217, 0.04054 ], [ -51.12264, 0.0349 ], [ -51.12849, 0.03557 ], [ -51.12745, 0.04047 ] ] ], [ [ [ -51.12814, 0.03886 ], [ -51.13425, 0.03955 ], [ -51.13153, 0.0429 ], [ -51.12822, 0.04185 ], [ -51.12814, 0.03886 ] ] ], [ [ [ -51.13131, 0.04525 ], [ -51.12975, 0.04275 ], [ -51.13153, 0.0429 ], [ -51.13131, 0.04525 ] ] ] ] } },
{ "type": "Feature", "properties": { "cluster": 225.0, "hvi": 0.122, "population": 961, "setores": 1, "municipio": "Macapá" }, "geometry": { "type": "Polygon", "coordinates": [ [ [ -51.09046, 0.10243 ], [ -51.08733, 0.09843 ], [ -51.09208, 0.10013 ], [ -51.09046, 0.10243 ] ] ] } },
{ "type": "Feature", "properties": { "cluster": 226.0, "hvi": 0.0917, "population": 3257, "setores": 9, "municipio": "Macapá" }, "geometry": { "type": "MultiPolygon", "coordinates": [ [ [ [ -51.04339, 0.08237 ], [ -51.04594, 0.08361 ], [ -51.04456, 0.08498 ], [ -51.04339, 0.08237 ] ] ], [ [ [ -51.0424, 0.08721 ], [ -51.03667, 0.08728 ], [ -51.0387, 0.08437 ], [ -51.04028, 0.08653 ], [ -51.04117, 0.08435 ], [ -51.04344, 0.08499 ], [ -51.0424, 0.08721 ] ] ], [ [ [ -51.0457, 0.08711 ], [ -51.04577, 0.08855 ], [ -51.04244, 0.08863 ], [ -51.04036, 0.08727 ], [ -51.0424, 0.08721 ], [ -51.0457, 0.08711 ] ] ], [ [ [ -51.04701, 0.09211 ], [ -51.04161, 0.09229 ], [ -51.03721, 0.09233 ], [ -51.03667, 0.08728 ], [ -51.04141, 0.08946 ], [ -51.04162, 0.08864 ], [ -51.04278, 0.08938 ], [ -51.04577, 0.08855 ], [ -51.0458, 0.08926 ], [ -51.04288, 0.08945 ], [ -51.04701, 0.09211 ] ], [ [ -51.04408, 0.091 ], [ -51.04376, 0.09084 ], [ -51.04161, 0.09229 ], [ -51.04408, 0.091 ] ] ], [ [ [ -51.03721, 0.09233 ], [ -51.0405, 0.09238 ], [ -51.04057, 0.0945 ], [ -51.03721, 0.09233 ] ] ], [ [ [ -51.03837, 0.09611 ], [ -51.04057, 0.0945 ], [ -51.04068, 0.096 ], [ -51.04168, 0.09446 ], [ -51.0418, 0.09666 ], [ -51.03837, 0.09611 ] ] ] ] } },
{ "type": "Feature", "properties": { "cluster": 227.0, "hvi": 0.1135, "population": 1542, "setores": 2, "municipio": "Macapá" }, "geometry": { "type": "Polygon", "coordinates": [ [ [ -51.09058, 0.09568 ], [ -51.09022, 0.09697 ], [ -51.08783, 0.09537 ], [ -51.0856, 0.09511 ], [ -51.08661, 0.09351 ], [ -51.09522, 0.09797 ], [ -51.09058, 0.09568 ] ] ] } },
{ "type": "Feature", "properties": { "cluster": 228.0, "hvi": 0.1386, "population": 2628, "setores": 3, "municipio": "Macapá" }, "geometry": { "type": "Polygon", "coordinates": [ [ [ -51.06863, 0.07791 ], [ -51.07248, 0.07952 ], [ -51.07401, 0.08649 ], [ -51.06632, 0.09513 ], [ -51.06603, 0.0798 ], [ -51.06814, 0.07775 ], [ -51.06747, 0.07754 ], [ -51.06948, 0.07791 ], [ -51.07131, 0.07878 ], [ -51.06863, 0.07791 ] ] ] } },
{ "type": "Feature", "properties": { "cluster": 229.0, "hvi": 0.0893, "population": 2893, "setores": 10, "municipio": "Macapá" }, "geometry": { "type": "MultiPolygon", "coordinates": [ [ [ [ -51.09924, -0.04169 ], [ -51.09545, -0.05017 ], [ -51.09964, -0.05135 ], [ -51.10221, -0.04237 ], [ -51.09924, -0.04169 ] ] ], [ [ [ -51.07833, -0.02894 ], [ -51.09536, -0.03348 ], [ -51.09291, -0.04029 ], [ -51.11147, -0.04264 ], [ -51.11009, -0.04166 ], [ -51.11117, -0.03695 ], [ -51.117, -0.03618 ], [ -51.11849, -0.03997 ], [ -51.11933, -0.03745 ], [ -51.12381, -0.03853 ], [ -51.12339, -0.04316 ], [ -51.12969, -0.0464 ], [ -51.13487, -0.04732 ], [ -51.14503, -0.03676 ], [ -51.14, -0.02824 ], [ -51.13444, -0.02717 ], [ -51.13411, -0.02263 ], [ -51.12412, -0.01879 ], [ -51.12346, -0.01523 ], [ -51.11889, -0.01783 ], [ -51.10641, -0.01141 ], [ -51.09813, -0.01425 ], [ -51.0974, -0.01465 ], [ -51.09648, -0.01359 ], [ -51.09455, -0.01495 ], [ -51.09538, -0.01362 ], [ -51.09223, -0.01162 ], [ -51.0938, -0.014 ], [ -51.09003, -0.01544 ], [ -51.0893, -0.01234 ], [ -51.09071, -0.02043 ], [ -51.09236, -0.02042 ], [ -51.07833, -0.02894 ] ], [ [ -51.09809, -0.01666 ], [ -51.09773, -0.01503 ], [ -51.09813, -0.01425 ], [ -51.09809, -0.01666 ] ], [ [ -51.09791, -0.02445 ], [ -51.09514, -0.0204 ], [ -51.09801, -0.02038 ], [ -51.09789, -0.02645 ], [ -51.09644, -0.03049 ], [ -51.09791, -0.02445 ] ], [ [ -51.10854, -0.0228 ], [ -51.1066, -0.03919 ], [ -51.10657, -0.02993 ], [ -51.10854, -0.0228 ] ] ] ] } },
{ "type": "Feature", "properties": { "cluster": 230.0, "hvi": 0.1215, "population": 3756, "setores": 4, "municipio": "Macapá" }, "geometry": { "type": "MultiPolygon", "coordinates": [ [ [ [ -51.1671, 0.01858 ], [ -51.15846, 0.02404 ], [ -51.16674, 0.0183 ], [ -51.17826, 0.0 ], [ -51.1671, 0.01858 ] ] ], [ [ [ -51.16674, 0.0183 ], [ -51.1568, 0.02492 ], [ -51.14755, 0.02829 ], [ -51.14409, 0.02077 ], [ -51.14421, 0.02075 ], [ -51.1421, 0.01622 ], [ -51.13497, 0.01931 ], [ -51.1326, 0.0131 ], [ -51.12754, 0.01381 ], [ -51.1285, 0.00955 ], [ -51.12122, 0.0094 ], [ -51.1266, 0.00464 ], [ -51.12705, 0.0 ], [ -51.17736, 0.0 ], [ -51.16674, 0.0183 ] ], [ [ -51.14662, 0.02032 ], [ -51.15468, 0.01847 ], [ -51.14421, 0.02075 ], [ -51.14662, 0.02032 ] ] ] ] } },
{ "type": "Feature", "properties": { "cluster": 231.0, "hvi": 0.0891, "population": 267, "setores": 1, "municipio": "Macapá" }, "geometry": { "type": "Polygon", "coordinates": [ [ [ -51.13783, 0.0405 ], [ -51.13787, 0.04753 ], [ -51.13604, 0.0479 ], [ -51.13731, 0.04713 ], [ -51.13783, 0.0405 ] ] ] } },
{ "type": "Feature", "properties": { "cluster": 232.0, "hvi": 0.0918, "population": 2636, "setores": 8, "municipio": "Macapá" }, "geometry": { "type": "MultiPolygon", "coordinates": [ [ [ [ -51.05344, 0.03242 ], [ -51.05272, 0.04285 ], [ -51.05006, 0.04144 ], [ -51.04814, 0.04326 ], [ -51.04822, 0.03906 ], [ -51.0497, 0.03569 ], [ -51.04805, 0.0359 ], [ -51.04824, 0.03311 ], [ -51.05344, 0.03242 ] ] ], [ [ [ -51.04591, 0.04239 ], [ -51.04814, 0.04326 ], [ -51.04546, 0.04307 ], [ -51.04585, 0.0415 ], [ -51.04591, 0.04239 ] ] ], [ [ [ -51.04824, 0.04408 ], [ -51.05013, 0.04346 ], [ -51.05008, 0.04422 ], [ -51.04824, 0.04408 ] ] ], [ [ [ -51.0514, 0.04274 ], [ -51.04984, 0.04881 ], [ -51.05018, 0.04265 ], [ -51.0514, 0.04274 ] ] ], [ [ [ -51.05055, 0.05324 ], [ -51.05532, 0.05175 ], [ -51.0553, 0.05209 ], [ -51.05055, 0.05324 ] ] ] ] } },
{ "type": "Feature", "properties": { "cluster": 233.0, "hvi": 0.1271, "population": 1051, "setores": 1, "municipio": "Macapá" }, "geometry": { "type": "Polygon", "coordinates": [ [ [ -51.13398, 0.04072 ], [ -51.1325, 0.04655 ], [ -51.13122, 0.04644 ], [ -51.13177, 0.04048 ], [ -51.13398, 0.04072 ] ] ] } },
{ "type": "Feature", "properties": { "cluster": 234.0, "hvi": 0.1298, "population": 2164, "setores": 2, "municipio": "Macapá" }, "geometry": { "type": "Polygon", "coordinates": [ [ [ -51.13023, 0.0319 ], [ -51.13095, 0.03038 ], [ -51.13664, 0.03325 ], [ -51.13627, 0.03654 ], [ -51.135, 0.03639 ], [ -51.13425, 0.03955 ], [ -51.12814, 0.03886 ], [ -51.12838, 0.03649 ], [ -51.13492, 0.03638 ], [ -51.13207, 0.03602 ], [ -51.13023, 0.0319 ] ] ] } },
{ "type": "Feature", "properties": { "cluster": 235.0, "hvi": 0.1537, "population": 897, "setores": 1, "municipio": "Macapá" }, "geometry": { "type": "Polygon", "coordinates": [ [ [ -51.07926, 0.02953 ], [ -51.08141, 0.0274 ], [ -51.08153, 0.02964 ], [ -51.07926, 0.02953 ] ] ] } },
{ "type": "Feature", "properties": { "cluster": 236.0, "hvi": 0.1048, "population": 534, "setores": 1, "municipio": "Macapá" }, "geometry": { "type": "Polygon", "coordinates": [ [ [ -51.04697, 0.03896 ], [ -51.04801, 0.04248 ], [ -51.04591, 0.04239 ], [ -51.04697, 0.03896 ] ] ] } },
{ "type": "Feature", "properties": { "cluster": 237.0, "hvi": 0.1079, "population": 650, "setores": 1, "municipio": "Macapá" }, "geometry": { "type": "Polygon", "coordinates": [ [ [ -51.05315, 0.06935 ], [ -51.05159, 0.06355 ], [ -51.05505, 0.0638 ], [ -51.05315, 0.06935 ] ] ] } },
{ "type": "Feature", "properties": { "cluster": 238.0, "hvi": 0.0882, "population": 2616, "setores": 12, "municipio": "Macapá" }, "geometry": { "type": "MultiPolygon", "coordinates": [ [ [ [ -51.20175, 0.11113 ], [ -51.19237, 0.10512 ], [ -51.18777, 0.12978 ], [ -51.18607, 0.13403 ], [ -51.18935, 0.15178 ], [ -51.18543, 0.15856 ], [ -51.18816, 0.15466 ], [ -51.19843, 0.15751 ], [ -51.19947, 0.16307 ], [ -51.22145, 0.1675 ], [ -51.22734, 0.17459 ], [ -51.24198, 0.17135 ], [ -51.2532, 0.1744 ], [ -51.25924, 0.16522 ], [ -51.2706, 0.16389 ], [ -51.27244, 0.17515 ], [ -51.25601, 0.1765 ], [ -51.25637, 0.17938 ], [ -51.26455, 0.18844 ], [ -51.27445, 0.18592 ], [ -51.27546, 0.19687 ], [ -51.28329, 0.20492 ], [ -51.28993, 0.20284 ], [ -51.29504, 0.20802 ], [ -51.30786, 0.21146 ], [ -51.31223, 0.21857 ], [ -51.3176, 0.21895 ], [ -51.31798, 0.22506 ], [ -51.32485, 0.22743 ], [ -51.33348, 0.23842 ], [ -51.33885, 0.24001 ], [ -51.33875, 0.24944 ], [ -51.34285, 0.25124 ], [ -51.341, 0.25387 ], [ -51.34535, 0.26811 ], [ -51.35552, 0.27874 ], [ -51.3552, 0.28248 ], [ -51.35687, 0.28116 ], [ -51.36162, 0.28651 ], [ -51.36229, 0.29367 ], [ -51.36686, 0.29535 ], [ -51.36418, 0.29835 ], [ -51.37174, 0.30273 ], [ -51.37053, 0.30458 ], [ -51.3732, 0.30316 ], [ -51.37313, 0.30708 ], [ -51.38276, 0.3084 ], [ -51.38983, 0.33701 ], [ -51.39805, 0.34889 ], [ -51.41022, 0.35855 ], [ -51.41544, 0.36731 ], [ -51.43469, 0.36479 ], [ -51.44615, 0.37126 ], [ -51.45765, 0.39303 ], [ -51.45699, 0.40819 ], [ -51.46393, 0.42692 ], [ -51.47434, 0.42616 ], [ -51.48056, 0.43001 ], [ -51.48594, 0.42801 ], [ -51.49017, 0.43191 ], [ -51.48779, 0.44075 ], [ -51.47681, 0.44299 ], [ -51.47529, 0.44689 ], [ -51.48166, 0.46447 ], [ -51.48717, 0.46823 ], [ -51.49313, 0.46791 ], [ -51.48357, 0.47045 ], [ -51.46872, 0.46923 ], [ -51.45243, 0.46183 ], [ -51.41236, 0.4106 ], [ -51.38778, 0.39341 ], [ -51.34873, 0.37294 ], [ -51.33176, 0.35328 ], [ -51.32489, 0.33698 ], [ -51.25161, 0.25955 ], [ -51.23498, 0.24781 ], [ -51.22627, 0.24766 ], [ -51.21468, 0.23576 ], [ -51.19903, 0.23273 ], [ -51.18999, 0.2269 ], [ -51.18158, 0.23143 ], [ -51.18203, 0.23408 ], [ -51.16805, 0.22839 ], [ -51.16427, 0.22083 ], [ -51.16485, 0.21115 ], [ -51.1592, 0.2069 ], [ -51.14528, 0.21474 ], [ -51.14643, 0.2234 ], [ -51.12973, 0.22664 ], [ -51.11358, 0.19698 ], [ -51.12395, 0.17292 ], [ -51.12695, 0.15216 ], [ -51.10971, 0.13972 ], [ -51.11165, 0.13629 ], [ -51.10968, 0.13881 ], [ -51.1026, 0.13954 ], [ -51.09757, 0.13516 ], [ -51.10133, 0.12807 ], [ -51.10095, 0.11917 ], [ -51.09659, 0.11208 ], [ -51.10564, 0.10015 ], [ -51.11355, 0.0989 ], [ -51.11417, 0.09423 ], [ -51.12582, 0.10332 ], [ -51.12912, 0.12487 ], [ -51.13077, 0.11457 ], [ -51.13004, 0.12598 ], [ -51.12925, 0.12572 ], [ -51.12982, 0.1294 ], [ -51.13449, 0.12798 ], [ -51.13205, 0.12408 ], [ -51.14697, 0.11104 ], [ -51.15725, 0.11685 ], [ -51.1648, 0.11373 ], [ -51.16527, 0.09588 ], [ -51.18912, 0.09992 ], [ -51.19913, 0.10458 ], [ -51.19913, 0.104 ], [ -51.2026, 0.10389 ], [ -51.20175, 0.11113 ] ], [ [ -51.11618, 0.1305 ], [ -51.11569, 0.13113 ], [ -51.12982, 0.1294 ], [ -51.11618, 0.1305 ] ], [ [ -51.12917, 0.13683 ], [ -51.12943, 0.13509 ], [ -51.12982, 0.1294 ], [ -51.12917, 0.13683 ] ], [ [ -51.16939, 0.18732 ], [ -51.16925, 0.18726 ], [ -51.1692, 0.18745 ], [ -51.16939, 0.18732 ] ], [ [ -51.17008, 0.18545 ], [ -51.17014, 0.18527 ], [ -51.16238, 0.18453 ], [ -51.17008, 0.18545 ] ], [ [ -51.17857, 0.17805 ], [ -51.17851, 0.17722 ], [ -51.17796, 0.17808 ], [ -51.17857, 0.17805 ] ], [ [ -51.17825, 0.17386 ], [ -51.17211, 0.17174 ], [ -51.17186, 0.17282 ], [ -51.17838, 0.17555 ], [ -51.17825, 0.17386 ] ], [ [ -51.17648, 0.17105 ], [ -51.17251, 0.17003 ], [ -51.17218, 0.17145 ], [ -51.17648, 0.17105 ] ], [ [ -51.17885, 0.17083 ], [ -51.18056, 0.1599 ], [ -51.17839, 0.17087 ], [ -51.17885, 0.17083 ] ], [ [ -51.18056, 0.1599 ], [ -51.18444, 0.15998 ], [ -51.16766, 0.15236 ], [ -51.18056, 0.1599 ] ], [ [ -51.23443, 0.20625 ], [ -51.23589, 0.20548 ], [ -51.23369, 0.20603 ], [ -51.2323, 0.21388 ], [ -51.23443, 0.20625 ] ], [ [ -51.24316, 0.20949 ], [ -51.24034, 0.20438 ], [ -51.23966, 0.20455 ], [ -51.24316, 0.20949 ] ], [ [ -51.11625, 0.11804 ], [ -51.1085, 0.12098 ], [ -51.11501, 0.12711 ], [ -51.11625, 0.11804 ] ], [ [ -51.14232, 0.13913 ], [ -51.14946, 0.14405 ], [ -51.15378, 0.13655 ], [ -51.1503, 0.14143 ], [ -51.14232, 0.13913 ] ] ], [ [ [ -51.5385, 0.67518 ], [ -51.51359, 0.6774 ], [ -51.51359, 0.67656 ], [ -51.49811, 0.6748 ], [ -51.44524, 0.69131 ], [ -51.44682, 0.68789 ], [ -51.44193, 0.68478 ], [ -51.43667, 0.67248 ], [ -51.43985, 0.66509 ], [ -51.43542, 0.63513 ], [ -51.43501, 0.63787 ], [ -51.42904, 0.63699 ], [ -51.42236, 0.64061 ], [ -51.40649, 0.63541 ], [ -51.37975, 0.61102 ], [ -51.37309, 0.61017 ], [ -51.36228, 0.60026 ], [ -51.33176, 0.586 ], [ -51.30409, 0.55641 ], [ -51.30598, 0.55338 ], [ -51.30217, 0.54911 ], [ -51.29957, 0.53681 ], [ -51.28762, 0.52362 ], [ -51.28484, 0.50594 ], [ -51.29495, 0.50447 ], [ -51.28263, 0.50562 ], [ -51.27091, 0.48528 ], [ -51.26841, 0.48654 ], [ -51.26434, 0.48099 ], [ -51.26589, 0.46135 ], [ -51.26149, 0.45696 ], [ -51.2629, 0.45365 ], [ -51.27689, 0.45387 ], [ -51.28691, 0.46233 ], [ -51.3026, 0.46595 ], [ -51.31164, 0.47493 ], [ -51.32176, 0.47457 ], [ -51.33374, 0.46682 ], [ -51.36854, 0.48696 ], [ -51.38434, 0.48954 ], [ -51.41145, 0.48428 ], [ -51.42554, 0.50353 ], [ -51.4464, 0.50983 ], [ -51.4494, 0.5041 ], [ -51.46086, 0.50581 ], [ -51.46494, 0.49791 ], [ -51.47082, 0.4946 ], [ -51.46917, 0.48314 ], [ -51.4733, 0.47648 ], [ -51.48554, 0.47901 ], [ -51.4906, 0.4755 ], [ -51.49313, 0.46791 ], [ -51.50878, 0.46068 ], [ -51.51513, 0.4296 ], [ -51.53518, 0.41958 ], [ -51.53729, 0.42618 ], [ -51.53315, 0.43802 ], [ -51.53432, 0.44726 ], [ -51.54028, 0.44859 ], [ -51.54279, 0.45363 ], [ -51.5349, 0.46283 ], [ -51.53428, 0.46996 ], [ -51.52684, 0.47562 ], [ -51.5295, 0.47757 ], [ -51.52708, 0.47778 ], [ -51.52824, 0.48436 ], [ -51.52556, 0.4847 ], [ -51.52872, 0.48767 ], [ -51.52206, 0.49204 ], [ -51.52703, 0.49736 ], [ -51.52378, 0.49881 ], [ -51.52553, 0.51051 ], [ -51.52318, 0.51757 ], [ -51.51179, 0.52505 ], [ -51.5057, 0.53517 ], [ -51.50432, 0.54982 ], [ -51.51635, 0.57353 ], [ -51.51691, 0.58924 ], [ -51.51293, 0.59444 ], [ -51.51627, 0.60739 ], [ -51.54375, 0.61809 ], [ -51.56542, 0.63678 ], [ -51.60203, 0.65636 ], [ -51.60511, 0.66126 ], [ -51.60443, 0.66578 ], [ -51.57511, 0.6941 ], [ -51.56955, 0.67054 ], [ -51.54686, 0.67115 ], [ -51.5385, 0.67518 ] ], [ [ -51.51357, 0.67446 ], [ -51.51344, 0.66131 ], [ -51.51189, 0.66774 ], [ -51.51357, 0.67446 ] ], [ [ -51.50857, 0.64125 ], [ -51.50803, 0.63294 ], [ -51.50365, 0.62476 ], [ -51.50857, 0.64125 ] ], [ [ -51.50088, 0.6196 ], [ -51.49796, 0.61414 ], [ -51.48712, 0.60568 ], [ -51.50088, 0.6196 ] ], [ [ -51.36065, 0.53696 ], [ -51.36028, 0.53623 ], [ -51.35387, 0.53228 ], [ -51.36065, 0.53696 ] ], [ [ -51.35202, 0.53115 ], [ -51.35127, 0.53069 ], [ -51.33737, 0.52825 ], [ -51.35202, 0.53115 ] ] ] ] } },
{ "type": "Feature", "properties": { "cluster": 239.0, "hvi": 0.1075, "population": 1373, "setores": 2, "municipio": "Macapá" }, "geometry": { "type": "MultiPolygon", "coordinates": [ [ [ [ -51.10043, 0.05667 ], [ -51.09866, 0.0551 ], [ -51.10519, 0.0555 ], [ -51.09505, 0.06005 ], [ -51.10043, 0.05667 ] ] ], [ [ [ -51.10043, 0.05667 ], [ -51.09317, 0.05866 ], [ -51.09448, 0.05706 ], [ -51.10043, 0.05667 ] ] ] ] } },
{ "type": "Feature", "properties": { "cluster": 240.0, "hvi": 0.1279, "population": 1917, "setores": 2, "municipio": "Macapá" }, "geometry": { "type": "Polygon", "coordinates": [ [ [ -51.08484, 0.06427 ], [ -51.08676, 0.06713 ], [ -51.07878, 0.0723 ], [ -51.07741, 0.06928 ], [ -51.08484, 0.06427 ] ] ] } },
{ "type": "Feature", "properties": { "cluster": 241.0, "hvi": 0.112, "population": 2949, "setores": 4, "municipio": "Macapá" }, "geometry": { "type": "MultiPolygon", "coordinates": [ [ [ [ -51.12613, 0.01819 ], [ -51.12754, 0.01381 ], [ -51.1326, 0.0131 ], [ -51.13689, 0.02228 ], [ -51.1266, 0.02299 ], [ -51.1254, 0.02051 ], [ -51.13024, 0.01861 ], [ -51.12613, 0.01819 ] ] ], [ [ [ -51.12294, 0.02299 ], [ -51.12698, 0.02383 ], [ -51.12264, 0.0349 ], [ -51.11654, 0.03266 ], [ -51.11972, 0.02646 ], [ -51.12294, 0.02299 ] ] ], [ [ [ -51.11654, 0.03266 ], [ -51.114, 0.03118 ], [ -51.11509, 0.02649 ], [ -51.11778, 0.0272 ], [ -51.11654, 0.03266 ] ] ] ] } },
{ "type": "Feature", "properties": { "cluster": 242.0, "hvi": 0.1092, "population": 2700, "setores": 4, "municipio": "Macapá" }, "geometry": { "type": "MultiPolygon", "coordinates": [ [ [ [ -51.08857, 0.00951 ], [ -51.08422, 0.01051 ], [ -51.0882, 0.00793 ], [ -51.08857, 0.00951 ] ] ], [ [ [ -51.09603, 0.01066 ], [ -51.0909, 0.01185 ], [ -51.09568, 0.00925 ], [ -51.09603, 0.01066 ] ] ], [ [ [ -51.08797, 0.01223 ], [ -51.09058, 0.01045 ], [ -51.08932, 0.01475 ], [ -51.0871, 0.01282 ], [ -51.0874, 0.00978 ], [ -51.08797, 0.01223 ] ] ] ] } },
{ "type": "Feature", "properties": { "cluster": 243.0, "hvi": 0.1019, "population": 2829, "setores": 5, "municipio": "Macapá" }, "geometry": { "type": "MultiPolygon", "coordinates": [ [ [ [ -51.08904, 0.0877 ], [ -51.08873, 0.0901 ], [ -51.08437, 0.09435 ], [ -51.08904, 0.0877 ] ] ], [ [ [ -51.09039, 0.09507 ], [ -51.08685, 0.09361 ], [ -51.08586, 0.09726 ], [ -51.08744, 0.10113 ], [ -51.08578, 0.09738 ], [ -51.08363, 0.09686 ], [ -51.08651, 0.0923 ], [ -51.08703, 0.09295 ], [ -51.08985, 0.08921 ], [ -51.09039, 0.09507 ] ] ], [ [ [ -51.09141, 0.09861 ], [ -51.08673, 0.09583 ], [ -51.09157, 0.09778 ], [ -51.09141, 0.09861 ] ] ] ] } },
{ "type": "Feature", "properties": { "cluster": 244.0, "hvi": 0.0947, "population": 2383, "setores": 8, "municipio": "Macapá" }, "geometry": { "type": "Polygon", "coordinates": [ [ [ -50.12728, 0.76299 ], [ -50.12589, 0.77308 ], [ -50.13817, 0.78071 ], [ -50.13936, 0.79897 ], [ -50.14627, 0.81138 ], [ -50.15152, 0.80968 ], [ -50.15523, 0.81288 ], [ -50.1546, 0.82462 ], [ -50.16298, 0.83203 ], [ -50.16275, 0.84662 ], [ -50.18833, 0.86707 ], [ -50.18859, 0.87607 ], [ -50.19287, 0.87853 ], [ -50.1908, 0.887 ], [ -50.19733, 0.89934 ], [ -50.15692, 0.88092 ], [ -50.13327, 0.87391 ], [ -50.10986, 0.87426 ], [ -50.1038, 0.88467 ], [ -50.09797, 0.88531 ], [ -50.09049, 0.88163 ], [ -50.0849, 0.88484 ], [ -50.05056, 0.87474 ], [ -50.03784, 0.87937 ], [ -50.0363, 0.88769 ], [ -50.04041, 0.90673 ], [ -50.03191, 0.91967 ], [ -50.01217, 0.92376 ], [ -49.99655, 0.92095 ], [ -50.00247, 0.90641 ], [ -49.99313, 0.8972 ], [ -49.98613, 0.88335 ], [ -49.98762, 0.87601 ], [ -49.99139, 0.87308 ], [ -49.99054, 0.87302 ], [ -50.02026, 0.85877 ], [ -50.03675, 0.83252 ], [ -50.09734, 0.76708 ], [ -50.10881, 0.76485 ], [ -50.11391, 0.76066 ], [ -50.12728, 0.76299 ] ], [ [ -49.99374, 0.87325 ], [ -49.99213, 0.87313 ], [ -50.00064, 0.88476 ], [ -49.99374, 0.87325 ] ], [ [ -50.0395, 0.87067 ], [ -50.04182, 0.87344 ], [ -50.04785, 0.87309 ], [ -50.04702, 0.87291 ], [ -50.05148, 0.86823 ], [ -50.04632, 0.8731 ], [ -50.0395, 0.87067 ] ], [ [ -50.05697, 0.86893 ], [ -50.05148, 0.86823 ], [ -50.07026, 0.8757 ], [ -50.05697, 0.86893 ] ] ] } },
{ "type": "Feature", "properties": { "cluster": 245.0, "hvi": 0.0851, "population": 372, "setores": 2, "municipio": "Macapá" }, "geometry": { "type": "MultiPolygon", "coordinates": [ [ [ [ -50.28542, 0.76264 ], [ -50.28288, 0.76099 ], [ -50.2867, 0.75528 ], [ -50.28542, 0.76264 ] ] ], [ [ [ -50.2882, 0.75783 ], [ -50.29074, 0.76359 ], [ -50.28632, 0.76124 ], [ -50.2882, 0.75783 ] ] ] ] } },
{ "type": "Feature", "properties": { "cluster": 246.0, "hvi": 0.1247, "population": 2992, "setores": 4, "municipio": "Macapá" }, "geometry": { "type": "Polygon", "coordinates": [ [ [ -50.11391, 0.76066 ], [ -50.10881, 0.76485 ], [ -50.09734, 0.76708 ], [ -50.11191, 0.7604 ], [ -50.1534, 0.74974 ], [ -50.16614, 0.75443 ], [ -50.23775, 0.74152 ], [ -50.26515, 0.74118 ], [ -50.3048, 0.73507 ], [ -50.30369, 0.78728 ], [ -50.28966, 0.81414 ], [ -50.28158, 0.85168 ], [ -50.2787, 0.85586 ], [ -50.28136, 0.88062 ], [ -50.30049, 0.89702 ], [ -50.30049, 0.91568 ], [ -50.29609, 0.92922 ], [ -50.30049, 0.9417 ], [ -50.30728, 0.94435 ], [ -50.18617, 1.05045 ], [ -50.19185, 1.05235 ], [ -50.19306, 1.05889 ], [ -50.18979, 1.06492 ], [ -50.18857, 1.08238 ], [ -50.17989, 1.09636 ], [ -50.17451, 1.10047 ], [ -50.14879, 1.10264 ], [ -50.14207, 1.11349 ], [ -50.13834, 1.13133 ], [ -50.12209, 1.13998 ], [ -50.11141, 1.13967 ], [ -50.10021, 1.15327 ], [ -50.09195, 1.1574 ], [ -50.07062, 1.19707 ], [ -50.06721, 1.21676 ], [ -50.04183, 1.21423 ], [ -50.0221, 1.2166 ], [ -49.90163, 1.24029 ], [ -49.89758, 1.19158 ], [ -49.89445, 1.18216 ], [ -49.88308, 1.16908 ], [ -49.88489, 1.13411 ], [ -49.88467, 1.04714 ], [ -49.88978, 1.0136 ], [ -49.92741, 0.98466 ], [ -49.93769, 0.96622 ], [ -49.95675, 0.94953 ], [ -49.9668, 0.94371 ], [ -49.98901, 0.93952 ], [ -49.99655, 0.92095 ], [ -50.01889, 0.92345 ], [ -50.03505, 0.91718 ], [ -50.04088, 0.90208 ], [ -50.03606, 0.88282 ], [ -50.0464, 0.8745 ], [ -50.08312, 0.88484 ], [ -50.09144, 0.88139 ], [ -50.10083, 0.88579 ], [ -50.10986, 0.87426 ], [ -50.13327, 0.87391 ], [ -50.15692, 0.88092 ], [ -50.19732, 0.89957 ], [ -50.1908, 0.887 ], [ -50.19287, 0.87853 ], [ -50.18859, 0.87607 ], [ -50.18833, 0.86707 ], [ -50.16275, 0.84662 ], [ -50.16298, 0.83203 ], [ -50.1546, 0.82462 ], [ -50.15523, 0.81288 ], [ -50.15152, 0.80968 ], [ -50.14674, 0.81176 ], [ -50.13915, 0.79833 ], [ -50.13868, 0.78174 ], [ -50.12589, 0.77308 ], [ -50.12728, 0.76299 ], [ -50.11391, 0.76066 ] ], [ [ -50.16508, 0.76438 ], [ -50.16524, 0.77014 ], [ -50.17513, 0.76507 ], [ -50.17175, 0.75371 ], [ -50.16508, 0.76438 ] ], [ [ -50.2777, 0.75114 ], [ -50.27191, 0.74513 ], [ -50.26552, 0.75145 ], [ -50.27627, 0.75398 ], [ -50.2777, 0.75114 ] ], [ [ -50.2867, 0.75528 ], [ -50.28288, 0.76099 ], [ -50.29074, 0.76359 ], [ -50.2867, 0.75528 ] ], [ [ -50.10759, 0.96131 ], [ -50.1215, 0.94793 ], [ -50.11259, 0.95554 ], [ -50.10759, 0.96131 ] ], [ [ -50.07563, 1.01495 ], [ -50.09445, 0.97648 ], [ -50.09179, 0.97954 ], [ -50.07563, 1.01495 ] ], [ [ -49.99707, 0.9724 ], [ -49.99428, 0.96519 ], [ -49.99318, 0.96996 ], [ -49.99707, 0.9724 ] ], [ [ -50.05662, 0.87794 ], [ -50.04272, 0.87777 ], [ -50.05566, 0.88019 ], [ -50.05662, 0.87794 ] ], [ [ -50.07643, 0.91674 ], [ -50.07925, 0.9048 ], [ -50.07392, 0.90551 ], [ -50.07182, 0.91426 ], [ -50.07643, 0.91674 ] ] ] } },
{ "type": "Feature", "properties": { "cluster": 247.0, "hvi": 0.0827, "population": 284, "setores": 2, "municipio": "Macapá" }, "geometry": { "type": "MultiPolygon", "coordinates": [ [ [ [ -50.16858, 0.77021 ], [ -50.16524, 0.77014 ], [ -50.16508, 0.76438 ], [ -50.17175, 0.75371 ], [ -50.16858, 0.77021 ] ] ], [ [ [ -50.17513, 0.76507 ], [ -50.16858, 0.77021 ], [ -50.17223, 0.75877 ], [ -50.17513, 0.76507 ] ] ] ] } },
{ "type": "Feature", "properties": { "cluster": 248.0, "hvi": 0.1013, "population": 381, "setores": 1, "municipio": "Macapá" }, "geometry": { "type": "Polygon", "coordinates": [ [ [ -50.05566, 0.88019 ], [ -50.04272, 0.87777 ], [ -50.05662, 0.87794 ], [ -50.05566, 0.88019 ] ] ] } },
{ "type": "Feature", "properties": { "cluster": 249.0, "hvi": 0.0986, "population": 327, "setores": 1, "municipio": "Macapá" }, "geometry": { "type": "Polygon", "coordinates": [ [ [ -49.99318, 0.96996 ], [ -49.99428, 0.96519 ], [ -49.99707, 0.9724 ], [ -49.99318, 0.96996 ] ] ] } },
{ "type": "Feature", "properties": { "cluster": 250.0, "hvi": 0.0953, "population": 339, "setores": 1, "municipio": "Macapá" }, "geometry": { "type": "Polygon", "coordinates": [ [ [ -50.07392, 0.90551 ], [ -50.07925, 0.9048 ], [ -50.07643, 0.91674 ], [ -50.07182, 0.91426 ], [ -50.07392, 0.90551 ] ] ] } },
{ "type": "Feature", "properties": { "cluster": 251.0, "hvi": 0.0843, "population": 161, "setores": 1, "municipio": "Macapá" }, "geometry": { "type": "Polygon", "coordinates": [ [ [ -50.26552, 0.75145 ], [ -50.27191, 0.74513 ], [ -50.2777, 0.75114 ], [ -50.27627, 0.75398 ], [ -50.26552, 0.75145 ] ] ] } },
{ "type": "Feature", "properties": { "cluster": 252.0, "hvi": 0.0857, "population": 200, "setores": 1, "municipio": "Macapá" }, "geometry": { "type": "Polygon", "coordinates": [ [ [ -50.84135, 0.18801 ], [ -50.86483, 0.18454 ], [ -50.87381, 0.18745 ], [ -50.87371, 0.19052 ], [ -50.84778, 0.19196 ], [ -50.84135, 0.18801 ] ] ] } },
{ "type": "Feature", "properties": { "cluster": 253.0, "hvi": 0.0823, "population": 1676, "setores": 11, "municipio": "Macapá" }, "geometry": { "type": "MultiPolygon", "coordinates": [ [ [ [ -50.96925, 0.19176 ], [ -50.97734, 0.18834 ], [ -50.98025, 0.19606 ], [ -50.99746, 0.21128 ], [ -50.99711, 0.22309 ], [ -50.99231, 0.23459 ], [ -50.98739, 0.2351 ], [ -50.97056, 0.24763 ], [ -50.95527, 0.23938 ], [ -50.9501, 0.24457 ], [ -50.91594, 0.26762 ], [ -50.91659, 0.26757 ], [ -50.91825, 0.27161 ], [ -50.90982, 0.2734 ], [ -50.91055, 0.26805 ], [ -50.90203, 0.26682 ], [ -50.89734, 0.27595 ], [ -50.89387, 0.27513 ], [ -50.8845, 0.28129 ], [ -50.87797, 0.27958 ], [ -50.87449, 0.29066 ], [ -50.86809, 0.29263 ], [ -50.86461, 0.29958 ], [ -50.84298, 0.29774 ], [ -50.83668, 0.30103 ], [ -50.81474, 0.28205 ], [ -50.80879, 0.2718 ], [ -50.80146, 0.27471 ], [ -50.77111, 0.26379 ], [ -50.76646, 0.26337 ], [ -50.72525, 0.28683 ], [ -50.71581, 0.28085 ], [ -50.73965, 0.24226 ], [ -50.75646, 0.2297 ], [ -50.77168, 0.21111 ], [ -50.83114, 0.20433 ], [ -50.84259, 0.19899 ], [ -50.85796, 0.19816 ], [ -50.87622, 0.2023 ], [ -50.89578, 0.22027 ], [ -50.94627, 0.1933 ], [ -50.95228, 0.18942 ], [ -50.96925, 0.19176 ] ], [ [ -50.95822, 0.24023 ], [ -50.95585, 0.23881 ], [ -50.95539, 0.23926 ], [ -50.95822, 0.24023 ] ], [ [ -50.89898, 0.25517 ], [ -50.90088, 0.25001 ], [ -50.8974, 0.25931 ], [ -50.89755, 0.25471 ], [ -50.89701, 0.26154 ], [ -50.90219, 0.25851 ], [ -50.89951, 0.2589 ], [ -50.89898, 0.25517 ] ], [ [ -50.89767, 0.25124 ], [ -50.89769, 0.25055 ], [ -50.89202, 0.24752 ], [ -50.89767, 0.25124 ] ] ], [ [ [ -50.95652, 0.2415 ], [ -50.96551, 0.2452 ], [ -50.96423, 0.24798 ], [ -50.96737, 0.24611 ], [ -50.95793, 0.25715 ], [ -50.9579, 0.27046 ], [ -50.94362, 0.26917 ], [ -50.94971, 0.2598 ], [ -50.94807, 0.25305 ], [ -50.95319, 0.25011 ], [ -50.95652, 0.2415 ] ] ] ] } },
{ "type": "Feature", "properties": { "cluster": 254.0, "hvi": 0.1222, "population": 2806, "setores": 3, "municipio": "Macapá" }, "geometry": { "type": "Polygon", "coordinates": [ [ [ -51.11725, -0.04871 ], [ -51.11906, -0.05146 ], [ -51.12279, -0.04897 ], [ -51.12627, -0.05104 ], [ -51.12881, -0.04596 ], [ -51.12234, -0.04335 ], [ -51.12339, -0.04316 ], [ -51.12465, -0.03873 ], [ -51.11933, -0.03745 ], [ -51.11849, -0.03997 ], [ -51.117, -0.03618 ], [ -51.11117, -0.03695 ], [ -51.11148, -0.04446 ], [ -51.10925, -0.04395 ], [ -51.11486, -0.04989 ], [ -51.11725, -0.04871 ] ], [ [ -51.11629, -0.04444 ], [ -51.1181, -0.04411 ], [ -51.11532, -0.04726 ], [ -51.11629, -0.04444 ] ] ] } },
{ "type": "Feature", "properties": { "cluster": 255.0, "hvi": 0.125, "population": 773, "setores": 1, "municipio": "Macapá" }, "geometry": { "type": "Polygon", "coordinates": [ [ [ -51.11691, -0.04944 ], [ -51.11375, -0.05086 ], [ -51.11421, -0.05162 ], [ -51.11667, -0.05187 ], [ -51.11691, -0.04944 ] ] ] } },
{ "type": "Feature", "properties": { "cluster": 256.0, "hvi": 0.1359, "population": 1135, "setores": 1, "municipio": "Macapá" }, "geometry": { "type": "Polygon", "coordinates": [ [ [ -51.13911, -0.0532 ], [ -51.14013, -0.05173 ], [ -51.13655, -0.0485 ], [ -51.13911, -0.0532 ] ] ] } },
{ "type": "Feature", "properties": { "cluster": 257.0, "hvi": 0.1344, "population": 2341, "setores": 2, "municipio": "Macapá" }, "geometry": { "type": "Polygon", "coordinates": [ [ [ -51.08637, -0.04653 ], [ -51.09532, -0.05032 ], [ -51.09924, -0.04169 ], [ -51.09293, -0.04022 ], [ -51.09454, -0.03546 ], [ -51.0882, -0.03311 ], [ -51.08636, -0.03458 ], [ -51.09279, -0.04019 ], [ -51.09033, -0.03962 ], [ -51.08542, -0.03372 ], [ -51.07593, -0.02987 ], [ -51.08637, -0.04653 ] ] ] } },
{ "type": "Feature", "properties": { "cluster": 258.0, "hvi": 0.1371, "population": 2349, "setores": 2, "municipio": "Macapá" }, "geometry": { "type": "MultiPolygon", "coordinates": [ [ [ [ -51.10025, -0.05318 ], [ -51.10374, -0.05395 ], [ -51.1044, -0.05114 ], [ -51.10025, -0.05318 ] ] ], [ [ [ -51.10401, -0.04594 ], [ -51.10282, -0.04566 ], [ -51.09964, -0.05135 ], [ -51.10418, -0.0512 ], [ -51.10401, -0.04594 ] ] ] ] } },
{ "type": "Feature", "properties": { "cluster": 259.0, "hvi": 0.1362, "population": 2418, "setores": 2, "municipio": "Macapá" }, "geometry": { "type": "MultiPolygon", "coordinates": [ [ [ [ -51.1044, -0.05114 ], [ -51.11177, -0.04669 ], [ -51.10598, -0.04322 ], [ -51.1044, -0.05114 ] ] ], [ [ [ -51.10558, -0.04511 ], [ -51.10598, -0.04322 ], [ -51.10221, -0.04237 ], [ -51.10558, -0.04511 ] ] ] ] } },
{ "type": "Feature", "properties": { "cluster": 260.0, "hvi": 0.0935, "population": 2825, "setores": 8, "municipio": "Macapá" }, "geometry": { "type": "MultiPolygon", "coordinates": [ [ [ [ -51.09703, -0.08836 ], [ -51.11839, -0.09754 ], [ -51.14102, -0.05666 ], [ -51.14055, -0.05293 ], [ -51.13886, -0.05283 ], [ -51.13531, -0.04756 ], [ -51.12881, -0.04596 ], [ -51.12627, -0.05104 ], [ -51.12105, -0.05074 ], [ -51.11872, -0.055 ], [ -51.11693, -0.04982 ], [ -51.11514, -0.05184 ], [ -51.11279, -0.04954 ], [ -51.11354, -0.05475 ], [ -51.11177, -0.04669 ], [ -51.1044, -0.05114 ], [ -51.10397, -0.05474 ], [ -51.08863, -0.04872 ], [ -51.07593, -0.02987 ], [ -51.04561, -0.05088 ], [ -51.06567, -0.07623 ], [ -51.07593, -0.08373 ], [ -51.09703, -0.08836 ] ], [ [ -51.12107, -0.05526 ], [ -51.13292, -0.05391 ], [ -51.13027, -0.05533 ], [ -51.10663, -0.05579 ], [ -51.10437, -0.0549 ], [ -51.12107, -0.05526 ] ] ], [ [ [ -51.11918, -0.05216 ], [ -51.11725, -0.04871 ], [ -51.11486, -0.04989 ], [ -51.11691, -0.04944 ], [ -51.1177, -0.05178 ], [ -51.11918, -0.05216 ] ] ], [ [ [ -51.11894, -0.04949 ], [ -51.12054, -0.05129 ], [ -51.12088, -0.04923 ], [ -51.11894, -0.04949 ] ] ], [ [ [ -51.10557, -0.04628 ], [ -51.10295, -0.04911 ], [ -51.10418, -0.0512 ], [ -51.10557, -0.04628 ] ] ] ] } },
{ "type": "Feature", "properties": { "cluster": 261.0, "hvi": 0.1272, "population": 969, "setores": 1, "municipio": "Macapá" }, "geometry": { "type": "Polygon", "coordinates": [ [ [ -51.10537, -0.04624 ], [ -51.10173, -0.0444 ], [ -51.10158, -0.04513 ], [ -51.10537, -0.04624 ] ] ] } },
{ "type": "Feature", "properties": { "cluster": 262.0, "hvi": 0.0989, "population": 2864, "setores": 6, "municipio": "Macapá" }, "geometry": { "type": "Polygon", "coordinates": [ [ [ -50.72979, 0.73893 ], [ -50.74272, 0.75041 ], [ -50.77085, 0.74503 ], [ -50.78275, 0.75008 ], [ -50.79182, 0.74698 ], [ -50.80432, 0.74772 ], [ -50.81546, 0.75862 ], [ -50.82093, 0.75893 ], [ -50.81868, 0.75533 ], [ -50.82704, 0.74718 ], [ -50.82797, 0.75193 ], [ -50.84028, 0.75179 ], [ -50.84353, 0.75536 ], [ -50.86172, 0.75835 ], [ -50.88657, 0.77329 ], [ -50.88684, 0.79805 ], [ -50.87107, 0.80368 ], [ -50.84821, 0.81901 ], [ -50.81825, 0.82635 ], [ -50.79943, 0.84302 ], [ -50.78615, 0.83863 ], [ -50.78265, 0.8289 ], [ -50.77575, 0.82399 ], [ -50.76235, 0.82216 ], [ -50.75084, 0.8258 ], [ -50.74038, 0.81757 ], [ -50.72417, 0.81763 ], [ -50.72066, 0.80802 ], [ -50.71664, 0.81058 ], [ -50.71647, 0.81481 ], [ -50.70778, 0.81182 ], [ -50.69597, 0.80077 ], [ -50.6984, 0.79978 ], [ -50.69678, 0.79542 ], [ -50.69063, 0.79735 ], [ -50.68719, 0.78283 ], [ -50.68358, 0.78109 ], [ -50.68259, 0.77598 ], [ -50.68585, 0.77564 ], [ -50.65183, 0.77205 ], [ -50.6402, 0.77638 ], [ -50.62917, 0.77472 ], [ -50.62735, 0.77257 ], [ -50.63239, 0.7695 ], [ -50.63283, 0.76354 ], [ -50.62699, 0.76188 ], [ -50.62466, 0.7651 ], [ -50.61335, 0.75285 ], [ -50.61769, 0.74664 ], [ -50.62186, 0.71989 ], [ -50.62008, 0.71184 ], [ -50.62229, 0.70638 ], [ -50.61555, 0.70064 ], [ -50.61627, 0.69234 ], [ -50.61876, 0.68916 ], [ -50.62514, 0.68973 ], [ -50.62664, 0.68171 ], [ -50.62279, 0.67095 ], [ -50.62678, 0.66382 ], [ -50.62514, 0.63303 ], [ -50.63293, 0.62444 ], [ -50.63601, 0.6245 ], [ -50.70002, 0.71404 ], [ -50.70582, 0.71693 ], [ -50.70597, 0.71429 ], [ -50.71125, 0.71988 ], [ -50.70996, 0.7294 ], [ -50.70509, 0.72924 ], [ -50.70797, 0.73564 ], [ -50.72979, 0.73893 ] ], [ [ -50.75022, 0.80486 ], [ -50.74773, 0.8125 ], [ -50.75239, 0.80435 ], [ -50.75022, 0.80486 ] ] ] } },
{ "type": "Feature", "properties": { "cluster": 263.0, "hvi": 0.1016, "population": 556, "setores": 1, "municipio": "Macapá" }, "geometry": { "type": "Polygon", "coordinates": [ [ [ -50.66166, 0.84164 ], [ -50.66701, 0.85381 ], [ -50.66367, 0.85523 ], [ -50.65584, 0.84832 ], [ -50.65804, 0.8457 ], [ -50.65587, 0.84419 ], [ -50.66166, 0.84164 ] ] ] } },
{ "type": "Feature", "properties": { "cluster": 264.0, "hvi": 0.0832, "population": 182, "setores": 1, "municipio": "Macapá" }, "geometry": { "type": "Polygon", "coordinates": [ [ [ -50.79231, 0.71703 ], [ -50.79502, 0.71422 ], [ -50.80097, 0.72262 ], [ -50.79809, 0.72403 ], [ -50.79231, 0.71703 ] ] ] } },
{ "type": "Feature", "properties": { "cluster": 265.0, "hvi": 0.0915, "population": 351, "setores": 1, "municipio": "Macapá" }, "geometry": { "type": "Polygon", "coordinates": [ [ [ -50.62657, 0.83078 ], [ -50.62618, 0.82376 ], [ -50.63494, 0.82793 ], [ -50.63185, 0.83079 ], [ -50.62657, 0.83078 ] ] ] } },
{ "type": "Feature", "properties": { "cluster": 266.0, "hvi": 0.089, "population": 2939, "setores": 14, "municipio": "Cutias" }, "geometry": { "type": "Polygon", "coordinates": [ [ [ -50.69678, 0.79542 ], [ -50.6984, 0.79978 ], [ -50.69627, 0.80116 ], [ -50.70223, 0.80913 ], [ -50.71646, 0.81481 ], [ -50.71664, 0.81058 ], [ -50.72066, 0.80802 ], [ -50.72405, 0.81729 ], [ -50.74038, 0.81757 ], [ -50.74856, 0.82471 ], [ -50.75753, 0.82274 ], [ -50.76876, 0.82249 ], [ -50.77575, 0.82399 ], [ -50.78407, 0.83114 ], [ -50.78622, 0.83868 ], [ -50.79542, 0.84358 ], [ -50.80222, 0.84209 ], [ -50.81825, 0.82635 ], [ -50.84821, 0.81901 ], [ -50.87107, 0.80368 ], [ -50.88684, 0.79805 ], [ -50.91625, 0.80359 ], [ -50.94945, 0.82547 ], [ -50.95167, 0.82903 ], [ -50.94942, 0.84425 ], [ -50.95122, 0.85891 ], [ -50.94111, 0.87624 ], [ -50.94289, 0.88836 ], [ -50.93766, 0.89252 ], [ -50.91377, 0.89621 ], [ -50.91104, 0.90072 ], [ -50.90985, 0.90595 ], [ -50.91674, 0.91736 ], [ -50.91472, 0.9271 ], [ -50.92221, 0.93411 ], [ -50.92423, 0.94124 ], [ -50.91995, 0.95574 ], [ -50.90795, 0.96192 ], [ -50.89357, 0.98425 ], [ -50.89304, 0.99336 ], [ -50.88309, 0.98859 ], [ -50.87383, 0.96091 ], [ -50.86895, 0.95663 ], [ -50.85457, 0.9539 ], [ -50.82593, 0.96114 ], [ -50.81785, 0.96483 ], [ -50.80933, 0.97487 ], [ -50.81536, 0.9937 ], [ -50.80787, 1.01782 ], [ -50.79503, 1.02994 ], [ -50.76948, 1.03398 ], [ -50.75047, 1.04194 ], [ -50.72076, 1.04016 ], [ -50.69414, 1.05822 ], [ -50.68214, 1.05382 ], [ -50.66039, 1.02602 ], [ -50.63817, 1.02673 ], [ -50.63163, 1.03172 ], [ -50.62997, 1.03862 ], [ -50.64304, 1.06559 ], [ -50.64268, 1.07937 ], [ -50.63365, 1.08899 ], [ -50.62343, 1.08935 ], [ -50.60715, 1.09541 ], [ -50.59764, 1.0922 ], [ -50.59027, 1.07771 ], [ -50.58481, 1.07462 ], [ -50.57589, 1.07747 ], [ -50.56472, 1.09208 ], [ -50.55569, 1.0922 ], [ -50.54001, 1.07082 ], [ -50.53953, 1.05002 ], [ -50.53109, 1.04194 ], [ -50.48439, 1.06868 ], [ -50.46974, 1.08748 ], [ -50.45819, 1.07726 ], [ -50.43798, 1.06993 ], [ -50.4345, 1.06296 ], [ -50.42705, 1.06184 ], [ -50.42327, 1.05292 ], [ -50.41748, 1.05227 ], [ -50.43824, 0.99687 ], [ -50.42744, 0.98816 ], [ -50.42639, 0.97562 ], [ -50.40975, 0.969 ], [ -50.41176, 0.95863 ], [ -50.41968, 0.96104 ], [ -50.41252, 0.95755 ], [ -50.41169, 0.95295 ], [ -50.40575, 0.94899 ], [ -50.40105, 0.9355 ], [ -50.39436, 0.93154 ], [ -50.38669, 0.93426 ], [ -50.38891, 0.92535 ], [ -50.38508, 0.92386 ], [ -50.36911, 0.93154 ], [ -50.36997, 0.93896 ], [ -50.36601, 0.94144 ], [ -50.3623, 0.94144 ], [ -50.35759, 0.93426 ], [ -50.34175, 0.9256 ], [ -50.32726, 0.94478 ], [ -50.30144, 0.94265 ], [ -50.29597, 0.92756 ], [ -50.30097, 0.91092 ], [ -50.29954, 0.89524 ], [ -50.28136, 0.88062 ], [ -50.2787, 0.85586 ], [ -50.2842, 0.84456 ], [ -50.28966, 0.81414 ], [ -50.30369, 0.78728 ], [ -50.3048, 0.73507 ], [ -50.31464, 0.67801 ], [ -50.34724, 0.66684 ], [ -50.40986, 0.62334 ], [ -50.44502, 0.66521 ], [ -50.44246, 0.66712 ], [ -50.44478, 0.66572 ], [ -50.44718, 0.66738 ], [ -50.4394, 0.67453 ], [ -50.43726, 0.6905 ], [ -50.43968, 0.69656 ], [ -50.44475, 0.69806 ], [ -50.44325, 0.70091 ], [ -50.45309, 0.70776 ], [ -50.45715, 0.71752 ], [ -50.45666, 0.72993 ], [ -50.48468, 0.731 ], [ -50.48682, 0.73414 ], [ -50.48461, 0.73806 ], [ -50.49388, 0.73934 ], [ -50.49701, 0.74476 ], [ -50.50493, 0.7449 ], [ -50.49826, 0.75532 ], [ -50.50354, 0.75411 ], [ -50.50906, 0.75853 ], [ -50.51627, 0.7559 ], [ -50.51983, 0.76295 ], [ -50.52115, 0.75661 ], [ -50.52725, 0.7616 ], [ -50.52817, 0.756 ], [ -50.53113, 0.7549 ], [ -50.53245, 0.76408 ], [ -50.53648, 0.75834 ], [ -50.53901, 0.76383 ], [ -50.54832, 0.76796 ], [ -50.55513, 0.76504 ], [ -50.56989, 0.77035 ], [ -50.57117, 0.76622 ], [ -50.56725, 0.76486 ], [ -50.57252, 0.7604 ], [ -50.5727, 0.75449 ], [ -50.57156, 0.75007 ], [ -50.56825, 0.75217 ], [ -50.56803, 0.74472 ], [ -50.5807, 0.73415 ], [ -50.58108, 0.74301 ], [ -50.6171, 0.7559 ], [ -50.62725, 0.77228 ], [ -50.62466, 0.7651 ], [ -50.62699, 0.76188 ], [ -50.63227, 0.7629 ], [ -50.63373, 0.76721 ], [ -50.6274, 0.77253 ], [ -50.62864, 0.77454 ], [ -50.63973, 0.77643 ], [ -50.65183, 0.77205 ], [ -50.68259, 0.77598 ], [ -50.69063, 0.79735 ], [ -50.69678, 0.79542 ] ], [ [ -50.80992, 0.96995 ], [ -50.80382, 0.96944 ], [ -50.80384, 0.96125 ], [ -50.79565, 0.95822 ], [ -50.79031, 0.948 ], [ -50.79582, 0.95871 ], [ -50.79678, 0.96396 ], [ -50.79284, 0.96576 ], [ -50.79852, 0.97227 ], [ -50.79971, 0.97213 ], [ -50.80379, 0.96791 ], [ -50.80022, 0.97422 ], [ -50.80738, 0.97701 ], [ -50.80933, 0.97487 ], [ -50.80992, 0.96995 ] ], [ [ -50.43667, 0.94928 ], [ -50.43665, 0.94897 ], [ -50.41968, 0.96104 ], [ -50.43667, 0.94928 ] ], [ [ -50.65129, 0.78845 ], [ -50.6513, 0.78982 ], [ -50.65598, 0.78764 ], [ -50.65385, 0.7886 ], [ -50.65129, 0.78845 ] ], [ [ -50.78116, 0.89571 ], [ -50.7795, 0.89398 ], [ -50.77969, 0.89778 ], [ -50.7871, 0.88799 ], [ -50.78116, 0.89571 ] ], [ [ -50.78768, 0.92563 ], [ -50.78257, 0.93296 ], [ -50.78266, 0.93314 ], [ -50.78768, 0.92563 ] ], [ [ -50.79027, 0.91154 ], [ -50.79022, 0.91137 ], [ -50.78768, 0.92563 ], [ -50.79027, 0.91154 ] ], [ [ -50.64494, 0.799 ], [ -50.64504, 0.79314 ], [ -50.64454, 0.79339 ], [ -50.64494, 0.799 ] ], [ [ -50.68965, 0.83638 ], [ -50.69029, 0.83626 ], [ -50.69055, 0.83592 ], [ -50.68965, 0.83638 ] ], [ [ -50.68339, 0.83374 ], [ -50.68634, 0.83701 ], [ -50.68766, 0.83676 ], [ -50.68339, 0.83374 ] ], [ [ -50.67239, 0.84664 ], [ -50.67253, 0.84657 ], [ -50.68339, 0.83374 ], [ -50.67239, 0.84664 ] ], [ [ -50.65804, 0.8457 ], [ -50.65584, 0.84832 ], [ -50.66505, 0.85726 ], [ -50.66358, 0.85407 ], [ -50.66701, 0.85381 ], [ -50.66531, 0.84981 ], [ -50.67013, 0.84765 ], [ -50.66544, 0.84965 ], [ -50.66166, 0.84164 ], [ -50.65587, 0.84419 ], [ -50.65804, 0.8457 ] ], [ [ -50.65848, 0.87352 ], [ -50.66549, 0.85821 ], [ -50.66545, 0.85812 ], [ -50.65848, 0.87352 ] ], [ [ -50.64798, 0.87872 ], [ -50.64432, 0.87381 ], [ -50.64401, 0.87408 ], [ -50.64798, 0.87872 ] ], [ [ -50.64177, 0.87602 ], [ -50.64333, 0.8795 ], [ -50.64388, 0.87419 ], [ -50.64177, 0.87602 ] ], [ [ -50.64172, 0.88021 ], [ -50.64319, 0.88078 ], [ -50.64324, 0.88032 ], [ -50.64172, 0.88021 ] ], [ [ -50.64081, 0.87295 ], [ -50.63951, 0.87935 ], [ -50.64008, 0.87957 ], [ -50.64081, 0.87295 ] ], [ [ -50.50382, 0.91042 ], [ -50.50144, 0.91672 ], [ -50.5049, 0.90937 ], [ -50.50382, 0.91042 ] ], [ [ -50.4979, 0.92771 ], [ -50.49936, 0.92783 ], [ -50.50113, 0.92637 ], [ -50.4979, 0.92771 ] ], [ [ -50.49039, 0.92545 ], [ -50.47868, 0.92611 ], [ -50.49361, 0.92735 ], [ -50.49039, 0.92545 ] ], [ [ -50.44214, 0.9273 ], [ -50.44148, 0.92861 ], [ -50.45105, 0.93169 ], [ -50.44214, 0.9273 ] ], [ [ -50.62657, 0.83078 ], [ -50.63185, 0.83079 ], [ -50.63494, 0.82793 ], [ -50.62618, 0.82376 ], [ -50.62657, 0.83078 ] ], [ [ -50.69838, 0.88676 ], [ -50.70716, 0.88157 ], [ -50.70223, 0.87665 ], [ -50.69547, 0.88366 ], [ -50.69838, 0.88676 ] ] ] } },
{ "type": "Feature", "properties": { "cluster": 267.0, "hvi": 0.1644, "population": 2759, "setores": 2, "municipio": "Mazagão" }, "geometry": { "type": "MultiPolygon", "coordinates": [ [ [ [ -51.28148, -0.12344 ], [ -51.28929, -0.12719 ], [ -51.29191, -0.12545 ], [ -51.28968, -0.12138 ], [ -51.28238, -0.12087 ], [ -51.28148, -0.12344 ] ] ], [ [ [ -51.28238, -0.12087 ], [ -51.29051, -0.12078 ], [ -51.28915, -0.11524 ], [ -51.28319, -0.11541 ], [ -51.28238, -0.12087 ] ] ] ] } },
{ "type": "Feature", "properties": { "cluster": 268.0, "hvi": 0.168, "population": 2919, "setores": 2, "municipio": "Mazagão" }, "geometry": { "type": "MultiPolygon", "coordinates": [ [ [ [ -51.28915, -0.11524 ], [ -51.29194, -0.12551 ], [ -51.30088, -0.11299 ], [ -51.28915, -0.11524 ] ] ], [ [ [ -51.28987, -0.11509 ], [ -51.30084, -0.1129 ], [ -51.29584, -0.10851 ], [ -51.28586, -0.1075 ], [ -51.28987, -0.11509 ] ] ] ] } },
{ "type": "Feature", "properties": { "cluster": 269.0, "hvi": 0.1614, "population": 1394, "setores": 1, "municipio": "Mazagão" }, "geometry": { "type": "Polygon", "coordinates": [ [ [ -51.2817, -0.10479 ], [ -51.29065, -0.10773 ], [ -51.29166, -0.10121 ], [ -51.28525, -0.0985 ], [ -51.2817, -0.10479 ] ] ] } },
{ "type": "Feature", "properties": { "cluster": 270.0, "hvi": 0.1202, "population": 3737, "setores": 7, "municipio": "Mazagão" }, "geometry": { "type": "MultiPolygon", "coordinates": [ [ [ [ -51.65441, 0.01359 ], [ -51.66107, 0.02182 ], [ -51.67374, 0.04986 ], [ -51.71471, 0.11129 ], [ -51.73581, 0.15067 ], [ -51.73857, 0.16503 ], [ -51.7585, 0.18077 ], [ -51.77439, 0.21186 ], [ -51.69714, 0.266 ], [ -51.6899, 0.25304 ], [ -51.67297, 0.24477 ], [ -51.6663, 0.24712 ], [ -51.66659, 0.24245 ], [ -51.6576, 0.24056 ], [ -51.65375, 0.23247 ], [ -51.6457, 0.23486 ], [ -51.62741, 0.21504 ], [ -51.614, 0.21147 ], [ -51.60117, 0.20003 ], [ -51.5961, 0.1879 ], [ -51.57546, 0.16452 ], [ -51.57821, 0.16129 ], [ -51.57547, 0.15095 ], [ -51.57092, 0.14117 ], [ -51.56695, 0.1495 ], [ -51.56196, 0.13644 ], [ -51.56612, 0.13222 ], [ -51.55609, 0.11611 ], [ -51.56198, 0.11171 ], [ -51.54964, 0.10346 ], [ -51.54181, 0.08862 ], [ -51.53737, 0.08519 ], [ -51.53796, 0.08614 ], [ -51.52328, 0.08435 ], [ -51.52521, 0.08135 ], [ -51.50871, 0.06475 ], [ -51.49417, 0.05867 ], [ -51.49622, 0.06812 ], [ -51.48235, 0.07665 ], [ -51.48038, 0.0856 ], [ -51.47549, 0.0878 ], [ -51.46764, 0.08505 ], [ -51.46036, 0.07773 ], [ -51.45882, 0.06445 ], [ -51.45362, 0.06426 ], [ -51.45179, 0.06967 ], [ -51.44436, 0.07209 ], [ -51.43929, 0.06644 ], [ -51.43569, 0.06939 ], [ -51.43089, 0.06665 ], [ -51.42112, 0.07656 ], [ -51.42388, 0.05653 ], [ -51.44139, 0.065 ], [ -51.45126, 0.04894 ], [ -51.45957, 0.05263 ], [ -51.48632, 0.03565 ], [ -51.4902, 0.03675 ], [ -51.48899, 0.02741 ], [ -51.46962, 0.01726 ], [ -51.44956, 0.01273 ], [ -51.44478, -0.00515 ], [ -51.43765, -0.01122 ], [ -51.43432, -0.03439 ], [ -51.42517, -0.03902 ], [ -51.41906, -0.04753 ], [ -51.40511, -0.05067 ], [ -51.40024, -0.06525 ], [ -51.37775, -0.07166 ], [ -51.36341, -0.0691 ], [ -51.3323, -0.08207 ], [ -51.32527, -0.08207 ], [ -51.31676, -0.07462 ], [ -51.30334, -0.07952 ], [ -51.28396, -0.08058 ], [ -51.27487, -0.08954 ], [ -51.27925, -0.10347 ], [ -51.2817, -0.10479 ], [ -51.28377, -0.09941 ], [ -51.28808, -0.09761 ], [ -51.2917, -0.10132 ], [ -51.29071, -0.10813 ], [ -51.30117, -0.11076 ], [ -51.29742, -0.11571 ], [ -51.30281, -0.11551 ], [ -51.30514, -0.11899 ], [ -51.29986, -0.12716 ], [ -51.29301, -0.12851 ], [ -51.2987, -0.14382 ], [ -51.31059, -0.14281 ], [ -51.31522, -0.13503 ], [ -51.3209, -0.13645 ], [ -51.32877, -0.14462 ], [ -51.33038, -0.15409 ], [ -51.34245, -0.15251 ], [ -51.34171, -0.16041 ], [ -51.34825, -0.16403 ], [ -51.34763, -0.1642 ], [ -51.34751, -0.1669 ], [ -51.40964, -0.17466 ], [ -51.39283, -0.21074 ], [ -51.38988, -0.22964 ], [ -51.38074, -0.24494 ], [ -51.37271, -0.2511 ], [ -51.35952, -0.25288 ], [ -51.34413, -0.26048 ], [ -51.35257, -0.27595 ], [ -51.35667, -0.29775 ], [ -51.36205, -0.30776 ], [ -51.36854, -0.30965 ], [ -51.37205, -0.31778 ], [ -51.37751, -0.31076 ], [ -51.38423, -0.31022 ], [ -51.37763, -0.31552 ], [ -51.37385, -0.32532 ], [ -51.3768, -0.3255 ], [ -51.37951, -0.31843 ], [ -51.39154, -0.31965 ], [ -51.3888, -0.32525 ], [ -51.391, -0.33698 ], [ -51.39602, -0.33212 ], [ -51.40439, -0.33538 ], [ -51.3985, -0.33861 ], [ -51.40035, -0.3477 ], [ -51.41475, -0.33622 ], [ -51.42188, -0.34314 ], [ -51.42644, -0.32637 ], [ -51.43812, -0.32265 ], [ -51.44632, -0.32693 ], [ -51.45241, -0.32194 ], [ -51.45962, -0.32569 ], [ -51.46284, -0.33394 ], [ -51.46453, -0.32851 ], [ -51.47181, -0.32846 ], [ -51.46781, -0.32504 ], [ -51.4766, -0.30681 ], [ -51.47116, -0.29705 ], [ -51.48216, -0.27959 ], [ -51.48353, -0.26845 ], [ -51.49345, -0.26114 ], [ -51.49516, -0.25265 ], [ -51.51406, -0.24524 ], [ -51.51727, -0.24051 ], [ -51.51288, -0.23497 ], [ -51.51381, -0.23101 ], [ -51.52304, -0.23313 ], [ -51.52836, -0.22463 ], [ -51.54005, -0.22366 ], [ -51.55066, -0.20345 ], [ -51.54951, -0.19246 ], [ -51.5471, -0.1941 ], [ -51.54526, -0.19109 ], [ -51.54246, -0.19478 ], [ -51.53847, -0.19096 ], [ -51.54338, -0.17929 ], [ -51.55786, -0.16711 ], [ -51.5557, -0.16194 ], [ -51.56003, -0.15208 ], [ -51.55622, -0.14843 ], [ -51.56751, -0.12908 ], [ -51.5922, -0.11397 ], [ -51.59007, -0.10775 ], [ -51.5922, -0.10589 ], [ -51.60889, -0.10648 ], [ -51.61758, -0.1135 ], [ -51.62323, -0.11322 ], [ -51.62613, -0.1205 ], [ -51.63147, -0.11623 ], [ -51.64051, -0.11836 ], [ -51.63824, -0.10336 ], [ -51.64365, -0.1025 ], [ -51.64442, -0.09537 ], [ -51.63604, -0.08105 ], [ -51.64484, -0.06792 ], [ -51.64546, -0.06141 ], [ -51.65449, -0.05807 ], [ -51.66073, -0.04293 ], [ -51.65617, -0.03532 ], [ -51.6639, -0.02367 ], [ -51.67088, -0.02025 ], [ -51.67079, -0.00941 ], [ -51.64286, 0.00722 ], [ -51.65441, 0.01359 ] ], [ [ -51.62251, -0.00436 ], [ -51.62542, -0.00058 ], [ -51.64286, 0.00722 ], [ -51.62251, -0.00436 ] ], [ [ -51.61901, -0.01424 ], [ -51.61747, -0.01093 ], [ -51.61981, -0.00789 ], [ -51.61901, -0.01424 ] ], [ [ -51.62886, -0.0343 ], [ -51.62875, -0.03514 ], [ -51.62669, -0.03071 ], [ -51.62886, -0.0343 ] ], [ [ -51.62828, -0.03889 ], [ -51.6167, -0.04901 ], [ -51.62866, -0.03583 ], [ -51.62828, -0.03889 ] ], [ [ -51.61622, -0.04943 ], [ -51.61, -0.05023 ], [ -51.57999, -0.05232 ], [ -51.61622, -0.04943 ] ], [ [ -51.55055, -0.06074 ], [ -51.57189, -0.04532 ], [ -51.57238, -0.04575 ], [ -51.55055, -0.06074 ] ], [ [ -51.42756, -0.18457 ], [ -51.43792, -0.21115 ], [ -51.42724, -0.18437 ], [ -51.42756, -0.18457 ] ], [ [ -51.41271, -0.17504 ], [ -51.42383, -0.18218 ], [ -51.40977, -0.17467 ], [ -51.41271, -0.17504 ] ], [ [ -51.42871, -0.22065 ], [ -51.42561, -0.22206 ], [ -51.43066, -0.21403 ], [ -51.43639, -0.21352 ], [ -51.43698, -0.22242 ], [ -51.4332, -0.22634 ], [ -51.42871, -0.22065 ] ], [ [ -51.63701, 0.062 ], [ -51.63493, 0.01823 ], [ -51.63489, 0.01841 ], [ -51.63701, 0.062 ] ], [ [ -51.63187, 0.09361 ], [ -51.63196, 0.09304 ], [ -51.62288, 0.10351 ], [ -51.63187, 0.09361 ] ], [ [ -51.60018, 0.14748 ], [ -51.61683, 0.12912 ], [ -51.59984, 0.14738 ], [ -51.60018, 0.14748 ] ], [ [ -51.5326, 0.07744 ], [ -51.53309, 0.07823 ], [ -51.53263, 0.07647 ], [ -51.5326, 0.07744 ] ], [ [ -51.53321, 0.05811 ], [ -51.53268, 0.07487 ], [ -51.53498, 0.06306 ], [ -51.53321, 0.05811 ] ], [ [ -51.52617, 0.04789 ], [ -51.53132, 0.05283 ], [ -51.53034, 0.05011 ], [ -51.52617, 0.04789 ] ], [ [ -51.50892, 0.04206 ], [ -51.52231, 0.04585 ], [ -51.52048, 0.04488 ], [ -51.50892, 0.04206 ] ] ], [ [ [ -51.28987, -0.11509 ], [ -51.28586, -0.1075 ], [ -51.2817, -0.10479 ], [ -51.28319, -0.11541 ], [ -51.28627, -0.11583 ], [ -51.28987, -0.11509 ] ] ] ] } },
{ "type": "Feature", "properties": { "cluster": 271.0, "hvi": 0.1386, "population": 933, "setores": 1, "municipio": "Mazagão" }, "geometry": { "type": "Polygon", "coordinates": [ [ [ -51.28111, -0.12921 ], [ -51.28828, -0.12571 ], [ -51.28148, -0.12344 ], [ -51.28111, -0.12921 ] ] ] } },
{ "type": "Feature", "properties": { "cluster": 272.0, "hvi": 0.1263, "population": 646, "setores": 1, "municipio": "Mazagão" }, "geometry": { "type": "Polygon", "coordinates": [ [ [ -51.34914, -0.18977 ], [ -51.36288, -0.18545 ], [ -51.35328, -0.17899 ], [ -51.34914, -0.18977 ] ] ] } },
{ "type": "Feature", "properties": { "cluster": 273.0, "hvi": 0.1457, "population": 1874, "setores": 3, "municipio": "Mazagão" }, "geometry": { "type": "MultiPolygon", "coordinates": [ [ [ [ -51.3069, -0.25609 ], [ -51.32852, -0.2695 ], [ -51.34413, -0.26048 ], [ -51.35952, -0.25288 ], [ -51.37271, -0.2511 ], [ -51.38074, -0.24494 ], [ -51.38988, -0.22964 ], [ -51.39326, -0.20954 ], [ -51.41007, -0.17433 ], [ -51.34751, -0.1669 ], [ -51.31005, -0.18832 ], [ -51.30855, -0.19927 ], [ -51.30206, -0.20197 ], [ -51.2804, -0.21563 ], [ -51.3069, -0.25609 ] ], [ [ -51.36103, -0.18805 ], [ -51.34914, -0.18977 ], [ -51.35328, -0.17899 ], [ -51.36288, -0.18545 ], [ -51.36103, -0.18805 ] ] ], [ [ [ -51.42871, -0.22065 ], [ -51.43391, -0.22619 ], [ -51.43698, -0.22242 ], [ -51.43639, -0.21352 ], [ -51.43066, -0.21403 ], [ -51.42561, -0.22206 ], [ -51.42871, -0.22065 ] ] ] ] } },
{ "type": "Feature", "properties": { "cluster": 274.0, "hvi": 0.1176, "population": 1567, "setores": 5, "municipio": "Mazagão" }, "geometry": { "type": "MultiPolygon", "coordinates": [ [ [ [ -51.45597, -0.43954 ], [ -51.45861, -0.43653 ], [ -51.45278, -0.43219 ], [ -51.45032, -0.43523 ], [ -51.45597, -0.43954 ] ] ], [ [ [ -51.73648, -0.16702 ], [ -51.75369, -0.13548 ], [ -51.7418, -0.10436 ], [ -51.7237, -0.07924 ], [ -51.71408, -0.07138 ], [ -51.70204, -0.0324 ], [ -51.69433, -0.01854 ], [ -51.67079, -0.00941 ], [ -51.67088, -0.02025 ], [ -51.6639, -0.02367 ], [ -51.65617, -0.03532 ], [ -51.66073, -0.04293 ], [ -51.65449, -0.05807 ], [ -51.64546, -0.06141 ], [ -51.64484, -0.06792 ], [ -51.63604, -0.08105 ], [ -51.64442, -0.09537 ], [ -51.64365, -0.1025 ], [ -51.63824, -0.10336 ], [ -51.64051, -0.11836 ], [ -51.63147, -0.11623 ], [ -51.62613, -0.1205 ], [ -51.62323, -0.11322 ], [ -51.61758, -0.1135 ], [ -51.60889, -0.10648 ], [ -51.5922, -0.10589 ], [ -51.59007, -0.10775 ], [ -51.5922, -0.11397 ], [ -51.56751, -0.12908 ], [ -51.55622, -0.14843 ], [ -51.56003, -0.15208 ], [ -51.5557, -0.16194 ], [ -51.55786, -0.16711 ], [ -51.54338, -0.17929 ], [ -51.53847, -0.19096 ], [ -51.54246, -0.19478 ], [ -51.54526, -0.19109 ], [ -51.5471, -0.1941 ], [ -51.54951, -0.19246 ], [ -51.55066, -0.20345 ], [ -51.54005, -0.22366 ], [ -51.52836, -0.22463 ], [ -51.52304, -0.23313 ], [ -51.51381, -0.23101 ], [ -51.51288, -0.23497 ], [ -51.51727, -0.24051 ], [ -51.51406, -0.24524 ], [ -51.49516, -0.25265 ], [ -51.49345, -0.26114 ], [ -51.48353, -0.26845 ], [ -51.48216, -0.27959 ], [ -51.47116, -0.29705 ], [ -51.4766, -0.30681 ], [ -51.46781, -0.32504 ], [ -51.47181, -0.32846 ], [ -51.46453, -0.32851 ], [ -51.46284, -0.33394 ], [ -51.45962, -0.32569 ], [ -51.45241, -0.32194 ], [ -51.44632, -0.32693 ], [ -51.43812, -0.32265 ], [ -51.42644, -0.32637 ], [ -51.42188, -0.34314 ], [ -51.41475, -0.33622 ], [ -51.40035, -0.3477 ], [ -51.3985, -0.33861 ], [ -51.40439, -0.33538 ], [ -51.39602, -0.33212 ], [ -51.391, -0.33698 ], [ -51.3888, -0.32525 ], [ -51.39154, -0.31965 ], [ -51.37951, -0.31843 ], [ -51.3768, -0.3255 ], [ -51.37313, -0.3246 ], [ -51.38423, -0.31022 ], [ -51.37751, -0.31076 ], [ -51.37205, -0.31778 ], [ -51.36854, -0.30965 ], [ -51.36205, -0.30776 ], [ -51.35805, -0.30145 ], [ -51.37847, -0.35458 ], [ -51.40005, -0.38288 ], [ -51.46109, -0.43879 ], [ -51.45878, -0.45281 ], [ -51.46745, -0.45833 ], [ -51.47749, -0.47224 ], [ -51.48242, -0.46237 ], [ -51.49056, -0.45542 ], [ -51.48872, -0.45382 ], [ -51.47975, -0.45869 ], [ -51.47167, -0.4521 ], [ -51.47571, -0.43451 ], [ -51.48082, -0.43261 ], [ -51.48052, -0.44645 ], [ -51.50215, -0.44978 ], [ -51.49288, -0.44122 ], [ -51.49758, -0.42072 ], [ -51.50227, -0.43451 ], [ -51.5097, -0.43617 ], [ -51.51303, -0.44901 ], [ -51.51718, -0.45328 ], [ -51.51421, -0.43011 ], [ -51.52378, -0.43088 ], [ -51.53085, -0.4269 ], [ -51.52755, -0.42252 ], [ -51.51897, -0.42649 ], [ -51.51017, -0.42078 ], [ -51.51671, -0.4174 ], [ -51.52241, -0.40771 ], [ -51.5242, -0.41852 ], [ -51.53228, -0.41698 ], [ -51.54173, -0.41953 ], [ -51.53293, -0.40349 ], [ -51.54725, -0.40902 ], [ -51.54761, -0.39814 ], [ -51.5561, -0.39505 ], [ -51.55587, -0.38602 ], [ -51.56377, -0.37931 ], [ -51.56549, -0.37247 ], [ -51.57797, -0.36921 ], [ -51.58338, -0.3619 ], [ -51.58213, -0.34788 ], [ -51.59283, -0.32173 ], [ -51.59342, -0.30295 ], [ -51.59063, -0.29826 ], [ -51.59829, -0.29874 ], [ -51.60251, -0.29155 ], [ -51.60489, -0.27051 ], [ -51.60061, -0.26552 ], [ -51.59942, -0.25625 ], [ -51.60631, -0.2449 ], [ -51.60334, -0.23813 ], [ -51.60728, -0.22921 ], [ -51.61315, -0.22785 ], [ -51.61594, -0.2086 ], [ -51.62182, -0.20432 ], [ -51.62765, -0.20378 ], [ -51.63062, -0.20676 ], [ -51.63709, -0.202 ], [ -51.63858, -0.18911 ], [ -51.64725, -0.18221 ], [ -51.6526, -0.18227 ], [ -51.65373, -0.18578 ], [ -51.65854, -0.18251 ], [ -51.66365, -0.18584 ], [ -51.66894, -0.17544 ], [ -51.68308, -0.17104 ], [ -51.68499, -0.17324 ], [ -51.69432, -0.16659 ], [ -51.70168, -0.17075 ], [ -51.70073, -0.17913 ], [ -51.70323, -0.18233 ], [ -51.70786, -0.18192 ], [ -51.70572, -0.18756 ], [ -51.70798, -0.18994 ], [ -51.73104, -0.18299 ], [ -51.73553, -0.18347 ], [ -51.74013, -0.18574 ], [ -51.74037, -0.17488 ], [ -51.73601, -0.17478 ], [ -51.73648, -0.16702 ] ], [ [ -51.71114, -0.14236 ], [ -51.74086, -0.14221 ], [ -51.74291, -0.14296 ], [ -51.71114, -0.14236 ] ], [ [ -51.61433, -0.16933 ], [ -51.60142, -0.17211 ], [ -51.61697, -0.16698 ], [ -51.61433, -0.16933 ] ] ] ] } },
{ "type": "Feature", "properties": { "cluster": 275.0, "hvi": 0.1146, "population": 432, "setores": 1, "municipio": "Mazagão" }, "geometry": { "type": "Polygon", "coordinates": [ [ [ -51.62137, -0.60073 ], [ -51.62271, -0.60324 ], [ -51.63658, -0.59461 ], [ -51.63545, -0.59234 ], [ -51.62137, -0.60073 ] ] ] } },
{ "type": "Feature", "properties": { "cluster": 276.0, "hvi": 0.1676, "population": 2229, "setores": 2, "municipio": "Mazagão" }, "geometry": { "type": "Polygon", "coordinates": [ [ [ -51.90551, -0.39926 ], [ -51.91242, -0.33538 ], [ -51.88549, -0.33978 ], [ -51.8899, -0.35691 ], [ -51.88106, -0.37058 ], [ -51.85592, -0.38811 ], [ -51.84643, -0.38868 ], [ -51.82323, -0.40618 ], [ -51.81162, -0.40267 ], [ -51.81312, -0.39179 ], [ -51.81024, -0.38678 ], [ -51.78806, -0.40788 ], [ -51.76785, -0.40912 ], [ -51.75525, -0.41332 ], [ -51.75117, -0.41804 ], [ -51.75493, -0.42116 ], [ -51.75942, -0.44657 ], [ -51.59198, -0.32461 ], [ -51.58546, -0.33504 ], [ -51.5807, -0.36677 ], [ -51.56549, -0.37247 ], [ -51.56377, -0.37931 ], [ -51.55587, -0.38602 ], [ -51.5561, -0.39505 ], [ -51.54761, -0.39814 ], [ -51.54725, -0.40902 ], [ -51.53436, -0.40272 ], [ -51.53228, -0.40456 ], [ -51.54173, -0.41953 ], [ -51.53228, -0.41698 ], [ -51.5242, -0.41852 ], [ -51.52241, -0.40771 ], [ -51.51671, -0.4174 ], [ -51.51017, -0.42078 ], [ -51.51897, -0.42649 ], [ -51.52755, -0.42252 ], [ -51.53085, -0.4269 ], [ -51.52378, -0.43088 ], [ -51.51421, -0.43011 ], [ -51.51718, -0.45328 ], [ -51.51303, -0.44901 ], [ -51.5097, -0.43617 ], [ -51.50227, -0.43451 ], [ -51.49758, -0.42072 ], [ -51.49288, -0.44122 ], [ -51.50215, -0.44978 ], [ -51.48052, -0.44645 ], [ -51.48082, -0.43261 ], [ -51.47571, -0.43451 ], [ -51.47167, -0.4521 ], [ -51.47975, -0.45869 ], [ -51.48872, -0.45382 ], [ -51.49056, -0.45542 ], [ -51.48242, -0.46237 ], [ -51.47749, -0.47224 ], [ -51.46745, -0.45833 ], [ -51.45878, -0.45281 ], [ -51.46109, -0.43879 ], [ -51.45861, -0.43653 ], [ -51.45597, -0.43954 ], [ -51.45032, -0.43523 ], [ -51.45278, -0.43219 ], [ -51.43552, -0.41753 ], [ -51.43915, -0.45504 ], [ -51.46681, -0.49045 ], [ -51.50805, -0.52707 ], [ -51.53323, -0.53878 ], [ -51.56614, -0.5711 ], [ -51.57372, -0.56661 ], [ -51.57572, -0.55992 ], [ -51.71009, -0.5611 ], [ -51.74001, -0.58649 ], [ -51.77833, -0.60328 ], [ -52.06167, -0.47621 ], [ -51.90551, -0.39926 ] ] ] } },
{ "type": "Feature", "properties": { "cluster": 277.0, "hvi": 0.1355, "population": 1665, "setores": 2, "municipio": "Oiapoque" }, "geometry": { "type": "MultiPolygon", "coordinates": [ [ [ [ -51.83562, 3.84805 ], [ -51.83342, 3.84888 ], [ -51.83195, 3.84158 ], [ -51.83472, 3.84008 ], [ -51.83562, 3.84805 ] ] ], [ [ [ -51.83342, 3.84888 ], [ -51.82727, 3.84972 ], [ -51.83259, 3.84679 ], [ -51.83342, 3.84888 ] ] ] ] } },
{ "type": "Feature", "properties": { "cluster": 278.0, "hvi": 0.117, "population": 1945, "setores": 3, "municipio": "Oiapoque" }, "geometry": { "type": "MultiPolygon", "coordinates": [ [ [ [ -51.84111, 3.82965 ], [ -51.84289, 3.83063 ], [ -51.84051, 3.84292 ], [ -51.83622, 3.83596 ], [ -51.84111, 3.82965 ] ] ], [ [ [ -51.8384, 3.84166 ], [ -51.84051, 3.84292 ], [ -51.83562, 3.84805 ], [ -51.83491, 3.84363 ], [ -51.83843, 3.84227 ], [ -51.8384, 3.84166 ] ] ] ] } },
{ "type": "Feature", "properties": { "cluster": 279.0, "hvi": 0.1156, "population": 581, "setores": 1, "municipio": "Oiapoque" }, "geometry": { "type": "Polygon", "coordinates": [ [ [ -51.58162, 3.77313 ], [ -51.58613, 3.77741 ], [ -51.58185, 3.78193 ], [ -51.57733, 3.77764 ], [ -51.58162, 3.77313 ] ] ] } },
{ "type": "Feature", "properties": { "cluster": 280.0, "hvi": 0.1013, "population": 361, "setores": 1, "municipio": "Oiapoque" }, "geometry": { "type": "Polygon", "coordinates": [ [ [ -51.59515, 3.76514 ], [ -51.59061, 3.76073 ], [ -51.59618, 3.75621 ], [ -51.5993, 3.75708 ], [ -51.60137, 3.76366 ], [ -51.59515, 3.76514 ] ] ] } },
{ "type": "Feature", "properties": { "cluster": 281.0, "hvi": 0.1364, "population": 1127, "setores": 1, "municipio": "Oiapoque" }, "geometry": { "type": "Polygon", "coordinates": [ [ [ -51.71514, 3.72662 ], [ -51.71768, 3.72357 ], [ -51.71559, 3.72035 ], [ -51.72839, 3.72013 ], [ -51.72819, 3.7286 ], [ -51.72356, 3.73339 ], [ -51.71514, 3.72662 ] ] ] } },
{ "type": "Feature", "properties": { "cluster": 282.0, "hvi": 0.1662, "population": 2598, "setores": 2, "municipio": "Oiapoque" }, "geometry": { "type": "Polygon", "coordinates": [ [ [ -51.83236, 3.84227 ], [ -51.8343, 3.84583 ], [ -51.82727, 3.84972 ], [ -51.8292, 3.85062 ], [ -51.82529, 3.85608 ], [ -51.8221, 3.85022 ], [ -51.82791, 3.84725 ], [ -51.82806, 3.84363 ], [ -51.83236, 3.84227 ] ] ] } },
{ "type": "Feature", "properties": { "cluster": 283.0, "hvi": 0.1334, "population": 2756, "setores": 3, "municipio": "Oiapoque" }, "geometry": { "type": "Polygon", "coordinates": [ [ [ -51.82974, 3.83746 ], [ -51.83398, 3.8349 ], [ -51.8384, 3.84166 ], [ -51.83627, 3.8429 ], [ -51.83471, 3.84008 ], [ -51.83197, 3.84157 ], [ -51.83236, 3.84227 ], [ -51.8282, 3.84288 ], [ -51.8308, 3.83943 ], [ -51.82974, 3.83746 ] ] ] } },
{ "type": "Feature", "properties": { "cluster": 284.0, "hvi": 0.1451, "population": 999, "setores": 1, "municipio": "Oiapoque" }, "geometry": { "type": "Polygon", "coordinates": [ [ [ -51.48075, 3.48552 ], [ -51.48852, 3.48637 ], [ -51.4879, 3.49364 ], [ -51.48028, 3.49336 ], [ -51.48075, 3.48552 ] ] ] } },
{ "type": "Feature", "properties": { "cluster": 285.0, "hvi": 0.0864, "population": 56, "setores": 1, "municipio": "Oiapoque" }, "geometry": { "type": "Polygon", "coordinates": [ [ [ -51.37523, 3.68284 ], [ -51.37767, 3.68489 ], [ -51.37562, 3.68734 ], [ -51.37318, 3.68529 ], [ -51.37523, 3.68284 ] ] ] } },
{ "type": "Feature", "properties": { "cluster": 286.0, "hvi": 0.0858, "population": 32, "setores": 1, "municipio": "Oiapoque" }, "geometry": { "type": "Polygon", "coordinates": [ [ [ -51.47242, 3.53303 ], [ -51.47486, 3.53509 ], [ -51.47281, 3.53754 ], [ -51.47037, 3.53548 ], [ -51.47242, 3.53303 ] ] ] } },
{ "type": "Feature", "properties": { "cluster": 287.0, "hvi": 0.0869, "population": 52, "setores": 1, "municipio": "Oiapoque" }, "geometry": { "type": "Polygon", "coordinates": [ [ [ -51.47786, 3.50714 ], [ -51.4803, 3.50919 ], [ -51.47825, 3.51164 ], [ -51.47581, 3.50959 ], [ -51.47786, 3.50714 ] ] ] } },
{ "type": "Feature", "properties": { "cluster": 288.0, "hvi": 0.0897, "population": 102, "setores": 1, "municipio": "Oiapoque" }, "geometry": { "type": "Polygon", "coordinates": [ [ [ -51.49362, 3.47621 ], [ -51.49606, 3.47827 ], [ -51.49401, 3.48072 ], [ -51.49158, 3.47866 ], [ -51.49362, 3.47621 ] ] ] } },
{ "type": "Feature", "properties": { "cluster": 289.0, "hvi": 0.0887, "population": 89, "setores": 1, "municipio": "Oiapoque" }, "geometry": { "type": "Polygon", "coordinates": [ [ [ -51.50236, 3.46855 ], [ -51.5048, 3.47061 ], [ -51.50275, 3.47306 ], [ -51.50031, 3.471 ], [ -51.50236, 3.46855 ] ] ] } },
{ "type": "Feature", "properties": { "cluster": 290.0, "hvi": 0.1004, "population": 0, "setores": 1, "municipio": "Oiapoque" }, "geometry": { "type": "Polygon", "coordinates": [ [ [ -51.50843, 3.46263 ], [ -51.51134, 3.46525 ], [ -51.50883, 3.46824 ], [ -51.50572, 3.46554 ], [ -51.50843, 3.46263 ] ] ] } },
{ "type": "Feature", "properties": { "cluster": 291.0, "hvi": 0.126, "population": 1236, "setores": 2, "municipio": "Oiapoque" }, "geometry": { "type": "Polygon", "coordinates": [ [ [ -51.82466, 3.83379 ], [ -51.80435, 3.82727 ], [ -51.82251, 3.81386 ], [ -51.83381, 3.8183 ], [ -51.8386, 3.8172 ], [ -51.84157, 3.82606 ], [ -51.84739, 3.82612 ], [ -51.8502, 3.82956 ], [ -51.8479, 3.83658 ], [ -51.84157, 3.84175 ], [ -51.84289, 3.83063 ], [ -51.83951, 3.82967 ], [ -51.84015, 3.83034 ], [ -51.83586, 3.83964 ], [ -51.82603, 3.82484 ], [ -51.82466, 3.83379 ] ] ] } },
{ "type": "Feature", "properties": { "cluster": 292.0, "hvi": 0.122, "population": 2760, "setores": 4, "municipio": "Oiapoque" }, "geometry": { "type": "Polygon", "coordinates": [ [ [ -51.81235, 3.83668 ], [ -51.8196, 3.83952 ], [ -51.81639, 3.84719 ], [ -51.81931, 3.84745 ], [ -51.80923, 3.86222 ], [ -51.7972, 3.86216 ], [ -51.80209, 3.84588 ], [ -51.80721, 3.84302 ], [ -51.8055, 3.84182 ], [ -51.81143, 3.83632 ], [ -51.81225, 3.84031 ], [ -51.81235, 3.83668 ] ] ] } },
{ "type": "Feature", "properties": { "cluster": 293.0, "hvi": 0.1166, "population": 1114, "setores": 2, "municipio": "Oiapoque" }, "geometry": { "type": "Polygon", "coordinates": [ [ [ -51.79881, 3.88068 ], [ -51.79608, 3.88725 ], [ -51.79383, 3.8831 ], [ -51.79372, 3.88495 ], [ -51.78162, 3.87341 ], [ -51.78646, 3.86825 ], [ -51.79881, 3.88068 ] ], [ [ -51.79386, 3.88277 ], [ -51.79597, 3.88065 ], [ -51.79425, 3.87664 ], [ -51.79386, 3.88277 ] ] ] } },
{ "type": "Feature", "properties": { "cluster": 294.0, "hvi": 0.1071, "population": 2802, "setores": 6, "municipio": "Oiapoque" }, "geometry": { "type": "Polygon", "coordinates": [ [ [ -51.81143, 3.83632 ], [ -51.80542, 3.84192 ], [ -51.7984, 3.83743 ], [ -51.79989, 3.83493 ], [ -51.79816, 3.8333 ], [ -51.79998, 3.83074 ], [ -51.80435, 3.82727 ], [ -51.82466, 3.83379 ], [ -51.82027, 3.83978 ], [ -51.8282, 3.84288 ], [ -51.8271, 3.8442 ], [ -51.8279, 3.84733 ], [ -51.82401, 3.85005 ], [ -51.82285, 3.8493 ], [ -51.82204, 3.85027 ], [ -51.81636, 3.84727 ], [ -51.8196, 3.83952 ], [ -51.81143, 3.83632 ] ] ] } },
{ "type": "Feature", "properties": { "cluster": 295.0, "hvi": 0.1467, "population": 2486, "setores": 2, "municipio": "Oiapoque" }, "geometry": { "type": "Polygon", "coordinates": [ [ [ -51.82553, 3.83459 ], [ -51.82603, 3.82484 ], [ -51.83236, 3.8358 ], [ -51.82773, 3.8366 ], [ -51.83081, 3.83942 ], [ -51.8282, 3.84288 ], [ -51.82027, 3.83979 ], [ -51.82466, 3.83379 ], [ -51.82553, 3.83459 ] ] ] } },
{ "type": "Feature", "properties": { "cluster": 296.0, "hvi": 0.1534, "population": 1070, "setores": 1, "municipio": "Oiapoque" }, "geometry": { "type": "Polygon", "coordinates": [ [ [ -51.299, 3.3721 ], [ -51.30848, 3.38398 ], [ -51.29962, 3.39121 ], [ -51.2893, 3.37795 ], [ -51.299, 3.3721 ] ] ] } },
{ "type": "Feature", "properties": { "cluster": 297.0, "hvi": 0.0869, "population": 96, "setores": 1, "municipio": "Oiapoque" }, "geometry": { "type": "Polygon", "coordinates": [ [ [ -51.59886, 3.26972 ], [ -51.60855, 3.27541 ], [ -51.60436, 3.28268 ], [ -51.59483, 3.27704 ], [ -51.59886, 3.26972 ] ] ] } },
{ "type": "Feature", "properties": { "cluster": 298.0, "hvi": 0.0908, "population": 108, "setores": 1, "municipio": "Oiapoque" }, "geometry": { "type": "Polygon", "coordinates": [ [ [ -51.55795, 3.21277 ], [ -51.56044, 3.22221 ], [ -51.55259, 3.2245 ], [ -51.54949, 3.21389 ], [ -51.55795, 3.21277 ] ] ] } },
{ "type": "Feature", "properties": { "cluster": 299.0, "hvi": 0.0873, "population": 60, "setores": 1, "municipio": "Oiapoque" }, "geometry": { "type": "Polygon", "coordinates": [ [ [ -51.62986, 3.3127 ], [ -51.63241, 3.31476 ], [ -51.63047, 3.3172 ], [ -51.62795, 3.31535 ], [ -51.62986, 3.3127 ] ] ] } },
{ "type": "Feature", "properties": { "cluster": 300.0, "hvi": 0.0911, "population": 2746, "setores": 58, "municipio": "Calçoene" }, "geometry": { "type": "MultiPolygon", "coordinates": [ [ [ [ -51.92476, 2.36763 ], [ -51.92726, 2.37595 ], [ -51.93429, 2.36984 ], [ -51.93812, 2.37121 ], [ -51.94087, 2.37826 ], [ -51.95012, 2.37831 ], [ -51.9579, 2.4084 ], [ -51.98462, 2.41583 ], [ -51.98957, 2.41396 ], [ -51.99554, 2.40532 ], [ -52.00307, 2.42072 ], [ -51.99982, 2.42449 ], [ -51.99851, 2.42139 ], [ -51.99409, 2.42454 ], [ -51.99498, 2.43032 ], [ -52.00463, 2.43329 ], [ -52.01068, 2.43989 ], [ -52.02156, 2.43429 ], [ -52.0429, 2.4392 ], [ -52.04618, 2.43598 ], [ -52.05124, 2.40176 ], [ -52.0599, 2.39138 ], [ -52.07282, 2.39426 ], [ -52.09179, 2.40971 ], [ -52.09549, 2.39896 ], [ -52.11012, 2.4019 ], [ -52.11824, 2.39561 ], [ -52.11895, 2.39108 ], [ -52.11176, 2.38476 ], [ -52.11954, 2.38255 ], [ -52.12437, 2.37487 ], [ -52.12415, 2.36689 ], [ -52.11859, 2.35693 ], [ -52.13015, 2.34026 ], [ -52.12943, 2.33484 ], [ -52.14023, 2.32407 ], [ -52.15171, 2.31999 ], [ -52.14984, 2.30562 ], [ -52.1549, 2.29984 ], [ -52.16018, 2.29785 ], [ -52.17087, 2.30257 ], [ -52.17771, 2.30119 ], [ -52.18446, 2.29085 ], [ -52.18012, 2.27824 ], [ -52.18127, 2.27577 ], [ -52.18987, 2.27917 ], [ -52.19374, 2.26127 ], [ -52.19929, 2.25991 ], [ -52.20585, 2.26524 ], [ -52.21575, 2.26001 ], [ -52.22468, 2.26476 ], [ -52.23132, 2.26402 ], [ -52.23696, 2.25034 ], [ -52.24879, 2.24155 ], [ -52.24351, 2.22642 ], [ -52.24638, 2.20309 ], [ -52.23151, 2.20161 ], [ -52.22204, 2.1915 ], [ -52.22054, 2.1853 ], [ -52.24226, 2.19311 ], [ -52.24679, 2.18886 ], [ -52.24615, 2.18181 ], [ -52.25241, 2.16877 ], [ -52.2751, 2.15744 ], [ -52.29105, 2.15854 ], [ -52.30332, 2.15463 ], [ -52.31915, 2.15836 ], [ -52.33468, 2.15558 ], [ -52.34004, 2.1526 ], [ -52.34729, 2.13998 ], [ -52.35543, 2.14157 ], [ -52.36499, 2.11914 ], [ -52.37174, 2.11912 ], [ -52.39259, 2.10004 ], [ -52.3996, 2.09984 ], [ -52.41234, 2.09121 ], [ -52.41604, 2.0801 ], [ -52.41037, 2.07558 ], [ -52.4137, 2.06354 ], [ -52.4071, 2.03886 ], [ -52.4094, 2.03022 ], [ -52.41207, 2.02936 ], [ -52.41815, 2.03796 ], [ -52.42793, 2.03599 ], [ -52.43943, 2.04504 ], [ -52.45757, 2.04204 ], [ -52.45802, 2.03669 ], [ -52.46485, 2.03522 ], [ -52.47193, 2.03936 ], [ -52.4853, 2.03743 ], [ -52.49699, 2.0415 ], [ -52.51126, 2.02831 ], [ -52.5284, 2.02428 ], [ -52.53455, 2.01507 ], [ -52.54524, 2.01427 ], [ -52.5524, 2.00959 ], [ -52.55816, 2.0217 ], [ -52.56568, 2.01629 ], [ -52.57457, 2.01848 ], [ -52.59193, 2.01461 ], [ -52.58887, 2.00549 ], [ -52.59374, 2.0035 ], [ -52.59957, 2.00857 ], [ -52.61016, 2.00976 ], [ -52.61669, 2.02477 ], [ -52.63454, 2.03302 ], [ -52.64529, 2.05083 ], [ -52.65052, 2.05165 ], [ -52.6568, 2.04461 ], [ -52.6681, 2.05674 ], [ -52.68266, 2.05387 ], [ -52.67851, 2.06488 ], [ -52.68102, 2.06922 ], [ -52.69171, 2.06282 ], [ -52.69843, 2.06672 ], [ -52.71533, 2.06268 ], [ -52.72896, 2.07282 ], [ -52.75502, 2.06734 ], [ -52.75904, 2.0706 ], [ -52.76021, 2.07774 ], [ -52.76838, 2.07748 ], [ -52.77429, 2.07315 ], [ -52.78572, 2.07597 ], [ -52.79665, 2.07137 ], [ -52.8103, 2.08386 ], [ -52.82935, 2.08343 ], [ -52.83627, 2.0782 ], [ -52.83879, 2.06908 ], [ -52.83719, 2.0661 ], [ -52.82866, 2.06627 ], [ -52.83188, 2.05805 ], [ -52.82885, 2.05182 ], [ -52.83721, 2.03638 ], [ -52.84502, 2.03441 ], [ -52.85418, 2.04029 ], [ -52.85913, 2.03993 ], [ -52.86794, 2.02477 ], [ -52.88949, 2.03175 ], [ -52.90377, 2.01642 ], [ -52.90433, 2.00892 ], [ -52.90871, 2.00865 ], [ -52.90349, 1.99928 ], [ -52.90763, 1.99193 ], [ -52.90049, 1.96257 ], [ -52.91163, 1.95522 ], [ -52.91424, 1.9484 ], [ -52.91899, 1.948 ], [ -52.92124, 1.94162 ], [ -52.92902, 1.95013 ], [ -52.94669, 1.94513 ], [ -52.96171, 1.95076 ], [ -52.98219, 1.94951 ], [ -52.99446, 1.95202 ], [ -52.99899, 1.9548 ], [ -53.0086, 1.97835 ], [ -53.0255, 1.98094 ], [ -53.04193, 1.97684 ], [ -53.04794, 1.97197 ], [ -53.05892, 1.94656 ], [ -53.06697, 1.94274 ], [ -53.07347, 1.94489 ], [ -53.09094, 1.97518 ], [ -53.11198, 1.98227 ], [ -53.11623, 2.00702 ], [ -53.13304, 2.01897 ], [ -53.13896, 2.06633 ], [ -53.13513, 2.09156 ], [ -53.13917, 2.10094 ], [ -53.16638, 2.11125 ], [ -53.17658, 2.1207 ], [ -53.19202, 2.12571 ], [ -53.20255, 2.13368 ], [ -53.21754, 2.136 ], [ -53.23445, 2.1434 ], [ -53.26991, 2.17057 ], [ -53.27918, 2.18599 ], [ -53.27594, 2.19412 ], [ -53.26135, 2.1893 ], [ -53.2556, 2.1977 ], [ -53.24658, 2.19895 ], [ -53.24277, 2.20758 ], [ -53.23307, 2.20541 ], [ -53.22854, 2.19776 ], [ -53.22069, 2.19361 ], [ -53.21763, 2.19583 ], [ -53.21549, 2.19379 ], [ -53.20838, 2.19924 ], [ -53.18518, 2.19924 ], [ -53.17538, 2.20423 ], [ -53.1631, 2.20474 ], [ -53.13866, 2.2119 ], [ -53.09955, 2.21428 ], [ -53.07955, 2.21047 ], [ -53.06094, 2.1997 ], [ -53.05295, 2.19012 ], [ -53.03856, 2.18538 ], [ -53.03212, 2.18704 ], [ -53.01279, 2.17834 ], [ -52.99765, 2.17816 ], [ -52.98389, 2.16727 ], [ -52.97497, 2.17239 ], [ -52.97175, 2.17096 ], [ -52.96006, 2.17541 ], [ -52.95651, 2.17297 ], [ -52.94116, 2.17861 ], [ -52.93833, 2.18072 ], [ -52.93908, 2.18993 ], [ -52.93461, 2.19434 ], [ -52.92964, 2.18939 ], [ -52.92793, 2.19205 ], [ -52.92132, 2.19046 ], [ -52.91987, 2.1933 ], [ -52.90312, 2.18618 ], [ -52.90109, 2.19859 ], [ -52.89309, 2.20956 ], [ -52.89212, 2.21624 ], [ -52.88561, 2.22012 ], [ -52.88768, 2.23837 ], [ -52.87455, 2.24085 ], [ -52.87736, 2.24377 ], [ -52.87297, 2.24617 ], [ -52.87139, 2.26031 ], [ -52.85403, 2.26368 ], [ -52.85136, 2.27038 ], [ -52.85554, 2.27069 ], [ -52.85495, 2.27652 ], [ -52.85854, 2.28142 ], [ -52.85286, 2.27895 ], [ -52.83823, 2.2813 ], [ -52.84293, 2.28743 ], [ -52.84183, 2.2914 ], [ -52.83545, 2.28961 ], [ -52.83455, 2.29272 ], [ -52.80217, 2.29968 ], [ -52.78729, 2.31101 ], [ -52.78346, 2.3098 ], [ -52.77914, 2.31789 ], [ -52.77307, 2.31502 ], [ -52.76996, 2.32096 ], [ -52.76663, 2.3219 ], [ -52.76613, 2.31936 ], [ -52.76471, 2.32348 ], [ -52.74913, 2.32893 ], [ -52.74017, 2.33681 ], [ -52.73587, 2.33522 ], [ -52.7334, 2.33854 ], [ -52.71742, 2.34292 ], [ -52.719, 2.35002 ], [ -52.71047, 2.35862 ], [ -52.6802, 2.37062 ], [ -52.67209, 2.36891 ], [ -52.6685, 2.37286 ], [ -52.66058, 2.37397 ], [ -52.66061, 2.38071 ], [ -52.6542, 2.39464 ], [ -52.65815, 2.40134 ], [ -52.64388, 2.42047 ], [ -52.64611, 2.43315 ], [ -52.63693, 2.43941 ], [ -52.63575, 2.44527 ], [ -52.63285, 2.4458 ], [ -52.63087, 2.44123 ], [ -52.62857, 2.44552 ], [ -52.6164, 2.4456 ], [ -52.61029, 2.45247 ], [ -52.62182, 2.46265 ], [ -52.6189, 2.47426 ], [ -52.59478, 2.47637 ], [ -52.59066, 2.487 ], [ -52.58716, 2.48868 ], [ -52.58807, 2.49382 ], [ -52.56521, 2.51627 ], [ -52.5518, 2.52043 ], [ -52.55252, 2.52667 ], [ -52.54934, 2.53098 ], [ -52.55526, 2.53278 ], [ -52.56121, 2.55029 ], [ -52.54973, 2.56188 ], [ -52.53693, 2.55864 ], [ -52.53782, 2.56707 ], [ -52.52722, 2.58325 ], [ -52.53186, 2.59892 ], [ -52.54993, 2.61089 ], [ -52.54456, 2.6153 ], [ -52.54232, 2.62248 ], [ -52.54454, 2.6302 ], [ -52.55135, 2.63125 ], [ -52.55554, 2.63954 ], [ -52.54975, 2.65003 ], [ -52.54281, 2.65375 ], [ -52.53343, 2.65012 ], [ -52.52934, 2.65161 ], [ -52.52597, 2.65929 ], [ -52.52764, 2.66336 ], [ -52.51942, 2.67655 ], [ -52.51993, 2.68388 ], [ -52.50719, 2.69789 ], [ -52.49971, 2.72198 ], [ -52.49108, 2.7292 ], [ -52.47902, 2.75314 ], [ -52.48312, 2.75788 ], [ -52.47527, 2.76396 ], [ -52.4784, 2.77922 ], [ -52.47345, 2.79389 ], [ -52.45616, 2.82157 ], [ -52.44497, 2.85006 ], [ -52.42224, 2.89101 ], [ -52.41032, 2.89347 ], [ -52.40559, 2.90089 ], [ -52.40097, 2.89688 ], [ -52.39107, 2.89756 ], [ -52.37753, 2.91545 ], [ -52.3772, 2.92093 ], [ -52.38819, 2.91752 ], [ -52.39039, 2.92438 ], [ -52.39513, 2.92782 ], [ -52.38969, 2.94037 ], [ -52.39346, 2.94625 ], [ -52.38312, 2.95055 ], [ -52.37419, 2.96824 ], [ -52.36833, 2.98271 ], [ -52.37119, 2.99091 ], [ -52.36644, 2.99532 ], [ -52.36244, 3.01636 ], [ -52.35248, 3.02298 ], [ -52.34117, 3.05123 ], [ -52.3277, 3.07132 ], [ -52.3259, 3.07841 ], [ -52.32885, 3.08218 ], [ -52.23329, 3.23565 ], [ -52.23693, 3.23941 ], [ -52.22374, 3.25309 ], [ -52.20309, 3.28751 ], [ -52.19005, 3.29789 ], [ -52.18908, 3.30205 ], [ -52.19263, 3.30765 ], [ -52.18667, 3.32005 ], [ -52.17423, 3.3305 ], [ -52.17395, 3.33751 ], [ -52.16247, 3.35093 ], [ -52.11962, 3.4296 ], [ -52.11398, 3.43434 ], [ -52.10867, 3.45105 ], [ -52.09441, 3.46303 ], [ -52.09398, 3.47505 ], [ -52.08683, 3.48958 ], [ -52.07319, 3.50031 ], [ -52.07035, 3.5077 ], [ -52.07379, 3.51332 ], [ -52.07105, 3.51759 ], [ -52.06041, 3.51968 ], [ -52.01977, 3.59306 ], [ -51.98827, 3.62772 ], [ -51.99341, 3.6438 ], [ -51.98718, 3.65309 ], [ -51.98644, 3.67258 ], [ -51.9788, 3.68244 ], [ -51.97261, 3.70547 ], [ -51.95699, 3.71357 ], [ -51.95713, 3.71824 ], [ -51.95197, 3.72229 ], [ -51.93557, 3.71939 ], [ -51.93246, 3.72326 ], [ -51.92272, 3.7231 ], [ -51.91609, 3.74565 ], [ -51.92662, 3.76816 ], [ -51.9207, 3.77432 ], [ -51.92062, 3.7801 ], [ -51.91719, 3.78189 ], [ -51.91039, 3.77938 ], [ -51.8971, 3.7844 ], [ -51.89779, 3.79132 ], [ -51.90442, 3.79418 ], [ -51.90294, 3.80022 ], [ -51.88613, 3.79449 ], [ -51.88414, 3.80158 ], [ -51.874, 3.80317 ], [ -51.85543, 3.83339 ], [ -51.84739, 3.82612 ], [ -51.84157, 3.82606 ], [ -51.83846, 3.81714 ], [ -51.83381, 3.8183 ], [ -51.82251, 3.81386 ], [ -51.81598, 3.81527 ], [ -51.82012, 3.81476 ], [ -51.79998, 3.83074 ], [ -51.7984, 3.83743 ], [ -51.80542, 3.84192 ], [ -51.7972, 3.86216 ], [ -51.80923, 3.86222 ], [ -51.81931, 3.84745 ], [ -51.82561, 3.85695 ], [ -51.82076, 3.87015 ], [ -51.81381, 3.87266 ], [ -51.79864, 3.88695 ], [ -51.78258, 3.92075 ], [ -51.78034, 3.94103 ], [ -51.78331, 3.94766 ], [ -51.78244, 3.96146 ], [ -51.76673, 3.95704 ], [ -51.78245, 3.96184 ], [ -51.77762, 3.97455 ], [ -51.75832, 3.99221 ], [ -51.74399, 4.00249 ], [ -51.72981, 4.00793 ], [ -51.67414, 4.03706 ], [ -51.65607, 4.05391 ], [ -51.65091, 4.07045 ], [ -51.63755, 4.13326 ], [ -51.63496, 4.17635 ], [ -51.63134, 4.18597 ], [ -51.62187, 4.19507 ], [ -51.61891, 4.20982 ], [ -51.62314, 4.22562 ], [ -51.64932, 4.26727 ], [ -51.6768, 4.33265 ], [ -51.67918, 4.36609 ], [ -51.67399, 4.39414 ], [ -51.66378, 4.42352 ], [ -51.66937, 4.45384 ], [ -51.66201, 4.47066 ], [ -51.63763, 4.50882 ], [ -51.48588, 4.43718 ], [ -51.42185, 4.38714 ], [ -51.40749, 4.37263 ], [ -51.39423, 4.36498 ], [ -51.35164, 4.31965 ], [ -51.33184, 4.3058 ], [ -51.31961, 4.28492 ], [ -51.28336, 4.25027 ], [ -51.27133, 4.234 ], [ -51.26385, 4.21631 ], [ -51.22275, 4.16065 ], [ -51.21433, 4.14593 ], [ -51.21551, 4.1422 ], [ -51.20398, 4.12511 ], [ -51.18363, 4.05964 ], [ -51.18378, 4.04601 ], [ -51.17565, 4.01086 ], [ -51.18088, 3.96265 ], [ -51.17767, 3.958 ], [ -51.1793, 3.9195 ], [ -51.15084, 3.91382 ], [ -51.12228, 3.90686 ], [ -51.10187, 3.9128 ], [ -51.09016, 3.90619 ], [ -51.08147, 3.88998 ], [ -51.08436, 3.83845 ], [ -51.08942, 3.81909 ], [ -51.0864, 3.81085 ], [ -51.09117, 3.73847 ], [ -51.08772, 3.65102 ], [ -51.0908, 3.63194 ], [ -51.08177, 3.55954 ], [ -51.09101, 3.48048 ], [ -51.10931, 3.45063 ], [ -51.08654, 3.35017 ], [ -51.0516, 3.25294 ], [ -51.03282, 3.21369 ], [ -51.03488, 3.17963 ], [ -51.04371, 3.1659 ], [ -51.04441, 3.134 ], [ -51.0318, 3.10689 ], [ -51.02527, 3.10253 ], [ -51.0143, 3.08556 ], [ -51.01445, 3.08105 ], [ -51.01826, 3.07828 ], [ -51.01502, 3.06774 ], [ -51.02091, 3.06387 ], [ -51.02117, 3.05138 ], [ -51.01787, 3.03872 ], [ -50.99883, 3.01104 ], [ -50.99309, 2.9826 ], [ -50.9925, 2.96219 ], [ -50.98894, 2.95821 ], [ -50.98411, 2.93867 ], [ -50.97615, 2.92937 ], [ -50.96028, 2.89591 ], [ -50.95051, 2.88217 ], [ -50.94923, 2.84976 ], [ -50.95421, 2.83724 ], [ -50.94108, 2.81464 ], [ -50.94579, 2.80737 ], [ -50.94884, 2.8063 ], [ -50.96089, 2.81483 ], [ -50.97233, 2.8063 ], [ -51.00489, 2.80371 ], [ -51.01198, 2.81437 ], [ -51.0196, 2.81308 ], [ -51.02723, 2.82268 ], [ -51.027, 2.82953 ], [ -51.05734, 2.84125 ], [ -51.0533, 2.83798 ], [ -51.05895, 2.83495 ], [ -51.06463, 2.81625 ], [ -51.06926, 2.8131 ], [ -51.06927, 2.7732 ], [ -51.07547, 2.7688 ], [ -51.08625, 2.77048 ], [ -51.09871, 2.78107 ], [ -51.2549, 2.7812 ], [ -51.25372, 2.81168 ], [ -51.25603, 2.81913 ], [ -51.24734, 2.82174 ], [ -51.25236, 2.82127 ], [ -51.25259, 3.12299 ], [ -51.25614, 3.11925 ], [ -51.26572, 3.11607 ], [ -51.28505, 3.11872 ], [ -51.2901, 3.12265 ], [ -51.28712, 3.09644 ], [ -51.29556, 3.07983 ], [ -51.30276, 3.07842 ], [ -51.30905, 3.06921 ], [ -51.31849, 3.07855 ], [ -51.32213, 3.07871 ], [ -51.32644, 3.07003 ], [ -51.32495, 3.06317 ], [ -51.33852, 3.05582 ], [ -51.34738, 3.05673 ], [ -51.35922, 3.05218 ], [ -51.37867, 3.03102 ], [ -51.3694, 3.02647 ], [ -51.36642, 3.02258 ], [ -51.36841, 3.01895 ], [ -51.38438, 3.02349 ], [ -51.38803, 3.02746 ], [ -51.39217, 3.02192 ], [ -51.39953, 3.02118 ], [ -51.3968, 3.01052 ], [ -51.39034, 3.01233 ], [ -51.39291, 3.0001 ], [ -51.40326, 2.98803 ], [ -51.40103, 2.98014 ], [ -51.42243, 2.95549 ], [ -51.42291, 2.94584 ], [ -51.44076, 2.93612 ], [ -51.43834, 2.92864 ], [ -51.42989, 2.92827 ], [ -51.43187, 2.92085 ], [ -51.42462, 2.91351 ], [ -51.43165, 2.90533 ], [ -51.43838, 2.90496 ], [ -51.4398, 2.90222 ], [ -51.44098, 2.89492 ], [ -51.43776, 2.8925 ], [ -51.43633, 2.88366 ], [ -51.44624, 2.87848 ], [ -51.44445, 2.87274 ], [ -51.45384, 2.86842 ], [ -51.46595, 2.87055 ], [ -51.47111, 2.86227 ], [ -51.4599, 2.85714 ], [ -51.47633, 2.85311 ], [ -51.47562, 2.84575 ], [ -51.4795, 2.8452 ], [ -51.48237, 2.83822 ], [ -51.51546, 2.83006 ], [ -51.5159, 2.82376 ], [ -51.52712, 2.82345 ], [ -51.5241, 2.81772 ], [ -51.52655, 2.81432 ], [ -51.52082, 2.81017 ], [ -51.51754, 2.7977 ], [ -51.52454, 2.78888 ], [ -51.52094, 2.78668 ], [ -51.51975, 2.78038 ], [ -51.52999, 2.77787 ], [ -51.52735, 2.77256 ], [ -51.53267, 2.76786 ], [ -51.53071, 2.76316 ], [ -51.53448, 2.75622 ], [ -51.54106, 2.75253 ], [ -51.55253, 2.73298 ], [ -51.55311, 2.72087 ], [ -51.55865, 2.72054 ], [ -51.56017, 2.70124 ], [ -51.56328, 2.69744 ], [ -51.569, 2.69777 ], [ -51.56864, 2.69126 ], [ -51.57443, 2.69213 ], [ -51.5791, 2.68584 ], [ -51.58167, 2.68642 ], [ -51.58677, 2.67799 ], [ -51.58576, 2.67456 ], [ -51.5985, 2.67203 ], [ -51.59748, 2.66881 ], [ -51.60295, 2.66801 ], [ -51.59911, 2.66566 ], [ -51.60425, 2.66516 ], [ -51.60599, 2.66136 ], [ -51.60465, 2.64997 ], [ -51.61156, 2.64864 ], [ -51.61384, 2.64296 ], [ -51.62104, 2.63982 ], [ -51.62003, 2.63541 ], [ -51.62962, 2.63191 ], [ -51.62915, 2.62945 ], [ -51.63153, 2.63067 ], [ -51.63304, 2.61948 ], [ -51.63506, 2.61669 ], [ -51.641, 2.61841 ], [ -51.64219, 2.61325 ], [ -51.6451, 2.61378 ], [ -51.64296, 2.60897 ], [ -51.64528, 2.60114 ], [ -51.65194, 2.59692 ], [ -51.6514, 2.58932 ], [ -51.6552, 2.59081 ], [ -51.65646, 2.58329 ], [ -51.64905, 2.58149 ], [ -51.644, 2.57098 ], [ -51.63925, 2.56807 ], [ -51.64157, 2.55917 ], [ -51.64507, 2.55858 ], [ -51.64733, 2.54445 ], [ -51.6443, 2.54492 ], [ -51.64359, 2.54415 ], [ -51.64799, 2.54317 ], [ -51.65262, 2.53459 ], [ -51.66338, 2.53112 ], [ -51.66893, 2.53575 ], [ -51.67054, 2.52815 ], [ -51.67951, 2.5294 ], [ -51.68171, 2.52328 ], [ -51.68539, 2.52388 ], [ -51.68866, 2.5031 ], [ -51.68379, 2.49746 ], [ -51.69537, 2.47692 ], [ -51.69636, 2.46935 ], [ -51.70215, 2.46713 ], [ -51.71599, 2.45167 ], [ -51.72129, 2.4507 ], [ -51.73079, 2.43268 ], [ -51.74887, 2.42383 ], [ -51.74765, 2.41678 ], [ -51.75377, 2.41092 ], [ -51.7529, 2.40308 ], [ -51.76157, 2.38993 ], [ -51.77223, 2.37897 ], [ -51.77734, 2.37808 ], [ -51.78443, 2.37921 ], [ -51.79712, 2.38819 ], [ -51.80162, 2.38623 ], [ -51.80627, 2.37569 ], [ -51.82143, 2.37205 ], [ -51.84934, 2.39628 ], [ -51.86326, 2.39373 ], [ -51.86387, 2.38686 ], [ -51.87905, 2.39151 ], [ -51.85543, 2.38167 ], [ -51.85182, 2.36596 ], [ -51.86279, 2.35914 ], [ -51.86441, 2.35345 ], [ -51.86957, 2.34671 ], [ -51.88954, 2.34093 ], [ -51.89329, 2.34438 ], [ -51.89601, 2.35694 ], [ -51.91511, 2.35586 ], [ -51.92476, 2.36763 ] ], [ [ -51.69969, 3.92819 ], [ -51.69944, 3.9413 ], [ -51.70047, 3.93915 ], [ -51.69969, 3.92819 ] ], [ [ -51.69791, 3.91989 ], [ -51.69939, 3.92405 ], [ -51.69933, 3.92319 ], [ -51.69791, 3.91989 ] ], [ [ -51.69185, 3.90278 ], [ -51.69261, 3.90492 ], [ -51.69243, 3.89456 ], [ -51.69185, 3.90278 ] ], [ [ -51.17375, 3.33812 ], [ -51.17482, 3.30644 ], [ -51.17464, 3.29338 ], [ -51.17375, 3.33812 ] ], [ [ -51.19249, 3.22593 ], [ -51.19185, 3.22724 ], [ -51.22367, 3.21566 ], [ -51.19249, 3.22593 ] ], [ [ -51.2276, 3.20678 ], [ -51.23505, 3.21325 ], [ -51.23107, 3.20776 ], [ -51.2276, 3.20678 ] ], [ [ -51.22585, 3.20963 ], [ -51.22129, 3.20757 ], [ -51.22611, 3.21014 ], [ -51.2276, 3.20678 ], [ -51.22585, 3.20963 ] ], [ [ -51.2196, 3.20302 ], [ -51.22033, 3.20499 ], [ -51.21977, 3.20284 ], [ -51.2196, 3.20302 ] ], [ [ -51.23013, 3.19215 ], [ -51.22747, 3.19489 ], [ -51.23047, 3.19308 ], [ -51.23013, 3.19215 ] ], [ [ -51.23631, 3.20915 ], [ -51.23496, 3.20544 ], [ -51.23584, 3.20897 ], [ -51.23631, 3.20915 ] ], [ [ -51.23062, 3.15683 ], [ -51.23944, 3.14983 ], [ -51.23863, 3.14978 ], [ -51.23062, 3.15683 ] ], [ [ -51.22779, 3.15528 ], [ -51.22827, 3.15554 ], [ -51.23315, 3.1484 ], [ -51.22779, 3.15528 ] ], [ [ -51.64873, 3.37596 ], [ -51.65979, 3.38602 ], [ -51.64617, 3.37128 ], [ -51.6482, 3.37641 ], [ -51.64873, 3.37596 ] ], [ [ -51.65003, 3.31706 ], [ -51.65393, 3.30554 ], [ -51.65442, 3.29976 ], [ -51.65003, 3.31706 ] ], [ [ -51.64302, 3.22086 ], [ -51.64747, 3.20569 ], [ -51.64537, 3.20849 ], [ -51.64302, 3.22086 ] ], [ [ -51.64747, 3.20568 ], [ -51.66373, 3.19136 ], [ -51.65191, 3.19976 ], [ -51.64747, 3.20568 ] ], [ [ -51.67593, 3.18061 ], [ -51.68073, 3.17639 ], [ -51.68692, 3.16676 ], [ -51.67593, 3.18061 ] ], [ [ -51.74103, 3.10665 ], [ -51.74348, 3.10546 ], [ -51.75003, 3.09818 ], [ -51.74103, 3.10665 ] ], [ [ -51.75994, 3.08717 ], [ -51.76279, 3.084 ], [ -51.7787, 3.04025 ], [ -51.75994, 3.08717 ] ], [ [ -51.79245, 2.99198 ], [ -51.80286, 2.97709 ], [ -51.79386, 2.98758 ], [ -51.79245, 2.99198 ] ], [ [ -51.88006, 2.63204 ], [ -51.88453, 2.6315 ], [ -51.88633, 2.62927 ], [ -51.88006, 2.63204 ] ], [ [ -51.88876, 2.62625 ], [ -51.88932, 2.62555 ], [ -51.88874, 2.62464 ], [ -51.88876, 2.62625 ] ], [ [ -51.80551, 3.81018 ], [ -51.80546, 3.81021 ], [ -51.81528, 3.81535 ], [ -51.80551, 3.81018 ] ], [ [ -51.79929, 3.81394 ], [ -51.79945, 3.81384 ], [ -51.79703, 3.8085 ], [ -51.79929, 3.81394 ] ], [ [ -51.80609, 3.78726 ], [ -51.80595, 3.79414 ], [ -51.80601, 3.7941 ], [ -51.80609, 3.78726 ] ], [ [ -52.06029, 3.50206 ], [ -52.04899, 3.49928 ], [ -52.04905, 3.49952 ], [ -52.06029, 3.50206 ] ], [ [ -52.02637, 3.47484 ], [ -52.02648, 3.47442 ], [ -52.02598, 3.47473 ], [ -52.02637, 3.47484 ] ], [ [ -52.03162, 3.36622 ], [ -52.0351, 3.35757 ], [ -52.03467, 3.35772 ], [ -52.03162, 3.36622 ] ], [ [ -52.02493, 3.34526 ], [ -52.02491, 3.3448 ], [ -52.02455, 3.34517 ], [ -52.02493, 3.34526 ] ], [ [ -52.03023, 3.33669 ], [ -52.03227, 3.33439 ], [ -52.03028, 3.33367 ], [ -52.03023, 3.33669 ] ], [ [ -52.01564, 3.27829 ], [ -52.0177, 3.27348 ], [ -52.01521, 3.278 ], [ -52.01564, 3.27829 ] ], [ [ -52.02076, 3.25372 ], [ -52.01693, 3.24287 ], [ -52.01761, 3.25007 ], [ -52.02076, 3.25372 ] ], [ [ -52.01576, 3.22757 ], [ -52.01622, 3.23537 ], [ -52.01761, 3.231 ], [ -52.01576, 3.22757 ] ], [ [ -52.01937, 3.14453 ], [ -52.0239, 3.14989 ], [ -52.02417, 3.14932 ], [ -52.01937, 3.14453 ] ], [ [ -52.02515, 3.14729 ], [ -52.02621, 3.14508 ], [ -52.02612, 3.14493 ], [ -52.02515, 3.14729 ] ], [ [ -52.03511, 3.11088 ], [ -52.03583, 3.11046 ], [ -52.03149, 3.10948 ], [ -52.03511, 3.11088 ] ], [ [ -52.02973, 3.10879 ], [ -52.03007, 3.10893 ], [ -52.02917, 3.10113 ], [ -52.02973, 3.10879 ] ], [ [ -52.03796, 3.08681 ], [ -52.03794, 3.08647 ], [ -52.03207, 3.09101 ], [ -52.03407, 3.09088 ], [ -52.03796, 3.08681 ] ], [ [ -52.03791, 3.08569 ], [ -52.03777, 3.08266 ], [ -52.03213, 3.07915 ], [ -52.03791, 3.08569 ] ], [ [ -51.99897, 3.02468 ], [ -51.99738, 3.00188 ], [ -51.99874, 3.02495 ], [ -51.99897, 3.02468 ] ], [ [ -51.99286, 2.98907 ], [ -51.98855, 2.97689 ], [ -51.98671, 2.97476 ], [ -51.99286, 2.98907 ] ], [ [ -51.98346, 2.971 ], [ -51.98021, 2.96724 ], [ -51.98244, 2.9727 ], [ -51.98346, 2.971 ] ], [ [ -51.97197, 2.83957 ], [ -51.97202, 2.83954 ], [ -51.9719, 2.83932 ], [ -51.97197, 2.83957 ] ], [ [ -51.86055, 3.82074 ], [ -51.86413, 3.81737 ], [ -51.86638, 3.81058 ], [ -51.86055, 3.82074 ] ], [ [ -51.70844, 3.37754 ], [ -51.70823, 3.37779 ], [ -51.70857, 3.37763 ], [ -51.70844, 3.37754 ] ], [ [ -51.70867, 3.37769 ], [ -51.70996, 3.38052 ], [ -51.70579, 3.3806 ], [ -51.70085, 3.3792 ], [ -51.71982, 3.38484 ], [ -51.70867, 3.37769 ] ], [ [ -51.71902, 3.4624 ], [ -51.7291, 3.46981 ], [ -51.72906, 3.46958 ], [ -51.71902, 3.4624 ] ], [ [ -51.73883, 3.50186 ], [ -51.73847, 3.50262 ], [ -51.74043, 3.50337 ], [ -51.73883, 3.50186 ] ], [ [ -51.74421, 3.50467 ], [ -51.74298, 3.50256 ], [ -51.74102, 3.5036 ], [ -51.75443, 3.50877 ], [ -51.74421, 3.50467 ] ], [ [ -51.77873, 3.57552 ], [ -51.77838, 3.57395 ], [ -51.77771, 3.57426 ], [ -51.77873, 3.57552 ] ], [ [ -51.78243, 3.57758 ], [ -51.78031, 3.57748 ], [ -51.78272, 3.58045 ], [ -51.78251, 3.56898 ], [ -51.78243, 3.57758 ] ], [ [ -51.77924, 3.6156 ], [ -51.77705, 3.61891 ], [ -51.77925, 3.61577 ], [ -51.77924, 3.6156 ] ], [ [ -51.77505, 3.62193 ], [ -51.77499, 3.62202 ], [ -51.77461, 3.6426 ], [ -51.77505, 3.62193 ] ], [ [ -51.76895, 3.65129 ], [ -51.76895, 3.65519 ], [ -51.77461, 3.6426 ], [ -51.76895, 3.65129 ] ], [ [ -51.76893, 3.66233 ], [ -51.76892, 3.67101 ], [ -51.77031, 3.67498 ], [ -51.76893, 3.66233 ] ], [ [ -51.77332, 3.70339 ], [ -51.77151, 3.68595 ], [ -51.77062, 3.69356 ], [ -51.77332, 3.70339 ] ], [ [ -51.76729, 3.71167 ], [ -51.76742, 3.71111 ], [ -51.76677, 3.71133 ], [ -51.76729, 3.71167 ] ], [ [ -51.76988, 3.71341 ], [ -51.76952, 3.72038 ], [ -51.77312, 3.70428 ], [ -51.76988, 3.71341 ] ], [ [ -51.76946, 3.72153 ], [ -51.76944, 3.72206 ], [ -51.77037, 3.72372 ], [ -51.76946, 3.72153 ] ], [ [ -51.69308, 3.38058 ], [ -51.69406, 3.37904 ], [ -51.69279, 3.38039 ], [ -51.69308, 3.38058 ] ], [ [ -51.69564, 3.37654 ], [ -51.69593, 3.37608 ], [ -51.69336, 3.37451 ], [ -51.69564, 3.37654 ] ], [ [ -51.69195, 3.37364 ], [ -51.69169, 3.37348 ], [ -51.6905, 3.37538 ], [ -51.69195, 3.37364 ] ], [ [ -51.68912, 3.37757 ], [ -51.68894, 3.37786 ], [ -51.69089, 3.37915 ], [ -51.68912, 3.37757 ] ], [ [ -51.71676, 3.64903 ], [ -51.71589, 3.65007 ], [ -51.71603, 3.65029 ], [ -51.71676, 3.64903 ] ], [ [ -51.71376, 3.64683 ], [ -51.71744, 3.64784 ], [ -51.71762, 3.64752 ], [ -51.71376, 3.64683 ] ], [ [ -51.7241, 3.69125 ], [ -51.71804, 3.69115 ], [ -51.71474, 3.68491 ], [ -51.71795, 3.69304 ], [ -51.7241, 3.69125 ] ], [ [ -51.71138, 3.71011 ], [ -51.71056, 3.7084 ], [ -51.71034, 3.70889 ], [ -51.71138, 3.71011 ] ], [ [ -51.71091, 3.70766 ], [ -51.71454, 3.70728 ], [ -51.71168, 3.70599 ], [ -51.71091, 3.70766 ] ], [ [ -51.71506, 3.7314 ], [ -51.71604, 3.73267 ], [ -51.71635, 3.73223 ], [ -51.71506, 3.7314 ] ], [ [ -51.71491, 3.73432 ], [ -51.71374, 3.73529 ], [ -51.71407, 3.73554 ], [ -51.71491, 3.73432 ] ], [ [ -51.71193, 3.73395 ], [ -51.71096, 3.73287 ], [ -51.7108, 3.73311 ], [ -51.71193, 3.73395 ] ], [ [ -51.71157, 3.732 ], [ -51.7135, 3.73038 ], [ -51.71295, 3.73003 ], [ -51.71157, 3.732 ] ], [ [ -51.78162, 3.87341 ], [ -51.79599, 3.88713 ], [ -51.79836, 3.87925 ], [ -51.78646, 3.86825 ], [ -51.78162, 3.87341 ] ], [ [ -51.50857, 3.14178 ], [ -51.50576, 3.13902 ], [ -51.50295, 3.14188 ], [ -51.50601, 3.14463 ], [ -51.50857, 3.14178 ] ], [ [ -51.56044, 3.22221 ], [ -51.55795, 3.21277 ], [ -51.54949, 3.21389 ], [ -51.55259, 3.2245 ], [ -51.56044, 3.22221 ] ], [ [ -51.59483, 3.27704 ], [ -51.60436, 3.28268 ], [ -51.60855, 3.27541 ], [ -51.59886, 3.26972 ], [ -51.59483, 3.27704 ] ], [ [ -51.63224, 3.31581 ], [ -51.63075, 3.31277 ], [ -51.62802, 3.31427 ], [ -51.62948, 3.31712 ], [ -51.63224, 3.31581 ] ], [ [ -51.48378, 3.48055 ], [ -51.48397, 3.48038 ], [ -51.48284, 3.47943 ], [ -51.48378, 3.48055 ] ], [ [ -51.48173, 3.4781 ], [ -51.48189, 3.47829 ], [ -51.48284, 3.47716 ], [ -51.48173, 3.4781 ] ], [ [ -51.48417, 3.47604 ], [ -51.48397, 3.47621 ], [ -51.4851, 3.47716 ], [ -51.48417, 3.47604 ] ], [ [ -51.48621, 3.47849 ], [ -51.48605, 3.47829 ], [ -51.4851, 3.47943 ], [ -51.48621, 3.47849 ] ], [ [ -51.44829, 3.61513 ], [ -51.44465, 3.6591 ], [ -51.4456, 3.68423 ], [ -51.44829, 3.61513 ] ], [ [ -51.44482, 3.70402 ], [ -51.44072, 3.71453 ], [ -51.44465, 3.70854 ], [ -51.44482, 3.70402 ] ], [ [ -51.58883, 3.42858 ], [ -51.60012, 3.42122 ], [ -51.60118, 3.41793 ], [ -51.58883, 3.42858 ] ], [ [ -51.56964, 3.43172 ], [ -51.58438, 3.43148 ], [ -51.58758, 3.42939 ], [ -51.56964, 3.43172 ] ], [ [ -51.55524, 3.44264 ], [ -51.55674, 3.44269 ], [ -51.56964, 3.43172 ], [ -51.55524, 3.44264 ] ], [ [ -51.51703, 3.45182 ], [ -51.5158, 3.45303 ], [ -51.51756, 3.45203 ], [ -51.51703, 3.45182 ] ], [ [ -51.50452, 3.46635 ], [ -51.50664, 3.46258 ], [ -51.51003, 3.45999 ], [ -51.51164, 3.45713 ], [ -51.49391, 3.47462 ], [ -51.50452, 3.46635 ] ], [ [ -51.4807, 3.48583 ], [ -51.47955, 3.49238 ], [ -51.48693, 3.49436 ], [ -51.48955, 3.48872 ], [ -51.48409, 3.48431 ], [ -51.4807, 3.48583 ] ], [ [ -51.37235, 3.61421 ], [ -51.37061, 3.61924 ], [ -51.38674, 3.6007 ], [ -51.37235, 3.61421 ] ], [ [ -51.36566, 3.63352 ], [ -51.3659, 3.63437 ], [ -51.36641, 3.63136 ], [ -51.36566, 3.63352 ] ], [ [ -51.36778, 3.64106 ], [ -51.37423, 3.64734 ], [ -51.36619, 3.63542 ], [ -51.36778, 3.64106 ] ], [ [ -51.43651, 3.53859 ], [ -51.4354, 3.53953 ], [ -51.43556, 3.53972 ], [ -51.43651, 3.53859 ] ], [ [ -51.43764, 3.54181 ], [ -51.43651, 3.54086 ], [ -51.43744, 3.54197 ], [ -51.43764, 3.54181 ] ], [ [ -51.43972, 3.53972 ], [ -51.43877, 3.54086 ], [ -51.43988, 3.53992 ], [ -51.43972, 3.53972 ] ], [ [ -51.43764, 3.53764 ], [ -51.43877, 3.53859 ], [ -51.43783, 3.53747 ], [ -51.43764, 3.53764 ] ], [ [ -51.4701, 3.48589 ], [ -51.46969, 3.48441 ], [ -51.46894, 3.48475 ], [ -51.4701, 3.48589 ] ], [ [ -51.46523, 3.48737 ], [ -51.46684, 3.48572 ], [ -51.46488, 3.48662 ], [ -51.46523, 3.48737 ] ], [ [ -51.46785, 3.49107 ], [ -51.4662, 3.48946 ], [ -51.4671, 3.49141 ], [ -51.46785, 3.49107 ] ], [ [ -51.47099, 3.48902 ], [ -51.4699, 3.49014 ], [ -51.47114, 3.48958 ], [ -51.47099, 3.48902 ] ], [ [ -51.3743, 3.68705 ], [ -51.37737, 3.68622 ], [ -51.37655, 3.68313 ], [ -51.37348, 3.68396 ], [ -51.3743, 3.68705 ] ], [ [ -51.47485, 3.53553 ], [ -51.47281, 3.53303 ], [ -51.47037, 3.53509 ], [ -51.47242, 3.53754 ], [ -51.47485, 3.53553 ] ], [ [ -51.4803, 3.50959 ], [ -51.47825, 3.50714 ], [ -51.47581, 3.50919 ], [ -51.47786, 3.51164 ], [ -51.4803, 3.50959 ] ], [ [ -51.49606, 3.47866 ], [ -51.49401, 3.47621 ], [ -51.49158, 3.47827 ], [ -51.49362, 3.48072 ], [ -51.49606, 3.47866 ] ], [ [ -51.5048, 3.471 ], [ -51.50275, 3.46855 ], [ -51.50031, 3.47061 ], [ -51.50236, 3.47306 ], [ -51.5048, 3.471 ] ], [ [ -51.51134, 3.46525 ], [ -51.50843, 3.46263 ], [ -51.50572, 3.46554 ], [ -51.50883, 3.46824 ], [ -51.51134, 3.46525 ] ], [ [ -51.45202, 3.94729 ], [ -51.45188, 3.9473 ], [ -51.45239, 3.94788 ], [ -51.45202, 3.94729 ] ], [ [ -51.45455, 3.94766 ], [ -51.45267, 3.9482 ], [ -51.4535, 3.94914 ], [ -51.45455, 3.94766 ] ], [ [ -51.45267, 3.94727 ], [ -51.4547, 3.94745 ], [ -51.45486, 3.94721 ], [ -51.45267, 3.94727 ] ], [ [ -51.58612, 3.77726 ], [ -51.58147, 3.77314 ], [ -51.57733, 3.77779 ], [ -51.582, 3.78192 ], [ -51.58612, 3.77726 ] ], [ [ -51.5993, 3.75708 ], [ -51.59618, 3.75621 ], [ -51.59061, 3.76073 ], [ -51.59663, 3.76596 ], [ -51.60137, 3.76366 ], [ -51.5993, 3.75708 ] ], [ [ -51.5983, 3.76628 ], [ -51.60359, 3.76775 ], [ -51.59999, 3.76493 ], [ -51.5983, 3.76628 ] ], [ [ -51.60596, 3.75532 ], [ -51.60801, 3.76076 ], [ -51.60857, 3.76051 ], [ -51.60596, 3.75532 ] ], [ [ -51.69097, 3.74622 ], [ -51.69192, 3.74508 ], [ -51.6917, 3.74496 ], [ -51.69097, 3.74622 ] ], [ [ -51.6901, 3.74772 ], [ -51.69136, 3.74845 ], [ -51.69023, 3.7475 ], [ -51.6901, 3.74772 ] ], [ [ -51.69286, 3.74932 ], [ -51.69359, 3.74806 ], [ -51.69264, 3.74919 ], [ -51.69286, 3.74932 ] ], [ [ -51.69445, 3.74655 ], [ -51.69319, 3.74582 ], [ -51.69432, 3.74678 ], [ -51.69445, 3.74655 ] ], [ [ -51.72819, 3.7286 ], [ -51.72839, 3.72013 ], [ -51.71559, 3.72035 ], [ -51.71768, 3.72357 ], [ -51.71514, 3.72662 ], [ -51.72356, 3.73339 ], [ -51.72819, 3.7286 ] ], [ [ -51.62689, 4.03285 ], [ -51.62623, 4.03301 ], [ -51.62756, 4.03419 ], [ -51.62629, 4.02834 ], [ -51.62542, 4.02723 ], [ -51.62689, 4.03285 ] ], [ [ -51.62016, 4.02052 ], [ -51.6201, 4.02045 ], [ -51.61772, 4.02361 ], [ -51.61817, 4.02386 ], [ -51.62016, 4.02052 ] ], [ [ -51.61907, 4.01914 ], [ -51.6184, 4.01828 ], [ -51.61881, 4.01645 ], [ -51.6174, 4.01838 ], [ -51.61907, 4.01914 ] ], [ [ -51.63337, 4.04504 ], [ -51.63326, 4.04499 ], [ -51.63301, 4.0456 ], [ -51.63337, 4.04504 ] ], [ [ -51.62957, 4.04332 ], [ -51.6296, 4.04346 ], [ -51.63128, 4.04409 ], [ -51.62957, 4.04332 ] ], [ [ -51.61478, 4.02196 ], [ -51.61595, 4.02262 ], [ -51.61501, 4.02164 ], [ -51.61478, 4.02196 ] ], [ [ -51.14557, 2.84016 ], [ -51.14564, 2.83992 ], [ -51.14474, 2.8389 ], [ -51.14557, 2.84016 ] ], [ [ -51.14223, 2.83608 ], [ -51.14181, 2.83561 ], [ -51.14179, 2.83685 ], [ -51.14223, 2.83608 ] ], [ [ -51.12856, 2.8413 ], [ -51.13077, 2.84738 ], [ -51.13084, 2.84708 ], [ -51.12856, 2.8413 ] ], [ [ -51.12843, 2.85764 ], [ -51.13074, 2.84754 ], [ -51.12501, 2.8544 ], [ -51.10919, 2.85001 ], [ -51.12843, 2.85764 ] ], [ [ -51.08074, 2.85916 ], [ -51.07267, 2.85131 ], [ -51.07076, 2.84644 ], [ -51.07122, 2.851 ], [ -51.08074, 2.85916 ] ], [ [ -51.07618, 2.91759 ], [ -51.09052, 2.94006 ], [ -51.09065, 2.94006 ], [ -51.07618, 2.91759 ] ], [ [ -51.14913, 2.95177 ], [ -51.15658, 2.95335 ], [ -51.18317, 2.94998 ], [ -51.14913, 2.95177 ] ], [ [ -51.12256, 2.94666 ], [ -51.13069, 2.95257 ], [ -51.13119, 2.95247 ], [ -51.12256, 2.94666 ] ], [ [ -51.10442, 2.94118 ], [ -51.10075, 2.94124 ], [ -51.1092, 2.94334 ], [ -51.10442, 2.94118 ] ], [ [ -51.341, 3.22015 ], [ -51.34044, 3.21825 ], [ -51.3394, 3.22016 ], [ -51.341, 3.22015 ] ], [ [ -51.34126, 3.22188 ], [ -51.34156, 3.22205 ], [ -51.34145, 3.22168 ], [ -51.34126, 3.22188 ] ], [ [ -51.33927, 3.22041 ], [ -51.3391, 3.22071 ], [ -51.34016, 3.22128 ], [ -51.33927, 3.22041 ] ], [ [ -51.34035, 3.23204 ], [ -51.3404, 3.23197 ], [ -51.33867, 3.23205 ], [ -51.34035, 3.23204 ] ], [ [ -51.33871, 3.23376 ], [ -51.33875, 3.23379 ], [ -51.33956, 3.2329 ], [ -51.33871, 3.23376 ] ], [ [ -51.33699, 3.23212 ], [ -51.33694, 3.23213 ], [ -51.33782, 3.23294 ], [ -51.33699, 3.23212 ] ], [ [ -51.34308, 3.30842 ], [ -51.34462, 3.30443 ], [ -51.33993, 3.3011 ], [ -51.34308, 3.30842 ] ], [ [ -51.34075, 3.32523 ], [ -51.34176, 3.32613 ], [ -51.34082, 3.32523 ], [ -51.34075, 3.32523 ] ], [ [ -51.34462, 3.325 ], [ -51.34269, 3.32512 ], [ -51.34456, 3.32507 ], [ -51.34462, 3.325 ] ], [ [ -51.3428, 3.32705 ], [ -51.34369, 3.32604 ], [ -51.34277, 3.32702 ], [ -51.3428, 3.32705 ] ], [ [ -51.30446, 3.37416 ], [ -51.30407, 3.37268 ], [ -51.30433, 3.37418 ], [ -51.30446, 3.37416 ] ], [ [ -51.3012, 3.37486 ], [ -51.30079, 3.37243 ], [ -51.2893, 3.37795 ], [ -51.29962, 3.39121 ], [ -51.30848, 3.38398 ], [ -51.3012, 3.37486 ] ], [ [ -51.30364, 3.37107 ], [ -51.30319, 3.37128 ], [ -51.30368, 3.3712 ], [ -51.30364, 3.37107 ] ] ], [ [ [ -51.8502, 3.82956 ], [ -51.85543, 3.83339 ], [ -51.83783, 3.85003 ], [ -51.82529, 3.85608 ], [ -51.84757, 3.83699 ], [ -51.8502, 3.82956 ] ] ], [ [ [ -51.12519, 2.85432 ], [ -51.12823, 2.85091 ], [ -51.12843, 2.85764 ], [ -51.12519, 2.85432 ] ] ] ] } },
{ "type": "Feature", "properties": { "cluster": 301.0, "hvi": 0.0874, "population": 60, "setores": 1, "municipio": "Oiapoque" }, "geometry": { "type": "Polygon", "coordinates": [ [ [ -51.50576, 3.13902 ], [ -51.50857, 3.14178 ], [ -51.50601, 3.14463 ], [ -51.50295, 3.14188 ], [ -51.50576, 3.13902 ] ] ] } },
{ "type": "Feature", "properties": { "cluster": 302.0, "hvi": 0.0992, "population": 447, "setores": 3, "municipio": "Oiapoque" }, "geometry": { "type": "Polygon", "coordinates": [ [ [ -52.32938, 3.16625 ], [ -52.331, 3.17132 ], [ -52.3231, 3.17078 ], [ -52.31247, 3.17523 ], [ -52.30024, 3.17435 ], [ -52.30287, 3.19905 ], [ -52.29386, 3.21565 ], [ -52.29251, 3.22642 ], [ -52.26458, 3.24433 ], [ -52.26239, 3.25212 ], [ -52.25643, 3.25219 ], [ -52.24797, 3.24919 ], [ -52.24572, 3.239 ], [ -52.23693, 3.23941 ], [ -52.23329, 3.23565 ], [ -52.32885, 3.08218 ], [ -52.34527, 3.09708 ], [ -52.3452, 3.10807 ], [ -52.33791, 3.11877 ], [ -52.35167, 3.12348 ], [ -52.35286, 3.12796 ], [ -52.34913, 3.13545 ], [ -52.33222, 3.13601 ], [ -52.33141, 3.1385 ], [ -52.33397, 3.1415 ], [ -52.33686, 3.1397 ], [ -52.34075, 3.14644 ], [ -52.33263, 3.15913 ], [ -52.32938, 3.16625 ] ] ] } },
{ "type": "Feature", "properties": { "cluster": 303.0, "hvi": 0.1253, "population": 2859, "setores": 4, "municipio": "Porto Grande" }, "geometry": { "type": "MultiPolygon", "coordinates": [ [ [ [ -51.41585, 0.70857 ], [ -51.41766, 0.7119 ], [ -51.41304, 0.71572 ], [ -51.4089, 0.71771 ], [ -51.40663, 0.71097 ], [ -51.40808, 0.71077 ], [ -51.40933, 0.70581 ], [ -51.41351, 0.70526 ], [ -51.41585, 0.70857 ] ], [ [ -51.40941, 0.71058 ], [ -51.41094, 0.71036 ], [ -51.41585, 0.70857 ], [ -51.40941, 0.71058 ] ] ], [ [ [ -51.42784, 0.71322 ], [ -51.41469, 0.71528 ], [ -51.42475, 0.70449 ], [ -51.42784, 0.71322 ] ] ] ] } },
{ "type": "Feature", "properties": { "cluster": 304.0, "hvi": 0.154, "population": 1363, "setores": 1, "municipio": "Porto Grande" }, "geometry": { "type": "Polygon", "coordinates": [ [ [ -51.39854, 0.70597 ], [ -51.40604, 0.70654 ], [ -51.4089, 0.71771 ], [ -51.40409, 0.70998 ], [ -51.39854, 0.70597 ] ] ] } },
{ "type": "Feature", "properties": { "cluster": 305.0, "hvi": 0.1325, "population": 1652, "setores": 2, "municipio": "Porto Grande" }, "geometry": { "type": "Polygon", "coordinates": [ [ [ -51.40053, 0.70199 ], [ -51.39337, 0.70738 ], [ -51.39182, 0.71264 ], [ -51.3997, 0.71104 ], [ -51.40853, 0.71784 ], [ -51.42784, 0.71322 ], [ -51.42475, 0.70449 ], [ -51.41712, 0.71021 ], [ -51.41351, 0.70526 ], [ -51.42817, 0.69631 ], [ -51.49811, 0.6748 ], [ -51.51089, 0.67819 ], [ -51.5385, 0.67518 ], [ -51.54616, 0.67119 ], [ -51.56955, 0.67054 ], [ -51.57419, 0.68619 ], [ -51.5731, 0.70353 ], [ -51.56656, 0.71096 ], [ -51.54166, 0.72231 ], [ -51.52889, 0.73823 ], [ -51.51255, 0.74298 ], [ -51.48088, 0.74411 ], [ -51.47184, 0.74073 ], [ -51.45764, 0.74293 ], [ -51.45455, 0.73924 ], [ -51.45574, 0.72005 ], [ -51.4451, 0.71138 ], [ -51.43714, 0.71144 ], [ -51.4274, 0.71857 ], [ -51.4173, 0.71892 ], [ -51.40559, 0.72855 ], [ -51.39882, 0.72956 ], [ -51.38876, 0.74025 ], [ -51.37993, 0.73984 ], [ -51.36875, 0.74732 ], [ -51.36498, 0.75831 ], [ -51.3709, 0.77136 ], [ -51.35369, 0.78011 ], [ -51.33866, 0.73608 ], [ -51.35954, 0.72078 ], [ -51.36328, 0.7035 ], [ -51.37076, 0.69465 ], [ -51.36714, 0.68747 ], [ -51.39623, 0.69837 ], [ -51.39535, 0.69919 ], [ -51.40053, 0.70199 ] ] ] } },
{ "type": "Feature", "properties": { "cluster": 306.0, "hvi": 0.1127, "population": 2842, "setores": 6, "municipio": "Porto Grande" }, "geometry": { "type": "Polygon", "coordinates": [ [ [ -51.23537, 0.57853 ], [ -51.24646, 0.56281 ], [ -51.24603, 0.55748 ], [ -51.25118, 0.55084 ], [ -51.2545, 0.53773 ], [ -51.26341, 0.52174 ], [ -51.27608, 0.50842 ], [ -51.28484, 0.50594 ], [ -51.28762, 0.52362 ], [ -51.29957, 0.53681 ], [ -51.30217, 0.54911 ], [ -51.30598, 0.55338 ], [ -51.30409, 0.55641 ], [ -51.33176, 0.586 ], [ -51.36228, 0.60026 ], [ -51.37309, 0.61017 ], [ -51.37975, 0.61102 ], [ -51.40763, 0.63605 ], [ -51.42236, 0.64061 ], [ -51.42904, 0.63699 ], [ -51.43501, 0.63787 ], [ -51.43985, 0.66509 ], [ -51.43667, 0.67248 ], [ -51.44124, 0.68371 ], [ -51.44673, 0.68868 ], [ -51.41351, 0.70526 ], [ -51.40933, 0.70581 ], [ -51.40802, 0.71101 ], [ -51.40527, 0.71085 ], [ -51.40726, 0.70416 ], [ -51.40309, 0.70082 ], [ -51.39827, 0.69842 ], [ -51.40193, 0.69582 ], [ -51.40108, 0.6908 ], [ -51.395, 0.68955 ], [ -51.39481, 0.69797 ], [ -51.36714, 0.68747 ], [ -51.36567, 0.6835 ], [ -51.36686, 0.68422 ], [ -51.35612, 0.65608 ], [ -51.31402, 0.63946 ], [ -51.28024, 0.63327 ], [ -51.26271, 0.62522 ], [ -51.25081, 0.61128 ], [ -51.2335, 0.60675 ], [ -51.23821, 0.58884 ], [ -51.23537, 0.57853 ] ], [ [ -51.41336, 0.70168 ], [ -51.41334, 0.70178 ], [ -51.41351, 0.70526 ], [ -51.41336, 0.70168 ] ], [ [ -51.41315, 0.69646 ], [ -51.40473, 0.69383 ], [ -51.41322, 0.69804 ], [ -51.41315, 0.69646 ] ] ] } },
{ "type": "Feature", "properties": { "cluster": 307.0, "hvi": 0.1131, "population": 874, "setores": 2, "municipio": "Porto Grande" }, "geometry": { "type": "Polygon", "coordinates": [ [ [ -51.56542, 0.63678 ], [ -51.54375, 0.61809 ], [ -51.51863, 0.60948 ], [ -51.51485, 0.60432 ], [ -51.51293, 0.59444 ], [ -51.51691, 0.58924 ], [ -51.51715, 0.57805 ], [ -51.51343, 0.57128 ], [ -51.51452, 0.56629 ], [ -51.50523, 0.55357 ], [ -51.50508, 0.53788 ], [ -51.51179, 0.52505 ], [ -51.52318, 0.51757 ], [ -51.52601, 0.50521 ], [ -51.52378, 0.49881 ], [ -51.52703, 0.49736 ], [ -51.52206, 0.49204 ], [ -51.52872, 0.48767 ], [ -51.52556, 0.4847 ], [ -51.52824, 0.48436 ], [ -51.52708, 0.47778 ], [ -51.5295, 0.47757 ], [ -51.52684, 0.47562 ], [ -51.53428, 0.46996 ], [ -51.5349, 0.46283 ], [ -51.54279, 0.45363 ], [ -51.54028, 0.44859 ], [ -51.53432, 0.44726 ], [ -51.53315, 0.43802 ], [ -51.53729, 0.42618 ], [ -51.53396, 0.4215 ], [ -51.53553, 0.41941 ], [ -51.54181, 0.42047 ], [ -51.5473, 0.42631 ], [ -51.57439, 0.42612 ], [ -51.5834, 0.43213 ], [ -51.59376, 0.43197 ], [ -51.62218, 0.44183 ], [ -51.6519, 0.50822 ], [ -51.65547, 0.51099 ], [ -51.66041, 0.52812 ], [ -51.67605, 0.55671 ], [ -51.68382, 0.56142 ], [ -51.68455, 0.57005 ], [ -51.70362, 0.60681 ], [ -51.70454, 0.62087 ], [ -51.69882, 0.62088 ], [ -51.70431, 0.62175 ], [ -51.7008, 0.63523 ], [ -51.69249, 0.63844 ], [ -51.6937, 0.64771 ], [ -51.68846, 0.65427 ], [ -51.68254, 0.65316 ], [ -51.67341, 0.64425 ], [ -51.66425, 0.6445 ], [ -51.64753, 0.63751 ], [ -51.64086, 0.64318 ], [ -51.63341, 0.66158 ], [ -51.61309, 0.65045 ], [ -51.6025, 0.65067 ], [ -51.60203, 0.65636 ], [ -51.56542, 0.63678 ] ] ] } },
{ "type": "Feature", "properties": { "cluster": 308.0, "hvi": 0.117, "population": 864, "setores": 2, "municipio": "Porto Grande" }, "geometry": { "type": "MultiPolygon", "coordinates": [ [ [ [ -51.73324, 0.40045 ], [ -51.73828, 0.40079 ], [ -51.74341, 0.40688 ], [ -51.74285, 0.4166 ], [ -51.72958, 0.41382 ], [ -51.72575, 0.40764 ], [ -51.73324, 0.40045 ] ] ], [ [ [ -51.76726, 0.60493 ], [ -51.76765, 0.55396 ], [ -51.76534, 0.54621 ], [ -51.77141, 0.54096 ], [ -51.77271, 0.53284 ], [ -51.76949, 0.52176 ], [ -51.76022, 0.50796 ], [ -51.76348, 0.49795 ], [ -51.75779, 0.48424 ], [ -51.76263, 0.48167 ], [ -51.76375, 0.47696 ], [ -51.75777, 0.46738 ], [ -51.74961, 0.46249 ], [ -51.75054, 0.45664 ], [ -51.73958, 0.44977 ], [ -51.74505, 0.44531 ], [ -51.74341, 0.40688 ], [ -51.76017, 0.40634 ], [ -51.7636, 0.41512 ], [ -51.77471, 0.4232 ], [ -51.77988, 0.42207 ], [ -51.78259, 0.43238 ], [ -51.78984, 0.43648 ], [ -51.79162, 0.4478 ], [ -51.79896, 0.44543 ], [ -51.80377, 0.45051 ], [ -51.80942, 0.44661 ], [ -51.80968, 0.45226 ], [ -51.81286, 0.44869 ], [ -51.81646, 0.45045 ], [ -51.82715, 0.44673 ], [ -51.8265, 0.44406 ], [ -51.83408, 0.44534 ], [ -51.83226, 0.44014 ], [ -51.83901, 0.43627 ], [ -51.85422, 0.43963 ], [ -51.85579, 0.43229 ], [ -51.87258, 0.43877 ], [ -51.87549, 0.44412 ], [ -51.88595, 0.44444 ], [ -51.88717, 0.44844 ], [ -51.89453, 0.44142 ], [ -51.89944, 0.44085 ], [ -51.90805, 0.44863 ], [ -51.91037, 0.44447 ], [ -51.91869, 0.44743 ], [ -51.93188, 0.44525 ], [ -51.93508, 0.45023 ], [ -51.94154, 0.45137 ], [ -51.9427, 0.44667 ], [ -51.95209, 0.44666 ], [ -51.95547, 0.45223 ], [ -51.95217, 0.45647 ], [ -51.95473, 0.45885 ], [ -51.97239, 0.46161 ], [ -51.97808, 0.46747 ], [ -51.98961, 0.46937 ], [ -51.98907, 0.46705 ], [ -51.99287, 0.47228 ], [ -52.00815, 0.47769 ], [ -52.00951, 0.47561 ], [ -52.0107, 0.4791 ], [ -52.01278, 0.4749 ], [ -52.01629, 0.47935 ], [ -52.02005, 0.47847 ], [ -52.02538, 0.47139 ], [ -52.03219, 0.4697 ], [ -52.03827, 0.47763 ], [ -52.04914, 0.48218 ], [ -52.0558, 0.48922 ], [ -52.07332, 0.4941 ], [ -52.09003, 0.50615 ], [ -52.09773, 0.50531 ], [ -52.10393, 0.50859 ], [ -52.11421, 0.50259 ], [ -52.11605, 0.49605 ], [ -52.14475, 0.48714 ], [ -52.15346, 0.47581 ], [ -52.16448, 0.46875 ], [ -52.19117, 0.46361 ], [ -52.20037, 0.45771 ], [ -52.20193, 0.44218 ], [ -52.22403, 0.418 ], [ -52.23836, 0.39129 ], [ -52.23473, 0.38291 ], [ -52.23555, 0.36553 ], [ -52.24246, 0.36381 ], [ -52.27304, 0.37057 ], [ -52.28079, 0.368 ], [ -52.29684, 0.39681 ], [ -52.30066, 0.38867 ], [ -52.31554, 0.37828 ], [ -52.31986, 0.37916 ], [ -52.32409, 0.38613 ], [ -52.32899, 0.38138 ], [ -52.3349, 0.38306 ], [ -52.33863, 0.40161 ], [ -52.34676, 0.40668 ], [ -52.34697, 0.41453 ], [ -52.33822, 0.42241 ], [ -52.33716, 0.43947 ], [ -52.3481, 0.43251 ], [ -52.34962, 0.44176 ], [ -52.32905, 0.45195 ], [ -52.32088, 0.46959 ], [ -52.31401, 0.47684 ], [ -52.30932, 0.49994 ], [ -52.29143, 0.50399 ], [ -52.27074, 0.52203 ], [ -52.27068, 0.52727 ], [ -52.26107, 0.54384 ], [ -52.25938, 0.55852 ], [ -52.24966, 0.56582 ], [ -52.24134, 0.58275 ], [ -52.23664, 0.5859 ], [ -52.22422, 0.5815 ], [ -52.21852, 0.59059 ], [ -52.20503, 0.58483 ], [ -52.20384, 0.58893 ], [ -52.19261, 0.59624 ], [ -52.18845, 0.60325 ], [ -52.19006, 0.60872 ], [ -52.18519, 0.60967 ], [ -52.18218, 0.61692 ], [ -52.18388, 0.62238 ], [ -52.17699, 0.62927 ], [ -52.18031, 0.63391 ], [ -52.16861, 0.63118 ], [ -52.16635, 0.6392 ], [ -52.15839, 0.6332 ], [ -52.15583, 0.63557 ], [ -52.15357, 0.63112 ], [ -52.14627, 0.63373 ], [ -52.13979, 0.62826 ], [ -52.13373, 0.63284 ], [ -52.1222, 0.6266 ], [ -52.1181, 0.62791 ], [ -52.11739, 0.63634 ], [ -52.1118, 0.63587 ], [ -52.1049, 0.64494 ], [ -51.93625, 0.58693 ], [ -51.90587, 0.60566 ], [ -51.87254, 0.63345 ], [ -51.8546, 0.65954 ], [ -51.84312, 0.64527 ], [ -51.83263, 0.64889 ], [ -51.78521, 0.62812 ], [ -51.77084, 0.61423 ], [ -51.77282, 0.60623 ], [ -51.76726, 0.60493 ] ] ] ] } },
{ "type": "Feature", "properties": { "cluster": 309.0, "hvi": 0.1327, "population": 2567, "setores": 3, "municipio": "Porto Grande" }, "geometry": { "type": "MultiPolygon", "coordinates": [ [ [ [ -51.40726, 0.70416 ], [ -51.40604, 0.70654 ], [ -51.39719, 0.70554 ], [ -51.39271, 0.70919 ], [ -51.40204, 0.70089 ], [ -51.40726, 0.70416 ] ] ], [ [ [ -51.40196, 0.70847 ], [ -51.40594, 0.7164 ], [ -51.39634, 0.7111 ], [ -51.39455, 0.71373 ], [ -51.39167, 0.71251 ], [ -51.39719, 0.70554 ], [ -51.3985, 0.70793 ], [ -51.40196, 0.70847 ] ] ] ] } },
{ "type": "Feature", "properties": { "cluster": 310.0, "hvi": 0.1283, "population": 1573, "setores": 2, "municipio": "Porto Grande" }, "geometry": { "type": "MultiPolygon", "coordinates": [ [ [ [ -51.39481, 0.69797 ], [ -51.39388, 0.68931 ], [ -51.40097, 0.69011 ], [ -51.40204, 0.6965 ], [ -51.39481, 0.69797 ] ] ], [ [ [ -51.4004, 0.70257 ], [ -51.3951, 0.69906 ], [ -51.39623, 0.69837 ], [ -51.40223, 0.70031 ], [ -51.4004, 0.70257 ] ] ] ] } },
{ "type": "Feature", "properties": { "cluster": 311.0, "hvi": 0.1096, "population": 2767, "setores": 18, "municipio": "Ferreira Gomes" }, "geometry": { "type": "Polygon", "coordinates": [ [ [ -51.17581, 0.30675 ], [ -51.1931, 0.3177 ], [ -51.20504, 0.31599 ], [ -51.20896, 0.32258 ], [ -51.20821, 0.33556 ], [ -51.21235, 0.34301 ], [ -51.20593, 0.3597 ], [ -51.20971, 0.37028 ], [ -51.2066, 0.3857 ], [ -51.20898, 0.38316 ], [ -51.21245, 0.38644 ], [ -51.21739, 0.39823 ], [ -51.23597, 0.40433 ], [ -51.23868, 0.41335 ], [ -51.24534, 0.41573 ], [ -51.24631, 0.43085 ], [ -51.25386, 0.43506 ], [ -51.25265, 0.44041 ], [ -51.26192, 0.4459 ], [ -51.25757, 0.44942 ], [ -51.26589, 0.46135 ], [ -51.26434, 0.48099 ], [ -51.26841, 0.48654 ], [ -51.27091, 0.48528 ], [ -51.27643, 0.49853 ], [ -51.28484, 0.50594 ], [ -51.27608, 0.50842 ], [ -51.26341, 0.52174 ], [ -51.2545, 0.53773 ], [ -51.25118, 0.55084 ], [ -51.24603, 0.55748 ], [ -51.24646, 0.56281 ], [ -51.23537, 0.57853 ], [ -51.23821, 0.58884 ], [ -51.23372, 0.60592 ], [ -51.25081, 0.61128 ], [ -51.26271, 0.62522 ], [ -51.27968, 0.63304 ], [ -51.31402, 0.63946 ], [ -51.35627, 0.65616 ], [ -51.37068, 0.69496 ], [ -51.36328, 0.7035 ], [ -51.3587, 0.7219 ], [ -51.33899, 0.7371 ], [ -51.35266, 0.77902 ], [ -51.37015, 0.77246 ], [ -51.36523, 0.75696 ], [ -51.36875, 0.74732 ], [ -51.37993, 0.73984 ], [ -51.38738, 0.74087 ], [ -51.39703, 0.73589 ], [ -51.40509, 0.74231 ], [ -51.42429, 0.74844 ], [ -51.4333, 0.76254 ], [ -51.45386, 0.76979 ], [ -51.46456, 0.78749 ], [ -51.47217, 0.79237 ], [ -51.4831, 0.81566 ], [ -51.48975, 0.84334 ], [ -51.48533, 0.85495 ], [ -51.51133, 0.87857 ], [ -51.52078, 0.87257 ], [ -51.5387, 0.87804 ], [ -51.5572, 0.86408 ], [ -51.58251, 0.85089 ], [ -51.60081, 0.84756 ], [ -51.60672, 0.8394 ], [ -51.60698, 0.83234 ], [ -51.61656, 0.83502 ], [ -51.62405, 0.85149 ], [ -51.62713, 0.8697 ], [ -51.62421, 0.87794 ], [ -51.60583, 0.88493 ], [ -51.60325, 0.89017 ], [ -51.60317, 0.91029 ], [ -51.59443, 0.91653 ], [ -51.59622, 0.92331 ], [ -51.5919, 0.93013 ], [ -51.59639, 0.93604 ], [ -51.59497, 0.94935 ], [ -51.60138, 0.95217 ], [ -51.59631, 0.95775 ], [ -51.60554, 0.95966 ], [ -51.60845, 0.96432 ], [ -51.60462, 0.96923 ], [ -51.60504, 0.97463 ], [ -51.59356, 0.97214 ], [ -51.58441, 0.97937 ], [ -51.59023, 0.9832 ], [ -51.59314, 0.99227 ], [ -51.59922, 0.99044 ], [ -51.60055, 0.99318 ], [ -51.59448, 1.0178 ], [ -51.58715, 1.0173 ], [ -51.58366, 1.03377 ], [ -51.57077, 1.03435 ], [ -51.56944, 1.04034 ], [ -51.55954, 1.04891 ], [ -51.55064, 1.04674 ], [ -51.54731, 1.04941 ], [ -51.53791, 1.04857 ], [ -51.52826, 1.04192 ], [ -51.52901, 1.04899 ], [ -51.52044, 1.05024 ], [ -51.52468, 1.06197 ], [ -51.51337, 1.06737 ], [ -51.51453, 1.07211 ], [ -51.5058, 1.06587 ], [ -51.50505, 1.08492 ], [ -51.50081, 1.08475 ], [ -51.49964, 1.08883 ], [ -51.48899, 1.08517 ], [ -51.48283, 1.08752 ], [ -51.46666, 1.06757 ], [ -51.42833, 1.06159 ], [ -51.4067, 1.05056 ], [ -51.40892, 0.99544 ], [ -51.40056, 0.98888 ], [ -51.39749, 0.97872 ], [ -51.39051, 0.97883 ], [ -51.38268, 0.97301 ], [ -51.38152, 0.96825 ], [ -51.38702, 0.96085 ], [ -51.38173, 0.95133 ], [ -51.36702, 0.95429 ], [ -51.36131, 0.94562 ], [ -51.35242, 0.95101 ], [ -51.35189, 0.95778 ], [ -51.35634, 0.96624 ], [ -51.34851, 0.97111 ], [ -51.34639, 0.97946 ], [ -51.33983, 0.98253 ], [ -51.33052, 0.98031 ], [ -51.31243, 0.98274 ], [ -51.30778, 0.99194 ], [ -51.30334, 0.98983 ], [ -51.29519, 0.97555 ], [ -51.2844, 0.97576 ], [ -51.27922, 0.97915 ], [ -51.27276, 0.97618 ], [ -51.26494, 0.97978 ], [ -51.25414, 0.97206 ], [ -51.246, 0.97629 ], [ -51.24674, 0.96571 ], [ -51.24156, 0.96053 ], [ -51.23965, 0.95281 ], [ -51.22843, 0.96443 ], [ -51.22583, 0.97331 ], [ -51.21324, 0.99128 ], [ -51.20447, 0.99627 ], [ -51.20237, 1.00489 ], [ -51.18159, 1.03535 ], [ -51.17396, 1.0356 ], [ -51.15812, 1.02964 ], [ -51.15117, 1.03142 ], [ -51.14704, 1.02465 ], [ -51.14147, 1.02312 ], [ -51.13759, 1.01599 ], [ -51.1275, 1.00939 ], [ -51.11794, 1.01011 ], [ -51.11702, 1.01331 ], [ -51.11167, 1.01292 ], [ -51.10443, 1.01916 ], [ -51.09041, 1.02269 ], [ -51.08922, 1.01543 ], [ -51.08966, 1.0243 ], [ -51.07654, 1.02359 ], [ -51.07292, 1.01812 ], [ -51.06945, 1.02022 ], [ -51.07002, 1.01755 ], [ -51.05823, 1.01865 ], [ -51.05001, 1.01114 ], [ -51.05243, 1.00791 ], [ -51.04207, 1.009 ], [ -51.03589, 1.00605 ], [ -51.03309, 1.0004 ], [ -51.03675, 0.99721 ], [ -51.03732, 0.99089 ], [ -51.03019, 0.98728 ], [ -51.0251, 0.98942 ], [ -51.01849, 0.9869 ], [ -51.02639, 0.97654 ], [ -51.01555, 0.96366 ], [ -51.01928, 0.95814 ], [ -51.01258, 0.9576 ], [ -51.01283, 0.9529 ], [ -51.01615, 0.95211 ], [ -51.01137, 0.94694 ], [ -51.01337, 0.94445 ], [ -51.0026, 0.94277 ], [ -51.00373, 0.9344 ], [ -51.00173, 0.93272 ], [ -50.99873, 0.94285 ], [ -50.98839, 0.95247 ], [ -50.9916, 0.9691 ], [ -50.9891, 0.97576 ], [ -50.97876, 0.98336 ], [ -50.96093, 0.98253 ], [ -50.94501, 0.99394 ], [ -50.93099, 0.9899 ], [ -50.89304, 0.99336 ], [ -50.89357, 0.98425 ], [ -50.90795, 0.96192 ], [ -50.92005, 0.95532 ], [ -50.92388, 0.93827 ], [ -50.91472, 0.9271 ], [ -50.91674, 0.91736 ], [ -50.90985, 0.90595 ], [ -50.91104, 0.90072 ], [ -50.91377, 0.89621 ], [ -50.93766, 0.89252 ], [ -50.94289, 0.88836 ], [ -50.94111, 0.87624 ], [ -50.95122, 0.85891 ], [ -50.94942, 0.84425 ], [ -50.95167, 0.82903 ], [ -50.91625, 0.80359 ], [ -50.88684, 0.79805 ], [ -50.88659, 0.77485 ], [ -50.87545, 0.76509 ], [ -50.85019, 0.75543 ], [ -50.89099, 0.67472 ], [ -50.91069, 0.68619 ], [ -50.91526, 0.68491 ], [ -50.9241, 0.67364 ], [ -50.9452, 0.6716 ], [ -50.93997, 0.66932 ], [ -50.93584, 0.65605 ], [ -50.92638, 0.65016 ], [ -50.92029, 0.63761 ], [ -50.91991, 0.62421 ], [ -50.90783, 0.59208 ], [ -50.90679, 0.58199 ], [ -50.91062, 0.57836 ], [ -50.90672, 0.56791 ], [ -50.8949, 0.56317 ], [ -50.90296, 0.54934 ], [ -50.9089, 0.54781 ], [ -50.92027, 0.53335 ], [ -50.92209, 0.52931 ], [ -50.91868, 0.51912 ], [ -50.92035, 0.51505 ], [ -50.92783, 0.51033 ], [ -50.92759, 0.51179 ], [ -50.94045, 0.49654 ], [ -50.95917, 0.50195 ], [ -50.9698, 0.49946 ], [ -50.97533, 0.50302 ], [ -50.99411, 0.49536 ], [ -51.00189, 0.49648 ], [ -51.0111, 0.47902 ], [ -51.01433, 0.45722 ], [ -51.02346, 0.45575 ], [ -51.02817, 0.4597 ], [ -51.03311, 0.45466 ], [ -51.02916, 0.42847 ], [ -51.03872, 0.43041 ], [ -51.04828, 0.42335 ], [ -51.04691, 0.42864 ], [ -51.05164, 0.42116 ], [ -51.05425, 0.4234 ], [ -51.05286, 0.43228 ], [ -51.05899, 0.44087 ], [ -51.07482, 0.43984 ], [ -51.09328, 0.42818 ], [ -51.1033, 0.41149 ], [ -51.10794, 0.41014 ], [ -51.11646, 0.39652 ], [ -51.11396, 0.38525 ], [ -51.11675, 0.37544 ], [ -51.12496, 0.36388 ], [ -51.12876, 0.34755 ], [ -51.13378, 0.3439 ], [ -51.13669, 0.336 ], [ -51.12936, 0.32411 ], [ -51.12841, 0.31689 ], [ -51.13107, 0.31346 ], [ -51.1393, 0.30898 ], [ -51.14408, 0.31474 ], [ -51.16083, 0.31756 ], [ -51.16727, 0.31702 ], [ -51.166, 0.31517 ], [ -51.1706, 0.31243 ], [ -51.17089, 0.30836 ], [ -51.17581, 0.30675 ] ], [ [ -51.12981, 0.34968 ], [ -51.13047, 0.34867 ], [ -51.13729, 0.35219 ], [ -51.12876, 0.34755 ], [ -51.12981, 0.34968 ] ], [ [ -51.20092, 0.59561 ], [ -51.20097, 0.59565 ], [ -51.20179, 0.59591 ], [ -51.20092, 0.59561 ] ], [ [ -51.15034, 0.56486 ], [ -51.15035, 0.56488 ], [ -51.15596, 0.56915 ], [ -51.15034, 0.56486 ] ], [ [ -51.12641, 0.53325 ], [ -51.12637, 0.53335 ], [ -51.14335, 0.54271 ], [ -51.12641, 0.53325 ] ], [ [ -51.13203, 0.51683 ], [ -51.13031, 0.51449 ], [ -51.1319, 0.5172 ], [ -51.13203, 0.51683 ] ], [ [ -51.10257, 0.47669 ], [ -51.10226, 0.47646 ], [ -51.104, 0.47865 ], [ -51.10257, 0.47669 ] ], [ [ -51.07578, 0.45511 ], [ -51.0757, 0.45509 ], [ -51.08317, 0.47102 ], [ -51.07578, 0.45511 ] ], [ [ -51.06098, 0.45158 ], [ -51.06118, 0.45176 ], [ -51.06959, 0.45363 ], [ -51.06098, 0.45158 ] ], [ [ -51.04525, 0.43503 ], [ -51.0447, 0.43712 ], [ -51.06037, 0.45104 ], [ -51.04525, 0.43503 ] ], [ [ -51.13681, 0.35551 ], [ -51.13138, 0.35288 ], [ -51.13163, 0.35337 ], [ -51.13681, 0.35551 ] ], [ [ -51.18561, 0.36847 ], [ -51.17707, 0.37027 ], [ -51.1773, 0.37057 ], [ -51.18561, 0.36847 ] ], [ [ -51.16876, 0.31689 ], [ -51.1703, 0.31677 ], [ -51.1704, 0.31537 ], [ -51.16876, 0.31689 ] ], [ [ -51.13301, 0.49667 ], [ -51.12964, 0.49538 ], [ -51.12983, 0.49663 ], [ -51.13301, 0.49667 ] ], [ [ -51.13205, 0.4928 ], [ -51.13065, 0.49246 ], [ -51.13301, 0.49667 ], [ -51.13205, 0.4928 ] ], [ [ -51.12912, 0.49208 ], [ -51.12936, 0.49362 ], [ -51.13019, 0.49234 ], [ -51.12912, 0.49208 ] ], [ [ -51.1832, 0.85107 ], [ -51.18093, 0.8461 ], [ -51.17602, 0.84616 ], [ -51.17597, 0.84308 ], [ -51.17933, 0.84078 ], [ -51.16863, 0.84268 ], [ -51.17716, 0.85802 ], [ -51.17475, 0.8622 ], [ -51.16579, 0.86094 ], [ -51.17882, 0.86279 ], [ -51.17566, 0.86227 ], [ -51.18355, 0.85611 ], [ -51.18355, 0.85133 ], [ -51.18755, 0.85519 ], [ -51.19066, 0.85513 ], [ -51.1832, 0.85107 ] ], [ [ -51.1847, 0.8371 ], [ -51.18466, 0.83703 ], [ -51.18449, 0.83725 ], [ -51.1847, 0.8371 ] ], [ [ -51.20578, 0.81548 ], [ -51.18924, 0.84302 ], [ -51.20643, 0.81508 ], [ -51.20578, 0.81548 ] ], [ [ -51.22851, 0.80079 ], [ -51.19037, 0.67855 ], [ -51.21117, 0.7452 ], [ -51.22851, 0.80079 ] ], [ [ -51.2974, 0.77494 ], [ -51.29758, 0.77469 ], [ -51.24125, 0.79275 ], [ -51.2974, 0.77494 ] ], [ [ -51.30824, 0.76082 ], [ -51.30714, 0.76166 ], [ -51.30707, 0.76177 ], [ -51.30824, 0.76082 ] ], [ [ -51.19974, 0.89297 ], [ -51.19892, 0.86723 ], [ -51.1987, 0.86686 ], [ -51.19974, 0.89297 ] ], [ [ -51.19308, 0.85705 ], [ -51.19178, 0.85479 ], [ -51.19321, 0.85727 ], [ -51.19308, 0.85705 ] ], [ [ -50.96221, 0.53044 ], [ -50.96347, 0.5337 ], [ -50.96268, 0.53037 ], [ -50.96221, 0.53044 ] ], [ [ -50.92663, 0.51764 ], [ -50.92968, 0.51725 ], [ -50.92695, 0.51566 ], [ -50.92663, 0.51764 ] ], [ [ -50.99669, 0.59673 ], [ -50.98803, 0.60472 ], [ -50.98804, 0.60667 ], [ -50.99669, 0.59673 ] ], [ [ -50.99553, 0.64471 ], [ -50.99558, 0.64433 ], [ -50.98809, 0.62597 ], [ -50.99553, 0.64471 ] ], [ [ -50.97395, 0.69621 ], [ -50.97985, 0.68662 ], [ -50.98161, 0.67738 ], [ -50.97395, 0.69621 ] ], [ [ -51.13038, 0.83336 ], [ -51.12353, 0.82414 ], [ -51.12044, 0.82324 ], [ -51.13038, 0.83336 ] ], [ [ -51.12774, 0.81484 ], [ -51.12765, 0.81483 ], [ -51.12819, 0.82138 ], [ -51.12774, 0.81484 ] ], [ [ -51.1357, 0.81528 ], [ -51.13564, 0.81518 ], [ -51.1356, 0.81528 ], [ -51.1357, 0.81528 ] ], [ [ -51.13693, 0.81219 ], [ -51.14491, 0.80862 ], [ -51.14659, 0.80596 ], [ -51.13764, 0.81053 ], [ -51.13693, 0.81219 ] ], [ [ -51.1567, 0.80639 ], [ -51.15154, 0.80342 ], [ -51.14925, 0.80459 ], [ -51.1567, 0.80639 ] ], [ [ -51.13741, 0.84862 ], [ -51.15155, 0.86513 ], [ -51.13631, 0.846 ], [ -51.13741, 0.84862 ] ], [ [ -51.10544, 0.83341 ], [ -51.11807, 0.82255 ], [ -51.11697, 0.82224 ], [ -51.10544, 0.83341 ] ], [ [ -51.07633, 0.85575 ], [ -51.07676, 0.85517 ], [ -51.07464, 0.85496 ], [ -51.07633, 0.85575 ] ], [ [ -51.00315, 0.92791 ], [ -51.00992, 0.91747 ], [ -51.00502, 0.92158 ], [ -51.00315, 0.92791 ] ] ] } },
{ "type": "Feature", "properties": { "cluster": 312.0, "hvi": 0.0967, "population": 2611, "setores": 8, "municipio": "Amapá" }, "geometry": { "type": "Polygon", "coordinates": [ [ [ -50.10021, 1.15327 ], [ -50.11141, 1.13967 ], [ -50.12209, 1.13998 ], [ -50.13834, 1.13133 ], [ -50.14207, 1.11349 ], [ -50.14879, 1.10264 ], [ -50.17451, 1.10047 ], [ -50.17989, 1.09636 ], [ -50.18857, 1.08238 ], [ -50.18979, 1.06492 ], [ -50.19306, 1.05889 ], [ -50.19185, 1.05235 ], [ -50.18617, 1.05045 ], [ -50.30728, 0.94435 ], [ -50.32949, 0.94379 ], [ -50.34175, 0.9256 ], [ -50.35759, 0.93426 ], [ -50.3623, 0.94144 ], [ -50.36997, 0.93896 ], [ -50.36911, 0.93154 ], [ -50.38508, 0.92386 ], [ -50.38891, 0.92535 ], [ -50.38669, 0.93426 ], [ -50.39436, 0.93154 ], [ -50.40228, 0.93661 ], [ -50.40464, 0.94713 ], [ -50.41281, 0.95456 ], [ -50.40975, 0.969 ], [ -50.42639, 0.97562 ], [ -50.42744, 0.98816 ], [ -50.43824, 0.99687 ], [ -50.41748, 1.05227 ], [ -50.42327, 1.05292 ], [ -50.42705, 1.06184 ], [ -50.4345, 1.06296 ], [ -50.43798, 1.06993 ], [ -50.45819, 1.07726 ], [ -50.46974, 1.08748 ], [ -50.46751, 1.09612 ], [ -50.47072, 1.12452 ], [ -50.46193, 1.15411 ], [ -50.45064, 1.16943 ], [ -50.43293, 1.18464 ], [ -50.41342, 1.18876 ], [ -50.423, 1.18734 ], [ -50.42333, 1.19101 ], [ -50.41623, 1.19803 ], [ -50.41939, 1.2237 ], [ -50.43425, 1.2372 ], [ -50.49978, 1.36347 ], [ -50.56041, 1.47311 ], [ -50.86501, 1.59394 ], [ -50.88027, 1.59033 ], [ -50.88136, 1.58734 ], [ -50.88688, 1.58834 ], [ -50.88964, 1.58354 ], [ -50.90022, 1.58391 ], [ -50.90103, 1.5922 ], [ -50.91573, 1.61905 ], [ -50.91828, 1.63808 ], [ -50.91277, 1.65708 ], [ -50.91802, 1.65422 ], [ -50.92667, 1.67084 ], [ -50.9213, 1.67245 ], [ -50.92358, 1.67178 ], [ -50.92709, 1.68626 ], [ -50.89453, 1.70431 ], [ -50.88722, 1.71134 ], [ -50.88073, 1.72483 ], [ -50.87702, 1.72283 ], [ -50.88152, 1.72526 ], [ -50.88034, 1.73348 ], [ -50.87967, 1.73365 ], [ -50.88536, 1.75331 ], [ -50.87772, 1.76343 ], [ -50.87844, 1.80419 ], [ -50.87769, 1.80818 ], [ -50.88045, 1.80751 ], [ -50.87913, 1.82546 ], [ -50.87073, 1.82526 ], [ -50.86845, 1.83173 ], [ -50.85643, 1.83112 ], [ -50.84755, 1.82651 ], [ -50.84361, 1.82047 ], [ -50.83287, 1.81585 ], [ -50.8307, 1.81037 ], [ -50.82692, 1.81269 ], [ -50.8199, 1.80909 ], [ -50.82157, 1.8108 ], [ -50.81539, 1.81275 ], [ -50.80997, 1.806 ], [ -50.80788, 1.80786 ], [ -50.80426, 1.79997 ], [ -50.80873, 1.78771 ], [ -50.81268, 1.78904 ], [ -50.81444, 1.78401 ], [ -50.80872, 1.78169 ], [ -50.80342, 1.78811 ], [ -50.79802, 1.78638 ], [ -50.79085, 1.79628 ], [ -50.77948, 1.79027 ], [ -50.78418, 1.80386 ], [ -50.78301, 1.81092 ], [ -50.7766, 1.81882 ], [ -50.77072, 1.81804 ], [ -50.76967, 1.82529 ], [ -50.77464, 1.83875 ], [ -50.76342, 1.83466 ], [ -50.75981, 1.82553 ], [ -50.74408, 1.82958 ], [ -50.72261, 1.81446 ], [ -50.71122, 1.81606 ], [ -50.7025, 1.82649 ], [ -50.69275, 1.83011 ], [ -50.64067, 1.82951 ], [ -50.64234, 1.82248 ], [ -50.63576, 1.81215 ], [ -50.63286, 1.79424 ], [ -50.61398, 1.76259 ], [ -50.61595, 1.74122 ], [ -50.60981, 1.73527 ], [ -50.59937, 1.74059 ], [ -50.598, 1.73272 ], [ -50.58453, 1.73231 ], [ -50.56748, 1.71099 ], [ -50.58513, 1.73321 ], [ -50.58357, 1.74011 ], [ -50.57766, 1.73988 ], [ -50.57205, 1.74445 ], [ -50.57199, 1.75359 ], [ -50.56389, 1.7651 ], [ -50.56578, 1.78201 ], [ -50.57131, 1.7876 ], [ -50.56451, 1.80255 ], [ -50.56968, 1.8149 ], [ -50.56841, 1.82172 ], [ -50.55777, 1.83131 ], [ -50.54779, 1.82843 ], [ -50.54379, 1.83437 ], [ -50.53084, 1.83539 ], [ -50.52734, 1.8377 ], [ -50.52779, 1.84329 ], [ -50.52279, 1.85245 ], [ -50.50698, 1.85939 ], [ -50.50814, 1.88697 ], [ -50.47496, 1.8386 ], [ -50.4487, 1.81786 ], [ -50.43095, 1.81064 ], [ -50.42373, 1.80446 ], [ -50.40046, 1.80027 ], [ -50.37355, 1.80112 ], [ -50.32461, 1.81538 ], [ -50.28969, 1.80787 ], [ -50.26432, 1.81252 ], [ -50.23381, 1.80879 ], [ -50.16576, 1.81303 ], [ -50.13222, 1.79649 ], [ -50.0805, 1.77894 ], [ -50.01902, 1.75311 ], [ -50.00005, 1.74125 ], [ -50.00044, 1.63133 ], [ -49.90754, 1.63157 ], [ -49.9003, 1.60233 ], [ -49.90294, 1.57993 ], [ -49.89357, 1.54132 ], [ -49.89447, 1.53334 ], [ -49.89056, 1.52951 ], [ -49.8817, 1.50005 ], [ -49.87568, 1.4305 ], [ -49.87852, 1.38958 ], [ -49.8832, 1.38209 ], [ -49.88049, 1.36961 ], [ -49.88364, 1.33998 ], [ -49.90427, 1.29559 ], [ -49.90163, 1.24029 ], [ -49.98788, 1.22183 ], [ -50.04183, 1.21423 ], [ -50.0673, 1.21626 ], [ -50.07062, 1.19707 ], [ -50.09195, 1.1574 ], [ -50.10021, 1.15327 ] ], [ [ -50.55361, 1.62706 ], [ -50.54767, 1.61828 ], [ -50.55341, 1.62832 ], [ -50.55361, 1.62706 ] ], [ [ -50.539, 1.59221 ], [ -50.54279, 1.59967 ], [ -50.54897, 1.60635 ], [ -50.539, 1.59221 ] ], [ [ -50.54322, 1.56861 ], [ -50.54288, 1.5675 ], [ -50.53898, 1.58253 ], [ -50.539, 1.59221 ], [ -50.54322, 1.56861 ] ], [ [ -50.52856, 1.51402 ], [ -50.52901, 1.51294 ], [ -50.52797, 1.51348 ], [ -50.52856, 1.51402 ] ], [ [ -50.39618, 1.1913 ], [ -50.38617, 1.18739 ], [ -50.393, 1.19177 ], [ -50.39618, 1.1913 ] ], [ [ -50.3826, 1.1851 ], [ -50.3643, 1.16735 ], [ -50.37975, 1.18328 ], [ -50.3826, 1.1851 ] ], [ [ -50.3094, 1.17541 ], [ -50.30827, 1.17573 ], [ -50.30019, 1.19046 ], [ -50.3094, 1.17541 ] ], [ [ -50.29381, 1.24452 ], [ -50.29852, 1.25297 ], [ -50.2971, 1.24916 ], [ -50.29381, 1.24452 ] ], [ [ -50.30351, 1.26631 ], [ -50.30574, 1.27408 ], [ -50.30589, 1.27268 ], [ -50.30351, 1.26631 ] ], [ [ -50.30522, 1.279 ], [ -50.29686, 1.29906 ], [ -50.3047, 1.28385 ], [ -50.30522, 1.279 ] ], [ [ -50.28021, 1.3157 ], [ -50.27531, 1.31874 ], [ -50.27784, 1.31807 ], [ -50.28021, 1.3157 ] ], [ [ -50.21884, 1.3337 ], [ -50.16756, 1.32757 ], [ -50.21415, 1.33494 ], [ -50.21884, 1.3337 ] ], [ [ -50.14062, 1.33203 ], [ -50.14284, 1.3328 ], [ -50.16756, 1.32757 ], [ -50.14062, 1.33203 ] ], [ [ -50.12396, 1.31155 ], [ -50.12357, 1.30344 ], [ -50.12335, 1.31023 ], [ -50.12396, 1.31155 ] ], [ [ -50.13547, 1.26223 ], [ -50.14593, 1.23537 ], [ -50.14579, 1.23306 ], [ -50.13547, 1.26223 ] ], [ [ -50.14538, 1.22674 ], [ -50.14498, 1.2204 ], [ -50.1407, 1.21233 ], [ -50.14538, 1.22674 ] ], [ [ -50.13476, 1.20662 ], [ -50.13147, 1.20603 ], [ -50.1407, 1.21233 ], [ -50.13476, 1.20662 ] ], [ [ -50.12685, 1.2052 ], [ -50.12026, 1.20401 ], [ -50.11532, 1.2052 ], [ -50.12685, 1.2052 ] ], [ [ -50.09264, 1.21064 ], [ -50.06879, 1.21638 ], [ -50.07036, 1.2165 ], [ -50.09264, 1.21064 ] ], [ [ -50.7862, 1.73838 ], [ -50.78113, 1.74116 ], [ -50.78689, 1.73876 ], [ -50.78711, 1.74348 ], [ -50.78274, 1.74522 ], [ -50.78543, 1.75198 ], [ -50.7956, 1.74194 ], [ -50.7862, 1.73838 ] ] ] } },
{ "type": "Feature", "properties": { "cluster": 313.0, "hvi": 0.1315, "population": 1114, "setores": 1, "municipio": "Pracuúba" }, "geometry": { "type": "Polygon", "coordinates": [ [ [ -50.78191, 1.74555 ], [ -50.78711, 1.74348 ], [ -50.78699, 1.73886 ], [ -50.7956, 1.74194 ], [ -50.78543, 1.75198 ], [ -50.78191, 1.74555 ] ] ] } },
{ "type": "Feature", "properties": { "cluster": 314.0, "hvi": 0.1131, "population": 2839, "setores": 4, "municipio": "Santana" }, "geometry": { "type": "MultiPolygon", "coordinates": [ [ [ [ -51.17104, -0.03981 ], [ -51.17478, -0.03953 ], [ -51.17461, -0.03711 ], [ -51.17085, -0.03738 ], [ -51.17104, -0.03981 ] ] ], [ [ [ -51.16858, -0.03265 ], [ -51.169, -0.03751 ], [ -51.17022, -0.03557 ], [ -51.1718, -0.03731 ], [ -51.17143, -0.03244 ], [ -51.17018, -0.03438 ], [ -51.16858, -0.03265 ] ] ], [ [ [ -51.16964, -0.0324 ], [ -51.16839, -0.02944 ], [ -51.16588, -0.03053 ], [ -51.16739, -0.03229 ], [ -51.16964, -0.0324 ] ] ] ] } },
{ "type": "Feature", "properties": { "cluster": 315.0, "hvi": 0.0881, "population": 2954, "setores": 9, "municipio": "Santana" }, "geometry": { "type": "MultiPolygon", "coordinates": [ [ [ [ -51.17355, -0.04834 ], [ -51.17279, -0.05052 ], [ -51.17371, -0.05047 ], [ -51.17355, -0.04834 ] ] ], [ [ [ -51.17547, -0.04872 ], [ -51.17603, -0.04964 ], [ -51.17543, -0.04818 ], [ -51.17371, -0.05047 ], [ -51.1756, -0.05035 ], [ -51.17547, -0.04872 ] ] ], [ [ [ -51.17243, -0.04597 ], [ -51.17088, -0.0506 ], [ -51.17279, -0.05052 ], [ -51.17243, -0.04597 ] ] ], [ [ [ -51.17543, -0.04818 ], [ -51.17243, -0.04597 ], [ -51.17264, -0.04841 ], [ -51.17543, -0.04818 ] ] ], [ [ [ -51.17507, -0.04331 ], [ -51.17602, -0.04324 ], [ -51.17587, -0.04135 ], [ -51.17131, -0.04359 ], [ -51.17506, -0.04331 ], [ -51.17339, -0.0459 ], [ -51.17528, -0.04575 ], [ -51.17507, -0.04331 ] ] ], [ [ [ -51.17602, -0.04324 ], [ -51.17528, -0.04575 ], [ -51.17621, -0.04567 ], [ -51.17602, -0.04324 ] ] ], [ [ [ -51.17104, -0.03981 ], [ -51.17118, -0.0417 ], [ -51.17587, -0.04135 ], [ -51.17104, -0.03981 ] ] ] ] } },
{ "type": "Feature", "properties": { "cluster": 316.0, "hvi": 0.0977, "population": 2975, "setores": 6, "municipio": "Santana" }, "geometry": { "type": "MultiPolygon", "coordinates": [ [ [ [ -51.17714, -0.04559 ], [ -51.17624, -0.04566 ], [ -51.17912, -0.04542 ], [ -51.17894, -0.04304 ], [ -51.17528, -0.04575 ], [ -51.17655, -0.05028 ], [ -51.17714, -0.04559 ] ] ], [ [ [ -51.17894, -0.04304 ], [ -51.17866, -0.03924 ], [ -51.17574, -0.03945 ], [ -51.17602, -0.04324 ], [ -51.17894, -0.04304 ] ] ], [ [ [ -51.17866, -0.03924 ], [ -51.17989, -0.03421 ], [ -51.17726, -0.03445 ], [ -51.17759, -0.03931 ], [ -51.17866, -0.03924 ] ] ], [ [ [ -51.17726, -0.03445 ], [ -51.17423, -0.03225 ], [ -51.17348, -0.03466 ], [ -51.17443, -0.03464 ], [ -51.17726, -0.03445 ] ] ] ] } },
{ "type": "Feature", "properties": { "cluster": 317.0, "hvi": 0.1218, "population": 1936, "setores": 2, "municipio": "Santana" }, "geometry": { "type": "Polygon", "coordinates": [ [ [ -51.1746, -0.0371 ], [ -51.17143, -0.03244 ], [ -51.1718, -0.03731 ], [ -51.1746, -0.03711 ], [ -51.17478, -0.03953 ], [ -51.17759, -0.03931 ], [ -51.17744, -0.03687 ], [ -51.17443, -0.03464 ], [ -51.1746, -0.0371 ] ] ] } },
{ "type": "Feature", "properties": { "cluster": 318.0, "hvi": 0.0966, "population": 2799, "setores": 6, "municipio": "Santana" }, "geometry": { "type": "MultiPolygon", "coordinates": [ [ [ [ -51.17131, -0.04359 ], [ -51.17085, -0.03738 ], [ -51.16847, -0.0438 ], [ -51.17131, -0.04359 ] ] ], [ [ [ -51.16589, -0.03408 ], [ -51.15541, -0.03447 ], [ -51.16683, -0.0352 ], [ -51.16725, -0.0401 ], [ -51.1682, -0.04003 ], [ -51.16676, -0.0334 ], [ -51.16651, -0.03091 ], [ -51.16458, -0.03003 ], [ -51.16589, -0.03408 ] ], [ [ -51.16648, -0.03362 ], [ -51.16672, -0.0339 ], [ -51.16679, -0.03474 ], [ -51.16648, -0.03362 ] ] ], [ [ [ -51.16763, -0.03219 ], [ -51.16765, -0.03255 ], [ -51.16956, -0.0325 ], [ -51.16763, -0.03219 ] ] ], [ [ [ -51.16668, -0.0324 ], [ -51.1673, -0.03128 ], [ -51.16651, -0.03091 ], [ -51.16668, -0.0324 ] ] ] ] } },
{ "type": "Feature", "properties": { "cluster": 319.0, "hvi": 0.1426, "population": 1353, "setores": 1, "municipio": "Santana" }, "geometry": { "type": "Polygon", "coordinates": [ [ [ -51.16598, -0.03527 ], [ -51.16616, -0.03772 ], [ -51.16192, -0.04053 ], [ -51.16725, -0.0401 ], [ -51.16598, -0.03527 ] ] ] } },
{ "type": "Feature", "properties": { "cluster": 320.0, "hvi": 0.0943, "population": 2486, "setores": 6, "municipio": "Santana" }, "geometry": { "type": "MultiPolygon", "coordinates": [ [ [ [ -51.16222, -0.0443 ], [ -51.1601, -0.04447 ], [ -51.16174, -0.04591 ], [ -51.16357, -0.0442 ], [ -51.16222, -0.0443 ] ] ], [ [ [ -51.16207, -0.0424 ], [ -51.15977, -0.04265 ], [ -51.16222, -0.0443 ], [ -51.16207, -0.0424 ] ] ], [ [ [ -51.1636, -0.03918 ], [ -51.16367, -0.03552 ], [ -51.16176, -0.03817 ], [ -51.16049, -0.03488 ], [ -51.15541, -0.03447 ], [ -51.15413, -0.03929 ], [ -51.15255, -0.04055 ], [ -51.16024, -0.04254 ], [ -51.16207, -0.0424 ], [ -51.16178, -0.0392 ], [ -51.1636, -0.03918 ] ], [ [ -51.15995, -0.03923 ], [ -51.16173, -0.0392 ], [ -51.16024, -0.04254 ], [ -51.15995, -0.03923 ] ] ], [ [ [ -51.1641, -0.03841 ], [ -51.16616, -0.03772 ], [ -51.16598, -0.03527 ], [ -51.1641, -0.03841 ] ] ] ] } },
{ "type": "Feature", "properties": { "cluster": 321.0, "hvi": 0.1098, "population": 2960, "setores": 4, "municipio": "Santana" }, "geometry": { "type": "MultiPolygon", "coordinates": [ [ [ [ -51.16213, -0.04776 ], [ -51.16677, -0.04639 ], [ -51.16358, -0.0442 ], [ -51.16213, -0.04776 ] ] ], [ [ [ -51.16222, -0.04431 ], [ -51.16847, -0.0438 ], [ -51.1682, -0.04003 ], [ -51.16192, -0.04053 ], [ -51.16222, -0.04431 ] ] ], [ [ [ -51.16916, -0.03996 ], [ -51.16858, -0.03265 ], [ -51.1682, -0.04003 ], [ -51.16916, -0.03996 ] ] ] ] } },
{ "type": "Feature", "properties": { "cluster": 322.0, "hvi": 0.1111, "population": 2078, "setores": 3, "municipio": "Santana" }, "geometry": { "type": "MultiPolygon", "coordinates": [ [ [ [ -51.15149, -0.04654 ], [ -51.15353, -0.04401 ], [ -51.15076, -0.04331 ], [ -51.15149, -0.04654 ] ] ], [ [ [ -51.15695, -0.0429 ], [ -51.15627, -0.04231 ], [ -51.15953, -0.04269 ], [ -51.15941, -0.04081 ], [ -51.15354, -0.042 ], [ -51.1551, -0.04218 ], [ -51.15353, -0.04401 ], [ -51.15695, -0.0429 ] ] ] ] } },
{ "type": "Feature", "properties": { "cluster": 323.0, "hvi": 0.1549, "population": 2264, "setores": 2, "municipio": "Santana" }, "geometry": { "type": "Polygon", "coordinates": [ [ [ -51.16043, -0.05302 ], [ -51.16238, -0.0502 ], [ -51.16337, -0.05199 ], [ -51.16399, -0.04811 ], [ -51.16145, -0.04853 ], [ -51.16198, -0.04948 ], [ -51.16139, -0.04925 ], [ -51.16043, -0.05302 ] ] ] } },
{ "type": "Feature", "properties": { "cluster": 324.0, "hvi": 0.1079, "population": 2174, "setores": 3, "municipio": "Santana" }, "geometry": { "type": "MultiPolygon", "coordinates": [ [ [ [ -51.16163, -0.06174 ], [ -51.16289, -0.06212 ], [ -51.16333, -0.05457 ], [ -51.16163, -0.06174 ] ] ], [ [ [ -51.16429, -0.05148 ], [ -51.16233, -0.0544 ], [ -51.16451, -0.05447 ], [ -51.16333, -0.05457 ], [ -51.16339, -0.05785 ], [ -51.1654, -0.05781 ], [ -51.16604, -0.05434 ], [ -51.16466, -0.05446 ], [ -51.16429, -0.05148 ] ] ] ] } },
{ "type": "Feature", "properties": { "cluster": 325.0, "hvi": 0.0983, "population": 2620, "setores": 6, "municipio": "Santana" }, "geometry": { "type": "MultiPolygon", "coordinates": [ [ [ [ -51.16257, -0.05787 ], [ -51.16536, -0.05931 ], [ -51.1654, -0.05781 ], [ -51.16257, -0.05787 ] ] ], [ [ [ -51.16536, -0.05931 ], [ -51.1633, -0.06229 ], [ -51.16743, -0.06181 ], [ -51.17443, -0.05774 ], [ -51.17409, -0.05365 ], [ -51.16732, -0.05423 ], [ -51.16713, -0.05127 ], [ -51.1643, -0.0516 ], [ -51.16466, -0.05447 ], [ -51.16604, -0.05435 ], [ -51.16536, -0.05931 ] ], [ [ -51.16604, -0.05435 ], [ -51.16678, -0.05428 ], [ -51.16743, -0.0618 ], [ -51.16604, -0.05435 ] ] ], [ [ [ -51.17088, -0.0506 ], [ -51.1701, -0.05057 ], [ -51.17019, -0.05243 ], [ -51.17088, -0.0506 ] ] ], [ [ [ -51.1698, -0.04863 ], [ -51.16732, -0.05423 ], [ -51.17385, -0.05366 ], [ -51.17019, -0.05243 ], [ -51.1698, -0.04863 ] ] ] ] } },
{ "type": "Feature", "properties": { "cluster": 326.0, "hvi": 0.102, "population": 2868, "setores": 5, "municipio": "Santana" }, "geometry": { "type": "MultiPolygon", "coordinates": [ [ [ [ -51.15317, -0.04686 ], [ -51.15219, -0.04729 ], [ -51.15339, -0.05178 ], [ -51.1483, -0.04935 ], [ -51.14832, -0.05498 ], [ -51.15932, -0.061 ], [ -51.15747, -0.05377 ], [ -51.16057, -0.0532 ], [ -51.15723, -0.04979 ], [ -51.15317, -0.04686 ] ], [ [ -51.1542, -0.05086 ], [ -51.15723, -0.04979 ], [ -51.15544, -0.054 ], [ -51.15439, -0.05412 ], [ -51.1542, -0.05086 ] ] ], [ [ [ -51.15897, -0.04677 ], [ -51.15553, -0.04813 ], [ -51.15657, -0.04914 ], [ -51.15897, -0.04677 ] ] ] ] } },
{ "type": "Feature", "properties": { "cluster": 327.0, "hvi": 0.1241, "population": 1994, "setores": 2, "municipio": "Santana" }, "geometry": { "type": "MultiPolygon", "coordinates": [ [ [ [ -51.15932, -0.061 ], [ -51.16163, -0.06174 ], [ -51.1622, -0.05436 ], [ -51.15782, -0.05373 ], [ -51.15932, -0.061 ] ] ], [ [ [ -51.16233, -0.0544 ], [ -51.16268, -0.04976 ], [ -51.16194, -0.05135 ], [ -51.16233, -0.0544 ] ] ] ] } },
{ "type": "Feature", "properties": { "cluster": 328.0, "hvi": 0.106, "population": 2887, "setores": 5, "municipio": "Santana" }, "geometry": { "type": "MultiPolygon", "coordinates": [ [ [ [ -51.16842, -0.0504 ], [ -51.16991, -0.05024 ], [ -51.1698, -0.04863 ], [ -51.17074, -0.04855 ], [ -51.17056, -0.04612 ], [ -51.17339, -0.0459 ], [ -51.17319, -0.04345 ], [ -51.16753, -0.04387 ], [ -51.16758, -0.04448 ], [ -51.16658, -0.04394 ], [ -51.16677, -0.04639 ], [ -51.1634, -0.04663 ], [ -51.16696, -0.04886 ], [ -51.16811, -0.04876 ], [ -51.16717, -0.05185 ], [ -51.16867, -0.05178 ], [ -51.16842, -0.0504 ] ], [ [ -51.16979, -0.04863 ], [ -51.16838, -0.05021 ], [ -51.16811, -0.04876 ], [ -51.16979, -0.04863 ] ] ] ] } },
{ "type": "Feature", "properties": { "cluster": 329.0, "hvi": 0.1114, "population": 430, "setores": 1, "municipio": "Santana" }, "geometry": { "type": "Polygon", "coordinates": [ [ [ -51.17652, -0.05479 ], [ -51.17622, -0.0559 ], [ -51.17708, -0.05574 ], [ -51.17652, -0.05479 ] ] ] } },
{ "type": "Feature", "properties": { "cluster": 330.0, "hvi": 0.1042, "population": 2174, "setores": 4, "municipio": "Santana" }, "geometry": { "type": "MultiPolygon", "coordinates": [ [ [ [ -51.18011, -0.05748 ], [ -51.17968, -0.05299 ], [ -51.17861, -0.05751 ], [ -51.18011, -0.05748 ] ] ], [ [ [ -51.17563, -0.05447 ], [ -51.17582, -0.05348 ], [ -51.17505, -0.0544 ], [ -51.17563, -0.05447 ] ] ], [ [ [ -51.17769, -0.05332 ], [ -51.17733, -0.04806 ], [ -51.17582, -0.05348 ], [ -51.17769, -0.05332 ] ] ], [ [ [ -51.17958, -0.05315 ], [ -51.17912, -0.04542 ], [ -51.17769, -0.05332 ], [ -51.17958, -0.05315 ] ] ] ] } },
{ "type": "Feature", "properties": { "cluster": 331.0, "hvi": 0.1192, "population": 2557, "setores": 3, "municipio": "Santana" }, "geometry": { "type": "MultiPolygon", "coordinates": [ [ [ [ -51.17128, -0.03046 ], [ -51.17315, -0.03033 ], [ -51.17366, -0.02413 ], [ -51.17099, -0.02677 ], [ -51.17128, -0.03046 ] ] ], [ [ [ -51.16553, -0.02597 ], [ -51.16761, -0.02581 ], [ -51.1652, -0.02335 ], [ -51.16553, -0.02597 ] ] ] ] } },
{ "type": "Feature", "properties": { "cluster": 332.0, "hvi": 0.1156, "population": 2288, "setores": 3, "municipio": "Santana" }, "geometry": { "type": "MultiPolygon", "coordinates": [ [ [ [ -51.16335, -0.03124 ], [ -51.16469, -0.03164 ], [ -51.16141, -0.02657 ], [ -51.1616, -0.0328 ], [ -51.16589, -0.03408 ], [ -51.16335, -0.03124 ] ] ], [ [ [ -51.16818, -0.02698 ], [ -51.16354, -0.0273 ], [ -51.16572, -0.03054 ], [ -51.16839, -0.02944 ], [ -51.16818, -0.02698 ] ] ] ] } },
{ "type": "Feature", "properties": { "cluster": 333.0, "hvi": 0.1021, "population": 2940, "setores": 5, "municipio": "Santana" }, "geometry": { "type": "MultiPolygon", "coordinates": [ [ [ [ -51.17048, -0.03243 ], [ -51.17043, -0.03183 ], [ -51.17139, -0.03241 ], [ -51.17119, -0.02923 ], [ -51.16848, -0.03065 ], [ -51.16996, -0.03154 ], [ -51.16964, -0.0324 ], [ -51.17048, -0.03243 ] ] ], [ [ [ -51.17423, -0.03225 ], [ -51.17401, -0.02904 ], [ -51.17143, -0.03244 ], [ -51.17423, -0.03225 ] ] ], [ [ [ -51.17099, -0.02677 ], [ -51.16839, -0.02944 ], [ -51.17119, -0.02923 ], [ -51.17099, -0.02677 ] ] ], [ [ [ -51.16354, -0.0273 ], [ -51.16902, -0.02571 ], [ -51.16185, -0.02478 ], [ -51.16354, -0.0273 ] ] ] ] } },
{ "type": "Feature", "properties": { "cluster": 334.0, "hvi": 0.1277, "population": 1113, "setores": 1, "municipio": "Santana" }, "geometry": { "type": "Polygon", "coordinates": [ [ [ -51.17571, -0.02642 ], [ -51.17423, -0.03225 ], [ -51.17612, -0.03211 ], [ -51.17571, -0.02642 ] ] ] } },
{ "type": "Feature", "properties": { "cluster": 335.0, "hvi": 0.1355, "population": 1181, "setores": 1, "municipio": "Santana" }, "geometry": { "type": "Polygon", "coordinates": [ [ [ -51.17334, -0.02044 ], [ -51.17051, -0.02064 ], [ -51.1708, -0.02429 ], [ -51.17366, -0.02413 ], [ -51.17334, -0.02044 ] ] ] } },
{ "type": "Feature", "properties": { "cluster": 336.0, "hvi": 0.1079, "population": 2825, "setores": 4, "municipio": "Santana" }, "geometry": { "type": "MultiPolygon", "coordinates": [ [ [ [ -51.17946, -0.02986 ], [ -51.17917, -0.02616 ], [ -51.17998, -0.02979 ], [ -51.17954, -0.02373 ], [ -51.17571, -0.02642 ], [ -51.17598, -0.03011 ], [ -51.17946, -0.02986 ] ] ], [ [ [ -51.17571, -0.02642 ], [ -51.17648, -0.0239 ], [ -51.17381, -0.02655 ], [ -51.17571, -0.02642 ] ] ], [ [ [ -51.17648, -0.0239 ], [ -51.17627, -0.02145 ], [ -51.17366, -0.02413 ], [ -51.17648, -0.0239 ] ] ] ] } },
{ "type": "Feature", "properties": { "cluster": 337.0, "hvi": 0.1208, "population": 2474, "setores": 3, "municipio": "Santana" }, "geometry": { "type": "MultiPolygon", "coordinates": [ [ [ [ -51.17322, -0.01807 ], [ -51.17861, -0.0188 ], [ -51.17848, -0.01709 ], [ -51.17322, -0.01807 ] ] ], [ [ [ -51.17403, -0.00993 ], [ -51.17137, -0.01108 ], [ -51.17213, -0.01757 ], [ -51.17329, -0.01681 ], [ -51.17496, -0.01739 ], [ -51.17488, -0.01389 ], [ -51.17402, -0.01548 ], [ -51.17403, -0.00993 ] ] ] ] } },
{ "type": "Feature", "properties": { "cluster": 338.0, "hvi": 0.1057, "population": 2595, "setores": 4, "municipio": "Santana" }, "geometry": { "type": "MultiPolygon", "coordinates": [ [ [ [ -51.15553, -0.04813 ], [ -51.1581, -0.04572 ], [ -51.15464, -0.04729 ], [ -51.15553, -0.04813 ] ] ], [ [ [ -51.15468, -0.04724 ], [ -51.15638, -0.04532 ], [ -51.15373, -0.04623 ], [ -51.15468, -0.04724 ] ] ], [ [ [ -51.15596, -0.04482 ], [ -51.15773, -0.0451 ], [ -51.15789, -0.04465 ], [ -51.15596, -0.04482 ] ] ], [ [ [ -51.15353, -0.04401 ], [ -51.1601, -0.04447 ], [ -51.15446, -0.04312 ], [ -51.15353, -0.04401 ] ] ] ] } },
{ "type": "Feature", "properties": { "cluster": 339.0, "hvi": 0.0974, "population": 783, "setores": 2, "municipio": "Santana" }, "geometry": { "type": "MultiPolygon", "coordinates": [ [ [ [ -51.1607, -0.0373 ], [ -51.16244, -0.03816 ], [ -51.16292, -0.03661 ], [ -51.1607, -0.0373 ] ] ], [ [ [ -51.16049, -0.03488 ], [ -51.16059, -0.03581 ], [ -51.16287, -0.03558 ], [ -51.16049, -0.03488 ] ] ] ] } },
{ "type": "Feature", "properties": { "cluster": 340.0, "hvi": 0.1421, "population": 1654, "setores": 2, "municipio": "Santana" }, "geometry": { "type": "MultiPolygon", "coordinates": [ [ [ [ -51.16409, -0.0492 ], [ -51.1643, -0.0516 ], [ -51.16697, -0.05149 ], [ -51.16696, -0.04886 ], [ -51.16409, -0.0492 ] ] ], [ [ [ -51.16409, -0.0492 ], [ -51.16661, -0.04887 ], [ -51.16644, -0.04722 ], [ -51.16409, -0.0492 ] ] ] ] } },
{ "type": "Feature", "properties": { "cluster": 341.0, "hvi": 0.1066, "population": 2676, "setores": 4, "municipio": "Santana" }, "geometry": { "type": "Polygon", "coordinates": [ [ [ -51.159, -0.05157 ], [ -51.16176, -0.04908 ], [ -51.16199, -0.04568 ], [ -51.16109, -0.04656 ], [ -51.16174, -0.04591 ], [ -51.15789, -0.04465 ], [ -51.15839, -0.04842 ], [ -51.15822, -0.04891 ], [ -51.15751, -0.04817 ], [ -51.15753, -0.05008 ], [ -51.159, -0.05157 ] ], [ [ -51.15848, -0.04914 ], [ -51.15823, -0.04891 ], [ -51.15842, -0.04865 ], [ -51.15848, -0.04914 ] ] ] } },
{ "type": "Feature", "properties": { "cluster": 342.0, "hvi": 0.0979, "population": 2974, "setores": 7, "municipio": "Santana" }, "geometry": { "type": "MultiPolygon", "coordinates": [ [ [ [ -51.17579, -0.05738 ], [ -51.17619, -0.05591 ], [ -51.17443, -0.05774 ], [ -51.17579, -0.05738 ] ] ], [ [ [ -51.17678, -0.05585 ], [ -51.17594, -0.05712 ], [ -51.17707, -0.0574 ], [ -51.17678, -0.05585 ] ] ], [ [ [ -51.17831, -0.0556 ], [ -51.17707, -0.0574 ], [ -51.17861, -0.05751 ], [ -51.17831, -0.0556 ] ] ], [ [ [ -51.17505, -0.0544 ], [ -51.17428, -0.05602 ], [ -51.17622, -0.0559 ], [ -51.17505, -0.0544 ] ] ], [ [ [ -51.17804, -0.05397 ], [ -51.177, -0.05574 ], [ -51.17831, -0.0556 ], [ -51.17804, -0.05397 ] ] ], [ [ [ -51.178, -0.054 ], [ -51.17582, -0.05348 ], [ -51.17558, -0.05479 ], [ -51.178, -0.054 ] ] ], [ [ [ -51.17475, -0.05197 ], [ -51.17385, -0.05366 ], [ -51.17442, -0.0536 ], [ -51.17475, -0.05197 ] ] ] ] } },
{ "type": "Feature", "properties": { "cluster": 343.0, "hvi": 0.1225, "population": 2942, "setores": 3, "municipio": "Santana" }, "geometry": { "type": "MultiPolygon", "coordinates": [ [ [ [ -51.14832, -0.05498 ], [ -51.14802, -0.04934 ], [ -51.15468, -0.04724 ], [ -51.15501, -0.04485 ], [ -51.15076, -0.04331 ], [ -51.14708, -0.04473 ], [ -51.14708, -0.04927 ], [ -51.14503, -0.04913 ], [ -51.14832, -0.05498 ] ] ], [ [ [ -51.14567, -0.05431 ], [ -51.14503, -0.04913 ], [ -51.13854, -0.04914 ], [ -51.14088, -0.05385 ], [ -51.14567, -0.05431 ] ] ] ] } },
{ "type": "Feature", "properties": { "cluster": 344.0, "hvi": 0.1385, "population": 2063, "setores": 2, "municipio": "Santana" }, "geometry": { "type": "Polygon", "coordinates": [ [ [ -51.18643, -0.05469 ], [ -51.19318, -0.05437 ], [ -51.19371, -0.05138 ], [ -51.18973, -0.05015 ], [ -51.18643, -0.05469 ] ] ] } },
{ "type": "Feature", "properties": { "cluster": 345.0, "hvi": 0.0843, "population": 2539, "setores": 12, "municipio": "Macapá" }, "geometry": { "type": "MultiPolygon", "coordinates": [ [ [ [ -51.15613, -0.03304 ], [ -51.1616, -0.0328 ], [ -51.16312, -0.02659 ], [ -51.15904, -0.02057 ], [ -51.17274, -0.00519 ], [ -51.17095, -0.00345 ], [ -51.17467, 0.0 ], [ -51.16135, 0.0 ], [ -51.12705, 0.0 ], [ -51.11824, 0.0 ], [ -51.10923, 0.0 ], [ -51.10525, 0.0 ], [ -51.10627, -0.00663 ], [ -51.10156, -0.00649 ], [ -51.09981, -0.00745 ], [ -51.09978, -0.01336 ], [ -51.10403, -0.01107 ], [ -51.10634, -0.00704 ], [ -51.10654, -0.00837 ], [ -51.104, -0.01252 ], [ -51.11216, -0.01577 ], [ -51.11378, -0.01353 ], [ -51.11889, -0.01783 ], [ -51.13025, -0.0104 ], [ -51.12378, -0.01812 ], [ -51.13411, -0.02263 ], [ -51.13466, -0.02732 ], [ -51.13816, -0.02666 ], [ -51.14481, -0.03353 ], [ -51.14708, -0.04473 ], [ -51.15353, -0.04346 ], [ -51.15613, -0.03304 ] ] ], [ [ [ -51.1625, -0.02527 ], [ -51.16425, -0.01697 ], [ -51.17156, -0.01584 ], [ -51.17303, -0.00935 ], [ -51.17059, -0.00766 ], [ -51.15904, -0.02057 ], [ -51.1625, -0.02527 ] ] ], [ [ [ -51.12441, 0.01924 ], [ -51.12603, 0.01814 ], [ -51.12219, 0.01636 ], [ -51.1266, 0.02299 ], [ -51.11814, 0.02715 ], [ -51.11294, 0.02606 ], [ -51.10874, 0.01983 ], [ -51.10339, 0.00733 ], [ -51.10417, 0.00103 ], [ -51.10923, 0.0 ], [ -51.11824, 0.00002 ], [ -51.11824, 0.0 ], [ -51.12718, 0.00106 ], [ -51.12594, 0.00668 ], [ -51.12112, 0.00903 ], [ -51.12883, 0.00989 ], [ -51.12617, 0.01805 ], [ -51.13, 0.01709 ], [ -51.12762, 0.02001 ], [ -51.12441, 0.01924 ] ] ] ] } },
{ "type": "Feature", "properties": { "cluster": 346.0, "hvi": 0.0966, "population": 2970, "setores": 6, "municipio": "Santana" }, "geometry": { "type": "MultiPolygon", "coordinates": [ [ [ [ -51.18927, -0.03828 ], [ -51.18926, -0.03647 ], [ -51.18481, -0.03658 ], [ -51.187, -0.0367 ], [ -51.18927, -0.03828 ] ] ], [ [ [ -51.1863, -0.03192 ], [ -51.18481, -0.03646 ], [ -51.19118, -0.03647 ], [ -51.18942, -0.03211 ], [ -51.19539, -0.02996 ], [ -51.19473, -0.02861 ], [ -51.18736, -0.02554 ], [ -51.18739, -0.02999 ], [ -51.18502, -0.03001 ], [ -51.1874, -0.03197 ], [ -51.1863, -0.03192 ] ] ], [ [ [ -51.19548, -0.0354 ], [ -51.19717, -0.0317 ], [ -51.19011, -0.03357 ], [ -51.19139, -0.03572 ], [ -51.19548, -0.0354 ] ] ] ] } },
{ "type": "Feature", "properties": { "cluster": 347.0, "hvi": 0.1203, "population": 1836, "setores": 4, "municipio": "Santana" }, "geometry": { "type": "MultiPolygon", "coordinates": [ [ [ [ -51.17442, -0.0536 ], [ -51.17582, -0.05348 ], [ -51.17438, -0.05283 ], [ -51.17442, -0.0536 ] ] ], [ [ [ -51.17381, -0.05256 ], [ -51.17189, -0.05178 ], [ -51.17297, -0.05294 ], [ -51.17381, -0.05256 ] ] ], [ [ [ -51.17371, -0.05047 ], [ -51.17088, -0.0506 ], [ -51.17381, -0.05256 ], [ -51.17371, -0.05047 ] ] ], [ [ [ -51.17576, -0.05258 ], [ -51.1756, -0.05035 ], [ -51.17382, -0.05263 ], [ -51.17576, -0.05258 ] ] ] ] } },
{ "type": "Feature", "properties": { "cluster": 348.0, "hvi": 0.0888, "population": 2903, "setores": 9, "municipio": "Santana" }, "geometry": { "type": "MultiPolygon", "coordinates": [ [ [ [ -51.17726, -0.03445 ], [ -51.17554, -0.03704 ], [ -51.17744, -0.03687 ], [ -51.17726, -0.03445 ] ] ], [ [ [ -51.18013, -0.03169 ], [ -51.17707, -0.03204 ], [ -51.17989, -0.03421 ], [ -51.18012, -0.03735 ], [ -51.18013, -0.03169 ] ] ], [ [ [ -51.18031, -0.02977 ], [ -51.18031, -0.03423 ], [ -51.18052, -0.03706 ], [ -51.18031, -0.02977 ] ] ], [ [ [ -51.18156, -0.03307 ], [ -51.1816, -0.03411 ], [ -51.18569, -0.03366 ], [ -51.18502, -0.03001 ], [ -51.18144, -0.03 ], [ -51.18151, -0.03178 ], [ -51.18031, -0.02977 ], [ -51.18076, -0.03688 ], [ -51.18156, -0.03307 ] ] ], [ [ [ -51.18013, -0.03169 ], [ -51.17598, -0.03011 ], [ -51.17612, -0.03211 ], [ -51.18013, -0.03169 ] ] ], [ [ [ -51.17999, -0.02429 ], [ -51.17998, -0.02979 ], [ -51.18031, -0.02977 ], [ -51.17999, -0.02429 ] ] ], [ [ [ -51.18031, -0.02977 ], [ -51.18139, -0.02969 ], [ -51.18044, -0.02368 ], [ -51.18031, -0.02977 ] ] ], [ [ [ -51.18007, -0.02355 ], [ -51.17964, -0.0212 ], [ -51.17938, -0.02122 ], [ -51.18007, -0.02355 ] ] ] ] } },
{ "type": "Feature", "properties": { "cluster": 349.0, "hvi": 0.1062, "population": 2617, "setores": 4, "municipio": "Santana" }, "geometry": { "type": "Polygon", "coordinates": [ [ [ -51.18044, -0.02368 ], [ -51.1799, -0.02018 ], [ -51.17701, -0.01834 ], [ -51.17325, -0.01807 ], [ -51.17322, -0.01751 ], [ -51.1724, -0.0205 ], [ -51.17334, -0.02044 ], [ -51.17337, -0.02043 ], [ -51.17345, -0.02164 ], [ -51.17676, -0.0214 ], [ -51.17648, -0.0239 ], [ -51.17964, -0.0212 ], [ -51.18044, -0.02368 ] ], [ [ -51.1733, -0.01931 ], [ -51.17337, -0.02038 ], [ -51.17334, -0.02044 ], [ -51.1733, -0.01931 ] ] ] } },
{ "type": "Feature", "properties": { "cluster": 350.0, "hvi": 0.0887, "population": 3535, "setores": 14, "municipio": "Macapá" }, "geometry": { "type": "MultiPolygon", "coordinates": [ [ [ [ -51.20168, -0.05105 ], [ -51.20407, -0.04449 ], [ -51.20614, -0.0223 ], [ -51.20262, 0.0067 ], [ -51.19491, 0.00906 ], [ -51.18855, 0.01859 ], [ -51.17116, 0.01428 ], [ -51.16889, 0.01642 ], [ -51.17826, 0.0 ], [ -51.17977, 0.0 ], [ -51.17972, -0.00966 ], [ -51.18049, -0.00998 ], [ -51.17883, -0.00932 ], [ -51.17908, -0.01356 ], [ -51.17848, -0.01709 ], [ -51.1799, -0.02018 ], [ -51.17931, -0.01517 ], [ -51.17999, -0.01336 ], [ -51.17954, -0.01645 ], [ -51.18082, -0.02603 ], [ -51.18743, -0.02554 ], [ -51.19476, -0.02961 ], [ -51.18997, -0.03103 ], [ -51.19031, -0.03367 ], [ -51.19721, -0.03189 ], [ -51.19548, -0.0354 ], [ -51.18926, -0.03651 ], [ -51.19276, -0.04362 ], [ -51.197, -0.04427 ], [ -51.19412, -0.0541 ], [ -51.19959, -0.05099 ], [ -51.20168, -0.05105 ] ], [ [ -51.18195, 0.0 ], [ -51.18172, -0.00158 ], [ -51.17977, 0.0 ], [ -51.18195, 0.0 ] ], [ [ -51.19815, 0.0 ], [ -51.19912, -0.00699 ], [ -51.19693, -0.00935 ], [ -51.19815, 0.0 ] ], [ [ -51.19669, -0.0112 ], [ -51.19741, -0.01566 ], [ -51.19633, -0.01397 ], [ -51.19669, -0.0112 ] ], [ [ -51.19702, -0.04427 ], [ -51.19879, -0.04455 ], [ -51.19735, -0.05064 ], [ -51.19702, -0.04427 ] ] ], [ [ [ -51.17765, -0.0095 ], [ -51.17824, -0.01362 ], [ -51.17908, -0.01356 ], [ -51.17765, -0.0095 ] ] ], [ [ [ -51.17543, -0.01385 ], [ -51.17824, -0.01362 ], [ -51.17519, -0.01013 ], [ -51.17543, -0.01385 ] ] ], [ [ [ -51.1782, -0.00937 ], [ -51.17784, 0.0 ], [ -51.17777, -0.0036 ], [ -51.1775, 0.0 ], [ -51.17467, 0.0 ], [ -51.17095, -0.00345 ], [ -51.17288, -0.00503 ], [ -51.17059, -0.00766 ], [ -51.17403, -0.00993 ], [ -51.17482, -0.00661 ], [ -51.1782, -0.00937 ] ] ] ] } },
{ "type": "Feature", "properties": { "cluster": 351.0, "hvi": 0.1074, "population": 1974, "setores": 3, "municipio": "Santana" }, "geometry": { "type": "MultiPolygon", "coordinates": [ [ [ [ -51.17543, -0.01384 ], [ -51.17403, -0.00993 ], [ -51.17305, -0.01403 ], [ -51.17488, -0.01389 ], [ -51.17496, -0.01739 ], [ -51.17848, -0.01709 ], [ -51.17824, -0.01362 ], [ -51.17543, -0.01384 ] ] ], [ [ [ -51.17494, -0.00613 ], [ -51.17519, -0.01013 ], [ -51.17809, -0.01114 ], [ -51.17494, -0.00613 ] ] ] ] } },
{ "type": "Feature", "properties": { "cluster": 352.0, "hvi": 0.1115, "population": 2421, "setores": 3, "municipio": "Santana" }, "geometry": { "type": "MultiPolygon", "coordinates": [ [ [ [ -51.18831, -0.03744 ], [ -51.18437, -0.03657 ], [ -51.18055, -0.03929 ], [ -51.18446, -0.03764 ], [ -51.18877, -0.04021 ], [ -51.18831, -0.03744 ] ] ], [ [ [ -51.18481, -0.03658 ], [ -51.18454, -0.0341 ], [ -51.18112, -0.03649 ], [ -51.18481, -0.03658 ] ] ] ] } },
{ "type": "Feature", "properties": { "cluster": 353.0, "hvi": 0.0804, "population": 145, "setores": 1, "municipio": "Santana" }, "geometry": { "type": "Polygon", "coordinates": [ [ [ -51.17089, -0.02562 ], [ -51.16911, -0.0269 ], [ -51.17099, -0.02677 ], [ -51.17089, -0.02562 ] ] ] } },
{ "type": "Feature", "properties": { "cluster": 354.0, "hvi": 0.095, "population": 3364, "setores": 8, "municipio": "Santana" }, "geometry": { "type": "MultiPolygon", "coordinates": [ [ [ [ -51.16731, -0.02414 ], [ -51.17089, -0.02562 ], [ -51.1708, -0.02429 ], [ -51.17007, -0.02426 ], [ -51.17061, -0.02188 ], [ -51.1655, -0.02081 ], [ -51.16853, -0.02419 ], [ -51.16731, -0.02414 ] ] ], [ [ [ -51.16372, -0.02502 ], [ -51.1655, -0.02081 ], [ -51.17042, -0.01941 ], [ -51.17019, -0.017 ], [ -51.16942, -0.01944 ], [ -51.166, -0.0161 ], [ -51.16326, -0.01961 ], [ -51.16372, -0.02502 ] ] ], [ [ [ -51.16863, -0.02079 ], [ -51.17061, -0.02188 ], [ -51.17051, -0.02064 ], [ -51.16863, -0.02079 ] ] ], [ [ [ -51.17205, -0.01684 ], [ -51.17051, -0.02064 ], [ -51.1724, -0.0205 ], [ -51.17205, -0.01684 ] ] ], [ [ [ -51.17156, -0.01584 ], [ -51.16874, -0.01709 ], [ -51.17205, -0.01684 ], [ -51.17156, -0.01584 ] ] ] ] } },
{ "type": "Feature", "properties": { "cluster": 355.0, "hvi": 0.0811, "population": 955, "setores": 7, "municipio": "Santana" }, "geometry": { "type": "MultiPolygon", "coordinates": [ [ [ [ -51.19702, -0.04421 ], [ -51.18892, -0.04318 ], [ -51.18812, -0.04228 ], [ -51.19276, -0.04357 ], [ -51.18999, -0.03891 ], [ -51.1874, -0.04148 ], [ -51.18379, -0.03743 ], [ -51.18414, -0.0423 ], [ -51.18143, -0.04385 ], [ -51.18125, -0.04203 ], [ -51.18048, -0.04439 ], [ -51.17885, -0.0419 ], [ -51.18052, -0.05604 ], [ -51.17221, -0.05799 ], [ -51.16407, -0.06245 ], [ -51.14088, -0.05385 ], [ -51.14102, -0.05666 ], [ -51.16243, -0.06477 ], [ -51.1946, -0.06085 ], [ -51.20168, -0.05105 ], [ -51.19474, -0.05269 ], [ -51.19702, -0.04421 ] ], [ [ -51.18997, -0.05001 ], [ -51.19371, -0.05138 ], [ -51.19347, -0.05298 ], [ -51.18645, -0.05464 ], [ -51.18997, -0.05001 ] ] ], [ [ [ -51.18039, -0.03715 ], [ -51.17866, -0.03924 ], [ -51.17885, -0.0419 ], [ -51.18074, -0.0419 ], [ -51.18254, -0.03926 ], [ -51.18055, -0.03929 ], [ -51.18039, -0.03715 ] ] ] ] } },
{ "type": "Feature", "properties": { "cluster": 356.0, "hvi": 0.093, "population": 1575, "setores": 4, "municipio": "Macapá" }, "geometry": { "type": "MultiPolygon", "coordinates": [ [ [ [ -51.13855, -0.04914 ], [ -51.13672, -0.04579 ], [ -51.13487, -0.04732 ], [ -51.13732, -0.04905 ], [ -51.13855, -0.04914 ] ] ], [ [ [ -51.14421, -0.04885 ], [ -51.14708, -0.04963 ], [ -51.14708, -0.04473 ], [ -51.14402, -0.04584 ], [ -51.14421, -0.04885 ] ] ], [ [ [ -51.13854, -0.04914 ], [ -51.13847, -0.04562 ], [ -51.14109, -0.04336 ], [ -51.14512, -0.04532 ], [ -51.14708, -0.04473 ], [ -51.14479, -0.04015 ], [ -51.14129, -0.03834 ], [ -51.13625, -0.04473 ], [ -51.13854, -0.04914 ] ] ] ] } },
{ "type": "Feature", "properties": { "cluster": 357.0, "hvi": 0.113, "population": 848, "setores": 1, "municipio": "Santana" }, "geometry": { "type": "Polygon", "coordinates": [ [ [ -51.18739, -0.03 ], [ -51.18736, -0.02554 ], [ -51.18082, -0.02603 ], [ -51.18144, -0.03 ], [ -51.18739, -0.03 ] ] ] } },
{ "type": "Feature", "properties": { "cluster": 358.0, "hvi": 0.1251, "population": 1009, "setores": 1, "municipio": "Santana" }, "geometry": { "type": "Polygon", "coordinates": [ [ [ -51.15339, -0.05178 ], [ -51.14963, -0.04904 ], [ -51.14963, -0.05177 ], [ -51.15339, -0.05178 ] ] ] } },
{ "type": "Feature", "properties": { "cluster": 359.0, "hvi": 0.1351, "population": 1871, "setores": 2, "municipio": "Santana" }, "geometry": { "type": "Polygon", "coordinates": [ [ [ -51.1388, -0.04912 ], [ -51.14421, -0.04885 ], [ -51.14396, -0.04576 ], [ -51.14512, -0.04532 ], [ -51.14105, -0.04334 ], [ -51.1388, -0.04912 ] ] ] } },
{ "type": "Feature", "properties": { "cluster": 360.0, "hvi": 0.1268, "population": 2994, "setores": 5, "municipio": "Mazagão" }, "geometry": { "type": "MultiPolygon", "coordinates": [ [ [ [ -51.20805, -0.11701 ], [ -51.21636, -0.11861 ], [ -51.22342, -0.12778 ], [ -51.2804, -0.21563 ], [ -51.30206, -0.20197 ], [ -51.30855, -0.19927 ], [ -51.31005, -0.18832 ], [ -51.34751, -0.1669 ], [ -51.34171, -0.16041 ], [ -51.34325, -0.15315 ], [ -51.33038, -0.15409 ], [ -51.32877, -0.14462 ], [ -51.32115, -0.13656 ], [ -51.31522, -0.13503 ], [ -51.31099, -0.14259 ], [ -51.30189, -0.1452 ], [ -51.29712, -0.14133 ], [ -51.29191, -0.12545 ], [ -51.28111, -0.12921 ], [ -51.2817, -0.10479 ], [ -51.27487, -0.08954 ], [ -51.26493, -0.09121 ], [ -51.25205, -0.08445 ], [ -51.24297, -0.08379 ], [ -51.24502, -0.07982 ], [ -51.24197, -0.07399 ], [ -51.25818, -0.06503 ], [ -51.25707, -0.06754 ], [ -51.26051, -0.0715 ], [ -51.26563, -0.06921 ], [ -51.2686, -0.06283 ], [ -51.26513, -0.05864 ], [ -51.26183, -0.06198 ], [ -51.26075, -0.05922 ], [ -51.2603, -0.06024 ], [ -51.26273, -0.04713 ], [ -51.25696, -0.04261 ], [ -51.24703, -0.04155 ], [ -51.24927, -0.02694 ], [ -51.24666, -0.01794 ], [ -51.24026, -0.01283 ], [ -51.24275, -0.00422 ], [ -51.2536, 0.00288 ], [ -51.24807, 0.01154 ], [ -51.24372, 0.00981 ], [ -51.23479, 0.01649 ], [ -51.2294, 0.01275 ], [ -51.21866, 0.01548 ], [ -51.2028, 0.00739 ], [ -51.20614, -0.0223 ], [ -51.20407, -0.04449 ], [ -51.1946, -0.06085 ], [ -51.20087, -0.06473 ], [ -51.20757, -0.07802 ], [ -51.21798, -0.0874 ], [ -51.21193, -0.09791 ], [ -51.20805, -0.11701 ] ], [ [ -51.22041, -0.08705 ], [ -51.24318, -0.10788 ], [ -51.21798, -0.0874 ], [ -51.22041, -0.08705 ] ], [ [ -51.22204, -0.11214 ], [ -51.2257, -0.11548 ], [ -51.22514, -0.11592 ], [ -51.22204, -0.11214 ] ], [ [ -51.22366, -0.1171 ], [ -51.21995, -0.11279 ], [ -51.22499, -0.11604 ], [ -51.22366, -0.1171 ] ] ], [ [ [ -51.30299, -0.11563 ], [ -51.2969, -0.11599 ], [ -51.29301, -0.12851 ], [ -51.30154, -0.12548 ], [ -51.30514, -0.11899 ], [ -51.30299, -0.11563 ] ] ] ] } },
{ "type": "Feature", "properties": { "cluster": 361.0, "hvi": 0.0874, "population": 302, "setores": 1, "municipio": "Santana" }, "geometry": { "type": "Polygon", "coordinates": [ [ [ -51.44096, 0.08066 ], [ -51.43514, 0.07087 ], [ -51.43905, 0.06636 ], [ -51.44598, 0.07413 ], [ -51.44096, 0.08066 ] ] ] } },
{ "type": "Feature", "properties": { "cluster": 362.0, "hvi": 0.0937, "population": 2996, "setores": 12, "municipio": "Porto Grande" }, "geometry": { "type": "Polygon", "coordinates": [ [ [ -51.46036, 0.07773 ], [ -51.46764, 0.08505 ], [ -51.47549, 0.0878 ], [ -51.48038, 0.0856 ], [ -51.48235, 0.07665 ], [ -51.49622, 0.06812 ], [ -51.49417, 0.05867 ], [ -51.50871, 0.06475 ], [ -51.52521, 0.08135 ], [ -51.52328, 0.08435 ], [ -51.54181, 0.08862 ], [ -51.54964, 0.10346 ], [ -51.56198, 0.11171 ], [ -51.55609, 0.11611 ], [ -51.56635, 0.13306 ], [ -51.56196, 0.13644 ], [ -51.56303, 0.14197 ], [ -51.56795, 0.14979 ], [ -51.57168, 0.14153 ], [ -51.57547, 0.15095 ], [ -51.57821, 0.16129 ], [ -51.57035, 0.16643 ], [ -51.57152, 0.18778 ], [ -51.57598, 0.19384 ], [ -51.57215, 0.2014 ], [ -51.56709, 0.20044 ], [ -51.57087, 0.21483 ], [ -51.56644, 0.22125 ], [ -51.56932, 0.21719 ], [ -51.57619, 0.21606 ], [ -51.57555, 0.22299 ], [ -51.57225, 0.2243 ], [ -51.57637, 0.23121 ], [ -51.58098, 0.23052 ], [ -51.57973, 0.23212 ], [ -51.59117, 0.24007 ], [ -51.59076, 0.24294 ], [ -51.59384, 0.23888 ], [ -51.60887, 0.2453 ], [ -51.61316, 0.25177 ], [ -51.6105, 0.25421 ], [ -51.6246, 0.2721 ], [ -51.62712, 0.27228 ], [ -51.62539, 0.26791 ], [ -51.62877, 0.26677 ], [ -51.63989, 0.27504 ], [ -51.64658, 0.28495 ], [ -51.65409, 0.28553 ], [ -51.67275, 0.29504 ], [ -51.67314, 0.30156 ], [ -51.68624, 0.31631 ], [ -51.69028, 0.31545 ], [ -51.69384, 0.3197 ], [ -51.69438, 0.32593 ], [ -51.69031, 0.32614 ], [ -51.68942, 0.3304 ], [ -51.69836, 0.33562 ], [ -51.69061, 0.33491 ], [ -51.68071, 0.34923 ], [ -51.68659, 0.35279 ], [ -51.69323, 0.36931 ], [ -51.69029, 0.37326 ], [ -51.69458, 0.37891 ], [ -51.69014, 0.38021 ], [ -51.69039, 0.38671 ], [ -51.69687, 0.3973 ], [ -51.70856, 0.39923 ], [ -51.7166, 0.4096 ], [ -51.72575, 0.40764 ], [ -51.72958, 0.41382 ], [ -51.74285, 0.4166 ], [ -51.74505, 0.44531 ], [ -51.73972, 0.45031 ], [ -51.75054, 0.45664 ], [ -51.74961, 0.46249 ], [ -51.75777, 0.46738 ], [ -51.76375, 0.47696 ], [ -51.76263, 0.48167 ], [ -51.75779, 0.48424 ], [ -51.76348, 0.49795 ], [ -51.76022, 0.50796 ], [ -51.76949, 0.52176 ], [ -51.77276, 0.53334 ], [ -51.77141, 0.54096 ], [ -51.76534, 0.54621 ], [ -51.76765, 0.55396 ], [ -51.76726, 0.60493 ], [ -51.76936, 0.60493 ], [ -51.77414, 0.60929 ], [ -51.76759, 0.61722 ], [ -51.76644, 0.62291 ], [ -51.76038, 0.62484 ], [ -51.75666, 0.6135 ], [ -51.73979, 0.61944 ], [ -51.71717, 0.65884 ], [ -51.70614, 0.65732 ], [ -51.70279, 0.64996 ], [ -51.70425, 0.6404 ], [ -51.7008, 0.63523 ], [ -51.70454, 0.62087 ], [ -51.70347, 0.60633 ], [ -51.68455, 0.57005 ], [ -51.68382, 0.56142 ], [ -51.67605, 0.55671 ], [ -51.66041, 0.52812 ], [ -51.65547, 0.51099 ], [ -51.6519, 0.50822 ], [ -51.62218, 0.44183 ], [ -51.59376, 0.43197 ], [ -51.5834, 0.43213 ], [ -51.57439, 0.42612 ], [ -51.54613, 0.42592 ], [ -51.54181, 0.42047 ], [ -51.53692, 0.41934 ], [ -51.51513, 0.4296 ], [ -51.51027, 0.45903 ], [ -51.48917, 0.46837 ], [ -51.48166, 0.46447 ], [ -51.47529, 0.44689 ], [ -51.47681, 0.44299 ], [ -51.48874, 0.43961 ], [ -51.49088, 0.43329 ], [ -51.4877, 0.42844 ], [ -51.46616, 0.42778 ], [ -51.46155, 0.42345 ], [ -51.45699, 0.40819 ], [ -51.45765, 0.39303 ], [ -51.44615, 0.37126 ], [ -51.43754, 0.36598 ], [ -51.4259, 0.36465 ], [ -51.41544, 0.36731 ], [ -51.41022, 0.35855 ], [ -51.39805, 0.34889 ], [ -51.38983, 0.33701 ], [ -51.38276, 0.3084 ], [ -51.37313, 0.30708 ], [ -51.3732, 0.30316 ], [ -51.37053, 0.30458 ], [ -51.37174, 0.30273 ], [ -51.36418, 0.29835 ], [ -51.36686, 0.29535 ], [ -51.36229, 0.29367 ], [ -51.36162, 0.28651 ], [ -51.35687, 0.28116 ], [ -51.3552, 0.28248 ], [ -51.35552, 0.27874 ], [ -51.34535, 0.26811 ], [ -51.341, 0.25387 ], [ -51.34285, 0.25124 ], [ -51.33875, 0.24944 ], [ -51.33885, 0.24001 ], [ -51.33348, 0.23842 ], [ -51.32485, 0.22743 ], [ -51.31798, 0.22506 ], [ -51.3176, 0.21895 ], [ -51.31223, 0.21857 ], [ -51.30812, 0.21165 ], [ -51.29074, 0.20481 ], [ -51.29176, 0.19644 ], [ -51.29885, 0.19007 ], [ -51.28308, 0.17368 ], [ -51.27643, 0.18052 ], [ -51.27308, 0.1789 ], [ -51.2706, 0.16389 ], [ -51.25924, 0.16522 ], [ -51.2532, 0.1744 ], [ -51.24198, 0.17135 ], [ -51.22734, 0.17459 ], [ -51.22145, 0.1675 ], [ -51.19947, 0.16307 ], [ -51.19874, 0.1577 ], [ -51.18816, 0.15466 ], [ -51.18904, 0.14126 ], [ -51.18607, 0.13403 ], [ -51.19237, 0.10512 ], [ -51.20177, 0.11089 ], [ -51.2026, 0.10389 ], [ -51.21308, 0.10365 ], [ -51.19302, 0.10268 ], [ -51.19444, 0.09783 ], [ -51.19856, 0.0963 ], [ -51.20042, 0.08782 ], [ -51.21084, 0.09534 ], [ -51.21415, 0.09165 ], [ -51.21398, 0.08606 ], [ -51.20651, 0.08417 ], [ -51.21125, 0.07681 ], [ -51.21683, 0.07944 ], [ -51.22167, 0.07586 ], [ -51.2201, 0.07131 ], [ -51.21947, 0.06355 ], [ -51.22383, 0.05922 ], [ -51.22753, 0.05996 ], [ -51.23615, 0.05698 ], [ -51.24412, 0.04811 ], [ -51.2433, 0.04061 ], [ -51.24876, 0.03272 ], [ -51.24233, 0.03003 ], [ -51.23495, 0.03434 ], [ -51.22813, 0.03119 ], [ -51.23342, 0.02458 ], [ -51.23678, 0.02563 ], [ -51.2382, 0.01845 ], [ -51.24252, 0.01935 ], [ -51.24645, 0.01507 ], [ -51.25327, 0.00234 ], [ -51.24275, -0.00422 ], [ -51.24029, -0.0122 ], [ -51.24666, -0.01794 ], [ -51.24927, -0.02694 ], [ -51.24653, -0.04063 ], [ -51.26259, -0.0469 ], [ -51.26016, -0.05304 ], [ -51.26156, -0.06181 ], [ -51.26498, -0.05858 ], [ -51.2686, -0.06283 ], [ -51.26563, -0.06921 ], [ -51.26058, -0.0715 ], [ -51.25707, -0.06754 ], [ -51.24229, -0.0737 ], [ -51.24502, -0.07982 ], [ -51.24336, -0.08374 ], [ -51.26985, -0.09178 ], [ -51.28758, -0.07909 ], [ -51.30334, -0.07952 ], [ -51.31816, -0.07539 ], [ -51.32272, -0.08058 ], [ -51.3323, -0.08207 ], [ -51.36341, -0.0691 ], [ -51.37775, -0.07166 ], [ -51.40024, -0.06525 ], [ -51.40511, -0.05067 ], [ -51.41906, -0.04753 ], [ -51.42517, -0.03902 ], [ -51.43432, -0.03439 ], [ -51.43765, -0.01122 ], [ -51.44478, -0.00515 ], [ -51.44956, 0.01273 ], [ -51.46962, 0.01726 ], [ -51.49089, 0.02907 ], [ -51.48875, 0.03656 ], [ -51.47724, 0.03947 ], [ -51.45989, 0.05252 ], [ -51.45126, 0.04894 ], [ -51.44139, 0.065 ], [ -51.42388, 0.05653 ], [ -51.42112, 0.07656 ], [ -51.43155, 0.06662 ], [ -51.44096, 0.08066 ], [ -51.44535, 0.07174 ], [ -51.45179, 0.06967 ], [ -51.45362, 0.06426 ], [ -51.45882, 0.06445 ], [ -51.46036, 0.07773 ] ], [ [ -51.26753, 0.08479 ], [ -51.26764, 0.08465 ], [ -51.23831, 0.07904 ], [ -51.26753, 0.08479 ] ], [ [ -51.24951, 0.05072 ], [ -51.2528, 0.05393 ], [ -51.26625, 0.05883 ], [ -51.24951, 0.05072 ] ], [ [ -51.27667, -0.00627 ], [ -51.27535, -0.0063 ], [ -51.27103, -0.00117 ], [ -51.27667, -0.00627 ] ], [ [ -51.30714, -0.00201 ], [ -51.31009, -0.01151 ], [ -51.30855, -0.01465 ], [ -51.30764, -0.00558 ], [ -51.30714, -0.00201 ] ], [ [ -51.31829, -0.02642 ], [ -51.3153, -0.02695 ], [ -51.30933, -0.02243 ], [ -51.31829, -0.02642 ] ], [ [ -51.32989, -0.03159 ], [ -51.3303, -0.03247 ], [ -51.32785, -0.03068 ], [ -51.32989, -0.03159 ] ], [ [ -51.33459, -0.04177 ], [ -51.33489, -0.04838 ], [ -51.33194, -0.03603 ], [ -51.33459, -0.04177 ] ], [ [ -51.33554, -0.06288 ], [ -51.33364, -0.06425 ], [ -51.33528, -0.05716 ], [ -51.33554, -0.06288 ] ], [ [ -51.39048, 0.27043 ], [ -51.38952, 0.26946 ], [ -51.39188, 0.27328 ], [ -51.39048, 0.27043 ] ], [ [ -51.2981, 0.066 ], [ -51.29493, 0.06104 ], [ -51.29489, 0.06108 ], [ -51.2981, 0.066 ] ], [ [ -51.29503, 0.06095 ], [ -51.30183, 0.06033 ], [ -51.29761, 0.05875 ], [ -51.29503, 0.06095 ] ], [ [ -51.36347, 0.21776 ], [ -51.36288, 0.21851 ], [ -51.36339, 0.21939 ], [ -51.36347, 0.21776 ] ], [ [ -51.34649, 0.14252 ], [ -51.34598, 0.14356 ], [ -51.34603, 0.14369 ], [ -51.34649, 0.14252 ] ], [ [ -51.35518, 0.12908 ], [ -51.35159, 0.13209 ], [ -51.34982, 0.1357 ], [ -51.35518, 0.12908 ] ], [ [ -51.32898, 0.03762 ], [ -51.32978, 0.03853 ], [ -51.34728, 0.04437 ], [ -51.32898, 0.03762 ] ], [ [ -51.31593, 0.0222 ], [ -51.31651, 0.02343 ], [ -51.32195, 0.02962 ], [ -51.31593, 0.0222 ] ], [ [ -51.30663, 0.00156 ], [ -51.30652, 0.00232 ], [ -51.31043, 0.01059 ], [ -51.30663, 0.00156 ] ], [ [ -51.24989, 0.03682 ], [ -51.24706, 0.03881 ], [ -51.25207, 0.03794 ], [ -51.24989, 0.03682 ] ], [ [ -51.56055, 0.22065 ], [ -51.55982, 0.22094 ], [ -51.55346, 0.23217 ], [ -51.56055, 0.22065 ] ], [ [ -51.49606, 0.29808 ], [ -51.49651, 0.28876 ], [ -51.48941, 0.28875 ], [ -51.48913, 0.29227 ], [ -51.49606, 0.29808 ] ] ] } },
{ "type": "Feature", "properties": { "cluster": 363.0, "hvi": 0.1336, "population": 2381, "setores": 2, "municipio": "Santana" }, "geometry": { "type": "Polygon", "coordinates": [ [ [ -51.1768, -0.06853 ], [ -51.17329, -0.06861 ], [ -51.1725, -0.0654 ], [ -51.16419, -0.06845 ], [ -51.16443, -0.07071 ], [ -51.17364, -0.07 ], [ -51.17333, -0.06878 ], [ -51.17655, -0.07386 ], [ -51.18931, -0.06766 ], [ -51.17716, -0.06461 ], [ -51.1768, -0.06853 ] ] ] } },
{ "type": "Feature", "properties": { "cluster": 364.0, "hvi": 0.1077, "population": 718, "setores": 1, "municipio": "Santana" }, "geometry": { "type": "Polygon", "coordinates": [ [ [ -51.17323, -0.06861 ], [ -51.1768, -0.06853 ], [ -51.17716, -0.06461 ], [ -51.1725, -0.0654 ], [ -51.17323, -0.06861 ] ] ] } },
{ "type": "Feature", "properties": { "cluster": 365.0, "hvi": 0.1145, "population": 818, "setores": 2, "municipio": "Santana" }, "geometry": { "type": "Polygon", "coordinates": [ [ [ -51.19682, -0.06154 ], [ -51.1881, -0.06016 ], [ -51.16243, -0.06477 ], [ -51.14102, -0.05666 ], [ -51.11839, -0.09754 ], [ -51.1749, -0.10453 ], [ -51.20805, -0.11701 ], [ -51.21193, -0.09791 ], [ -51.21798, -0.0874 ], [ -51.19682, -0.06154 ] ], [ [ -51.14489, -0.06095 ], [ -51.14568, -0.06126 ], [ -51.1369, -0.06512 ], [ -51.13691, -0.06508 ], [ -51.14489, -0.06095 ] ], [ [ -51.16269, -0.06787 ], [ -51.15781, -0.06783 ], [ -51.14877, -0.06246 ], [ -51.16269, -0.06787 ] ], [ [ -51.17476, -0.0644 ], [ -51.18267, -0.06612 ], [ -51.18424, -0.06404 ], [ -51.18928, -0.06772 ], [ -51.17667, -0.07386 ], [ -51.17364, -0.07 ], [ -51.16443, -0.07071 ], [ -51.16422, -0.06844 ], [ -51.17476, -0.0644 ] ], [ [ -51.18511, -0.0629 ], [ -51.19746, -0.064 ], [ -51.18468, -0.06347 ], [ -51.18511, -0.0629 ] ] ] } },
{ "type": "Feature", "properties": { "cluster": 366.0, "hvi": 0.0755, "population": 33, "setores": 1, "municipio": "Santana" }, "geometry": { "type": "Polygon", "coordinates": [ [ [ -51.4893, 0.29268 ], [ -51.48941, 0.28875 ], [ -51.49651, 0.28876 ], [ -51.49641, 0.29802 ], [ -51.4893, 0.29268 ] ] ] } },
{ "type": "Feature", "properties": { "cluster": 367.0, "hvi": 0.0766, "population": 105, "setores": 1, "municipio": "Santana" }, "geometry": { "type": "Polygon", "coordinates": [ [ [ -51.29488, 0.06097 ], [ -51.29724, 0.05861 ], [ -51.30183, 0.06033 ], [ -51.29918, 0.05995 ], [ -51.29488, 0.06097 ] ] ] } },
{ "type": "Feature", "properties": { "cluster": 368.0, "hvi": 0.2023, "population": 2256, "setores": 2, "municipio": "Tartarugalzinho" }, "geometry": { "type": "Polygon", "coordinates": [ [ [ -50.91361, 1.49963 ], [ -50.91521, 1.50702 ], [ -50.90887, 1.50854 ], [ -50.90631, 1.51579 ], [ -50.90643, 1.50543 ], [ -50.9118, 1.5049 ], [ -50.91128, 1.50039 ], [ -50.91361, 1.49963 ] ] ] } },
{ "type": "Feature", "properties": { "cluster": 369.0, "hvi": 0.1618, "population": 476, "setores": 1, "municipio": "Tartarugalzinho" }, "geometry": { "type": "Polygon", "coordinates": [ [ [ -50.99508, 1.38507 ], [ -50.98475, 1.38366 ], [ -50.98691, 1.37159 ], [ -50.99344, 1.37717 ], [ -50.99508, 1.38507 ] ] ] } },
{ "type": "Feature", "properties": { "cluster": 370.0, "hvi": 0.1647, "population": 488, "setores": 1, "municipio": "Tartarugalzinho" }, "geometry": { "type": "Polygon", "coordinates": [ [ [ -51.11747, 1.25291 ], [ -51.11735, 1.24575 ], [ -51.13132, 1.24661 ], [ -51.12852, 1.25514 ], [ -51.11747, 1.25291 ] ] ] } },
{ "type": "Feature", "properties": { "cluster": 371.0, "hvi": 0.1592, "population": 2525, "setores": 6, "municipio": "Tartarugalzinho" }, "geometry": { "type": "Polygon", "coordinates": [ [ [ -50.67017, 1.36115 ], [ -50.67819, 1.35338 ], [ -50.68025, 1.33608 ], [ -50.69046, 1.33335 ], [ -50.69508, 1.32461 ], [ -50.71446, 1.32299 ], [ -50.71752, 1.31831 ], [ -50.72652, 1.32379 ], [ -50.73066, 1.32269 ], [ -50.73367, 1.32707 ], [ -50.76677, 1.34376 ], [ -50.77402, 1.35622 ], [ -50.78511, 1.35588 ], [ -50.79097, 1.36523 ], [ -50.80288, 1.36149 ], [ -50.80835, 1.36856 ], [ -50.82935, 1.36629 ], [ -50.83084, 1.36361 ], [ -50.85776, 1.36302 ], [ -50.88568, 1.36983 ], [ -50.8946, 1.36238 ], [ -50.91083, 1.37218 ], [ -50.92035, 1.37247 ], [ -50.92033, 1.386 ], [ -50.92648, 1.40264 ], [ -50.92586, 1.41984 ], [ -50.92058, 1.4247 ], [ -50.91063, 1.42134 ], [ -50.90889, 1.42942 ], [ -50.8896, 1.43961 ], [ -50.8888, 1.45403 ], [ -50.9007, 1.47835 ], [ -50.90813, 1.48315 ], [ -50.91064, 1.49791 ], [ -50.90468, 1.49425 ], [ -50.90647, 1.50006 ], [ -50.90041, 1.49998 ], [ -50.89579, 1.51471 ], [ -50.90668, 1.51571 ], [ -50.91007, 1.50771 ], [ -50.91603, 1.50732 ], [ -50.91516, 1.51209 ], [ -50.91613, 1.5123 ], [ -50.91977, 1.53087 ], [ -50.90512, 1.54746 ], [ -50.90577, 1.55914 ], [ -50.90183, 1.57526 ], [ -50.90856, 1.57592 ], [ -50.90658, 1.58619 ], [ -50.90161, 1.5847 ], [ -50.90134, 1.57726 ], [ -50.89957, 1.58449 ], [ -50.88964, 1.58354 ], [ -50.88688, 1.58834 ], [ -50.88136, 1.58734 ], [ -50.88027, 1.59033 ], [ -50.86501, 1.59394 ], [ -50.56058, 1.47248 ], [ -50.54796, 1.44944 ], [ -50.55931, 1.43912 ], [ -50.55584, 1.4187 ], [ -50.5468, 1.40991 ], [ -50.54134, 1.37837 ], [ -50.53492, 1.36714 ], [ -50.53569, 1.35027 ], [ -50.53219, 1.33928 ], [ -50.5373, 1.3296 ], [ -50.53236, 1.31849 ], [ -50.5335, 1.30563 ], [ -50.62273, 1.37303 ], [ -50.64155, 1.3707 ], [ -50.67017, 1.36115 ] ], [ [ -50.90225, 1.49276 ], [ -50.89684, 1.49554 ], [ -50.90403, 1.49385 ], [ -50.90225, 1.49276 ] ] ] } },
{ "type": "Feature", "properties": { "cluster": 372.0, "hvi": 0.1744, "population": 2243, "setores": 3, "municipio": "Tartarugalzinho" }, "geometry": { "type": "Polygon", "coordinates": [ [ [ -50.90647, 1.50006 ], [ -50.90645, 1.50202 ], [ -50.91013, 1.50213 ], [ -50.91181, 1.5049 ], [ -50.90643, 1.50543 ], [ -50.90645, 1.50255 ], [ -50.90631, 1.51579 ], [ -50.89579, 1.51471 ], [ -50.89979, 1.50654 ], [ -50.90022, 1.49997 ], [ -50.90647, 1.50006 ] ] ] } },
{ "type": "Feature", "properties": { "cluster": 373.0, "hvi": 0.1449, "population": 162, "setores": 1, "municipio": "Tartarugalzinho" }, "geometry": { "type": "Polygon", "coordinates": [ [ [ -51.28046, 0.99484 ], [ -51.27467, 0.98903 ], [ -51.28423, 0.98474 ], [ -51.28469, 0.99301 ], [ -51.28046, 0.99484 ] ] ] } },
{ "type": "Feature", "properties": { "cluster": 374.0, "hvi": 0.1828, "population": 1118, "setores": 7, "municipio": "Tartarugalzinho" }, "geometry": { "type": "Polygon", "coordinates": [ [ [ -50.85381, 1.05824 ], [ -50.84612, 1.08927 ], [ -50.85187, 1.09994 ], [ -50.85897, 1.09947 ], [ -50.86016, 1.09125 ], [ -50.86412, 1.08862 ], [ -50.89238, 1.08613 ], [ -50.90596, 1.077 ], [ -50.91742, 1.07947 ], [ -50.92434, 1.06826 ], [ -50.92499, 1.05563 ], [ -50.93821, 1.0438 ], [ -50.96024, 1.05254 ], [ -50.97162, 1.0661 ], [ -50.98133, 1.06962 ], [ -50.98464, 1.07981 ], [ -50.99753, 1.08137 ], [ -51.00783, 1.10489 ], [ -51.01568, 1.11196 ], [ -51.02333, 1.11549 ], [ -51.03451, 1.11474 ], [ -51.04613, 1.12039 ], [ -51.04629, 1.13481 ], [ -51.03844, 1.14328 ], [ -51.03506, 1.15498 ], [ -51.02462, 1.16388 ], [ -51.02405, 1.18264 ], [ -51.01574, 1.18999 ], [ -51.01085, 1.20184 ], [ -51.01351, 1.21439 ], [ -51.00982, 1.2249 ], [ -50.99025, 1.23741 ], [ -50.96044, 1.28092 ], [ -50.94866, 1.30458 ], [ -50.93306, 1.30821 ], [ -50.92943, 1.31223 ], [ -50.92293, 1.34656 ], [ -50.92694, 1.36049 ], [ -50.92035, 1.37247 ], [ -50.91083, 1.37218 ], [ -50.8946, 1.36238 ], [ -50.88568, 1.36983 ], [ -50.85776, 1.36302 ], [ -50.83084, 1.36361 ], [ -50.82935, 1.36629 ], [ -50.80835, 1.36856 ], [ -50.80288, 1.36149 ], [ -50.79097, 1.36523 ], [ -50.78511, 1.35588 ], [ -50.77402, 1.35622 ], [ -50.76677, 1.34376 ], [ -50.73367, 1.32707 ], [ -50.73066, 1.32269 ], [ -50.72652, 1.32379 ], [ -50.71752, 1.31831 ], [ -50.71446, 1.32299 ], [ -50.69508, 1.32461 ], [ -50.69046, 1.33335 ], [ -50.68025, 1.33608 ], [ -50.67819, 1.35338 ], [ -50.67017, 1.36115 ], [ -50.64155, 1.3707 ], [ -50.62273, 1.37303 ], [ -50.52856, 1.29928 ], [ -50.5335, 1.30563 ], [ -50.53236, 1.31849 ], [ -50.5373, 1.3296 ], [ -50.53219, 1.33928 ], [ -50.53569, 1.35027 ], [ -50.53492, 1.36714 ], [ -50.54134, 1.37837 ], [ -50.5468, 1.40991 ], [ -50.55584, 1.4187 ], [ -50.55931, 1.43912 ], [ -50.54796, 1.44944 ], [ -50.43425, 1.2372 ], [ -50.42089, 1.22614 ], [ -50.41741, 1.21881 ], [ -50.41623, 1.19803 ], [ -50.42333, 1.19101 ], [ -50.423, 1.18734 ], [ -50.43293, 1.18464 ], [ -50.44942, 1.17056 ], [ -50.45628, 1.18617 ], [ -50.46252, 1.19186 ], [ -50.47406, 1.21228 ], [ -50.663, 1.21164 ], [ -50.66431, 1.21321 ], [ -50.66708, 1.2087 ], [ -50.66856, 1.21408 ], [ -50.66855, 1.21715 ], [ -50.66606, 1.21531 ], [ -50.67191, 1.22231 ], [ -50.68241, 1.22556 ], [ -50.68763, 1.22156 ], [ -50.68876, 1.21002 ], [ -50.70195, 1.20561 ], [ -50.71053, 1.20873 ], [ -50.71767, 1.21843 ], [ -50.72992, 1.2192 ], [ -50.75033, 1.22804 ], [ -50.75222, 1.23252 ], [ -50.74468, 1.24526 ], [ -50.75, 1.25119 ], [ -50.75801, 1.24991 ], [ -50.77111, 1.24015 ], [ -50.77817, 1.24219 ], [ -50.78402, 1.23302 ], [ -50.79819, 1.22987 ], [ -50.80095, 1.23822 ], [ -50.80568, 1.24121 ], [ -50.8021, 1.24632 ], [ -50.80721, 1.24984 ], [ -50.81395, 1.24323 ], [ -50.81541, 1.2331 ], [ -50.8338, 1.22435 ], [ -50.83225, 1.22499 ], [ -50.82863, 1.22225 ], [ -50.82572, 1.2153 ], [ -50.82922, 1.21168 ], [ -50.83006, 1.20324 ], [ -50.82762, 1.19825 ], [ -50.82328, 1.19796 ], [ -50.81811, 1.18816 ], [ -50.82376, 1.17907 ], [ -50.82102, 1.1736 ], [ -50.82613, 1.15215 ], [ -50.83035, 1.15239 ], [ -50.83422, 1.14687 ], [ -50.8322, 1.12548 ], [ -50.824, 1.12067 ], [ -50.82441, 1.1136 ], [ -50.8199, 1.11098 ], [ -50.81496, 1.10103 ], [ -50.83756, 1.05872 ], [ -50.85381, 1.05824 ] ], [ [ -50.83754, 1.22279 ], [ -50.84753, 1.22956 ], [ -50.84801, 1.22935 ], [ -50.83754, 1.22279 ] ], [ [ -50.65946, 1.26679 ], [ -50.65976, 1.26669 ], [ -50.65535, 1.26573 ], [ -50.65946, 1.26679 ] ], [ [ -50.65756, 1.26719 ], [ -50.65771, 1.26733 ], [ -50.65879, 1.26699 ], [ -50.65756, 1.26719 ] ] ] } },
{ "type": "Feature", "properties": { "cluster": 375.0, "hvi": 0.1344, "population": 443, "setores": 1, "municipio": "Vitória do Jari" }, "geometry": { "type": "Polygon", "coordinates": [ [ [ -52.41744, -0.91864 ], [ -52.41964, -0.92152 ], [ -52.42081, -0.92041 ], [ -52.41744, -0.91864 ] ] ] } },
{ "type": "Feature", "properties": { "cluster": 376.0, "hvi": 0.1513, "population": 1912, "setores": 4, "municipio": "Vitória do Jari" }, "geometry": { "type": "Polygon", "coordinates": [ [ [ -52.43321, -0.93488 ], [ -52.43425, -0.94062 ], [ -52.43868, -0.94361 ], [ -52.43768, -0.92888 ], [ -52.42935, -0.92033 ], [ -52.40854, -0.91674 ], [ -52.40472, -0.91274 ], [ -52.40147, -0.91751 ], [ -52.41976, -0.9195 ], [ -52.42822, -0.92849 ], [ -52.42397, -0.92639 ], [ -52.42783, -0.93015 ], [ -52.42853, -0.92877 ], [ -52.43092, -0.93208 ], [ -52.43321, -0.93488 ] ], [ [ -52.43143, -0.93146 ], [ -52.43283, -0.93275 ], [ -52.4329, -0.93315 ], [ -52.43092, -0.93208 ], [ -52.43143, -0.93146 ] ], [ [ -52.42198, -0.92133 ], [ -52.42378, -0.92331 ], [ -52.42251, -0.92235 ], [ -52.42198, -0.92133 ] ] ] } },
{ "type": "Feature", "properties": { "cluster": 377.0, "hvi": 0.1596, "population": 2818, "setores": 4, "municipio": "Vitória do Jari" }, "geometry": { "type": "MultiPolygon", "coordinates": [ [ [ [ -52.43455, -0.93897 ], [ -52.42397, -0.92639 ], [ -52.41843, -0.93425 ], [ -52.42226, -0.92995 ], [ -52.42365, -0.93255 ], [ -52.42845, -0.93409 ], [ -52.43455, -0.93897 ] ] ], [ [ [ -52.42491, -0.92543 ], [ -52.4223, -0.92243 ], [ -52.42397, -0.92639 ], [ -52.42491, -0.92543 ] ] ], [ [ [ -52.42251, -0.92235 ], [ -52.42378, -0.92331 ], [ -52.42198, -0.92133 ], [ -52.42251, -0.92235 ] ] ], [ [ [ -52.42081, -0.92041 ], [ -52.42123, -0.9233 ], [ -52.4223, -0.92243 ], [ -52.42081, -0.92041 ] ] ] ] } },
{ "type": "Feature", "properties": { "cluster": 378.0, "hvi": 0.1315, "population": 1210, "setores": 2, "municipio": "Vitória do Jari" }, "geometry": { "type": "MultiPolygon", "coordinates": [ [ [ [ -52.40049, -0.92658 ], [ -52.40053, -0.93091 ], [ -52.40205, -0.92909 ], [ -52.40438, -0.92843 ], [ -52.40049, -0.92658 ] ] ], [ [ [ -52.39811, -0.9254 ], [ -52.40621, -0.92712 ], [ -52.40803, -0.91945 ], [ -52.40147, -0.91751 ], [ -52.39811, -0.9254 ] ] ] ] } },
{ "type": "Feature", "properties": { "cluster": 379.0, "hvi": 0.1729, "population": 2646, "setores": 3, "municipio": "Vitória do Jari" }, "geometry": { "type": "Polygon", "coordinates": [ [ [ -52.41741, -0.93327 ], [ -52.42397, -0.92639 ], [ -52.41981, -0.92209 ], [ -52.41515, -0.91979 ], [ -52.4171, -0.91988 ], [ -52.41744, -0.91864 ], [ -52.41388, -0.91842 ], [ -52.40803, -0.91945 ], [ -52.4135, -0.91971 ], [ -52.40774, -0.92267 ], [ -52.41551, -0.92523 ], [ -52.41905, -0.92886 ], [ -52.41741, -0.93327 ] ] ] } },
{ "type": "Feature", "properties": { "cluster": 380.0, "hvi": 0.1216, "population": 2573, "setores": 11, "municipio": "Mazagão" }, "geometry": { "type": "Polygon", "coordinates": [ [ [ -51.92596, -1.13232 ], [ -51.93337, -1.13749 ], [ -51.9469, -1.16601 ], [ -51.95588, -1.16967 ], [ -51.96154, -1.16736 ], [ -51.96593, -1.1596 ], [ -51.96196, -1.13444 ], [ -51.96559, -1.12581 ], [ -51.97498, -1.12062 ], [ -51.98533, -1.12145 ], [ -51.9934, -1.12898 ], [ -51.98704, -1.15684 ], [ -51.98704, -1.16452 ], [ -51.99112, -1.17182 ], [ -52.01133, -1.1676 ], [ -52.0212, -1.17051 ], [ -52.02976, -1.16813 ], [ -52.0409, -1.17013 ], [ -52.05506, -1.17695 ], [ -52.06398, -1.18593 ], [ -52.06296, -1.19289 ], [ -52.04756, -1.21428 ], [ -52.04706, -1.21931 ], [ -52.05465, -1.23422 ], [ -52.07512, -1.23487 ], [ -52.09879, -1.22793 ], [ -52.10987, -1.21812 ], [ -52.11079, -1.20468 ], [ -52.10676, -1.18307 ], [ -52.11842, -1.14812 ], [ -52.11781, -1.14757 ], [ -52.12535, -1.1458 ], [ -52.14673, -1.14879 ], [ -52.16239, -1.13405 ], [ -52.17357, -1.13013 ], [ -52.22215, -1.13453 ], [ -52.23866, -1.12624 ], [ -52.27332, -1.12853 ], [ -52.30098, -1.11591 ], [ -52.31279, -1.11421 ], [ -52.32979, -1.11669 ], [ -52.33613, -1.1114 ], [ -52.34697, -1.08424 ], [ -52.21572, -0.95678 ], [ -52.19784, -0.97404 ], [ -52.1666, -0.98828 ], [ -52.12889, -0.98814 ], [ -52.12081, -0.9823 ], [ -52.10479, -0.97732 ], [ -52.0831, -1.06689 ], [ -52.08581, -1.05568 ], [ -52.08012, -1.05429 ], [ -52.05932, -1.06535 ], [ -52.04722, -1.05755 ], [ -52.03636, -1.06441 ], [ -52.026, -1.0609 ], [ -52.01801, -1.0515 ], [ -52.00835, -1.04758 ], [ -51.99393, -1.02212 ], [ -51.9757, -1.01151 ], [ -51.95576, -0.98926 ], [ -51.95296, -0.97462 ], [ -51.95726, -0.96357 ], [ -51.94816, -0.9539 ], [ -51.9445, -0.9436 ], [ -51.9514, -0.93984 ], [ -51.95528, -0.91678 ], [ -51.94282, -0.87321 ], [ -51.93757, -0.8722 ], [ -51.93775, -0.86941 ], [ -51.77833, -0.60328 ], [ -51.74001, -0.58649 ], [ -51.71009, -0.5611 ], [ -51.57572, -0.55992 ], [ -51.57372, -0.56661 ], [ -51.56615, -0.57109 ], [ -51.53379, -0.53915 ], [ -51.50805, -0.52707 ], [ -51.46681, -0.49045 ], [ -51.44432, -0.46406 ], [ -51.43915, -0.45504 ], [ -51.43508, -0.41601 ], [ -51.39473, -0.3784 ], [ -51.37847, -0.35458 ], [ -51.34674, -0.26393 ], [ -51.34413, -0.26048 ], [ -51.32852, -0.2695 ], [ -51.34595, -0.29611 ], [ -51.35445, -0.31852 ], [ -51.36251, -0.36811 ], [ -51.40377, -0.41474 ], [ -51.42073, -0.42899 ], [ -51.43248, -0.47334 ], [ -51.45779, -0.51323 ], [ -51.4867, -0.54561 ], [ -51.51512, -0.56604 ], [ -51.59554, -0.65044 ], [ -51.66548, -0.76189 ], [ -51.68351, -0.79552 ], [ -51.69095, -0.85381 ], [ -51.69559, -0.92472 ], [ -51.68976, -0.99759 ], [ -51.68565, -1.01286 ], [ -51.68723, -1.03601 ], [ -51.69165, -1.04611 ], [ -51.70434, -1.06774 ], [ -51.78846, -1.14761 ], [ -51.8091, -1.1571 ], [ -51.88201, -1.16635 ], [ -51.89192, -1.16498 ], [ -51.92596, -1.13232 ] ], [ [ -51.91485, -0.86977 ], [ -51.91775, -0.86284 ], [ -51.91529, -0.86888 ], [ -51.92254, -0.86989 ], [ -51.91485, -0.86977 ] ], [ [ -51.91675, -0.88024 ], [ -51.91604, -0.88043 ], [ -51.91478, -0.86993 ], [ -51.91675, -0.88024 ] ], [ [ -51.91053, -0.88189 ], [ -51.91046, -0.88096 ], [ -51.91259, -0.88134 ], [ -51.91053, -0.88189 ] ], [ [ -51.90756, -0.87161 ], [ -51.90911, -0.87161 ], [ -51.90915, -0.8724 ], [ -51.90756, -0.87161 ] ], [ [ -51.90193, -0.87264 ], [ -51.90263, -0.87161 ], [ -51.90535, -0.87161 ], [ -51.90193, -0.87264 ] ], [ [ -51.90575, -0.88388 ], [ -51.90306, -0.8833 ], [ -51.90061, -0.87458 ], [ -51.90104, -0.87394 ], [ -51.90575, -0.88388 ] ], [ [ -51.90391, -0.88631 ], [ -51.90214, -0.88656 ], [ -51.90575, -0.88388 ], [ -51.90391, -0.88631 ] ], [ [ -51.89993, -0.88688 ], [ -51.89755, -0.88722 ], [ -51.89508, -0.87737 ], [ -51.89811, -0.88527 ], [ -51.89993, -0.88688 ] ], [ [ -51.89015, -0.88616 ], [ -51.88923, -0.88666 ], [ -51.89508, -0.87737 ], [ -51.89015, -0.88616 ] ], [ [ -51.88289, -0.89011 ], [ -51.88127, -0.88879 ], [ -51.88727, -0.88773 ], [ -51.88289, -0.89011 ] ], [ [ -51.87993, -0.88771 ], [ -51.88201, -0.88004 ], [ -51.8805, -0.88817 ], [ -51.87993, -0.88771 ] ], [ [ -51.88201, -0.88004 ], [ -51.87967, -0.87913 ], [ -51.87811, -0.86807 ], [ -51.88201, -0.88004 ] ], [ [ -51.82269, -0.87481 ], [ -51.82328, -0.87415 ], [ -51.82532, -0.87886 ], [ -51.82269, -0.87481 ] ], [ [ -51.82291, -0.86149 ], [ -51.82241, -0.86422 ], [ -51.81918, -0.86944 ], [ -51.82291, -0.86149 ] ], [ [ -51.81291, -0.86549 ], [ -51.82336, -0.85895 ], [ -51.82322, -0.85975 ], [ -51.81291, -0.86549 ] ], [ [ -51.80904, -0.87357 ], [ -51.80848, -0.87333 ], [ -51.80934, -0.87296 ], [ -51.80904, -0.87357 ] ], [ [ -51.72895, -0.85877 ], [ -51.72728, -0.85804 ], [ -51.73459, -0.85182 ], [ -51.72895, -0.85877 ] ], [ [ -51.72639, -0.85765 ], [ -51.72853, -0.84083 ], [ -51.72676, -0.85781 ], [ -51.72639, -0.85765 ] ], [ [ -51.73919, -0.84062 ], [ -51.73979, -0.84113 ], [ -51.73923, -0.84112 ], [ -51.73919, -0.84062 ] ], [ [ -51.70236, -1.04213 ], [ -51.69674, -1.03343 ], [ -51.69607, -1.02921 ], [ -51.70236, -1.04213 ] ], [ [ -51.76646, -1.08473 ], [ -51.76641, -1.08197 ], [ -51.78645, -1.11083 ], [ -51.76195, -1.08104 ], [ -51.76646, -1.08473 ] ], [ [ -51.76639, -1.08105 ], [ -51.77445, -1.07007 ], [ -51.7664, -1.08143 ], [ -51.76639, -1.08105 ] ], [ [ -51.83128, -1.03061 ], [ -51.83178, -1.03073 ], [ -51.814, -1.04491 ], [ -51.83128, -1.03061 ] ], [ [ -51.63545, -0.59234 ], [ -51.63658, -0.59461 ], [ -51.62271, -0.60324 ], [ -51.62137, -0.60073 ], [ -51.63545, -0.59234 ] ] ] } }
]
}
