{
"type": "FeatureCollection",
"name": "clusters_rr",
"crs": { "type": "name", "properties": { "name": "urn:ogc:def:crs:OGC:1.3:CRS84" } },
"xy_coordinate_resolution": 1e-05,
"features": [
{ "type": "Feature", "properties": { "cluster": 0.0, "hvi": 0.0873, "population": 2398, "setores": 7, "municipio": "Amajari" }, "geometry": { "type": "Polygon", "coordinates": [ [ [ -60.97464, 3.65201 ], [ -60.97185, 3.63814 ], [ -60.9631, 3.6093 ], [ -60.97706, 3.59487 ], [ -60.98401, 3.59637 ], [ -60.98838, 3.58767 ], [ -60.99722, 3.58311 ], [ -61.00302, 3.57326 ], [ -61.00742, 3.57147 ], [ -61.00598, 3.55866 ], [ -61.00824, 3.55466 ], [ -61.03029, 3.54964 ], [ -61.03336, 3.5386 ], [ -61.04768, 3.53691 ], [ -61.05429, 3.52838 ], [ -61.0697, 3.5195 ], [ -61.0749, 3.52689 ], [ -61.09362, 3.53017 ], [ -61.09645, 3.53864 ], [ -61.10943, 3.54839 ], [ -61.13188, 3.52431 ], [ -61.15376, 3.53066 ], [ -61.1619, 3.51924 ], [ -61.17049, 3.53204 ], [ -61.17352, 3.5289 ], [ -61.17326, 3.52016 ], [ -61.17591, 3.5199 ], [ -61.18196, 3.52864 ], [ -61.19734, 3.53074 ], [ -61.18963, 3.53919 ], [ -61.18678, 3.54774 ], [ -61.1883, 3.5644 ], [ -61.20004, 3.5574 ], [ -61.2079, 3.5665 ], [ -61.21504, 3.56667 ], [ -61.2222, 3.55894 ], [ -61.22556, 3.57642 ], [ -61.23128, 3.58368 ], [ -61.23883, 3.5854 ], [ -61.23994, 3.60635 ], [ -61.25037, 3.62682 ], [ -61.25691, 3.63246 ], [ -61.25155, 3.65335 ], [ -61.2405, 3.66721 ], [ -61.23796, 3.67742 ], [ -61.24228, 3.69459 ], [ -61.25473, 3.71835 ], [ -61.25352, 3.72197 ], [ -61.18135, 3.63401 ], [ -61.17144, 3.64443 ], [ -61.16176, 3.67653 ], [ -61.15001, 3.69651 ], [ -61.14456, 3.71895 ], [ -61.13129, 3.73303 ], [ -61.12022, 3.73165 ], [ -61.12195, 3.73616 ], [ -61.11262, 3.73299 ], [ -61.11528, 3.72985 ], [ -61.10179, 3.72298 ], [ -61.09767, 3.72486 ], [ -61.08788, 3.72214 ], [ -61.08622, 3.72564 ], [ -61.06831, 3.72533 ], [ -61.04981, 3.72997 ], [ -61.045, 3.726 ], [ -61.04399, 3.72897 ], [ -61.03759, 3.72356 ], [ -61.03623, 3.71879 ], [ -61.03925, 3.71654 ], [ -61.03277, 3.70852 ], [ -61.00844, 3.69138 ], [ -60.99846, 3.68974 ], [ -60.98696, 3.69228 ], [ -60.97595, 3.65199 ], [ -60.98169, 3.65183 ], [ -60.97464, 3.65201 ] ] ] } },
{ "type": "Feature", "properties": { "cluster": 1.0, "hvi": 0.0862, "population": 2795, "setores": 37, "municipio": "Amajari" }, "geometry": { "type": "MultiPolygon", "coordinates": [ [ [ [ -60.86348, 3.12135 ], [ -60.95525, 3.12173 ], [ -60.9804, 3.08552 ], [ -60.97871, 3.05787 ], [ -60.96634, 3.04729 ], [ -60.9669, 3.03341 ], [ -60.96248, 3.02252 ], [ -60.95348, 3.01911 ], [ -60.94831, 3.01324 ], [ -60.94707, 2.99917 ], [ -60.93996, 2.98516 ], [ -60.93859, 2.96342 ], [ -60.94355, 2.95288 ], [ -60.94026, 2.94234 ], [ -60.94511, 2.93521 ], [ -60.94257, 2.92832 ], [ -60.95525, 2.9361 ], [ -60.97298, 2.92531 ], [ -60.9771, 2.91914 ], [ -60.98784, 2.91654 ], [ -61.00055, 2.92027 ], [ -61.00056, 3.20903 ], [ -60.98959, 3.2075 ], [ -60.96645, 3.19524 ], [ -60.94466, 3.20854 ], [ -60.92039, 3.20836 ], [ -60.92548, 3.23465 ], [ -60.90816, 3.2437 ], [ -60.89526, 3.25704 ], [ -60.88379, 3.26256 ], [ -60.87772, 3.27524 ], [ -60.8721, 3.27877 ], [ -60.85941, 3.27568 ], [ -60.85063, 3.28166 ], [ -60.89286, 3.41589 ], [ -60.90687, 3.43552 ], [ -60.91044, 3.46123 ], [ -60.9058, 3.46537 ], [ -60.91063, 3.46378 ], [ -60.91886, 3.46618 ], [ -60.9304, 3.48001 ], [ -60.94612, 3.48008 ], [ -60.95823, 3.47296 ], [ -60.9684, 3.4718 ], [ -60.9697, 3.4823 ], [ -60.9779, 3.4868 ], [ -60.9855, 3.4967 ], [ -60.9991, 3.4951 ], [ -60.9997, 3.4813 ], [ -61.0037, 3.4801 ], [ -61.0082, 3.4886 ], [ -61.0179, 3.489 ], [ -61.0286, 3.4976 ], [ -61.0453, 3.4966 ], [ -61.0479, 3.499 ], [ -61.0486, 3.5058 ], [ -61.0413, 3.513 ], [ -61.03249, 3.54744 ], [ -61.0253, 3.55238 ], [ -61.01912, 3.55056 ], [ -61.01609, 3.55425 ], [ -61.00824, 3.55466 ], [ -61.00598, 3.55866 ], [ -61.00742, 3.57147 ], [ -61.00302, 3.57326 ], [ -60.99722, 3.58311 ], [ -60.98838, 3.58767 ], [ -60.98401, 3.59637 ], [ -60.97706, 3.59487 ], [ -60.9631, 3.6093 ], [ -60.94023, 3.56183 ], [ -60.92203, 3.56528 ], [ -60.92268, 3.57029 ], [ -60.88095, 3.57734 ], [ -60.87875, 3.5478 ], [ -60.8509, 3.54087 ], [ -60.82535, 3.54874 ], [ -60.79678, 3.5797 ], [ -60.79809, 3.58001 ], [ -60.79817, 3.59398 ], [ -60.81223, 3.595 ], [ -60.80415, 3.6132 ], [ -60.81777, 3.62152 ], [ -60.82309, 3.6181 ], [ -60.83164, 3.6241 ], [ -60.83229, 3.62873 ], [ -60.84007, 3.62748 ], [ -60.84238, 3.63248 ], [ -60.85007, 3.63195 ], [ -60.85771, 3.6364 ], [ -60.86861, 3.64936 ], [ -60.86271, 3.66619 ], [ -60.86857, 3.67231 ], [ -60.87393, 3.70108 ], [ -60.8834, 3.71424 ], [ -60.88123, 3.71941 ], [ -60.88525, 3.72296 ], [ -60.88942, 3.73831 ], [ -60.88362, 3.749 ], [ -60.88396, 3.75729 ], [ -60.87851, 3.75975 ], [ -60.87904, 3.7683 ], [ -60.87551, 3.77324 ], [ -60.87803, 3.77924 ], [ -60.87204, 3.78741 ], [ -60.87334, 3.79935 ], [ -60.87076, 3.80652 ], [ -60.8744, 3.83115 ], [ -60.8779, 3.83451 ], [ -60.87807, 3.8442 ], [ -60.88482, 3.84812 ], [ -60.88753, 3.85808 ], [ -60.89835, 3.86655 ], [ -60.8967, 3.87251 ], [ -60.90415, 3.88268 ], [ -60.90926, 3.90902 ], [ -60.91765, 3.91848 ], [ -60.91423, 3.9223 ], [ -60.92173, 3.92657 ], [ -60.92326, 3.93204 ], [ -60.79973, 4.04056 ], [ -60.74481, 4.10207 ], [ -60.73396, 4.09886 ], [ -60.72829, 4.10133 ], [ -60.72097, 4.09536 ], [ -60.71433, 4.09706 ], [ -60.70782, 4.08814 ], [ -60.6836, 4.08015 ], [ -60.67077, 4.08215 ], [ -60.66521, 4.07229 ], [ -60.66071, 4.08498 ], [ -60.65037, 4.07434 ], [ -60.6446, 4.0809 ], [ -60.64152, 4.07474 ], [ -60.63818, 4.08011 ], [ -60.6299, 4.08032 ], [ -60.62999, 4.08601 ], [ -60.62518, 4.08736 ], [ -60.6233, 4.08257 ], [ -60.61915, 4.08328 ], [ -60.61204, 4.07795 ], [ -60.60763, 4.08156 ], [ -60.60802, 4.08711 ], [ -60.60406, 4.08695 ], [ -60.5941, 4.08014 ], [ -60.59001, 4.06418 ], [ -60.58422, 4.07647 ], [ -60.58101, 4.07553 ], [ -60.57944, 4.07265 ], [ -60.5834, 4.06781 ], [ -60.5799, 4.06067 ], [ -60.58516, 4.05885 ], [ -60.58602, 4.05538 ], [ -60.56988, 4.05231 ], [ -60.55269, 4.04017 ], [ -60.54405, 4.04347 ], [ -60.5413, 4.03962 ], [ -60.54328, 4.03519 ], [ -60.53926, 4.03634 ], [ -60.53884, 4.04098 ], [ -60.53125, 4.04096 ], [ -60.52364, 4.03108 ], [ -60.52255, 4.02391 ], [ -60.51631, 4.02206 ], [ -60.52033, 4.01478 ], [ -60.5176, 4.00971 ], [ -60.52483, 4.00313 ], [ -60.5257, 4.0062 ], [ -60.52788, 3.99619 ], [ -60.52112, 3.98646 ], [ -60.52876, 3.9821 ], [ -60.52578, 3.96437 ], [ -60.52396, 3.96218 ], [ -60.51689, 3.96356 ], [ -60.51366, 3.95889 ], [ -60.50363, 3.95571 ], [ -60.50863, 3.94697 ], [ -60.50203, 3.92219 ], [ -60.50504, 3.91332 ], [ -60.48773, 3.90018 ], [ -60.49134, 3.89101 ], [ -60.48995, 3.88546 ], [ -60.49995, 3.87351 ], [ -60.49106, 3.86713 ], [ -60.4894, 3.85823 ], [ -60.4819, 3.85378 ], [ -60.47745, 3.84379 ], [ -60.47884, 3.83268 ], [ -60.48606, 3.8274 ], [ -60.48245, 3.79823 ], [ -60.48578, 3.79851 ], [ -60.48829, 3.80462 ], [ -60.49161, 3.80073 ], [ -60.48856, 3.78851 ], [ -60.48023, 3.78129 ], [ -60.48051, 3.7749 ], [ -60.48551, 3.77046 ], [ -60.49384, 3.77268 ], [ -60.48801, 3.75906 ], [ -60.4894, 3.75101 ], [ -60.50689, 3.73434 ], [ -60.50356, 3.73296 ], [ -60.4869, 3.74296 ], [ -60.48356, 3.74074 ], [ -60.48078, 3.72879 ], [ -60.47162, 3.72296 ], [ -60.46995, 3.71518 ], [ -60.47551, 3.70101 ], [ -60.4719, 3.69462 ], [ -60.46662, 3.69768 ], [ -60.46162, 3.69629 ], [ -60.46162, 3.69073 ], [ -60.45495, 3.68295 ], [ -60.45801, 3.6724 ], [ -60.45217, 3.66406 ], [ -60.44384, 3.66268 ], [ -60.43773, 3.65018 ], [ -60.43246, 3.64879 ], [ -60.43828, 3.62656 ], [ -60.42555, 3.62102 ], [ -60.43106, 3.61213 ], [ -60.42246, 3.61212 ], [ -60.41828, 3.5949 ], [ -60.41023, 3.58017 ], [ -60.40856, 3.56851 ], [ -60.39579, 3.57267 ], [ -60.39078, 3.56851 ], [ -60.37995, 3.56656 ], [ -60.37662, 3.56268 ], [ -60.38134, 3.55573 ], [ -60.37273, 3.54795 ], [ -60.35718, 3.54156 ], [ -60.3519, 3.55157 ], [ -60.34467, 3.54601 ], [ -60.33773, 3.54545 ], [ -60.32245, 3.52962 ], [ -60.32162, 3.52101 ], [ -60.32939, 3.52018 ], [ -60.33078, 3.51656 ], [ -60.32106, 3.50629 ], [ -60.31078, 3.50823 ], [ -60.31051, 3.4949 ], [ -60.29939, 3.48657 ], [ -60.30189, 3.47545 ], [ -60.28912, 3.46407 ], [ -60.28578, 3.44962 ], [ -60.29939, 3.43907 ], [ -60.29717, 3.4299 ], [ -60.30245, 3.42406 ], [ -60.32161, 3.41463 ], [ -60.32579, 3.39601 ], [ -60.32134, 3.36907 ], [ -60.32261, 3.37213 ], [ -60.34608, 3.34515 ], [ -60.34509, 3.32642 ], [ -60.34829, 3.31779 ], [ -60.36358, 3.31091 ], [ -60.39784, 3.30231 ], [ -60.40974, 3.28902 ], [ -60.414, 3.27811 ], [ -60.4141, 3.26294 ], [ -60.39665, 3.2239 ], [ -60.38613, 3.20914 ], [ -60.38753, 3.18123 ], [ -60.37563, 3.17045 ], [ -60.37462, 3.16592 ], [ -60.38882, 3.15618 ], [ -60.42259, 3.09755 ], [ -60.44292, 3.07524 ], [ -60.44476, 3.06121 ], [ -60.45138, 3.04558 ], [ -60.48675, 3.02604 ], [ -60.48429, 3.0336 ], [ -60.48496, 3.03833 ], [ -60.48818, 3.04591 ], [ -60.48907, 3.05379 ], [ -60.49328, 3.06341 ], [ -60.49412, 3.07278 ], [ -60.50772, 3.09867 ], [ -60.51689, 3.14504 ], [ -60.5317, 3.17144 ], [ -60.5627, 3.20437 ], [ -60.58141, 3.23536 ], [ -60.58216, 3.33343 ], [ -60.5875, 3.36544 ], [ -60.59643, 3.38222 ], [ -60.59372, 3.39411 ], [ -60.59675, 3.40087 ], [ -60.60918, 3.40665 ], [ -60.62437, 3.42591 ], [ -60.65418, 3.43663 ], [ -60.66659, 3.45441 ], [ -60.69408, 3.47226 ], [ -60.67654, 3.46012 ], [ -60.67935, 3.45741 ], [ -60.69064, 3.45984 ], [ -60.69853, 3.45782 ], [ -60.70732, 3.46275 ], [ -60.82926, 3.33142 ], [ -60.83136, 3.32602 ], [ -60.8242, 3.31647 ], [ -60.82532, 3.30916 ], [ -60.81712, 3.29391 ], [ -60.84217, 3.28434 ], [ -60.83903, 3.26806 ], [ -60.84552, 3.26541 ], [ -60.84772, 3.2724 ], [ -60.84438, 3.26118 ], [ -60.83099, 3.16861 ], [ -60.83273, 3.14236 ], [ -60.84667, 3.14141 ], [ -60.86378, 3.13365 ], [ -60.86348, 3.12135 ] ], [ [ -60.5611, 3.8331 ], [ -60.57612, 3.84912 ], [ -60.5761, 3.849 ], [ -60.5611, 3.8331 ] ], [ [ -60.5468, 3.8188 ], [ -60.5505, 3.8184 ], [ -60.54641, 3.81811 ], [ -60.5468, 3.8188 ] ], [ [ -60.5445, 3.8148 ], [ -60.54582, 3.8171 ], [ -60.54245, 3.80815 ], [ -60.5445, 3.8148 ] ], [ [ -60.54533, 3.78981 ], [ -60.54167, 3.80563 ], [ -60.5459, 3.7899 ], [ -60.54533, 3.78981 ] ], [ [ -60.5323, 3.7759 ], [ -60.5395, 3.7816 ], [ -60.5289, 3.76854 ], [ -60.5323, 3.7759 ] ], [ [ -60.5286, 3.7679 ], [ -60.52873, 3.76818 ], [ -60.5305, 3.7611 ], [ -60.5286, 3.7679 ] ], [ [ -60.52365, 3.75238 ], [ -60.52608, 3.75383 ], [ -60.526, 3.7537 ], [ -60.52365, 3.75238 ] ], [ [ -60.5153, 3.7474 ], [ -60.51548, 3.74751 ], [ -60.5151, 3.7407 ], [ -60.5153, 3.7474 ] ], [ [ -60.49, 3.7094 ], [ -60.5078, 3.7178 ], [ -60.48676, 3.7052 ], [ -60.49, 3.7094 ] ], [ [ -60.4863, 3.7046 ], [ -60.48665, 3.70505 ], [ -60.4912, 3.6998 ], [ -60.4863, 3.7046 ] ], [ [ -60.48909, 3.66426 ], [ -60.4889, 3.6714 ], [ -60.4894, 3.6646 ], [ -60.48909, 3.66426 ] ], [ [ -60.48542, 3.65625 ], [ -60.48564, 3.65669 ], [ -60.4857, 3.6564 ], [ -60.48542, 3.65625 ] ], [ [ -60.4738, 3.6492 ], [ -60.47488, 3.64984 ], [ -60.4725, 3.6442 ], [ -60.4738, 3.6492 ] ], [ [ -60.4542, 3.6199 ], [ -60.4606, 3.6245 ], [ -60.4547, 3.61944 ], [ -60.4542, 3.6199 ] ], [ [ -60.454, 3.6065 ], [ -60.45452, 3.60696 ], [ -60.45427, 3.60597 ], [ -60.454, 3.6065 ] ], [ [ -60.45379, 3.59012 ], [ -60.46138, 3.59206 ], [ -60.45904, 3.59663 ], [ -60.46263, 3.59224 ], [ -60.45379, 3.59012 ] ], [ [ -60.46575, 3.59863 ], [ -60.46358, 3.59247 ], [ -60.46271, 3.59226 ], [ -60.46281, 3.59574 ], [ -60.46575, 3.59863 ] ], [ [ -60.47396, 3.6049 ], [ -60.46895, 3.60177 ], [ -60.47198, 3.60474 ], [ -60.47396, 3.6049 ] ], [ [ -60.48497, 3.5939 ], [ -60.48463, 3.59654 ], [ -60.48863, 3.58746 ], [ -60.48497, 3.5939 ] ], [ [ -60.49209, 3.58135 ], [ -60.49138, 3.58261 ], [ -60.50447, 3.57317 ], [ -60.49209, 3.58135 ] ], [ [ -60.51698, 3.55444 ], [ -60.5134, 3.56674 ], [ -60.5137, 3.56652 ], [ -60.51698, 3.55444 ] ], [ [ -60.56702, 3.47661 ], [ -60.56361, 3.47826 ], [ -60.56461, 3.47833 ], [ -60.56702, 3.47661 ] ], [ [ -60.60394, 3.45422 ], [ -60.57898, 3.46983 ], [ -60.60271, 3.4571 ], [ -60.60394, 3.45422 ] ], [ [ -60.60023, 3.43255 ], [ -60.6064, 3.44846 ], [ -60.62242, 3.46958 ], [ -60.60023, 3.43255 ] ], [ [ -60.77778, 3.57521 ], [ -60.7672, 3.56614 ], [ -60.76628, 3.56636 ], [ -60.77778, 3.57521 ] ], [ [ -60.76276, 3.56719 ], [ -60.75857, 3.56818 ], [ -60.75758, 3.56922 ], [ -60.76276, 3.56719 ] ], [ [ -60.75206, 3.57499 ], [ -60.73712, 3.57239 ], [ -60.74598, 3.57466 ], [ -60.75206, 3.57499 ] ], [ [ -60.71271, 3.55373 ], [ -60.71021, 3.55262 ], [ -60.70982, 3.55334 ], [ -60.71271, 3.55373 ] ], [ [ -60.77875, 3.49849 ], [ -60.74388, 3.49833 ], [ -60.74664, 3.50023 ], [ -60.74658, 3.49837 ], [ -60.77875, 3.49849 ] ], [ [ -60.73052, 3.48549 ], [ -60.73604, 3.49292 ], [ -60.74162, 3.49676 ], [ -60.73052, 3.48549 ] ], [ [ -60.72387, 3.47872 ], [ -60.70367, 3.47485 ], [ -60.72598, 3.48087 ], [ -60.72387, 3.47872 ] ], [ [ -60.74693, 3.5096 ], [ -60.74672, 3.50286 ], [ -60.73745, 3.5472 ], [ -60.74693, 3.5096 ] ], [ [ -60.73475, 3.54747 ], [ -60.73355, 3.55108 ], [ -60.73745, 3.5472 ], [ -60.73475, 3.54747 ] ], [ [ -60.82313, 3.65475 ], [ -60.8244, 3.6542 ], [ -60.82462, 3.63917 ], [ -60.82313, 3.65475 ] ], [ [ -60.82253, 3.66103 ], [ -60.8226, 3.6609 ], [ -60.82256, 3.66068 ], [ -60.82253, 3.66103 ] ], [ [ -60.8136, 3.6702 ], [ -60.8192, 3.6668 ], [ -60.82219, 3.66161 ], [ -60.8136, 3.6702 ] ], [ [ -60.80955, 3.75376 ], [ -60.8098, 3.7527 ], [ -60.8044, 3.721 ], [ -60.80955, 3.75376 ] ], [ [ -60.80556, 3.76267 ], [ -60.8083, 3.759 ], [ -60.80933, 3.75467 ], [ -60.80556, 3.76267 ] ], [ [ -60.7982, 3.7663 ], [ -60.8036, 3.7653 ], [ -60.80407, 3.76468 ], [ -60.7982, 3.7663 ] ], [ [ -60.7918, 3.7838 ], [ -60.79187, 3.78424 ], [ -60.7955, 3.7821 ], [ -60.7918, 3.7838 ] ], [ [ -60.7662, 3.8305 ], [ -60.76595, 3.83147 ], [ -60.7875, 3.8146 ], [ -60.7662, 3.8305 ] ], [ [ -60.74879, 3.65014 ], [ -60.7485, 3.63 ], [ -60.7487, 3.65 ], [ -60.74879, 3.65014 ] ], [ [ -60.7538, 3.6572 ], [ -60.75117, 3.65373 ], [ -60.75393, 3.65789 ], [ -60.7538, 3.6572 ] ], [ [ -60.7559, 3.6684 ], [ -60.75424, 3.65956 ], [ -60.75473, 3.67441 ], [ -60.7559, 3.6684 ] ], [ [ -60.7539, 3.6787 ], [ -60.75415, 3.6774 ], [ -60.75072, 3.6827 ], [ -60.7539, 3.6787 ] ], [ [ -60.7485, 3.6855 ], [ -60.74875, 3.68519 ], [ -60.74745, 3.68587 ], [ -60.7485, 3.6855 ] ], [ [ -60.7241, 3.7168 ], [ -60.73536, 3.69219 ], [ -60.734, 3.6929 ], [ -60.7241, 3.7168 ] ], [ [ -60.6615, 3.7596 ], [ -60.661, 3.7529 ], [ -60.66071, 3.76015 ], [ -60.6615, 3.7596 ] ], [ [ -60.6455, 3.7707 ], [ -60.6515, 3.76654 ], [ -60.64526, 3.77063 ], [ -60.6455, 3.7707 ] ], [ [ -60.58695, 4.05402 ], [ -60.58515, 4.05288 ], [ -60.58543, 4.05401 ], [ -60.58695, 4.05402 ] ], [ [ -60.58342, 3.39004 ], [ -60.57967, 3.38862 ], [ -60.58233, 3.39081 ], [ -60.58342, 3.39004 ] ], [ [ -60.41901, 3.58144 ], [ -60.41792, 3.5767 ], [ -60.41759, 3.57741 ], [ -60.41901, 3.58144 ] ], [ [ -60.39921, 3.17319 ], [ -60.39703, 3.17152 ], [ -60.38742, 3.17156 ], [ -60.39921, 3.17319 ] ], [ [ -60.34947, 3.4539 ], [ -60.36163, 3.45027 ], [ -60.3528, 3.41852 ], [ -60.33776, 3.42337 ], [ -60.34947, 3.4539 ] ], [ [ -60.4158, 3.394 ], [ -60.41283, 3.37851 ], [ -60.40598, 3.37625 ], [ -60.4086, 3.39517 ], [ -60.4158, 3.394 ] ], [ [ -60.49265, 3.11615 ], [ -60.50394, 3.11528 ], [ -60.50228, 3.10822 ], [ -60.49143, 3.10912 ], [ -60.49265, 3.11615 ] ], [ [ -60.54411, 3.23534 ], [ -60.55019, 3.23391 ], [ -60.54385, 3.22119 ], [ -60.53898, 3.22384 ], [ -60.54411, 3.23534 ] ], [ [ -60.56209, 3.24966 ], [ -60.5702, 3.24757 ], [ -60.56852, 3.24408 ], [ -60.56098, 3.2462 ], [ -60.56209, 3.24966 ] ], [ [ -60.49823, 3.88719 ], [ -60.49375, 3.8857 ], [ -60.49477, 3.89437 ], [ -60.50118, 3.89376 ], [ -60.49823, 3.88719 ] ], [ [ -60.5166, 3.78925 ], [ -60.51066, 3.78801 ], [ -60.50869, 3.79588 ], [ -60.5114, 3.79625 ], [ -60.5166, 3.78925 ] ] ], [ [ [ -60.48733, 3.0298 ], [ -60.48657, 3.03501 ], [ -60.48567, 3.03511 ], [ -60.48733, 3.0298 ] ] ], [ [ [ -59.84193, 3.3085 ], [ -59.85342, 3.30205 ], [ -59.85226, 3.29426 ], [ -59.85878, 3.27847 ], [ -59.87126, 3.27755 ], [ -59.88092, 3.25985 ], [ -59.87884, 3.24582 ], [ -59.88815, 3.24082 ], [ -59.87453, 3.22845 ], [ -59.87556, 3.2235 ], [ -59.88752, 3.21639 ], [ -59.90255, 3.21634 ], [ -59.90828, 3.21194 ], [ -59.91246, 3.19062 ], [ -59.89989, 3.15414 ], [ -59.9036, 3.14909 ], [ -59.92112, 3.14723 ], [ -59.91988, 3.14404 ], [ -59.90813, 3.14445 ], [ -59.90824, 3.13971 ], [ -59.91555, 3.13899 ], [ -59.91947, 3.13208 ], [ -59.91813, 3.126 ], [ -59.90919, 3.12511 ], [ -59.9079, 3.11328 ], [ -59.91576, 3.11064 ], [ -59.9205, 3.12177 ], [ -59.92411, 3.10817 ], [ -59.92947, 3.11023 ], [ -59.93885, 3.09992 ], [ -59.93854, 3.08807 ], [ -59.95565, 3.0822 ], [ -59.9513, 3.04405 ], [ -59.96139, 3.01894 ], [ -59.9787, 3.00904 ], [ -59.98758, 3.00736 ], [ -60.0057, 3.01164 ], [ -60.01164, 3.01783 ], [ -60.0215, 3.01456 ], [ -60.02676, 3.01891 ], [ -60.03994, 3.01391 ], [ -60.06093, 3.02371 ], [ -60.07094, 3.02142 ], [ -60.07287, 3.03072 ], [ -60.06607, 3.03733 ], [ -60.06393, 3.04573 ], [ -60.05544, 3.05348 ], [ -60.0608, 3.06624 ], [ -60.05395, 3.06503 ], [ -60.05311, 3.07226 ], [ -60.05441, 3.07123 ], [ -60.06756, 3.08117 ], [ -60.07939, 3.08446 ], [ -60.08672, 3.07842 ], [ -60.16326, 3.04292 ], [ -60.1757, 3.048 ], [ -60.186, 3.063 ], [ -60.1878, 3.0759 ], [ -60.1953, 3.0881 ], [ -60.1991, 3.0882 ], [ -60.2, 3.0947 ], [ -60.2129, 3.1114 ], [ -60.21045, 3.13052 ], [ -60.19481, 3.13716 ], [ -60.18923, 3.14496 ], [ -60.19354, 3.15706 ], [ -60.19055, 3.19026 ], [ -60.15011, 3.21526 ], [ -60.17546, 3.19985 ], [ -60.19368, 3.18829 ], [ -60.20929, 3.23148 ], [ -60.28566, 3.25162 ], [ -60.29106, 3.24367 ], [ -60.30529, 3.23984 ], [ -60.31799, 3.24034 ], [ -60.33449, 3.23261 ], [ -60.34101, 3.23726 ], [ -60.35771, 3.23777 ], [ -60.37639, 3.24541 ], [ -60.38416, 3.2386 ], [ -60.39729, 3.23798 ], [ -60.39811, 3.23571 ], [ -60.40876, 3.25741 ], [ -60.41108, 3.26881 ], [ -60.40495, 3.29066 ], [ -60.39636, 3.29922 ], [ -60.35896, 3.30876 ], [ -60.34807, 3.31521 ], [ -60.34244, 3.32242 ], [ -60.34492, 3.33694 ], [ -60.34144, 3.34455 ], [ -60.31495, 3.37602 ], [ -60.30023, 3.38518 ], [ -60.26412, 3.39268 ], [ -60.24245, 3.39379 ], [ -60.19031, 3.4111 ], [ -60.17745, 3.44351 ], [ -60.15606, 3.46268 ], [ -60.13939, 3.46101 ], [ -60.10995, 3.48295 ], [ -60.0815, 3.4918 ], [ -60.08878, 3.49045 ], [ -60.05606, 3.5249 ], [ -60.03689, 3.52767 ], [ -60.02745, 3.5399 ], [ -59.99984, 3.55274 ], [ -59.97523, 3.55657 ], [ -59.95828, 3.57268 ], [ -59.95003, 3.57106 ], [ -59.94356, 3.56046 ], [ -59.93717, 3.55879 ], [ -59.923, 3.57851 ], [ -59.9055, 3.58629 ], [ -59.89245, 3.57518 ], [ -59.88578, 3.56379 ], [ -59.87633, 3.56601 ], [ -59.86888, 3.55899 ], [ -59.84239, 3.55279 ], [ -59.84508, 3.54486 ], [ -59.8372, 3.52697 ], [ -59.83266, 3.52207 ], [ -59.82518, 3.52397 ], [ -59.81872, 3.52133 ], [ -59.80621, 3.51127 ], [ -59.80178, 3.4927 ], [ -59.82699, 3.48051 ], [ -59.82346, 3.47603 ], [ -59.81824, 3.47962 ], [ -59.81404, 3.47874 ], [ -59.81101, 3.46887 ], [ -59.82172, 3.47237 ], [ -59.84508, 3.46708 ], [ -59.8238, 3.47113 ], [ -59.82987, 3.45399 ], [ -59.84013, 3.44324 ], [ -59.84085, 3.43292 ], [ -59.84301, 3.42375 ], [ -59.83012, 3.42262 ], [ -59.81695, 3.43037 ], [ -59.81193, 3.42848 ], [ -59.81082, 3.42464 ], [ -59.8157, 3.41853 ], [ -59.82071, 3.41734 ], [ -59.82198, 3.41236 ], [ -59.81127, 3.38071 ], [ -59.86107, 3.35879 ], [ -59.84785, 3.36421 ], [ -59.84476, 3.35573 ], [ -59.84617, 3.35449 ], [ -59.83986, 3.3521 ], [ -59.83903, 3.34544 ], [ -59.83408, 3.34863 ], [ -59.82739, 3.33307 ], [ -59.8353, 3.32176 ], [ -59.84193, 3.31957 ], [ -59.84193, 3.3085 ] ], [ [ -59.89437, 3.36054 ], [ -59.89487, 3.36029 ], [ -59.86107, 3.35879 ], [ -59.89437, 3.36054 ] ], [ [ -59.908, 3.34819 ], [ -59.98352, 3.27515 ], [ -59.98319, 3.2752 ], [ -59.908, 3.34819 ] ], [ [ -59.86372, 3.33323 ], [ -59.86554, 3.33645 ], [ -59.86438, 3.33337 ], [ -59.86372, 3.33323 ] ], [ [ -59.83474, 3.32877 ], [ -59.83051, 3.32949 ], [ -59.8501, 3.33405 ], [ -59.83474, 3.32877 ] ], [ [ -59.99516, 3.17076 ], [ -59.9953, 3.1706 ], [ -59.993, 3.1625 ], [ -59.99516, 3.17076 ] ], [ [ -59.9867, 3.18927 ], [ -59.9876, 3.1883 ], [ -59.9898, 3.1773 ], [ -59.9867, 3.18927 ] ], [ [ -59.9332, 3.2827 ], [ -59.93314, 3.28326 ], [ -59.9389, 3.2774 ], [ -59.9332, 3.2827 ] ], [ [ -60.15806, 3.38091 ], [ -60.15461, 3.37655 ], [ -60.15556, 3.37946 ], [ -60.15806, 3.38091 ] ], [ [ -60.15052, 3.37139 ], [ -60.14327, 3.36223 ], [ -60.1497, 3.37133 ], [ -60.15052, 3.37139 ] ], [ [ -60.12508, 3.33987 ], [ -60.1424, 3.3347 ], [ -60.14626, 3.33164 ], [ -60.12508, 3.33987 ] ], [ [ -60.14894, 3.32951 ], [ -60.15079, 3.32805 ], [ -60.14917, 3.32547 ], [ -60.14894, 3.32951 ] ], [ [ -60.026, 3.5252 ], [ -60.0401, 3.5165 ], [ -60.02466, 3.52455 ], [ -60.026, 3.5252 ] ], [ [ -60.0231, 3.5238 ], [ -60.02367, 3.52408 ], [ -60.0205, 3.5161 ], [ -60.0231, 3.5238 ] ], [ [ -59.91027, 3.36791 ], [ -59.89803, 3.38011 ], [ -59.91044, 3.3682 ], [ -59.91027, 3.36791 ] ], [ [ -59.8443, 3.40698 ], [ -59.84397, 3.41965 ], [ -59.84585, 3.41163 ], [ -59.8443, 3.40698 ] ] ] ] } },
{ "type": "Feature", "properties": { "cluster": 2.0, "hvi": 0.0747, "population": 234, "setores": 3, "municipio": "Amajari" }, "geometry": { "type": "Polygon", "coordinates": [ [ [ -61.28971, 4.17556 ], [ -61.28432, 4.17309 ], [ -61.28056, 4.17583 ], [ -61.27508, 4.17225 ], [ -61.28928, 4.15072 ], [ -61.29797, 4.14463 ], [ -61.29818, 4.13431 ], [ -61.30204, 4.13224 ], [ -61.31172, 4.10893 ], [ -61.31572, 4.08325 ], [ -61.32219, 4.07427 ], [ -61.34229, 4.08037 ], [ -61.36389, 4.08004 ], [ -61.3911, 4.09737 ], [ -61.41636, 4.09358 ], [ -61.43181, 4.10015 ], [ -61.43923, 4.10005 ], [ -61.44221, 4.10195 ], [ -61.43816, 4.10516 ], [ -61.4527, 4.10983 ], [ -61.44884, 4.11152 ], [ -61.4497, 4.11635 ], [ -61.44477, 4.12151 ], [ -61.4464, 4.12605 ], [ -61.44997, 4.12682 ], [ -61.45187, 4.14102 ], [ -61.4561, 4.14432 ], [ -61.45501, 4.15658 ], [ -61.44836, 4.15856 ], [ -61.44333, 4.16791 ], [ -61.449, 4.17536 ], [ -61.45168, 4.18625 ], [ -61.39922, 4.25879 ], [ -61.37636, 4.27755 ], [ -61.36283, 4.28121 ], [ -61.33084, 4.27991 ], [ -61.32662, 4.27176 ], [ -61.32161, 4.27213 ], [ -61.3196, 4.26607 ], [ -61.32512, 4.25293 ], [ -61.31451, 4.22815 ], [ -61.3177, 4.22429 ], [ -61.30566, 4.22237 ], [ -61.30056, 4.21839 ], [ -61.29292, 4.20656 ], [ -61.29227, 4.19306 ], [ -61.2865, 4.19143 ], [ -61.28604, 4.18038 ], [ -61.28971, 4.17556 ] ], [ [ -61.33497, 4.1388 ], [ -61.33063, 4.13743 ], [ -61.33154, 4.14177 ], [ -61.33474, 4.14177 ], [ -61.33497, 4.1388 ] ] ] } },
{ "type": "Feature", "properties": { "cluster": 3.0, "hvi": 0.076, "population": 133, "setores": 1, "municipio": "Amajari" }, "geometry": { "type": "Polygon", "coordinates": [ [ [ -60.93049, 3.58687 ], [ -60.93519, 3.59138 ], [ -60.93069, 3.59591 ], [ -60.92619, 3.59138 ], [ -60.93049, 3.58687 ] ] ] } },
{ "type": "Feature", "properties": { "cluster": 4.0, "hvi": 0.0727, "population": 40, "setores": 2, "municipio": "Amajari" }, "geometry": { "type": "Polygon", "coordinates": [ [ [ -62.58524, 3.84685 ], [ -62.60617, 3.80898 ], [ -62.6549, 3.8348 ], [ -62.6398, 3.87082 ], [ -62.62047, 3.86049 ], [ -62.59928, 3.89876 ], [ -62.39137, 3.75866 ], [ -62.40585, 3.73209 ], [ -62.58524, 3.84685 ] ], [ [ -62.41035, 3.75264 ], [ -62.41178, 3.75247 ], [ -62.4139, 3.7475 ], [ -62.41035, 3.75264 ] ], [ [ -62.50079, 3.81277 ], [ -62.50065, 3.81323 ], [ -62.50118, 3.81337 ], [ -62.50079, 3.81277 ] ], [ [ -62.52626, 3.8278 ], [ -62.52562, 3.8284 ], [ -62.52659, 3.82949 ], [ -62.52626, 3.8278 ] ], [ [ -62.58223, 3.86494 ], [ -62.58339, 3.86321 ], [ -62.57999, 3.86231 ], [ -62.57834, 3.86356 ], [ -62.58223, 3.86494 ] ], [ [ -62.59364, 3.87459 ], [ -62.59227, 3.877 ], [ -62.59304, 3.87707 ], [ -62.59364, 3.87459 ] ], [ [ -62.63253, 3.84473 ], [ -62.6348, 3.84088 ], [ -62.62089, 3.83341 ], [ -62.61878, 3.83798 ], [ -62.63253, 3.84473 ] ] ] } },
{ "type": "Feature", "properties": { "cluster": 5.0, "hvi": 0.0593, "population": 0, "setores": 1, "municipio": "Amajari" }, "geometry": { "type": "Polygon", "coordinates": [ [ [ -62.50118, 3.81337 ], [ -62.50079, 3.81277 ], [ -62.50131, 3.81291 ], [ -62.50118, 3.81337 ] ] ] } },
{ "type": "Feature", "properties": { "cluster": 6.0, "hvi": 0.0745, "population": 53, "setores": 1, "municipio": "Amajari" }, "geometry": { "type": "Polygon", "coordinates": [ [ [ -62.52659, 3.82949 ], [ -62.52626, 3.8278 ], [ -62.52722, 3.82906 ], [ -62.52659, 3.82949 ] ] ] } },
{ "type": "Feature", "properties": { "cluster": 7.0, "hvi": 0.0593, "population": 0, "setores": 1, "municipio": "Amajari" }, "geometry": { "type": "Polygon", "coordinates": [ [ [ -62.59304, 3.87707 ], [ -62.59288, 3.87453 ], [ -62.59364, 3.87459 ], [ -62.59304, 3.87707 ] ] ] } },
{ "type": "Feature", "properties": { "cluster": 8.0, "hvi": 0.0779, "population": 83, "setores": 1, "municipio": "Amajari" }, "geometry": { "type": "Polygon", "coordinates": [ [ [ -62.57868, 3.86245 ], [ -62.58305, 3.86293 ], [ -62.58324, 3.86404 ], [ -62.5816, 3.86494 ], [ -62.57868, 3.86245 ] ] ] } },
{ "type": "Feature", "properties": { "cluster": 9.0, "hvi": 0.0755, "population": 69, "setores": 1, "municipio": "Amajari" }, "geometry": { "type": "Polygon", "coordinates": [ [ [ -62.61878, 3.83798 ], [ -62.62089, 3.83341 ], [ -62.6348, 3.84088 ], [ -62.63253, 3.84473 ], [ -62.61878, 3.83798 ] ] ] } },
{ "type": "Feature", "properties": { "cluster": 10.0, "hvi": 0.0757, "population": 67, "setores": 1, "municipio": "Amajari" }, "geometry": { "type": "Polygon", "coordinates": [ [ [ -62.9751, 3.34543 ], [ -62.97582, 3.34782 ], [ -62.97251, 3.34988 ], [ -62.97225, 3.34715 ], [ -62.9751, 3.34543 ] ] ] } },
{ "type": "Feature", "properties": { "cluster": 11.0, "hvi": 0.0593, "population": 0, "setores": 2, "municipio": "Amajari" }, "geometry": { "type": "Polygon", "coordinates": [ [ [ -63.17608, 3.54073 ], [ -63.16607, 3.55101 ], [ -63.1683, 3.56184 ], [ -63.16386, 3.57684 ], [ -63.15888, 3.58622 ], [ -63.14815, 3.58488 ], [ -63.15478, 3.52893 ], [ -63.17416, 3.53078 ], [ -63.17608, 3.54073 ] ] ] } },
{ "type": "Feature", "properties": { "cluster": 12.0, "hvi": 0.0843, "population": 157, "setores": 1, "municipio": "Amajari" }, "geometry": { "type": "Polygon", "coordinates": [ [ [ -64.18182, 3.92723 ], [ -64.18408, 3.92587 ], [ -64.18716, 3.92876 ], [ -64.186, 3.9295 ], [ -64.18182, 3.92723 ] ] ] } },
{ "type": "Feature", "properties": { "cluster": 13.0, "hvi": 0.0804, "population": 134, "setores": 1, "municipio": "Amajari" }, "geometry": { "type": "Polygon", "coordinates": [ [ [ -64.45576, 3.95769 ], [ -64.45371, 3.95907 ], [ -64.45385, 3.95756 ], [ -64.45576, 3.95769 ] ] ] } },
{ "type": "Feature", "properties": { "cluster": 14.0, "hvi": 0.0593, "population": 0, "setores": 1, "municipio": "Amajari" }, "geometry": { "type": "Polygon", "coordinates": [ [ [ -64.47116, 3.95585 ], [ -64.47261, 3.95508 ], [ -64.47253, 3.95617 ], [ -64.47116, 3.95585 ] ] ] } },
{ "type": "Feature", "properties": { "cluster": 15.0, "hvi": 0.073, "population": 2907, "setores": 46, "municipio": "Amajari" }, "geometry": { "type": "Polygon", "coordinates": [ [ [ -63.77247, 3.93878 ], [ -63.76746, 3.93545 ], [ -63.75525, 3.94018 ], [ -63.73803, 3.92851 ], [ -63.74386, 3.92101 ], [ -63.73885, 3.91517 ], [ -63.7233, 3.91407 ], [ -63.71302, 3.90323 ], [ -63.70969, 3.90629 ], [ -63.71025, 3.91323 ], [ -63.69691, 3.91323 ], [ -63.68275, 3.9074 ], [ -63.6722, 3.91462 ], [ -63.6633, 3.92239 ], [ -63.67442, 3.92212 ], [ -63.67358, 3.92684 ], [ -63.67858, 3.92823 ], [ -63.68247, 3.93573 ], [ -63.69136, 3.9349 ], [ -63.70053, 3.94434 ], [ -63.69997, 3.95212 ], [ -63.69497, 3.95657 ], [ -63.69635, 3.96629 ], [ -63.69081, 3.97907 ], [ -63.69108, 3.98601 ], [ -63.68608, 3.99212 ], [ -63.68941, 3.99906 ], [ -63.68552, 4.00906 ], [ -63.68942, 4.01545 ], [ -63.68469, 4.01823 ], [ -63.67692, 4.01906 ], [ -63.67456, 4.01443 ], [ -63.6608, 4.00991 ], [ -63.64941, 3.99712 ], [ -63.64358, 3.97851 ], [ -63.6372, 3.97657 ], [ -63.62053, 3.96268 ], [ -63.60886, 3.94434 ], [ -63.59219, 3.92823 ], [ -63.58803, 3.9174 ], [ -63.59302, 3.90406 ], [ -63.58469, 3.89767 ], [ -63.59191, 3.89074 ], [ -63.59191, 3.88545 ], [ -63.58108, 3.88629 ], [ -63.57163, 3.88323 ], [ -63.55469, 3.89101 ], [ -63.55524, 3.87435 ], [ -63.55191, 3.8649 ], [ -63.5483, 3.86268 ], [ -63.53941, 3.86518 ], [ -63.53303, 3.85712 ], [ -63.52358, 3.85601 ], [ -63.51247, 3.8474 ], [ -63.50358, 3.84962 ], [ -63.49747, 3.8399 ], [ -63.49497, 3.85045 ], [ -63.50302, 3.86796 ], [ -63.49913, 3.8699 ], [ -63.49386, 3.86712 ], [ -63.48941, 3.87406 ], [ -63.47386, 3.86906 ], [ -63.46023, 3.80235 ], [ -63.471, 3.7886 ], [ -63.4713, 3.7701 ], [ -63.4823, 3.7478 ], [ -63.4954, 3.7427 ], [ -63.5042, 3.7293 ], [ -63.501, 3.72 ], [ -63.5116, 3.7056 ], [ -63.5122, 3.6994 ], [ -63.50774, 3.68516 ], [ -63.51219, 3.68684 ], [ -63.52886, 3.68101 ], [ -63.53747, 3.68379 ], [ -63.55052, 3.6824 ], [ -63.55553, 3.69045 ], [ -63.5733, 3.70407 ], [ -63.56802, 3.71712 ], [ -63.5708, 3.72935 ], [ -63.59108, 3.73851 ], [ -63.61052, 3.73712 ], [ -63.62706, 3.7411 ], [ -63.63885, 3.74018 ], [ -63.6508, 3.72518 ], [ -63.66858, 3.71795 ], [ -63.68275, 3.71379 ], [ -63.69108, 3.71628 ], [ -63.69664, 3.71434 ], [ -63.70053, 3.70628 ], [ -63.71192, 3.6999 ], [ -63.71108, 3.68629 ], [ -63.71858, 3.67934 ], [ -63.71719, 3.65934 ], [ -63.73108, 3.62573 ], [ -63.74247, 3.58518 ], [ -63.73858, 3.57517 ], [ -63.7408, 3.5699 ], [ -63.74941, 3.56407 ], [ -63.76161, 3.56323 ], [ -63.76747, 3.5599 ], [ -63.7708, 3.55073 ], [ -63.78608, 3.5449 ], [ -63.78914, 3.53962 ], [ -63.78803, 3.52907 ], [ -63.8033, 3.54156 ], [ -63.80608, 3.53962 ], [ -63.81164, 3.52268 ], [ -63.8058, 3.52379 ], [ -63.80802, 3.51962 ], [ -63.82303, 3.51851 ], [ -63.82525, 3.50907 ], [ -63.83497, 3.50073 ], [ -63.83052, 3.49546 ], [ -63.83914, 3.48434 ], [ -63.83719, 3.47851 ], [ -63.84219, 3.47323 ], [ -63.8408, 3.46796 ], [ -63.8458, 3.45573 ], [ -63.85191, 3.45407 ], [ -63.85219, 3.4474 ], [ -63.85969, 3.44518 ], [ -63.86108, 3.44046 ], [ -63.87274, 3.43545 ], [ -63.87108, 3.42851 ], [ -63.87636, 3.4249 ], [ -63.88608, 3.42573 ], [ -63.88747, 3.41907 ], [ -63.89636, 3.42212 ], [ -63.90192, 3.42018 ], [ -63.90692, 3.42601 ], [ -63.91469, 3.42629 ], [ -63.91969, 3.43406 ], [ -63.92858, 3.43684 ], [ -63.92664, 3.43851 ], [ -63.93441, 3.44517 ], [ -63.93997, 3.44156 ], [ -63.94803, 3.44573 ], [ -63.95469, 3.44434 ], [ -63.95525, 3.44768 ], [ -63.96164, 3.44267 ], [ -63.96572, 3.44437 ], [ -63.96997, 3.43379 ], [ -63.97941, 3.43434 ], [ -63.98274, 3.43601 ], [ -63.98163, 3.43907 ], [ -63.98636, 3.43323 ], [ -64.00053, 3.43351 ], [ -64.00803, 3.43795 ], [ -64.01747, 3.45129 ], [ -64.03053, 3.45323 ], [ -64.0347, 3.46018 ], [ -64.04275, 3.45934 ], [ -64.07247, 3.48073 ], [ -64.0911, 3.48211 ], [ -64.10581, 3.47574 ], [ -64.11108, 3.47684 ], [ -64.11636, 3.47628 ], [ -64.12497, 3.47739 ], [ -64.14108, 3.47351 ], [ -64.15974, 3.47889 ], [ -64.1844, 3.48931 ], [ -64.18746, 3.55545 ], [ -64.19625, 3.5789 ], [ -64.24691, 3.62767 ], [ -64.25775, 3.64768 ], [ -64.27581, 3.66129 ], [ -64.28108, 3.66934 ], [ -64.28914, 3.69962 ], [ -64.32802, 3.72046 ], [ -64.34275, 3.7349 ], [ -64.38997, 3.75962 ], [ -64.40914, 3.76573 ], [ -64.42858, 3.7799 ], [ -64.44747, 3.78407 ], [ -64.47248, 3.78157 ], [ -64.48553, 3.7874 ], [ -64.5055, 3.80988 ], [ -64.52447, 3.84191 ], [ -64.55297, 3.86367 ], [ -64.56836, 3.88176 ], [ -64.58025, 3.92829 ], [ -64.60273, 3.94292 ], [ -64.6147, 3.94657 ], [ -64.64311, 3.98475 ], [ -64.67387, 4.00462 ], [ -64.67523, 4.01237 ], [ -64.68081, 4.01629 ], [ -64.68386, 4.04018 ], [ -64.70858, 4.06656 ], [ -64.72304, 4.10491 ], [ -64.73219, 4.12018 ], [ -64.75331, 4.13684 ], [ -64.78359, 4.15268 ], [ -64.81053, 4.17462 ], [ -64.82192, 4.21185 ], [ -64.82525, 4.24156 ], [ -64.82164, 4.25851 ], [ -64.79969, 4.28407 ], [ -64.78858, 4.28712 ], [ -64.78053, 4.28656 ], [ -64.6997, 4.25017 ], [ -64.6847, 4.23934 ], [ -64.65859, 4.21157 ], [ -64.64108, 4.16518 ], [ -64.62747, 4.13851 ], [ -64.59303, 4.11406 ], [ -64.5605, 4.10157 ], [ -64.55109, 4.11128 ], [ -64.54442, 4.11378 ], [ -64.52109, 4.11628 ], [ -64.50053, 4.11045 ], [ -64.50025, 4.11268 ], [ -64.45775, 4.12129 ], [ -64.43164, 4.13462 ], [ -64.40386, 4.13212 ], [ -64.38637, 4.13712 ], [ -64.33552, 4.12907 ], [ -64.30636, 4.13128 ], [ -64.29942, 4.13434 ], [ -64.29386, 4.14212 ], [ -64.27636, 4.14379 ], [ -64.26636, 4.12628 ], [ -64.25081, 4.12962 ], [ -64.21302, 4.1149 ], [ -64.19081, 4.11657 ], [ -64.17191, 4.12879 ], [ -64.16803, 4.12795 ], [ -64.14747, 4.11017 ], [ -64.13331, 4.10601 ], [ -64.11275, 4.09129 ], [ -64.09636, 4.05351 ], [ -64.09469, 4.04268 ], [ -64.09998, 4.03462 ], [ -64.09719, 4.02518 ], [ -64.0758, 3.99962 ], [ -64.0508, 3.95017 ], [ -64.03608, 3.94406 ], [ -64.0357, 3.93426 ], [ -64.00191, 3.93296 ], [ -63.99719, 3.90351 ], [ -63.98636, 3.89685 ], [ -63.97886, 3.90045 ], [ -63.96581, 3.86823 ], [ -63.96136, 3.86989 ], [ -63.95941, 3.8874 ], [ -63.95664, 3.88962 ], [ -63.94997, 3.88656 ], [ -63.94692, 3.89962 ], [ -63.93802, 3.90129 ], [ -63.93719, 3.91489 ], [ -63.92608, 3.92601 ], [ -63.91441, 3.926 ], [ -63.90135, 3.93379 ], [ -63.89108, 3.93046 ], [ -63.87025, 3.93768 ], [ -63.86081, 3.9474 ], [ -63.85302, 3.9449 ], [ -63.85025, 3.9499 ], [ -63.82705, 3.93735 ], [ -63.82886, 3.93934 ], [ -63.82358, 3.94101 ], [ -63.79664, 3.93267 ], [ -63.77747, 3.93545 ], [ -63.77247, 3.93878 ] ], [ [ -64.50185, 3.82197 ], [ -64.50159, 3.82207 ], [ -64.50171, 3.82233 ], [ -64.50185, 3.82197 ] ], [ [ -64.50241, 3.82196 ], [ -64.50253, 3.82171 ], [ -64.50218, 3.82184 ], [ -64.50241, 3.82196 ] ], [ [ -64.50179, 3.82251 ], [ -64.50196, 3.82288 ], [ -64.50221, 3.82238 ], [ -64.50179, 3.82251 ] ], [ [ -64.55793, 3.95568 ], [ -64.55829, 3.95547 ], [ -64.55536, 3.95554 ], [ -64.55793, 3.95568 ] ], [ [ -64.345, 4.0698 ], [ -64.34552, 4.07074 ], [ -64.3531, 4.0806 ], [ -64.345, 4.0698 ] ], [ [ -64.34519, 4.07507 ], [ -64.3468, 4.0738 ], [ -64.34673, 4.07365 ], [ -64.34519, 4.07507 ] ], [ [ -64.3363, 4.0732 ], [ -64.34, 4.07915 ], [ -64.34042, 4.07882 ], [ -64.3363, 4.0732 ] ], [ [ -64.30114, 4.08272 ], [ -64.3013, 4.0828 ], [ -64.3016, 4.08278 ], [ -64.30114, 4.08272 ] ], [ [ -64.25302, 4.04722 ], [ -64.25294, 4.04726 ], [ -64.25305, 4.04728 ], [ -64.25302, 4.04722 ] ], [ [ -64.2347, 4.0182 ], [ -64.2281, 4.0318 ], [ -64.22838, 4.03194 ], [ -64.2347, 4.0182 ] ], [ [ -64.2227, 3.9477 ], [ -64.22094, 3.94666 ], [ -64.22381, 3.94972 ], [ -64.2227, 3.9477 ] ], [ [ -64.20643, 3.93805 ], [ -64.2125, 3.943 ], [ -64.21394, 3.94251 ], [ -64.20643, 3.93805 ] ], [ [ -64.20933, 3.93486 ], [ -64.16193, 3.98669 ], [ -64.20643, 3.93805 ], [ -64.20933, 3.93486 ] ], [ [ -64.17224, 3.91876 ], [ -64.1744, 3.91943 ], [ -64.18115, 3.91346 ], [ -64.17224, 3.91876 ] ], [ [ -64.17442, 3.91569 ], [ -64.1714, 3.9185 ], [ -64.17194, 3.91867 ], [ -64.17442, 3.91569 ] ], [ [ -64.177, 3.9126 ], [ -64.176, 3.91192 ], [ -64.17673, 3.91293 ], [ -64.177, 3.9126 ] ], [ [ -64.1532, 3.8929 ], [ -64.15302, 3.89303 ], [ -64.15383, 3.89367 ], [ -64.1532, 3.8929 ] ], [ [ -64.14556, 3.89849 ], [ -64.1457, 3.8989 ], [ -64.14877, 3.89614 ], [ -64.14556, 3.89849 ] ], [ [ -64.13307, 3.89783 ], [ -64.1334, 3.898 ], [ -64.1373, 3.8936 ], [ -64.13307, 3.89783 ] ], [ [ -64.12831, 3.89526 ], [ -64.1286, 3.8956 ], [ -64.13034, 3.89647 ], [ -64.12831, 3.89526 ] ], [ [ -64.10847, 3.87024 ], [ -64.1084, 3.8707 ], [ -64.1157, 3.8755 ], [ -64.10847, 3.87024 ] ], [ [ -64.1098, 3.862 ], [ -64.10967, 3.86184 ], [ -64.10938, 3.86385 ], [ -64.1098, 3.862 ] ], [ [ -64.0446, 3.7952 ], [ -64.0386, 3.7938 ], [ -64.04431, 3.79599 ], [ -64.0446, 3.7952 ] ], [ [ -64.0503, 3.7746 ], [ -64.0407, 3.7854 ], [ -64.04005, 3.78802 ], [ -64.0503, 3.7746 ] ], [ [ -64.078, 3.7373 ], [ -64.0594, 3.7546 ], [ -64.0578, 3.75811 ], [ -64.078, 3.7373 ] ], [ [ -64.1066, 3.6759 ], [ -64.10652, 3.67579 ], [ -64.10641, 3.67606 ], [ -64.1066, 3.6759 ] ], [ [ -64.10271, 3.66797 ], [ -64.1021, 3.6684 ], [ -64.10228, 3.66867 ], [ -64.10271, 3.66797 ] ], [ [ -64.11714, 3.658 ], [ -64.117, 3.6578 ], [ -64.11491, 3.65929 ], [ -64.11714, 3.658 ] ], [ [ -64.1423, 3.6915 ], [ -64.14532, 3.69452 ], [ -64.1427, 3.6861 ], [ -64.1423, 3.6915 ] ], [ [ -64.1356, 3.73623 ], [ -64.15762, 3.74338 ], [ -64.17562, 3.70536 ], [ -64.15195, 3.69593 ], [ -64.1356, 3.73623 ] ], [ [ -64.185, 3.7198 ], [ -64.1962, 3.7163 ], [ -64.18445, 3.71867 ], [ -64.185, 3.7198 ] ], [ [ -64.225, 3.771 ], [ -64.224, 3.7445 ], [ -64.223, 3.74354 ], [ -64.225, 3.771 ] ], [ [ -64.40017, 3.82176 ], [ -64.40035, 3.82155 ], [ -64.391, 3.8121 ], [ -64.40017, 3.82176 ] ], [ [ -64.3847, 3.8416 ], [ -64.39384, 3.84931 ], [ -64.38512, 3.84108 ], [ -64.3847, 3.8416 ] ], [ [ -64.40256, 3.89493 ], [ -64.43314, 3.9029 ], [ -64.43304, 3.90362 ], [ -64.43833, 3.90428 ], [ -64.4607, 3.84304 ], [ -64.42245, 3.83077 ], [ -64.40256, 3.89493 ] ], [ [ -64.42974, 3.96509 ], [ -64.4312, 3.94191 ], [ -64.4293, 3.9317 ], [ -64.42974, 3.96509 ] ], [ [ -64.4775, 3.96145 ], [ -64.4813, 3.94218 ], [ -64.48367, 3.92992 ], [ -64.4775, 3.96145 ] ], [ [ -64.4352, 4.089 ], [ -64.47435, 4.0886 ], [ -64.47461, 4.0885 ], [ -64.4352, 4.089 ] ], [ [ -64.43723, 4.03563 ], [ -64.40517, 4.08738 ], [ -64.4119, 4.0768 ], [ -64.43723, 4.03563 ] ], [ [ -64.36912, 4.07825 ], [ -64.3702, 4.07854 ], [ -64.3705, 4.06985 ], [ -64.36912, 4.07825 ] ], [ [ -64.50448, 3.98499 ], [ -64.50413, 3.98424 ], [ -64.50341, 3.98452 ], [ -64.50448, 3.98499 ] ], [ [ -64.48655, 3.99135 ], [ -64.48709, 3.99295 ], [ -64.49331, 3.98698 ], [ -64.48655, 3.99135 ] ], [ [ -64.49938, 3.99063 ], [ -64.49958, 3.98985 ], [ -64.49331, 3.98698 ], [ -64.49938, 3.99063 ] ], [ [ -64.49852, 3.99397 ], [ -64.49911, 3.99169 ], [ -64.49452, 3.99506 ], [ -64.49852, 3.99397 ] ], [ [ -64.48836, 3.99673 ], [ -64.49066, 3.99611 ], [ -64.48777, 3.99496 ], [ -64.48836, 3.99673 ] ], [ [ -64.48802, 3.99992 ], [ -64.48755, 4.00047 ], [ -64.48868, 4.00074 ], [ -64.48802, 3.99992 ] ], [ [ -64.49497, 4.00192 ], [ -64.4933, 4.00186 ], [ -64.49441, 4.00214 ], [ -64.49497, 4.00192 ] ], [ [ -64.49255, 4.00563 ], [ -64.49336, 4.00525 ], [ -64.4929, 4.00349 ], [ -64.49255, 4.00563 ] ], [ [ -64.49367, 4.00708 ], [ -64.49553, 4.00562 ], [ -64.49555, 4.00455 ], [ -64.49367, 4.00708 ] ], [ [ -64.4975, 4.00708 ], [ -64.49732, 4.00669 ], [ -64.49727, 4.00712 ], [ -64.4975, 4.00708 ] ], [ [ -64.49662, 4.00724 ], [ -64.49704, 4.00717 ], [ -64.49664, 4.00695 ], [ -64.49662, 4.00724 ] ], [ [ -64.4967, 4.00533 ], [ -64.49665, 4.00645 ], [ -64.49707, 4.00614 ], [ -64.4967, 4.00533 ] ], [ [ -64.49964, 4.00693 ], [ -64.49919, 4.00706 ], [ -64.49975, 4.00755 ], [ -64.49964, 4.00693 ] ], [ [ -64.49991, 4.00846 ], [ -64.49982, 4.00797 ], [ -64.49939, 4.00827 ], [ -64.49991, 4.00846 ] ], [ [ -64.49746, 4.00757 ], [ -64.4985, 4.00794 ], [ -64.49877, 4.00718 ], [ -64.49746, 4.00757 ] ], [ [ -64.5145, 4.03779 ], [ -64.51479, 4.03766 ], [ -64.51438, 4.03765 ], [ -64.5145, 4.03779 ] ], [ [ -64.51398, 4.03765 ], [ -64.51364, 4.03764 ], [ -64.51348, 4.03827 ], [ -64.51398, 4.03765 ] ], [ [ -64.50612, 4.04388 ], [ -64.50621, 4.0434 ], [ -64.50597, 4.04362 ], [ -64.50612, 4.04388 ] ], [ [ -64.50573, 4.04319 ], [ -64.50585, 4.0434 ], [ -64.50586, 4.04314 ], [ -64.50573, 4.04319 ] ], [ [ -64.50628, 4.04296 ], [ -64.50609, 4.04304 ], [ -64.50627, 4.04306 ], [ -64.50628, 4.04296 ] ], [ [ -64.51443, 4.0457 ], [ -64.51784, 4.0462 ], [ -64.51406, 4.04476 ], [ -64.51443, 4.0457 ] ], [ [ -64.51679, 4.04925 ], [ -64.51495, 4.047 ], [ -64.5158, 4.04917 ], [ -64.51679, 4.04925 ] ], [ [ -64.33661, 3.93948 ], [ -64.33239, 3.93737 ], [ -64.33682, 3.94046 ], [ -64.33661, 3.93948 ] ], [ [ -64.33039, 3.94068 ], [ -64.33172, 3.94296 ], [ -64.33239, 3.93737 ], [ -64.33039, 3.94068 ] ], [ [ -64.33251, 3.94433 ], [ -64.33384, 3.94661 ], [ -64.33847, 3.94808 ], [ -64.33251, 3.94433 ] ], [ [ -64.43711, 3.97342 ], [ -64.43861, 3.97457 ], [ -64.43743, 3.97246 ], [ -64.43711, 3.97342 ] ], [ [ -64.44035, 3.9759 ], [ -64.44138, 3.9767 ], [ -64.44235, 3.97567 ], [ -64.44035, 3.9759 ] ], [ [ -64.44322, 3.97476 ], [ -64.44337, 3.97459 ], [ -64.44272, 3.9736 ], [ -64.44322, 3.97476 ] ], [ [ -64.43944, 3.96862 ], [ -64.43896, 3.96788 ], [ -64.43828, 3.96991 ], [ -64.43944, 3.96862 ] ], [ [ -64.44097, 3.98558 ], [ -64.43962, 3.98372 ], [ -64.43913, 3.9852 ], [ -64.44097, 3.98558 ] ], [ [ -64.4731, 3.98062 ], [ -64.47199, 3.98046 ], [ -64.47308, 3.98077 ], [ -64.4731, 3.98062 ] ], [ [ -64.47126, 3.98036 ], [ -64.47108, 3.98033 ], [ -64.47302, 3.98147 ], [ -64.47126, 3.98036 ] ], [ [ -64.47709, 4.0007 ], [ -64.47725, 4.00029 ], [ -64.47697, 4.00045 ], [ -64.47709, 4.0007 ] ], [ [ -64.47733, 4.0001 ], [ -64.47735, 4.00004 ], [ -64.47725, 4.00008 ], [ -64.47733, 4.0001 ] ], [ [ -64.47698, 4.00018 ], [ -64.47687, 4.00023 ], [ -64.47693, 4.00036 ], [ -64.47698, 4.00018 ] ], [ [ -64.48197, 4.00039 ], [ -64.48192, 4.00166 ], [ -64.48238, 4.00053 ], [ -64.48197, 4.00039 ] ], [ [ -64.47923, 3.99946 ], [ -64.47914, 3.99989 ], [ -64.48044, 3.99987 ], [ -64.47923, 3.99946 ] ], [ [ -64.4786, 4.00234 ], [ -64.48099, 4.00399 ], [ -64.48138, 4.00301 ], [ -64.47902, 4.0004 ], [ -64.4786, 4.00234 ] ], [ [ -64.44797, 3.95899 ], [ -64.44616, 3.95714 ], [ -64.44659, 3.95929 ], [ -64.44797, 3.95899 ] ], [ [ -64.45371, 3.95907 ], [ -64.45576, 3.95769 ], [ -64.45385, 3.95756 ], [ -64.45371, 3.95907 ] ], [ [ -64.45907, 3.96016 ], [ -64.45731, 3.95931 ], [ -64.45885, 3.96123 ], [ -64.45907, 3.96016 ] ], [ [ -64.47261, 3.95508 ], [ -64.47116, 3.95585 ], [ -64.47253, 3.95617 ], [ -64.47261, 3.95508 ] ], [ [ -64.47691, 3.94726 ], [ -64.47498, 3.95002 ], [ -64.47709, 3.94989 ], [ -64.47691, 3.94726 ] ], [ [ -64.4855, 3.89672 ], [ -64.48572, 3.89675 ], [ -64.4855, 3.89637 ], [ -64.4855, 3.89672 ] ], [ [ -64.48268, 3.89624 ], [ -64.48239, 3.89636 ], [ -64.48377, 3.89652 ], [ -64.48268, 3.89624 ] ], [ [ -64.48516, 3.89578 ], [ -64.48488, 3.89529 ], [ -64.48335, 3.89595 ], [ -64.48516, 3.89578 ] ], [ [ -64.42467, 4.03639 ], [ -64.42425, 4.03697 ], [ -64.42484, 4.03723 ], [ -64.42467, 4.03639 ] ], [ [ -64.07478, 3.65127 ], [ -64.07477, 3.65038 ], [ -64.0739, 3.65127 ], [ -64.07478, 3.65127 ] ], [ [ -63.89771, 3.65374 ], [ -63.89823, 3.65488 ], [ -63.89817, 3.65352 ], [ -63.89771, 3.65374 ] ], [ [ -63.90054, 3.65238 ], [ -63.89983, 3.65272 ], [ -63.90018, 3.65277 ], [ -63.90054, 3.65238 ] ], [ [ -63.9049, 3.67846 ], [ -63.90482, 3.67851 ], [ -63.90493, 3.67859 ], [ -63.9049, 3.67846 ] ], [ [ -63.90547, 3.67819 ], [ -63.90549, 3.67809 ], [ -63.90522, 3.67826 ], [ -63.90547, 3.67819 ] ], [ [ -63.90512, 3.67871 ], [ -63.90535, 3.67886 ], [ -63.90543, 3.67841 ], [ -63.90512, 3.67871 ] ], [ [ -63.91077, 3.68699 ], [ -63.9112, 3.6874 ], [ -63.911, 3.68563 ], [ -63.91077, 3.68699 ] ], [ [ -63.82538, 3.93553 ], [ -63.8295, 3.9242 ], [ -63.8249, 3.935 ], [ -63.82538, 3.93553 ] ], [ [ -63.62949, 3.75434 ], [ -63.63023, 3.75361 ], [ -63.62848, 3.75365 ], [ -63.62949, 3.75434 ] ], [ [ -64.12756, 3.48213 ], [ -64.12798, 3.48153 ], [ -64.12151, 3.47696 ], [ -64.12193, 3.48024 ], [ -64.12756, 3.48213 ] ], [ [ -64.17909, 3.92578 ], [ -64.17837, 3.92504 ], [ -64.17838, 3.9265 ], [ -64.17909, 3.92578 ] ], [ [ -64.17979, 3.92589 ], [ -64.17981, 3.92697 ], [ -64.18048, 3.92644 ], [ -64.17979, 3.92589 ] ], [ [ -64.12929, 3.97531 ], [ -64.12677, 3.97531 ], [ -64.12803, 3.97648 ], [ -64.12929, 3.97531 ] ], [ [ -64.186, 3.9295 ], [ -64.18716, 3.92876 ], [ -64.18344, 3.92579 ], [ -64.18257, 3.92841 ], [ -64.186, 3.9295 ] ], [ [ -64.19359, 3.95068 ], [ -64.196, 3.94584 ], [ -64.19203, 3.94726 ], [ -64.19359, 3.95068 ] ] ] } },
{ "type": "Feature", "properties": { "cluster": 16.0, "hvi": 0.0817, "population": 115, "setores": 1, "municipio": "Amajari" }, "geometry": { "type": "Polygon", "coordinates": [ [ [ -64.43932, 3.8545 ], [ -64.44053, 3.85248 ], [ -64.44089, 3.85552 ], [ -64.43932, 3.8545 ] ] ] } },
{ "type": "Feature", "properties": { "cluster": 17.0, "hvi": 0.08, "population": 121, "setores": 1, "municipio": "Amajari" }, "geometry": { "type": "Polygon", "coordinates": [ [ [ -64.4292, 3.89201 ], [ -64.43482, 3.88253 ], [ -64.43702, 3.88371 ], [ -64.43195, 3.89316 ], [ -64.4292, 3.89201 ] ] ] } },
{ "type": "Feature", "properties": { "cluster": 18.0, "hvi": 0.0593, "population": 0, "setores": 1, "municipio": "Amajari" }, "geometry": { "type": "Polygon", "coordinates": [ [ [ -64.47498, 3.95002 ], [ -64.47691, 3.94726 ], [ -64.47709, 3.94989 ], [ -64.47498, 3.95002 ] ] ] } },
{ "type": "Feature", "properties": { "cluster": 19.0, "hvi": 0.0797, "population": 171, "setores": 1, "municipio": "Amajari" }, "geometry": { "type": "Polygon", "coordinates": [ [ [ -61.38726, 3.44938 ], [ -61.39213, 3.45349 ], [ -61.38804, 3.45839 ], [ -61.38317, 3.45428 ], [ -61.38726, 3.44938 ] ] ] } },
{ "type": "Feature", "properties": { "cluster": 20.0, "hvi": 0.0593, "population": 0, "setores": 1, "municipio": "Amajari" }, "geometry": { "type": "Polygon", "coordinates": [ [ [ -62.62656, 3.8776 ], [ -62.62686, 3.87683 ], [ -62.62694, 3.87753 ], [ -62.62656, 3.8776 ] ] ] } },
{ "type": "Feature", "properties": { "cluster": 21.0, "hvi": 0.0806, "population": 2569, "setores": 22, "municipio": "Amajari" }, "geometry": { "type": "Polygon", "coordinates": [ [ [ -62.11096, 3.24069 ], [ -62.11579, 3.23657 ], [ -62.13051, 3.23463 ], [ -62.13584, 3.22725 ], [ -62.14192, 3.23805 ], [ -62.27029, 3.18753 ], [ -62.2494, 3.1374 ], [ -62.26774, 3.14073 ], [ -62.27329, 3.14907 ], [ -62.28802, 3.15212 ], [ -62.29441, 3.14656 ], [ -62.30496, 3.14824 ], [ -62.31023, 3.14546 ], [ -62.31802, 3.14852 ], [ -62.32219, 3.15434 ], [ -62.3408, 3.15157 ], [ -62.35024, 3.15518 ], [ -62.37524, 3.1399 ], [ -62.38801, 3.14046 ], [ -62.39108, 3.13296 ], [ -62.40552, 3.12629 ], [ -62.4169, 3.12935 ], [ -62.43218, 3.12434 ], [ -62.43524, 3.12824 ], [ -62.44746, 3.1324 ], [ -62.45246, 3.14879 ], [ -62.44885, 3.15934 ], [ -62.45524, 3.17463 ], [ -62.45357, 3.18101 ], [ -62.4569, 3.18601 ], [ -62.46857, 3.1899 ], [ -62.47441, 3.20268 ], [ -62.50052, 3.20684 ], [ -62.52413, 3.21574 ], [ -62.55413, 3.23268 ], [ -62.5669, 3.23185 ], [ -62.56941, 3.22907 ], [ -62.5983, 3.23212 ], [ -62.61996, 3.24351 ], [ -62.63025, 3.2399 ], [ -62.63524, 3.24851 ], [ -62.64635, 3.23407 ], [ -62.64968, 3.23518 ], [ -62.64913, 3.24018 ], [ -62.65926, 3.23498 ], [ -62.6628, 3.239 ], [ -62.6574, 3.2424 ], [ -62.6608, 3.2482 ], [ -62.6585, 3.2515 ], [ -62.6623, 3.2561 ], [ -62.65997, 3.25029 ], [ -62.69498, 3.24508 ], [ -62.79615, 3.2668 ], [ -62.98367, 3.37195 ], [ -63.00262, 3.34567 ], [ -63.00996, 3.35157 ], [ -63.01107, 3.36768 ], [ -63.02413, 3.37962 ], [ -63.02246, 3.38462 ], [ -63.03311, 3.39807 ], [ -63.0283, 3.4084 ], [ -63.0305, 3.4109 ], [ -63.0272, 3.4119 ], [ -63.0292, 3.4129 ], [ -63.0263, 3.4248 ], [ -63.0214, 3.4282 ], [ -63.0098, 3.4278 ], [ -62.9987, 3.44 ], [ -63.0051, 3.446 ], [ -63.0023, 3.4557 ], [ -63.0089, 3.4599 ], [ -63.0064, 3.4644 ], [ -63.01, 3.4659 ], [ -63.0144, 3.4801 ], [ -63.0063, 3.4845 ], [ -62.997, 3.4967 ], [ -62.9984, 3.508 ], [ -62.9923, 3.5173 ], [ -62.9957, 3.5221 ], [ -62.986, 3.5426 ], [ -62.9864, 3.5491 ], [ -62.9823, 3.5489 ], [ -62.9834, 3.5554 ], [ -62.9794, 3.5653 ], [ -62.9595, 3.5749 ], [ -62.9651, 3.5878 ], [ -62.9627, 3.5982 ], [ -62.96563, 3.61061 ], [ -62.96024, 3.60768 ], [ -62.95253, 3.61181 ], [ -62.93636, 3.62795 ], [ -62.92219, 3.65267 ], [ -62.91913, 3.6724 ], [ -62.90885, 3.67101 ], [ -62.8869, 3.68351 ], [ -62.87247, 3.69906 ], [ -62.85301, 3.71185 ], [ -62.84969, 3.72071 ], [ -62.8358, 3.73851 ], [ -62.81941, 3.73157 ], [ -62.81024, 3.73268 ], [ -62.80441, 3.72962 ], [ -62.79802, 3.72073 ], [ -62.78997, 3.71767 ], [ -62.78496, 3.69962 ], [ -62.77607, 3.69713 ], [ -62.7708, 3.68823 ], [ -62.74721, 3.67128 ], [ -62.74385, 3.67323 ], [ -62.74413, 3.68379 ], [ -62.73691, 3.68907 ], [ -62.73663, 3.69907 ], [ -62.73107, 3.70768 ], [ -62.73496, 3.71934 ], [ -62.73441, 3.73767 ], [ -62.73997, 3.75629 ], [ -62.73579, 3.77906 ], [ -62.74357, 3.78712 ], [ -62.73191, 3.79628 ], [ -62.72913, 3.80462 ], [ -62.7433, 3.80823 ], [ -62.74997, 3.8174 ], [ -62.77135, 3.83407 ], [ -62.77163, 3.83962 ], [ -62.75386, 3.84963 ], [ -62.75857, 3.85434 ], [ -62.75747, 3.85962 ], [ -62.76914, 3.86712 ], [ -62.77608, 3.87518 ], [ -62.77636, 3.88129 ], [ -62.78885, 3.89323 ], [ -62.78746, 3.91462 ], [ -62.78329, 3.91684 ], [ -62.78274, 3.92184 ], [ -62.78663, 3.92934 ], [ -62.78302, 3.93434 ], [ -62.76191, 3.94156 ], [ -62.75023, 3.96603 ], [ -62.7433, 3.97212 ], [ -62.74552, 3.97656 ], [ -62.76246, 3.98407 ], [ -62.76274, 3.99045 ], [ -62.76774, 3.9974 ], [ -62.76663, 4.01239 ], [ -62.74968, 4.02073 ], [ -62.75358, 4.03129 ], [ -62.73607, 4.0399 ], [ -62.70191, 4.03073 ], [ -62.68941, 4.0324 ], [ -62.67885, 4.03851 ], [ -62.65913, 4.03463 ], [ -62.65635, 4.04184 ], [ -62.64635, 4.04628 ], [ -62.6283, 4.03934 ], [ -62.60969, 4.04406 ], [ -62.60191, 4.03628 ], [ -62.58858, 4.0324 ], [ -62.58135, 4.0249 ], [ -62.58052, 4.01739 ], [ -62.57274, 4.01462 ], [ -62.5583, 4.01601 ], [ -62.55579, 4.01823 ], [ -62.5608, 4.0249 ], [ -62.56246, 4.03656 ], [ -62.5558, 4.04184 ], [ -62.54691, 4.04545 ], [ -62.53774, 4.04323 ], [ -62.5333, 4.04601 ], [ -62.53483, 4.05144 ], [ -62.54357, 4.06184 ], [ -62.54163, 4.07878 ], [ -62.54913, 4.07684 ], [ -62.55857, 4.08018 ], [ -62.55413, 4.08212 ], [ -62.54969, 4.09573 ], [ -62.54468, 4.09768 ], [ -62.55274, 4.10878 ], [ -62.54247, 4.10934 ], [ -62.5233, 4.11767 ], [ -62.52274, 4.12351 ], [ -62.53191, 4.13267 ], [ -62.53163, 4.13629 ], [ -62.5083, 4.12656 ], [ -62.50635, 4.13184 ], [ -62.50857, 4.13711 ], [ -62.49636, 4.1424 ], [ -62.49107, 4.14017 ], [ -62.48857, 4.13434 ], [ -62.4783, 4.13073 ], [ -62.47163, 4.13906 ], [ -62.46163, 4.14129 ], [ -62.46274, 4.15128 ], [ -62.45524, 4.15573 ], [ -62.46274, 4.16296 ], [ -62.4708, 4.16295 ], [ -62.46412, 4.1774 ], [ -62.45191, 4.17296 ], [ -62.44746, 4.17962 ], [ -62.43774, 4.18295 ], [ -62.42219, 4.18156 ], [ -62.41774, 4.18434 ], [ -62.41385, 4.17962 ], [ -62.40635, 4.17989 ], [ -62.39635, 4.1735 ], [ -62.39274, 4.17351 ], [ -62.38969, 4.17796 ], [ -62.37024, 4.16267 ], [ -62.36552, 4.16267 ], [ -62.36191, 4.16712 ], [ -62.35358, 4.16518 ], [ -62.35052, 4.15073 ], [ -62.3419, 4.14684 ], [ -62.32968, 4.13462 ], [ -62.32246, 4.14045 ], [ -62.31801, 4.14073 ], [ -62.31441, 4.13656 ], [ -62.30274, 4.13656 ], [ -62.29218, 4.14129 ], [ -62.27996, 4.12962 ], [ -62.26913, 4.13129 ], [ -62.25858, 4.1274 ], [ -62.25274, 4.12934 ], [ -62.24468, 4.11684 ], [ -62.23496, 4.11823 ], [ -62.22774, 4.11184 ], [ -62.21551, 4.10907 ], [ -62.19718, 4.11295 ], [ -62.19357, 4.11018 ], [ -62.19385, 4.09823 ], [ -62.17746, 4.09018 ], [ -62.16191, 4.09045 ], [ -62.16163, 4.086 ], [ -62.14802, 4.07907 ], [ -62.14607, 4.07406 ], [ -62.14218, 4.08211 ], [ -62.13524, 4.08657 ], [ -62.12858, 4.08517 ], [ -62.12608, 4.08823 ], [ -62.11274, 4.08934 ], [ -62.11552, 4.09713 ], [ -62.11301, 4.10129 ], [ -62.11774, 4.10435 ], [ -62.11746, 4.11739 ], [ -62.10524, 4.11517 ], [ -62.09857, 4.11906 ], [ -62.09996, 4.12462 ], [ -62.09718, 4.1274 ], [ -62.09135, 4.12907 ], [ -62.08912, 4.12407 ], [ -62.07856, 4.11936 ], [ -62.07191, 4.12518 ], [ -62.07107, 4.13045 ], [ -62.07801, 4.13601 ], [ -62.08162, 4.14462 ], [ -62.07691, 4.15378 ], [ -62.06661, 4.15662 ], [ -62.05365, 4.14022 ], [ -62.04493, 4.13584 ], [ -62.03551, 4.1219 ], [ -62.02339, 4.11705 ], [ -62.0253, 4.10589 ], [ -62.0215, 4.10334 ], [ -62.021, 4.09207 ], [ -62.01501, 4.07517 ], [ -62.01912, 4.07038 ], [ -62.01591, 4.05522 ], [ -62.0301, 4.03489 ], [ -62.06739, 4.03784 ], [ -62.09854, 4.03504 ], [ -62.09852, 4.02847 ], [ -62.09124, 4.02237 ], [ -62.08866, 4.01226 ], [ -62.09431, 4.01118 ], [ -62.10062, 4.00227 ], [ -62.08969, 3.98561 ], [ -62.09253, 3.97997 ], [ -62.0874, 3.97529 ], [ -62.08187, 3.97497 ], [ -62.07518, 3.9651 ], [ -62.09027, 3.94676 ], [ -62.0734, 3.9642 ], [ -62.0738, 3.9691 ], [ -62.069, 3.9688 ], [ -62.0621, 3.9591 ], [ -62.0644, 3.9546 ], [ -62.0599, 3.9464 ], [ -62.0433, 3.9429 ], [ -62.015, 3.9131 ], [ -61.9943, 3.908 ], [ -61.9957, 3.8988 ], [ -61.9873, 3.8902 ], [ -61.9809, 3.8895 ], [ -61.9808, 3.886 ], [ -61.9547, 3.88635 ], [ -61.9494, 3.8848 ], [ -61.9499, 3.8805 ], [ -61.9395, 3.8779 ], [ -61.9342, 3.8797 ], [ -61.9085, 3.8713 ], [ -61.9031, 3.8785 ], [ -61.8949, 3.8806 ], [ -61.8898, 3.8674 ], [ -61.8811, 3.8666 ], [ -61.88, 3.8717 ], [ -61.8719, 3.8715 ], [ -61.8585, 3.8633 ], [ -61.847, 3.8641 ], [ -61.8158, 3.8586 ], [ -61.82961, 3.85334 ], [ -61.8096, 3.8604 ], [ -61.7844, 3.8605 ], [ -61.753, 3.8529 ], [ -61.73545, 3.86065 ], [ -61.7323, 3.8657 ], [ -61.7169, 3.8691 ], [ -61.7128, 3.8729 ], [ -61.70745, 3.8718 ], [ -61.6965, 3.88015 ], [ -61.6899, 3.879 ], [ -61.6821, 3.8867 ], [ -61.6726, 3.8905 ], [ -61.6731, 3.8964 ], [ -61.6628, 3.9019 ], [ -61.6631, 3.9061 ], [ -61.6509, 3.9064 ], [ -61.6484, 3.9129 ], [ -61.6453, 3.9119 ], [ -61.6458, 3.9071 ], [ -61.6184, 3.9025 ], [ -61.6137, 3.9032 ], [ -61.6061, 3.9141 ], [ -61.5861, 3.9184 ], [ -61.5708, 3.88815 ], [ -61.5874, 3.8728 ], [ -61.59862, 3.87 ], [ -61.6053, 3.8639 ], [ -61.6113, 3.8688 ], [ -61.6161, 3.868 ], [ -61.6319, 3.8415 ], [ -61.6433, 3.8313 ], [ -61.6532, 3.8287 ], [ -61.6612, 3.8152 ], [ -61.6586, 3.806 ], [ -61.6616, 3.8045 ], [ -61.6604, 3.7988 ], [ -61.6643, 3.796 ], [ -61.6621, 3.7803 ], [ -61.6674, 3.7723 ], [ -61.6442, 3.762 ], [ -61.6367, 3.7736 ], [ -61.633, 3.7738 ], [ -61.6265, 3.77 ], [ -61.6212, 3.7569 ], [ -61.6246, 3.7504 ], [ -61.6269, 3.7264 ], [ -61.6252, 3.7132 ], [ -61.6216, 3.7092 ], [ -61.6225, 3.6898 ], [ -61.6181, 3.6833 ], [ -61.6191, 3.6757 ], [ -61.6237, 3.6713 ], [ -61.62, 3.6689 ], [ -61.62267, 3.65454 ], [ -61.6285, 3.6481 ], [ -61.6264, 3.6428 ], [ -61.6226, 3.6423 ], [ -61.6197, 3.6168 ], [ -61.6144, 3.6118 ], [ -61.6197, 3.618 ], [ -61.59145, 3.61858 ], [ -61.5269, 3.6129 ], [ -61.46507, 3.64634 ], [ -61.42553, 3.65261 ], [ -61.42588, 3.64345 ], [ -61.41758, 3.64373 ], [ -61.41777, 3.64689 ], [ -61.41434, 3.64727 ], [ -61.415, 3.65398 ], [ -61.41226, 3.65496 ], [ -61.39638, 3.65724 ], [ -61.37106, 3.65432 ], [ -61.35972, 3.66389 ], [ -61.3549, 3.6565 ], [ -61.3614, 3.6475 ], [ -61.3582, 3.644 ], [ -61.3513, 3.6449 ], [ -61.3526, 3.6338 ], [ -61.3445, 3.6354 ], [ -61.3445, 3.6289 ], [ -61.3379, 3.6234 ], [ -61.3353, 3.6087 ], [ -61.324, 3.6113 ], [ -61.32435, 3.6017 ], [ -61.3184, 3.5959 ], [ -61.2979, 3.5963 ], [ -61.2956, 3.5916 ], [ -61.3029, 3.5877 ], [ -61.2946, 3.5783 ], [ -61.2934, 3.5714 ], [ -61.2868, 3.5687 ], [ -61.2871, 3.5259 ], [ -61.3012, 3.5066 ], [ -61.35457, 3.48957 ], [ -61.36039, 3.49303 ], [ -61.45398, 3.49158 ], [ -61.44947, 3.47676 ], [ -61.45795, 3.44201 ], [ -61.45648, 3.43357 ], [ -61.4467, 3.417 ], [ -61.4535, 3.4118 ], [ -61.4691, 3.4114 ], [ -61.4802, 3.4228 ], [ -61.4855, 3.4362 ], [ -61.5077, 3.4324 ], [ -61.5187, 3.4449 ], [ -61.5326, 3.4508 ], [ -61.5385, 3.4595 ], [ -61.5577, 3.4754 ], [ -61.5602, 3.4828 ], [ -61.5697, 3.4888 ], [ -61.5708, 3.4969 ], [ -61.5826, 3.5093 ], [ -61.5879, 3.5226 ], [ -61.60065, 3.5304 ], [ -61.6184, 3.5431 ], [ -61.6267, 3.5594 ], [ -61.63639, 3.55322 ], [ -61.6359, 3.5526 ], [ -61.6714, 3.5428 ], [ -61.6862, 3.531 ], [ -61.6961, 3.5171 ], [ -61.6998, 3.5223 ], [ -61.697, 3.5141 ], [ -61.72695, 3.50745 ], [ -61.7339, 3.4984 ], [ -61.7427, 3.4957 ], [ -61.7626, 3.4991 ], [ -61.7714, 3.497 ], [ -61.7786, 3.4884 ], [ -61.7825, 3.4743 ], [ -61.8001, 3.4746 ], [ -61.8021, 3.4652 ], [ -61.799, 3.45 ], [ -61.8044, 3.4461 ], [ -61.81912, 3.44396 ], [ -61.82503, 3.431 ], [ -61.8425, 3.4214 ], [ -61.8436, 3.4125 ], [ -61.85182, 3.40439 ], [ -61.8521, 3.3941 ], [ -61.8608, 3.3884 ], [ -61.8598, 3.3838 ], [ -61.889, 3.361 ], [ -61.8913, 3.3479 ], [ -61.8999, 3.3481 ], [ -61.9029, 3.3439 ], [ -61.91605, 3.33865 ], [ -61.9179, 3.3338 ], [ -61.9157, 3.3283 ], [ -61.9274, 3.329 ], [ -61.9329, 3.3056 ], [ -61.93253, 3.28851 ], [ -61.93968, 3.27879 ], [ -61.94413, 3.27824 ], [ -61.94218, 3.26934 ], [ -61.94968, 3.26379 ], [ -61.94718, 3.25657 ], [ -61.94969, 3.2549 ], [ -61.95301, 3.25712 ], [ -61.95718, 3.25102 ], [ -61.96218, 3.25185 ], [ -61.96996, 3.26129 ], [ -61.99218, 3.25796 ], [ -62.00829, 3.24851 ], [ -62.01719, 3.24907 ], [ -62.0333, 3.2574 ], [ -62.04635, 3.25851 ], [ -62.04635, 3.26268 ], [ -62.05191, 3.26462 ], [ -62.05551, 3.26212 ], [ -62.0608, 3.26352 ], [ -62.07218, 3.25157 ], [ -62.07774, 3.25212 ], [ -62.08218, 3.24741 ], [ -62.08912, 3.25046 ], [ -62.09273, 3.24601 ], [ -62.10746, 3.24102 ], [ -62.1158, 3.24101 ], [ -62.11096, 3.24069 ] ], [ [ -62.3094, 3.4524 ], [ -62.3127, 3.4479 ], [ -62.30514, 3.45315 ], [ -62.3094, 3.4524 ] ], [ [ -62.13666, 3.24997 ], [ -62.13578, 3.26075 ], [ -62.13776, 3.25071 ], [ -62.13666, 3.24997 ] ], [ [ -62.13192, 3.24679 ], [ -62.12307, 3.24845 ], [ -62.13485, 3.24876 ], [ -62.13192, 3.24679 ] ], [ [ -62.3355, 3.9037 ], [ -62.3309, 3.902 ], [ -62.33539, 3.90396 ], [ -62.3355, 3.9037 ] ], [ [ -62.32595, 3.89353 ], [ -62.326, 3.8939 ], [ -62.32621, 3.89398 ], [ -62.32595, 3.89353 ] ], [ [ -62.3477, 3.81258 ], [ -62.347, 3.8124 ], [ -62.3489, 3.8154 ], [ -62.3477, 3.81258 ] ], [ [ -62.36078, 3.79368 ], [ -62.3605, 3.7938 ], [ -62.3553, 3.8038 ], [ -62.36078, 3.79368 ] ], [ [ -62.378, 3.7796 ], [ -62.3779, 3.77914 ], [ -62.3749, 3.7779 ], [ -62.378, 3.7796 ] ], [ [ -62.385, 3.7699 ], [ -62.38482, 3.76966 ], [ -62.3774, 3.7767 ], [ -62.385, 3.7699 ] ], [ [ -62.3883, 3.7596 ], [ -62.38787, 3.75948 ], [ -62.3814, 3.7651 ], [ -62.3883, 3.7596 ] ], [ [ -62.3822, 3.7443 ], [ -62.38945, 3.74682 ], [ -62.3787, 3.7408 ], [ -62.38222, 3.74511 ], [ -62.3822, 3.7443 ] ], [ [ -62.3538, 3.7286 ], [ -62.3645, 3.7386 ], [ -62.373, 3.7426 ], [ -62.3538, 3.7286 ] ], [ [ -62.2815, 3.6247 ], [ -62.27305, 3.61465 ], [ -62.2772, 3.6222 ], [ -62.2999, 3.6419 ], [ -62.2815, 3.6247 ] ], [ [ -62.24612, 3.58678 ], [ -62.24745, 3.58537 ], [ -62.24475, 3.58608 ], [ -62.24612, 3.58678 ] ], [ [ -62.25116, 3.58144 ], [ -62.24625, 3.57236 ], [ -62.24992, 3.58275 ], [ -62.25116, 3.58144 ] ], [ [ -62.24566, 3.54063 ], [ -62.24529, 3.5431 ], [ -62.24557, 3.5436 ], [ -62.24566, 3.54063 ] ], [ [ -62.24797, 3.53256 ], [ -62.24672, 3.53366 ], [ -62.24619, 3.53715 ], [ -62.24797, 3.53256 ] ], [ [ -62.2531, 3.50271 ], [ -62.25044, 3.50394 ], [ -62.25333, 3.5038 ], [ -62.2531, 3.50271 ] ], [ [ -62.30343, 3.45434 ], [ -62.3009, 3.4561 ], [ -62.28787, 3.473 ], [ -62.30343, 3.45434 ] ], [ [ -62.741, 3.6671 ], [ -62.74509, 3.66911 ], [ -62.7293, 3.653 ], [ -62.741, 3.6671 ] ], [ [ -62.6715, 3.6106 ], [ -62.6738, 3.61 ], [ -62.66638, 3.60418 ], [ -62.6715, 3.6106 ] ], [ [ -62.65881, 3.59835 ], [ -62.65905, 3.59841 ], [ -62.6589, 3.5983 ], [ -62.65881, 3.59835 ] ], [ [ -62.6407, 3.6039 ], [ -62.6426, 3.5998 ], [ -62.64052, 3.60377 ], [ -62.6407, 3.6039 ] ], [ [ -62.6263, 3.6055 ], [ -62.63035, 3.60434 ], [ -62.6053, 3.6052 ], [ -62.6263, 3.6055 ] ], [ [ -62.574, 3.6179 ], [ -62.57444, 3.61774 ], [ -62.5735, 3.6154 ], [ -62.574, 3.6179 ] ], [ [ -62.45742, 3.66154 ], [ -62.465, 3.6613 ], [ -62.5104, 3.6464 ], [ -62.4746, 3.6576 ], [ -62.45742, 3.66154 ] ], [ [ -62.41007, 3.58055 ], [ -62.4218, 3.5849 ], [ -62.413, 3.5797 ], [ -62.41007, 3.58055 ] ], [ [ -62.3867, 3.5739 ], [ -62.38649, 3.57528 ], [ -62.38878, 3.57448 ], [ -62.3817, 3.5719 ], [ -62.3867, 3.5739 ] ], [ [ -62.3802, 3.5831 ], [ -62.3804, 3.5774 ], [ -62.37988, 3.58289 ], [ -62.3802, 3.5831 ] ], [ [ -62.37652, 3.5868 ], [ -62.3779, 3.5868 ], [ -62.3771, 3.5817 ], [ -62.37652, 3.5868 ] ], [ [ -62.3746, 3.5949 ], [ -62.37461, 3.59392 ], [ -62.3677, 3.5878 ], [ -62.3746, 3.5949 ] ], [ [ -62.38496, 3.56553 ], [ -62.3896, 3.5672 ], [ -62.38506, 3.56534 ], [ -62.38496, 3.56553 ] ], [ [ -62.77585, 3.32304 ], [ -62.7834, 3.3394 ], [ -62.78766, 3.34287 ], [ -62.7765, 3.3234 ], [ -62.77585, 3.32304 ] ], [ [ -62.80093, 3.36742 ], [ -62.8011, 3.3663 ], [ -62.80012, 3.3646 ], [ -62.80093, 3.36742 ] ], [ [ -62.79998, 3.3946 ], [ -62.8009, 3.3945 ], [ -62.80056, 3.39354 ], [ -62.79998, 3.3946 ] ], [ [ -62.59425, 3.2346 ], [ -62.59048, 3.2371 ], [ -62.59397, 3.23862 ], [ -62.59425, 3.2346 ] ], [ [ -62.34633, 3.56029 ], [ -62.34567, 3.56093 ], [ -62.34565, 3.56125 ], [ -62.34633, 3.56029 ] ], [ [ -62.34571, 3.56027 ], [ -62.34568, 3.56071 ], [ -62.34586, 3.56027 ], [ -62.34571, 3.56027 ] ], [ [ -62.4559, 3.66189 ], [ -62.455, 3.6621 ], [ -62.45718, 3.66372 ], [ -62.4559, 3.66189 ] ], [ [ -62.45825, 3.66525 ], [ -62.4553, 3.6664 ], [ -62.4587, 3.6659 ], [ -62.45825, 3.66525 ] ], [ [ -62.4535, 3.6796 ], [ -62.4515, 3.6818 ], [ -62.45178, 3.68195 ], [ -62.4535, 3.6796 ] ], [ [ -62.45316, 3.68271 ], [ -62.45757, 3.68513 ], [ -62.4586, 3.6845 ], [ -62.45316, 3.68271 ] ], [ [ -62.4567, 3.6928 ], [ -62.4539, 3.6998 ], [ -62.45424, 3.69981 ], [ -62.4567, 3.6928 ] ], [ [ -62.397, 3.74945 ], [ -62.39137, 3.75866 ], [ -62.59928, 3.89876 ], [ -62.606, 3.8851 ], [ -62.6267, 3.8762 ], [ -62.6314, 3.8869 ], [ -62.626, 3.8923 ], [ -62.6292, 3.8931 ], [ -62.6291, 3.8977 ], [ -62.6399, 3.9013 ], [ -62.64, 3.907 ], [ -62.6439, 3.9088 ], [ -62.6418, 3.911 ], [ -62.6478, 3.9169 ], [ -62.6452, 3.9206 ], [ -62.652, 3.9199 ], [ -62.6545, 3.9229 ], [ -62.64939, 3.94938 ], [ -62.6672, 3.9533 ], [ -62.6822, 3.9527 ], [ -62.71995, 3.9372 ], [ -62.729, 3.911 ], [ -62.7352, 3.9069 ], [ -62.7373, 3.9012 ], [ -62.7225, 3.8889 ], [ -62.7191, 3.8683 ], [ -62.7124, 3.8692 ], [ -62.6909, 3.8633 ], [ -62.6851, 3.8649 ], [ -62.6554, 3.8568 ], [ -62.6508, 3.8461 ], [ -62.6549, 3.8348 ], [ -62.60617, 3.80898 ], [ -62.58524, 3.84685 ], [ -62.40585, 3.73209 ], [ -62.39622, 3.74918 ], [ -62.397, 3.74945 ] ], [ [ -62.40147, 3.63736 ], [ -62.40047, 3.63596 ], [ -62.39802, 3.63539 ], [ -62.40147, 3.63736 ] ], [ [ -62.40255, 3.63886 ], [ -62.402, 3.63809 ], [ -62.39802, 3.63539 ], [ -62.40255, 3.63886 ] ], [ [ -62.62694, 3.87753 ], [ -62.62686, 3.87683 ], [ -62.62656, 3.8776 ], [ -62.62694, 3.87753 ] ], [ [ -62.23377, 3.58405 ], [ -62.23518, 3.5805 ], [ -62.23426, 3.57976 ], [ -62.23377, 3.58405 ] ], [ [ -62.11746, 3.73956 ], [ -62.14934, 3.69368 ], [ -62.11807, 3.73629 ], [ -62.11746, 3.73956 ] ], [ [ -62.11218, 3.74409 ], [ -62.10947, 3.75106 ], [ -62.1156, 3.74223 ], [ -62.11218, 3.74409 ] ], [ [ -62.07534, 3.77601 ], [ -62.08019, 3.76972 ], [ -62.07496, 3.77536 ], [ -62.07534, 3.77601 ] ], [ [ -62.0732, 3.77233 ], [ -62.07473, 3.77496 ], [ -62.07525, 3.77346 ], [ -62.0732, 3.77233 ] ], [ [ -62.03722, 3.82876 ], [ -62.037, 3.82721 ], [ -62.06137, 3.80084 ], [ -62.03549, 3.82884 ], [ -62.03722, 3.82876 ] ], [ [ -62.02768, 3.81731 ], [ -62.03323, 3.82011 ], [ -62.03327, 3.81987 ], [ -62.02768, 3.81731 ] ], [ [ -61.96155, 3.78279 ], [ -61.9777, 3.78094 ], [ -61.96186, 3.78221 ], [ -61.96155, 3.78279 ] ], [ [ -61.93388, 3.74331 ], [ -61.93462, 3.74412 ], [ -61.93471, 3.74062 ], [ -61.93388, 3.74331 ] ], [ [ -61.92617, 3.6745 ], [ -61.93137, 3.68092 ], [ -61.93147, 3.68087 ], [ -61.92617, 3.6745 ] ], [ [ -61.90671, 3.64669 ], [ -61.90577, 3.65504 ], [ -61.90713, 3.64675 ], [ -61.90671, 3.64669 ] ], [ [ -61.86229, 3.63123 ], [ -61.86922, 3.63455 ], [ -61.85606, 3.62816 ], [ -61.86229, 3.63123 ] ], [ [ -61.85645, 3.62449 ], [ -61.8602, 3.62686 ], [ -61.85489, 3.62143 ], [ -61.85645, 3.62449 ] ], [ [ -61.8396, 3.6079 ], [ -61.84817, 3.61456 ], [ -61.82156, 3.58734 ], [ -61.8396, 3.6079 ] ], [ [ -61.8174, 3.5826 ], [ -61.81802, 3.58331 ], [ -61.81847, 3.57565 ], [ -61.8174, 3.5826 ] ], [ [ -62.22238, 3.48931 ], [ -62.22178, 3.48454 ], [ -62.22188, 3.48902 ], [ -62.22238, 3.48931 ] ], [ [ -62.21479, 3.47893 ], [ -62.2145, 3.47727 ], [ -62.2141, 3.47837 ], [ -62.21479, 3.47893 ] ], [ [ -61.85815, 3.63836 ], [ -61.85398, 3.63213 ], [ -61.85396, 3.63218 ], [ -61.85815, 3.63836 ] ], [ [ -61.6672, 3.5785 ], [ -61.673, 3.5765 ], [ -61.6729, 3.5759 ], [ -61.6672, 3.5785 ] ], [ [ -61.6743, 3.5841 ], [ -61.6827, 3.5948 ], [ -61.6823, 3.5914 ], [ -61.6743, 3.5841 ] ], [ [ -61.68306, 3.5978 ], [ -61.68294, 3.6059 ], [ -61.6838, 3.604 ], [ -61.68306, 3.5978 ] ], [ [ -61.7029, 3.6689 ], [ -61.6987, 3.6831 ], [ -61.69906, 3.68409 ], [ -61.7029, 3.6689 ] ], [ [ -61.70099, 3.68945 ], [ -61.7013, 3.6903 ], [ -61.70138, 3.69032 ], [ -61.70099, 3.68945 ] ], [ [ -61.71368, 3.69899 ], [ -61.71495, 3.70121 ], [ -61.7148, 3.6999 ], [ -61.71368, 3.69899 ] ], [ [ -61.71588, 3.7094 ], [ -61.7149, 3.7137 ], [ -61.71651, 3.71491 ], [ -61.71588, 3.7094 ] ], [ [ -61.72199, 3.71903 ], [ -61.72526, 3.72149 ], [ -61.7241, 3.72 ], [ -61.72199, 3.71903 ] ], [ [ -61.74126, 3.73015 ], [ -61.7451, 3.7381 ], [ -61.7419, 3.7301 ], [ -61.74126, 3.73015 ] ], [ [ -61.76147, 3.74279 ], [ -61.7563, 3.7399 ], [ -61.7451, 3.7381 ], [ -61.76147, 3.74279 ] ], [ [ -61.77562, 3.7507 ], [ -61.77686, 3.75154 ], [ -61.7767, 3.7513 ], [ -61.77562, 3.7507 ] ], [ [ -61.80332, 3.82088 ], [ -61.80635, 3.82716 ], [ -61.8068, 3.82685 ], [ -61.80332, 3.82088 ] ], [ [ -61.81114, 3.82389 ], [ -61.81126, 3.82381 ], [ -61.81124, 3.8238 ], [ -61.81114, 3.82389 ] ], [ [ -61.81203, 3.82418 ], [ -61.81399, 3.82525 ], [ -61.81399, 3.82513 ], [ -61.81203, 3.82418 ] ], [ [ -61.8171, 3.82904 ], [ -61.82749, 3.83535 ], [ -61.82749, 3.83534 ], [ -61.8171, 3.82904 ] ], [ [ -61.82569, 3.83653 ], [ -61.8288, 3.84051 ], [ -61.82886, 3.84043 ], [ -61.82569, 3.83653 ] ], [ [ -61.82851, 3.8465 ], [ -61.82386, 3.84706 ], [ -61.82866, 3.84665 ], [ -61.82851, 3.8465 ] ], [ [ -62.03874, 3.84038 ], [ -62.03887, 3.84043 ], [ -62.03879, 3.83982 ], [ -62.03874, 3.84038 ] ], [ [ -62.04986, 3.88137 ], [ -62.05044, 3.87874 ], [ -62.04568, 3.87444 ], [ -62.04986, 3.88137 ] ], [ [ -62.05293, 3.88647 ], [ -62.05171, 3.88071 ], [ -62.05007, 3.88173 ], [ -62.05293, 3.88647 ] ] ] } },
{ "type": "Feature", "properties": { "cluster": 22.0, "hvi": 0.0593, "population": 0, "setores": 1, "municipio": "Amajari" }, "geometry": { "type": "Polygon", "coordinates": [ [ [ -62.93154, 3.31499 ], [ -62.92924, 3.31387 ], [ -62.9297, 3.31313 ], [ -62.93154, 3.31499 ] ] ] } },
{ "type": "Feature", "properties": { "cluster": 23.0, "hvi": 0.0593, "population": 0, "setores": 1, "municipio": "Amajari" }, "geometry": { "type": "Polygon", "coordinates": [ [ [ -62.95857, 3.33081 ], [ -62.96031, 3.32952 ], [ -62.95982, 3.33093 ], [ -62.95857, 3.33081 ] ] ] } },
{ "type": "Feature", "properties": { "cluster": 24.0, "hvi": 0.0593, "population": 0, "setores": 2, "municipio": "Amajari" }, "geometry": { "type": "Polygon", "coordinates": [ [ [ -62.6574, 3.2424 ], [ -62.6628, 3.239 ], [ -62.65977, 3.23403 ], [ -62.69135, 3.2199 ], [ -62.73719, 3.23879 ], [ -62.76191, 3.24101 ], [ -62.77552, 3.23657 ], [ -62.79358, 3.2374 ], [ -62.81052, 3.24824 ], [ -62.8258, 3.24767 ], [ -62.83858, 3.26463 ], [ -62.86052, 3.27101 ], [ -62.87804, 3.28435 ], [ -62.90219, 3.29351 ], [ -62.91941, 3.30795 ], [ -62.95968, 3.31685 ], [ -62.97552, 3.3424 ], [ -63.00262, 3.34567 ], [ -62.98367, 3.37195 ], [ -62.79615, 3.2668 ], [ -62.69498, 3.24508 ], [ -62.65997, 3.25029 ], [ -62.6574, 3.2424 ] ], [ [ -62.93005, 3.31569 ], [ -62.93131, 3.31581 ], [ -62.93105, 3.31386 ], [ -62.93005, 3.31569 ] ], [ [ -62.95857, 3.33081 ], [ -62.95982, 3.33093 ], [ -62.96031, 3.32952 ], [ -62.95857, 3.33081 ] ], [ [ -62.97225, 3.34715 ], [ -62.97251, 3.34988 ], [ -62.97582, 3.34782 ], [ -62.9751, 3.34543 ], [ -62.97225, 3.34715 ] ] ] } },
{ "type": "Feature", "properties": { "cluster": 25.0, "hvi": 0.0778, "population": 72, "setores": 1, "municipio": "Amajari" }, "geometry": { "type": "Polygon", "coordinates": [ [ [ -64.43865, 3.84925 ], [ -64.43656, 3.84724 ], [ -64.43762, 3.84683 ], [ -64.43865, 3.84925 ] ] ] } },
{ "type": "Feature", "properties": { "cluster": 26.0, "hvi": 0.0593, "population": 0, "setores": 1, "municipio": "Amajari" }, "geometry": { "type": "Polygon", "coordinates": [ [ [ -63.62848, 3.75365 ], [ -63.63023, 3.75361 ], [ -63.62949, 3.75434 ], [ -63.62848, 3.75365 ] ] ] } },
{ "type": "Feature", "properties": { "cluster": 27.0, "hvi": 0.0749, "population": 71, "setores": 1, "municipio": "Amajari" }, "geometry": { "type": "Polygon", "coordinates": [ [ [ -64.14996, 3.73522 ], [ -64.14826, 3.73363 ], [ -64.1498, 3.7336 ], [ -64.14996, 3.73522 ] ] ] } },
{ "type": "Feature", "properties": { "cluster": 28.0, "hvi": 0.0764, "population": 83, "setores": 1, "municipio": "Amajari" }, "geometry": { "type": "Polygon", "coordinates": [ [ [ -64.15853, 3.71137 ], [ -64.16061, 3.70931 ], [ -64.16063, 3.71138 ], [ -64.15853, 3.71137 ] ] ] } },
{ "type": "Feature", "properties": { "cluster": 29.0, "hvi": 0.1517, "population": 2213, "setores": 2, "municipio": "Amajari" }, "geometry": { "type": "MultiPolygon", "coordinates": [ [ [ [ -61.415, 3.65398 ], [ -61.41434, 3.64727 ], [ -61.41777, 3.64689 ], [ -61.41758, 3.64373 ], [ -61.42588, 3.64345 ], [ -61.42556, 3.65275 ], [ -61.41226, 3.65496 ], [ -61.415, 3.65398 ] ] ], [ [ [ -61.41227, 3.65512 ], [ -61.42556, 3.65275 ], [ -61.42092, 3.65569 ], [ -61.42108, 3.66052 ], [ -61.41255, 3.66075 ], [ -61.41227, 3.65512 ] ] ] ] } },
{ "type": "Feature", "properties": { "cluster": 30.0, "hvi": 0.075, "population": 96, "setores": 2, "municipio": "Amajari" }, "geometry": { "type": "Polygon", "coordinates": [ [ [ -61.34889, 3.45985 ], [ -61.34455, 3.45523 ], [ -61.34348, 3.43263 ], [ -61.42489, 3.43832 ], [ -61.42933, 3.43596 ], [ -61.43166, 3.4255 ], [ -61.43426, 3.42124 ], [ -61.43907, 3.42061 ], [ -61.43952, 3.41697 ], [ -61.44919, 3.42029 ], [ -61.45795, 3.44201 ], [ -61.44947, 3.47676 ], [ -61.45398, 3.49158 ], [ -61.36039, 3.49303 ], [ -61.35457, 3.48957 ], [ -61.34889, 3.45985 ] ], [ [ -61.38317, 3.45428 ], [ -61.38804, 3.45839 ], [ -61.39213, 3.45349 ], [ -61.38726, 3.44938 ], [ -61.38317, 3.45428 ] ] ] } },
{ "type": "Feature", "properties": { "cluster": 31.0, "hvi": 0.0832, "population": 137, "setores": 1, "municipio": "Amajari" }, "geometry": { "type": "Polygon", "coordinates": [ [ [ -64.19359, 3.95068 ], [ -64.19203, 3.94726 ], [ -64.196, 3.94584 ], [ -64.19576, 3.94695 ], [ -64.19359, 3.95068 ] ] ] } },
{ "type": "Feature", "properties": { "cluster": 32.0, "hvi": 0.0822, "population": 166, "setores": 1, "municipio": "Amajari" }, "geometry": { "type": "Polygon", "coordinates": [ [ [ -62.59529, 3.23508 ], [ -62.59397, 3.23862 ], [ -62.59048, 3.2371 ], [ -62.59062, 3.23556 ], [ -62.59529, 3.23508 ] ] ] } },
{ "type": "Feature", "properties": { "cluster": 33.0, "hvi": 0.0761, "population": 86, "setores": 1, "municipio": "Amajari" }, "geometry": { "type": "Polygon", "coordinates": [ [ [ -64.45731, 3.95931 ], [ -64.45907, 3.96016 ], [ -64.45885, 3.96123 ], [ -64.45731, 3.95931 ] ] ] } },
{ "type": "Feature", "properties": { "cluster": 34.0, "hvi": 0.0742, "population": 50, "setores": 1, "municipio": "Amajari" }, "geometry": { "type": "Polygon", "coordinates": [ [ [ -64.44616, 3.95714 ], [ -64.44797, 3.95899 ], [ -64.44659, 3.95929 ], [ -64.44616, 3.95714 ] ] ] } },
{ "type": "Feature", "properties": { "cluster": 35.0, "hvi": 0.0593, "population": 0, "setores": 1, "municipio": "Amajari" }, "geometry": { "type": "Polygon", "coordinates": [ [ [ -64.43977, 3.87706 ], [ -64.4389, 3.87741 ], [ -64.43901, 3.87687 ], [ -64.43977, 3.87706 ] ] ] } },
{ "type": "Feature", "properties": { "cluster": 36.0, "hvi": 0.0593, "population": 0, "setores": 1, "municipio": "Amajari" }, "geometry": { "type": "Polygon", "coordinates": [ [ [ -64.44186, 3.85543 ], [ -64.44242, 3.85569 ], [ -64.4422, 3.85602 ], [ -64.44186, 3.85543 ] ] ] } },
{ "type": "Feature", "properties": { "cluster": 37.0, "hvi": 0.0743, "population": 47, "setores": 1, "municipio": "Amajari" }, "geometry": { "type": "Polygon", "coordinates": [ [ [ -64.16268, 3.70969 ], [ -64.16146, 3.71053 ], [ -64.16157, 3.70959 ], [ -64.16268, 3.70969 ] ] ] } },
{ "type": "Feature", "properties": { "cluster": 38.0, "hvi": 0.1484, "population": 865, "setores": 1, "municipio": "Alto Alegre" }, "geometry": { "type": "Polygon", "coordinates": [ [ [ -61.30688, 2.99657 ], [ -61.31683, 2.98823 ], [ -61.32061, 2.99266 ], [ -61.31077, 3.00091 ], [ -61.30688, 2.99657 ] ] ] } },
{ "type": "Feature", "properties": { "cluster": 39.0, "hvi": 0.1526, "population": 2848, "setores": 3, "municipio": "Alto Alegre" }, "geometry": { "type": "MultiPolygon", "coordinates": [ [ [ [ -61.29805, 2.98557 ], [ -61.30656, 2.97805 ], [ -61.31271, 2.98381 ], [ -61.30348, 2.99153 ], [ -61.29805, 2.98557 ] ] ], [ [ [ -61.31486, 2.9859 ], [ -61.30485, 2.9943 ], [ -61.30292, 2.99216 ], [ -61.31271, 2.98381 ], [ -61.31486, 2.9859 ] ] ] ] } },
{ "type": "Feature", "properties": { "cluster": 40.0, "hvi": 0.134, "population": 2895, "setores": 5, "municipio": "Alto Alegre" }, "geometry": { "type": "MultiPolygon", "coordinates": [ [ [ [ -60.83504, 2.44935 ], [ -60.83571, 2.4449 ], [ -60.8351, 2.45119 ], [ -60.83504, 2.44935 ] ] ], [ [ [ -60.82883, 2.46856 ], [ -60.83571, 2.45024 ], [ -60.83677, 2.43912 ], [ -60.83743, 2.47167 ], [ -60.83252, 2.47742 ], [ -60.82883, 2.46856 ] ] ], [ [ [ -60.82606, 2.55114 ], [ -60.82317, 2.55322 ], [ -60.82624, 2.54767 ], [ -60.82606, 2.55114 ] ] ], [ [ [ -60.82315, 2.55962 ], [ -60.82642, 2.55823 ], [ -60.8235, 2.56238 ], [ -60.81882, 2.5732 ], [ -60.81244, 2.58003 ], [ -60.81691, 2.57493 ], [ -60.82053, 2.56139 ], [ -60.82509, 2.55593 ], [ -60.82315, 2.55962 ] ] ], [ [ [ -60.79162, 2.61423 ], [ -60.79434, 2.61203 ], [ -60.78969, 2.61997 ], [ -60.79162, 2.61423 ] ] ], [ [ [ -60.81876, 2.57364 ], [ -60.82801, 2.55595 ], [ -60.82345, 2.52866 ], [ -60.83366, 2.48178 ], [ -60.84074, 2.46859 ], [ -60.83988, 2.43505 ], [ -60.84856, 2.42824 ], [ -60.86829, 2.43463 ], [ -60.85662, 2.44546 ], [ -60.86996, 2.46212 ], [ -60.89217, 2.47574 ], [ -60.90245, 2.47435 ], [ -60.9069, 2.46602 ], [ -60.91412, 2.46991 ], [ -60.91246, 2.47574 ], [ -60.8944, 2.49158 ], [ -60.89523, 2.51018 ], [ -60.92107, 2.51935 ], [ -60.94439, 2.52129 ], [ -60.92745, 2.54963 ], [ -60.92746, 2.56407 ], [ -60.91551, 2.56519 ], [ -60.91718, 2.57324 ], [ -60.91246, 2.59657 ], [ -60.91718, 2.62769 ], [ -60.94301, 2.65129 ], [ -60.96023, 2.64519 ], [ -60.97023, 2.66573 ], [ -60.98106, 2.66685 ], [ -60.98495, 2.67351 ], [ -61.00051, 2.68167 ], [ -61.00053, 2.82837 ], [ -60.9811, 2.8301 ], [ -60.9748, 2.8245 ], [ -60.95942, 2.82502 ], [ -60.9521, 2.8083 ], [ -60.956, 2.803 ], [ -60.9472, 2.7933 ], [ -60.941, 2.7766 ], [ -60.9302, 2.7655 ], [ -60.9216, 2.7639 ], [ -60.8838, 2.7416 ], [ -60.859, 2.7384 ], [ -60.8556, 2.7314 ], [ -60.8446, 2.7304 ], [ -60.8378, 2.7259 ], [ -60.8231, 2.7296 ], [ -60.80826, 2.72886 ], [ -60.81171, 2.72204 ], [ -60.80656, 2.71916 ], [ -60.80548, 2.7108 ], [ -60.79589, 2.7004 ], [ -60.78536, 2.6979 ], [ -60.76688, 2.67829 ], [ -60.76584, 2.66275 ], [ -60.81001, 2.58923 ], [ -60.81022, 2.58305 ], [ -60.81876, 2.57364 ] ] ], [ [ [ -61.01912, 2.68241 ], [ -61.02544, 2.69543 ], [ -61.02988, 2.69803 ], [ -61.03357, 2.69185 ], [ -61.03468, 2.67796 ], [ -61.04301, 2.67407 ], [ -61.07691, 2.70141 ], [ -61.08435, 2.71123 ], [ -61.11394, 2.72506 ], [ -61.11781, 2.73606 ], [ -61.13803, 2.74246 ], [ -61.14532, 2.7551 ], [ -61.16242, 2.76878 ], [ -61.16952, 2.77075 ], [ -61.16689, 2.77405 ], [ -61.17438, 2.77999 ], [ -61.2015, 2.82205 ], [ -61.21434, 2.83619 ], [ -61.22628, 2.83576 ], [ -61.24248, 2.84014 ], [ -61.26021, 2.83648 ], [ -61.27304, 2.84159 ], [ -61.2827, 2.85067 ], [ -61.28278, 2.85463 ], [ -61.27729, 2.85462 ], [ -61.27727, 2.88412 ], [ -61.2858, 2.8892 ], [ -61.28608, 2.89529 ], [ -61.29561, 2.90689 ], [ -61.29576, 2.91136 ], [ -61.27582, 2.92771 ], [ -61.32166, 2.98419 ], [ -61.30688, 2.99657 ], [ -61.29301, 3.00139 ], [ -61.27828, 3.01156 ], [ -61.26121, 3.0467 ], [ -61.22824, 3.03249 ], [ -61.18505, 3.02236 ], [ -61.17001, 3.00995 ], [ -61.22413, 2.99837 ], [ -61.21429, 2.98886 ], [ -61.20272, 2.98309 ], [ -61.20224, 2.97418 ], [ -61.18911, 2.96919 ], [ -61.18158, 2.97188 ], [ -61.17476, 2.96561 ], [ -61.16497, 2.96308 ], [ -61.16181, 2.9552 ], [ -61.16588, 2.94433 ], [ -61.16459, 2.93459 ], [ -61.15986, 2.92477 ], [ -61.14894, 2.91577 ], [ -61.11322, 2.91116 ], [ -61.09689, 2.92418 ], [ -61.09888, 2.9267 ], [ -61.12199, 2.92776 ], [ -61.13794, 2.95558 ], [ -61.13477, 2.96718 ], [ -61.13661, 2.97525 ], [ -61.14784, 2.97738 ], [ -61.15392, 2.98927 ], [ -61.15302, 2.99806 ], [ -61.14689, 2.9974 ], [ -61.14426, 2.99305 ], [ -61.13627, 2.99618 ], [ -61.12668, 3.00946 ], [ -61.12484, 3.01718 ], [ -61.1066, 3.0107 ], [ -61.1064, 3.0075 ], [ -61.0947, 3.0028 ], [ -61.095, 2.9985 ], [ -61.0912, 3.0001 ], [ -61.0831, 2.996 ], [ -61.0741, 2.9826 ], [ -61.062, 2.974 ], [ -61.0626, 2.9716 ], [ -61.03126, 2.94862 ], [ -61.03199, 2.94017 ], [ -61.0222, 2.9375 ], [ -61.0178, 2.9298 ], [ -61.00055, 2.92067 ], [ -61.00051, 2.68167 ], [ -61.00743, 2.68477 ], [ -61.01912, 2.68241 ] ], [ [ -61.03815, 2.8928 ], [ -61.03818, 2.89276 ], [ -61.03766, 2.89313 ], [ -61.03815, 2.8928 ] ], [ [ -61.30498, 2.9942 ], [ -61.31465, 2.98607 ], [ -61.30656, 2.97805 ], [ -61.29805, 2.98557 ], [ -61.30498, 2.9942 ] ] ] ] } },
{ "type": "Feature", "properties": { "cluster": 41.0, "hvi": 0.1167, "population": 456, "setores": 2, "municipio": "Alto Alegre" }, "geometry": { "type": "Polygon", "coordinates": [ [ [ -61.12484, 3.01718 ], [ -61.12668, 3.00946 ], [ -61.14052, 2.99324 ], [ -61.15302, 2.99806 ], [ -61.15392, 2.98927 ], [ -61.14784, 2.97738 ], [ -61.13661, 2.97525 ], [ -61.13477, 2.96718 ], [ -61.13794, 2.95558 ], [ -61.12199, 2.92776 ], [ -61.09682, 2.92551 ], [ -61.10175, 2.91794 ], [ -61.11322, 2.91116 ], [ -61.14894, 2.91577 ], [ -61.15986, 2.92477 ], [ -61.16459, 2.93459 ], [ -61.16588, 2.94433 ], [ -61.16181, 2.9552 ], [ -61.16497, 2.96308 ], [ -61.17476, 2.96561 ], [ -61.18158, 2.97188 ], [ -61.18911, 2.96919 ], [ -61.20224, 2.97418 ], [ -61.20272, 2.98309 ], [ -61.21429, 2.98886 ], [ -61.22413, 2.99837 ], [ -61.16069, 3.01355 ], [ -61.14582, 3.01081 ], [ -61.13819, 3.01949 ], [ -61.12484, 3.01718 ] ] ] } },
{ "type": "Feature", "properties": { "cluster": 42.0, "hvi": 0.1303, "population": 2735, "setores": 7, "municipio": "Alto Alegre" }, "geometry": { "type": "Polygon", "coordinates": [ [ [ -61.04887, 2.67692 ], [ -61.03968, 2.67407 ], [ -61.03468, 2.67796 ], [ -61.03273, 2.69407 ], [ -61.02738, 2.69748 ], [ -61.01912, 2.68241 ], [ -61.00402, 2.68364 ], [ -60.98495, 2.67351 ], [ -60.98106, 2.66685 ], [ -60.97023, 2.66573 ], [ -60.9732, 2.6635 ], [ -60.9724, 2.6507 ], [ -60.9817, 2.6491 ], [ -60.9961, 2.6624 ], [ -61.0155, 2.6661 ], [ -61.0198, 2.6454 ], [ -61.0265, 2.631 ], [ -61.0342, 2.6226 ], [ -61.0508, 2.6171 ], [ -61.0547, 2.6113 ], [ -61.0781, 2.5999 ], [ -61.094, 2.5865 ], [ -61.1058, 2.567 ], [ -61.124, 2.5663 ], [ -61.1313, 2.5711 ], [ -61.13665, 2.5336 ], [ -61.24006, 2.5459 ], [ -61.24396, 2.60395 ], [ -61.24162, 2.63581 ], [ -61.23763, 2.65058 ], [ -61.23116, 2.65311 ], [ -61.24107, 2.65129 ], [ -61.25329, 2.66741 ], [ -61.27392, 2.67182 ], [ -61.28968, 2.6574 ], [ -61.29291, 2.67316 ], [ -61.30245, 2.69213 ], [ -61.29979, 2.69601 ], [ -61.302, 2.69392 ], [ -61.3059, 2.6992 ], [ -61.3085, 2.6948 ], [ -61.3085, 2.7001 ], [ -61.316, 2.7037 ], [ -61.322, 2.7004 ], [ -61.3245, 2.6895 ], [ -61.3312, 2.6826 ], [ -61.3336, 2.6875 ], [ -61.3463, 2.6898 ], [ -61.3511, 2.6866 ], [ -61.3535, 2.6962 ], [ -61.3628, 2.6996 ], [ -61.3606, 2.7059 ], [ -61.3758, 2.7048 ], [ -61.3804, 2.7011 ], [ -61.3888, 2.7096 ], [ -61.4062, 2.7094 ], [ -61.4142, 2.7063 ], [ -61.4245, 2.7086 ], [ -61.4378, 2.7042 ], [ -61.4426, 2.7079 ], [ -61.4683, 2.6957 ], [ -61.4746, 2.697 ], [ -61.4758, 2.6911 ], [ -61.4796, 2.6947 ], [ -61.4849, 2.6927 ], [ -61.4905, 2.6813 ], [ -61.5022, 2.6848 ], [ -61.5034, 2.681 ], [ -61.5237, 2.681 ], [ -61.55655, 2.66793 ], [ -61.62533, 2.72457 ], [ -61.619, 2.731 ], [ -61.6197, 2.73707 ], [ -61.6158, 2.7429 ], [ -61.6079, 2.7425 ], [ -61.593, 2.7504 ], [ -61.5735, 2.7689 ], [ -61.5533, 2.7754 ], [ -61.5439, 2.7897 ], [ -61.5356, 2.7921 ], [ -61.5345, 2.7946 ], [ -61.539, 2.7978 ], [ -61.5683, 2.8093 ], [ -61.5683, 2.8262 ], [ -61.5626, 2.8305 ], [ -61.5623, 2.8461 ], [ -61.5534, 2.8583 ], [ -61.5436, 2.8647 ], [ -61.5395, 2.8715 ], [ -61.5115, 2.8702 ], [ -61.4952, 2.8808 ], [ -61.49233, 2.8884 ], [ -61.48679, 2.89159 ], [ -61.49856, 2.88684 ], [ -61.51356, 2.89463 ], [ -61.52329, 2.89574 ], [ -61.5344, 2.90352 ], [ -61.53663, 2.91213 ], [ -61.54357, 2.91102 ], [ -61.54829, 2.91601 ], [ -61.54857, 2.92546 ], [ -61.55355, 2.9292 ], [ -61.55231, 2.94029 ], [ -61.5008, 2.93808 ], [ -61.54411, 2.99253 ], [ -61.55542, 2.99735 ], [ -61.56003, 3.00967 ], [ -61.55409, 3.01697 ], [ -61.54104, 3.0132 ], [ -61.47165, 3.02846 ], [ -61.37214, 3.06579 ], [ -61.34509, 3.06562 ], [ -61.2717, 3.05205 ], [ -61.25931, 3.04692 ], [ -61.27047, 3.03174 ], [ -61.272, 3.02261 ], [ -61.28179, 3.00777 ], [ -61.30688, 2.99657 ], [ -61.31077, 3.00091 ], [ -61.32061, 2.99266 ], [ -61.31683, 2.98823 ], [ -61.32158, 2.98425 ], [ -61.27582, 2.92771 ], [ -61.29549, 2.91313 ], [ -61.29575, 2.90716 ], [ -61.28701, 2.89727 ], [ -61.28605, 2.89037 ], [ -61.29992, 2.89048 ], [ -61.29991, 2.85466 ], [ -61.32075, 2.85469 ], [ -61.28278, 2.85463 ], [ -61.2827, 2.85067 ], [ -61.27304, 2.84159 ], [ -61.26021, 2.83648 ], [ -61.24248, 2.84014 ], [ -61.21377, 2.8358 ], [ -61.18874, 2.8041 ], [ -61.17438, 2.77999 ], [ -61.16742, 2.77433 ], [ -61.16952, 2.77075 ], [ -61.16242, 2.76878 ], [ -61.14532, 2.7551 ], [ -61.13803, 2.74246 ], [ -61.11781, 2.73606 ], [ -61.11394, 2.72506 ], [ -61.08435, 2.71123 ], [ -61.07691, 2.70141 ], [ -61.05869, 2.68751 ], [ -61.07465, 2.69101 ], [ -61.05269, 2.68379 ], [ -61.04887, 2.67692 ] ], [ [ -61.47938, 2.80342 ], [ -61.47729, 2.80659 ], [ -61.48339, 2.81237 ], [ -61.48194, 2.81468 ], [ -61.48832, 2.81099 ], [ -61.48511, 2.80869 ], [ -61.48593, 2.80663 ], [ -61.47938, 2.80342 ] ], [ [ -61.4491, 2.86717 ], [ -61.451, 2.8667 ], [ -61.47602, 2.82414 ], [ -61.4491, 2.86717 ] ], [ [ -61.4324, 2.86914 ], [ -61.43987, 2.87137 ], [ -61.43809, 2.86992 ], [ -61.44357, 2.86856 ], [ -61.4324, 2.86914 ] ], [ [ -61.42023, 2.86379 ], [ -61.40607, 2.86129 ], [ -61.42492, 2.86691 ], [ -61.42023, 2.86379 ] ], [ [ -61.36967, 2.82851 ], [ -61.37135, 2.83962 ], [ -61.37199, 2.83954 ], [ -61.36967, 2.82851 ] ], [ [ -61.35579, 2.76907 ], [ -61.34551, 2.76602 ], [ -61.356, 2.77047 ], [ -61.35579, 2.76907 ] ], [ [ -61.3444, 2.75768 ], [ -61.34286, 2.75832 ], [ -61.34551, 2.76602 ], [ -61.3444, 2.75768 ] ], [ [ -61.33579, 2.76129 ], [ -61.33447, 2.76042 ], [ -61.33587, 2.76263 ], [ -61.33412, 2.7652 ], [ -61.33996, 2.75955 ], [ -61.33579, 2.76129 ] ], [ [ -61.33332, 2.76637 ], [ -61.33925, 2.76935 ], [ -61.33346, 2.76617 ], [ -61.33332, 2.76637 ] ], [ [ -61.3462, 2.8174 ], [ -61.35103, 2.81023 ], [ -61.35068, 2.80902 ], [ -61.3462, 2.8174 ] ], [ [ -61.33644, 2.8244 ], [ -61.32683, 2.84134 ], [ -61.33771, 2.8235 ], [ -61.33644, 2.8244 ] ], [ [ -61.21551, 2.66407 ], [ -61.22583, 2.65519 ], [ -61.22301, 2.6563 ], [ -61.21551, 2.66407 ] ], [ [ -61.29769, 2.69906 ], [ -61.29634, 2.70102 ], [ -61.29643, 2.7025 ], [ -61.29769, 2.69906 ] ], [ [ -61.29656, 2.70464 ], [ -61.29662, 2.70573 ], [ -61.29723, 2.70617 ], [ -61.29656, 2.70464 ] ], [ [ -61.33162, 2.74824 ], [ -61.33134, 2.75545 ], [ -61.33308, 2.7582 ], [ -61.33162, 2.74824 ] ], [ [ -61.1957, 2.73673 ], [ -61.17931, 2.74847 ], [ -61.18681, 2.76064 ], [ -61.20325, 2.74911 ], [ -61.1957, 2.73673 ] ], [ [ -61.45369, 2.89518 ], [ -61.45427, 2.89433 ], [ -61.45238, 2.89453 ], [ -61.45369, 2.89518 ] ], [ [ -61.44694, 2.87713 ], [ -61.44968, 2.89318 ], [ -61.45117, 2.89392 ], [ -61.44694, 2.87713 ] ], [ [ -61.32341, 2.86112 ], [ -61.32911, 2.86438 ], [ -61.32227, 2.85825 ], [ -61.32341, 2.86112 ] ], [ [ -61.5801, 2.719 ], [ -61.58335, 2.72432 ], [ -61.587, 2.72209 ], [ -61.584, 2.71696 ], [ -61.5801, 2.719 ] ] ] } },
{ "type": "Feature", "properties": { "cluster": 43.0, "hvi": 0.1132, "population": 2877, "setores": 29, "municipio": "Alto Alegre" }, "geometry": { "type": "Polygon", "coordinates": [ [ [ -61.6906, 2.538 ], [ -61.6979, 2.5361 ], [ -61.7012, 2.5287 ], [ -61.7104, 2.5315 ], [ -61.7254, 2.5261 ], [ -61.7276, 2.5189 ], [ -61.7343, 2.5147 ], [ -61.7342, 2.5101 ], [ -61.7431, 2.5058 ], [ -61.76162, 2.50782 ], [ -61.78169, 2.53548 ], [ -61.80799, 2.55516 ], [ -61.79284, 2.63286 ], [ -61.8355, 2.69608 ], [ -61.8318, 2.69709 ], [ -61.83565, 2.6963 ], [ -61.85978, 2.68405 ], [ -61.87191, 2.68401 ], [ -61.87693, 2.69344 ], [ -61.88521, 2.6975 ], [ -61.88918, 2.69081 ], [ -61.89302, 2.6899 ], [ -61.90127, 2.69442 ], [ -61.91385, 2.69157 ], [ -61.91573, 2.69354 ], [ -61.92128, 2.70516 ], [ -61.92478, 2.70654 ], [ -61.91547, 2.76297 ], [ -62.09169, 2.79235 ], [ -62.09879, 2.74666 ], [ -62.13222, 2.74386 ], [ -62.13915, 2.7477 ], [ -62.18205, 2.74859 ], [ -62.16867, 2.79741 ], [ -62.40616, 2.83336 ], [ -62.6948, 2.76703 ], [ -62.69674, 2.69532 ], [ -62.70471, 2.69357 ], [ -62.707, 2.7019 ], [ -62.71516, 2.71152 ], [ -62.72782, 2.71388 ], [ -62.74121, 2.72273 ], [ -62.75319, 2.72 ], [ -62.76492, 2.7298 ], [ -62.76977, 2.72987 ], [ -62.80411, 2.72334 ], [ -62.80479, 2.73075 ], [ -62.81714, 2.74516 ], [ -62.81944, 2.74373 ], [ -62.83216, 2.75478 ], [ -62.83313, 2.75161 ], [ -62.84083, 2.754 ], [ -62.8452, 2.76542 ], [ -62.85218, 2.76674 ], [ -62.85425, 2.77962 ], [ -62.85814, 2.78071 ], [ -62.8603, 2.77712 ], [ -62.87078, 2.78766 ], [ -62.87502, 2.8018 ], [ -62.89267, 2.80707 ], [ -62.8979, 2.82811 ], [ -62.90574, 2.83008 ], [ -62.90542, 2.84093 ], [ -62.92175, 2.86198 ], [ -62.95182, 2.92708 ], [ -62.9492, 2.9547 ], [ -62.9322, 2.99942 ], [ -62.91259, 3.0369 ], [ -62.89003, 3.07208 ], [ -62.87499, 3.08917 ], [ -62.85701, 3.10725 ], [ -62.84296, 3.11587 ], [ -62.8359, 3.1156 ], [ -62.81615, 3.12467 ], [ -62.79104, 3.12099 ], [ -62.75743, 3.13768 ], [ -62.74906, 3.14767 ], [ -62.73285, 3.15056 ], [ -62.72644, 3.1549 ], [ -62.72121, 3.17016 ], [ -62.71205, 3.17647 ], [ -62.70224, 3.19212 ], [ -62.6613, 3.22538 ], [ -62.65886, 3.23573 ], [ -62.64913, 3.24018 ], [ -62.64968, 3.23518 ], [ -62.64635, 3.23407 ], [ -62.63635, 3.24851 ], [ -62.63025, 3.2399 ], [ -62.61996, 3.24351 ], [ -62.5983, 3.23212 ], [ -62.56941, 3.22907 ], [ -62.5669, 3.23185 ], [ -62.55413, 3.23268 ], [ -62.52413, 3.21574 ], [ -62.50052, 3.20684 ], [ -62.47441, 3.20268 ], [ -62.46857, 3.1899 ], [ -62.4569, 3.18601 ], [ -62.45357, 3.18101 ], [ -62.45524, 3.17463 ], [ -62.44885, 3.15934 ], [ -62.45246, 3.14879 ], [ -62.44746, 3.1324 ], [ -62.43524, 3.12824 ], [ -62.43218, 3.12434 ], [ -62.4169, 3.12935 ], [ -62.40552, 3.12629 ], [ -62.39108, 3.13296 ], [ -62.38801, 3.14046 ], [ -62.37524, 3.1399 ], [ -62.35024, 3.15518 ], [ -62.3408, 3.15157 ], [ -62.32219, 3.15434 ], [ -62.31802, 3.14852 ], [ -62.31023, 3.14546 ], [ -62.30496, 3.14824 ], [ -62.29441, 3.14656 ], [ -62.28802, 3.15212 ], [ -62.27329, 3.14907 ], [ -62.26774, 3.14073 ], [ -62.248, 3.1381 ], [ -62.22544, 3.09516 ], [ -62.10347, 3.16656 ], [ -62.13468, 3.23046 ], [ -62.13051, 3.23463 ], [ -62.11579, 3.23657 ], [ -62.09068, 3.24862 ], [ -62.09062, 3.24763 ], [ -62.08912, 3.25046 ], [ -62.08218, 3.24741 ], [ -62.07774, 3.25212 ], [ -62.07218, 3.25157 ], [ -62.0608, 3.26352 ], [ -62.05551, 3.26212 ], [ -62.05191, 3.26462 ], [ -62.04635, 3.26268 ], [ -62.04635, 3.25851 ], [ -62.0333, 3.2574 ], [ -62.01719, 3.24907 ], [ -62.00829, 3.24851 ], [ -62.00066, 3.25286 ], [ -62.0005, 3.24002 ], [ -61.99912, 3.25546 ], [ -61.96996, 3.26129 ], [ -61.96302, 3.2524 ], [ -61.95718, 3.25102 ], [ -61.95301, 3.25712 ], [ -61.94718, 3.25657 ], [ -61.94968, 3.26379 ], [ -61.94218, 3.26934 ], [ -61.94413, 3.27824 ], [ -61.93968, 3.27879 ], [ -61.93274, 3.28851 ], [ -61.92885, 3.28879 ], [ -61.92829, 3.28129 ], [ -61.92496, 3.28018 ], [ -61.91051, 3.29046 ], [ -61.8994, 3.28879 ], [ -61.89357, 3.29129 ], [ -61.88773, 3.28213 ], [ -61.87135, 3.27629 ], [ -61.86857, 3.26824 ], [ -61.84912, 3.26379 ], [ -61.84079, 3.28213 ], [ -61.84246, 3.28962 ], [ -61.83857, 3.2924 ], [ -61.83996, 3.29796 ], [ -61.82746, 3.30296 ], [ -61.83107, 3.30907 ], [ -61.82385, 3.32212 ], [ -61.81052, 3.32629 ], [ -61.8094, 3.32407 ], [ -61.80607, 3.32823 ], [ -61.79839, 3.33002 ], [ -61.79823, 3.32918 ], [ -61.79801, 3.33018 ], [ -61.78384, 3.32935 ], [ -61.75912, 3.32018 ], [ -61.73052, 3.3199 ], [ -61.71496, 3.3249 ], [ -61.71135, 3.32852 ], [ -61.71496, 3.33434 ], [ -61.7119, 3.33518 ], [ -61.69496, 3.32851 ], [ -61.6919, 3.32101 ], [ -61.6819, 3.32212 ], [ -61.66163, 3.33017 ], [ -61.62634, 3.35713 ], [ -61.62523, 3.34962 ], [ -61.61776, 3.34187 ], [ -61.61412, 3.33045 ], [ -61.59441, 3.30907 ], [ -61.58718, 3.31406 ], [ -61.57274, 3.3124 ], [ -61.56495, 3.30657 ], [ -61.55662, 3.31379 ], [ -61.55134, 3.31296 ], [ -61.54218, 3.3024 ], [ -61.53718, 3.30129 ], [ -61.53245, 3.31045 ], [ -61.52718, 3.31129 ], [ -61.52468, 3.3074 ], [ -61.51968, 3.30712 ], [ -61.50746, 3.31435 ], [ -61.50468, 3.32351 ], [ -61.48635, 3.34046 ], [ -61.47579, 3.3374 ], [ -61.46051, 3.34712 ], [ -61.44452, 3.34833 ], [ -61.4591, 3.34443 ], [ -61.43274, 3.35101 ], [ -61.40579, 3.35018 ], [ -61.37912, 3.36546 ], [ -61.3494, 3.35379 ], [ -61.33023, 3.35935 ], [ -61.31884, 3.35601 ], [ -61.29467, 3.38184 ], [ -61.27323, 3.39535 ], [ -61.23606, 3.44296 ], [ -61.21885, 3.44962 ], [ -61.18774, 3.44879 ], [ -61.16495, 3.45268 ], [ -61.15356, 3.44962 ], [ -61.13579, 3.4349 ], [ -61.12853, 3.43421 ], [ -61.13352, 3.43135 ], [ -61.1244, 3.43573 ], [ -61.07758, 3.43667 ], [ -61.08578, 3.43779 ], [ -61.06662, 3.43795 ], [ -61.05662, 3.44212 ], [ -61.04273, 3.4388 ], [ -61.01912, 3.43879 ], [ -60.99171, 3.45222 ], [ -60.98637, 3.46037 ], [ -60.94612, 3.48008 ], [ -60.92845, 3.47934 ], [ -60.91492, 3.46465 ], [ -60.90933, 3.46351 ], [ -60.90687, 3.43552 ], [ -60.8931, 3.41656 ], [ -60.85049, 3.28175 ], [ -60.85941, 3.27568 ], [ -60.8721, 3.27877 ], [ -60.87772, 3.27524 ], [ -60.88379, 3.26256 ], [ -60.89526, 3.25704 ], [ -60.90816, 3.2437 ], [ -60.92416, 3.23587 ], [ -60.92637, 3.23134 ], [ -60.92039, 3.20836 ], [ -60.94466, 3.20854 ], [ -60.96645, 3.19524 ], [ -60.98959, 3.2075 ], [ -61.00056, 3.20903 ], [ -61.0016, 2.92 ], [ -61.0183, 2.9302 ], [ -61.0222, 2.9375 ], [ -61.03199, 2.94017 ], [ -61.03126, 2.94862 ], [ -61.0626, 2.9716 ], [ -61.062, 2.974 ], [ -61.0741, 2.9826 ], [ -61.08405, 2.9967 ], [ -61.0912, 3.0001 ], [ -61.095, 2.9985 ], [ -61.0947, 3.0028 ], [ -61.1181, 3.016 ], [ -61.13757, 3.01873 ], [ -61.13821, 3.01946 ], [ -61.14509, 3.0111 ], [ -61.16029, 3.01357 ], [ -61.17001, 3.00995 ], [ -61.18505, 3.02236 ], [ -61.22824, 3.0325 ], [ -61.2717, 3.05205 ], [ -61.34509, 3.06562 ], [ -61.37214, 3.06579 ], [ -61.47165, 3.02846 ], [ -61.4777, 3.02908 ], [ -61.48026, 3.02617 ], [ -61.52171, 3.01589 ], [ -61.53046, 3.01696 ], [ -61.5467, 3.01313 ], [ -61.55291, 3.01741 ], [ -61.56446, 3.00861 ], [ -61.57993, 3.01849 ], [ -61.5647, 3.00826 ], [ -61.58717, 2.99514 ], [ -61.55993, 3.01076 ], [ -61.55542, 2.99735 ], [ -61.54411, 2.99253 ], [ -61.5008, 2.93808 ], [ -61.55231, 2.94029 ], [ -61.54424, 2.95777 ], [ -61.55441, 2.93618 ], [ -61.55328, 2.92811 ], [ -61.55542, 2.92718 ], [ -61.56439, 2.94013 ], [ -61.55795, 2.92753 ], [ -61.54857, 2.92546 ], [ -61.5469, 2.91379 ], [ -61.54357, 2.91102 ], [ -61.53663, 2.91213 ], [ -61.53107, 2.90046 ], [ -61.49856, 2.88684 ], [ -61.49233, 2.8884 ], [ -61.4952, 2.8808 ], [ -61.5115, 2.8702 ], [ -61.5401, 2.8712 ], [ -61.5623, 2.8461 ], [ -61.5626, 2.8305 ], [ -61.5683, 2.8262 ], [ -61.5683, 2.8093 ], [ -61.539, 2.7978 ], [ -61.5345, 2.7946 ], [ -61.5356, 2.7921 ], [ -61.5439, 2.7897 ], [ -61.5533, 2.7754 ], [ -61.5735, 2.7689 ], [ -61.5916, 2.7514 ], [ -61.6072, 2.7428 ], [ -61.6151, 2.7434 ], [ -61.6197, 2.73707 ], [ -61.619, 2.731 ], [ -61.62533, 2.72457 ], [ -61.55655, 2.66793 ], [ -61.5875, 2.6526 ], [ -61.5936, 2.6398 ], [ -61.6038, 2.636 ], [ -61.6074, 2.62 ], [ -61.6146, 2.6196 ], [ -61.6201, 2.623 ], [ -61.6226, 2.6166 ], [ -61.6324, 2.6206 ], [ -61.6349, 2.6167 ], [ -61.6331, 2.6094 ], [ -61.6404, 2.6017 ], [ -61.6407, 2.5911 ], [ -61.6611, 2.5772 ], [ -61.6606, 2.571 ], [ -61.668, 2.5566 ], [ -61.6813, 2.5416 ], [ -61.6889, 2.5419 ], [ -61.6906, 2.538 ] ], [ [ -60.92769, 3.25461 ], [ -60.92868, 3.24024 ], [ -60.92637, 3.23134 ], [ -60.92769, 3.25461 ] ], [ [ -61.00055, 3.27053 ], [ -61.00056, 3.21836 ], [ -61.00056, 3.20903 ], [ -61.00055, 3.27053 ] ], [ [ -61.00863, 3.27075 ], [ -61.01048, 3.26896 ], [ -61.00055, 3.27053 ], [ -61.00863, 3.27075 ] ], [ [ -61.33739, 3.2833 ], [ -61.3442, 3.29691 ], [ -61.34142, 3.28854 ], [ -61.33739, 3.2833 ] ], [ [ -61.32922, 3.28737 ], [ -61.28986, 3.31631 ], [ -61.33739, 3.2833 ], [ -61.32922, 3.28737 ] ], [ [ -61.34568, 3.28484 ], [ -61.34547, 3.28518 ], [ -61.34579, 3.28491 ], [ -61.34568, 3.28484 ] ], [ [ -61.34319, 3.27793 ], [ -61.34382, 3.27945 ], [ -61.34454, 3.27497 ], [ -61.34319, 3.27793 ] ], [ [ -61.34477, 3.27447 ], [ -61.34472, 3.27457 ], [ -61.34903, 3.27462 ], [ -61.34477, 3.27447 ] ], [ [ -61.34938, 3.26024 ], [ -61.34876, 3.26032 ], [ -61.34903, 3.27462 ], [ -61.34938, 3.26024 ] ], [ [ -61.35446, 3.2641 ], [ -61.35271, 3.2598 ], [ -61.35368, 3.26486 ], [ -61.35446, 3.2641 ] ], [ [ -61.35625, 3.26188 ], [ -61.35577, 3.26284 ], [ -61.35653, 3.2621 ], [ -61.35625, 3.26188 ] ], [ [ -61.50628, 3.13844 ], [ -61.50393, 3.14014 ], [ -61.5048, 3.1397 ], [ -61.50628, 3.13844 ] ], [ [ -61.52983, 3.12125 ], [ -61.52141, 3.1274 ], [ -61.52583, 3.1265 ], [ -61.52983, 3.12125 ] ], [ [ -61.78296, 3.25881 ], [ -61.79191, 3.25399 ], [ -61.79361, 3.25048 ], [ -61.78296, 3.25881 ] ], [ [ -61.79821, 3.241 ], [ -61.79843, 3.24055 ], [ -61.79833, 3.24042 ], [ -61.79821, 3.241 ] ], [ [ -61.79449, 3.23528 ], [ -61.79542, 3.23459 ], [ -61.79438, 3.23514 ], [ -61.79449, 3.23528 ] ], [ [ -61.79474, 3.22616 ], [ -61.79724, 3.23323 ], [ -61.79746, 3.23307 ], [ -61.79536, 3.22574 ], [ -61.79474, 3.22616 ] ], [ [ -61.79162, 3.19862 ], [ -61.79472, 3.19876 ], [ -61.79554, 3.1973 ], [ -61.79162, 3.19862 ] ], [ [ -61.801, 3.18929 ], [ -61.80402, 3.18776 ], [ -61.80165, 3.18813 ], [ -61.801, 3.18929 ] ], [ [ -61.80581, 3.18685 ], [ -61.80622, 3.18664 ], [ -61.80572, 3.18524 ], [ -61.80581, 3.18685 ] ], [ [ -61.77314, 3.16169 ], [ -61.77259, 3.16105 ], [ -61.77169, 3.17281 ], [ -61.77314, 3.16169 ] ], [ [ -61.66138, 3.14846 ], [ -61.65026, 3.15099 ], [ -61.66984, 3.14935 ], [ -61.68876, 3.15309 ], [ -61.66971, 3.14913 ], [ -61.67159, 3.14874 ], [ -61.66138, 3.14846 ] ], [ [ -61.52561, 3.14721 ], [ -61.52901, 3.14558 ], [ -61.52049, 3.14608 ], [ -61.52561, 3.14721 ] ], [ [ -61.59352, 3.05854 ], [ -61.59325, 3.05812 ], [ -61.59316, 3.05853 ], [ -61.59352, 3.05854 ] ], [ [ -61.60538, 3.03156 ], [ -61.6069, 3.02999 ], [ -61.6055, 3.02984 ], [ -61.60538, 3.03156 ] ], [ [ -61.77483, 2.72012 ], [ -61.77594, 2.72023 ], [ -61.79086, 2.70652 ], [ -61.77483, 2.72012 ] ], [ [ -61.77434, 2.71516 ], [ -61.77274, 2.71991 ], [ -61.7741, 2.72005 ], [ -61.77434, 2.71516 ] ], [ [ -61.75061, 2.71244 ], [ -61.73422, 2.71851 ], [ -61.75198, 2.71278 ], [ -61.75061, 2.71244 ] ], [ [ -61.73847, 2.74498 ], [ -61.74165, 2.74501 ], [ -61.7374, 2.74291 ], [ -61.73847, 2.74498 ] ], [ [ -61.74563, 2.73899 ], [ -61.74521, 2.73841 ], [ -61.7449, 2.73898 ], [ -61.74563, 2.73899 ] ], [ [ -61.74757, 2.74507 ], [ -61.74824, 2.74262 ], [ -61.7472, 2.74119 ], [ -61.74757, 2.74507 ] ], [ [ -61.7186, 2.78543 ], [ -61.72551, 2.7846 ], [ -61.72628, 2.78373 ], [ -61.7186, 2.78543 ] ], [ [ -61.71099, 2.78713 ], [ -61.70786, 2.79096 ], [ -61.71163, 2.78698 ], [ -61.71099, 2.78713 ] ], [ [ -61.69581, 2.79258 ], [ -61.69583, 2.79324 ], [ -61.69727, 2.79238 ], [ -61.69581, 2.79258 ] ], [ [ -61.69607, 2.80185 ], [ -61.69815, 2.8035 ], [ -61.69593, 2.79671 ], [ -61.69607, 2.80185 ] ], [ [ -61.7003, 2.8052 ], [ -61.70907, 2.79972 ], [ -61.69937, 2.80447 ], [ -61.7003, 2.8052 ] ], [ [ -61.72151, 2.81134 ], [ -61.71996, 2.80796 ], [ -61.70907, 2.79972 ], [ -61.72151, 2.81134 ] ], [ [ -61.70866, 2.83708 ], [ -61.72246, 2.81341 ], [ -61.72189, 2.81216 ], [ -61.70866, 2.83708 ] ], [ [ -61.62738, 2.93346 ], [ -61.62796, 2.93355 ], [ -61.64419, 2.91056 ], [ -61.62738, 2.93346 ] ], [ [ -61.678, 2.58517 ], [ -61.69881, 2.59498 ], [ -61.68068, 2.58519 ], [ -61.678, 2.58517 ] ], [ [ -61.65549, 2.73276 ], [ -61.63919, 2.73882 ], [ -61.64231, 2.7391 ], [ -61.65549, 2.73276 ] ], [ [ -61.85555, 2.76058 ], [ -61.86259, 2.76002 ], [ -61.85526, 2.76023 ], [ -61.85555, 2.76058 ] ], [ [ -61.84003, 2.74212 ], [ -61.85471, 2.75958 ], [ -61.83971, 2.73871 ], [ -61.84003, 2.74212 ] ], [ [ -61.83888, 2.72991 ], [ -61.83945, 2.7359 ], [ -61.84372, 2.71753 ], [ -61.83888, 2.72991 ] ], [ [ -61.87319, 2.69556 ], [ -61.87611, 2.69441 ], [ -61.87357, 2.69402 ], [ -61.87319, 2.69556 ] ], [ [ -62.10585, 3.21214 ], [ -62.10497, 3.2118 ], [ -62.10527, 3.21243 ], [ -62.10585, 3.21214 ] ], [ [ -62.12256, 3.20741 ], [ -62.12101, 3.20677 ], [ -62.12141, 3.20788 ], [ -62.12256, 3.20741 ] ], [ [ -62.22537, 2.82153 ], [ -62.22822, 2.82119 ], [ -62.22543, 2.82081 ], [ -62.22537, 2.82153 ] ], [ [ -61.65351, 2.95123 ], [ -61.6488, 2.94239 ], [ -61.65298, 2.95075 ], [ -61.65351, 2.95123 ] ], [ [ -61.59962, 2.96985 ], [ -61.60834, 2.9678 ], [ -61.60032, 2.96843 ], [ -61.59962, 2.96985 ] ], [ [ -61.67689, 3.14764 ], [ -61.67897, 3.1472 ], [ -61.68545, 3.141 ], [ -61.67689, 3.14764 ] ], [ [ -61.67744, 2.97854 ], [ -61.66876, 2.9551 ], [ -61.66842, 2.95506 ], [ -61.67744, 2.97854 ] ], [ [ -61.66362, 2.95455 ], [ -61.65626, 2.95375 ], [ -61.65727, 2.95468 ], [ -61.66362, 2.95455 ] ], [ [ -61.51079, 3.14665 ], [ -61.50372, 3.14987 ], [ -61.51605, 3.14634 ], [ -61.51079, 3.14665 ] ], [ [ -61.60156, 3.07492 ], [ -61.60533, 3.07522 ], [ -61.60123, 3.07428 ], [ -61.60156, 3.07492 ] ], [ [ -61.47879, 3.25125 ], [ -61.47897, 3.26129 ], [ -61.47954, 3.25768 ], [ -61.47879, 3.25125 ] ], [ [ -61.24619, 3.35895 ], [ -61.24635, 3.34281 ], [ -61.245, 3.35181 ], [ -61.24619, 3.35895 ] ], [ [ -61.23692, 3.24 ], [ -61.22112, 3.22291 ], [ -61.23594, 3.23981 ], [ -61.23692, 3.24 ] ], [ [ -61.14662, 3.20395 ], [ -61.14954, 3.16178 ], [ -61.15198, 3.14914 ], [ -61.14822, 3.1668 ], [ -61.14662, 3.20395 ] ], [ [ -61.08697, 3.29543 ], [ -61.08918, 3.2846 ], [ -61.10158, 3.25785 ], [ -61.08799, 3.28532 ], [ -61.08697, 3.29543 ] ], [ [ -61.04742, 3.23557 ], [ -61.02738, 3.24116 ], [ -61.02719, 3.24172 ], [ -61.04742, 3.23557 ] ], [ [ -61.02156, 3.25741 ], [ -61.01473, 3.26486 ], [ -61.02124, 3.25859 ], [ -61.02156, 3.25741 ] ], [ [ -61.16318, 3.13504 ], [ -61.16738, 3.10683 ], [ -61.16713, 3.10604 ], [ -61.16318, 3.13504 ] ], [ [ -61.13829, 3.01956 ], [ -61.14255, 3.02449 ], [ -61.16681, 3.03963 ], [ -61.13829, 3.01956 ] ], [ [ -61.36752, 3.23456 ], [ -61.3679, 3.23369 ], [ -61.36469, 3.22914 ], [ -61.36752, 3.23456 ] ], [ [ -61.36689, 3.2183 ], [ -61.366, 3.21743 ], [ -61.36469, 3.22914 ], [ -61.36689, 3.2183 ] ], [ [ -61.36238, 3.24166 ], [ -61.36206, 3.24703 ], [ -61.36675, 3.23633 ], [ -61.36238, 3.24166 ] ], [ [ -60.98939, 3.22049 ], [ -60.97911, 3.21974 ], [ -60.98228, 3.22637 ], [ -60.98604, 3.22659 ], [ -60.98939, 3.22049 ] ], [ [ -61.13851, 3.41136 ], [ -61.13297, 3.42222 ], [ -61.13685, 3.41629 ], [ -61.14159, 3.41493 ], [ -61.13723, 3.41601 ], [ -61.13851, 3.41136 ] ], [ [ -61.11979, 3.36121 ], [ -61.12944, 3.3766 ], [ -61.1198, 3.36116 ], [ -61.11979, 3.36121 ] ], [ [ -61.12891, 3.31597 ], [ -61.1079, 3.29755 ], [ -61.12858, 3.31666 ], [ -61.12891, 3.31597 ] ], [ [ -61.08504, 3.28691 ], [ -61.07813, 3.26354 ], [ -61.06117, 3.26669 ], [ -61.07274, 3.28706 ], [ -61.08504, 3.28691 ] ], [ [ -61.16288, 3.36358 ], [ -61.15755, 3.36431 ], [ -61.14009, 3.36196 ], [ -61.15552, 3.38245 ], [ -61.16288, 3.36358 ] ], [ [ -61.08599, 3.41702 ], [ -61.08956, 3.42218 ], [ -61.1098, 3.42119 ], [ -61.1102, 3.40531 ], [ -61.09532, 3.39281 ], [ -61.08599, 3.41702 ] ] ] } },
{ "type": "Feature", "properties": { "cluster": 44.0, "hvi": 0.1366, "population": 665, "setores": 1, "municipio": "Alto Alegre" }, "geometry": { "type": "Polygon", "coordinates": [ [ [ -61.06117, 3.26669 ], [ -61.07813, 3.26354 ], [ -61.08504, 3.28691 ], [ -61.07274, 3.28706 ], [ -61.06117, 3.26669 ] ] ] } },
{ "type": "Feature", "properties": { "cluster": 45.0, "hvi": 0.1264, "population": 464, "setores": 1, "municipio": "Alto Alegre" }, "geometry": { "type": "Polygon", "coordinates": [ [ [ -61.28605, 2.89037 ], [ -61.27727, 2.88412 ], [ -61.27729, 2.85462 ], [ -61.29991, 2.85466 ], [ -61.29992, 2.89048 ], [ -61.28605, 2.89037 ] ] ] } },
{ "type": "Feature", "properties": { "cluster": 46.0, "hvi": 0.109, "population": 133, "setores": 1, "municipio": "Alto Alegre" }, "geometry": { "type": "Polygon", "coordinates": [ [ [ -61.15552, 3.38245 ], [ -61.14009, 3.36196 ], [ -61.16288, 3.36358 ], [ -61.15552, 3.38245 ] ] ] } },
{ "type": "Feature", "properties": { "cluster": 47.0, "hvi": 0.1161, "population": 271, "setores": 1, "municipio": "Alto Alegre" }, "geometry": { "type": "Polygon", "coordinates": [ [ [ -61.08599, 3.41702 ], [ -61.09532, 3.39281 ], [ -61.1102, 3.40531 ], [ -61.1098, 3.42119 ], [ -61.08956, 3.42218 ], [ -61.08599, 3.41702 ] ] ] } },
{ "type": "Feature", "properties": { "cluster": 48.0, "hvi": 0.128, "population": 476, "setores": 1, "municipio": "Alto Alegre" }, "geometry": { "type": "Polygon", "coordinates": [ [ [ -61.17931, 2.74847 ], [ -61.1957, 2.73673 ], [ -61.20325, 2.74911 ], [ -61.18681, 2.76064 ], [ -61.17931, 2.74847 ] ] ] } },
{ "type": "Feature", "properties": { "cluster": 49.0, "hvi": 0.1159, "population": 209, "setores": 1, "municipio": "Alto Alegre" }, "geometry": { "type": "Polygon", "coordinates": [ [ [ -62.01542, 2.74293 ], [ -62.01692, 2.74427 ], [ -62.01457, 2.74448 ], [ -62.01542, 2.74293 ] ] ] } },
{ "type": "Feature", "properties": { "cluster": 50.0, "hvi": 0.14, "population": 399, "setores": 13, "municipio": "Alto Alegre" }, "geometry": { "type": "Polygon", "coordinates": [ [ [ -62.69674, 2.69532 ], [ -62.6948, 2.76703 ], [ -62.40616, 2.83336 ], [ -62.16867, 2.79741 ], [ -62.18205, 2.74858 ], [ -62.19718, 2.74824 ], [ -62.18539, 2.74834 ], [ -62.18271, 2.72214 ], [ -62.41058, 2.75445 ], [ -62.69603, 2.66961 ], [ -62.69674, 2.69532 ] ], [ [ -62.668, 2.7073 ], [ -62.66233, 2.71208 ], [ -62.66424, 2.71155 ], [ -62.66795, 2.70862 ], [ -62.668, 2.7073 ] ], [ [ -62.66969, 2.70588 ], [ -62.66838, 2.70699 ], [ -62.66912, 2.71019 ], [ -62.66969, 2.70588 ] ], [ [ -62.65827, 2.71232 ], [ -62.65816, 2.71229 ], [ -62.65818, 2.71235 ], [ -62.65827, 2.71232 ] ], [ [ -62.65653, 2.71306 ], [ -62.65778, 2.71253 ], [ -62.65681, 2.71238 ], [ -62.65653, 2.71306 ] ], [ [ -62.65697, 2.71197 ], [ -62.65685, 2.71228 ], [ -62.65748, 2.71211 ], [ -62.65697, 2.71197 ] ], [ [ -62.21235, 2.76374 ], [ -62.20769, 2.76336 ], [ -62.21163, 2.76435 ], [ -62.21235, 2.76374 ] ], [ [ -62.21714, 2.75579 ], [ -62.21593, 2.75523 ], [ -62.21674, 2.75612 ], [ -62.21714, 2.75579 ] ], [ [ -62.58523, 2.73158 ], [ -62.58468, 2.73166 ], [ -62.58532, 2.73212 ], [ -62.58523, 2.73158 ] ], [ [ -62.58594, 2.7318 ], [ -62.5859, 2.73147 ], [ -62.58552, 2.73153 ], [ -62.58594, 2.7318 ] ], [ [ -62.58581, 2.73247 ], [ -62.58606, 2.73264 ], [ -62.586, 2.73223 ], [ -62.58581, 2.73247 ] ], [ [ -62.21323, 2.77417 ], [ -62.21378, 2.77348 ], [ -62.21263, 2.77322 ], [ -62.21323, 2.77417 ] ], [ [ -62.21379, 2.77507 ], [ -62.21391, 2.77479 ], [ -62.21363, 2.77481 ], [ -62.21379, 2.77507 ] ], [ [ -62.21441, 2.77363 ], [ -62.21406, 2.77355 ], [ -62.21416, 2.77419 ], [ -62.21441, 2.77363 ] ], [ [ -62.22132, 2.757 ], [ -62.22153, 2.75884 ], [ -62.22385, 2.75773 ], [ -62.22388, 2.75742 ], [ -62.22132, 2.757 ] ], [ [ -62.22161, 2.75958 ], [ -62.22365, 2.75993 ], [ -62.22156, 2.75915 ], [ -62.22161, 2.75958 ] ], [ [ -62.22776, 2.75734 ], [ -62.22831, 2.75745 ], [ -62.22769, 2.757 ], [ -62.22776, 2.75734 ] ], [ [ -62.22816, 2.75922 ], [ -62.22849, 2.75883 ], [ -62.22795, 2.75824 ], [ -62.22816, 2.75922 ] ], [ [ -62.22914, 2.75805 ], [ -62.22889, 2.75786 ], [ -62.22877, 2.75849 ], [ -62.22914, 2.75805 ] ], [ [ -62.31417, 2.76361 ], [ -62.3141, 2.76411 ], [ -62.3153, 2.76493 ], [ -62.31417, 2.76361 ] ], [ [ -62.40649, 2.7839 ], [ -62.40824, 2.78403 ], [ -62.40648, 2.7835 ], [ -62.40649, 2.7839 ] ], [ [ -62.41092, 2.78484 ], [ -62.41075, 2.78479 ], [ -62.41082, 2.7849 ], [ -62.41092, 2.78484 ] ] ] } },
{ "type": "Feature", "properties": { "cluster": 51.0, "hvi": 0.1359, "population": 88, "setores": 4, "municipio": "Amajari" }, "geometry": { "type": "Polygon", "coordinates": [ [ [ -62.13483, 3.22836 ], [ -62.10347, 3.16656 ], [ -62.22544, 3.09516 ], [ -62.248, 3.1381 ], [ -62.24107, 3.14463 ], [ -62.24923, 3.13749 ], [ -62.27029, 3.18753 ], [ -62.14192, 3.23805 ], [ -62.13584, 3.22725 ], [ -62.14246, 3.21963 ], [ -62.13483, 3.22836 ] ], [ [ -62.18583, 3.16164 ], [ -62.18536, 3.16164 ], [ -62.18637, 3.16292 ], [ -62.18583, 3.16164 ] ], [ [ -62.18838, 3.16165 ], [ -62.18778, 3.16472 ], [ -62.18816, 3.16519 ], [ -62.18838, 3.16165 ] ] ] } },
{ "type": "Feature", "properties": { "cluster": 52.0, "hvi": 0.1435, "population": 320, "setores": 10, "municipio": "Alto Alegre" }, "geometry": { "type": "Polygon", "coordinates": [ [ [ -62.91941, 3.30795 ], [ -62.90219, 3.29351 ], [ -62.89191, 3.29074 ], [ -62.87804, 3.28435 ], [ -62.86052, 3.27101 ], [ -62.83858, 3.26463 ], [ -62.8258, 3.24767 ], [ -62.81052, 3.24824 ], [ -62.79024, 3.23684 ], [ -62.77552, 3.23657 ], [ -62.76191, 3.24101 ], [ -62.73719, 3.23879 ], [ -62.69468, 3.21962 ], [ -62.65977, 3.23403 ], [ -62.6613, 3.22538 ], [ -62.68844, 3.20461 ], [ -62.82554, 3.22279 ], [ -63.01619, 3.32692 ], [ -63.00269, 3.34571 ], [ -62.98747, 3.3449 ], [ -62.97691, 3.34296 ], [ -62.97358, 3.34045 ], [ -62.95968, 3.31685 ], [ -62.91941, 3.30795 ] ], [ [ -62.89517, 3.28872 ], [ -62.89263, 3.28954 ], [ -62.89632, 3.28968 ], [ -62.89517, 3.28872 ] ], [ [ -62.89884, 3.29177 ], [ -62.89667, 3.28996 ], [ -62.89263, 3.28954 ], [ -62.89884, 3.29177 ] ], [ [ -62.96356, 3.31822 ], [ -62.96459, 3.31649 ], [ -62.96397, 3.31593 ], [ -62.96356, 3.31822 ] ], [ [ -62.96274, 3.31481 ], [ -62.96125, 3.31346 ], [ -62.95951, 3.3155 ], [ -62.96274, 3.31481 ] ], [ [ -62.97346, 3.33553 ], [ -62.97293, 3.33438 ], [ -62.9731, 3.33533 ], [ -62.97346, 3.33553 ] ], [ [ -62.97111, 3.33032 ], [ -62.97062, 3.33395 ], [ -62.97297, 3.33526 ], [ -62.97111, 3.33032 ] ], [ [ -62.97589, 3.33905 ], [ -62.97565, 3.33999 ], [ -62.97656, 3.33987 ], [ -62.97589, 3.33905 ] ], [ [ -62.98385, 3.34174 ], [ -62.98351, 3.34187 ], [ -62.98373, 3.34248 ], [ -62.98385, 3.34174 ] ], [ [ -62.98479, 3.34249 ], [ -62.98399, 3.34318 ], [ -62.98429, 3.34399 ], [ -62.98479, 3.34249 ] ], [ [ -62.98457, 3.34146 ], [ -62.98513, 3.34149 ], [ -62.98522, 3.34122 ], [ -62.98457, 3.34146 ] ], [ [ -62.99577, 3.34114 ], [ -62.99588, 3.3411 ], [ -62.99576, 3.34108 ], [ -62.99577, 3.34114 ] ], [ [ -62.99219, 3.34272 ], [ -62.99554, 3.34105 ], [ -62.99384, 3.34079 ], [ -62.99219, 3.34272 ] ], [ [ -62.99634, 3.34129 ], [ -62.99643, 3.34122 ], [ -62.99636, 3.34117 ], [ -62.99634, 3.34129 ] ], [ [ -62.99615, 3.34123 ], [ -62.99631, 3.34114 ], [ -62.99621, 3.34108 ], [ -62.99615, 3.34123 ] ], [ [ -62.99616, 3.34142 ], [ -62.99608, 3.34141 ], [ -62.99604, 3.3415 ], [ -62.99616, 3.34142 ] ] ] } },
{ "type": "Feature", "properties": { "cluster": 53.0, "hvi": 0.116, "population": 89, "setores": 1, "municipio": "Alto Alegre" }, "geometry": { "type": "Polygon", "coordinates": [ [ [ -63.19806, 3.2269 ], [ -63.20224, 3.22194 ], [ -63.20697, 3.22275 ], [ -63.19806, 3.2269 ] ] ] } },
{ "type": "Feature", "properties": { "cluster": 54.0, "hvi": 0.1098, "population": 68, "setores": 1, "municipio": "Alto Alegre" }, "geometry": { "type": "Polygon", "coordinates": [ [ [ -63.23822, 3.32452 ], [ -63.24069, 3.32283 ], [ -63.24054, 3.3249 ], [ -63.23822, 3.32452 ] ] ] } },
{ "type": "Feature", "properties": { "cluster": 55.0, "hvi": 0.1122, "population": 95, "setores": 1, "municipio": "Alto Alegre" }, "geometry": { "type": "Polygon", "coordinates": [ [ [ -63.24866, 3.32047 ], [ -63.24732, 3.31789 ], [ -63.24877, 3.3177 ], [ -63.24866, 3.32047 ] ] ] } },
{ "type": "Feature", "properties": { "cluster": 56.0, "hvi": 0.1618, "population": 0, "setores": 1, "municipio": "Alto Alegre" }, "geometry": { "type": "Polygon", "coordinates": [ [ [ -63.16993, 3.54951 ], [ -63.17099, 3.54764 ], [ -63.17142, 3.54879 ], [ -63.16993, 3.54951 ] ] ] } },
{ "type": "Feature", "properties": { "cluster": 57.0, "hvi": 0.1121, "population": 143, "setores": 1, "municipio": "Alto Alegre" }, "geometry": { "type": "Polygon", "coordinates": [ [ [ -63.17147, 3.55435 ], [ -63.17432, 3.55679 ], [ -63.17053, 3.5622 ], [ -63.16885, 3.55976 ], [ -63.17147, 3.55435 ] ] ] } },
{ "type": "Feature", "properties": { "cluster": 58.0, "hvi": 0.1085, "population": 39, "setores": 1, "municipio": "Alto Alegre" }, "geometry": { "type": "Polygon", "coordinates": [ [ [ -63.53772, 3.08717 ], [ -63.54467, 3.08822 ], [ -63.54503, 3.09229 ], [ -63.53721, 3.09119 ], [ -63.53772, 3.08717 ] ] ] } },
{ "type": "Feature", "properties": { "cluster": 59.0, "hvi": 0.1292, "population": 3070, "setores": 70, "municipio": "Alto Alegre" }, "geometry": { "type": "Polygon", "coordinates": [ [ [ -63.88827, 2.56684 ], [ -64.00112, 2.5222 ], [ -63.97662, 2.46497 ], [ -64.00786, 2.48074 ], [ -64.01435, 2.47722 ], [ -64.01526, 2.47184 ], [ -64.02295, 2.46475 ], [ -64.02798, 2.47502 ], [ -64.03153, 2.47258 ], [ -64.03434, 2.48543 ], [ -64.03924, 2.48504 ], [ -64.04302, 2.496 ], [ -64.05622, 2.49643 ], [ -64.06168, 2.50438 ], [ -64.0543, 2.51687 ], [ -64.0459, 2.52054 ], [ -64.04448, 2.53619 ], [ -64.04835, 2.55213 ], [ -64.04457, 2.55364 ], [ -64.04882, 2.56739 ], [ -64.04259, 2.58011 ], [ -64.03803, 2.58007 ], [ -64.03317, 2.57525 ], [ -64.03176, 2.57788 ], [ -64.02729, 2.57732 ], [ -64.02866, 2.5857 ], [ -64.01014, 2.60466 ], [ -64.01168, 2.616 ], [ -64.00541, 2.62133 ], [ -64.00773, 2.62778 ], [ -63.99714, 2.63236 ], [ -63.99114, 2.64575 ], [ -63.98615, 2.64867 ], [ -63.99092, 2.6705 ], [ -63.98676, 2.68383 ], [ -63.98856, 2.68984 ], [ -63.99797, 2.69126 ], [ -64.00133, 2.7 ], [ -64.00876, 2.7051 ], [ -64.00696, 2.70949 ], [ -63.99673, 2.71078 ], [ -63.99604, 2.71533 ], [ -63.9871, 2.71559 ], [ -63.98642, 2.72517 ], [ -63.98349, 2.72754 ], [ -63.9914, 2.73571 ], [ -63.99806, 2.73545 ], [ -64.00274, 2.74031 ], [ -64.00498, 2.75999 ], [ -63.99956, 2.7599 ], [ -63.99698, 2.76627 ], [ -64.004, 2.77331 ], [ -64.01211, 2.77383 ], [ -64.01624, 2.77761 ], [ -64.01418, 2.78587 ], [ -64.01813, 2.79515 ], [ -64.01469, 2.81217 ], [ -64.03446, 2.83074 ], [ -64.04134, 2.8316 ], [ -64.05264, 2.85555 ], [ -64.06077, 2.86461 ], [ -64.06791, 2.86968 ], [ -64.07624, 2.87028 ], [ -64.07882, 2.87406 ], [ -64.07813, 2.87991 ], [ -64.06988, 2.89074 ], [ -64.07133, 2.90287 ], [ -64.07727, 2.90123 ], [ -64.07762, 2.90587 ], [ -64.07051, 2.91754 ], [ -64.0844, 2.9313 ], [ -64.09447, 2.9351 ], [ -64.09361, 2.93991 ], [ -64.101, 2.95212 ], [ -64.10788, 2.95401 ], [ -64.10702, 2.96639 ], [ -64.11218, 2.97 ], [ -64.11888, 2.98564 ], [ -64.13951, 2.99063 ], [ -64.14476, 2.98585 ], [ -64.1609, 2.98717 ], [ -64.14709, 3.01061 ], [ -64.15223, 3.01625 ], [ -64.14673, 3.01882 ], [ -64.14458, 3.02573 ], [ -64.14811, 3.03636 ], [ -64.15619, 3.04 ], [ -64.15791, 3.0465 ], [ -64.17476, 3.05063 ], [ -64.17905, 3.05493 ], [ -64.17458, 3.06198 ], [ -64.18559, 3.06782 ], [ -64.19917, 3.08158 ], [ -64.20825, 3.08224 ], [ -64.21388, 3.09048 ], [ -64.21868, 3.09061 ], [ -64.21606, 3.10146 ], [ -64.22593, 3.12784 ], [ -64.22029, 3.1511 ], [ -64.21101, 3.15423 ], [ -64.20037, 3.16455 ], [ -64.19296, 3.15909 ], [ -64.18141, 3.16516 ], [ -64.16989, 3.20118 ], [ -64.15877, 3.20669 ], [ -64.15678, 3.21251 ], [ -64.15401, 3.22787 ], [ -64.15856, 3.24368 ], [ -64.15639, 3.24855 ], [ -64.15052, 3.24921 ], [ -64.15329, 3.25386 ], [ -64.14461, 3.26126 ], [ -64.14496, 3.26487 ], [ -64.13877, 3.26728 ], [ -64.13699, 3.27247 ], [ -64.12947, 3.27291 ], [ -64.11979, 3.27852 ], [ -64.11753, 3.27837 ], [ -64.11817, 3.28673 ], [ -64.12399, 3.29191 ], [ -64.11677, 3.30769 ], [ -64.11569, 3.31469 ], [ -64.12003, 3.32101 ], [ -64.11498, 3.33492 ], [ -64.12563, 3.33874 ], [ -64.12733, 3.34593 ], [ -64.13408, 3.34545 ], [ -64.13635, 3.35104 ], [ -64.13296, 3.3638 ], [ -64.14037, 3.36478 ], [ -64.14706, 3.37132 ], [ -64.13988, 3.38466 ], [ -64.14791, 3.40381 ], [ -64.1486, 3.43991 ], [ -64.16132, 3.46501 ], [ -64.1844, 3.48931 ], [ -64.14108, 3.47351 ], [ -64.12497, 3.47739 ], [ -64.10581, 3.47574 ], [ -64.0911, 3.48211 ], [ -64.07247, 3.48073 ], [ -64.04275, 3.45934 ], [ -64.0347, 3.46018 ], [ -64.03053, 3.45323 ], [ -64.01747, 3.45129 ], [ -64.00803, 3.43795 ], [ -64.00053, 3.43351 ], [ -63.98636, 3.43323 ], [ -63.98163, 3.43907 ], [ -63.98274, 3.43601 ], [ -63.97941, 3.43434 ], [ -63.96997, 3.43379 ], [ -63.96572, 3.44437 ], [ -63.96164, 3.44267 ], [ -63.95525, 3.44768 ], [ -63.95469, 3.44434 ], [ -63.94803, 3.44573 ], [ -63.93997, 3.44156 ], [ -63.93441, 3.44517 ], [ -63.92664, 3.43851 ], [ -63.92858, 3.43684 ], [ -63.91969, 3.43406 ], [ -63.91469, 3.42629 ], [ -63.90692, 3.42601 ], [ -63.90192, 3.42018 ], [ -63.89636, 3.42212 ], [ -63.88747, 3.41907 ], [ -63.88608, 3.42573 ], [ -63.87636, 3.4249 ], [ -63.87108, 3.42851 ], [ -63.87274, 3.43545 ], [ -63.86108, 3.44046 ], [ -63.85969, 3.44518 ], [ -63.85219, 3.4474 ], [ -63.85191, 3.45407 ], [ -63.8458, 3.45573 ], [ -63.8408, 3.46796 ], [ -63.84219, 3.47323 ], [ -63.83719, 3.47851 ], [ -63.83914, 3.48434 ], [ -63.83248, 3.49277 ], [ -63.82858, 3.48803 ], [ -63.83497, 3.50073 ], [ -63.82525, 3.50907 ], [ -63.82303, 3.51851 ], [ -63.80802, 3.51962 ], [ -63.8058, 3.52379 ], [ -63.81164, 3.52268 ], [ -63.80469, 3.54101 ], [ -63.78803, 3.52907 ], [ -63.78914, 3.53962 ], [ -63.78608, 3.5449 ], [ -63.7708, 3.55073 ], [ -63.76608, 3.56074 ], [ -63.74941, 3.56407 ], [ -63.73941, 3.57212 ], [ -63.74247, 3.58518 ], [ -63.73108, 3.62573 ], [ -63.71802, 3.65629 ], [ -63.71608, 3.67212 ], [ -63.71858, 3.67934 ], [ -63.71108, 3.68629 ], [ -63.71302, 3.69795 ], [ -63.70997, 3.7024 ], [ -63.70053, 3.70628 ], [ -63.69664, 3.71434 ], [ -63.69108, 3.71628 ], [ -63.68275, 3.71379 ], [ -63.66858, 3.71795 ], [ -63.6508, 3.72518 ], [ -63.63885, 3.74018 ], [ -63.62706, 3.7411 ], [ -63.61052, 3.73712 ], [ -63.59108, 3.73851 ], [ -63.57247, 3.73045 ], [ -63.56802, 3.71712 ], [ -63.5733, 3.70407 ], [ -63.55553, 3.69045 ], [ -63.55191, 3.68323 ], [ -63.52886, 3.68101 ], [ -63.51024, 3.68712 ], [ -63.50635, 3.67851 ], [ -63.48774, 3.66712 ], [ -63.45747, 3.66295 ], [ -63.44886, 3.64768 ], [ -63.42025, 3.62768 ], [ -63.39469, 3.61573 ], [ -63.37969, 3.61712 ], [ -63.36636, 3.61407 ], [ -63.35858, 3.6224 ], [ -63.3508, 3.62407 ], [ -63.34219, 3.60989 ], [ -63.34858, 3.60046 ], [ -63.34719, 3.58851 ], [ -63.32303, 3.57462 ], [ -63.30524, 3.58129 ], [ -63.29857, 3.59017 ], [ -63.28578, 3.59632 ], [ -63.27524, 3.61046 ], [ -63.28052, 3.62184 ], [ -63.27302, 3.64434 ], [ -63.27691, 3.66934 ], [ -63.2758, 3.68546 ], [ -63.26691, 3.68824 ], [ -63.24969, 3.6799 ], [ -63.2258, 3.68185 ], [ -63.2183, 3.67573 ], [ -63.19913, 3.68157 ], [ -63.19468, 3.67573 ], [ -63.18636, 3.67323 ], [ -63.1808, 3.6574 ], [ -63.18247, 3.64323 ], [ -63.16219, 3.63101 ], [ -63.1558, 3.62268 ], [ -63.1533, 3.60573 ], [ -63.14969, 3.60379 ], [ -63.15969, 3.59656 ], [ -63.15886, 3.58628 ], [ -63.187, 3.58762 ], [ -63.19673, 3.53481 ], [ -63.17408, 3.53145 ], [ -63.17191, 3.51907 ], [ -63.14718, 3.49185 ], [ -63.14413, 3.48156 ], [ -63.14829, 3.4774 ], [ -63.12886, 3.46545 ], [ -63.11608, 3.46462 ], [ -63.10357, 3.44268 ], [ -63.0933, 3.44018 ], [ -63.08691, 3.43407 ], [ -63.06913, 3.42684 ], [ -63.06997, 3.42296 ], [ -63.06552, 3.41712 ], [ -63.05552, 3.4199 ], [ -63.02941, 3.39545 ], [ -63.02246, 3.38462 ], [ -63.02302, 3.37824 ], [ -63.09202, 3.31538 ], [ -63.1391, 3.33393 ], [ -63.16265, 3.37852 ], [ -63.20769, 3.39748 ], [ -63.25024, 3.38426 ], [ -63.25509, 3.39145 ], [ -63.29398, 3.41638 ], [ -63.29362, 3.39794 ], [ -63.31773, 3.39062 ], [ -63.3242, 3.39386 ], [ -63.349, 3.38933 ], [ -63.35731, 3.39652 ], [ -63.36354, 3.39722 ], [ -63.38327, 3.41704 ], [ -63.39573, 3.42052 ], [ -63.41684, 3.41297 ], [ -63.43045, 3.39278 ], [ -63.43333, 3.37619 ], [ -63.42766, 3.34731 ], [ -63.44243, 3.34335 ], [ -63.46538, 3.34555 ], [ -63.47161, 3.33719 ], [ -63.50471, 3.3178 ], [ -63.51128, 3.30539 ], [ -63.51405, 3.30956 ], [ -63.51912, 3.31026 ], [ -63.52581, 3.30236 ], [ -63.53135, 3.3019 ], [ -63.53584, 3.28693 ], [ -63.53306, 3.27649 ], [ -63.56158, 3.23897 ], [ -63.56209, 3.24306 ], [ -63.56303, 3.23666 ], [ -63.57331, 3.22739 ], [ -63.57567, 3.21586 ], [ -63.58746, 3.20636 ], [ -63.57177, 3.18449 ], [ -63.55474, 3.16975 ], [ -63.54293, 3.16399 ], [ -63.5377, 3.1523 ], [ -63.5323, 3.14823 ], [ -63.52538, 3.12466 ], [ -63.52099, 3.12093 ], [ -63.50919, 3.11823 ], [ -63.48525, 3.124 ], [ -63.47565, 3.1374 ], [ -63.46284, 3.13707 ], [ -63.45542, 3.13606 ], [ -63.44412, 3.12538 ], [ -63.43131, 3.12471 ], [ -63.42996, 3.12064 ], [ -63.40416, 3.11166 ], [ -63.39252, 3.09861 ], [ -63.38679, 3.0864 ], [ -63.38762, 3.06249 ], [ -63.38458, 3.06046 ], [ -63.38559, 3.05605 ], [ -63.34193, 3.03487 ], [ -63.32287, 3.01198 ], [ -63.30196, 2.99774 ], [ -63.2765, 2.96434 ], [ -63.26942, 2.96061 ], [ -63.26284, 2.94858 ], [ -63.2625, 2.93162 ], [ -63.27817, 2.91483 ], [ -63.28053, 2.89651 ], [ -63.26653, 2.87837 ], [ -63.25743, 2.87363 ], [ -63.24647, 2.85277 ], [ -63.23552, 2.84449 ], [ -63.24245, 2.84417 ], [ -63.24105, 2.817 ], [ -63.2407, 2.8177 ], [ -63.2393, 2.8149 ], [ -63.23847, 2.81695 ], [ -63.23782, 2.79723 ], [ -63.07182, 2.7679 ], [ -62.99858, 2.78345 ], [ -62.97203, 2.76241 ], [ -62.93907, 2.75052 ], [ -62.92717, 2.73222 ], [ -62.96654, 2.70387 ], [ -62.95846, 2.69739 ], [ -62.9605, 2.6937 ], [ -62.9667, 2.6943 ], [ -62.9687, 2.6909 ], [ -62.9657, 2.6914 ], [ -62.9654, 2.69 ], [ -62.9772, 2.684 ], [ -62.9808, 2.678 ], [ -62.988, 2.677 ], [ -62.9887, 2.6724 ], [ -63.0007, 2.6768 ], [ -62.998, 2.6859 ], [ -63.0012, 2.6846 ], [ -63.0044, 2.6878 ], [ -63.005, 2.6781 ], [ -63.0117, 2.6784 ], [ -63.0158, 2.6699 ], [ -63.0219, 2.67 ], [ -63.0199, 2.6666 ], [ -63.0328, 2.6615 ], [ -63.0282, 2.6438 ], [ -63.0363, 2.6379 ], [ -63.033, 2.6358 ], [ -63.0356, 2.631 ], [ -63.0338, 2.625 ], [ -63.0384, 2.6253 ], [ -63.0439, 2.6178 ], [ -63.0477, 2.6181 ], [ -63.0529, 2.6066 ], [ -63.0615, 2.601 ], [ -63.0599, 2.599 ], [ -63.0646, 2.593 ], [ -63.0702, 2.5913 ], [ -63.0683, 2.5812 ], [ -63.0718, 2.5759 ], [ -63.0725, 2.5513 ], [ -63.0692, 2.5458 ], [ -63.0595, 2.5429 ], [ -63.0613, 2.5385 ], [ -63.0539, 2.5354 ], [ -63.0495, 2.5249 ], [ -63.0523, 2.5172 ], [ -63.0648, 2.503 ], [ -63.0735, 2.4826 ], [ -63.0723, 2.4743 ], [ -63.082, 2.4613 ], [ -63.0599, 2.4672 ], [ -63.0613, 2.4612 ], [ -63.0504, 2.4544 ], [ -63.0499, 2.447 ], [ -63.0439, 2.4423 ], [ -63.0402, 2.4205 ], [ -63.0437, 2.4063 ], [ -63.0417, 2.3983 ], [ -63.0455, 2.3902 ], [ -63.04107, 2.3785 ], [ -63.0492, 2.3809 ], [ -63.0493, 2.378 ], [ -63.0543, 2.378 ], [ -63.0572, 2.3708 ], [ -63.0695, 2.3718 ], [ -63.0731, 2.3656 ], [ -63.074, 2.3695 ], [ -63.076, 2.3666 ], [ -63.0812, 2.3675 ], [ -63.0798, 2.364 ], [ -63.0838, 2.3596 ], [ -63.0872, 2.3606 ], [ -63.0882, 2.3571 ], [ -63.0915, 2.3576 ], [ -63.0899, 2.3546 ], [ -63.09739, 2.34543 ], [ -63.10289, 2.35008 ], [ -63.10871, 2.34923 ], [ -63.1554, 2.3609 ], [ -63.16548, 2.35347 ], [ -63.20261, 2.35506 ], [ -63.25036, 2.35082 ], [ -63.2753, 2.35878 ], [ -63.32994, 2.36143 ], [ -63.34374, 2.41979 ], [ -63.32517, 2.46435 ], [ -63.30713, 2.48133 ], [ -63.30819, 2.49035 ], [ -63.31827, 2.49406 ], [ -63.34002, 2.48292 ], [ -63.37345, 2.47284 ], [ -63.37663, 2.4548 ], [ -63.39042, 2.46807 ], [ -63.34798, 2.50467 ], [ -63.37292, 2.5312 ], [ -63.40581, 2.54393 ], [ -63.4143, 2.58585 ], [ -63.4212, 2.59009 ], [ -63.43181, 2.61131 ], [ -63.52566, 2.55204 ], [ -63.53579, 2.51529 ], [ -63.55542, 2.49884 ], [ -63.58725, 2.51104 ], [ -63.64751, 2.5134 ], [ -63.64759, 2.52726 ], [ -63.74718, 2.52812 ], [ -63.74727, 2.52061 ], [ -63.7514, 2.5287 ], [ -63.7643, 2.5248 ], [ -63.7873, 2.5265 ], [ -63.7935, 2.5234 ], [ -63.8062, 2.5272 ], [ -63.8111, 2.5201 ], [ -63.8169, 2.5216 ], [ -63.8254, 2.5133 ], [ -63.82952, 2.51423 ], [ -63.82468, 2.52911 ], [ -63.86544, 2.51147 ], [ -63.88827, 2.56684 ] ], [ [ -63.89811, 2.66611 ], [ -63.89619, 2.68162 ], [ -63.947, 2.68153 ], [ -63.94662, 2.57506 ], [ -63.88031, 2.57508 ], [ -63.87865, 2.58218 ], [ -63.88375, 2.58668 ], [ -63.892, 2.58667 ], [ -63.89525, 2.60556 ], [ -63.92256, 2.62623 ], [ -63.91391, 2.63911 ], [ -63.91474, 2.64963 ], [ -63.9054, 2.66431 ], [ -63.90072, 2.66791 ], [ -63.89811, 2.66611 ] ], [ [ -63.8662, 2.59596 ], [ -63.86634, 2.59676 ], [ -63.86715, 2.59595 ], [ -63.8662, 2.59596 ] ], [ [ -63.87454, 2.60725 ], [ -63.87524, 2.6072 ], [ -63.87495, 2.60671 ], [ -63.87454, 2.60725 ] ], [ [ -63.87614, 2.60871 ], [ -63.87689, 2.61187 ], [ -63.87708, 2.61028 ], [ -63.87614, 2.60871 ] ], [ [ -63.87675, 2.61307 ], [ -63.87581, 2.61295 ], [ -63.8767, 2.61349 ], [ -63.87675, 2.61307 ] ], [ [ -63.87296, 2.61119 ], [ -63.87264, 2.60971 ], [ -63.87197, 2.61058 ], [ -63.87296, 2.61119 ] ], [ [ -63.83938, 2.67924 ], [ -63.83198, 2.67207 ], [ -63.83831, 2.67999 ], [ -63.83938, 2.67924 ] ], [ [ -63.83585, 2.67159 ], [ -63.83631, 2.67416 ], [ -63.83698, 2.67376 ], [ -63.83585, 2.67159 ] ], [ [ -63.83905, 2.67687 ], [ -63.83995, 2.67656 ], [ -63.83934, 2.67615 ], [ -63.83905, 2.67687 ] ], [ [ -63.83862, 2.67567 ], [ -63.83879, 2.67615 ], [ -63.83888, 2.67585 ], [ -63.83862, 2.67567 ] ], [ [ -63.84965, 2.60566 ], [ -63.84892, 2.60497 ], [ -63.84898, 2.60565 ], [ -63.84965, 2.60566 ] ], [ [ -63.85772, 2.65996 ], [ -63.85477, 2.66043 ], [ -63.85613, 2.66119 ], [ -63.85772, 2.65996 ] ], [ [ -63.85703, 2.65627 ], [ -63.85779, 2.65221 ], [ -63.85625, 2.65624 ], [ -63.85703, 2.65627 ] ], [ [ -63.86822, 2.63863 ], [ -63.8661, 2.63768 ], [ -63.86294, 2.6438 ], [ -63.86485, 2.64459 ], [ -63.86822, 2.63863 ] ], [ [ -63.88481, 2.59828 ], [ -63.88379, 2.59904 ], [ -63.88481, 2.59904 ], [ -63.88481, 2.59828 ] ], [ [ -63.88556, 2.62422 ], [ -63.88429, 2.62719 ], [ -63.8875, 2.62994 ], [ -63.89004, 2.62629 ], [ -63.88556, 2.62422 ] ], [ [ -63.77545, 2.80364 ], [ -63.77438, 2.80433 ], [ -63.77652, 2.80432 ], [ -63.77545, 2.80364 ] ], [ [ -63.77956, 3.42345 ], [ -63.77943, 3.43479 ], [ -63.75651, 3.43908 ], [ -63.78134, 3.4348 ], [ -63.77956, 3.42345 ] ], [ [ -63.77297, 3.40224 ], [ -63.77198, 3.40526 ], [ -63.77321, 3.41128 ], [ -63.77297, 3.40224 ] ], [ [ -63.80496, 3.40649 ], [ -63.77411, 3.40204 ], [ -63.78288, 3.39829 ], [ -63.77297, 3.40224 ], [ -63.80496, 3.40649 ] ], [ [ -63.76668, 3.39167 ], [ -63.76478, 3.39147 ], [ -63.76109, 3.39564 ], [ -63.76668, 3.39167 ] ], [ [ -63.75277, 3.18686 ], [ -63.72899, 3.18315 ], [ -63.7389, 3.1867 ], [ -63.75277, 3.18686 ] ], [ [ -63.69883, 3.04995 ], [ -63.91276, 3.0493 ], [ -63.91243, 2.94703 ], [ -63.74546, 2.94508 ], [ -63.7435, 2.94647 ], [ -63.69848, 2.94633 ], [ -63.69883, 3.04995 ] ], [ [ -63.8666, 2.70421 ], [ -63.8675, 2.70198 ], [ -63.86234, 2.70735 ], [ -63.8666, 2.70421 ] ], [ [ -63.89003, 2.69056 ], [ -63.8888, 2.68992 ], [ -63.88436, 2.6917 ], [ -63.89003, 2.69056 ] ], [ [ -63.90211, 3.33441 ], [ -63.90105, 3.33287 ], [ -63.90061, 3.33412 ], [ -63.90211, 3.33441 ] ], [ [ -63.90889, 3.30286 ], [ -63.9091, 3.30368 ], [ -63.90928, 3.30281 ], [ -63.90889, 3.30286 ] ], [ [ -63.90906, 3.30389 ], [ -63.90898, 3.30385 ], [ -63.90901, 3.30412 ], [ -63.90906, 3.30389 ] ], [ [ -64.13156, 3.4443 ], [ -64.13337, 3.44173 ], [ -64.13139, 3.44117 ], [ -64.13156, 3.4443 ] ], [ [ -64.1296, 3.44711 ], [ -64.13038, 3.446 ], [ -64.13139, 3.44117 ], [ -64.1296, 3.44711 ] ], [ [ -63.90665, 3.23656 ], [ -63.9071, 3.23632 ], [ -63.90384, 3.23456 ], [ -63.90665, 3.23656 ] ], [ [ -63.84811, 3.28914 ], [ -63.84879, 3.28956 ], [ -63.84798, 3.28831 ], [ -63.84811, 3.28914 ] ], [ [ -63.85062, 3.28392 ], [ -63.85059, 3.2839 ], [ -63.85066, 3.284 ], [ -63.85062, 3.28392 ] ], [ [ -63.8508, 3.28412 ], [ -63.85076, 3.28415 ], [ -63.85077, 3.28417 ], [ -63.8508, 3.28412 ] ], [ [ -63.85072, 3.28397 ], [ -63.85083, 3.28407 ], [ -63.85084, 3.28404 ], [ -63.85072, 3.28397 ] ], [ [ -63.88138, 3.28396 ], [ -63.88437, 3.28151 ], [ -63.88299, 3.28081 ], [ -63.88138, 3.28396 ] ], [ [ -63.8907, 3.28217 ], [ -63.89028, 3.28199 ], [ -63.89051, 3.28226 ], [ -63.8907, 3.28217 ] ], [ [ -63.88977, 3.28178 ], [ -63.88959, 3.28171 ], [ -63.88975, 3.28204 ], [ -63.88977, 3.28178 ] ], [ [ -63.8899, 3.28239 ], [ -63.88996, 3.28252 ], [ -63.89028, 3.28237 ], [ -63.8899, 3.28239 ] ], [ [ -63.74294, 3.23087 ], [ -63.74066, 3.23001 ], [ -63.74193, 3.23399 ], [ -63.74294, 3.23087 ] ], [ [ -63.75477, 3.25252 ], [ -63.76075, 3.25998 ], [ -63.76079, 3.26235 ], [ -63.76555, 3.25972 ], [ -63.76384, 3.25602 ], [ -63.75477, 3.25252 ] ], [ [ -63.76926, 2.88206 ], [ -63.7693, 2.88238 ], [ -63.77194, 2.88167 ], [ -63.76926, 2.88206 ] ], [ [ -63.74535, 2.60396 ], [ -63.74619, 2.6049 ], [ -63.74636, 2.60385 ], [ -63.74535, 2.60396 ] ], [ [ -63.6974, 2.81197 ], [ -63.69742, 2.81149 ], [ -63.69434, 2.81124 ], [ -63.6974, 2.81197 ] ], [ [ -63.69673, 2.81573 ], [ -63.69714, 2.8165 ], [ -63.69732, 2.81326 ], [ -63.69673, 2.81573 ] ], [ [ -63.65127, 2.84264 ], [ -63.65112, 2.84285 ], [ -63.65147, 2.843 ], [ -63.65127, 2.84264 ] ], [ [ -63.65249, 2.84116 ], [ -63.65262, 2.84068 ], [ -63.65193, 2.84168 ], [ -63.65249, 2.84116 ] ], [ [ -63.65168, 2.84309 ], [ -63.65193, 2.8432 ], [ -63.65234, 2.84169 ], [ -63.65168, 2.84309 ] ], [ [ -63.61694, 2.8419 ], [ -63.61698, 2.84174 ], [ -63.61679, 2.84183 ], [ -63.61694, 2.8419 ] ], [ [ -63.61629, 2.84277 ], [ -63.61656, 2.84337 ], [ -63.61676, 2.84258 ], [ -63.61629, 2.84277 ] ], [ [ -63.61657, 2.84194 ], [ -63.61603, 2.84221 ], [ -63.6162, 2.84259 ], [ -63.61657, 2.84194 ] ], [ [ -63.61161, 2.85063 ], [ -63.6119, 2.85065 ], [ -63.61174, 2.85054 ], [ -63.61161, 2.85063 ] ], [ [ -63.65689, 2.85164 ], [ -63.65515, 2.85164 ], [ -63.65604, 2.85247 ], [ -63.65689, 2.85164 ] ], [ [ -63.63887, 2.86664 ], [ -63.63868, 2.86673 ], [ -63.63886, 2.86681 ], [ -63.63887, 2.86664 ] ], [ [ -63.63969, 2.8668 ], [ -63.6399, 2.86611 ], [ -63.6394, 2.86636 ], [ -63.63969, 2.8668 ] ], [ [ -63.63927, 2.86699 ], [ -63.63959, 2.86713 ], [ -63.63964, 2.86698 ], [ -63.63927, 2.86699 ] ], [ [ -63.71165, 2.87586 ], [ -63.7092, 2.87588 ], [ -63.71079, 2.87703 ], [ -63.71165, 2.87586 ] ], [ [ -63.70446, 2.87741 ], [ -63.70243, 2.87733 ], [ -63.70343, 2.87837 ], [ -63.70446, 2.87741 ] ], [ [ -63.62537, 2.87946 ], [ -63.62561, 2.87994 ], [ -63.62642, 2.87993 ], [ -63.62537, 2.87946 ] ], [ [ -63.62529, 2.87916 ], [ -63.62517, 2.87908 ], [ -63.62524, 2.87922 ], [ -63.62529, 2.87916 ] ], [ [ -63.64985, 2.88025 ], [ -63.6497, 2.88087 ], [ -63.65313, 2.88061 ], [ -63.64985, 2.88025 ] ], [ [ -63.65257, 2.88467 ], [ -63.65264, 2.88416 ], [ -63.65107, 2.88427 ], [ -63.65257, 2.88467 ] ], [ [ -63.64901, 2.88372 ], [ -63.64957, 2.88387 ], [ -63.64934, 2.88236 ], [ -63.64901, 2.88372 ] ], [ [ -63.68853, 2.88397 ], [ -63.68801, 2.88376 ], [ -63.68801, 2.88432 ], [ -63.68853, 2.88397 ] ], [ [ -63.64005, 2.88794 ], [ -63.63982, 2.88765 ], [ -63.63957, 2.88796 ], [ -63.64005, 2.88794 ] ], [ [ -63.7635, 2.8921 ], [ -63.76362, 2.89134 ], [ -63.76204, 2.89156 ], [ -63.7635, 2.8921 ] ], [ [ -63.7601, 2.89083 ], [ -63.76074, 2.89107 ], [ -63.76081, 2.88763 ], [ -63.7601, 2.89083 ] ], [ [ -63.69404, 2.8903 ], [ -63.69407, 2.89125 ], [ -63.69431, 2.89026 ], [ -63.69404, 2.8903 ] ], [ [ -63.69503, 2.89017 ], [ -63.69466, 2.89022 ], [ -63.69497, 2.8903 ], [ -63.69503, 2.89017 ] ], [ [ -63.69409, 2.89215 ], [ -63.69459, 2.8911 ], [ -63.69408, 2.89168 ], [ -63.69409, 2.89215 ] ], [ [ -63.72915, 2.89519 ], [ -63.7306, 2.89511 ], [ -63.72947, 2.89493 ], [ -63.72915, 2.89519 ] ], [ [ -63.73063, 2.89401 ], [ -63.72996, 2.89455 ], [ -63.7306, 2.89511 ], [ -63.73063, 2.89401 ] ], [ [ -63.62182, 2.89538 ], [ -63.62118, 2.89489 ], [ -63.62048, 2.89557 ], [ -63.62182, 2.89538 ] ], [ [ -63.61288, 2.89559 ], [ -63.61225, 2.8954 ], [ -63.61219, 2.89602 ], [ -63.61288, 2.89559 ] ], [ [ -63.73899, 2.9057 ], [ -63.73899, 2.90652 ], [ -63.73929, 2.90569 ], [ -63.73899, 2.9057 ] ], [ [ -63.73984, 2.90567 ], [ -63.7395, 2.90569 ], [ -63.73976, 2.90583 ], [ -63.73984, 2.90567 ] ], [ [ -63.73899, 2.90744 ], [ -63.73947, 2.90644 ], [ -63.73899, 2.90686 ], [ -63.73899, 2.90744 ] ], [ [ -63.69536, 2.98526 ], [ -63.69582, 2.98549 ], [ -63.69544, 2.98501 ], [ -63.69536, 2.98526 ] ], [ [ -63.69587, 2.98368 ], [ -63.69565, 2.98436 ], [ -63.69585, 2.98444 ], [ -63.69587, 2.98368 ] ], [ [ -63.73495, 3.19595 ], [ -63.73554, 3.19812 ], [ -63.73833, 3.19844 ], [ -63.73842, 3.19534 ], [ -63.73495, 3.19595 ] ], [ [ -63.78059, 3.27488 ], [ -63.77749, 3.27608 ], [ -63.77976, 3.28118 ], [ -63.78305, 3.27983 ], [ -63.78059, 3.27488 ] ], [ [ -63.6463, 2.6215 ], [ -63.6547, 2.6133 ], [ -63.64569, 2.62104 ], [ -63.6463, 2.6215 ] ], [ [ -63.6209, 2.6024 ], [ -63.63633, 2.614 ], [ -63.6108, 2.5905 ], [ -63.6209, 2.6024 ] ], [ [ -63.5506, 2.5865 ], [ -63.55155, 2.58635 ], [ -63.54264, 2.58233 ], [ -63.5506, 2.5865 ] ], [ [ -63.505, 2.5878 ], [ -63.52283, 2.57337 ], [ -63.5218, 2.5729 ], [ -63.505, 2.5878 ] ], [ [ -63.4828, 2.657 ], [ -63.479, 2.6483 ], [ -63.48226, 2.65706 ], [ -63.4828, 2.657 ] ], [ [ -63.47179, 2.66427 ], [ -63.4781, 2.6575 ], [ -63.47193, 2.66384 ], [ -63.47179, 2.66427 ] ], [ [ -63.60412, 2.66446 ], [ -63.47178, 2.66431 ], [ -63.47147, 2.66526 ], [ -63.60412, 2.66446 ] ], [ [ -63.45936, 2.76508 ], [ -63.4596, 2.7648 ], [ -63.4596, 2.76427 ], [ -63.45936, 2.76508 ] ], [ [ -63.456, 2.7689 ], [ -63.45619, 2.76869 ], [ -63.4559, 2.76885 ], [ -63.456, 2.7689 ] ], [ [ -63.4439, 2.7791 ], [ -63.4505, 2.7661 ], [ -63.44362, 2.77918 ], [ -63.4439, 2.7791 ] ], [ [ -63.4395, 2.7803 ], [ -63.4413, 2.77981 ], [ -63.43935, 2.78017 ], [ -63.4395, 2.7803 ] ], [ [ -63.4247, 2.7777 ], [ -63.4315, 2.77411 ], [ -63.4311, 2.7738 ], [ -63.4247, 2.7777 ] ], [ [ -63.3767, 2.76036 ], [ -63.38764, 2.7571 ], [ -63.38724, 2.75699 ], [ -63.3767, 2.76036 ] ], [ [ -63.3014, 2.77223 ], [ -63.30113, 2.76775 ], [ -63.30031, 2.77256 ], [ -63.3014, 2.77223 ] ], [ [ -63.2947, 2.77683 ], [ -63.2954, 2.7775 ], [ -63.29766, 2.77371 ], [ -63.2973, 2.7736 ], [ -63.2947, 2.77683 ] ], [ [ -63.2667, 2.8058 ], [ -63.2653, 2.8016 ], [ -63.26656, 2.80585 ], [ -63.2667, 2.8058 ] ], [ [ -63.2632, 2.8071 ], [ -63.26413, 2.80676 ], [ -63.26317, 2.80705 ], [ -63.2632, 2.8071 ] ], [ [ -63.2606, 2.8075 ], [ -63.2614, 2.8041 ], [ -63.26022, 2.80719 ], [ -63.2606, 2.8075 ] ], [ [ -63.2589, 2.8079 ], [ -63.2579, 2.8053 ], [ -63.25866, 2.80796 ], [ -63.2589, 2.8079 ] ], [ [ -63.24138, 2.81634 ], [ -63.2438, 2.8185 ], [ -63.2418, 2.8155 ], [ -63.24138, 2.81634 ] ], [ [ -63.45958, 2.76172 ], [ -63.43843, 2.76206 ], [ -63.45959, 2.76357 ], [ -63.45958, 2.76172 ] ], [ [ -63.17301, 2.55747 ], [ -63.1043, 2.64421 ], [ -63.16673, 2.68461 ], [ -63.2375, 2.60723 ], [ -63.17301, 2.55747 ] ], [ [ -63.46519, 2.66556 ], [ -63.4649, 2.6655 ], [ -63.4684, 2.6744 ], [ -63.46519, 2.66556 ] ], [ [ -63.4661, 2.6806 ], [ -63.47054, 2.6838 ], [ -63.4701, 2.6818 ], [ -63.4661, 2.6806 ] ], [ [ -63.47369, 2.68606 ], [ -63.47401, 2.68629 ], [ -63.4743, 2.686 ], [ -63.47369, 2.68606 ] ], [ [ -63.45317, 2.73536 ], [ -63.45593, 2.73661 ], [ -63.4555, 2.7348 ], [ -63.45317, 2.73536 ] ], [ [ -63.4576, 2.73787 ], [ -63.45885, 2.73678 ], [ -63.45728, 2.73708 ], [ -63.4576, 2.73787 ] ], [ [ -63.46, 2.73269 ], [ -63.46044, 2.73237 ], [ -63.45965, 2.73264 ], [ -63.46, 2.73269 ] ], [ [ -63.46867, 2.72271 ], [ -63.46882, 2.7215 ], [ -63.46834, 2.72142 ], [ -63.46867, 2.72271 ] ], [ [ -63.46593, 2.72151 ], [ -63.46719, 2.72125 ], [ -63.46547, 2.72099 ], [ -63.46593, 2.72151 ] ], [ [ -63.46851, 2.72391 ], [ -63.46816, 2.72401 ], [ -63.46846, 2.72434 ], [ -63.46851, 2.72391 ] ], [ [ -63.46776, 2.72964 ], [ -63.46868, 2.72876 ], [ -63.46679, 2.72881 ], [ -63.46776, 2.72964 ] ], [ [ -63.46871, 2.73006 ], [ -63.46835, 2.73014 ], [ -63.46872, 2.73046 ], [ -63.46871, 2.73006 ] ], [ [ -63.59782, 2.72536 ], [ -63.59852, 2.72529 ], [ -63.59842, 2.72486 ], [ -63.59782, 2.72536 ] ], [ [ -63.36959, 2.76248 ], [ -63.36584, 2.75857 ], [ -63.3692, 2.7626 ], [ -63.36959, 2.76248 ] ], [ [ -63.35976, 2.75815 ], [ -63.36104, 2.75356 ], [ -63.3607, 2.7532 ], [ -63.3591, 2.7579 ], [ -63.35976, 2.75815 ] ], [ [ -63.3597, 2.7671 ], [ -63.36009, 2.77187 ], [ -63.3602, 2.7718 ], [ -63.3597, 2.7671 ] ], [ [ -63.35944, 2.77225 ], [ -63.35433, 2.77415 ], [ -63.3556, 2.7745 ], [ -63.35944, 2.77225 ] ], [ [ -63.3395, 2.77529 ], [ -63.33979, 2.77944 ], [ -63.3396, 2.7752 ], [ -63.3395, 2.77529 ] ], [ [ -63.3368, 2.7776 ], [ -63.3369, 2.7745 ], [ -63.3362, 2.77559 ], [ -63.3368, 2.7776 ] ], [ [ -63.33428, 2.77757 ], [ -63.3312, 2.7751 ], [ -63.3341, 2.7779 ], [ -63.33428, 2.77757 ] ], [ [ -63.38074, 2.75666 ], [ -63.38194, 2.75559 ], [ -63.38088, 2.7553 ], [ -63.38074, 2.75666 ] ], [ [ -63.34775, 2.77918 ], [ -63.34813, 2.77807 ], [ -63.34702, 2.77872 ], [ -63.34775, 2.77918 ] ], [ [ -63.34885, 2.77765 ], [ -63.34991, 2.77827 ], [ -63.34897, 2.77759 ], [ -63.34885, 2.77765 ] ], [ [ -63.35712, 2.78346 ], [ -63.35713, 2.78363 ], [ -63.35727, 2.78357 ], [ -63.35712, 2.78346 ] ], [ [ -63.3569, 2.78372 ], [ -63.35063, 2.78098 ], [ -63.35576, 2.78419 ], [ -63.3569, 2.78372 ] ], [ [ -63.60354, 2.83855 ], [ -63.6037, 2.83956 ], [ -63.60427, 2.8388 ], [ -63.60354, 2.83855 ] ], [ [ -63.60402, 2.83984 ], [ -63.6038, 2.84019 ], [ -63.60385, 2.84053 ], [ -63.60402, 2.83984 ] ], [ [ -63.61082, 2.85938 ], [ -63.61083, 2.85933 ], [ -63.61079, 2.85936 ], [ -63.61082, 2.85938 ] ], [ [ -63.61089, 2.85929 ], [ -63.61094, 2.85932 ], [ -63.61093, 2.85927 ], [ -63.61089, 2.85929 ] ], [ [ -63.61094, 2.85938 ], [ -63.61085, 2.85941 ], [ -63.61095, 2.8595 ], [ -63.61094, 2.85938 ] ], [ [ -63.56784, 2.86001 ], [ -63.56839, 2.86243 ], [ -63.56821, 2.85998 ], [ -63.56784, 2.86001 ] ], [ [ -63.56861, 2.86537 ], [ -63.56834, 2.86622 ], [ -63.56868, 2.8663 ], [ -63.56861, 2.86537 ] ], [ [ -63.56814, 2.86617 ], [ -63.5661, 2.86179 ], [ -63.5672, 2.86595 ], [ -63.56814, 2.86617 ] ], [ [ -63.56581, 2.86068 ], [ -63.56672, 2.8601 ], [ -63.56568, 2.86019 ], [ -63.56581, 2.86068 ] ], [ [ -63.5825, 2.86352 ], [ -63.57981, 2.86381 ], [ -63.5813, 2.8649 ], [ -63.5825, 2.86352 ] ], [ [ -63.59862, 2.86479 ], [ -63.59787, 2.86728 ], [ -63.59953, 2.86646 ], [ -63.59862, 2.86479 ] ], [ [ -63.59932, 2.87487 ], [ -63.60016, 2.87499 ], [ -63.59962, 2.8742 ], [ -63.59932, 2.87487 ] ], [ [ -63.58574, 2.883 ], [ -63.58625, 2.88331 ], [ -63.58603, 2.88287 ], [ -63.58574, 2.883 ] ], [ [ -63.58571, 2.88226 ], [ -63.58539, 2.8828 ], [ -63.58557, 2.8829 ], [ -63.58571, 2.88226 ] ], [ [ -63.33, 2.78913 ], [ -63.32707, 2.78811 ], [ -63.32641, 2.79058 ], [ -63.32956, 2.79059 ], [ -63.33, 2.78913 ] ], [ [ -63.34778, 2.80621 ], [ -63.35249, 2.80703 ], [ -63.35081, 2.80408 ], [ -63.34778, 2.80621 ] ], [ [ -63.39398, 3.05685 ], [ -63.38795, 3.05671 ], [ -63.39386, 3.05832 ], [ -63.39398, 3.05685 ] ], [ [ -63.38689, 3.05669 ], [ -63.38619, 3.05667 ], [ -63.38523, 3.05936 ], [ -63.38689, 3.05669 ] ], [ [ -63.39099, 3.05929 ], [ -63.39378, 3.05925 ], [ -63.39384, 3.05859 ], [ -63.39099, 3.05929 ] ], [ [ -63.41964, 3.05377 ], [ -63.4175, 3.05235 ], [ -63.41824, 3.05411 ], [ -63.41964, 3.05377 ] ], [ [ -63.54467, 3.08822 ], [ -63.53772, 3.08717 ], [ -63.53948, 3.09247 ], [ -63.54503, 3.09229 ], [ -63.54467, 3.08822 ] ], [ [ -63.58188, 2.87263 ], [ -63.58197, 2.87131 ], [ -63.5811, 2.87194 ], [ -63.58188, 2.87263 ] ], [ [ -63.58568, 2.85535 ], [ -63.58756, 2.85769 ], [ -63.58796, 2.85553 ], [ -63.58568, 2.85535 ] ], [ [ -63.6375, 2.8895 ], [ -63.63844, 2.89137 ], [ -63.63906, 2.8901 ], [ -63.6375, 2.8895 ] ], [ [ -63.67213, 2.87287 ], [ -63.67367, 2.87159 ], [ -63.67262, 2.87121 ], [ -63.67213, 2.87287 ] ], [ [ -63.7662, 2.71037 ], [ -63.76569, 2.64933 ], [ -63.67913, 2.64933 ], [ -63.679, 2.7105 ], [ -63.7662, 2.71037 ] ], [ [ -63.67913, 2.85697 ], [ -63.68199, 2.85425 ], [ -63.67903, 2.8543 ], [ -63.67913, 2.85697 ] ], [ [ -63.68257, 2.88125 ], [ -63.68203, 2.87983 ], [ -63.68157, 2.88074 ], [ -63.68257, 2.88125 ] ], [ [ -63.69616, 2.82358 ], [ -63.69901, 2.82398 ], [ -63.6996, 2.82124 ], [ -63.69642, 2.82052 ], [ -63.69616, 2.82358 ] ] ] } },
{ "type": "Feature", "properties": { "cluster": 60.0, "hvi": 0.1098, "population": 69, "setores": 1, "municipio": "Alto Alegre" }, "geometry": { "type": "Polygon", "coordinates": [ [ [ -63.86294, 2.6438 ], [ -63.8661, 2.63768 ], [ -63.86822, 2.63863 ], [ -63.86485, 2.64459 ], [ -63.86294, 2.6438 ] ] ] } },
{ "type": "Feature", "properties": { "cluster": 62.0, "hvi": 0.107, "population": 32, "setores": 1, "municipio": "Alto Alegre" }, "geometry": { "type": "Polygon", "coordinates": [ [ [ -63.84965, 2.60566 ], [ -63.84892, 2.60497 ], [ -63.84968, 2.60497 ], [ -63.84965, 2.60566 ] ] ] } },
{ "type": "Feature", "properties": { "cluster": 63.0, "hvi": 0.1286, "population": 219, "setores": 1, "municipio": "Alto Alegre" }, "geometry": { "type": "Polygon", "coordinates": [ [ [ -63.9099, 2.58857 ], [ -63.91315, 2.58867 ], [ -63.91527, 2.59426 ], [ -63.90865, 2.59383 ], [ -63.9099, 2.58857 ] ] ] } },
{ "type": "Feature", "properties": { "cluster": 64.0, "hvi": 0.1098, "population": 52, "setores": 1, "municipio": "Alto Alegre" }, "geometry": { "type": "Polygon", "coordinates": [ [ [ -63.92048, 2.59192 ], [ -63.91752, 2.59092 ], [ -63.91822, 2.5902 ], [ -63.92048, 2.59192 ] ] ] } },
{ "type": "Feature", "properties": { "cluster": 65.0, "hvi": 0.1099, "population": 365, "setores": 7, "municipio": "Alto Alegre" }, "geometry": { "type": "Polygon", "coordinates": [ [ [ -63.96656, 2.47245 ], [ -63.96862, 2.46806 ], [ -63.97637, 2.46508 ], [ -64.00112, 2.5222 ], [ -63.88827, 2.56684 ], [ -63.86544, 2.51147 ], [ -63.95784, 2.47044 ], [ -63.96041, 2.47416 ], [ -63.96656, 2.47245 ] ], [ [ -63.93924, 2.512 ], [ -63.93951, 2.51118 ], [ -63.93901, 2.5116 ], [ -63.93924, 2.512 ] ], [ [ -63.93861, 2.51089 ], [ -63.93881, 2.51125 ], [ -63.93882, 2.51079 ], [ -63.93861, 2.51089 ] ], [ [ -63.93979, 2.51032 ], [ -63.93937, 2.51053 ], [ -63.93972, 2.51055 ], [ -63.93979, 2.51032 ] ], [ [ -63.88332, 2.52537 ], [ -63.88971, 2.52401 ], [ -63.88323, 2.52379 ], [ -63.88332, 2.52537 ] ], [ [ -63.93748, 2.54395 ], [ -63.9381, 2.54359 ], [ -63.9377, 2.54305 ], [ -63.93748, 2.54395 ] ], [ [ -63.98783, 2.51705 ], [ -63.98847, 2.51702 ], [ -63.98798, 2.51659 ], [ -63.98783, 2.51705 ] ], [ [ -63.98781, 2.51643 ], [ -63.98773, 2.51636 ], [ -63.98775, 2.51651 ], [ -63.98781, 2.51643 ] ] ] } },
{ "type": "Feature", "properties": { "cluster": 66.0, "hvi": 0.1099, "population": 35, "setores": 1, "municipio": "Alto Alegre" }, "geometry": { "type": "Polygon", "coordinates": [ [ [ -63.93598, 2.5852 ], [ -63.93753, 2.58379 ], [ -63.93713, 2.58537 ], [ -63.93598, 2.5852 ] ] ] } },
{ "type": "Feature", "properties": { "cluster": 67.0, "hvi": 0.1108, "population": 68, "setores": 1, "municipio": "Alto Alegre" }, "geometry": { "type": "Polygon", "coordinates": [ [ [ -63.89443, 2.59639 ], [ -63.89595, 2.59419 ], [ -63.89603, 2.59633 ], [ -63.89443, 2.59639 ] ] ] } },
{ "type": "Feature", "properties": { "cluster": 68.0, "hvi": 0.1344, "population": 840, "setores": 22, "municipio": "Alto Alegre" }, "geometry": { "type": "Polygon", "coordinates": [ [ [ -63.69883, 3.04995 ], [ -63.69848, 2.94633 ], [ -63.91243, 2.94703 ], [ -63.91276, 3.0493 ], [ -63.69883, 3.04995 ] ], [ [ -63.89278, 2.95422 ], [ -63.8923, 2.95464 ], [ -63.89325, 2.95463 ], [ -63.89278, 2.95422 ] ], [ [ -63.89018, 2.95583 ], [ -63.88955, 2.95539 ], [ -63.88959, 2.95626 ], [ -63.89018, 2.95583 ] ], [ [ -63.8815, 2.96025 ], [ -63.88125, 2.96028 ], [ -63.88135, 2.96059 ], [ -63.8815, 2.96025 ] ], [ [ -63.88196, 2.9603 ], [ -63.88203, 2.96019 ], [ -63.88181, 2.96021 ], [ -63.88196, 2.9603 ] ], [ [ -63.88141, 2.96077 ], [ -63.88149, 2.96102 ], [ -63.88174, 2.96063 ], [ -63.88141, 2.96077 ] ], [ [ -63.88769, 2.96061 ], [ -63.88763, 2.96116 ], [ -63.88798, 2.96087 ], [ -63.88769, 2.96061 ] ], [ [ -63.88939, 2.96788 ], [ -63.88829, 2.96829 ], [ -63.88854, 2.96853 ], [ -63.88939, 2.96788 ] ], [ [ -63.9003, 2.97267 ], [ -63.90009, 2.97308 ], [ -63.90019, 2.97316 ], [ -63.9003, 2.97267 ] ], [ [ -63.90029, 2.97323 ], [ -63.90059, 2.97348 ], [ -63.90048, 2.97316 ], [ -63.90029, 2.97323 ] ], [ [ -63.90184, 2.97354 ], [ -63.90233, 2.97363 ], [ -63.90198, 2.97323 ], [ -63.90184, 2.97354 ] ], [ [ -63.87477, 2.97538 ], [ -63.87475, 2.97471 ], [ -63.87432, 2.97501 ], [ -63.87477, 2.97538 ] ], [ [ -63.70522, 2.97511 ], [ -63.70488, 2.975 ], [ -63.70506, 2.97529 ], [ -63.70522, 2.97511 ] ], [ [ -63.7042, 2.9763 ], [ -63.70463, 2.9758 ], [ -63.70426, 2.97592 ], [ -63.7042, 2.9763 ] ], [ [ -63.70443, 2.97487 ], [ -63.70432, 2.97556 ], [ -63.70465, 2.97493 ], [ -63.70443, 2.97487 ] ], [ [ -63.73928, 2.98147 ], [ -63.73976, 2.98129 ], [ -63.73974, 2.98056 ], [ -63.73928, 2.98147 ] ], [ [ -63.77437, 3.04617 ], [ -63.77426, 3.04551 ], [ -63.77373, 3.04598 ], [ -63.77437, 3.04617 ] ], [ [ -63.78311, 3.04878 ], [ -63.77952, 3.04618 ], [ -63.77681, 3.0469 ], [ -63.78311, 3.04878 ] ], [ [ -63.78539, 3.04754 ], [ -63.7847, 3.04674 ], [ -63.78311, 3.04878 ], [ -63.78539, 3.04754 ] ], [ [ -63.77957, 3.04086 ], [ -63.77664, 3.04343 ], [ -63.78051, 3.04194 ], [ -63.77957, 3.04086 ] ] ] } },
{ "type": "Feature", "properties": { "cluster": 69.0, "hvi": 0.1076, "population": 54, "setores": 1, "municipio": "Alto Alegre" }, "geometry": { "type": "Polygon", "coordinates": [ [ [ -62.08279, 2.7478 ], [ -62.07999, 2.74566 ], [ -62.08282, 2.74582 ], [ -62.08279, 2.7478 ] ] ] } },
{ "type": "Feature", "properties": { "cluster": 70.0, "hvi": 0.1113, "population": 65, "setores": 1, "municipio": "Alto Alegre" }, "geometry": { "type": "Polygon", "coordinates": [ [ [ -63.1836, 3.2221 ], [ -63.18577, 3.21975 ], [ -63.18581, 3.22207 ], [ -63.1836, 3.2221 ] ] ] } },
{ "type": "Feature", "properties": { "cluster": 71.0, "hvi": 0.1078, "population": 53, "setores": 1, "municipio": "Alto Alegre" }, "geometry": { "type": "Polygon", "coordinates": [ [ [ -62.01583, 2.73566 ], [ -62.01829, 2.73366 ], [ -62.01877, 2.73529 ], [ -62.01583, 2.73566 ] ] ] } },
{ "type": "Feature", "properties": { "cluster": 72.0, "hvi": 0.1067, "population": 30, "setores": 1, "municipio": "Alto Alegre" }, "geometry": { "type": "Polygon", "coordinates": [ [ [ -63.32641, 2.79058 ], [ -63.32957, 2.78848 ], [ -63.33003, 2.78987 ], [ -63.32641, 2.79058 ] ] ] } },
{ "type": "Feature", "properties": { "cluster": 73.0, "hvi": 0.1075, "population": 30, "setores": 1, "municipio": "Alto Alegre" }, "geometry": { "type": "Polygon", "coordinates": [ [ [ -63.63717, 2.89113 ], [ -63.63884, 2.88975 ], [ -63.63903, 2.89086 ], [ -63.63717, 2.89113 ] ] ] } },
{ "type": "Feature", "properties": { "cluster": 74.0, "hvi": 0.1081, "population": 32, "setores": 1, "municipio": "Alto Alegre" }, "geometry": { "type": "Polygon", "coordinates": [ [ [ -63.6819, 2.85687 ], [ -63.67903, 2.8543 ], [ -63.68199, 2.85425 ], [ -63.6819, 2.85687 ] ] ] } },
{ "type": "Feature", "properties": { "cluster": 75.0, "hvi": 0.1079, "population": 28, "setores": 1, "municipio": "Alto Alegre" }, "geometry": { "type": "Polygon", "coordinates": [ [ [ -63.67359, 2.87319 ], [ -63.67217, 2.87165 ], [ -63.67318, 2.87122 ], [ -63.67359, 2.87319 ] ] ] } },
{ "type": "Feature", "properties": { "cluster": 76.0, "hvi": 0.1279, "population": 738, "setores": 25, "municipio": "Alto Alegre" }, "geometry": { "type": "Polygon", "coordinates": [ [ [ -63.679, 2.7105 ], [ -63.67913, 2.64933 ], [ -63.76569, 2.64933 ], [ -63.7662, 2.71037 ], [ -63.679, 2.7105 ] ], [ [ -63.7531, 2.65217 ], [ -63.75321, 2.65238 ], [ -63.75334, 2.65198 ], [ -63.7531, 2.65217 ] ], [ [ -63.75302, 2.65185 ], [ -63.75295, 2.65189 ], [ -63.75302, 2.65201 ], [ -63.75302, 2.65185 ] ], [ [ -63.75344, 2.6517 ], [ -63.75349, 2.65156 ], [ -63.75327, 2.65169 ], [ -63.75344, 2.6517 ] ], [ [ -63.75033, 2.65214 ], [ -63.75012, 2.65223 ], [ -63.75029, 2.65247 ], [ -63.75033, 2.65214 ] ], [ [ -63.75068, 2.65209 ], [ -63.7507, 2.65198 ], [ -63.75053, 2.65205 ], [ -63.75068, 2.65209 ] ], [ [ -63.7504, 2.65264 ], [ -63.75056, 2.65289 ], [ -63.75063, 2.65246 ], [ -63.7504, 2.65264 ] ], [ [ -63.75078, 2.65489 ], [ -63.75138, 2.65433 ], [ -63.75061, 2.65437 ], [ -63.75078, 2.65489 ] ], [ [ -63.74833, 2.6645 ], [ -63.74838, 2.6647 ], [ -63.7486, 2.66451 ], [ -63.74833, 2.6645 ] ], [ [ -63.74844, 2.66421 ], [ -63.74827, 2.66419 ], [ -63.74831, 2.66438 ], [ -63.74844, 2.66421 ] ], [ [ -63.74881, 2.66433 ], [ -63.74892, 2.66423 ], [ -63.74871, 2.66422 ], [ -63.74881, 2.66433 ] ], [ [ -63.74752, 2.66453 ], [ -63.74754, 2.66448 ], [ -63.74734, 2.66453 ], [ -63.74752, 2.66453 ] ], [ [ -63.74738, 2.66466 ], [ -63.74742, 2.66477 ], [ -63.74749, 2.6646 ], [ -63.74738, 2.66466 ] ], [ [ -63.74682, 2.66477 ], [ -63.74703, 2.66482 ], [ -63.74694, 2.66469 ], [ -63.74682, 2.66477 ] ], [ [ -63.74838, 2.66902 ], [ -63.74845, 2.66915 ], [ -63.74858, 2.66885 ], [ -63.74838, 2.66902 ] ], [ [ -63.74867, 2.66939 ], [ -63.74871, 2.66927 ], [ -63.74832, 2.66924 ], [ -63.74867, 2.66939 ] ], [ [ -63.74824, 2.6704 ], [ -63.74821, 2.67085 ], [ -63.74851, 2.6699 ], [ -63.74824, 2.6704 ] ], [ [ -63.74692, 2.67324 ], [ -63.74708, 2.67317 ], [ -63.74703, 2.67313 ], [ -63.74692, 2.67324 ] ], [ [ -63.74727, 2.67344 ], [ -63.74711, 2.67337 ], [ -63.74721, 2.67361 ], [ -63.74727, 2.67344 ] ], [ [ -63.7478, 2.67346 ], [ -63.74778, 2.67339 ], [ -63.74774, 2.67346 ], [ -63.7478, 2.67346 ] ], [ [ -63.74788, 2.67365 ], [ -63.74756, 2.67374 ], [ -63.74798, 2.67392 ], [ -63.74788, 2.67365 ] ], [ [ -63.74893, 2.67444 ], [ -63.74887, 2.67435 ], [ -63.74879, 2.67458 ], [ -63.74893, 2.67444 ] ], [ [ -63.74849, 2.67564 ], [ -63.74899, 2.6759 ], [ -63.74868, 2.67546 ], [ -63.74849, 2.67564 ] ], [ [ -63.74843, 2.67511 ], [ -63.74847, 2.67545 ], [ -63.74854, 2.67527 ], [ -63.74843, 2.67511 ] ], [ [ -63.71634, 2.6605 ], [ -63.71694, 2.66275 ], [ -63.71722, 2.66032 ], [ -63.71634, 2.6605 ] ], [ [ -63.71826, 2.66011 ], [ -63.71752, 2.66026 ], [ -63.718, 2.66063 ], [ -63.71826, 2.66011 ] ], [ [ -63.74658, 2.66669 ], [ -63.74653, 2.66637 ], [ -63.74627, 2.66653 ], [ -63.74658, 2.66669 ] ], [ [ -63.74539, 2.66641 ], [ -63.74535, 2.66649 ], [ -63.7454, 2.6665 ], [ -63.74539, 2.66641 ] ], [ [ -63.74551, 2.66697 ], [ -63.74545, 2.6667 ], [ -63.74514, 2.66689 ], [ -63.74551, 2.66697 ] ], [ [ -63.74471, 2.66905 ], [ -63.74732, 2.66909 ], [ -63.74603, 2.66803 ], [ -63.74471, 2.66905 ] ], [ [ -63.74637, 2.67129 ], [ -63.74688, 2.67118 ], [ -63.74632, 2.67082 ], [ -63.74637, 2.67129 ] ], [ [ -63.7463, 2.6706 ], [ -63.74632, 2.67076 ], [ -63.7464, 2.6707 ], [ -63.7463, 2.6706 ] ], [ [ -63.74589, 2.67212 ], [ -63.74589, 2.67185 ], [ -63.74583, 2.67187 ], [ -63.74589, 2.67212 ] ], [ [ -63.74596, 2.67183 ], [ -63.74601, 2.67185 ], [ -63.74602, 2.67181 ], [ -63.74596, 2.67183 ] ], [ [ -63.74618, 2.67225 ], [ -63.74606, 2.67233 ], [ -63.74613, 2.67235 ], [ -63.74618, 2.67225 ] ], [ [ -63.74611, 2.67239 ], [ -63.74607, 2.67241 ], [ -63.74607, 2.67248 ], [ -63.74611, 2.67239 ] ], [ [ -63.7444, 2.67241 ], [ -63.74385, 2.67307 ], [ -63.7441, 2.67325 ], [ -63.7444, 2.67241 ] ], [ [ -63.74376, 2.673 ], [ -63.74376, 2.67281 ], [ -63.74361, 2.6729 ], [ -63.74376, 2.673 ] ], [ [ -63.74676, 2.67313 ], [ -63.74673, 2.67313 ], [ -63.74676, 2.67315 ], [ -63.74676, 2.67313 ] ], [ [ -63.74693, 2.67311 ], [ -63.74678, 2.67316 ], [ -63.7469, 2.67323 ], [ -63.74693, 2.67311 ] ], [ [ -63.74583, 2.67379 ], [ -63.74629, 2.67402 ], [ -63.74613, 2.67366 ], [ -63.74583, 2.67379 ] ], [ [ -63.74546, 2.67807 ], [ -63.74543, 2.67774 ], [ -63.7451, 2.67799 ], [ -63.74546, 2.67807 ] ], [ [ -63.7458, 2.67814 ], [ -63.74567, 2.678 ], [ -63.74568, 2.67812 ], [ -63.7458, 2.67814 ] ], [ [ -63.70387, 2.67583 ], [ -63.70443, 2.67705 ], [ -63.70681, 2.67506 ], [ -63.70387, 2.67583 ] ] ] } },
{ "type": "Feature", "properties": { "cluster": 77.0, "hvi": 0.1084, "population": 34, "setores": 1, "municipio": "Alto Alegre" }, "geometry": { "type": "Polygon", "coordinates": [ [ [ -63.88379, 2.59904 ], [ -63.88481, 2.59828 ], [ -63.88481, 2.59904 ], [ -63.88379, 2.59904 ] ] ] } },
{ "type": "Feature", "properties": { "cluster": 78.0, "hvi": 0.1069, "population": 28, "setores": 1, "municipio": "Alto Alegre" }, "geometry": { "type": "Polygon", "coordinates": [ [ [ -63.85477, 2.66043 ], [ -63.85772, 2.65996 ], [ -63.85613, 2.66119 ], [ -63.85477, 2.66043 ] ] ] } },
{ "type": "Feature", "properties": { "cluster": 79.0, "hvi": 0.11, "population": 47, "setores": 1, "municipio": "Alto Alegre" }, "geometry": { "type": "Polygon", "coordinates": [ [ [ -63.85623, 2.65385 ], [ -63.8585, 2.65268 ], [ -63.85625, 2.65624 ], [ -63.85623, 2.65385 ] ] ] } },
{ "type": "Feature", "properties": { "cluster": 80.0, "hvi": 0.1091, "population": 52, "setores": 1, "municipio": "Alto Alegre" }, "geometry": { "type": "Polygon", "coordinates": [ [ [ -63.88462, 2.6255 ], [ -63.88927, 2.62495 ], [ -63.88926, 2.6294 ], [ -63.88583, 2.62955 ], [ -63.88462, 2.6255 ] ] ] } },
{ "type": "Feature", "properties": { "cluster": 81.0, "hvi": 0.1117, "population": 80, "setores": 1, "municipio": "Alto Alegre" }, "geometry": { "type": "Polygon", "coordinates": [ [ [ -63.83198, 2.67207 ], [ -63.83938, 2.67924 ], [ -63.83831, 2.67999 ], [ -63.83198, 2.67207 ] ] ] } },
{ "type": "Feature", "properties": { "cluster": 82.0, "hvi": 0.1618, "population": 0, "setores": 1, "municipio": "Alto Alegre" }, "geometry": { "type": "Polygon", "coordinates": [ [ [ -62.9051, 2.76056 ], [ -62.90493, 2.76065 ], [ -62.90494, 2.76055 ], [ -62.9051, 2.76056 ] ] ] } },
{ "type": "Feature", "properties": { "cluster": 83.0, "hvi": 0.1089, "population": 27, "setores": 1, "municipio": "Alto Alegre" }, "geometry": { "type": "Polygon", "coordinates": [ [ [ -63.68302, 2.88021 ], [ -63.68205, 2.88123 ], [ -63.68156, 2.8803 ], [ -63.68302, 2.88021 ] ] ] } },
{ "type": "Feature", "properties": { "cluster": 84.0, "hvi": 0.1079, "population": 32, "setores": 1, "municipio": "Alto Alegre" }, "geometry": { "type": "Polygon", "coordinates": [ [ [ -63.58249, 2.8716 ], [ -63.58133, 2.87246 ], [ -63.5813, 2.87146 ], [ -63.58249, 2.8716 ] ] ] } },
{ "type": "Feature", "properties": { "cluster": 85.0, "hvi": 0.1073, "population": 37, "setores": 1, "municipio": "Alto Alegre" }, "geometry": { "type": "Polygon", "coordinates": [ [ [ -63.41917, 3.05185 ], [ -63.41824, 3.05411 ], [ -63.4175, 3.05235 ], [ -63.41917, 3.05185 ] ] ] } },
{ "type": "Feature", "properties": { "cluster": 86.0, "hvi": 0.1618, "population": 0, "setores": 1, "municipio": "Alto Alegre" }, "geometry": { "type": "Polygon", "coordinates": [ [ [ -63.00618, 3.34691 ], [ -63.00671, 3.34807 ], [ -63.00569, 3.34733 ], [ -63.00618, 3.34691 ] ] ] } },
{ "type": "Feature", "properties": { "cluster": 87.0, "hvi": 0.1618, "population": 0, "setores": 1, "municipio": "Alto Alegre" }, "geometry": { "type": "Polygon", "coordinates": [ [ [ -63.11519, 3.26718 ], [ -63.11401, 3.26754 ], [ -63.11421, 3.26679 ], [ -63.11519, 3.26718 ] ] ] } },
{ "type": "Feature", "properties": { "cluster": 88.0, "hvi": 0.1618, "population": 0, "setores": 1, "municipio": "Alto Alegre" }, "geometry": { "type": "Polygon", "coordinates": [ [ [ -63.18896, 3.22476 ], [ -63.19048, 3.22458 ], [ -63.18985, 3.22546 ], [ -63.18896, 3.22476 ] ] ] } },
{ "type": "Feature", "properties": { "cluster": 89.0, "hvi": 0.1391, "population": 442, "setores": 1, "municipio": "Alto Alegre" }, "geometry": { "type": "Polygon", "coordinates": [ [ [ -63.73833, 3.19844 ], [ -63.73554, 3.19812 ], [ -63.73495, 3.19595 ], [ -63.73842, 3.19534 ], [ -63.73833, 3.19844 ] ] ] } },
{ "type": "Feature", "properties": { "cluster": 90.0, "hvi": 0.1083, "population": 49, "setores": 1, "municipio": "Alto Alegre" }, "geometry": { "type": "Polygon", "coordinates": [ [ [ -63.6996, 2.82124 ], [ -63.69901, 2.82398 ], [ -63.69616, 2.82358 ], [ -63.69642, 2.82052 ], [ -63.6996, 2.82124 ] ] ] } },
{ "type": "Feature", "properties": { "cluster": 91.0, "hvi": 0.1154, "population": 2453, "setores": 4, "municipio": "Boa Vista" }, "geometry": { "type": "MultiPolygon", "coordinates": [ [ [ [ -60.68334, 2.80735 ], [ -60.68079, 2.81185 ], [ -60.68015, 2.80701 ], [ -60.68334, 2.80735 ] ] ], [ [ [ -60.6759, 2.80774 ], [ -60.6785, 2.80881 ], [ -60.67508, 2.81278 ], [ -60.68006, 2.81818 ], [ -60.67428, 2.81519 ], [ -60.67087, 2.81898 ], [ -60.67152, 2.8148 ], [ -60.6739, 2.8121 ], [ -60.67268, 2.8114 ], [ -60.6759, 2.80774 ] ], [ [ -60.67392, 2.81211 ], [ -60.67412, 2.81386 ], [ -60.67508, 2.81278 ], [ -60.67392, 2.81211 ] ] ] ] } },
{ "type": "Feature", "properties": { "cluster": 92.0, "hvi": 0.1001, "population": 3286, "setores": 13, "municipio": "Boa Vista" }, "geometry": { "type": "MultiPolygon", "coordinates": [ [ [ [ -60.67019, 2.81054 ], [ -60.67392, 2.81208 ], [ -60.67152, 2.8148 ], [ -60.67019, 2.81054 ] ] ], [ [ [ -60.67771, 2.81731 ], [ -60.67632, 2.82459 ], [ -60.67718, 2.82536 ], [ -60.67555, 2.82626 ], [ -60.67839, 2.82645 ], [ -60.67088, 2.82863 ], [ -60.67314, 2.8226 ], [ -60.67249, 2.82219 ], [ -60.66917, 2.82803 ], [ -60.66484, 2.82446 ], [ -60.66092, 2.82891 ], [ -60.65776, 2.82603 ], [ -60.66425, 2.81932 ], [ -60.66749, 2.81941 ], [ -60.66919, 2.81945 ], [ -60.66784, 2.82049 ], [ -60.67336, 2.82014 ], [ -60.67176, 2.8186 ], [ -60.67433, 2.81559 ], [ -60.67681, 2.81795 ], [ -60.67566, 2.81897 ], [ -60.67771, 2.81731 ] ], [ [ -60.67342, 2.82019 ], [ -60.67161, 2.82142 ], [ -60.67213, 2.82184 ], [ -60.67342, 2.82019 ] ] ], [ [ [ -60.66857, 2.81741 ], [ -60.66715, 2.81619 ], [ -60.67048, 2.81389 ], [ -60.67247, 2.81571 ], [ -60.66749, 2.81941 ], [ -60.66857, 2.81741 ] ] ], [ [ [ -60.68013, 2.82364 ], [ -60.68766, 2.82636 ], [ -60.68636, 2.8308 ], [ -60.68724, 2.82856 ], [ -60.69165, 2.83029 ], [ -60.68617, 2.8334 ], [ -60.68351, 2.82953 ], [ -60.68024, 2.82807 ], [ -60.68013, 2.82364 ] ] ] ] } },
{ "type": "Feature", "properties": { "cluster": 93.0, "hvi": 0.1051, "population": 202, "setores": 1, "municipio": "Boa Vista" }, "geometry": { "type": "Polygon", "coordinates": [ [ [ -60.66425, 2.81932 ], [ -60.66739, 2.81429 ], [ -60.66942, 2.81199 ], [ -60.66896, 2.81774 ], [ -60.66425, 2.81932 ] ] ] } },
{ "type": "Feature", "properties": { "cluster": 94.0, "hvi": 0.1384, "population": 2098, "setores": 2, "municipio": "Boa Vista" }, "geometry": { "type": "MultiPolygon", "coordinates": [ [ [ [ -60.67197, 2.80371 ], [ -60.67584, 2.79869 ], [ -60.68125, 2.8017 ], [ -60.67752, 2.80586 ], [ -60.67197, 2.80371 ] ] ], [ [ [ -60.67197, 2.80371 ], [ -60.67664, 2.80688 ], [ -60.67268, 2.8114 ], [ -60.67019, 2.81054 ], [ -60.67197, 2.80371 ] ] ] ] } },
{ "type": "Feature", "properties": { "cluster": 95.0, "hvi": 0.1191, "population": 2753, "setores": 4, "municipio": "Boa Vista" }, "geometry": { "type": "MultiPolygon", "coordinates": [ [ [ [ -60.68289, 2.80256 ], [ -60.68234, 2.79866 ], [ -60.68456, 2.8006 ], [ -60.68289, 2.80256 ] ] ], [ [ [ -60.68189, 2.80441 ], [ -60.68358, 2.80512 ], [ -60.68115, 2.80791 ], [ -60.67713, 2.80835 ], [ -60.68125, 2.8017 ], [ -60.68289, 2.80256 ], [ -60.68365, 2.80296 ], [ -60.68189, 2.80441 ] ] ], [ [ [ -60.67664, 2.80688 ], [ -60.675, 2.80362 ], [ -60.67752, 2.80587 ], [ -60.67664, 2.80688 ] ] ] ] } },
{ "type": "Feature", "properties": { "cluster": 96.0, "hvi": 0.1628, "population": 2253, "setores": 2, "municipio": "Boa Vista" }, "geometry": { "type": "MultiPolygon", "coordinates": [ [ [ [ -60.68038, 2.79045 ], [ -60.68328, 2.79143 ], [ -60.68281, 2.79793 ], [ -60.67754, 2.7961 ], [ -60.68038, 2.79045 ] ] ], [ [ [ -60.67754, 2.7961 ], [ -60.68265, 2.798 ], [ -60.6811, 2.80156 ], [ -60.67584, 2.79869 ], [ -60.67754, 2.7961 ] ] ] ] } },
{ "type": "Feature", "properties": { "cluster": 97.0, "hvi": 0.1095, "population": 2103, "setores": 6, "municipio": "Boa Vista" }, "geometry": { "type": "MultiPolygon", "coordinates": [ [ [ [ -60.68328, 2.79143 ], [ -60.68907, 2.79881 ], [ -60.68313, 2.79507 ], [ -60.68328, 2.79143 ] ] ], [ [ [ -60.69106, 2.79647 ], [ -60.69314, 2.79815 ], [ -60.68973, 2.79805 ], [ -60.69105, 2.79648 ], [ -60.68907, 2.79881 ], [ -60.68509, 2.79307 ], [ -60.68701, 2.7954 ], [ -60.69162, 2.79582 ], [ -60.69106, 2.79647 ] ] ], [ [ [ -60.68667, 2.79816 ], [ -60.68456, 2.8006 ], [ -60.68313, 2.79507 ], [ -60.68667, 2.79816 ] ] ], [ [ [ -60.68973, 2.79805 ], [ -60.69179, 2.80025 ], [ -60.68977, 2.80186 ], [ -60.68909, 2.7988 ], [ -60.69027, 2.79943 ], [ -60.68973, 2.79805 ] ] ] ] } },
{ "type": "Feature", "properties": { "cluster": 98.0, "hvi": 0.1304, "population": 2888, "setores": 3, "municipio": "Boa Vista" }, "geometry": { "type": "MultiPolygon", "coordinates": [ [ [ [ -60.71623, 2.79125 ], [ -60.71838, 2.79161 ], [ -60.7202, 2.79312 ], [ -60.71737, 2.80227 ], [ -60.71335, 2.80103 ], [ -60.71623, 2.79125 ] ] ], [ [ [ -60.71846, 2.80311 ], [ -60.71541, 2.8086 ], [ -60.717, 2.8025 ], [ -60.71846, 2.80311 ] ] ] ] } },
{ "type": "Feature", "properties": { "cluster": 99.0, "hvi": 0.1276, "population": 2669, "setores": 3, "municipio": "Boa Vista" }, "geometry": { "type": "Polygon", "coordinates": [ [ [ -60.72088, 2.82896 ], [ -60.7236, 2.82722 ], [ -60.7231, 2.83427 ], [ -60.72123, 2.83918 ], [ -60.71484, 2.84076 ], [ -60.71294, 2.83705 ], [ -60.7158, 2.8356 ], [ -60.71544, 2.83778 ], [ -60.72048, 2.83366 ], [ -60.72088, 2.82896 ] ] ] } },
{ "type": "Feature", "properties": { "cluster": 100.0, "hvi": 0.1163, "population": 1988, "setores": 3, "municipio": "Boa Vista" }, "geometry": { "type": "MultiPolygon", "coordinates": [ [ [ [ -60.72753, 2.8407 ], [ -60.72799, 2.83543 ], [ -60.72858, 2.83915 ], [ -60.72878, 2.83565 ], [ -60.73083, 2.83611 ], [ -60.7283, 2.84423 ], [ -60.72853, 2.84007 ], [ -60.72611, 2.84428 ], [ -60.72753, 2.8407 ] ] ], [ [ [ -60.73179, 2.84748 ], [ -60.72776, 2.84517 ], [ -60.7317, 2.84441 ], [ -60.73179, 2.84748 ] ] ] ] } },
{ "type": "Feature", "properties": { "cluster": 101.0, "hvi": 0.1669, "population": 1642, "setores": 1, "municipio": "Boa Vista" }, "geometry": { "type": "Polygon", "coordinates": [ [ [ -60.71484, 2.84076 ], [ -60.71726, 2.8395 ], [ -60.7221, 2.8421 ], [ -60.71847, 2.846 ], [ -60.71484, 2.84076 ] ] ] } },
{ "type": "Feature", "properties": { "cluster": 102.0, "hvi": 0.1201, "population": 2904, "setores": 4, "municipio": "Boa Vista" }, "geometry": { "type": "MultiPolygon", "coordinates": [ [ [ [ -60.72321, 2.84685 ], [ -60.72042, 2.84914 ], [ -60.71847, 2.846 ], [ -60.72051, 2.84432 ], [ -60.72321, 2.84685 ] ] ], [ [ [ -60.72703, 2.84475 ], [ -60.72465, 2.8482 ], [ -60.72935, 2.85261 ], [ -60.72409, 2.84911 ], [ -60.7257, 2.85085 ], [ -60.72285, 2.85308 ], [ -60.72143, 2.85075 ], [ -60.72207, 2.85036 ], [ -60.72042, 2.84914 ], [ -60.72703, 2.84475 ] ], [ [ -60.72438, 2.84858 ], [ -60.72396, 2.84919 ], [ -60.72409, 2.84911 ], [ -60.72438, 2.84858 ] ] ] ] } },
{ "type": "Feature", "properties": { "cluster": 103.0, "hvi": 0.1655, "population": 1465, "setores": 1, "municipio": "Boa Vista" }, "geometry": { "type": "Polygon", "coordinates": [ [ [ -60.72569, 2.8579 ], [ -60.72285, 2.85308 ], [ -60.7257, 2.85085 ], [ -60.72884, 2.85447 ], [ -60.72569, 2.8579 ] ] ] } },
{ "type": "Feature", "properties": { "cluster": 104.0, "hvi": 0.1357, "population": 2724, "setores": 3, "municipio": "Boa Vista" }, "geometry": { "type": "Polygon", "coordinates": [ [ [ -60.66757, 2.85715 ], [ -60.66346, 2.86174 ], [ -60.66086, 2.85944 ], [ -60.65882, 2.86176 ], [ -60.65605, 2.8592 ], [ -60.66107, 2.85348 ], [ -60.66384, 2.85606 ], [ -60.6646, 2.8552 ], [ -60.65833, 2.85108 ], [ -60.66116, 2.8447 ], [ -60.66203, 2.84474 ], [ -60.66935, 2.85832 ], [ -60.66757, 2.85715 ] ] ] } },
{ "type": "Feature", "properties": { "cluster": 105.0, "hvi": 0.1439, "population": 2369, "setores": 2, "municipio": "Boa Vista" }, "geometry": { "type": "Polygon", "coordinates": [ [ [ -60.63607, 2.8633 ], [ -60.64857, 2.84865 ], [ -60.6553, 2.85455 ], [ -60.65343, 2.85684 ], [ -60.65882, 2.86176 ], [ -60.65593, 2.8651 ], [ -60.64625, 2.86562 ], [ -60.63607, 2.8633 ] ] ] } },
{ "type": "Feature", "properties": { "cluster": 106.0, "hvi": 0.1251, "population": 2296, "setores": 3, "municipio": "Boa Vista" }, "geometry": { "type": "MultiPolygon", "coordinates": [ [ [ [ -60.65118, 2.83566 ], [ -60.65568, 2.84052 ], [ -60.6528, 2.84381 ], [ -60.65574, 2.84639 ], [ -60.65126, 2.85096 ], [ -60.64862, 2.84859 ], [ -60.64554, 2.85211 ], [ -60.64059, 2.84683 ], [ -60.65118, 2.83566 ] ] ], [ [ [ -60.62363, 2.85455 ], [ -60.62982, 2.85421 ], [ -60.64023, 2.84653 ], [ -60.64554, 2.85211 ], [ -60.63607, 2.8633 ], [ -60.62231, 2.85857 ], [ -60.62363, 2.85455 ] ] ] ] } },
{ "type": "Feature", "properties": { "cluster": 107.0, "hvi": 0.1024, "population": 2446, "setores": 7, "municipio": "Boa Vista" }, "geometry": { "type": "MultiPolygon", "coordinates": [ [ [ [ -60.66758, 2.82691 ], [ -60.66638, 2.82827 ], [ -60.67177, 2.82878 ], [ -60.67128, 2.83253 ], [ -60.66869, 2.82898 ], [ -60.67151, 2.83526 ], [ -60.66967, 2.83364 ], [ -60.67225, 2.84098 ], [ -60.66848, 2.83866 ], [ -60.66966, 2.83363 ], [ -60.66513, 2.82968 ], [ -60.66367, 2.83133 ], [ -60.66092, 2.82891 ], [ -60.66486, 2.82445 ], [ -60.66758, 2.82691 ] ] ], [ [ [ -60.6794, 2.83711 ], [ -60.67537, 2.83867 ], [ -60.67397, 2.83387 ], [ -60.67689, 2.83323 ], [ -60.6794, 2.83711 ] ] ], [ [ [ -60.67393, 2.834 ], [ -60.67537, 2.83867 ], [ -60.67151, 2.83526 ], [ -60.67181, 2.83342 ], [ -60.67393, 2.834 ] ] ], [ [ [ -60.66826, 2.83954 ], [ -60.67145, 2.84144 ], [ -60.66724, 2.84376 ], [ -60.66826, 2.83954 ] ] ] ] } },
{ "type": "Feature", "properties": { "cluster": 108.0, "hvi": 0.1112, "population": 2609, "setores": 5, "municipio": "Boa Vista" }, "geometry": { "type": "MultiPolygon", "coordinates": [ [ [ [ -60.68006, 2.81818 ], [ -60.68013, 2.82364 ], [ -60.67839, 2.82645 ], [ -60.67637, 2.82463 ], [ -60.68006, 2.81818 ] ] ], [ [ [ -60.67839, 2.82645 ], [ -60.68617, 2.8334 ], [ -60.6815, 2.83292 ], [ -60.68307, 2.83503 ], [ -60.6794, 2.83711 ], [ -60.67978, 2.83274 ], [ -60.67841, 2.8326 ], [ -60.67891, 2.83363 ], [ -60.67532, 2.83367 ], [ -60.67177, 2.82878 ], [ -60.67621, 2.82808 ], [ -60.67839, 2.82645 ] ] ] ] } },
{ "type": "Feature", "properties": { "cluster": 109.0, "hvi": 0.1216, "population": 2948, "setores": 4, "municipio": "Boa Vista" }, "geometry": { "type": "MultiPolygon", "coordinates": [ [ [ [ -60.68975, 2.82017 ], [ -60.6946, 2.81988 ], [ -60.69552, 2.82242 ], [ -60.68982, 2.82208 ], [ -60.68975, 2.82017 ] ] ], [ [ [ -60.68055, 2.82151 ], [ -60.69322, 2.82231 ], [ -60.69266, 2.82505 ], [ -60.68039, 2.82258 ], [ -60.68055, 2.82151 ] ] ], [ [ [ -60.68039, 2.82258 ], [ -60.69019, 2.8246 ], [ -60.68951, 2.82697 ], [ -60.68013, 2.82364 ], [ -60.68039, 2.82258 ] ] ], [ [ [ -60.69441, 2.82879 ], [ -60.68951, 2.82697 ], [ -60.69315, 2.82515 ], [ -60.69441, 2.82879 ] ] ] ] } },
{ "type": "Feature", "properties": { "cluster": 110.0, "hvi": 0.1115, "population": 1591, "setores": 3, "municipio": "Boa Vista" }, "geometry": { "type": "MultiPolygon", "coordinates": [ [ [ [ -60.69552, 2.82242 ], [ -60.6946, 2.81988 ], [ -60.69754, 2.82254 ], [ -60.69552, 2.82242 ] ] ], [ [ [ -60.69729, 2.82723 ], [ -60.69441, 2.82879 ], [ -60.69266, 2.82505 ], [ -60.69552, 2.82242 ], [ -60.69729, 2.82723 ] ] ], [ [ [ -60.69441, 2.82879 ], [ -60.69165, 2.83029 ], [ -60.68766, 2.82636 ], [ -60.69441, 2.82879 ] ] ] ] } },
{ "type": "Feature", "properties": { "cluster": 111.0, "hvi": 0.1318, "population": 945, "setores": 1, "municipio": "Boa Vista" }, "geometry": { "type": "Polygon", "coordinates": [ [ [ -60.68055, 2.82151 ], [ -60.68006, 2.81818 ], [ -60.68561, 2.81859 ], [ -60.68575, 2.82184 ], [ -60.68055, 2.82151 ] ] ] } },
{ "type": "Feature", "properties": { "cluster": 112.0, "hvi": 0.1046, "population": 1703, "setores": 5, "municipio": "Boa Vista" }, "geometry": { "type": "MultiPolygon", "coordinates": [ [ [ [ -60.68488, 2.8036 ], [ -60.68358, 2.80512 ], [ -60.68365, 2.80295 ], [ -60.68488, 2.8036 ] ] ], [ [ [ -60.68694, 2.8047 ], [ -60.68288, 2.80942 ], [ -60.68488, 2.8036 ], [ -60.68694, 2.8047 ] ] ], [ [ [ -60.68079, 2.81185 ], [ -60.67832, 2.81464 ], [ -60.67508, 2.81278 ], [ -60.6785, 2.80881 ], [ -60.68079, 2.81185 ] ] ], [ [ [ -60.68006, 2.81818 ], [ -60.68079, 2.81185 ], [ -60.68428, 2.81652 ], [ -60.68006, 2.81818 ] ] ], [ [ [ -60.69218, 2.81348 ], [ -60.69398, 2.81828 ], [ -60.68698, 2.81718 ], [ -60.68575, 2.82184 ], [ -60.68561, 2.81859 ], [ -60.68168, 2.81756 ], [ -60.69218, 2.81348 ] ] ] ] } },
{ "type": "Feature", "properties": { "cluster": 113.0, "hvi": 0.1144, "population": 3404, "setores": 6, "municipio": "Boa Vista" }, "geometry": { "type": "MultiPolygon", "coordinates": [ [ [ [ -60.69728, 2.80504 ], [ -60.6947, 2.80904 ], [ -60.69402, 2.80616 ], [ -60.69241, 2.80577 ], [ -60.6941, 2.80229 ], [ -60.69728, 2.80504 ] ] ], [ [ [ -60.68946, 2.80664 ], [ -60.69036, 2.80562 ], [ -60.6947, 2.80904 ], [ -60.69495, 2.81233 ], [ -60.68374, 2.81565 ], [ -60.68079, 2.81185 ], [ -60.68694, 2.8047 ], [ -60.68946, 2.80664 ] ], [ [ -60.68381, 2.81027 ], [ -60.68377, 2.81308 ], [ -60.6852, 2.81146 ], [ -60.68381, 2.81027 ] ] ] ] } },
{ "type": "Feature", "properties": { "cluster": 114.0, "hvi": 0.1307, "population": 923, "setores": 1, "municipio": "Boa Vista" }, "geometry": { "type": "Polygon", "coordinates": [ [ [ -60.69495, 2.81233 ], [ -60.69702, 2.80666 ], [ -60.69885, 2.80836 ], [ -60.69495, 2.81233 ] ] ] } },
{ "type": "Feature", "properties": { "cluster": 115.0, "hvi": 0.1523, "population": 2071, "setores": 2, "municipio": "Boa Vista" }, "geometry": { "type": "MultiPolygon", "coordinates": [ [ [ [ -60.69825, 2.79625 ], [ -60.70162, 2.79725 ], [ -60.70092, 2.80571 ], [ -60.6961, 2.80004 ], [ -60.69825, 2.79625 ] ] ], [ [ [ -60.6941, 2.80229 ], [ -60.6961, 2.80004 ], [ -60.70143, 2.80652 ], [ -60.69647, 2.80722 ], [ -60.6941, 2.80229 ] ] ] ] } },
{ "type": "Feature", "properties": { "cluster": 116.0, "hvi": 0.1237, "population": 3924, "setores": 5, "municipio": "Boa Vista" }, "geometry": { "type": "MultiPolygon", "coordinates": [ [ [ [ -60.70706, 2.80701 ], [ -60.70739, 2.80962 ], [ -60.7037, 2.80703 ], [ -60.70706, 2.80701 ] ] ], [ [ [ -60.7039, 2.80866 ], [ -60.70108, 2.81334 ], [ -60.70081, 2.80908 ], [ -60.69631, 2.81227 ], [ -60.69825, 2.81639 ], [ -60.69385, 2.81793 ], [ -60.69218, 2.81348 ], [ -60.70143, 2.80652 ], [ -60.7037, 2.80703 ], [ -60.70209, 2.80817 ], [ -60.7039, 2.80866 ] ] ], [ [ [ -60.69631, 2.81227 ], [ -60.69954, 2.81057 ], [ -60.70108, 2.81334 ], [ -60.69798, 2.81506 ], [ -60.69631, 2.81227 ] ] ], [ [ [ -60.69825, 2.81639 ], [ -60.7018, 2.81293 ], [ -60.70321, 2.81545 ], [ -60.69825, 2.81639 ] ] ] ] } },
{ "type": "Feature", "properties": { "cluster": 117.0, "hvi": 0.1103, "population": 1626, "setores": 3, "municipio": "Boa Vista" }, "geometry": { "type": "MultiPolygon", "coordinates": [ [ [ [ -60.70403, 2.80969 ], [ -60.70739, 2.80962 ], [ -60.70771, 2.81201 ], [ -60.70403, 2.80969 ] ] ], [ [ [ -60.71039, 2.81315 ], [ -60.70632, 2.81448 ], [ -60.71024, 2.81194 ], [ -60.71039, 2.81315 ] ] ], [ [ [ -60.70784, 2.81323 ], [ -60.70469, 2.81451 ], [ -60.70436, 2.81211 ], [ -60.70771, 2.81201 ], [ -60.70784, 2.81323 ] ] ] ] } },
{ "type": "Feature", "properties": { "cluster": 118.0, "hvi": 0.1268, "population": 2537, "setores": 3, "municipio": "Boa Vista" }, "geometry": { "type": "MultiPolygon", "coordinates": [ [ [ [ -60.71005, 2.8075 ], [ -60.71108, 2.80418 ], [ -60.71625, 2.80543 ], [ -60.71411, 2.80819 ], [ -60.71673, 2.8083 ], [ -60.71705, 2.81058 ], [ -60.71187, 2.81071 ], [ -60.71153, 2.80809 ], [ -60.71214, 2.80811 ], [ -60.71005, 2.8075 ] ] ], [ [ [ -60.71054, 2.80767 ], [ -60.70941, 2.81196 ], [ -60.70706, 2.80701 ], [ -60.71054, 2.80767 ] ] ] ] } },
{ "type": "Feature", "properties": { "cluster": 119.0, "hvi": 0.125, "population": 1682, "setores": 2, "municipio": "Boa Vista" }, "geometry": { "type": "Polygon", "coordinates": [ [ [ -60.72724, 2.80806 ], [ -60.72764, 2.81125 ], [ -60.72074, 2.81171 ], [ -60.72038, 2.80867 ], [ -60.72724, 2.80806 ] ] ] } },
{ "type": "Feature", "properties": { "cluster": 120.0, "hvi": 0.1075, "population": 955, "setores": 2, "municipio": "Boa Vista" }, "geometry": { "type": "Polygon", "coordinates": [ [ [ -60.72808, 2.8146 ], [ -60.72849, 2.81759 ], [ -60.7242, 2.81791 ], [ -60.72297, 2.81491 ], [ -60.72618, 2.8159 ], [ -60.72808, 2.8146 ] ] ] } },
{ "type": "Feature", "properties": { "cluster": 121.0, "hvi": 0.1143, "population": 2482, "setores": 4, "municipio": "Boa Vista" }, "geometry": { "type": "MultiPolygon", "coordinates": [ [ [ [ -60.72796, 2.81366 ], [ -60.72107, 2.81414 ], [ -60.72074, 2.81171 ], [ -60.72764, 2.81125 ], [ -60.72796, 2.81366 ] ] ], [ [ [ -60.72808, 2.8146 ], [ -60.72297, 2.81492 ], [ -60.7242, 2.81791 ], [ -60.72154, 2.81807 ], [ -60.72296, 2.81492 ], [ -60.7212, 2.81503 ], [ -60.72796, 2.81366 ], [ -60.72808, 2.8146 ] ] ] ] } },
{ "type": "Feature", "properties": { "cluster": 122.0, "hvi": 0.1305, "population": 2808, "setores": 3, "municipio": "Boa Vista" }, "geometry": { "type": "MultiPolygon", "coordinates": [ [ [ [ -60.7212, 2.81503 ], [ -60.72126, 2.82252 ], [ -60.7189, 2.82243 ], [ -60.71756, 2.81422 ], [ -60.7212, 2.81503 ] ] ], [ [ [ -60.72503, 2.81785 ], [ -60.72484, 2.82131 ], [ -60.72138, 2.82104 ], [ -60.72154, 2.81807 ], [ -60.72503, 2.81785 ] ] ] ] } },
{ "type": "Feature", "properties": { "cluster": 123.0, "hvi": 0.1182, "population": 2067, "setores": 3, "municipio": "Boa Vista" }, "geometry": { "type": "Polygon", "coordinates": [ [ [ -60.72849, 2.81759 ], [ -60.73001, 2.81749 ], [ -60.73038, 2.82733 ], [ -60.72817, 2.823 ], [ -60.72138, 2.82104 ], [ -60.72826, 2.82149 ], [ -60.72849, 2.81759 ] ] ] } },
{ "type": "Feature", "properties": { "cluster": 124.0, "hvi": 0.1257, "population": 2498, "setores": 3, "municipio": "Boa Vista" }, "geometry": { "type": "Polygon", "coordinates": [ [ [ -60.73038, 2.82733 ], [ -60.73118, 2.82356 ], [ -60.73067, 2.8309 ], [ -60.72768, 2.83028 ], [ -60.72786, 2.82752 ], [ -60.72275, 2.82716 ], [ -60.72294, 2.82457 ], [ -60.72117, 2.82404 ], [ -60.72126, 2.82252 ], [ -60.72817, 2.823 ], [ -60.72796, 2.82608 ], [ -60.73038, 2.82733 ] ], [ [ -60.72702, 2.8258 ], [ -60.72786, 2.82751 ], [ -60.72796, 2.82608 ], [ -60.72702, 2.8258 ] ] ] } },
{ "type": "Feature", "properties": { "cluster": 125.0, "hvi": 0.131, "population": 1886, "setores": 2, "municipio": "Boa Vista" }, "geometry": { "type": "Polygon", "coordinates": [ [ [ -60.72108, 2.82554 ], [ -60.72048, 2.83366 ], [ -60.71716, 2.83289 ], [ -60.7194, 2.8255 ], [ -60.72108, 2.82553 ], [ -60.72117, 2.82404 ], [ -60.72297, 2.82414 ], [ -60.72275, 2.82716 ], [ -60.72088, 2.82896 ], [ -60.72108, 2.82554 ] ] ] } },
{ "type": "Feature", "properties": { "cluster": 126.0, "hvi": 0.1368, "population": 2163, "setores": 2, "municipio": "Boa Vista" }, "geometry": { "type": "MultiPolygon", "coordinates": [ [ [ [ -60.7236, 2.82722 ], [ -60.7253, 2.82731 ], [ -60.72566, 2.83487 ], [ -60.7231, 2.83427 ], [ -60.7236, 2.82722 ] ] ], [ [ [ -60.72147, 2.83808 ], [ -60.72117, 2.83492 ], [ -60.72799, 2.83543 ], [ -60.72782, 2.83873 ], [ -60.72147, 2.83808 ] ] ] ] } },
{ "type": "Feature", "properties": { "cluster": 127.0, "hvi": 0.1256, "population": 861, "setores": 1, "municipio": "Boa Vista" }, "geometry": { "type": "Polygon", "coordinates": [ [ [ -60.72728, 2.83526 ], [ -60.7253, 2.82731 ], [ -60.72787, 2.82752 ], [ -60.72728, 2.83526 ] ] ] } },
{ "type": "Feature", "properties": { "cluster": 128.0, "hvi": 0.1526, "population": 2698, "setores": 2, "municipio": "Boa Vista" }, "geometry": { "type": "MultiPolygon", "coordinates": [ [ [ [ -60.71149, 2.83951 ], [ -60.70635, 2.84717 ], [ -60.70509, 2.84563 ], [ -60.70526, 2.84084 ], [ -60.71149, 2.83951 ] ] ], [ [ [ -60.70712, 2.84603 ], [ -60.71139, 2.83967 ], [ -60.71311, 2.84299 ], [ -60.70814, 2.85001 ], [ -60.70712, 2.84603 ] ] ] ] } },
{ "type": "Feature", "properties": { "cluster": 129.0, "hvi": 0.1069, "population": 2832, "setores": 8, "municipio": "Boa Vista" }, "geometry": { "type": "MultiPolygon", "coordinates": [ [ [ [ -60.70695, 2.83056 ], [ -60.70535, 2.82885 ], [ -60.70618, 2.82852 ], [ -60.70695, 2.83056 ] ] ], [ [ [ -60.70378, 2.83488 ], [ -60.70371, 2.82983 ], [ -60.70905, 2.83104 ], [ -60.71009, 2.83297 ], [ -60.70378, 2.83488 ] ] ], [ [ [ -60.71209, 2.83747 ], [ -60.7098, 2.83308 ], [ -60.71083, 2.83277 ], [ -60.71209, 2.83747 ] ] ], [ [ [ -60.71209, 2.83747 ], [ -60.70445, 2.84111 ], [ -60.70429, 2.83967 ], [ -60.70291, 2.84182 ], [ -60.70073, 2.83611 ], [ -60.7098, 2.83308 ], [ -60.71069, 2.83479 ], [ -60.70732, 2.83513 ], [ -60.71209, 2.83747 ] ] ], [ [ [ -60.69502, 2.84397 ], [ -60.70232, 2.8403 ], [ -60.7028, 2.84575 ], [ -60.69561, 2.85074 ], [ -60.69502, 2.84397 ] ] ], [ [ [ -60.70256, 2.85271 ], [ -60.70526, 2.84084 ], [ -60.70635, 2.84717 ], [ -60.70256, 2.85271 ] ] ] ] } },
{ "type": "Feature", "properties": { "cluster": 130.0, "hvi": 0.1405, "population": 2184, "setores": 2, "municipio": "Boa Vista" }, "geometry": { "type": "Polygon", "coordinates": [ [ [ -60.69619, 2.82417 ], [ -60.70853, 2.82652 ], [ -60.71, 2.83123 ], [ -60.70318, 2.82967 ], [ -60.6989, 2.83129 ], [ -60.69619, 2.82417 ] ] ] } },
{ "type": "Feature", "properties": { "cluster": 131.0, "hvi": 0.1388, "population": 1069, "setores": 1, "municipio": "Boa Vista" }, "geometry": { "type": "Polygon", "coordinates": [ [ [ -60.6989, 2.83129 ], [ -60.70371, 2.82983 ], [ -60.70378, 2.83488 ], [ -60.70073, 2.83611 ], [ -60.6989, 2.83129 ] ] ] } },
{ "type": "Feature", "properties": { "cluster": 132.0, "hvi": 0.116, "population": 2536, "setores": 4, "municipio": "Boa Vista" }, "geometry": { "type": "MultiPolygon", "coordinates": [ [ [ [ -60.67369, 2.84022 ], [ -60.67646, 2.84544 ], [ -60.67365, 2.84676 ], [ -60.67094, 2.84175 ], [ -60.67369, 2.84022 ] ] ], [ [ [ -60.67257, 2.84471 ], [ -60.67365, 2.84676 ], [ -60.67085, 2.84814 ], [ -60.66819, 2.84326 ], [ -60.67094, 2.84175 ], [ -60.67257, 2.84471 ] ] ] ] } },
{ "type": "Feature", "properties": { "cluster": 133.0, "hvi": 0.1351, "population": 1988, "setores": 2, "municipio": "Boa Vista" }, "geometry": { "type": "MultiPolygon", "coordinates": [ [ [ [ -60.67085, 2.84814 ], [ -60.66564, 2.85074 ], [ -60.66724, 2.84376 ], [ -60.67085, 2.84814 ] ] ], [ [ [ -60.66724, 2.84376 ], [ -60.6655, 2.85123 ], [ -60.66282, 2.84622 ], [ -60.66724, 2.84376 ] ] ] ] } },
{ "type": "Feature", "properties": { "cluster": 134.0, "hvi": 0.1319, "population": 2789, "setores": 3, "municipio": "Boa Vista" }, "geometry": { "type": "MultiPolygon", "coordinates": [ [ [ [ -60.66367, 2.83133 ], [ -60.66513, 2.82967 ], [ -60.66966, 2.83362 ], [ -60.66884, 2.83708 ], [ -60.66511, 2.8397 ], [ -60.66528, 2.83313 ], [ -60.66367, 2.83133 ] ] ], [ [ [ -60.66517, 2.83713 ], [ -60.66082, 2.83462 ], [ -60.66367, 2.83133 ], [ -60.66517, 2.83713 ] ] ] ] } },
{ "type": "Feature", "properties": { "cluster": 135.0, "hvi": 0.1282, "population": 2540, "setores": 3, "municipio": "Boa Vista" }, "geometry": { "type": "Polygon", "coordinates": [ [ [ -60.65776, 2.82603 ], [ -60.66367, 2.83133 ], [ -60.66042, 2.83507 ], [ -60.66082, 2.83462 ], [ -60.66517, 2.83713 ], [ -60.66514, 2.83969 ], [ -60.66848, 2.83866 ], [ -60.66724, 2.84376 ], [ -60.66501, 2.84501 ], [ -60.66508, 2.84163 ], [ -60.65914, 2.83654 ], [ -60.65568, 2.84052 ], [ -60.65118, 2.83566 ], [ -60.65776, 2.82603 ] ] ] } },
{ "type": "Feature", "properties": { "cluster": 136.0, "hvi": 0.1225, "population": 751, "setores": 1, "municipio": "Boa Vista" }, "geometry": { "type": "Polygon", "coordinates": [ [ [ -60.67194, 2.83562 ], [ -60.67583, 2.83909 ], [ -60.67225, 2.84098 ], [ -60.67087, 2.83967 ], [ -60.67194, 2.83562 ] ] ] } },
{ "type": "Feature", "properties": { "cluster": 137.0, "hvi": 0.1209, "population": 2585, "setores": 4, "municipio": "Boa Vista" }, "geometry": { "type": "Polygon", "coordinates": [ [ [ -60.71705, 2.81058 ], [ -60.71753, 2.81184 ], [ -60.72074, 2.81171 ], [ -60.7212, 2.81503 ], [ -60.71766, 2.8122 ], [ -60.71843, 2.8142 ], [ -60.71756, 2.81422 ], [ -60.71813, 2.81829 ], [ -60.71606, 2.81562 ], [ -60.71631, 2.81731 ], [ -60.71546, 2.81736 ], [ -60.71597, 2.81551 ], [ -60.71501, 2.81427 ], [ -60.71674, 2.81423 ], [ -60.71236, 2.81432 ], [ -60.71187, 2.81071 ], [ -60.71705, 2.81058 ] ] ] } },
{ "type": "Feature", "properties": { "cluster": 138.0, "hvi": 0.1181, "population": 2768, "setores": 4, "municipio": "Boa Vista" }, "geometry": { "type": "MultiPolygon", "coordinates": [ [ [ [ -60.71305, 2.82357 ], [ -60.70961, 2.82334 ], [ -60.70949, 2.81889 ], [ -60.71827, 2.81828 ], [ -60.7178, 2.82085 ], [ -60.7167, 2.82079 ], [ -60.71897, 2.82095 ], [ -60.7148, 2.82213 ], [ -60.71489, 2.82069 ], [ -60.71298, 2.82058 ], [ -60.71305, 2.82357 ] ] ], [ [ [ -60.71711, 2.82232 ], [ -60.72126, 2.82252 ], [ -60.72108, 2.82553 ], [ -60.71752, 2.82541 ], [ -60.71711, 2.82232 ] ] ] ] } },
{ "type": "Feature", "properties": { "cluster": 139.0, "hvi": 0.1098, "population": 1031, "setores": 2, "municipio": "Boa Vista" }, "geometry": { "type": "MultiPolygon", "coordinates": [ [ [ [ -60.71298, 2.82058 ], [ -60.7149, 2.82066 ], [ -60.71585, 2.82374 ], [ -60.71298, 2.82058 ] ] ], [ [ [ -60.71305, 2.82357 ], [ -60.71289, 2.82538 ], [ -60.706, 2.82482 ], [ -60.71305, 2.82357 ] ] ] ] } },
{ "type": "Feature", "properties": { "cluster": 140.0, "hvi": 0.1166, "population": 2011, "setores": 3, "municipio": "Boa Vista" }, "geometry": { "type": "Polygon", "coordinates": [ [ [ -60.71305, 2.82357 ], [ -60.71711, 2.82232 ], [ -60.71752, 2.82539 ], [ -60.7194, 2.8255 ], [ -60.71848, 2.82854 ], [ -60.7175, 2.82735 ], [ -60.71834, 2.8313 ], [ -60.71633, 2.83269 ], [ -60.71627, 2.82684 ], [ -60.71712, 2.8269 ], [ -60.71578, 2.82529 ], [ -60.71747, 2.82539 ], [ -60.71305, 2.82357 ] ] ] } },
{ "type": "Feature", "properties": { "cluster": 141.0, "hvi": 0.1327, "population": 2931, "setores": 3, "municipio": "Boa Vista" }, "geometry": { "type": "MultiPolygon", "coordinates": [ [ [ [ -60.71289, 2.82538 ], [ -60.71578, 2.82529 ], [ -60.71671, 2.83124 ], [ -60.71397, 2.83214 ], [ -60.71, 2.83123 ], [ -60.70853, 2.82652 ], [ -60.71323, 2.82748 ], [ -60.71289, 2.82538 ] ] ], [ [ [ -60.71991, 2.83352 ], [ -60.71292, 2.83701 ], [ -60.70905, 2.83104 ], [ -60.71991, 2.83352 ] ] ] ] } },
{ "type": "Feature", "properties": { "cluster": 142.0, "hvi": 0.1116, "population": 1130, "setores": 2, "municipio": "Boa Vista" }, "geometry": { "type": "MultiPolygon", "coordinates": [ [ [ [ -60.69916, 2.82468 ], [ -60.69936, 2.82266 ], [ -60.70279, 2.82291 ], [ -60.70246, 2.82534 ], [ -60.69916, 2.82468 ] ] ], [ [ [ -60.70279, 2.82291 ], [ -60.70541, 2.82308 ], [ -60.70508, 2.82584 ], [ -60.70279, 2.82291 ] ] ] ] } },
{ "type": "Feature", "properties": { "cluster": 143.0, "hvi": 0.1185, "population": 2756, "setores": 4, "municipio": "Boa Vista" }, "geometry": { "type": "MultiPolygon", "coordinates": [ [ [ [ -60.70096, 2.81948 ], [ -60.69839, 2.81963 ], [ -60.70054, 2.81589 ], [ -60.70096, 2.81948 ] ] ], [ [ [ -60.70535, 2.82124 ], [ -60.70949, 2.81889 ], [ -60.70961, 2.82334 ], [ -60.70541, 2.82308 ], [ -60.70535, 2.82124 ] ] ], [ [ [ -60.70096, 2.81948 ], [ -60.70535, 2.82124 ], [ -60.70194, 2.82285 ], [ -60.70096, 2.81948 ] ] ], [ [ [ -60.70541, 2.82308 ], [ -60.71289, 2.82538 ], [ -60.70508, 2.82584 ], [ -60.70541, 2.82308 ] ] ] ] } },
{ "type": "Feature", "properties": { "cluster": 144.0, "hvi": 0.1217, "population": 2987, "setores": 4, "municipio": "Boa Vista" }, "geometry": { "type": "MultiPolygon", "coordinates": [ [ [ [ -60.69825, 2.81639 ], [ -60.69839, 2.81963 ], [ -60.69385, 2.81793 ], [ -60.69825, 2.81639 ] ] ], [ [ [ -60.69398, 2.81828 ], [ -60.6946, 2.81988 ], [ -60.68769, 2.82195 ], [ -60.68698, 2.81718 ], [ -60.69398, 2.81828 ] ] ], [ [ [ -60.69916, 2.82468 ], [ -60.69641, 2.81974 ], [ -60.69839, 2.81963 ], [ -60.70096, 2.81948 ], [ -60.70194, 2.82285 ], [ -60.69885, 2.82262 ], [ -60.69916, 2.82468 ] ] ] ] } },
{ "type": "Feature", "properties": { "cluster": 145.0, "hvi": 0.1098, "population": 2568, "setores": 5, "municipio": "Boa Vista" }, "geometry": { "type": "MultiPolygon", "coordinates": [ [ [ [ -60.70419, 2.81095 ], [ -60.70535, 2.82124 ], [ -60.7031, 2.81583 ], [ -60.70419, 2.81095 ] ] ], [ [ [ -60.71293, 2.81866 ], [ -60.70865, 2.81895 ], [ -60.70992, 2.81565 ], [ -60.71293, 2.81866 ] ] ], [ [ [ -60.70361, 2.82121 ], [ -60.70054, 2.81589 ], [ -60.7031, 2.81583 ], [ -60.70361, 2.82121 ] ] ], [ [ [ -60.70784, 2.82126 ], [ -60.7051, 2.81799 ], [ -60.70851, 2.8178 ], [ -60.70784, 2.82126 ] ] ] ] } },
{ "type": "Feature", "properties": { "cluster": 146.0, "hvi": 0.1184, "population": 2779, "setores": 4, "municipio": "Boa Vista" }, "geometry": { "type": "MultiPolygon", "coordinates": [ [ [ [ -60.71203, 2.81188 ], [ -60.70941, 2.81196 ], [ -60.71153, 2.80809 ], [ -60.71203, 2.81188 ] ] ], [ [ [ -60.71203, 2.81188 ], [ -60.71237, 2.81432 ], [ -60.71501, 2.81427 ], [ -60.71558, 2.81845 ], [ -60.71293, 2.81866 ], [ -60.71277, 2.81748 ], [ -60.70871, 2.8132 ], [ -60.71203, 2.81188 ] ] ], [ [ [ -60.70888, 2.81439 ], [ -60.70763, 2.81783 ], [ -60.7051, 2.81799 ], [ -60.70469, 2.81451 ], [ -60.70888, 2.81439 ] ] ] ] } },
{ "type": "Feature", "properties": { "cluster": 147.0, "hvi": 0.1234, "population": 2434, "setores": 3, "municipio": "Boa Vista" }, "geometry": { "type": "MultiPolygon", "coordinates": [ [ [ [ -60.7275, 2.81003 ], [ -60.72858, 2.80996 ], [ -60.73103, 2.81347 ], [ -60.72796, 2.81366 ], [ -60.7275, 2.81003 ] ] ], [ [ [ -60.73386, 2.81725 ], [ -60.72849, 2.81759 ], [ -60.72796, 2.81366 ], [ -60.73386, 2.81725 ] ] ], [ [ [ -60.72849, 2.81759 ], [ -60.72827, 2.82149 ], [ -60.72484, 2.82131 ], [ -60.72503, 2.81785 ], [ -60.72849, 2.81759 ] ] ] ] } },
{ "type": "Feature", "properties": { "cluster": 148.0, "hvi": 0.1092, "population": 2732, "setores": 6, "municipio": "Boa Vista" }, "geometry": { "type": "MultiPolygon", "coordinates": [ [ [ [ -60.73915, 2.80538 ], [ -60.73933, 2.80888 ], [ -60.73579, 2.80892 ], [ -60.73697, 2.80542 ], [ -60.7384, 2.80622 ], [ -60.73915, 2.80538 ] ] ], [ [ [ -60.72858, 2.80996 ], [ -60.72933, 2.80788 ], [ -60.73111, 2.80775 ], [ -60.72858, 2.80996 ] ] ], [ [ [ -60.73324, 2.80898 ], [ -60.73602, 2.8082 ], [ -60.73542, 2.81005 ], [ -60.72834, 2.81032 ], [ -60.73111, 2.80775 ], [ -60.73324, 2.80898 ] ] ], [ [ [ -60.73236, 2.81218 ], [ -60.72913, 2.81073 ], [ -60.73542, 2.81005 ], [ -60.73236, 2.81218 ] ] ] ] } },
{ "type": "Feature", "properties": { "cluster": 149.0, "hvi": 0.142, "population": 2347, "setores": 2, "municipio": "Boa Vista" }, "geometry": { "type": "MultiPolygon", "coordinates": [ [ [ [ -60.72649, 2.78165 ], [ -60.72315, 2.77749 ], [ -60.73782, 2.78822 ], [ -60.72649, 2.78165 ] ] ], [ [ [ -60.7285, 2.78463 ], [ -60.73492, 2.78852 ], [ -60.72743, 2.79458 ], [ -60.7247, 2.79479 ], [ -60.7285, 2.78463 ] ] ] ] } },
{ "type": "Feature", "properties": { "cluster": 150.0, "hvi": 0.1546, "population": 2930, "setores": 2, "municipio": "Boa Vista" }, "geometry": { "type": "MultiPolygon", "coordinates": [ [ [ [ -60.71266, 2.77994 ], [ -60.70698, 2.77831 ], [ -60.7208, 2.7782 ], [ -60.72402, 2.78165 ], [ -60.71266, 2.77994 ] ] ], [ [ [ -60.72463, 2.7823 ], [ -60.7208, 2.7782 ], [ -60.72315, 2.77749 ], [ -60.73371, 2.78769 ], [ -60.72463, 2.7823 ] ] ] ] } },
{ "type": "Feature", "properties": { "cluster": 151.0, "hvi": 0.1092, "population": 2713, "setores": 6, "municipio": "Boa Vista" }, "geometry": { "type": "MultiPolygon", "coordinates": [ [ [ [ -60.72743, 2.79458 ], [ -60.72915, 2.79976 ], [ -60.72492, 2.80229 ], [ -60.72684, 2.7946 ], [ -60.72743, 2.79458 ] ] ], [ [ [ -60.73097, 2.80456 ], [ -60.72915, 2.79976 ], [ -60.73266, 2.80307 ], [ -60.73097, 2.80456 ] ] ], [ [ [ -60.73237, 2.80667 ], [ -60.72719, 2.80685 ], [ -60.72933, 2.80788 ], [ -60.72433, 2.80833 ], [ -60.72397, 2.80562 ], [ -60.72704, 2.8068 ], [ -60.72527, 2.80368 ], [ -60.72794, 2.8011 ], [ -60.73237, 2.80667 ] ] ], [ [ [ -60.73407, 2.80534 ], [ -60.73249, 2.80674 ], [ -60.73375, 2.8075 ], [ -60.7308, 2.80778 ], [ -60.73246, 2.80672 ], [ -60.73266, 2.80307 ], [ -60.73407, 2.80534 ] ] ] ] } },
{ "type": "Feature", "properties": { "cluster": 152.0, "hvi": 0.1433, "population": 2356, "setores": 3, "municipio": "Boa Vista" }, "geometry": { "type": "MultiPolygon", "coordinates": [ [ [ [ -60.73745, 2.80348 ], [ -60.73885, 2.79914 ], [ -60.73966, 2.80197 ], [ -60.74494, 2.80165 ], [ -60.74511, 2.80506 ], [ -60.74062, 2.80529 ], [ -60.73745, 2.80348 ] ] ], [ [ [ -60.74511, 2.80506 ], [ -60.7453, 2.80858 ], [ -60.73933, 2.80888 ], [ -60.73915, 2.80538 ], [ -60.74511, 2.80506 ] ] ] ] } },
{ "type": "Feature", "properties": { "cluster": 153.0, "hvi": 0.1379, "population": 2215, "setores": 2, "municipio": "Boa Vista" }, "geometry": { "type": "Polygon", "coordinates": [ [ [ -60.73965, 2.79703 ], [ -60.74469, 2.79745 ], [ -60.74494, 2.80165 ], [ -60.73896, 2.80201 ], [ -60.73965, 2.79703 ] ] ] } },
{ "type": "Feature", "properties": { "cluster": 154.0, "hvi": 0.1196, "population": 2955, "setores": 4, "municipio": "Boa Vista" }, "geometry": { "type": "MultiPolygon", "coordinates": [ [ [ [ -60.74135, 2.79349 ], [ -60.74027, 2.79566 ], [ -60.74461, 2.79543 ], [ -60.74469, 2.79745 ], [ -60.74025, 2.7957 ], [ -60.73883, 2.79917 ], [ -60.73457, 2.79785 ], [ -60.73645, 2.79156 ], [ -60.74135, 2.79349 ] ] ], [ [ [ -60.74642, 2.79532 ], [ -60.74659, 2.79801 ], [ -60.74461, 2.79543 ], [ -60.74642, 2.79532 ] ] ] ] } },
{ "type": "Feature", "properties": { "cluster": 155.0, "hvi": 0.1136, "population": 1867, "setores": 3, "municipio": "Boa Vista" }, "geometry": { "type": "MultiPolygon", "coordinates": [ [ [ [ -60.73627, 2.78931 ], [ -60.74116, 2.78751 ], [ -60.74268, 2.79403 ], [ -60.74142, 2.79235 ], [ -60.73627, 2.78931 ] ] ], [ [ [ -60.74147, 2.79349 ], [ -60.7379, 2.7919 ], [ -60.73492, 2.78852 ], [ -60.74147, 2.79349 ] ] ] ] } },
{ "type": "Feature", "properties": { "cluster": 156.0, "hvi": 0.1317, "population": 2709, "setores": 3, "municipio": "Boa Vista" }, "geometry": { "type": "MultiPolygon", "coordinates": [ [ [ [ -60.7453, 2.80858 ], [ -60.74558, 2.81327 ], [ -60.74271, 2.81224 ], [ -60.74228, 2.80873 ], [ -60.7453, 2.80858 ] ] ], [ [ [ -60.74404, 2.81336 ], [ -60.74512, 2.81662 ], [ -60.73829, 2.81701 ], [ -60.73804, 2.81251 ], [ -60.74114, 2.81385 ], [ -60.74404, 2.81336 ] ] ] ] } },
{ "type": "Feature", "properties": { "cluster": 157.0, "hvi": 0.114, "population": 2460, "setores": 4, "municipio": "Boa Vista" }, "geometry": { "type": "MultiPolygon", "coordinates": [ [ [ [ -60.7479, 2.80077 ], [ -60.74813, 2.80486 ], [ -60.74511, 2.80506 ], [ -60.7449, 2.80089 ], [ -60.7479, 2.80077 ] ] ], [ [ [ -60.74755, 2.8049 ], [ -60.74735, 2.812 ], [ -60.74558, 2.81327 ], [ -60.74511, 2.80506 ], [ -60.74755, 2.8049 ] ] ], [ [ [ -60.74702, 2.81649 ], [ -60.74577, 2.8166 ], [ -60.74684, 2.81322 ], [ -60.74702, 2.81649 ] ] ], [ [ [ -60.74577, 2.8166 ], [ -60.74512, 2.81662 ], [ -60.74558, 2.81327 ], [ -60.74577, 2.8166 ] ] ] ] } },
{ "type": "Feature", "properties": { "cluster": 158.0, "hvi": 0.1219, "population": 2911, "setores": 4, "municipio": "Boa Vista" }, "geometry": { "type": "MultiPolygon", "coordinates": [ [ [ [ -60.75072, 2.80896 ], [ -60.75091, 2.81327 ], [ -60.74893, 2.80903 ], [ -60.75072, 2.80896 ] ] ], [ [ [ -60.75755, 2.81284 ], [ -60.75152, 2.81322 ], [ -60.75748, 2.81144 ], [ -60.75755, 2.81284 ] ] ], [ [ [ -60.75302, 2.81614 ], [ -60.74919, 2.81637 ], [ -60.74905, 2.81339 ], [ -60.75286, 2.81315 ], [ -60.75302, 2.81614 ] ] ], [ [ [ -60.74919, 2.81637 ], [ -60.74702, 2.81649 ], [ -60.74896, 2.81306 ], [ -60.74919, 2.81637 ] ] ] ] } },
{ "type": "Feature", "properties": { "cluster": 159.0, "hvi": 0.1198, "population": 2966, "setores": 4, "municipio": "Boa Vista" }, "geometry": { "type": "MultiPolygon", "coordinates": [ [ [ [ -60.75586, 2.80444 ], [ -60.75409, 2.80453 ], [ -60.75564, 2.8003 ], [ -60.75586, 2.80444 ] ] ], [ [ [ -60.75409, 2.80453 ], [ -60.75233, 2.80464 ], [ -60.75388, 2.80042 ], [ -60.75409, 2.80453 ] ] ], [ [ [ -60.75273, 2.81169 ], [ -60.75148, 2.81176 ], [ -60.75233, 2.80464 ], [ -60.75273, 2.81169 ] ] ], [ [ [ -60.75451, 2.81158 ], [ -60.75273, 2.81169 ], [ -60.75425, 2.80738 ], [ -60.75451, 2.81158 ] ] ] ] } },
{ "type": "Feature", "properties": { "cluster": 160.0, "hvi": 0.129, "population": 1866, "setores": 2, "municipio": "Boa Vista" }, "geometry": { "type": "MultiPolygon", "coordinates": [ [ [ [ -60.75409, 2.80453 ], [ -60.75425, 2.80738 ], [ -60.7525, 2.80745 ], [ -60.75409, 2.80453 ] ] ], [ [ [ -60.75409, 2.80453 ], [ -60.75586, 2.80444 ], [ -60.75624, 2.81152 ], [ -60.75409, 2.80453 ] ] ] ] } },
{ "type": "Feature", "properties": { "cluster": 161.0, "hvi": 0.1186, "population": 2822, "setores": 4, "municipio": "Boa Vista" }, "geometry": { "type": "MultiPolygon", "coordinates": [ [ [ [ -60.7567, 2.79745 ], [ -60.75255, 2.79769 ], [ -60.75234, 2.79332 ], [ -60.75652, 2.79373 ], [ -60.7567, 2.79745 ] ] ], [ [ [ -60.75777, 2.80438 ], [ -60.7571, 2.80439 ], [ -60.75736, 2.79744 ], [ -60.75777, 2.80438 ] ] ], [ [ [ -60.7567, 2.79745 ], [ -60.7571, 2.80439 ], [ -60.75548, 2.79754 ], [ -60.7567, 2.79745 ] ] ], [ [ [ -60.75748, 2.81144 ], [ -60.75624, 2.81152 ], [ -60.7571, 2.80439 ], [ -60.75748, 2.81144 ] ] ] ] } },
{ "type": "Feature", "properties": { "cluster": 162.0, "hvi": 0.143, "population": 2460, "setores": 2, "municipio": "Boa Vista" }, "geometry": { "type": "Polygon", "coordinates": [ [ [ -60.76778, 2.81222 ], [ -60.76785, 2.81969 ], [ -60.7651, 2.82254 ], [ -60.76468, 2.81545 ], [ -60.76152, 2.8156 ], [ -60.76138, 2.81264 ], [ -60.76778, 2.81222 ] ] ] } },
{ "type": "Feature", "properties": { "cluster": 163.0, "hvi": 0.1507, "population": 2753, "setores": 2, "municipio": "Boa Vista" }, "geometry": { "type": "Polygon", "coordinates": [ [ [ -60.75913, 2.7973 ], [ -60.75986, 2.81131 ], [ -60.75748, 2.81144 ], [ -60.7571, 2.80439 ], [ -60.75777, 2.80436 ], [ -60.75913, 2.7973 ] ] ] } },
{ "type": "Feature", "properties": { "cluster": 164.0, "hvi": 0.1518, "population": 2774, "setores": 2, "municipio": "Boa Vista" }, "geometry": { "type": "Polygon", "coordinates": [ [ [ -60.74235, 2.78785 ], [ -60.74613, 2.78988 ], [ -60.74642, 2.79532 ], [ -60.74016, 2.79566 ], [ -60.74235, 2.78785 ] ] ] } },
{ "type": "Feature", "properties": { "cluster": 165.0, "hvi": 0.1317, "population": 2885, "setores": 3, "municipio": "Boa Vista" }, "geometry": { "type": "MultiPolygon", "coordinates": [ [ [ [ -60.74625, 2.79234 ], [ -60.74613, 2.78988 ], [ -60.74893, 2.79791 ], [ -60.74625, 2.79234 ] ] ], [ [ [ -60.75073, 2.79781 ], [ -60.74893, 2.79791 ], [ -60.74854, 2.79155 ], [ -60.75045, 2.79249 ], [ -60.75073, 2.79781 ] ] ], [ [ [ -60.74775, 2.79796 ], [ -60.74659, 2.79801 ], [ -60.7476, 2.79526 ], [ -60.74775, 2.79796 ] ] ] ] } },
{ "type": "Feature", "properties": { "cluster": 166.0, "hvi": 0.1528, "population": 2757, "setores": 3, "municipio": "Boa Vista" }, "geometry": { "type": "Polygon", "coordinates": [ [ [ -60.75379, 2.81609 ], [ -60.75616, 2.81595 ], [ -60.7557, 2.82714 ], [ -60.7575, 2.82676 ], [ -60.75891, 2.83568 ], [ -60.74988, 2.83758 ], [ -60.74801, 2.82872 ], [ -60.74945, 2.82183 ], [ -60.7536, 2.822 ], [ -60.75379, 2.81609 ] ] ] } },
{ "type": "Feature", "properties": { "cluster": 167.0, "hvi": 0.1594, "population": 2904, "setores": 2, "municipio": "Boa Vista" }, "geometry": { "type": "Polygon", "coordinates": [ [ [ -60.75766, 2.81584 ], [ -60.76306, 2.81554 ], [ -60.76275, 2.82242 ], [ -60.75743, 2.82221 ], [ -60.75766, 2.81584 ] ] ] } },
{ "type": "Feature", "properties": { "cluster": 168.0, "hvi": 0.1283, "population": 926, "setores": 1, "municipio": "Boa Vista" }, "geometry": { "type": "Polygon", "coordinates": [ [ [ -60.76275, 2.82242 ], [ -60.76306, 2.81554 ], [ -60.76468, 2.81542 ], [ -60.7651, 2.82254 ], [ -60.76275, 2.82242 ] ] ] } },
{ "type": "Feature", "properties": { "cluster": 169.0, "hvi": 0.1498, "population": 2651, "setores": 2, "municipio": "Boa Vista" }, "geometry": { "type": "MultiPolygon", "coordinates": [ [ [ [ -60.73763, 2.82674 ], [ -60.73386, 2.81725 ], [ -60.73829, 2.81701 ], [ -60.73763, 2.82674 ] ] ], [ [ [ -60.73763, 2.82674 ], [ -60.73787, 2.82362 ], [ -60.74096, 2.82381 ], [ -60.74048, 2.83313 ], [ -60.73763, 2.82674 ] ] ] ] } },
{ "type": "Feature", "properties": { "cluster": 170.0, "hvi": 0.1465, "population": 2501, "setores": 2, "municipio": "Boa Vista" }, "geometry": { "type": "MultiPolygon", "coordinates": [ [ [ [ -60.73804, 2.81251 ], [ -60.73829, 2.81701 ], [ -60.73605, 2.81711 ], [ -60.7357, 2.81112 ], [ -60.73804, 2.81251 ] ] ], [ [ [ -60.73829, 2.81701 ], [ -60.74138, 2.81683 ], [ -60.74096, 2.82381 ], [ -60.73787, 2.82362 ], [ -60.73829, 2.81701 ] ] ] ] } },
{ "type": "Feature", "properties": { "cluster": 171.0, "hvi": 0.128, "population": 2712, "setores": 3, "municipio": "Boa Vista" }, "geometry": { "type": "MultiPolygon", "coordinates": [ [ [ [ -60.74355, 2.81671 ], [ -60.74345, 2.82096 ], [ -60.74138, 2.81683 ], [ -60.74355, 2.81671 ] ] ], [ [ [ -60.74566, 2.82109 ], [ -60.74355, 2.81671 ], [ -60.74559, 2.81661 ], [ -60.74566, 2.82109 ] ] ], [ [ [ -60.74345, 2.82096 ], [ -60.74566, 2.82109 ], [ -60.74545, 2.8241 ], [ -60.74096, 2.82381 ], [ -60.74115, 2.82082 ], [ -60.74345, 2.82096 ] ] ] ] } },
{ "type": "Feature", "properties": { "cluster": 172.0, "hvi": 0.1215, "population": 1528, "setores": 2, "municipio": "Boa Vista" }, "geometry": { "type": "Polygon", "coordinates": [ [ [ -60.74096, 2.82381 ], [ -60.74545, 2.8241 ], [ -60.74525, 2.8284 ], [ -60.74066, 2.82834 ], [ -60.74096, 2.82381 ] ] ] } },
{ "type": "Feature", "properties": { "cluster": 173.0, "hvi": 0.1674, "population": 1716, "setores": 1, "municipio": "Boa Vista" }, "geometry": { "type": "Polygon", "coordinates": [ [ [ -60.74048, 2.83313 ], [ -60.74066, 2.82834 ], [ -60.74491, 2.82851 ], [ -60.74568, 2.83089 ], [ -60.74048, 2.83313 ] ] ] } },
{ "type": "Feature", "properties": { "cluster": 174.0, "hvi": 0.1522, "population": 2797, "setores": 2, "municipio": "Boa Vista" }, "geometry": { "type": "Polygon", "coordinates": [ [ [ -60.74559, 2.81661 ], [ -60.74765, 2.81648 ], [ -60.74873, 2.81965 ], [ -60.74801, 2.82872 ], [ -60.74568, 2.83089 ], [ -60.74685, 2.8222 ], [ -60.74545, 2.8241 ], [ -60.74559, 2.81661 ] ] ] } },
{ "type": "Feature", "properties": { "cluster": 175.0, "hvi": 0.139, "population": 2235, "setores": 2, "municipio": "Boa Vista" }, "geometry": { "type": "MultiPolygon", "coordinates": [ [ [ [ -60.72728, 2.83526 ], [ -60.72905, 2.82942 ], [ -60.73119, 2.83099 ], [ -60.72728, 2.83526 ] ] ], [ [ [ -60.73256, 2.82964 ], [ -60.73093, 2.83514 ], [ -60.73119, 2.83099 ], [ -60.73256, 2.82964 ] ] ] ] } },
{ "type": "Feature", "properties": { "cluster": 176.0, "hvi": 0.1154, "population": 2616, "setores": 4, "municipio": "Boa Vista" }, "geometry": { "type": "MultiPolygon", "coordinates": [ [ [ [ -60.73386, 2.81725 ], [ -60.73433, 2.81853 ], [ -60.73268, 2.81732 ], [ -60.73386, 2.81725 ] ] ], [ [ [ -60.73433, 2.81853 ], [ -60.73597, 2.82261 ], [ -60.73249, 2.82172 ], [ -60.73433, 2.81853 ] ] ], [ [ [ -60.73001, 2.81749 ], [ -60.73268, 2.81732 ], [ -60.7306, 2.82356 ], [ -60.73001, 2.81749 ] ] ] ] } },
{ "type": "Feature", "properties": { "cluster": 177.0, "hvi": 0.1433, "population": 2418, "setores": 2, "municipio": "Boa Vista" }, "geometry": { "type": "MultiPolygon", "coordinates": [ [ [ [ -60.73118, 2.82356 ], [ -60.73235, 2.82365 ], [ -60.73256, 2.82964 ], [ -60.73118, 2.82356 ] ] ], [ [ [ -60.73277, 2.8273 ], [ -60.73443, 2.8289 ], [ -60.73252, 2.83259 ], [ -60.73277, 2.8273 ] ] ] ] } },
{ "type": "Feature", "properties": { "cluster": 178.0, "hvi": 0.1353, "population": 2087, "setores": 2, "municipio": "Boa Vista" }, "geometry": { "type": "MultiPolygon", "coordinates": [ [ [ [ -60.73235, 2.82365 ], [ -60.73597, 2.82261 ], [ -60.73733, 2.82598 ], [ -60.73235, 2.82365 ] ] ], [ [ [ -60.7351, 2.82699 ], [ -60.73733, 2.82598 ], [ -60.73852, 2.82866 ], [ -60.73515, 2.82993 ], [ -60.7351, 2.82699 ] ] ] ] } },
{ "type": "Feature", "properties": { "cluster": 179.0, "hvi": 0.1105, "population": 1670, "setores": 3, "municipio": "Boa Vista" }, "geometry": { "type": "MultiPolygon", "coordinates": [ [ [ [ -60.73222, 2.82626 ], [ -60.73236, 2.82386 ], [ -60.73281, 2.82482 ], [ -60.73415, 2.8249 ], [ -60.73574, 2.82836 ], [ -60.73282, 2.82485 ], [ -60.73404, 2.82746 ], [ -60.73222, 2.82626 ] ] ], [ [ [ -60.73433, 2.82904 ], [ -60.73596, 2.83325 ], [ -60.73419, 2.82978 ], [ -60.73433, 2.82904 ] ] ] ] } },
{ "type": "Feature", "properties": { "cluster": 180.0, "hvi": 0.1205, "population": 1536, "setores": 2, "municipio": "Boa Vista" }, "geometry": { "type": "MultiPolygon", "coordinates": [ [ [ [ -60.73738, 2.82923 ], [ -60.73857, 2.83186 ], [ -60.73695, 2.83258 ], [ -60.73738, 2.82923 ] ] ], [ [ [ -60.73738, 2.82923 ], [ -60.73852, 2.82866 ], [ -60.74123, 2.83493 ], [ -60.73738, 2.82923 ] ] ] ] } },
{ "type": "Feature", "properties": { "cluster": 181.0, "hvi": 0.1445, "population": 2421, "setores": 2, "municipio": "Boa Vista" }, "geometry": { "type": "Polygon", "coordinates": [ [ [ -60.69981, 2.80334 ], [ -60.70162, 2.79725 ], [ -60.70713, 2.79882 ], [ -60.70463, 2.80708 ], [ -60.7019, 2.80685 ], [ -60.69981, 2.80334 ] ] ] } },
{ "type": "Feature", "properties": { "cluster": 182.0, "hvi": 0.143, "population": 2353, "setores": 2, "municipio": "Boa Vista" }, "geometry": { "type": "Polygon", "coordinates": [ [ [ -60.70713, 2.79882 ], [ -60.71216, 2.80064 ], [ -60.71108, 2.80418 ], [ -60.70463, 2.80708 ], [ -60.70597, 2.80446 ], [ -60.70541, 2.80449 ], [ -60.70713, 2.79882 ] ] ] } },
{ "type": "Feature", "properties": { "cluster": 183.0, "hvi": 0.1374, "population": 1082, "setores": 1, "municipio": "Boa Vista" }, "geometry": { "type": "Polygon", "coordinates": [ [ [ -60.71994, 2.80867 ], [ -60.71769, 2.80594 ], [ -60.71846, 2.80311 ], [ -60.71994, 2.80867 ] ] ] } },
{ "type": "Feature", "properties": { "cluster": 184.0, "hvi": 0.1311, "population": 2880, "setores": 3, "municipio": "Boa Vista" }, "geometry": { "type": "MultiPolygon", "coordinates": [ [ [ [ -60.71935, 2.80382 ], [ -60.72213, 2.80855 ], [ -60.72021, 2.80866 ], [ -60.72074, 2.81171 ], [ -60.71723, 2.81185 ], [ -60.71673, 2.8083 ], [ -60.71993, 2.80863 ], [ -60.71935, 2.80382 ] ] ], [ [ [ -60.72433, 2.80833 ], [ -60.72213, 2.80855 ], [ -60.72167, 2.80475 ], [ -60.72397, 2.80562 ], [ -60.72433, 2.80833 ] ] ] ] } },
{ "type": "Feature", "properties": { "cluster": 185.0, "hvi": 0.1469, "population": 2480, "setores": 3, "municipio": "Boa Vista" }, "geometry": { "type": "Polygon", "coordinates": [ [ [ -60.71139, 2.83967 ], [ -60.71292, 2.83701 ], [ -60.7118, 2.83897 ], [ -60.71294, 2.83705 ], [ -60.72143, 2.85075 ], [ -60.71735, 2.85139 ], [ -60.71139, 2.83967 ] ] ] } },
{ "type": "Feature", "properties": { "cluster": 186.0, "hvi": 0.1254, "population": 2565, "setores": 3, "municipio": "Boa Vista" }, "geometry": { "type": "MultiPolygon", "coordinates": [ [ [ [ -60.71841, 2.85221 ], [ -60.72143, 2.85075 ], [ -60.72341, 2.85394 ], [ -60.71841, 2.85221 ] ] ], [ [ [ -60.71955, 2.8531 ], [ -60.71805, 2.85526 ], [ -60.71735, 2.85139 ], [ -60.71955, 2.8531 ] ] ], [ [ [ -60.7211, 2.85511 ], [ -60.72341, 2.85394 ], [ -60.72569, 2.8579 ], [ -60.72195, 2.85884 ], [ -60.7211, 2.85511 ] ] ] ] } },
{ "type": "Feature", "properties": { "cluster": 187.0, "hvi": 0.1353, "population": 1590, "setores": 2, "municipio": "Boa Vista" }, "geometry": { "type": "Polygon", "coordinates": [ [ [ -60.72195, 2.85884 ], [ -60.72261, 2.85915 ], [ -60.72927, 2.85233 ], [ -60.73541, 2.85523 ], [ -60.73376, 2.8632 ], [ -60.71915, 2.86008 ], [ -60.71506, 2.86293 ], [ -60.71045, 2.85931 ], [ -60.70847, 2.86245 ], [ -60.70082, 2.86242 ], [ -60.70952, 2.85731 ], [ -60.70996, 2.8531 ], [ -60.71719, 2.85656 ], [ -60.71955, 2.8531 ], [ -60.72155, 2.85606 ], [ -60.72195, 2.85884 ] ] ] } },
{ "type": "Feature", "properties": { "cluster": 188.0, "hvi": 0.143, "population": 2398, "setores": 2, "municipio": "Boa Vista" }, "geometry": { "type": "Polygon", "coordinates": [ [ [ -60.70976, 2.85268 ], [ -60.71444, 2.84565 ], [ -60.71735, 2.85139 ], [ -60.71428, 2.8561 ], [ -60.70976, 2.85268 ] ] ] } },
{ "type": "Feature", "properties": { "cluster": 189.0, "hvi": 0.1134, "population": 2358, "setores": 4, "municipio": "Boa Vista" }, "geometry": { "type": "MultiPolygon", "coordinates": [ [ [ [ -60.71311, 2.84299 ], [ -60.71195, 2.84935 ], [ -60.70976, 2.85268 ], [ -60.70968, 2.84783 ], [ -60.71311, 2.84299 ] ] ], [ [ [ -60.69757, 2.86212 ], [ -60.69853, 2.85336 ], [ -60.69882, 2.85847 ], [ -60.69757, 2.86212 ] ] ], [ [ [ -60.69686, 2.86966 ], [ -60.69882, 2.85847 ], [ -60.70635, 2.84717 ], [ -60.71049, 2.85531 ], [ -60.69997, 2.86298 ], [ -60.69686, 2.86966 ] ] ] ] } },
{ "type": "Feature", "properties": { "cluster": 190.0, "hvi": 0.1189, "population": 1350, "setores": 2, "municipio": "Boa Vista" }, "geometry": { "type": "Polygon", "coordinates": [ [ [ -60.65912, 2.83652 ], [ -60.66221, 2.83918 ], [ -60.66084, 2.84008 ], [ -60.66511, 2.84165 ], [ -60.66282, 2.84622 ], [ -60.65568, 2.84052 ], [ -60.65912, 2.83652 ] ] ] } },
{ "type": "Feature", "properties": { "cluster": 191.0, "hvi": 0.1294, "population": 2783, "setores": 3, "municipio": "Boa Vista" }, "geometry": { "type": "MultiPolygon", "coordinates": [ [ [ [ -60.71884, 2.76862 ], [ -60.72569, 2.77685 ], [ -60.72485, 2.77723 ], [ -60.71884, 2.76862 ] ] ], [ [ [ -60.72485, 2.77723 ], [ -60.7231, 2.77749 ], [ -60.71826, 2.76902 ], [ -60.72485, 2.77723 ] ] ], [ [ [ -60.73214, 2.78453 ], [ -60.72792, 2.78073 ], [ -60.72485, 2.77723 ], [ -60.73276, 2.78378 ], [ -60.73214, 2.78453 ] ] ] ] } },
{ "type": "Feature", "properties": { "cluster": 192.0, "hvi": 0.1328, "population": 1004, "setores": 1, "municipio": "Boa Vista" }, "geometry": { "type": "Polygon", "coordinates": [ [ [ -60.72569, 2.77685 ], [ -60.74443, 2.76789 ], [ -60.7479, 2.77228 ], [ -60.72875, 2.77984 ], [ -60.72569, 2.77685 ] ] ] } },
{ "type": "Feature", "properties": { "cluster": 193.0, "hvi": 0.1423, "population": 3513, "setores": 3, "municipio": "Boa Vista" }, "geometry": { "type": "Polygon", "coordinates": [ [ [ -60.72296, 2.76538 ], [ -60.72957, 2.77433 ], [ -60.72569, 2.77685 ], [ -60.71884, 2.76862 ], [ -60.72501, 2.7742 ], [ -60.71993, 2.76773 ], [ -60.72296, 2.76538 ] ] ] } },
{ "type": "Feature", "properties": { "cluster": 194.0, "hvi": 0.1585, "population": 2894, "setores": 2, "municipio": "Boa Vista" }, "geometry": { "type": "Polygon", "coordinates": [ [ [ -60.73419, 2.76009 ], [ -60.73593, 2.76229 ], [ -60.72864, 2.76808 ], [ -60.73397, 2.7749 ], [ -60.72988, 2.77453 ], [ -60.72392, 2.76458 ], [ -60.72513, 2.76359 ], [ -60.72863, 2.76808 ], [ -60.73419, 2.76009 ] ] ] } },
{ "type": "Feature", "properties": { "cluster": 195.0, "hvi": 0.1811, "population": 1968, "setores": 1, "municipio": "Boa Vista" }, "geometry": { "type": "Polygon", "coordinates": [ [ [ -60.72862, 2.76809 ], [ -60.73593, 2.76229 ], [ -60.7376, 2.76443 ], [ -60.73019, 2.77023 ], [ -60.72862, 2.76809 ] ] ] } },
{ "type": "Feature", "properties": { "cluster": 196.0, "hvi": 0.1551, "population": 2821, "setores": 2, "municipio": "Boa Vista" }, "geometry": { "type": "MultiPolygon", "coordinates": [ [ [ [ -60.73939, 2.75235 ], [ -60.74432, 2.75845 ], [ -60.73997, 2.76187 ], [ -60.7353, 2.75558 ], [ -60.73939, 2.75235 ] ] ], [ [ [ -60.73251, 2.75785 ], [ -60.7353, 2.75558 ], [ -60.74443, 2.76789 ], [ -60.7417, 2.76968 ], [ -60.73251, 2.75785 ] ] ] ] } },
{ "type": "Feature", "properties": { "cluster": 197.0, "hvi": 0.1555, "population": 1493, "setores": 1, "municipio": "Boa Vista" }, "geometry": { "type": "Polygon", "coordinates": [ [ [ -60.71798, 2.80025 ], [ -60.7202, 2.79312 ], [ -60.72684, 2.7946 ], [ -60.72492, 2.80229 ], [ -60.71798, 2.80025 ] ] ] } },
{ "type": "Feature", "properties": { "cluster": 198.0, "hvi": 0.1818, "population": 1963, "setores": 1, "municipio": "Boa Vista" }, "geometry": { "type": "Polygon", "coordinates": [ [ [ -60.72461, 2.84816 ], [ -60.72703, 2.84475 ], [ -60.73179, 2.84748 ], [ -60.72935, 2.85261 ], [ -60.72461, 2.84816 ] ] ] } },
{ "type": "Feature", "properties": { "cluster": 199.0, "hvi": 0.1346, "population": 2853, "setores": 3, "municipio": "Boa Vista" }, "geometry": { "type": "Polygon", "coordinates": [ [ [ -60.6528, 2.84381 ], [ -60.65568, 2.84052 ], [ -60.66203, 2.84474 ], [ -60.65984, 2.84628 ], [ -60.65531, 2.85453 ], [ -60.65833, 2.85108 ], [ -60.66107, 2.85348 ], [ -60.65605, 2.8592 ], [ -60.65335, 2.85677 ], [ -60.6553, 2.85455 ], [ -60.65126, 2.85096 ], [ -60.65573, 2.8464 ], [ -60.6528, 2.84381 ] ] ] } },
{ "type": "Feature", "properties": { "cluster": 200.0, "hvi": 0.1581, "population": 1487, "setores": 1, "municipio": "Boa Vista" }, "geometry": { "type": "Polygon", "coordinates": [ [ [ -60.73612, 2.80819 ], [ -60.73266, 2.80308 ], [ -60.73444, 2.80186 ], [ -60.73727, 2.80416 ], [ -60.73612, 2.80819 ] ] ] } },
{ "type": "Feature", "properties": { "cluster": 201.0, "hvi": 0.1189, "population": 2870, "setores": 4, "municipio": "Boa Vista" }, "geometry": { "type": "MultiPolygon", "coordinates": [ [ [ [ -60.73933, 2.80888 ], [ -60.73804, 2.81251 ], [ -60.73579, 2.80892 ], [ -60.73933, 2.80888 ] ] ], [ [ [ -60.74114, 2.81385 ], [ -60.73953, 2.81243 ], [ -60.74093, 2.81086 ], [ -60.74114, 2.81385 ] ] ], [ [ [ -60.73605, 2.81711 ], [ -60.73453, 2.8137 ], [ -60.73386, 2.81725 ], [ -60.73331, 2.81431 ], [ -60.73089, 2.81232 ], [ -60.7349, 2.81175 ], [ -60.7356, 2.80949 ], [ -60.73605, 2.81711 ] ] ] ] } },
{ "type": "Feature", "properties": { "cluster": 202.0, "hvi": 0.1308, "population": 930, "setores": 1, "municipio": "Boa Vista" }, "geometry": { "type": "Polygon", "coordinates": [ [ [ -60.73945, 2.81094 ], [ -60.74228, 2.80873 ], [ -60.74404, 2.81336 ], [ -60.74114, 2.81371 ], [ -60.73945, 2.81094 ] ] ] } },
{ "type": "Feature", "properties": { "cluster": 203.0, "hvi": 0.1177, "population": 2766, "setores": 4, "municipio": "Boa Vista" }, "geometry": { "type": "MultiPolygon", "coordinates": [ [ [ [ -60.74872, 2.80482 ], [ -60.74813, 2.80486 ], [ -60.74964, 2.80069 ], [ -60.74987, 2.80475 ], [ -60.74872, 2.80482 ] ] ], [ [ [ -60.74893, 2.80903 ], [ -60.75045, 2.80474 ], [ -60.75072, 2.80896 ], [ -60.74893, 2.80903 ] ] ], [ [ [ -60.74719, 2.80913 ], [ -60.74872, 2.80482 ], [ -60.74893, 2.80903 ], [ -60.74719, 2.80913 ] ] ], [ [ [ -60.74684, 2.81322 ], [ -60.74893, 2.80903 ], [ -60.74896, 2.81306 ], [ -60.74684, 2.81322 ] ] ] ] } },
{ "type": "Feature", "properties": { "cluster": 204.0, "hvi": 0.1059, "population": 462, "setores": 1, "municipio": "Boa Vista" }, "geometry": { "type": "Polygon", "coordinates": [ [ [ -60.75152, 2.81322 ], [ -60.75045, 2.80474 ], [ -60.75111, 2.8047 ], [ -60.75152, 2.81322 ] ] ] } },
{ "type": "Feature", "properties": { "cluster": 205.0, "hvi": 0.125, "population": 2529, "setores": 3, "municipio": "Boa Vista" }, "geometry": { "type": "MultiPolygon", "coordinates": [ [ [ [ -60.76138, 2.81264 ], [ -60.76152, 2.8156 ], [ -60.75302, 2.81614 ], [ -60.75286, 2.81315 ], [ -60.76138, 2.81264 ] ] ], [ [ [ -60.75568, 2.82762 ], [ -60.75616, 2.81595 ], [ -60.75761, 2.81895 ], [ -60.75568, 2.82762 ] ] ] ] } },
{ "type": "Feature", "properties": { "cluster": 206.0, "hvi": 0.1033, "population": 2443, "setores": 6, "municipio": "Boa Vista" }, "geometry": { "type": "MultiPolygon", "coordinates": [ [ [ [ -60.78407, 2.80223 ], [ -60.78236, 2.80383 ], [ -60.78691, 2.80577 ], [ -60.78393, 2.80854 ], [ -60.77972, 2.80682 ], [ -60.78325, 2.80158 ], [ -60.78407, 2.80223 ] ] ], [ [ [ -60.77924, 2.80849 ], [ -60.76424, 2.81104 ], [ -60.7642, 2.8082 ], [ -60.77972, 2.80682 ], [ -60.77924, 2.80849 ] ] ], [ [ [ -60.76778, 2.81222 ], [ -60.75985, 2.8127 ], [ -60.76779, 2.81089 ], [ -60.76778, 2.81222 ] ] ], [ [ [ -60.75755, 2.81284 ], [ -60.75978, 2.81131 ], [ -60.75985, 2.8127 ], [ -60.75755, 2.81284 ] ] ], [ [ [ -60.78116, 2.81733 ], [ -60.76555, 2.82628 ], [ -60.77507, 2.81696 ], [ -60.77997, 2.81677 ], [ -60.77785, 2.80873 ], [ -60.78116, 2.81733 ] ] ] ] } },
{ "type": "Feature", "properties": { "cluster": 207.0, "hvi": 0.1281, "population": 2767, "setores": 3, "municipio": "Boa Vista" }, "geometry": { "type": "Polygon", "coordinates": [ [ [ -60.77677, 2.7959 ], [ -60.77962, 2.79819 ], [ -60.78325, 2.80158 ], [ -60.77865, 2.80352 ], [ -60.77392, 2.7991 ], [ -60.77677, 2.7959 ] ] ] } },
{ "type": "Feature", "properties": { "cluster": 208.0, "hvi": 0.1203, "population": 2982, "setores": 4, "municipio": "Boa Vista" }, "geometry": { "type": "MultiPolygon", "coordinates": [ [ [ [ -60.75022, 2.80066 ], [ -60.7479, 2.80077 ], [ -60.75008, 2.79785 ], [ -60.75022, 2.80066 ] ] ], [ [ [ -60.74775, 2.79796 ], [ -60.7479, 2.80077 ], [ -60.74473, 2.79816 ], [ -60.74775, 2.79796 ] ] ], [ [ [ -60.75233, 2.80464 ], [ -60.75111, 2.8047 ], [ -60.75197, 2.79771 ], [ -60.75233, 2.80464 ] ] ], [ [ [ -60.75111, 2.8047 ], [ -60.74987, 2.80475 ], [ -60.75073, 2.79781 ], [ -60.75111, 2.8047 ] ] ] ] } },
{ "type": "Feature", "properties": { "cluster": 209.0, "hvi": 0.155, "population": 2953, "setores": 2, "municipio": "Boa Vista" }, "geometry": { "type": "Polygon", "coordinates": [ [ [ -60.76737, 2.79327 ], [ -60.77031, 2.78989 ], [ -60.77677, 2.7959 ], [ -60.77392, 2.7991 ], [ -60.76737, 2.79327 ] ] ] } },
{ "type": "Feature", "properties": { "cluster": 210.0, "hvi": 0.1433, "population": 2426, "setores": 2, "municipio": "Boa Vista" }, "geometry": { "type": "MultiPolygon", "coordinates": [ [ [ [ -60.76737, 2.79327 ], [ -60.76909, 2.79676 ], [ -60.76498, 2.79695 ], [ -60.76737, 2.79327 ] ] ], [ [ [ -60.76909, 2.79676 ], [ -60.76849, 2.79428 ], [ -60.77755, 2.80252 ], [ -60.76575, 2.80347 ], [ -60.76588, 2.79691 ], [ -60.76909, 2.79676 ] ] ] ] } },
{ "type": "Feature", "properties": { "cluster": 211.0, "hvi": 0.1686, "population": 1738, "setores": 1, "municipio": "Boa Vista" }, "geometry": { "type": "Polygon", "coordinates": [ [ [ -60.74945, 2.82183 ], [ -60.74765, 2.81648 ], [ -60.75379, 2.81609 ], [ -60.75366, 2.822 ], [ -60.74945, 2.82183 ] ] ] } },
{ "type": "Feature", "properties": { "cluster": 212.0, "hvi": 0.1034, "population": 2832, "setores": 7, "municipio": "Boa Vista" }, "geometry": { "type": "MultiPolygon", "coordinates": [ [ [ [ -60.73708, 2.83289 ], [ -60.73596, 2.83325 ], [ -60.7358, 2.82991 ], [ -60.73708, 2.83289 ] ] ], [ [ [ -60.73411, 2.8325 ], [ -60.7342, 2.83387 ], [ -60.73416, 2.83686 ], [ -60.7326, 2.83445 ], [ -60.73411, 2.8325 ] ] ], [ [ [ -60.73857, 2.83186 ], [ -60.74029, 2.83573 ], [ -60.74193, 2.83416 ], [ -60.74691, 2.8382 ], [ -60.73708, 2.83879 ], [ -60.73416, 2.83686 ], [ -60.73765, 2.83265 ], [ -60.73986, 2.83614 ], [ -60.73857, 2.83186 ] ] ], [ [ [ -60.73274, 2.83653 ], [ -60.72938, 2.83579 ], [ -60.7326, 2.83445 ], [ -60.73274, 2.83653 ] ] ] ] } },
{ "type": "Feature", "properties": { "cluster": 213.0, "hvi": 0.1306, "population": 935, "setores": 1, "municipio": "Boa Vista" }, "geometry": { "type": "Polygon", "coordinates": [ [ [ -60.72988, 2.77453 ], [ -60.72296, 2.76538 ], [ -60.72392, 2.76458 ], [ -60.72971, 2.77191 ], [ -60.72988, 2.77453 ] ] ] } },
{ "type": "Feature", "properties": { "cluster": 214.0, "hvi": 0.1575, "population": 1531, "setores": 1, "municipio": "Boa Vista" }, "geometry": { "type": "Polygon", "coordinates": [ [ [ -60.73333, 2.76776 ], [ -60.7376, 2.76443 ], [ -60.7417, 2.76968 ], [ -60.7389, 2.77124 ], [ -60.73333, 2.76776 ] ] ] } },
{ "type": "Feature", "properties": { "cluster": 215.0, "hvi": 0.1482, "population": 1270, "setores": 1, "municipio": "Boa Vista" }, "geometry": { "type": "Polygon", "coordinates": [ [ [ -60.75242, 2.84886 ], [ -60.74824, 2.84618 ], [ -60.75364, 2.84501 ], [ -60.75242, 2.84886 ] ] ] } },
{ "type": "Feature", "properties": { "cluster": 216.0, "hvi": 0.1357, "population": 2153, "setores": 2, "municipio": "Boa Vista" }, "geometry": { "type": "Polygon", "coordinates": [ [ [ -60.74947, 2.84698 ], [ -60.74608, 2.85113 ], [ -60.74636, 2.84842 ], [ -60.74403, 2.85089 ], [ -60.74481, 2.84356 ], [ -60.74833, 2.84614 ], [ -60.74947, 2.84698 ] ] ] } },
{ "type": "Feature", "properties": { "cluster": 217.0, "hvi": 0.1614, "population": 1495, "setores": 1, "municipio": "Boa Vista" }, "geometry": { "type": "Polygon", "coordinates": [ [ [ -60.70124, 2.77803 ], [ -60.70562, 2.77755 ], [ -60.70962, 2.77929 ], [ -60.70204, 2.78351 ], [ -60.70124, 2.77803 ] ] ] } },
{ "type": "Feature", "properties": { "cluster": 218.0, "hvi": 0.1347, "population": 2961, "setores": 3, "municipio": "Boa Vista" }, "geometry": { "type": "Polygon", "coordinates": [ [ [ -60.66766, 2.85705 ], [ -60.67021, 2.85989 ], [ -60.6758, 2.87006 ], [ -60.67021, 2.86817 ], [ -60.66742, 2.86312 ], [ -60.66639, 2.86433 ], [ -60.65593, 2.8651 ], [ -60.66085, 2.85944 ], [ -60.66346, 2.86174 ], [ -60.66766, 2.85705 ] ] ] } },
{ "type": "Feature", "properties": { "cluster": 219.0, "hvi": 0.1277, "population": 910, "setores": 1, "municipio": "Boa Vista" }, "geometry": { "type": "Polygon", "coordinates": [ [ [ -60.71335, 2.80103 ], [ -60.71536, 2.79111 ], [ -60.71623, 2.79125 ], [ -60.71335, 2.80103 ] ] ] } },
{ "type": "Feature", "properties": { "cluster": 220.0, "hvi": 0.1132, "population": 1206, "setores": 3, "municipio": "Boa Vista" }, "geometry": { "type": "MultiPolygon", "coordinates": [ [ [ [ -60.71037, 2.7901 ], [ -60.71267, 2.783 ], [ -60.72053, 2.78518 ], [ -60.7182, 2.79158 ], [ -60.71037, 2.7901 ] ] ], [ [ [ -60.71168, 2.79055 ], [ -60.71432, 2.79101 ], [ -60.71214, 2.79836 ], [ -60.71069, 2.80004 ], [ -60.71168, 2.79055 ] ] ] ] } },
{ "type": "Feature", "properties": { "cluster": 221.0, "hvi": 0.1434, "population": 2347, "setores": 2, "municipio": "Boa Vista" }, "geometry": { "type": "Polygon", "coordinates": [ [ [ -60.72271, 2.78598 ], [ -60.72686, 2.78742 ], [ -60.7247, 2.79479 ], [ -60.72029, 2.79322 ], [ -60.72271, 2.78598 ] ] ] } },
{ "type": "Feature", "properties": { "cluster": 222.0, "hvi": 0.1578, "population": 1517, "setores": 1, "municipio": "Boa Vista" }, "geometry": { "type": "Polygon", "coordinates": [ [ [ -60.72619, 2.78721 ], [ -60.72114, 2.7854 ], [ -60.72399, 2.78171 ], [ -60.7285, 2.78463 ], [ -60.72619, 2.78721 ] ] ] } },
{ "type": "Feature", "properties": { "cluster": 223.0, "hvi": 0.1437, "population": 2813, "setores": 3, "municipio": "Boa Vista" }, "geometry": { "type": "MultiPolygon", "coordinates": [ [ [ [ -60.7203, 2.78034 ], [ -60.72295, 2.7831 ], [ -60.7176, 2.78416 ], [ -60.71799, 2.78212 ], [ -60.7203, 2.78034 ] ] ], [ [ [ -60.72053, 2.78518 ], [ -60.72271, 2.78598 ], [ -60.7202, 2.79312 ], [ -60.7182, 2.79158 ], [ -60.72053, 2.78518 ] ] ] ] } },
{ "type": "Feature", "properties": { "cluster": 224.0, "hvi": 0.1945, "population": 2258, "setores": 1, "municipio": "Boa Vista" }, "geometry": { "type": "Polygon", "coordinates": [ [ [ -60.71329, 2.78 ], [ -60.71925, 2.77983 ], [ -60.7203, 2.78034 ], [ -60.7176, 2.78416 ], [ -60.71225, 2.7842 ], [ -60.71329, 2.78 ] ] ] } },
{ "type": "Feature", "properties": { "cluster": 225.0, "hvi": 0.1347, "population": 1061, "setores": 1, "municipio": "Boa Vista" }, "geometry": { "type": "Polygon", "coordinates": [ [ [ -60.70812, 2.78491 ], [ -60.70984, 2.78296 ], [ -60.71203, 2.78487 ], [ -60.711, 2.78733 ], [ -60.70812, 2.78491 ] ] ] } },
{ "type": "Feature", "properties": { "cluster": 226.0, "hvi": 0.1158, "population": 2007, "setores": 3, "municipio": "Boa Vista" }, "geometry": { "type": "Polygon", "coordinates": [ [ [ -60.70962, 2.77929 ], [ -60.71329, 2.78 ], [ -60.71203, 2.78487 ], [ -60.70984, 2.78296 ], [ -60.70812, 2.78491 ], [ -60.70844, 2.7809 ], [ -60.71022, 2.78242 ], [ -60.70962, 2.77929 ] ] ] } },
{ "type": "Feature", "properties": { "cluster": 227.0, "hvi": 0.1024, "population": 2626, "setores": 8, "municipio": "Boa Vista" }, "geometry": { "type": "MultiPolygon", "coordinates": [ [ [ [ -60.8096, 2.8775 ], [ -60.824, 2.8579 ], [ -60.84639, 2.8507 ], [ -60.8696, 2.8758 ], [ -60.8777, 2.8808 ], [ -60.8868, 2.8819 ], [ -60.9006, 2.8996 ], [ -60.89587, 2.90027 ], [ -60.89057, 2.90724 ], [ -60.89764, 2.9107 ], [ -60.92714, 2.91634 ], [ -60.94257, 2.92832 ], [ -60.94511, 2.93521 ], [ -60.94026, 2.94234 ], [ -60.94355, 2.95288 ], [ -60.93859, 2.96342 ], [ -60.93996, 2.98516 ], [ -60.94707, 2.99917 ], [ -60.94831, 3.01324 ], [ -60.95348, 3.01911 ], [ -60.96248, 3.02252 ], [ -60.9669, 3.03341 ], [ -60.96634, 3.04729 ], [ -60.97871, 3.05787 ], [ -60.9804, 3.08552 ], [ -60.95525, 3.12173 ], [ -60.86348, 3.12135 ], [ -60.86378, 3.13365 ], [ -60.84667, 3.14141 ], [ -60.83267, 3.14211 ], [ -60.83099, 3.16861 ], [ -60.83831, 3.21931 ], [ -60.73398, 3.27329 ], [ -60.73666, 3.27876 ], [ -60.73058, 3.2996 ], [ -60.70271, 3.30045 ], [ -60.72238, 3.27234 ], [ -60.73347, 3.26831 ], [ -60.73625, 3.2591 ], [ -60.74827, 3.24639 ], [ -60.72414, 3.20017 ], [ -60.70102, 3.19886 ], [ -60.6869, 3.2031 ], [ -60.68058, 3.19766 ], [ -60.65821, 3.20453 ], [ -60.65325, 3.21246 ], [ -60.6494, 3.2331 ], [ -60.6098, 3.23328 ], [ -60.62777, 3.25231 ], [ -60.63521, 3.25463 ], [ -60.64069, 3.2481 ], [ -60.64544, 3.25149 ], [ -60.64767, 3.26464 ], [ -60.64583, 3.27845 ], [ -60.64949, 3.29201 ], [ -60.65783, 3.30574 ], [ -60.6779, 3.32713 ], [ -60.66698, 3.33232 ], [ -60.64021, 3.33674 ], [ -60.61425, 3.33492 ], [ -60.60821, 3.33054 ], [ -60.59911, 3.33404 ], [ -60.59854, 3.33998 ], [ -60.59326, 3.34243 ], [ -60.58292, 3.33377 ], [ -60.58734, 3.33735 ], [ -60.59023, 3.28414 ], [ -60.58708, 3.234 ], [ -60.57997, 3.21825 ], [ -60.56978, 3.20854 ], [ -60.57295, 3.2102 ], [ -60.57213, 3.20764 ], [ -60.5814, 3.1983 ], [ -60.58402, 3.19715 ], [ -60.58602, 3.20018 ], [ -60.59081, 3.19798 ], [ -60.58965, 3.19377 ], [ -60.5979, 3.1878 ], [ -60.6123, 3.1638 ], [ -60.6316, 3.1177 ], [ -60.6577, 3.1011 ], [ -60.6894, 3.0886 ], [ -60.7123, 3.0674 ], [ -60.74155, 2.96773 ], [ -60.71876, 2.94185 ], [ -60.7745, 2.9055 ], [ -60.8096, 2.8775 ] ], [ [ -60.86947, 3.05743 ], [ -60.86945, 3.0575 ], [ -60.87568, 3.08732 ], [ -60.86947, 3.05743 ] ], [ [ -60.7972, 3.039 ], [ -60.7774, 3.0213 ], [ -60.77722, 3.01874 ], [ -60.77541, 3.02027 ], [ -60.77582, 3.02071 ], [ -60.7972, 3.039 ] ], [ [ -60.74431, 2.97087 ], [ -60.74155, 2.96773 ], [ -60.76463, 3.00899 ], [ -60.74431, 2.97087 ] ], [ [ -60.91316, 3.07414 ], [ -60.91197, 3.07434 ], [ -60.9112, 3.07628 ], [ -60.91316, 3.07414 ] ], [ [ -60.91225, 3.08683 ], [ -60.91033, 3.0785 ], [ -60.90957, 3.08042 ], [ -60.91225, 3.08683 ] ], [ [ -60.62102, 3.31639 ], [ -60.61971, 3.3161 ], [ -60.61824, 3.31743 ], [ -60.62102, 3.31639 ] ], [ [ -60.617, 3.31855 ], [ -60.61657, 3.31894 ], [ -60.61737, 3.31882 ], [ -60.617, 3.31855 ] ] ], [ [ [ -60.58498, 3.24384 ], [ -60.58514, 3.24852 ], [ -60.58471, 3.24886 ], [ -60.58438, 3.24633 ], [ -60.58498, 3.24384 ] ] ] ] } },
{ "type": "Feature", "properties": { "cluster": 228.0, "hvi": 0.1044, "population": 1646, "setores": 5, "municipio": "Boa Vista" }, "geometry": { "type": "Polygon", "coordinates": [ [ [ -60.73058, 3.2996 ], [ -60.73666, 3.27876 ], [ -60.73398, 3.27329 ], [ -60.83831, 3.21931 ], [ -60.84552, 3.26541 ], [ -60.83903, 3.26806 ], [ -60.84217, 3.28434 ], [ -60.81712, 3.29391 ], [ -60.82532, 3.30916 ], [ -60.8242, 3.31647 ], [ -60.83136, 3.32602 ], [ -60.82926, 3.33142 ], [ -60.70732, 3.46275 ], [ -60.69853, 3.45782 ], [ -60.69064, 3.45984 ], [ -60.67935, 3.45741 ], [ -60.67654, 3.46012 ], [ -60.6666, 3.45441 ], [ -60.65418, 3.43663 ], [ -60.62437, 3.42591 ], [ -60.60918, 3.40665 ], [ -60.5952, 3.40102 ], [ -60.59643, 3.38222 ], [ -60.5875, 3.36544 ], [ -60.58292, 3.33395 ], [ -60.59237, 3.34249 ], [ -60.59854, 3.33998 ], [ -60.59911, 3.33404 ], [ -60.60821, 3.33054 ], [ -60.61425, 3.33492 ], [ -60.62848, 3.33727 ], [ -60.65071, 3.33614 ], [ -60.65311, 3.33329 ], [ -60.67403, 3.32917 ], [ -60.67739, 3.32659 ], [ -60.65783, 3.30574 ], [ -60.64949, 3.29201 ], [ -60.64583, 3.27845 ], [ -60.64767, 3.26464 ], [ -60.64544, 3.25149 ], [ -60.64069, 3.2481 ], [ -60.63521, 3.25463 ], [ -60.62777, 3.25231 ], [ -60.6098, 3.23328 ], [ -60.62523, 3.23244 ], [ -60.6494, 3.2331 ], [ -60.65325, 3.21246 ], [ -60.65821, 3.20453 ], [ -60.67212, 3.19948 ], [ -60.68058, 3.19766 ], [ -60.6869, 3.2031 ], [ -60.70102, 3.19886 ], [ -60.71931, 3.19812 ], [ -60.72479, 3.20054 ], [ -60.74833, 3.24785 ], [ -60.73625, 3.2591 ], [ -60.73347, 3.26831 ], [ -60.72238, 3.27234 ], [ -60.70345, 3.30042 ], [ -60.73058, 3.2996 ] ], [ [ -60.67936, 3.32508 ], [ -60.69481, 3.31325 ], [ -60.6827, 3.32039 ], [ -60.67936, 3.32508 ] ] ] } },
{ "type": "Feature", "properties": { "cluster": 229.0, "hvi": 0.1629, "population": 1622, "setores": 1, "municipio": "Boa Vista" }, "geometry": { "type": "Polygon", "coordinates": [ [ [ -60.72874, 2.84318 ], [ -60.73083, 2.83611 ], [ -60.73708, 2.83879 ], [ -60.73235, 2.84493 ], [ -60.72874, 2.84318 ] ] ] } },
{ "type": "Feature", "properties": { "cluster": 230.0, "hvi": 0.1128, "population": 571, "setores": 1, "municipio": "Boa Vista" }, "geometry": { "type": "Polygon", "coordinates": [ [ [ -60.67154, 2.86678 ], [ -60.66476, 2.86624 ], [ -60.66742, 2.86311 ], [ -60.67154, 2.86678 ] ] ] } },
{ "type": "Feature", "properties": { "cluster": 231.0, "hvi": 0.1181, "population": 696, "setores": 1, "municipio": "Boa Vista" }, "geometry": { "type": "Polygon", "coordinates": [ [ [ -60.72872, 2.81363 ], [ -60.73276, 2.8134 ], [ -60.73358, 2.81623 ], [ -60.73061, 2.81642 ], [ -60.72872, 2.81363 ] ] ] } },
{ "type": "Feature", "properties": { "cluster": 232.0, "hvi": 0.1494, "population": 2522, "setores": 2, "municipio": "Boa Vista" }, "geometry": { "type": "Polygon", "coordinates": [ [ [ -60.72875, 2.77984 ], [ -60.7479, 2.77228 ], [ -60.74985, 2.77479 ], [ -60.74803, 2.7854 ], [ -60.75385, 2.79062 ], [ -60.75234, 2.79332 ], [ -60.73528, 2.78586 ], [ -60.72875, 2.77984 ] ] ] } },
{ "type": "Feature", "properties": { "cluster": 233.0, "hvi": 0.1194, "population": 2150, "setores": 3, "municipio": "Boa Vista" }, "geometry": { "type": "MultiPolygon", "coordinates": [ [ [ [ -60.75234, 2.79332 ], [ -60.75255, 2.79769 ], [ -60.75073, 2.79781 ], [ -60.75045, 2.79249 ], [ -60.75234, 2.79332 ] ] ], [ [ [ -60.75548, 2.79754 ], [ -60.75564, 2.8003 ], [ -60.75394, 2.80181 ], [ -60.75372, 2.79762 ], [ -60.75548, 2.79754 ] ] ], [ [ [ -60.75278, 2.80188 ], [ -60.7522, 2.80191 ], [ -60.75372, 2.79762 ], [ -60.75278, 2.80188 ] ] ] ] } },
{ "type": "Feature", "properties": { "cluster": 234.0, "hvi": 0.1303, "population": 2855, "setores": 3, "municipio": "Boa Vista" }, "geometry": { "type": "MultiPolygon", "coordinates": [ [ [ [ -60.71129, 2.8003 ], [ -60.71536, 2.79111 ], [ -60.71239, 2.80071 ], [ -60.71129, 2.8003 ] ] ], [ [ [ -60.717, 2.8025 ], [ -60.71625, 2.80543 ], [ -60.71108, 2.80418 ], [ -60.71216, 2.80064 ], [ -60.717, 2.8025 ] ] ], [ [ [ -60.71798, 2.80025 ], [ -60.72563, 2.80251 ], [ -60.72708, 2.80686 ], [ -60.717, 2.8025 ], [ -60.71798, 2.80025 ] ] ] ] } },
{ "type": "Feature", "properties": { "cluster": 235.0, "hvi": 0.1261, "population": 855, "setores": 1, "municipio": "Boa Vista" }, "geometry": { "type": "Polygon", "coordinates": [ [ [ -60.72513, 2.76359 ], [ -60.73251, 2.75785 ], [ -60.73419, 2.76009 ], [ -60.72745, 2.76657 ], [ -60.72513, 2.76359 ] ] ] } },
{ "type": "Feature", "properties": { "cluster": 236.0, "hvi": 0.1289, "population": 2809, "setores": 3, "municipio": "Boa Vista" }, "geometry": { "type": "MultiPolygon", "coordinates": [ [ [ [ -60.76743, 2.79345 ], [ -60.76207, 2.79384 ], [ -60.76223, 2.78897 ], [ -60.76743, 2.79345 ] ] ], [ [ [ -60.76478, 2.79368 ], [ -60.76498, 2.79695 ], [ -60.75913, 2.7973 ], [ -60.75894, 2.794 ], [ -60.76207, 2.79384 ], [ -60.76478, 2.79368 ] ] ] ] } },
{ "type": "Feature", "properties": { "cluster": 237.0, "hvi": 0.1372, "population": 2177, "setores": 2, "municipio": "Boa Vista" }, "geometry": { "type": "MultiPolygon", "coordinates": [ [ [ [ -60.75894, 2.794 ], [ -60.75913, 2.7973 ], [ -60.7567, 2.79745 ], [ -60.75894, 2.794 ] ] ], [ [ [ -60.7635, 2.79984 ], [ -60.76142, 2.80417 ], [ -60.7595, 2.80429 ], [ -60.75913, 2.7973 ], [ -60.7635, 2.79984 ] ] ] ] } },
{ "type": "Feature", "properties": { "cluster": 238.0, "hvi": 0.1709, "population": 1658, "setores": 1, "municipio": "Boa Vista" }, "geometry": { "type": "Polygon", "coordinates": [ [ [ -60.73019, 2.77023 ], [ -60.73333, 2.76776 ], [ -60.7389, 2.77124 ], [ -60.7337, 2.77434 ], [ -60.73019, 2.77023 ] ] ] } },
{ "type": "Feature", "properties": { "cluster": 239.0, "hvi": 0.1219, "population": 742, "setores": 1, "municipio": "Boa Vista" }, "geometry": { "type": "Polygon", "coordinates": [ [ [ -60.49143, 3.10912 ], [ -60.50228, 3.10822 ], [ -60.50394, 3.11528 ], [ -60.49265, 3.11615 ], [ -60.49143, 3.10912 ] ] ] } },
{ "type": "Feature", "properties": { "cluster": 240.0, "hvi": 0.1051, "population": 414, "setores": 1, "municipio": "Boa Vista" }, "geometry": { "type": "Polygon", "coordinates": [ [ [ -60.53898, 3.22384 ], [ -60.54385, 3.22119 ], [ -60.55019, 3.23391 ], [ -60.54411, 3.23534 ], [ -60.53898, 3.22384 ] ] ] } },
{ "type": "Feature", "properties": { "cluster": 241.0, "hvi": 0.1026, "population": 342, "setores": 1, "municipio": "Boa Vista" }, "geometry": { "type": "Polygon", "coordinates": [ [ [ -60.4086, 3.39517 ], [ -60.40598, 3.37625 ], [ -60.41283, 3.37851 ], [ -60.4158, 3.394 ], [ -60.4086, 3.39517 ] ] ] } },
{ "type": "Feature", "properties": { "cluster": 242.0, "hvi": 0.0984, "population": 334, "setores": 1, "municipio": "Boa Vista" }, "geometry": { "type": "Polygon", "coordinates": [ [ [ -60.33776, 3.42337 ], [ -60.3528, 3.41852 ], [ -60.36163, 3.45027 ], [ -60.34947, 3.4539 ], [ -60.33776, 3.42337 ] ] ] } },
{ "type": "Feature", "properties": { "cluster": 243.0, "hvi": 0.0994, "population": 285, "setores": 1, "municipio": "Boa Vista" }, "geometry": { "type": "Polygon", "coordinates": [ [ [ -60.56098, 3.2462 ], [ -60.56852, 3.24408 ], [ -60.5702, 3.24757 ], [ -60.56209, 3.24966 ], [ -60.56098, 3.2462 ] ] ] } },
{ "type": "Feature", "properties": { "cluster": 244.0, "hvi": 0.1499, "population": 2775, "setores": 2, "municipio": "Boa Vista" }, "geometry": { "type": "Polygon", "coordinates": [ [ [ -60.77889, 2.81268 ], [ -60.77958, 2.81789 ], [ -60.77497, 2.81703 ], [ -60.76666, 2.8226 ], [ -60.76987, 2.81571 ], [ -60.77457, 2.81488 ], [ -60.77719, 2.80999 ], [ -60.77889, 2.81268 ] ] ] } },
{ "type": "Feature", "properties": { "cluster": 245.0, "hvi": 0.139, "population": 1122, "setores": 2, "municipio": "Boa Vista" }, "geometry": { "type": "Polygon", "coordinates": [ [ [ -60.7868, 2.80533 ], [ -60.77031, 2.78989 ], [ -60.7803, 2.77335 ], [ -60.79518, 2.78075 ], [ -60.79327, 2.78909 ], [ -60.80083, 2.79979 ], [ -60.80071, 2.80751 ], [ -60.80551, 2.81542 ], [ -60.80745, 2.82736 ], [ -60.78156, 2.83093 ], [ -60.77785, 2.80873 ], [ -60.77972, 2.80682 ], [ -60.78623, 2.80932 ], [ -60.78532, 2.81727 ], [ -60.7868, 2.80533 ] ], [ [ -60.79384, 2.8184 ], [ -60.7936, 2.81837 ], [ -60.79405, 2.81917 ], [ -60.79384, 2.8184 ] ] ] } },
{ "type": "Feature", "properties": { "cluster": 246.0, "hvi": 0.1347, "population": 2145, "setores": 2, "municipio": "Boa Vista" }, "geometry": { "type": "Polygon", "coordinates": [ [ [ -60.76998, 2.81563 ], [ -60.76961, 2.81084 ], [ -60.76751, 2.81966 ], [ -60.76779, 2.81089 ], [ -60.77785, 2.80873 ], [ -60.77457, 2.81488 ], [ -60.77157, 2.81244 ], [ -60.76998, 2.81563 ] ] ] } },
{ "type": "Feature", "properties": { "cluster": 247.0, "hvi": 0.1123, "population": 529, "setores": 1, "municipio": "Boa Vista" }, "geometry": { "type": "Polygon", "coordinates": [ [ [ -60.71259, 2.84126 ], [ -60.71191, 2.83974 ], [ -60.71366, 2.8402 ], [ -60.71259, 2.84126 ] ] ] } },
{ "type": "Feature", "properties": { "cluster": 248.0, "hvi": 0.1181, "population": 1942, "setores": 3, "municipio": "Boa Vista" }, "geometry": { "type": "MultiPolygon", "coordinates": [ [ [ [ -60.74567, 2.84837 ], [ -60.74636, 2.84842 ], [ -60.74608, 2.85113 ], [ -60.74567, 2.84837 ] ] ], [ [ [ -60.74516, 2.85325 ], [ -60.74771, 2.85181 ], [ -60.74206, 2.85592 ], [ -60.74403, 2.85089 ], [ -60.74443, 2.85366 ], [ -60.7454, 2.85105 ], [ -60.74516, 2.85325 ] ] ] ] } },
{ "type": "Feature", "properties": { "cluster": 249.0, "hvi": 0.1637, "population": 2807, "setores": 2, "municipio": "Boa Vista" }, "geometry": { "type": "Polygon", "coordinates": [ [ [ -60.69183, 2.87821 ], [ -60.69301, 2.88355 ], [ -60.69882, 2.88223 ], [ -60.70025, 2.88744 ], [ -60.68058, 2.89428 ], [ -60.67789, 2.88698 ], [ -60.6898, 2.88428 ], [ -60.68852, 2.87869 ], [ -60.69183, 2.87821 ] ] ] } },
{ "type": "Feature", "properties": { "cluster": 250.0, "hvi": 0.1279, "population": 2745, "setores": 3, "municipio": "Boa Vista" }, "geometry": { "type": "MultiPolygon", "coordinates": [ [ [ [ -60.75644, 2.83619 ], [ -60.75442, 2.84256 ], [ -60.75332, 2.84278 ], [ -60.75269, 2.83698 ], [ -60.75644, 2.83619 ] ] ], [ [ [ -60.75694, 2.84028 ], [ -60.75506, 2.84064 ], [ -60.7569, 2.83915 ], [ -60.75694, 2.84028 ] ] ], [ [ [ -60.75442, 2.84256 ], [ -60.74683, 2.8451 ], [ -60.75052, 2.84335 ], [ -60.75442, 2.84256 ] ] ] ] } },
{ "type": "Feature", "properties": { "cluster": 251.0, "hvi": 0.1065, "population": 444, "setores": 1, "municipio": "Boa Vista" }, "geometry": { "type": "Polygon", "coordinates": [ [ [ -60.98228, 3.22637 ], [ -60.97911, 3.21974 ], [ -60.98939, 3.22049 ], [ -60.98604, 3.22659 ], [ -60.98228, 3.22637 ] ] ] } },
{ "type": "Feature", "properties": { "cluster": 252.0, "hvi": 0.1218, "population": 619, "setores": 1, "municipio": "Boa Vista" }, "geometry": { "type": "Polygon", "coordinates": [ [ [ -60.95525, 2.9361 ], [ -60.92714, 2.91634 ], [ -60.89055, 2.90728 ], [ -60.89587, 2.90027 ], [ -60.9006, 2.8996 ], [ -60.89679, 2.89286 ], [ -60.8868, 2.8819 ], [ -60.8777, 2.8808 ], [ -60.8696, 2.8758 ], [ -60.8612, 2.8644 ], [ -60.84698, 2.85337 ], [ -60.84127, 2.83486 ], [ -60.8462, 2.83054 ], [ -60.84532, 2.82459 ], [ -60.8352, 2.81255 ], [ -60.8373, 2.79982 ], [ -60.83279, 2.78837 ], [ -60.83582, 2.78305 ], [ -60.83289, 2.77767 ], [ -60.83488, 2.77093 ], [ -60.8231, 2.75611 ], [ -60.82203, 2.74735 ], [ -60.81629, 2.74716 ], [ -60.81088, 2.7419 ], [ -60.81214, 2.73047 ], [ -60.8378, 2.7259 ], [ -60.8446, 2.7304 ], [ -60.8556, 2.7314 ], [ -60.859, 2.7384 ], [ -60.8838, 2.7416 ], [ -60.9216, 2.7639 ], [ -60.9302, 2.7655 ], [ -60.941, 2.7766 ], [ -60.9472, 2.7933 ], [ -60.956, 2.803 ], [ -60.9521, 2.8083 ], [ -60.95942, 2.82502 ], [ -60.9748, 2.8245 ], [ -60.9811, 2.8301 ], [ -61.00053, 2.82837 ], [ -61.00055, 2.92027 ], [ -60.98784, 2.91654 ], [ -60.9771, 2.91914 ], [ -60.97298, 2.92531 ], [ -60.95525, 2.9361 ] ] ] } },
{ "type": "Feature", "properties": { "cluster": 253.0, "hvi": 0.0993, "population": 1060, "setores": 5, "municipio": "Boa Vista" }, "geometry": { "type": "Polygon", "coordinates": [ [ [ -60.44476, 3.06121 ], [ -60.44292, 3.07524 ], [ -60.42259, 3.09755 ], [ -60.38882, 3.15618 ], [ -60.37462, 3.16592 ], [ -60.37563, 3.17045 ], [ -60.38753, 3.18123 ], [ -60.38613, 3.20914 ], [ -60.39665, 3.2239 ], [ -60.4141, 3.26294 ], [ -60.414, 3.27811 ], [ -60.40974, 3.28902 ], [ -60.39784, 3.30231 ], [ -60.36358, 3.31091 ], [ -60.34829, 3.31779 ], [ -60.34509, 3.32642 ], [ -60.34608, 3.34515 ], [ -60.32261, 3.37213 ], [ -60.32384, 3.3649 ], [ -60.34467, 3.34046 ], [ -60.34329, 3.3224 ], [ -60.34578, 3.31768 ], [ -60.35495, 3.31101 ], [ -60.39606, 3.30046 ], [ -60.40134, 3.29656 ], [ -60.41051, 3.27963 ], [ -60.40884, 3.25518 ], [ -60.39412, 3.22379 ], [ -60.38467, 3.21074 ], [ -60.38523, 3.18185 ], [ -60.37439, 3.17073 ], [ -60.37383, 3.1649 ], [ -60.39356, 3.14629 ], [ -60.41777, 3.10124 ], [ -60.43995, 3.07435 ], [ -60.44857, 3.04546 ], [ -60.47857, 3.0274 ], [ -60.48856, 3.01684 ], [ -60.49717, 3.00185 ], [ -60.5044, 2.97324 ], [ -60.52606, 2.94629 ], [ -60.54995, 2.90296 ], [ -60.60384, 2.85657 ], [ -60.63301, 2.84601 ], [ -60.6494, 2.8349 ], [ -60.67107, 2.79907 ], [ -60.67412, 2.77657 ], [ -60.68245, 2.7599 ], [ -60.6844, 2.75157 ], [ -60.68912, 2.73991 ], [ -60.69467, 2.72823 ], [ -60.69995, 2.72213 ], [ -60.72023, 2.70796 ], [ -60.77523, 2.64352 ], [ -60.8244, 2.54685 ], [ -60.82217, 2.51907 ], [ -60.82801, 2.45546 ], [ -60.83662, 2.43768 ], [ -60.83988, 2.43505 ], [ -60.84074, 2.46859 ], [ -60.83366, 2.48178 ], [ -60.82345, 2.52866 ], [ -60.82801, 2.55595 ], [ -60.81876, 2.57364 ], [ -60.81446, 2.5786 ], [ -60.81159, 2.58085 ], [ -60.81022, 2.58305 ], [ -60.81001, 2.58923 ], [ -60.80306, 2.59779 ], [ -60.79343, 2.61826 ], [ -60.78931, 2.62279 ], [ -60.78688, 2.63284 ], [ -60.76921, 2.6603 ], [ -60.75867, 2.66746 ], [ -60.71564, 2.72376 ], [ -60.69686, 2.75306 ], [ -60.67005, 2.81111 ], [ -60.65132, 2.83553 ], [ -60.64059, 2.84683 ], [ -60.60218, 2.861 ], [ -60.56828, 2.88826 ], [ -60.54684, 2.91219 ], [ -60.57211, 2.88544 ], [ -60.57038, 2.89125 ], [ -60.57766, 2.90563 ], [ -60.57792, 2.90487 ], [ -60.58959, 2.91624 ], [ -60.59325, 2.92901 ], [ -60.61368, 2.93407 ], [ -60.63357, 2.95378 ], [ -60.7038, 2.9516 ], [ -60.71876, 2.94185 ], [ -60.74155, 2.96773 ], [ -60.7122, 3.06751 ], [ -60.6894, 3.0886 ], [ -60.6577, 3.1011 ], [ -60.6316, 3.1177 ], [ -60.6123, 3.1638 ], [ -60.5979, 3.1878 ], [ -60.58968, 3.19386 ], [ -60.59081, 3.19798 ], [ -60.58602, 3.20018 ], [ -60.58441, 3.19775 ], [ -60.57104, 3.2076 ], [ -60.58675, 3.23185 ], [ -60.59023, 3.28414 ], [ -60.58734, 3.33735 ], [ -60.58216, 3.33343 ], [ -60.58141, 3.23536 ], [ -60.5627, 3.20437 ], [ -60.5317, 3.17144 ], [ -60.51689, 3.14504 ], [ -60.50772, 3.09867 ], [ -60.4935, 3.07103 ], [ -60.48496, 3.03833 ], [ -60.48537, 3.03027 ], [ -60.48675, 3.02604 ], [ -60.45228, 3.04446 ], [ -60.44476, 3.06121 ] ], [ [ -60.50281, 3.00002 ], [ -60.50539, 2.97783 ], [ -60.50477, 2.97866 ], [ -60.50281, 3.00002 ] ], [ [ -60.49245, 3.02662 ], [ -60.49252, 3.027 ], [ -60.50281, 3.00002 ], [ -60.49245, 3.02662 ] ], [ [ -60.49952, 3.06561 ], [ -60.49717, 3.05296 ], [ -60.49939, 3.06533 ], [ -60.49952, 3.06561 ] ], [ [ -60.4874, 3.03298 ], [ -60.48733, 3.0298 ], [ -60.48545, 3.03331 ], [ -60.48588, 3.03523 ], [ -60.4874, 3.03298 ] ], [ [ -60.49554, 3.06669 ], [ -60.49583, 3.0722 ], [ -60.49821, 3.07515 ], [ -60.49554, 3.06669 ] ], [ [ -60.49881, 3.0732 ], [ -60.49856, 3.0727 ], [ -60.49821, 3.07515 ], [ -60.49881, 3.0732 ] ], [ [ -60.51651, 3.14186 ], [ -60.51685, 3.14245 ], [ -60.51645, 3.1413 ], [ -60.51651, 3.14186 ] ], [ [ -60.51756, 3.14373 ], [ -60.51834, 3.14073 ], [ -60.51728, 3.14322 ], [ -60.51756, 3.14373 ] ], [ [ -60.58525, 3.24772 ], [ -60.58498, 3.24384 ], [ -60.58471, 3.24886 ], [ -60.58525, 3.24772 ] ], [ [ -60.68421, 2.76834 ], [ -60.68249, 2.76274 ], [ -60.67615, 2.77518 ], [ -60.6771, 2.7784 ], [ -60.68421, 2.76834 ] ], [ [ -60.67882, 2.78049 ], [ -60.67809, 2.77953 ], [ -60.67717, 2.78146 ], [ -60.67882, 2.78049 ] ], [ [ -60.68311, 2.76085 ], [ -60.68536, 2.76458 ], [ -60.71381, 2.71414 ], [ -60.70046, 2.72269 ], [ -60.68885, 2.74072 ], [ -60.68311, 2.76085 ] ], [ [ -60.78919, 2.61986 ], [ -60.7935, 2.6161 ], [ -60.7942, 2.61194 ], [ -60.78919, 2.61986 ] ], [ [ -60.82642, 2.55823 ], [ -60.82315, 2.55962 ], [ -60.82509, 2.55593 ], [ -60.82053, 2.56139 ], [ -60.81766, 2.57353 ], [ -60.81244, 2.58003 ], [ -60.81454, 2.57846 ], [ -60.81944, 2.57199 ], [ -60.82642, 2.55823 ] ], [ [ -60.82606, 2.55114 ], [ -60.82624, 2.54767 ], [ -60.82317, 2.55322 ], [ -60.82349, 2.55392 ], [ -60.82606, 2.55114 ] ], [ [ -60.83252, 2.47742 ], [ -60.83748, 2.47127 ], [ -60.83687, 2.43918 ], [ -60.83571, 2.45024 ], [ -60.82883, 2.46856 ], [ -60.83252, 2.47742 ] ], [ [ -60.8358, 2.44733 ], [ -60.83571, 2.4449 ], [ -60.8351, 2.45119 ], [ -60.8358, 2.44733 ] ] ] } },
{ "type": "Feature", "properties": { "cluster": 254.0, "hvi": 0.129, "population": 1932, "setores": 2, "municipio": "Boa Vista" }, "geometry": { "type": "Polygon", "coordinates": [ [ [ -60.74473, 2.74829 ], [ -60.75312, 2.7597 ], [ -60.7501, 2.7617 ], [ -60.74578, 2.7573 ], [ -60.7414, 2.75081 ], [ -60.74473, 2.74829 ] ] ] } },
{ "type": "Feature", "properties": { "cluster": 255.0, "hvi": 0.1404, "population": 2430, "setores": 2, "municipio": "Boa Vista" }, "geometry": { "type": "MultiPolygon", "coordinates": [ [ [ [ -60.74432, 2.75845 ], [ -60.74624, 2.76091 ], [ -60.74186, 2.76439 ], [ -60.73997, 2.76187 ], [ -60.74432, 2.75845 ] ] ], [ [ [ -60.74624, 2.76091 ], [ -60.74738, 2.76239 ], [ -60.74298, 2.7659 ], [ -60.74624, 2.76091 ] ] ] ] } },
{ "type": "Feature", "properties": { "cluster": 256.0, "hvi": 0.1292, "population": 2933, "setores": 3, "municipio": "Boa Vista" }, "geometry": { "type": "Polygon", "coordinates": [ [ [ -60.7414, 2.75081 ], [ -60.74578, 2.7573 ], [ -60.7501, 2.7617 ], [ -60.74829, 2.76317 ], [ -60.75195, 2.76631 ], [ -60.74298, 2.7659 ], [ -60.74738, 2.76239 ], [ -60.73939, 2.75235 ], [ -60.7414, 2.75081 ] ] ] } },
{ "type": "Feature", "properties": { "cluster": 257.0, "hvi": 0.1141, "population": 2495, "setores": 4, "municipio": "Boa Vista" }, "geometry": { "type": "MultiPolygon", "coordinates": [ [ [ [ -60.75797, 2.84171 ], [ -60.7569, 2.83916 ], [ -60.75543, 2.83947 ], [ -60.75595, 2.83773 ], [ -60.75719, 2.8391 ], [ -60.75797, 2.84171 ] ] ], [ [ [ -60.75694, 2.84028 ], [ -60.75468, 2.84174 ], [ -60.75665, 2.84034 ], [ -60.75694, 2.84028 ] ] ], [ [ [ -60.75658, 2.84137 ], [ -60.75634, 2.8421 ], [ -60.75478, 2.84172 ], [ -60.75658, 2.84137 ] ] ] ] } },
{ "type": "Feature", "properties": { "cluster": 258.0, "hvi": 0.1159, "population": 2598, "setores": 4, "municipio": "Boa Vista" }, "geometry": { "type": "MultiPolygon", "coordinates": [ [ [ [ -60.75634, 2.8421 ], [ -60.75602, 2.84309 ], [ -60.75445, 2.84247 ], [ -60.75634, 2.8421 ] ] ], [ [ [ -60.75797, 2.84171 ], [ -60.75746, 2.84372 ], [ -60.75636, 2.84206 ], [ -60.75797, 2.84171 ] ] ], [ [ [ -60.75602, 2.84309 ], [ -60.75572, 2.84407 ], [ -60.75746, 2.84372 ], [ -60.75691, 2.84539 ], [ -60.75382, 2.84445 ], [ -60.75571, 2.84407 ], [ -60.75412, 2.84348 ], [ -60.75602, 2.84309 ] ] ] ] } },
{ "type": "Feature", "properties": { "cluster": 259.0, "hvi": 0.1169, "population": 2050, "setores": 3, "municipio": "Boa Vista" }, "geometry": { "type": "MultiPolygon", "coordinates": [ [ [ [ -60.7553, 2.8457 ], [ -60.75691, 2.84539 ], [ -60.75658, 2.84619 ], [ -60.7553, 2.8457 ] ] ], [ [ [ -60.75535, 2.8451 ], [ -60.75488, 2.84656 ], [ -60.75658, 2.84619 ], [ -60.75618, 2.8473 ], [ -60.75478, 2.84684 ], [ -60.75349, 2.84547 ], [ -60.75535, 2.8451 ] ] ] ] } },
{ "type": "Feature", "properties": { "cluster": 260.0, "hvi": 0.1053, "population": 2776, "setores": 7, "municipio": "Boa Vista" }, "geometry": { "type": "Polygon", "coordinates": [ [ [ -60.68853, 2.77745 ], [ -60.69007, 2.76823 ], [ -60.71868, 2.71974 ], [ -60.75331, 2.67391 ], [ -60.76584, 2.66275 ], [ -60.76807, 2.67977 ], [ -60.78633, 2.69866 ], [ -60.79589, 2.7004 ], [ -60.80716, 2.71339 ], [ -60.80656, 2.71916 ], [ -60.81171, 2.72204 ], [ -60.80826, 2.72886 ], [ -60.81305, 2.73076 ], [ -60.81088, 2.7419 ], [ -60.81629, 2.74716 ], [ -60.82203, 2.74735 ], [ -60.8231, 2.75611 ], [ -60.83488, 2.77093 ], [ -60.83289, 2.77767 ], [ -60.83582, 2.78305 ], [ -60.83279, 2.78837 ], [ -60.8373, 2.79982 ], [ -60.8352, 2.81255 ], [ -60.84532, 2.82459 ], [ -60.8462, 2.83054 ], [ -60.84127, 2.83486 ], [ -60.84639, 2.8507 ], [ -60.83739, 2.84711 ], [ -60.82784, 2.83257 ], [ -60.80745, 2.82736 ], [ -60.80083, 2.79979 ], [ -60.79327, 2.78909 ], [ -60.79518, 2.78075 ], [ -60.78356, 2.77313 ], [ -60.772, 2.77084 ], [ -60.7803, 2.77335 ], [ -60.76743, 2.79345 ], [ -60.74443, 2.76789 ], [ -60.75195, 2.76631 ], [ -60.74898, 2.76261 ], [ -60.75312, 2.7597 ], [ -60.74473, 2.74829 ], [ -60.74862, 2.74516 ], [ -60.71722, 2.77001 ], [ -60.7231, 2.77749 ], [ -60.71766, 2.77933 ], [ -60.6939, 2.77538 ], [ -60.68853, 2.77745 ] ], [ [ -60.73067, 2.7332 ], [ -60.7373, 2.73743 ], [ -60.71868, 2.71974 ], [ -60.73067, 2.7332 ] ], [ [ -60.71721, 2.77002 ], [ -60.71616, 2.77086 ], [ -60.72204, 2.77756 ], [ -60.71721, 2.77002 ] ], [ [ -60.71614, 2.77088 ], [ -60.71485, 2.77191 ], [ -60.72077, 2.77823 ], [ -60.71614, 2.77088 ] ], [ [ -60.71685, 2.75734 ], [ -60.72268, 2.76054 ], [ -60.71894, 2.7568 ], [ -60.71685, 2.75734 ] ], [ [ -60.70154, 2.76257 ], [ -60.70381, 2.76612 ], [ -60.69752, 2.77101 ], [ -60.71045, 2.76358 ], [ -60.70827, 2.76079 ], [ -60.71073, 2.75888 ], [ -60.70786, 2.75602 ], [ -60.70154, 2.76257 ] ] ] } },
{ "type": "Feature", "properties": { "cluster": 261.0, "hvi": 0.1168, "population": 2666, "setores": 4, "municipio": "Boa Vista" }, "geometry": { "type": "MultiPolygon", "coordinates": [ [ [ [ -60.74462, 2.84556 ], [ -60.7405, 2.8451 ], [ -60.74096, 2.84062 ], [ -60.73973, 2.83972 ], [ -60.74569, 2.83846 ], [ -60.74579, 2.84431 ], [ -60.74481, 2.84356 ], [ -60.74462, 2.84556 ] ], [ [ -60.74097, 2.84062 ], [ -60.74478, 2.84354 ], [ -60.74133, 2.84089 ], [ -60.74097, 2.84062 ] ] ], [ [ [ -60.73973, 2.83972 ], [ -60.74021, 2.84769 ], [ -60.73749, 2.84741 ], [ -60.73677, 2.85418 ], [ -60.73601, 2.84724 ], [ -60.73973, 2.83972 ] ] ], [ [ [ -60.73749, 2.84741 ], [ -60.74225, 2.84798 ], [ -60.74195, 2.85068 ], [ -60.73723, 2.85009 ], [ -60.73749, 2.84741 ] ] ] ] } },
{ "type": "Feature", "properties": { "cluster": 262.0, "hvi": 0.1453, "population": 1239, "setores": 1, "municipio": "Boa Vista" }, "geometry": { "type": "Polygon", "coordinates": [ [ [ -60.74374, 2.85356 ], [ -60.74166, 2.85338 ], [ -60.7405, 2.8451 ], [ -60.74462, 2.84556 ], [ -60.74374, 2.85356 ] ] ] } },
{ "type": "Feature", "properties": { "cluster": 263.0, "hvi": 0.1215, "population": 2981, "setores": 8, "municipio": "Boa Vista" }, "geometry": { "type": "Polygon", "coordinates": [ [ [ -60.76611, 2.82442 ], [ -60.76907, 2.82343 ], [ -60.76907, 2.83357 ], [ -60.77379, 2.83259 ], [ -60.77242, 2.8211 ], [ -60.7798, 2.81846 ], [ -60.78156, 2.83093 ], [ -60.81416, 2.82714 ], [ -60.82784, 2.83257 ], [ -60.83739, 2.84711 ], [ -60.84639, 2.8507 ], [ -60.824, 2.8579 ], [ -60.8096, 2.8775 ], [ -60.7745, 2.9055 ], [ -60.7038, 2.9516 ], [ -60.63357, 2.95378 ], [ -60.61368, 2.93407 ], [ -60.59325, 2.92901 ], [ -60.58959, 2.91624 ], [ -60.57908, 2.90739 ], [ -60.57038, 2.89125 ], [ -60.57211, 2.88544 ], [ -60.60218, 2.861 ], [ -60.63914, 2.84683 ], [ -60.62982, 2.85421 ], [ -60.62363, 2.85455 ], [ -60.62231, 2.85857 ], [ -60.63237, 2.86538 ], [ -60.62543, 2.85951 ], [ -60.64625, 2.86562 ], [ -60.66477, 2.86623 ], [ -60.6758, 2.87006 ], [ -60.66564, 2.85074 ], [ -60.67644, 2.84539 ], [ -60.67369, 2.84022 ], [ -60.69729, 2.82723 ], [ -60.70232, 2.8403 ], [ -60.69502, 2.84397 ], [ -60.69406, 2.84769 ], [ -60.69561, 2.85074 ], [ -60.7028, 2.84575 ], [ -60.70256, 2.85271 ], [ -60.69751, 2.85541 ], [ -60.69686, 2.86966 ], [ -60.69997, 2.86298 ], [ -60.70847, 2.86245 ], [ -60.70987, 2.85934 ], [ -60.7155, 2.86298 ], [ -60.71915, 2.86008 ], [ -60.73127, 2.86084 ], [ -60.74047, 2.86892 ], [ -60.75141, 2.85393 ], [ -60.75242, 2.84886 ], [ -60.75436, 2.84988 ], [ -60.75322, 2.84633 ], [ -60.75618, 2.8473 ], [ -60.75644, 2.83619 ], [ -60.76208, 2.83498 ], [ -60.76067, 2.82662 ], [ -60.75719, 2.82686 ], [ -60.75743, 2.82221 ], [ -60.76666, 2.8226 ], [ -60.76611, 2.82442 ] ], [ [ -60.6659, 2.87268 ], [ -60.68013, 2.86901 ], [ -60.68042, 2.86853 ], [ -60.6758, 2.87006 ], [ -60.6659, 2.87268 ] ], [ [ -60.68543, 2.88208 ], [ -60.68643, 2.87953 ], [ -60.68191, 2.88064 ], [ -60.68092, 2.88627 ], [ -60.67784, 2.8875 ], [ -60.68058, 2.89428 ], [ -60.70025, 2.88744 ], [ -60.69882, 2.88223 ], [ -60.69302, 2.88356 ], [ -60.69183, 2.87821 ], [ -60.68696, 2.8794 ], [ -60.6898, 2.88429 ], [ -60.68611, 2.88512 ], [ -60.68543, 2.88208 ] ], [ [ -60.71546, 2.87264 ], [ -60.7073, 2.87594 ], [ -60.70867, 2.87901 ], [ -60.71658, 2.87535 ], [ -60.71546, 2.87264 ] ], [ [ -60.77161, 2.87115 ], [ -60.78114, 2.87143 ], [ -60.78676, 2.86618 ], [ -60.783, 2.86215 ], [ -60.78922, 2.85813 ], [ -60.79746, 2.86349 ], [ -60.80129, 2.85627 ], [ -60.78762, 2.84866 ], [ -60.78567, 2.85112 ], [ -60.77834, 2.84986 ], [ -60.77492, 2.85286 ], [ -60.77161, 2.87115 ] ] ] } },
{ "type": "Feature", "properties": { "cluster": 264.0, "hvi": 0.1451, "population": 1228, "setores": 1, "municipio": "Boa Vista" }, "geometry": { "type": "Polygon", "coordinates": [ [ [ -60.68667, 2.87892 ], [ -60.68611, 2.88512 ], [ -60.68092, 2.88627 ], [ -60.68191, 2.88064 ], [ -60.68667, 2.87892 ] ], [ [ -60.68498, 2.87976 ], [ -60.68603, 2.88134 ], [ -60.68621, 2.87994 ], [ -60.68498, 2.87976 ] ] ] } },
{ "type": "Feature", "properties": { "cluster": 265.0, "hvi": 0.1312, "population": 2900, "setores": 4, "municipio": "Boa Vista" }, "geometry": { "type": "MultiPolygon", "coordinates": [ [ [ [ -60.6771, 2.7784 ], [ -60.67615, 2.77518 ], [ -60.68256, 2.76291 ], [ -60.68421, 2.76834 ], [ -60.6771, 2.7784 ] ] ], [ [ [ -60.67809, 2.77953 ], [ -60.67997, 2.77864 ], [ -60.67717, 2.78146 ], [ -60.67809, 2.77953 ] ] ], [ [ [ -60.68853, 2.77745 ], [ -60.69996, 2.77712 ], [ -60.70204, 2.78351 ], [ -60.69606, 2.79998 ], [ -60.68038, 2.79045 ], [ -60.69007, 2.76823 ], [ -60.68853, 2.77745 ] ] ], [ [ [ -60.70204, 2.78351 ], [ -60.70537, 2.78729 ], [ -60.71168, 2.79055 ], [ -60.70924, 2.79948 ], [ -60.69825, 2.79625 ], [ -60.70204, 2.78351 ] ] ] ] } },
{ "type": "Feature", "properties": { "cluster": 266.0, "hvi": 0.2643, "population": 2218, "setores": 1, "municipio": "Boa Vista" }, "geometry": { "type": "Polygon", "coordinates": [ [ [ -60.71037, 2.7901 ], [ -60.70204, 2.78351 ], [ -60.70395, 2.78141 ], [ -60.711, 2.78732 ], [ -60.71037, 2.7901 ] ] ] } },
{ "type": "Feature", "properties": { "cluster": 267.0, "hvi": 0.1584, "population": 1511, "setores": 1, "municipio": "Boa Vista" }, "geometry": { "type": "Polygon", "coordinates": [ [ [ -60.73457, 2.79785 ], [ -60.72777, 2.79312 ], [ -60.73347, 2.79014 ], [ -60.73633, 2.79189 ], [ -60.73457, 2.79785 ] ] ] } },
{ "type": "Feature", "properties": { "cluster": 268.0, "hvi": 0.1439, "population": 1224, "setores": 1, "municipio": "Boa Vista" }, "geometry": { "type": "Polygon", "coordinates": [ [ [ -60.7603, 2.79723 ], [ -60.76588, 2.79691 ], [ -60.76575, 2.80347 ], [ -60.76142, 2.80417 ], [ -60.7635, 2.79984 ], [ -60.7603, 2.79723 ] ] ] } },
{ "type": "Feature", "properties": { "cluster": 269.0, "hvi": 0.1595, "population": 1567, "setores": 2, "municipio": "Boa Vista" }, "geometry": { "type": "MultiPolygon", "coordinates": [ [ [ [ -60.72924, 2.79995 ], [ -60.72783, 2.79532 ], [ -60.73442, 2.80182 ], [ -60.72924, 2.79995 ] ] ], [ [ [ -60.73562, 2.80321 ], [ -60.73115, 2.79681 ], [ -60.73883, 2.79917 ], [ -60.73562, 2.80321 ] ] ] ] } },
{ "type": "Feature", "properties": { "cluster": 270.0, "hvi": 0.1167, "population": 682, "setores": 1, "municipio": "Boa Vista" }, "geometry": { "type": "Polygon", "coordinates": [ [ [ -60.70341, 2.76643 ], [ -60.70154, 2.76257 ], [ -60.70786, 2.75602 ], [ -60.71045, 2.76358 ], [ -60.70341, 2.76643 ] ] ] } },
{ "type": "Feature", "properties": { "cluster": 271.0, "hvi": 0.1747, "population": 1469, "setores": 1, "municipio": "Boa Vista" }, "geometry": { "type": "Polygon", "coordinates": [ [ [ -60.75394, 2.79372 ], [ -60.75386, 2.79065 ], [ -60.7609, 2.78926 ], [ -60.76207, 2.79384 ], [ -60.75394, 2.79372 ] ] ] } },
{ "type": "Feature", "properties": { "cluster": 272.0, "hvi": 0.1384, "population": 2110, "setores": 2, "municipio": "Boa Vista" }, "geometry": { "type": "MultiPolygon", "coordinates": [ [ [ [ -60.74803, 2.7854 ], [ -60.75047, 2.77544 ], [ -60.75725, 2.78405 ], [ -60.74803, 2.7854 ] ] ], [ [ [ -60.75725, 2.78405 ], [ -60.76223, 2.78897 ], [ -60.75386, 2.79065 ], [ -60.74836, 2.78682 ], [ -60.75725, 2.78405 ] ] ] ] } },
{ "type": "Feature", "properties": { "cluster": 273.0, "hvi": 0.1226, "population": 2362, "setores": 3, "municipio": "Boa Vista" }, "geometry": { "type": "Polygon", "coordinates": [ [ [ -60.72243, 2.84228 ], [ -60.72535, 2.84392 ], [ -60.72321, 2.84685 ], [ -60.72051, 2.84432 ], [ -60.7221, 2.84211 ], [ -60.72047, 2.84127 ], [ -60.72147, 2.83808 ], [ -60.72782, 2.83873 ], [ -60.72611, 2.84428 ], [ -60.72243, 2.84228 ] ] ] } },
{ "type": "Feature", "properties": { "cluster": 274.0, "hvi": 0.1409, "population": 2097, "setores": 2, "municipio": "Boa Vista" }, "geometry": { "type": "Polygon", "coordinates": [ [ [ -60.77433, 2.85386 ], [ -60.77865, 2.84983 ], [ -60.77984, 2.87192 ], [ -60.77161, 2.87115 ], [ -60.77325, 2.86519 ], [ -60.77433, 2.85386 ] ] ] } },
{ "type": "Feature", "properties": { "cluster": 275.0, "hvi": 0.1373, "population": 1080, "setores": 1, "municipio": "Boa Vista" }, "geometry": { "type": "Polygon", "coordinates": [ [ [ -60.68836, 2.79962 ], [ -60.68289, 2.80256 ], [ -60.68667, 2.79816 ], [ -60.68836, 2.79962 ] ] ] } },
{ "type": "Feature", "properties": { "cluster": 276.0, "hvi": 0.1248, "population": 837, "setores": 1, "municipio": "Boa Vista" }, "geometry": { "type": "Polygon", "coordinates": [ [ [ -60.7073, 2.87594 ], [ -60.71546, 2.87264 ], [ -60.71658, 2.87535 ], [ -60.70867, 2.87901 ], [ -60.7073, 2.87594 ] ] ] } },
{ "type": "Feature", "properties": { "cluster": 277.0, "hvi": 0.1572, "population": 1458, "setores": 1, "municipio": "Boa Vista" }, "geometry": { "type": "Polygon", "coordinates": [ [ [ -60.75242, 2.84886 ], [ -60.74958, 2.8531 ], [ -60.74689, 2.85125 ], [ -60.74947, 2.84698 ], [ -60.75242, 2.84886 ] ] ] } },
{ "type": "Feature", "properties": { "cluster": 278.0, "hvi": 0.1122, "population": 2333, "setores": 4, "municipio": "Boa Vista" }, "geometry": { "type": "MultiPolygon", "coordinates": [ [ [ [ -60.75, 2.83755 ], [ -60.75052, 2.84335 ], [ -60.74688, 2.84409 ], [ -60.74569, 2.83846 ], [ -60.74691, 2.8382 ], [ -60.74193, 2.83416 ], [ -60.74801, 2.82872 ], [ -60.74988, 2.83758 ], [ -60.75, 2.83755 ] ] ], [ [ [ -60.75117, 2.84322 ], [ -60.75, 2.83755 ], [ -60.75269, 2.83698 ], [ -60.75332, 2.84278 ], [ -60.75117, 2.84322 ] ] ] ] } },
{ "type": "Feature", "properties": { "cluster": 279.0, "hvi": 0.1011, "population": 0, "setores": 2, "municipio": "Boa Vista" }, "geometry": { "type": "Polygon", "coordinates": [ [ [ -60.68487, 2.8036 ], [ -60.68836, 2.79962 ], [ -60.68977, 2.80186 ], [ -60.69179, 2.80025 ], [ -60.69162, 2.79582 ], [ -60.6961, 2.80004 ], [ -60.6896, 2.80582 ], [ -60.68487, 2.8036 ] ], [ [ -60.68671, 2.80165 ], [ -60.68796, 2.8023 ], [ -60.68815, 2.80193 ], [ -60.68671, 2.80165 ] ], [ [ -60.68695, 2.80269 ], [ -60.68778, 2.80343 ], [ -60.68825, 2.80289 ], [ -60.68695, 2.80269 ] ], [ [ -60.6937, 2.79843 ], [ -60.69238, 2.79983 ], [ -60.69464, 2.80092 ], [ -60.6937, 2.79843 ] ] ] } },
{ "type": "Feature", "properties": { "cluster": 280.0, "hvi": 0.1061, "population": 2924, "setores": 8, "municipio": "Boa Vista" }, "geometry": { "type": "MultiPolygon", "coordinates": [ [ [ [ -60.73867, 2.8409 ], [ -60.7357, 2.85398 ], [ -60.73677, 2.85418 ], [ -60.73665, 2.85537 ], [ -60.73569, 2.854 ], [ -60.73541, 2.85523 ], [ -60.7292, 2.85203 ], [ -60.73708, 2.83879 ], [ -60.73867, 2.8409 ] ] ], [ [ [ -60.74166, 2.85336 ], [ -60.74232, 2.85344 ], [ -60.73929, 2.8559 ], [ -60.73666, 2.85531 ], [ -60.7372, 2.85009 ], [ -60.74195, 2.85068 ], [ -60.74166, 2.85336 ] ], [ [ -60.73994, 2.85317 ], [ -60.74165, 2.85336 ], [ -60.7406, 2.85053 ], [ -60.73994, 2.85317 ] ] ], [ [ [ -60.71805, 2.85526 ], [ -60.71428, 2.8561 ], [ -60.71578, 2.8537 ], [ -60.71805, 2.85526 ] ] ], [ [ [ -60.74047, 2.86892 ], [ -60.73376, 2.8632 ], [ -60.73468, 2.85875 ], [ -60.73877, 2.86182 ], [ -60.73929, 2.8559 ], [ -60.74771, 2.85181 ], [ -60.75134, 2.8543 ], [ -60.74047, 2.86892 ] ] ] ] } },
{ "type": "Feature", "properties": { "cluster": 281.0, "hvi": 0.1011, "population": 0, "setores": 1, "municipio": "Boa Vista" }, "geometry": { "type": "Polygon", "coordinates": [ [ [ -60.6937, 2.79843 ], [ -60.69464, 2.80092 ], [ -60.69238, 2.79983 ], [ -60.6937, 2.79843 ] ] ] } },
{ "type": "Feature", "properties": { "cluster": 282.0, "hvi": 0.1277, "population": 930, "setores": 1, "municipio": "Boa Vista" }, "geometry": { "type": "Polygon", "coordinates": [ [ [ -60.73468, 2.85875 ], [ -60.73541, 2.85523 ], [ -60.73931, 2.85566 ], [ -60.73877, 2.86182 ], [ -60.73468, 2.85875 ] ] ] } },
{ "type": "Feature", "properties": { "cluster": 283.0, "hvi": 0.1354, "population": 1079, "setores": 1, "municipio": "Boa Vista" }, "geometry": { "type": "Polygon", "coordinates": [ [ [ -60.7642, 2.8082 ], [ -60.76424, 2.81104 ], [ -60.75986, 2.81131 ], [ -60.75975, 2.80842 ], [ -60.7642, 2.8082 ] ] ] } },
{ "type": "Feature", "properties": { "cluster": 284.0, "hvi": 0.1183, "population": 2799, "setores": 4, "municipio": "Boa Vista" }, "geometry": { "type": "MultiPolygon", "coordinates": [ [ [ [ -60.7648, 2.80352 ], [ -60.77755, 2.80252 ], [ -60.77944, 2.80421 ], [ -60.76143, 2.80564 ], [ -60.7648, 2.80352 ] ] ], [ [ [ -60.76275, 2.80623 ], [ -60.76577, 2.8054 ], [ -60.78067, 2.80541 ], [ -60.77903, 2.8076 ], [ -60.75975, 2.80842 ], [ -60.75968, 2.80708 ], [ -60.76143, 2.80564 ], [ -60.76275, 2.80623 ] ] ] ] } },
{ "type": "Feature", "properties": { "cluster": 285.0, "hvi": 0.133, "population": 1018, "setores": 1, "municipio": "Boa Vista" }, "geometry": { "type": "Polygon", "coordinates": [ [ [ -60.76907, 2.83357 ], [ -60.76791, 2.82625 ], [ -60.77242, 2.8211 ], [ -60.77379, 2.83259 ], [ -60.76907, 2.83357 ] ] ] } },
{ "type": "Feature", "properties": { "cluster": 286.0, "hvi": 0.112, "population": 568, "setores": 1, "municipio": "Boa Vista" }, "geometry": { "type": "Polygon", "coordinates": [ [ [ -60.75891, 2.83568 ], [ -60.7575, 2.82676 ], [ -60.76061, 2.82627 ], [ -60.76209, 2.83502 ], [ -60.75891, 2.83568 ] ] ] } },
{ "type": "Feature", "properties": { "cluster": 287.0, "hvi": 0.1011, "population": 0, "setores": 1, "municipio": "Boa Vista" }, "geometry": { "type": "Polygon", "coordinates": [ [ [ -60.68695, 2.80269 ], [ -60.68825, 2.80289 ], [ -60.68778, 2.80343 ], [ -60.68695, 2.80269 ] ] ] } },
{ "type": "Feature", "properties": { "cluster": 288.0, "hvi": 0.1011, "population": 0, "setores": 1, "municipio": "Boa Vista" }, "geometry": { "type": "Polygon", "coordinates": [ [ [ -60.68671, 2.80165 ], [ -60.68815, 2.80193 ], [ -60.68796, 2.8023 ], [ -60.68671, 2.80165 ] ] ] } },
{ "type": "Feature", "properties": { "cluster": 289.0, "hvi": 0.1011, "population": 0, "setores": 1, "municipio": "Boa Vista" }, "geometry": { "type": "Polygon", "coordinates": [ [ [ -60.71382, 2.71419 ], [ -60.69159, 2.7559 ], [ -60.68536, 2.76458 ], [ -60.68311, 2.76085 ], [ -60.68885, 2.74072 ], [ -60.70046, 2.72269 ], [ -60.71382, 2.71419 ] ] ] } },
{ "type": "Feature", "properties": { "cluster": 290.0, "hvi": 0.1228, "population": 2106, "setores": 3, "municipio": "Boa Vista" }, "geometry": { "type": "MultiPolygon", "coordinates": [ [ [ [ -60.78321, 2.85733 ], [ -60.78676, 2.86618 ], [ -60.77984, 2.87183 ], [ -60.77865, 2.84983 ], [ -60.78498, 2.84961 ], [ -60.7842, 2.85476 ], [ -60.78924, 2.85808 ], [ -60.78665, 2.86116 ], [ -60.78321, 2.85733 ] ] ], [ [ [ -60.80129, 2.85627 ], [ -60.79746, 2.86349 ], [ -60.7842, 2.85476 ], [ -60.78762, 2.84866 ], [ -60.80129, 2.85627 ] ] ] ] } },
{ "type": "Feature", "properties": { "cluster": 291.0, "hvi": 0.1338, "population": 2683, "setores": 6, "municipio": "Bonfim" }, "geometry": { "type": "MultiPolygon", "coordinates": [ [ [ [ -59.83903, 3.34544 ], [ -59.83986, 3.3521 ], [ -59.84672, 3.3547 ], [ -59.83583, 3.35709 ], [ -59.83227, 3.35468 ], [ -59.83408, 3.34863 ], [ -59.83903, 3.34544 ] ] ], [ [ [ -59.83603, 3.3618 ], [ -59.84476, 3.35573 ], [ -59.84785, 3.36421 ], [ -59.82627, 3.37559 ], [ -59.8235, 3.37084 ], [ -59.83305, 3.36395 ], [ -59.82783, 3.36203 ], [ -59.80425, 3.3655 ], [ -59.80558, 3.35518 ], [ -59.80918, 3.35204 ], [ -59.825, 3.35661 ], [ -59.83027, 3.35551 ], [ -59.83583, 3.35709 ], [ -59.84296, 3.35667 ], [ -59.83603, 3.3618 ] ] ] ] } },
{ "type": "Feature", "properties": { "cluster": 292.0, "hvi": 0.1619, "population": 2373, "setores": 2, "municipio": "Bonfim" }, "geometry": { "type": "Polygon", "coordinates": [ [ [ -59.8319, 3.36143 ], [ -59.83356, 3.36414 ], [ -59.82362, 3.37106 ], [ -59.82628, 3.37561 ], [ -59.81127, 3.38071 ], [ -59.80425, 3.3655 ], [ -59.8319, 3.36143 ] ] ] } },
{ "type": "Feature", "properties": { "cluster": 293.0, "hvi": 0.1019, "population": 2978, "setores": 17, "municipio": "Bonfim" }, "geometry": { "type": "Polygon", "coordinates": [ [ [ -60.21975, 1.45114 ], [ -60.21212, 1.41802 ], [ -60.21431, 1.40451 ], [ -60.22579, 1.39326 ], [ -60.23231, 1.36524 ], [ -60.22906, 1.3541 ], [ -60.21922, 1.34071 ], [ -60.22409, 1.31291 ], [ -60.2221, 1.30471 ], [ -60.22778, 1.24894 ], [ -60.21992, 1.22332 ], [ -60.23119, 1.19468 ], [ -60.2407, 1.18197 ], [ -60.2539, 1.17445 ], [ -60.25423, 1.16832 ], [ -60.26836, 1.16666 ], [ -60.31592, 1.20505 ], [ -60.34587, 1.20398 ], [ -60.36782, 1.21344 ], [ -60.37897, 1.22285 ], [ -60.3721, 1.23521 ], [ -60.38707, 1.24088 ], [ -60.39447, 1.22864 ], [ -60.4388, 1.2427 ], [ -60.4815, 1.2504 ], [ -60.5004, 1.2631 ], [ -60.5098, 1.2762 ], [ -60.4972, 1.2822 ], [ -60.492, 1.2887 ], [ -60.488, 1.308 ], [ -60.4741, 1.3184 ], [ -60.4595, 1.341 ], [ -60.4517, 1.3448 ], [ -60.4532, 1.352 ], [ -60.4485, 1.3733 ], [ -60.4311, 1.3902 ], [ -60.4258, 1.4022 ], [ -60.4304, 1.4299 ], [ -60.4253, 1.4499 ], [ -60.4363, 1.4664 ], [ -60.4574, 1.447 ], [ -60.4637, 1.4336 ], [ -60.478, 1.4269 ], [ -60.4966, 1.4329 ], [ -60.5115, 1.4469 ], [ -60.5342, 1.4505 ], [ -60.5476, 1.4651 ], [ -60.5496, 1.4876 ], [ -60.556, 1.4983 ], [ -60.5568, 1.5132 ], [ -60.5622, 1.5142 ], [ -60.5604, 1.5182 ], [ -60.5452, 1.5226 ], [ -60.5407, 1.528 ], [ -60.533, 1.5277 ], [ -60.5255, 1.5468 ], [ -60.5122, 1.5563 ], [ -60.4992, 1.5511 ], [ -60.4916, 1.5599 ], [ -60.478, 1.5521 ], [ -60.4695, 1.5531 ], [ -60.4635, 1.5482 ], [ -60.4599, 1.5533 ], [ -60.4424, 1.5444 ], [ -60.4379, 1.547 ], [ -60.4208, 1.5439 ], [ -60.4109, 1.547 ], [ -60.3895, 1.5423 ], [ -60.3786, 1.5504 ], [ -60.3788, 1.5549 ], [ -60.3732, 1.5582 ], [ -60.3711, 1.5653 ], [ -60.3524, 1.5744 ], [ -60.345, 1.5734 ], [ -60.3445, 1.5778 ], [ -60.34304, 1.57816 ], [ -60.36554, 1.62104 ], [ -60.3709, 1.6403 ], [ -60.3765, 1.6453 ], [ -60.394, 1.687 ], [ -60.4833, 1.7275 ], [ -60.48106, 1.73036 ], [ -60.48487, 1.73011 ], [ -60.4917, 1.72194 ], [ -60.49306, 1.70978 ], [ -60.52206, 1.71991 ], [ -60.52628, 1.72427 ], [ -60.52875, 1.71802 ], [ -60.53331, 1.71765 ], [ -60.53695, 1.70869 ], [ -60.5644, 1.71245 ], [ -60.58031, 1.70696 ], [ -60.58362, 1.70978 ], [ -60.5797, 1.71212 ], [ -60.58153, 1.71423 ], [ -60.57791, 1.72089 ], [ -60.57376, 1.7195 ], [ -60.56891, 1.72319 ], [ -60.56384, 1.73236 ], [ -60.55509, 1.73697 ], [ -60.54543, 1.75221 ], [ -60.54748, 1.76085 ], [ -60.55762, 1.7706 ], [ -60.55931, 1.77886 ], [ -60.56912, 1.78073 ], [ -60.57515, 1.79048 ], [ -60.57642, 1.80084 ], [ -60.5674, 1.8135 ], [ -60.5663, 1.821 ], [ -60.5573, 1.8287 ], [ -60.5493, 1.8552 ], [ -60.5371, 1.8607 ], [ -60.5348, 1.8674 ], [ -60.5216, 1.8768 ], [ -60.5041, 1.8969 ], [ -60.4887, 1.9032 ], [ -60.4769, 1.9147 ], [ -60.4597, 1.9227 ], [ -60.4557, 1.9294 ], [ -60.4541, 1.9626 ], [ -60.4379, 1.9581 ], [ -60.4222, 1.9714 ], [ -60.4203, 1.98 ], [ -60.4154, 1.9829 ], [ -60.4025, 1.981 ], [ -60.39745, 1.97094 ], [ -60.38093, 1.98662 ], [ -60.37941, 1.99606 ], [ -60.39481, 2.00356 ], [ -60.39565, 2.00911 ], [ -60.40619, 2.01549 ], [ -60.39037, 2.03242 ], [ -60.38232, 2.03631 ], [ -60.36123, 2.06394 ], [ -60.34971, 2.06781 ], [ -60.3436, 2.07808 ], [ -60.33333, 2.08488 ], [ -60.29846, 2.08021 ], [ -60.28912, 2.09815 ], [ -60.28267, 2.1026 ], [ -60.27246, 2.12371 ], [ -60.25396, 2.14099 ], [ -60.25181, 2.1492 ], [ -60.24198, 2.15987 ], [ -60.23611, 2.18513 ], [ -60.2254, 2.1879 ], [ -60.2253, 2.1659 ], [ -60.2192, 2.1679 ], [ -60.2091, 2.1655 ], [ -60.20022, 2.15301 ], [ -60.20087, 2.15291 ], [ -60.20003, 2.15302 ], [ -60.19439, 2.14659 ], [ -60.19067, 2.15054 ], [ -60.18517, 2.14727 ], [ -60.17942, 2.14877 ], [ -60.1767, 2.1447 ], [ -60.15761, 2.15914 ], [ -60.15486, 2.17159 ], [ -60.14978, 2.178 ], [ -60.15055, 2.1919 ], [ -60.1382, 2.2004 ], [ -60.1489, 2.195 ], [ -60.15948, 2.18265 ], [ -60.16314, 2.18583 ], [ -60.16036, 2.22322 ], [ -60.16578, 2.24017 ], [ -60.17159, 2.24113 ], [ -60.18006, 2.23669 ], [ -60.18517, 2.24554 ], [ -60.19347, 2.24712 ], [ -60.19684, 2.23859 ], [ -60.2062, 2.24732 ], [ -60.20323, 2.26824 ], [ -60.20528, 2.29446 ], [ -60.2094, 2.30591 ], [ -60.19774, 2.3037 ], [ -60.17784, 2.34276 ], [ -60.16958, 2.34252 ], [ -60.16775, 2.35664 ], [ -60.17681, 2.36506 ], [ -60.17767, 2.38331 ], [ -60.18511, 2.38912 ], [ -60.19162, 2.38864 ], [ -60.19911, 2.39756 ], [ -60.19447, 2.41151 ], [ -60.2015, 2.43701 ], [ -60.19475, 2.44651 ], [ -60.1949, 2.46986 ], [ -60.19551, 2.48129 ], [ -60.2009, 2.48793 ], [ -60.19886, 2.50459 ], [ -60.20183, 2.50948 ], [ -60.1972, 2.51939 ], [ -60.20076, 2.5289 ], [ -60.1955, 2.54159 ], [ -60.20369, 2.54356 ], [ -60.20781, 2.55091 ], [ -60.2232, 2.56175 ], [ -60.22667, 2.56781 ], [ -60.22597, 2.58655 ], [ -60.21984, 2.59096 ], [ -60.23551, 2.60221 ], [ -60.24287, 2.60107 ], [ -60.24853, 2.60621 ], [ -60.26065, 2.6017 ], [ -60.26636, 2.60837 ], [ -60.27003, 2.60775 ], [ -60.28236, 2.62302 ], [ -60.29053, 2.62883 ], [ -60.29806, 2.62937 ], [ -60.29895, 2.63502 ], [ -60.30576, 2.64006 ], [ -60.31056, 2.63856 ], [ -60.31212, 2.64655 ], [ -60.30113, 2.65677 ], [ -60.26917, 2.64594 ], [ -60.25769, 2.64886 ], [ -60.24017, 2.64502 ], [ -60.22853, 2.63932 ], [ -60.17848, 2.62666 ], [ -60.16067, 2.61601 ], [ -60.1224, 2.6144 ], [ -60.10431, 2.62863 ], [ -60.09747, 2.61965 ], [ -60.08968, 2.61701 ], [ -60.0937, 2.6284 ], [ -60.0905, 2.6419 ], [ -60.0788, 2.6471 ], [ -60.0759, 2.656 ], [ -60.0644, 2.6625 ], [ -60.0645, 2.6688 ], [ -60.0454, 2.6747 ], [ -60.0397, 2.69 ], [ -60.0122, 2.6995 ], [ -60.0031, 2.7089 ], [ -60.0004, 2.7181 ], [ -59.99186, 2.72343 ], [ -59.98917, 2.69534 ], [ -59.99164, 2.68549 ], [ -59.9766, 2.67061 ], [ -59.97169, 2.65787 ], [ -59.97761, 2.64319 ], [ -59.97503, 2.63698 ], [ -59.96422, 2.62603 ], [ -59.96441, 2.61696 ], [ -59.95781, 2.60958 ], [ -59.96734, 2.6085 ], [ -59.97212, 2.59399 ], [ -59.94224, 2.58413 ], [ -59.93502, 2.57281 ], [ -59.92937, 2.56966 ], [ -59.93852, 2.55253 ], [ -59.91838, 2.52615 ], [ -59.92152, 2.52046 ], [ -59.91911, 2.51571 ], [ -59.92051, 2.50786 ], [ -59.91364, 2.50382 ], [ -59.91227, 2.49487 ], [ -59.89709, 2.48144 ], [ -59.90058, 2.47206 ], [ -59.8943, 2.4649 ], [ -59.89461, 2.45349 ], [ -59.901, 2.43761 ], [ -59.89144, 2.42473 ], [ -59.898, 2.42369 ], [ -59.89632, 2.40823 ], [ -59.90062, 2.39989 ], [ -59.90716, 2.39717 ], [ -59.90924, 2.38947 ], [ -59.90456, 2.37552 ], [ -59.89817, 2.36855 ], [ -59.8989, 2.36288 ], [ -59.88205, 2.35267 ], [ -59.87458, 2.36079 ], [ -59.87164, 2.36032 ], [ -59.86959, 2.35016 ], [ -59.8548, 2.33821 ], [ -59.85415, 2.3315 ], [ -59.84386, 2.3295 ], [ -59.84437, 2.32095 ], [ -59.83802, 2.32092 ], [ -59.82913, 2.32925 ], [ -59.82476, 2.31868 ], [ -59.81889, 2.31792 ], [ -59.81583, 2.31271 ], [ -59.806, 2.30712 ], [ -59.80444, 2.29865 ], [ -59.79923, 2.29776 ], [ -59.79619, 2.29302 ], [ -59.81949, 2.2903 ], [ -59.84496, 2.27727 ], [ -60.04001, 2.20761 ], [ -60.0432, 2.2128 ], [ -60.04335, 2.20408 ], [ -60.0475, 2.19701 ], [ -60.04518, 2.17743 ], [ -60.03872, 2.16963 ], [ -60.03077, 2.16698 ], [ -60.02698, 2.1595 ], [ -60.01999, 2.13936 ], [ -60.02327, 2.13505 ], [ -60.02055, 2.12834 ], [ -60.02246, 2.12156 ], [ -60.01353, 2.11996 ], [ -60.00537, 2.11032 ], [ -60.00529, 2.09646 ], [ -60.0084, 2.09015 ], [ -60.00331, 2.08198 ], [ -60.01238, 2.04118 ], [ -60.01066, 2.02892 ], [ -59.99554, 2.02527 ], [ -59.98952, 2.01159 ], [ -59.98354, 2.00593 ], [ -59.97592, 2.0049 ], [ -59.97522, 1.99965 ], [ -59.73444, 1.99963 ], [ -59.7333, 1.98459 ], [ -59.73884, 1.98321 ], [ -59.73755, 1.97827 ], [ -59.74213, 1.97147 ], [ -59.73655, 1.96599 ], [ -59.7405, 1.95713 ], [ -59.73801, 1.95546 ], [ -59.74605, 1.94102 ], [ -59.74578, 1.9288 ], [ -59.75605, 1.92158 ], [ -59.75411, 1.91213 ], [ -59.75939, 1.90047 ], [ -59.74689, 1.87852 ], [ -59.75355, 1.86658 ], [ -59.75161, 1.85852 ], [ -59.74606, 1.85186 ], [ -59.7255, 1.8488 ], [ -59.71078, 1.85463 ], [ -59.69189, 1.85353 ], [ -59.6805, 1.84546 ], [ -59.67772, 1.83852 ], [ -59.66578, 1.84824 ], [ -59.66939, 1.86074 ], [ -59.66301, 1.87047 ], [ -59.663, 1.86297 ], [ -59.64995, 1.84352 ], [ -59.65855, 1.82435 ], [ -59.65439, 1.81685 ], [ -59.66051, 1.81074 ], [ -59.66495, 1.81352 ], [ -59.67301, 1.80741 ], [ -59.67884, 1.80713 ], [ -59.68106, 1.79629 ], [ -59.67883, 1.79047 ], [ -59.68578, 1.78991 ], [ -59.68855, 1.77852 ], [ -59.68522, 1.77408 ], [ -59.69028, 1.76437 ], [ -59.81763, 1.76221 ], [ -59.81523, 1.72371 ], [ -59.82893, 1.70668 ], [ -59.82016, 1.6866 ], [ -59.81975, 1.67563 ], [ -59.82551, 1.66596 ], [ -59.84157, 1.65302 ], [ -59.84356, 1.64195 ], [ -59.84886, 1.63651 ], [ -59.85265, 1.60807 ], [ -59.84216, 1.59707 ], [ -59.84726, 1.58826 ], [ -59.84385, 1.58207 ], [ -59.84822, 1.56267 ], [ -59.86194, 1.55273 ], [ -59.86963, 1.55386 ], [ -59.87515, 1.54835 ], [ -59.8927, 1.5581 ], [ -59.9105, 1.5518 ], [ -59.9177, 1.5593 ], [ -59.9234, 1.5595 ], [ -59.9355, 1.5674 ], [ -59.9491, 1.5614 ], [ -59.962, 1.563 ], [ -59.9835, 1.559 ], [ -60.012, 1.5469 ], [ -60.0502, 1.5493 ], [ -60.0793, 1.5445 ], [ -60.0947, 1.5483 ], [ -60.1149, 1.5448 ], [ -60.1181, 1.549 ], [ -60.1262, 1.5485 ], [ -60.1412, 1.5544 ], [ -60.1527, 1.5478 ], [ -60.1653, 1.5509 ], [ -60.1815, 1.5483 ], [ -60.2027, 1.5398 ], [ -60.2212, 1.5442 ], [ -60.2126, 1.5413 ], [ -60.21062, 1.53329 ], [ -60.2375, 1.50911 ], [ -60.24519, 1.48983 ], [ -60.24555, 1.47895 ], [ -60.21975, 1.45114 ] ], [ [ -60.15006, 2.37021 ], [ -60.15153, 2.37083 ], [ -60.17681, 2.36506 ], [ -60.15006, 2.37021 ] ], [ [ -60.05467, 2.21755 ], [ -60.0546, 2.2174 ], [ -60.0432, 2.2128 ], [ -60.05467, 2.21755 ] ], [ [ -60.24486, 2.1081 ], [ -60.21861, 2.14998 ], [ -60.21898, 2.14992 ], [ -60.24486, 2.1081 ] ], [ [ -60.21531, 2.05023 ], [ -60.22092, 2.04505 ], [ -60.21504, 2.05024 ], [ -60.21531, 2.05023 ] ], [ [ -60.17503, 2.0435 ], [ -60.18787, 2.04711 ], [ -60.16662, 2.03758 ], [ -60.17503, 2.0435 ] ], [ [ -60.16548, 2.03677 ], [ -60.16595, 2.03711 ], [ -60.16037, 2.02741 ], [ -60.16548, 2.03677 ] ], [ [ -60.02127, 1.82516 ], [ -60.02133, 1.82579 ], [ -60.02266, 1.80412 ], [ -60.02127, 1.82516 ] ], [ [ -60.0239, 1.77259 ], [ -60.02192, 1.78718 ], [ -60.02478, 1.7739 ], [ -60.0239, 1.77259 ] ], [ [ -59.99876, 1.75445 ], [ -60.0225, 1.77049 ], [ -60.02128, 1.76865 ], [ -59.99876, 1.75445 ] ], [ [ -60.47823, 1.73055 ], [ -60.47723, 1.72965 ], [ -60.47565, 1.73071 ], [ -60.47823, 1.73055 ] ], [ [ -60.3583, 1.77625 ], [ -60.3452, 1.77698 ], [ -60.34842, 1.77839 ], [ -60.3583, 1.77625 ] ], [ [ -60.34428, 1.77703 ], [ -60.34384, 1.77705 ], [ -60.34389, 1.77774 ], [ -60.34428, 1.77703 ] ], [ [ -60.25635, 1.8663 ], [ -60.24655, 1.87154 ], [ -60.24753, 1.87226 ], [ -60.25635, 1.8663 ] ], [ [ -60.24366, 1.87308 ], [ -60.23803, 1.8761 ], [ -60.24164, 1.87609 ], [ -60.24366, 1.87308 ] ], [ [ -60.33384, 2.01566 ], [ -60.3263, 2.0174 ], [ -60.3336, 2.0159 ], [ -60.33384, 2.01566 ] ], [ [ -60.34191, 2.0054 ], [ -60.3347, 2.01481 ], [ -60.3407, 2.0089 ], [ -60.34191, 2.0054 ] ], [ [ -60.403, 1.8664 ], [ -60.40127, 1.87715 ], [ -60.4014, 1.877 ], [ -60.403, 1.8664 ] ], [ [ -60.4056, 1.8356 ], [ -60.4051, 1.8473 ], [ -60.40663, 1.83456 ], [ -60.4056, 1.8356 ] ], [ [ -60.4315, 1.8093 ], [ -60.41015, 1.83098 ], [ -60.4158, 1.8274 ], [ -60.4315, 1.8093 ] ], [ [ -60.34748, 1.82684 ], [ -60.3371, 1.8535 ], [ -60.3446, 1.8394 ], [ -60.34748, 1.82684 ] ], [ [ -60.35799, 1.79986 ], [ -60.35419, 1.80962 ], [ -60.3576, 1.8043 ], [ -60.35799, 1.79986 ] ], [ [ -60.353, 1.7877 ], [ -60.35813, 1.79824 ], [ -60.3582, 1.7974 ], [ -60.353, 1.7877 ] ], [ [ -60.20085, 2.58735 ], [ -60.19979, 2.58715 ], [ -60.19936, 2.58736 ], [ -60.20085, 2.58735 ] ], [ [ -59.943, 1.86318 ], [ -59.94151, 1.86436 ], [ -59.95112, 1.86371 ], [ -59.943, 1.86318 ] ], [ [ -59.93519, 1.86941 ], [ -59.93491, 1.87007 ], [ -59.93826, 1.86695 ], [ -59.93519, 1.86941 ] ], [ [ -59.93067, 1.89499 ], [ -59.93265, 1.89257 ], [ -59.93257, 1.89188 ], [ -59.93067, 1.89499 ] ], [ [ -59.91965, 1.9048 ], [ -59.92169, 1.90594 ], [ -59.9226, 1.90483 ], [ -59.91965, 1.9048 ] ], [ [ -59.90034, 1.896 ], [ -59.89958, 1.89647 ], [ -59.90134, 1.89649 ], [ -59.90034, 1.896 ] ], [ [ -59.84233, 1.88729 ], [ -59.81835, 1.91436 ], [ -59.84397, 1.88634 ], [ -59.84233, 1.88729 ] ], [ [ -59.75317, 1.96519 ], [ -59.75151, 1.96769 ], [ -59.76367, 1.96431 ], [ -59.75317, 1.96519 ] ], [ [ -60.01061, 1.91331 ], [ -60.01549, 1.8955 ], [ -60.01469, 1.89598 ], [ -60.01061, 1.91331 ] ], [ [ -59.96669, 1.98635 ], [ -59.97045, 1.97983 ], [ -59.96813, 1.9822 ], [ -59.96669, 1.98635 ] ], [ [ -59.96807, 1.98989 ], [ -59.96631, 1.98748 ], [ -59.96605, 1.98821 ], [ -59.96807, 1.98989 ] ], [ [ -60.11993, 2.23081 ], [ -60.1202, 2.2307 ], [ -60.1276, 2.2238 ], [ -60.11993, 2.23081 ] ], [ [ -60.08241, 2.24414 ], [ -60.08084, 2.24512 ], [ -60.0827, 2.2498 ], [ -60.08241, 2.24414 ] ], [ [ -60.0721, 2.2335 ], [ -60.0651, 2.2286 ], [ -60.07489, 2.23721 ], [ -60.0721, 2.2335 ] ], [ [ -60.07088, 2.18524 ], [ -60.06714, 2.19429 ], [ -60.07519, 2.18387 ], [ -60.07088, 2.18524 ] ], [ [ -60.0223, 2.4402 ], [ -60.0182, 2.4508 ], [ -60.01842, 2.45109 ], [ -60.0223, 2.4402 ] ], [ [ -60.02183, 2.45575 ], [ -60.024, 2.4587 ], [ -60.02476, 2.45901 ], [ -60.02183, 2.45575 ] ] ] } },
{ "type": "Feature", "properties": { "cluster": 294.0, "hvi": 0.106, "population": 2696, "setores": 14, "municipio": "Bonfim" }, "geometry": { "type": "Polygon", "coordinates": [ [ [ -60.29806, 2.62937 ], [ -60.29053, 2.62883 ], [ -60.28236, 2.62302 ], [ -60.27003, 2.60775 ], [ -60.26636, 2.60837 ], [ -60.26065, 2.6017 ], [ -60.24853, 2.60621 ], [ -60.24739, 2.60307 ], [ -60.23551, 2.60221 ], [ -60.22175, 2.59362 ], [ -60.21984, 2.59096 ], [ -60.22597, 2.58655 ], [ -60.22667, 2.56781 ], [ -60.2232, 2.56175 ], [ -60.20781, 2.55091 ], [ -60.20369, 2.54356 ], [ -60.1955, 2.54159 ], [ -60.19613, 2.53915 ], [ -60.22273, 2.53767 ], [ -60.2318, 2.5233 ], [ -60.2378, 2.5008 ], [ -60.2332, 2.4846 ], [ -60.2346, 2.4693 ], [ -60.25402, 2.44629 ], [ -60.26202, 2.42488 ], [ -60.27887, 2.4206 ], [ -60.2906, 2.41027 ], [ -60.29246, 2.40468 ], [ -60.28883, 2.39509 ], [ -60.30606, 2.38793 ], [ -60.30829, 2.38188 ], [ -60.30615, 2.37555 ], [ -60.3095, 2.37266 ], [ -60.30671, 2.37005 ], [ -60.31685, 2.35832 ], [ -60.323, 2.35441 ], [ -60.3411, 2.35164 ], [ -60.3474, 2.35949 ], [ -60.36538, 2.36352 ], [ -60.36166, 2.37849 ], [ -60.35182, 2.38602 ], [ -60.34225, 2.42013 ], [ -60.34642, 2.44972 ], [ -60.34969, 2.45079 ], [ -60.36849, 2.44215 ], [ -60.3921, 2.4568 ], [ -60.40478, 2.46028 ], [ -60.40456, 2.46799 ], [ -60.44256, 2.47032 ], [ -60.43483, 2.53365 ], [ -60.41709, 2.60634 ], [ -60.43249, 2.61378 ], [ -60.4388, 2.62543 ], [ -60.41609, 2.64186 ], [ -60.41171, 2.64169 ], [ -60.40554, 2.64876 ], [ -60.40989, 2.64483 ], [ -60.41277, 2.66197 ], [ -60.46456, 2.73694 ], [ -60.46709, 2.73617 ], [ -60.47207, 2.7417 ], [ -60.47419, 2.74893 ], [ -60.4884, 2.75832 ], [ -60.45626, 2.77477 ], [ -60.41891, 2.80757 ], [ -60.41807, 2.8074 ], [ -60.44753, 2.82493 ], [ -60.46259, 2.82296 ], [ -60.48495, 2.83472 ], [ -60.5109, 2.83766 ], [ -60.52156, 2.84472 ], [ -60.54142, 2.85079 ], [ -60.55914, 2.86221 ], [ -60.56157, 2.87242 ], [ -60.55942, 2.87482 ], [ -60.56266, 2.88122 ], [ -60.56829, 2.88491 ], [ -60.54106, 2.91518 ], [ -60.52606, 2.94629 ], [ -60.5044, 2.97324 ], [ -60.49189, 3.01184 ], [ -60.47857, 3.0274 ], [ -60.44857, 3.04546 ], [ -60.43995, 3.07435 ], [ -60.41777, 3.10124 ], [ -60.39356, 3.14629 ], [ -60.37383, 3.1649 ], [ -60.37439, 3.17073 ], [ -60.38523, 3.18185 ], [ -60.38467, 3.21074 ], [ -60.39412, 3.22379 ], [ -60.40884, 3.25518 ], [ -60.41162, 3.26907 ], [ -60.41051, 3.27963 ], [ -60.40634, 3.28934 ], [ -60.40134, 3.29656 ], [ -60.39606, 3.30046 ], [ -60.35495, 3.31101 ], [ -60.34578, 3.31768 ], [ -60.34329, 3.3224 ], [ -60.34551, 3.33629 ], [ -60.34467, 3.34046 ], [ -60.34078, 3.34685 ], [ -60.32134, 3.36907 ], [ -60.34352, 3.34066 ], [ -60.34244, 3.32242 ], [ -60.34391, 3.31927 ], [ -60.34807, 3.31521 ], [ -60.35602, 3.30999 ], [ -60.35896, 3.30876 ], [ -60.39704, 3.29891 ], [ -60.40678, 3.28735 ], [ -60.41076, 3.27514 ], [ -60.41, 3.26099 ], [ -60.39369, 3.22671 ], [ -60.38527, 3.21467 ], [ -60.39729, 3.23798 ], [ -60.38416, 3.2386 ], [ -60.37707, 3.24537 ], [ -60.35771, 3.23777 ], [ -60.34101, 3.23726 ], [ -60.33449, 3.23261 ], [ -60.31799, 3.24034 ], [ -60.30529, 3.23984 ], [ -60.29106, 3.24367 ], [ -60.28566, 3.25162 ], [ -60.20929, 3.23148 ], [ -60.19373, 3.18844 ], [ -60.19055, 3.19026 ], [ -60.19354, 3.15706 ], [ -60.18923, 3.14496 ], [ -60.19481, 3.13716 ], [ -60.20827, 3.13273 ], [ -60.2168, 3.12409 ], [ -60.22941, 3.08888 ], [ -60.26158, 3.04927 ], [ -60.28227, 3.03069 ], [ -60.29, 3.01341 ], [ -60.27644, 2.96271 ], [ -60.28963, 2.94129 ], [ -60.29394, 2.9389 ], [ -60.28818, 2.94084 ], [ -60.29306, 2.93642 ], [ -60.29276, 2.93219 ], [ -60.29779, 2.93266 ], [ -60.26392, 2.76074 ], [ -60.25718, 2.75686 ], [ -60.26109, 2.76643 ], [ -60.26038, 2.77549 ], [ -60.25008, 2.78324 ], [ -60.24494, 2.79478 ], [ -60.23452, 2.80646 ], [ -60.23335, 2.83852 ], [ -60.2206, 2.84342 ], [ -59.99635, 2.8692 ], [ -59.9902, 2.87132 ], [ -59.98913, 2.88059 ], [ -59.98242, 2.87004 ], [ -59.98725, 2.86339 ], [ -59.98471, 2.85308 ], [ -59.99151, 2.83855 ], [ -59.98705, 2.80291 ], [ -59.99347, 2.78606 ], [ -59.9925, 2.76676 ], [ -59.98781, 2.75066 ], [ -59.99298, 2.73394 ], [ -59.99186, 2.72343 ], [ -60.0004, 2.7181 ], [ -60.0031, 2.7089 ], [ -60.0122, 2.6995 ], [ -60.0397, 2.69 ], [ -60.0454, 2.6747 ], [ -60.0645, 2.6688 ], [ -60.0644, 2.6625 ], [ -60.0759, 2.656 ], [ -60.0788, 2.6471 ], [ -60.0905, 2.6419 ], [ -60.0937, 2.6284 ], [ -60.08968, 2.61701 ], [ -60.09747, 2.61965 ], [ -60.10431, 2.62863 ], [ -60.1224, 2.6144 ], [ -60.16067, 2.61601 ], [ -60.17848, 2.62666 ], [ -60.22853, 2.63932 ], [ -60.24017, 2.64502 ], [ -60.25769, 2.64886 ], [ -60.26917, 2.64594 ], [ -60.30113, 2.65677 ], [ -60.31212, 2.64655 ], [ -60.31056, 2.63856 ], [ -60.30576, 2.64006 ], [ -60.29895, 2.63502 ], [ -60.29806, 2.62937 ] ], [ [ -60.38422, 3.18335 ], [ -60.38354, 3.18264 ], [ -60.38252, 3.20934 ], [ -60.38312, 3.21051 ], [ -60.38422, 3.18335 ] ], [ [ -60.37239, 3.16966 ], [ -60.37223, 3.17038 ], [ -60.37273, 3.17086 ], [ -60.37239, 3.16966 ] ], [ [ -60.22981, 3.16778 ], [ -60.24054, 3.16169 ], [ -60.24641, 3.15827 ], [ -60.22981, 3.16778 ] ], [ [ -60.34664, 2.70483 ], [ -60.35698, 2.68844 ], [ -60.35269, 2.6951 ], [ -60.34664, 2.70483 ] ], [ [ -60.31335, 2.95331 ], [ -60.31372, 2.95341 ], [ -60.30579, 2.94769 ], [ -60.31335, 2.95331 ] ], [ [ -60.41531, 2.80686 ], [ -60.40487, 2.8048 ], [ -60.39431, 2.80657 ], [ -60.41531, 2.80686 ] ], [ [ -60.55449, 2.8928 ], [ -60.55441, 2.89342 ], [ -60.55723, 2.89061 ], [ -60.55449, 2.8928 ] ], [ [ -60.51944, 2.93264 ], [ -60.52062, 2.93198 ], [ -60.52074, 2.93144 ], [ -60.52002, 2.93174 ], [ -60.51944, 2.93264 ] ], [ [ -60.51158, 2.94476 ], [ -60.51581, 2.9394 ], [ -60.51338, 2.94128 ], [ -60.51158, 2.94476 ] ], [ [ -60.51402, 2.94252 ], [ -60.51422, 2.94217 ], [ -60.51158, 2.94476 ], [ -60.51402, 2.94252 ] ], [ [ -60.50352, 2.96651 ], [ -60.50335, 2.96709 ], [ -60.52494, 2.94445 ], [ -60.50352, 2.96651 ] ], [ [ -60.50926, 2.94805 ], [ -60.50877, 2.94862 ], [ -60.50591, 2.95837 ], [ -60.50926, 2.94805 ] ], [ [ -60.51368, 2.9432 ], [ -60.51782, 2.93811 ], [ -60.51089, 2.94616 ], [ -60.51368, 2.9432 ] ], [ [ -60.38531, 3.15318 ], [ -60.37386, 3.16288 ], [ -60.37333, 3.1653 ], [ -60.38531, 3.15318 ] ], [ [ -60.49488, 2.9898 ], [ -60.50549, 2.94717 ], [ -60.50256, 2.95191 ], [ -60.49488, 2.9898 ] ], [ [ -60.49035, 3.00796 ], [ -60.49214, 3.00081 ], [ -60.48793, 3.01166 ], [ -60.49035, 3.00796 ] ], [ [ -60.47904, 3.02522 ], [ -60.48026, 3.02335 ], [ -60.47827, 3.02561 ], [ -60.47904, 3.02522 ] ], [ [ -60.19851, 2.75722 ], [ -60.1993, 2.75404 ], [ -60.18591, 2.75069 ], [ -60.17863, 2.75205 ], [ -60.17964, 2.75635 ], [ -60.18426, 2.75683 ], [ -60.18456, 2.76189 ], [ -60.1867, 2.75849 ], [ -60.19851, 2.75722 ] ] ] } },
{ "type": "Feature", "properties": { "cluster": 295.0, "hvi": 0.112, "population": 194, "setores": 1, "municipio": "Bonfim" }, "geometry": { "type": "Polygon", "coordinates": [ [ [ -60.10026, 2.99073 ], [ -60.10708, 2.98894 ], [ -60.10819, 2.99947 ], [ -60.09882, 3.00028 ], [ -60.10026, 2.99073 ] ] ] } },
{ "type": "Feature", "properties": { "cluster": 296.0, "hvi": 0.1145, "population": 1006, "setores": 5, "municipio": "Bonfim" }, "geometry": { "type": "Polygon", "coordinates": [ [ [ -59.97592, 2.0049 ], [ -59.98354, 2.00593 ], [ -59.98952, 2.01159 ], [ -59.99554, 2.02527 ], [ -60.01066, 2.02892 ], [ -60.01238, 2.04118 ], [ -60.00331, 2.08198 ], [ -60.0084, 2.09015 ], [ -60.00529, 2.09646 ], [ -60.00537, 2.11032 ], [ -60.01353, 2.11996 ], [ -60.02246, 2.12156 ], [ -60.02055, 2.12834 ], [ -60.02327, 2.13505 ], [ -60.01999, 2.13936 ], [ -60.02181, 2.14688 ], [ -60.03077, 2.16698 ], [ -60.03872, 2.16963 ], [ -60.04518, 2.17743 ], [ -60.0475, 2.19701 ], [ -60.0418, 2.2085 ], [ -59.84496, 2.27727 ], [ -59.81585, 2.2915 ], [ -59.79619, 2.29302 ], [ -59.78778, 2.2877 ], [ -59.78713, 2.28368 ], [ -59.77992, 2.28589 ], [ -59.76977, 2.29537 ], [ -59.75015, 2.28775 ], [ -59.74623, 2.29218 ], [ -59.7396, 2.29247 ], [ -59.73755, 2.28644 ], [ -59.73204, 2.28547 ], [ -59.72328, 2.27634 ], [ -59.72946, 2.2646 ], [ -59.72152, 2.24941 ], [ -59.71982, 2.23756 ], [ -59.72965, 2.23305 ], [ -59.72935, 2.21205 ], [ -59.72612, 2.20759 ], [ -59.73672, 2.18891 ], [ -59.73551, 2.18223 ], [ -59.74032, 2.18046 ], [ -59.73719, 2.17425 ], [ -59.74187, 2.16252 ], [ -59.73772, 2.15648 ], [ -59.73964, 2.14691 ], [ -59.72773, 2.13661 ], [ -59.72527, 2.13137 ], [ -59.72893, 2.12418 ], [ -59.72419, 2.12255 ], [ -59.72179, 2.11636 ], [ -59.72318, 2.09822 ], [ -59.73609, 2.08955 ], [ -59.73769, 2.08061 ], [ -59.74083, 2.07918 ], [ -59.73925, 2.07578 ], [ -59.74234, 2.0736 ], [ -59.74092, 2.06268 ], [ -59.7361, 2.05512 ], [ -59.73761, 2.05049 ], [ -59.73231, 2.04572 ], [ -59.73236, 2.0365 ], [ -59.72761, 2.03375 ], [ -59.72982, 2.03041 ], [ -59.7209, 2.02778 ], [ -59.72601, 2.01969 ], [ -59.7338, 2.01822 ], [ -59.73616, 2.01105 ], [ -59.73332, 2.01203 ], [ -59.7315, 2.00799 ], [ -59.73444, 1.99963 ], [ -59.97522, 1.99965 ], [ -59.97592, 2.0049 ] ] ] } },
{ "type": "Feature", "properties": { "cluster": 297.0, "hvi": 0.1256, "population": 401, "setores": 1, "municipio": "Bonfim" }, "geometry": { "type": "Polygon", "coordinates": [ [ [ -60.17964, 2.75635 ], [ -60.17863, 2.75205 ], [ -60.18591, 2.75069 ], [ -60.1993, 2.75404 ], [ -60.19851, 2.75722 ], [ -60.1867, 2.75849 ], [ -60.18456, 2.76189 ], [ -60.18426, 2.75683 ], [ -60.17964, 2.75635 ] ] ] } },
{ "type": "Feature", "properties": { "cluster": 298.0, "hvi": 0.1125, "population": 167, "setores": 1, "municipio": "Bonfim" }, "geometry": { "type": "Polygon", "coordinates": [ [ [ -60.0104, 3.00941 ], [ -60.00485, 2.99854 ], [ -60.01116, 2.99594 ], [ -60.02256, 3.00757 ], [ -60.03068, 3.00304 ], [ -60.03688, 3.00352 ], [ -60.03971, 3.00836 ], [ -60.02562, 3.01396 ], [ -60.0104, 3.00941 ] ] ] } },
{ "type": "Feature", "properties": { "cluster": 299.0, "hvi": 0.1233, "population": 2919, "setores": 8, "municipio": "Bonfim" }, "geometry": { "type": "Polygon", "coordinates": [ [ [ -60.23452, 2.80646 ], [ -60.24494, 2.79478 ], [ -60.25008, 2.78324 ], [ -60.25641, 2.78081 ], [ -60.2615, 2.7721 ], [ -60.25718, 2.75686 ], [ -60.26392, 2.76074 ], [ -60.29934, 2.9322 ], [ -60.29276, 2.93219 ], [ -60.29306, 2.93642 ], [ -60.27644, 2.96271 ], [ -60.29, 3.01341 ], [ -60.28227, 3.03069 ], [ -60.26158, 3.04927 ], [ -60.22941, 3.08888 ], [ -60.2168, 3.12409 ], [ -60.21045, 3.13052 ], [ -60.2129, 3.1114 ], [ -60.2, 3.0947 ], [ -60.1991, 3.0882 ], [ -60.1953, 3.0881 ], [ -60.1878, 3.0759 ], [ -60.186, 3.063 ], [ -60.1777, 3.0499 ], [ -60.16326, 3.04292 ], [ -60.1936, 3.02824 ], [ -60.08672, 3.07842 ], [ -60.07939, 3.08446 ], [ -60.0534, 3.07296 ], [ -60.05395, 3.06503 ], [ -60.0608, 3.06624 ], [ -60.05544, 3.05348 ], [ -60.06393, 3.04573 ], [ -60.06607, 3.03733 ], [ -60.07287, 3.03072 ], [ -60.07094, 3.02142 ], [ -60.06093, 3.02371 ], [ -60.03994, 3.01391 ], [ -60.02676, 3.01891 ], [ -60.0215, 3.01456 ], [ -60.01164, 3.01783 ], [ -60.0057, 3.01164 ], [ -59.98758, 3.00736 ], [ -59.96168, 3.0186 ], [ -59.95983, 3.01303 ], [ -59.9469, 3.00174 ], [ -59.96484, 2.96385 ], [ -59.95987, 2.95336 ], [ -59.98399, 2.93038 ], [ -59.98265, 2.92162 ], [ -59.98665, 2.90892 ], [ -59.9828, 2.90398 ], [ -59.97904, 2.90416 ], [ -59.97802, 2.89627 ], [ -59.9893, 2.88336 ], [ -59.9902, 2.87132 ], [ -60.01365, 2.86659 ], [ -60.2206, 2.84342 ], [ -60.21851, 2.84579 ], [ -60.22506, 2.84045 ], [ -60.23319, 2.83891 ], [ -60.23452, 2.80646 ] ], [ [ -60.20775, 2.85846 ], [ -60.20764, 2.86108 ], [ -60.2093, 2.85782 ], [ -60.20873, 2.85881 ], [ -60.20775, 2.85846 ] ], [ [ -60.18798, 3.02347 ], [ -60.18965, 3.01437 ], [ -60.18945, 3.01437 ], [ -60.18798, 3.02347 ] ], [ [ -60.16018, 2.95535 ], [ -60.17683, 2.89825 ], [ -60.17469, 2.90118 ], [ -60.16018, 2.95535 ] ], [ [ -60.19177, 2.87783 ], [ -60.20433, 2.86755 ], [ -60.20579, 2.86469 ], [ -60.19177, 2.87783 ] ], [ [ -60.03068, 3.00304 ], [ -60.02256, 3.00757 ], [ -60.01116, 2.99594 ], [ -60.00485, 2.99854 ], [ -60.0104, 3.00941 ], [ -60.02562, 3.01396 ], [ -60.03971, 3.00836 ], [ -60.03688, 3.00352 ], [ -60.03068, 3.00304 ] ], [ [ -60.10026, 2.99073 ], [ -60.09882, 3.00028 ], [ -60.10819, 2.99947 ], [ -60.10708, 2.98894 ], [ -60.10026, 2.99073 ] ] ] } },
{ "type": "Feature", "properties": { "cluster": 300.0, "hvi": 0.0966, "population": 2800, "setores": 6, "municipio": "Cantá" }, "geometry": { "type": "Polygon", "coordinates": [ [ [ -60.49497, 2.48381 ], [ -60.49014, 2.48099 ], [ -60.47435, 2.45702 ], [ -60.48572, 2.46562 ], [ -60.52853, 2.4641 ], [ -60.56741, 2.46671 ], [ -60.63559, 2.4845 ], [ -60.63875, 2.53649 ], [ -60.63419, 2.57267 ], [ -60.64026, 2.58319 ], [ -60.62393, 2.59145 ], [ -60.61246, 2.60295 ], [ -60.60562, 2.601 ], [ -60.59911, 2.6044 ], [ -60.59853, 2.60557 ], [ -60.61195, 2.60613 ], [ -60.60877, 2.61342 ], [ -60.59528, 2.61254 ], [ -60.59678, 2.61042 ], [ -60.59707, 2.60847 ], [ -60.59529, 2.61204 ], [ -60.58376, 2.61104 ], [ -60.58619, 2.60539 ], [ -60.58396, 2.60414 ], [ -60.58128, 2.61616 ], [ -60.58262, 2.61368 ], [ -60.59556, 2.61472 ], [ -60.5916, 2.63631 ], [ -60.58373, 2.6187 ], [ -60.59213, 2.63751 ], [ -60.6151, 2.65721 ], [ -60.61002, 2.6698 ], [ -60.6309, 2.7106 ], [ -60.63149, 2.72045 ], [ -60.60575, 2.73693 ], [ -60.59251, 2.73005 ], [ -60.57907, 2.71642 ], [ -60.57619, 2.70395 ], [ -60.56499, 2.6918 ], [ -60.51899, 2.70343 ], [ -60.52551, 2.68226 ], [ -60.52089, 2.67219 ], [ -60.54129, 2.65754 ], [ -60.53518, 2.65009 ], [ -60.53233, 2.62763 ], [ -60.5314, 2.6292 ], [ -60.50616, 2.52128 ], [ -60.49329, 2.49569 ], [ -60.49497, 2.48381 ] ], [ [ -60.56404, 2.61636 ], [ -60.565, 2.6158 ], [ -60.567, 2.6067 ], [ -60.56404, 2.61636 ] ], [ [ -60.5333, 2.626 ], [ -60.5561, 2.621 ], [ -60.56358, 2.61663 ], [ -60.5333, 2.626 ] ] ] } },
{ "type": "Feature", "properties": { "cluster": 301.0, "hvi": 0.1087, "population": 2977, "setores": 5, "municipio": "Cantá" }, "geometry": { "type": "MultiPolygon", "coordinates": [ [ [ [ -60.81412, 2.52623 ], [ -60.82139, 2.51476 ], [ -60.8189, 2.52926 ], [ -60.82252, 2.55038 ], [ -60.81611, 2.55402 ], [ -60.81412, 2.53786 ], [ -60.81412, 2.52623 ] ] ], [ [ [ -60.78716, 2.60803 ], [ -60.79125, 2.60417 ], [ -60.78733, 2.61205 ], [ -60.78462, 2.61271 ], [ -60.78716, 2.60803 ] ] ], [ [ [ -60.58128, 2.61616 ], [ -60.58396, 2.60414 ], [ -60.58619, 2.60539 ], [ -60.58376, 2.61104 ], [ -60.60877, 2.61342 ], [ -60.60867, 2.61535 ], [ -60.61195, 2.60613 ], [ -60.59777, 2.60553 ], [ -60.60562, 2.601 ], [ -60.61246, 2.60295 ], [ -60.62393, 2.59145 ], [ -60.64026, 2.58319 ], [ -60.63419, 2.57267 ], [ -60.63531, 2.56807 ], [ -60.6428, 2.5683 ], [ -60.6455, 2.5653 ], [ -60.6473, 2.5676 ], [ -60.6501, 2.5628 ], [ -60.6533, 2.5639 ], [ -60.6538, 2.5601 ], [ -60.6609, 2.562 ], [ -60.6635, 2.5571 ], [ -60.669, 2.5572 ], [ -60.6719, 2.5515 ], [ -60.6763, 2.5509 ], [ -60.6765, 2.5416 ], [ -60.6922, 2.53 ], [ -60.6895, 2.5286 ], [ -60.6937, 2.5274 ], [ -60.6968, 2.5212 ], [ -60.7055, 2.5154 ], [ -60.7082, 2.5193 ], [ -60.7129, 2.5149 ], [ -60.7114, 2.512 ], [ -60.7231, 2.5061 ], [ -60.7235, 2.5023 ], [ -60.7283, 2.5049 ], [ -60.7343, 2.5004 ], [ -60.7342, 2.4953 ], [ -60.7427, 2.4932 ], [ -60.7469, 2.4799 ], [ -60.7577, 2.4758 ], [ -60.7608, 2.4695 ], [ -60.7755, 2.4663 ], [ -60.7802, 2.4684 ], [ -60.7799, 2.4626 ], [ -60.7839, 2.4629 ], [ -60.7855, 2.4593 ], [ -60.7883, 2.4626 ], [ -60.79, 2.4566 ], [ -60.7948, 2.4594 ], [ -60.8057, 2.451 ], [ -60.8158, 2.4495 ], [ -60.8169, 2.4408 ], [ -60.8221, 2.4413 ], [ -60.83, 2.4364 ], [ -60.8282, 2.4319 ], [ -60.8321, 2.4235 ], [ -60.83215, 2.42974 ], [ -60.8233, 2.46541 ], [ -60.82232, 2.50176 ], [ -60.80978, 2.52796 ], [ -60.81216, 2.55246 ], [ -60.80809, 2.57688 ], [ -60.78055, 2.61316 ], [ -60.77694, 2.63216 ], [ -60.7693, 2.64586 ], [ -60.74144, 2.67106 ], [ -60.72532, 2.69549 ], [ -60.6925, 2.72717 ], [ -60.68322, 2.74495 ], [ -60.68172, 2.75649 ], [ -60.67414, 2.76712 ], [ -60.66619, 2.79549 ], [ -60.65729, 2.80761 ], [ -60.65041, 2.7972 ], [ -60.63463, 2.79412 ], [ -60.61881, 2.78197 ], [ -60.61803, 2.77257 ], [ -60.60823, 2.76623 ], [ -60.60381, 2.75863 ], [ -60.60575, 2.73693 ], [ -60.63167, 2.72014 ], [ -60.63026, 2.70899 ], [ -60.61002, 2.6698 ], [ -60.6151, 2.65721 ], [ -60.5916, 2.63631 ], [ -60.59556, 2.61472 ], [ -60.58262, 2.61368 ], [ -60.58128, 2.61616 ] ], [ [ -60.74443, 2.5643 ], [ -60.74374, 2.56354 ], [ -60.73973, 2.56696 ], [ -60.74443, 2.5643 ] ], [ [ -60.74509, 2.57211 ], [ -60.74712, 2.56729 ], [ -60.74569, 2.5657 ], [ -60.74509, 2.57211 ] ], [ [ -60.6509, 2.78904 ], [ -60.65098, 2.79007 ], [ -60.65297, 2.79014 ], [ -60.6509, 2.78904 ] ], [ [ -60.65084, 2.7883 ], [ -60.65192, 2.78838 ], [ -60.65067, 2.78628 ], [ -60.65084, 2.7883 ] ] ], [ [ [ -60.74416, 2.67335 ], [ -60.73931, 2.67738 ], [ -60.74564, 2.67126 ], [ -60.74416, 2.67335 ] ] ] ] } },
{ "type": "Feature", "properties": { "cluster": 302.0, "hvi": 0.0832, "population": 2964, "setores": 15, "municipio": "Cantá" }, "geometry": { "type": "MultiPolygon", "coordinates": [ [ [ [ -60.6311, 2.2857 ], [ -60.6351, 2.2831 ], [ -60.6312, 2.2982 ], [ -60.6334, 2.328 ], [ -60.6265, 2.3323 ], [ -60.629, 2.3349 ], [ -60.6287, 2.3489 ], [ -60.6363, 2.3564 ], [ -60.6444, 2.3829 ], [ -60.6441, 2.3941 ], [ -60.6369, 2.4022 ], [ -60.6431, 2.403 ], [ -60.6541, 2.4129 ], [ -60.6564, 2.4213 ], [ -60.6631, 2.4186 ], [ -60.6615, 2.4225 ], [ -60.667, 2.4217 ], [ -60.64506, 2.44034 ], [ -60.63888, 2.47024 ], [ -60.63477, 2.47339 ], [ -60.63559, 2.4845 ], [ -60.56741, 2.46671 ], [ -60.48542, 2.46505 ], [ -60.47242, 2.4559 ], [ -60.49497, 2.48381 ], [ -60.49329, 2.49569 ], [ -60.50616, 2.52128 ], [ -60.5314, 2.6292 ], [ -60.53485, 2.63658 ], [ -60.53518, 2.65009 ], [ -60.54129, 2.65754 ], [ -60.52089, 2.67219 ], [ -60.52551, 2.68226 ], [ -60.51899, 2.70343 ], [ -60.56499, 2.6918 ], [ -60.57619, 2.70395 ], [ -60.57907, 2.71642 ], [ -60.59251, 2.73005 ], [ -60.60575, 2.73693 ], [ -60.60381, 2.75863 ], [ -60.60823, 2.76623 ], [ -60.61869, 2.77441 ], [ -60.61816, 2.78354 ], [ -60.60943, 2.79393 ], [ -60.60955, 2.80206 ], [ -60.61864, 2.80696 ], [ -60.62606, 2.80285 ], [ -60.63211, 2.80927 ], [ -60.65033, 2.79717 ], [ -60.65669, 2.80395 ], [ -60.65425, 2.81369 ], [ -60.63766, 2.83397 ], [ -60.63315, 2.83411 ], [ -60.62974, 2.83564 ], [ -60.62226, 2.83601 ], [ -60.60752, 2.84533 ], [ -60.60425, 2.8488 ], [ -60.5878, 2.855 ], [ -60.58343, 2.86084 ], [ -60.57667, 2.86329 ], [ -60.56462, 2.87278 ], [ -60.56196, 2.87629 ], [ -60.55942, 2.87482 ], [ -60.56157, 2.87242 ], [ -60.55862, 2.86121 ], [ -60.54142, 2.85079 ], [ -60.52495, 2.84617 ], [ -60.50965, 2.83727 ], [ -60.48495, 2.83472 ], [ -60.46259, 2.82296 ], [ -60.45812, 2.82352 ], [ -60.454, 2.82599 ], [ -60.43015, 2.8163 ], [ -60.429, 2.81192 ], [ -60.41891, 2.80757 ], [ -60.45626, 2.77477 ], [ -60.4884, 2.75832 ], [ -60.47419, 2.74893 ], [ -60.46709, 2.73617 ], [ -60.47413, 2.73176 ], [ -60.46456, 2.73694 ], [ -60.41277, 2.66197 ], [ -60.41062, 2.65274 ], [ -60.41037, 2.6423 ], [ -60.42087, 2.64001 ], [ -60.4388, 2.62543 ], [ -60.43249, 2.61378 ], [ -60.41709, 2.60634 ], [ -60.43483, 2.53365 ], [ -60.44256, 2.47032 ], [ -60.40456, 2.46799 ], [ -60.40612, 2.44345 ], [ -60.40478, 2.46028 ], [ -60.3921, 2.4568 ], [ -60.36849, 2.44215 ], [ -60.34969, 2.45079 ], [ -60.34642, 2.44972 ], [ -60.34225, 2.42013 ], [ -60.35182, 2.38602 ], [ -60.36166, 2.37849 ], [ -60.36538, 2.36352 ], [ -60.3474, 2.35949 ], [ -60.3411, 2.35164 ], [ -60.34766, 2.35056 ], [ -60.34861, 2.34471 ], [ -60.3558, 2.33854 ], [ -60.3692, 2.3378 ], [ -60.381, 2.323 ], [ -60.3808, 2.3079 ], [ -60.3887, 2.2877 ], [ -60.3925, 2.2516 ], [ -60.40252, 2.24405 ], [ -60.42607, 2.23614 ], [ -60.43069, 2.22304 ], [ -60.44411, 2.21687 ], [ -60.44827, 2.20808 ], [ -60.46616, 2.19721 ], [ -60.46423, 2.18356 ], [ -60.46843, 2.17932 ], [ -60.46485, 2.16907 ], [ -60.48323, 2.15901 ], [ -60.48868, 2.13656 ], [ -60.49868, 2.13408 ], [ -60.49064, 2.11154 ], [ -60.49154, 2.10049 ], [ -60.50995, 2.09117 ], [ -60.50154, 2.08486 ], [ -60.5125, 2.0774 ], [ -60.5173, 2.061 ], [ -60.5202, 2.0458 ], [ -60.5145, 2.0271 ], [ -60.5164, 2.014 ], [ -60.5201, 2.0114 ], [ -60.534, 2.0176 ], [ -60.5358, 2.0132 ], [ -60.5486, 2.0076 ], [ -60.555, 2.0082 ], [ -60.56855, 2.01327 ], [ -60.59134, 2.03603 ], [ -60.60489, 2.04076 ], [ -60.60836, 2.05991 ], [ -60.60232, 2.08063 ], [ -60.5964, 2.08734 ], [ -60.59462, 2.10114 ], [ -60.59787, 2.10405 ], [ -60.59833, 2.11391 ], [ -60.59603, 2.1266 ], [ -60.59895, 2.13513 ], [ -60.59596, 2.13804 ], [ -60.59958, 2.14079 ], [ -60.606, 2.16 ], [ -60.6047, 2.1777 ], [ -60.5988, 2.18026 ], [ -60.6003, 2.1846 ], [ -60.597, 2.1865 ], [ -60.5967, 2.1923 ], [ -60.6033, 2.198 ], [ -60.6038, 2.2087 ], [ -60.6084, 2.2135 ], [ -60.6065, 2.2171 ], [ -60.6162, 2.2195 ], [ -60.6168, 2.2366 ], [ -60.6201, 2.2459 ], [ -60.6231, 2.2468 ], [ -60.6193, 2.2529 ], [ -60.6217, 2.2576 ], [ -60.6186, 2.2612 ], [ -60.6203, 2.27 ], [ -60.6179, 2.269 ], [ -60.614, 2.2738 ], [ -60.62593, 2.28433 ], [ -60.6311, 2.2857 ] ], [ [ -60.5252, 2.6261 ], [ -60.52502, 2.6264 ], [ -60.5314, 2.6292 ], [ -60.5252, 2.6261 ] ], [ [ -60.51925, 2.72264 ], [ -60.51978, 2.71655 ], [ -60.51899, 2.70343 ], [ -60.51925, 2.72264 ] ], [ [ -60.56748, 2.75384 ], [ -60.57154, 2.75387 ], [ -60.60575, 2.73693 ], [ -60.56748, 2.75384 ] ], [ [ -60.57244, 2.75898 ], [ -60.57043, 2.75853 ], [ -60.57316, 2.76002 ], [ -60.57154, 2.75387 ], [ -60.57244, 2.75898 ] ], [ [ -60.55421, 2.37962 ], [ -60.52544, 2.38311 ], [ -60.52286, 2.3855 ], [ -60.55421, 2.37962 ] ], [ [ -60.58778, 2.316 ], [ -60.58814, 2.31429 ], [ -60.56083, 2.37366 ], [ -60.58778, 2.316 ] ], [ [ -60.59279, 2.29245 ], [ -60.59208, 2.29236 ], [ -60.59248, 2.29391 ], [ -60.59279, 2.29245 ] ], [ [ -60.52243, 2.3859 ], [ -60.52233, 2.386 ], [ -60.50769, 2.43033 ], [ -60.52243, 2.3859 ] ], [ [ -60.55856, 2.7435 ], [ -60.56259, 2.75426 ], [ -60.56459, 2.75535 ], [ -60.55856, 2.7435 ] ], [ [ -60.56239, 2.80036 ], [ -60.55811, 2.79896 ], [ -60.55315, 2.79735 ], [ -60.56239, 2.80036 ] ], [ [ -60.5738, 2.76241 ], [ -60.57322, 2.76024 ], [ -60.56553, 2.77996 ], [ -60.5738, 2.76241 ] ], [ [ -60.4604, 2.67517 ], [ -60.45913, 2.67319 ], [ -60.45864, 2.67338 ], [ -60.4604, 2.67517 ] ], [ [ -60.45202, 2.67748 ], [ -60.45638, 2.68061 ], [ -60.4508, 2.67653 ], [ -60.44698, 2.67807 ], [ -60.45202, 2.67748 ] ], [ [ -60.5905, 2.2862 ], [ -60.5865, 2.284 ], [ -60.58588, 2.28399 ], [ -60.5905, 2.2862 ] ], [ [ -60.58454, 2.28395 ], [ -60.5698, 2.2836 ], [ -60.56661, 2.28478 ], [ -60.58454, 2.28395 ] ], [ [ -60.5941, 2.1573 ], [ -60.59374, 2.15704 ], [ -60.5925, 2.162 ], [ -60.5941, 2.1573 ] ], [ [ -60.5834, 2.1494 ], [ -60.58301, 2.14964 ], [ -60.59007, 2.15432 ], [ -60.5834, 2.1494 ] ], [ [ -60.45544, 2.45022 ], [ -60.44521, 2.44968 ], [ -60.45979, 2.45301 ], [ -60.45544, 2.45022 ] ], [ [ -60.44014, 2.44941 ], [ -60.42166, 2.45726 ], [ -60.44156, 2.44948 ], [ -60.44014, 2.44941 ] ], [ [ -60.451, 2.66304 ], [ -60.44681, 2.66987 ], [ -60.45042, 2.67348 ], [ -60.46008, 2.66955 ], [ -60.45918, 2.66446 ], [ -60.451, 2.66304 ] ], [ [ -60.53782, 2.75888 ], [ -60.53404, 2.76169 ], [ -60.53417, 2.76839 ], [ -60.54202, 2.77966 ], [ -60.54481, 2.76697 ], [ -60.53782, 2.75888 ] ] ], [ [ [ -60.66686, 2.79705 ], [ -60.6623, 2.8094 ], [ -60.6569, 2.81664 ], [ -60.66076, 2.80343 ], [ -60.66686, 2.79705 ] ] ], [ [ [ -60.6507, 2.82717 ], [ -60.64607, 2.83074 ], [ -60.64532, 2.82551 ], [ -60.65492, 2.81375 ], [ -60.6507, 2.82717 ] ] ], [ [ [ -60.56281, 2.88003 ], [ -60.56513, 2.87268 ], [ -60.58343, 2.86112 ], [ -60.58782, 2.85521 ], [ -60.60424, 2.84906 ], [ -60.6228, 2.83619 ], [ -60.62937, 2.83615 ], [ -60.63847, 2.83431 ], [ -60.64428, 2.8273 ], [ -60.64498, 2.8316 ], [ -60.63649, 2.83939 ], [ -60.60884, 2.84742 ], [ -60.57823, 2.87235 ], [ -60.56281, 2.88003 ] ] ] ] } },
{ "type": "Feature", "properties": { "cluster": 303.0, "hvi": 0.1093, "population": 596, "setores": 1, "municipio": "Cantá" }, "geometry": { "type": "Polygon", "coordinates": [ [ [ -60.65583, 1.89761 ], [ -60.66962, 1.89602 ], [ -60.70701, 1.90223 ], [ -60.72456, 1.89656 ], [ -60.7322, 1.89894 ], [ -60.73962, 1.89731 ], [ -60.75007, 1.90581 ], [ -60.76037, 1.93562 ], [ -60.76045, 1.95771 ], [ -60.74832, 1.97738 ], [ -60.74238, 1.99857 ], [ -60.5879, 2.00817 ], [ -60.58625, 2.00016 ], [ -60.57446, 1.98376 ], [ -60.58401, 1.93984 ], [ -60.65583, 1.89761 ] ] ] } },
{ "type": "Feature", "properties": { "cluster": 304.0, "hvi": 0.116, "population": 680, "setores": 1, "municipio": "Cantá" }, "geometry": { "type": "Polygon", "coordinates": [ [ [ -60.61762, 2.10505 ], [ -60.62179, 2.10543 ], [ -60.61834, 2.11074 ], [ -60.62205, 2.11477 ], [ -60.61833, 2.11751 ], [ -60.61301, 2.11283 ], [ -60.61762, 2.10505 ] ] ] } },
{ "type": "Feature", "properties": { "cluster": 305.0, "hvi": 0.0992, "population": 2587, "setores": 6, "municipio": "Cantá" }, "geometry": { "type": "Polygon", "coordinates": [ [ [ -60.6564, 2.4213 ], [ -60.6541, 2.4129 ], [ -60.6431, 2.403 ], [ -60.6369, 2.4022 ], [ -60.6441, 2.3941 ], [ -60.6444, 2.3829 ], [ -60.6363, 2.3564 ], [ -60.6287, 2.3489 ], [ -60.629, 2.3349 ], [ -60.6265, 2.3323 ], [ -60.6334, 2.328 ], [ -60.6312, 2.2982 ], [ -60.6354, 2.2835 ], [ -60.6268, 2.2849 ], [ -60.614, 2.2738 ], [ -60.6179, 2.269 ], [ -60.6203, 2.27 ], [ -60.6186, 2.2612 ], [ -60.6217, 2.2576 ], [ -60.6193, 2.2529 ], [ -60.6233, 2.2482 ], [ -60.6168, 2.2366 ], [ -60.6162, 2.2195 ], [ -60.6065, 2.2171 ], [ -60.6084, 2.2135 ], [ -60.6038, 2.2087 ], [ -60.6033, 2.198 ], [ -60.5967, 2.1923 ], [ -60.5992, 2.1805 ], [ -60.6061, 2.1754 ], [ -60.606, 2.16 ], [ -60.59983, 2.1434 ], [ -60.71165, 2.21446 ], [ -60.69318, 2.24478 ], [ -60.739, 2.27354 ], [ -60.71047, 2.31886 ], [ -60.71273, 2.34157 ], [ -60.70577, 2.37449 ], [ -60.7046, 2.39693 ], [ -60.7008, 2.3961 ], [ -60.7106, 2.4001 ], [ -60.7151, 2.3936 ], [ -60.7137, 2.3857 ], [ -60.7218, 2.3841 ], [ -60.7219, 2.3739 ], [ -60.7262, 2.3695 ], [ -60.7327, 2.3702 ], [ -60.7398, 2.3759 ], [ -60.74, 2.3679 ], [ -60.7493, 2.3665 ], [ -60.7503, 2.3534 ], [ -60.756, 2.349 ], [ -60.7532, 2.3446 ], [ -60.7603, 2.3475 ], [ -60.7616, 2.3382 ], [ -60.7683, 2.3381 ], [ -60.769, 2.3406 ], [ -60.7818, 2.3373 ], [ -60.7908, 2.3427 ], [ -60.7969, 2.3404 ], [ -60.7969, 2.3436 ], [ -60.8029, 2.3468 ], [ -60.8097, 2.3436 ], [ -60.8133, 2.3464 ], [ -60.8178, 2.342 ], [ -60.8204, 2.3491 ], [ -60.82955, 2.34485 ], [ -60.83308, 2.34612 ], [ -60.83168, 2.36354 ], [ -60.84249, 2.38419 ], [ -60.84319, 2.40232 ], [ -60.8282, 2.4319 ], [ -60.8298, 2.4367 ], [ -60.8221, 2.4413 ], [ -60.8169, 2.4408 ], [ -60.8163, 2.449 ], [ -60.8111, 2.4495 ], [ -60.8112, 2.4519 ], [ -60.8057, 2.451 ], [ -60.7948, 2.4594 ], [ -60.7896, 2.4567 ], [ -60.7883, 2.4626 ], [ -60.7855, 2.4593 ], [ -60.7839, 2.4629 ], [ -60.7799, 2.4626 ], [ -60.7802, 2.4684 ], [ -60.7755, 2.4663 ], [ -60.7608, 2.4695 ], [ -60.7577, 2.4758 ], [ -60.7469, 2.4799 ], [ -60.7443, 2.4916 ], [ -60.7342, 2.4953 ], [ -60.7343, 2.5004 ], [ -60.7283, 2.5049 ], [ -60.7235, 2.5023 ], [ -60.7231, 2.5061 ], [ -60.7114, 2.512 ], [ -60.7129, 2.5149 ], [ -60.7082, 2.5193 ], [ -60.7055, 2.5154 ], [ -60.6968, 2.5212 ], [ -60.6937, 2.5274 ], [ -60.6895, 2.5286 ], [ -60.6922, 2.53 ], [ -60.6765, 2.5416 ], [ -60.6763, 2.5509 ], [ -60.6719, 2.5515 ], [ -60.669, 2.5572 ], [ -60.6635, 2.5571 ], [ -60.6609, 2.562 ], [ -60.6538, 2.5601 ], [ -60.6533, 2.5639 ], [ -60.6501, 2.5628 ], [ -60.6473, 2.5676 ], [ -60.6455, 2.5653 ], [ -60.6428, 2.5683 ], [ -60.63531, 2.56807 ], [ -60.63875, 2.53649 ], [ -60.63477, 2.47339 ], [ -60.63888, 2.47024 ], [ -60.64506, 2.44034 ], [ -60.667, 2.4217 ], [ -60.6615, 2.4225 ], [ -60.6631, 2.4186 ], [ -60.6564, 2.4213 ] ] ] } },
{ "type": "Feature", "properties": { "cluster": 306.0, "hvi": 0.1249, "population": 920, "setores": 1, "municipio": "Cantá" }, "geometry": { "type": "Polygon", "coordinates": [ [ [ -60.53486, 2.7599 ], [ -60.53957, 2.75942 ], [ -60.54425, 2.7651 ], [ -60.54202, 2.77966 ], [ -60.53417, 2.76839 ], [ -60.53486, 2.7599 ] ] ] } },
{ "type": "Feature", "properties": { "cluster": 307.0, "hvi": 0.0957, "population": 470, "setores": 1, "municipio": "Cantá" }, "geometry": { "type": "Polygon", "coordinates": [ [ [ -60.44681, 2.66987 ], [ -60.451, 2.66304 ], [ -60.45918, 2.66446 ], [ -60.46008, 2.66955 ], [ -60.45042, 2.67348 ], [ -60.44681, 2.66987 ] ] ] } },
{ "type": "Feature", "properties": { "cluster": 308.0, "hvi": 0.0795, "population": 149, "setores": 1, "municipio": "Cantá" }, "geometry": { "type": "Polygon", "coordinates": [ [ [ -60.20977, 2.45735 ], [ -60.21413, 2.45726 ], [ -60.21381, 2.46088 ], [ -60.20983, 2.46097 ], [ -60.20977, 2.45735 ] ] ] } },
{ "type": "Feature", "properties": { "cluster": 309.0, "hvi": 0.1098, "population": 561, "setores": 1, "municipio": "Cantá" }, "geometry": { "type": "Polygon", "coordinates": [ [ [ -60.57739, 1.86464 ], [ -60.58391, 1.86082 ], [ -60.58756, 1.86687 ], [ -60.58108, 1.87057 ], [ -60.57739, 1.86464 ] ] ] } },
{ "type": "Feature", "properties": { "cluster": 310.0, "hvi": 0.1146, "population": 1667, "setores": 2, "municipio": "Cantá" }, "geometry": { "type": "Polygon", "coordinates": [ [ [ -60.63463, 2.79412 ], [ -60.63991, 2.79372 ], [ -60.64889, 2.79713 ], [ -60.63211, 2.80927 ], [ -60.62606, 2.80285 ], [ -60.61864, 2.80696 ], [ -60.60955, 2.80206 ], [ -60.60943, 2.79393 ], [ -60.61887, 2.78199 ], [ -60.63463, 2.79412 ] ], [ [ -60.62289, 2.79985 ], [ -60.62283, 2.80053 ], [ -60.62916, 2.79634 ], [ -60.62289, 2.79985 ] ] ] } },
{ "type": "Feature", "properties": { "cluster": 311.0, "hvi": 0.1197, "population": 1997, "setores": 3, "municipio": "Caracaraí" }, "geometry": { "type": "MultiPolygon", "coordinates": [ [ [ [ -61.12955, 1.81112 ], [ -61.13216, 1.81084 ], [ -61.13034, 1.81615 ], [ -61.13434, 1.81751 ], [ -61.13375, 1.82166 ], [ -61.13028, 1.81632 ], [ -61.1299, 1.81743 ], [ -61.12763, 1.81716 ], [ -61.12955, 1.81112 ] ] ], [ [ [ -61.13428, 1.81797 ], [ -61.13937, 1.82585 ], [ -61.13343, 1.83158 ], [ -61.1283, 1.82484 ], [ -61.13347, 1.82471 ], [ -61.13428, 1.81797 ] ] ] ] } },
{ "type": "Feature", "properties": { "cluster": 312.0, "hvi": 0.1208, "population": 2851, "setores": 4, "municipio": "Caracaraí" }, "geometry": { "type": "MultiPolygon", "coordinates": [ [ [ [ -61.13789, 1.80226 ], [ -61.13273, 1.81241 ], [ -61.12955, 1.81112 ], [ -61.12629, 1.81687 ], [ -61.12928, 1.80671 ], [ -61.1344, 1.79791 ], [ -61.13789, 1.80226 ] ] ], [ [ [ -61.13105, 1.81754 ], [ -61.13046, 1.8191 ], [ -61.13213, 1.81766 ], [ -61.13347, 1.82471 ], [ -61.12917, 1.82421 ], [ -61.12946, 1.82178 ], [ -61.1283, 1.82484 ], [ -61.12392, 1.8207 ], [ -61.12629, 1.81687 ], [ -61.13105, 1.81754 ] ] ] ] } },
{ "type": "Feature", "properties": { "cluster": 313.0, "hvi": 0.1113, "population": 2926, "setores": 8, "municipio": "Caracaraí" }, "geometry": { "type": "Polygon", "coordinates": [ [ [ -61.01455, 1.97326 ], [ -60.99795, 1.95799 ], [ -60.97813, 1.94579 ], [ -60.9754, 1.94937 ], [ -60.97053, 1.9464 ], [ -60.97028, 1.94521 ], [ -60.97327, 1.93913 ], [ -60.97387, 1.92492 ], [ -60.97717, 1.92191 ], [ -60.97801, 1.90968 ], [ -60.98025, 1.90654 ], [ -60.99869, 1.89983 ], [ -61.00347, 1.8921 ], [ -61.00433, 1.88146 ], [ -61.01015, 1.87488 ], [ -61.02934, 1.87672 ], [ -61.04067, 1.86794 ], [ -61.04423, 1.85775 ], [ -61.05415, 1.86183 ], [ -61.06741, 1.85418 ], [ -61.07817, 1.85358 ], [ -61.0881, 1.84729 ], [ -61.10773, 1.82309 ], [ -61.11905, 1.81771 ], [ -61.12667, 1.79829 ], [ -61.13052, 1.75985 ], [ -61.13546, 1.74467 ], [ -61.14244, 1.73848 ], [ -61.1534, 1.71693 ], [ -61.18289, 1.69274 ], [ -61.19587, 1.66142 ], [ -61.21228, 1.63619 ], [ -61.22784, 1.59813 ], [ -61.2311, 1.5805 ], [ -61.2298, 1.5698 ], [ -61.24984, 1.45795 ], [ -61.27059, 1.41072 ], [ -61.26926, 1.36069 ], [ -61.28958, 1.30213 ], [ -61.29502, 1.2687 ], [ -61.3226, 1.2074 ], [ -61.3246, 1.1804 ], [ -61.32, 1.1507 ], [ -61.3243, 1.1336 ], [ -61.3274, 1.08793 ], [ -61.33261, 1.06116 ], [ -61.33504, 1.05765 ], [ -61.34041, 1.05361 ], [ -61.3464, 1.0401 ], [ -61.36019, 0.97044 ], [ -61.3589, 0.96463 ], [ -61.36662, 0.95408 ], [ -61.3719, 0.9313 ], [ -61.4244, 0.86991 ], [ -61.43218, 0.83269 ], [ -61.45384, 0.78548 ], [ -61.50051, 0.72353 ], [ -61.52718, 0.70603 ], [ -61.5594, 0.67935 ], [ -61.57051, 0.66602 ], [ -61.59302, 0.62825 ], [ -61.61524, 0.60658 ], [ -61.62634, 0.56159 ], [ -61.63274, 0.54658 ], [ -61.65023, 0.51547 ], [ -61.67579, 0.49686 ], [ -61.68718, 0.48381 ], [ -61.68829, 0.48047 ], [ -61.69024, 0.4777 ], [ -61.69385, 0.46714 ], [ -61.6969, 0.46103 ], [ -61.70024, 0.4549 ], [ -61.70579, 0.44631 ], [ -61.71135, 0.43575 ], [ -61.71884, 0.40881 ], [ -61.72061, 0.39938 ], [ -61.72496, 0.38685 ], [ -61.72718, 0.37297 ], [ -61.73135, 0.36019 ], [ -61.75885, 0.30964 ], [ -61.77293, 0.22464 ], [ -61.76957, 0.28944 ], [ -61.76528, 0.31486 ], [ -61.75804, 0.3313 ], [ -61.75719, 0.34881 ], [ -61.75653, 0.34194 ], [ -61.75045, 0.35387 ], [ -61.7552, 0.33968 ], [ -61.75196, 0.3414 ], [ -61.75014, 0.33869 ], [ -61.72966, 0.37275 ], [ -61.72539, 0.39899 ], [ -61.73589, 0.42465 ], [ -61.73062, 0.44198 ], [ -61.71508, 0.46131 ], [ -61.69774, 0.49107 ], [ -61.69435, 0.49211 ], [ -61.70058, 0.48402 ], [ -61.69437, 0.48616 ], [ -61.67132, 0.50888 ], [ -61.65923, 0.51619 ], [ -61.65546, 0.51657 ], [ -61.6494, 0.52531 ], [ -61.64768, 0.52662 ], [ -61.6471, 0.52433 ], [ -61.64212, 0.53021 ], [ -61.63291, 0.54652 ], [ -61.61532, 0.61149 ], [ -61.60897, 0.62369 ], [ -61.58141, 0.66003 ], [ -61.57342, 0.6727 ], [ -61.57271, 0.68107 ], [ -61.56842, 0.68911 ], [ -61.5561, 0.70156 ], [ -61.55314, 0.71044 ], [ -61.54139, 0.72587 ], [ -61.51561, 0.74573 ], [ -61.51752, 0.7403 ], [ -61.52389, 0.73788 ], [ -61.54271, 0.72031 ], [ -61.55599, 0.69856 ], [ -61.56927, 0.68421 ], [ -61.56182, 0.68653 ], [ -61.56019, 0.69121 ], [ -61.55757, 0.69386 ], [ -61.55485, 0.69479 ], [ -61.54861, 0.69405 ], [ -61.54796, 0.70204 ], [ -61.54143, 0.70633 ], [ -61.53702, 0.71772 ], [ -61.53417, 0.72049 ], [ -61.52556, 0.7241 ], [ -61.51952, 0.72466 ], [ -61.50292, 0.75335 ], [ -61.47753, 0.7787 ], [ -61.45198, 0.81274 ], [ -61.43714, 0.8378 ], [ -61.42805, 0.88127 ], [ -61.40844, 0.91467 ], [ -61.39879, 0.92577 ], [ -61.40077, 0.94898 ], [ -61.38881, 0.97005 ], [ -61.37798, 0.98159 ], [ -61.37424, 1.01467 ], [ -61.35376, 1.05936 ], [ -61.34474, 1.08753 ], [ -61.34504, 1.11483 ], [ -61.33806, 1.148 ], [ -61.33671, 1.22646 ], [ -61.33295, 1.25015 ], [ -61.32587, 1.26947 ], [ -61.31592, 1.2789 ], [ -61.31333, 1.28505 ], [ -61.30626, 1.29478 ], [ -61.28909, 1.34445 ], [ -61.29029, 1.36822 ], [ -61.28167, 1.42741 ], [ -61.26492, 1.47648 ], [ -61.26189, 1.50943 ], [ -61.26649, 1.51983 ], [ -61.26316, 1.52033 ], [ -61.26061, 1.51042 ], [ -61.26222, 1.50058 ], [ -61.24989, 1.53732 ], [ -61.25194, 1.56497 ], [ -61.25084, 1.54797 ], [ -61.25315, 1.55502 ], [ -61.25748, 1.55456 ], [ -61.25679, 1.56512 ], [ -61.26615, 1.57148 ], [ -61.26572, 1.56131 ], [ -61.26953, 1.55724 ], [ -61.27381, 1.57035 ], [ -61.27938, 1.57589 ], [ -61.28245, 1.57535 ], [ -61.28321, 1.5692 ], [ -61.27661, 1.56433 ], [ -61.28574, 1.5618 ], [ -61.3003, 1.57682 ], [ -61.2948, 1.58827 ], [ -61.28416, 1.5859 ], [ -61.28005, 1.58946 ], [ -61.28677, 1.59847 ], [ -61.30159, 1.59731 ], [ -61.2983, 1.60544 ], [ -61.29317, 1.60822 ], [ -61.29562, 1.61719 ], [ -61.29127, 1.62752 ], [ -61.29778, 1.6279 ], [ -61.30354, 1.62359 ], [ -61.31344, 1.63689 ], [ -61.31911, 1.63636 ], [ -61.32312, 1.63912 ], [ -61.32278, 1.64378 ], [ -61.33326, 1.64743 ], [ -61.34205, 1.64022 ], [ -61.34373, 1.63229 ], [ -61.34972, 1.63314 ], [ -61.35562, 1.62856 ], [ -61.36015, 1.64516 ], [ -61.36421, 1.64734 ], [ -61.36394, 1.64192 ], [ -61.36842, 1.64201 ], [ -61.36536, 1.64686 ], [ -61.369, 1.64931 ], [ -61.36927, 1.65604 ], [ -61.37302, 1.65629 ], [ -61.37556, 1.66374 ], [ -61.38393, 1.66872 ], [ -61.38806, 1.68227 ], [ -61.3908, 1.68357 ], [ -61.39373, 1.67899 ], [ -61.3983, 1.68969 ], [ -61.40342, 1.6882 ], [ -61.4022, 1.69456 ], [ -61.41767, 1.70097 ], [ -61.4171, 1.71293 ], [ -61.17875, 1.71207 ], [ -61.18111, 1.89248 ], [ -61.37623, 1.94251 ], [ -61.37676, 1.948 ], [ -61.39069, 1.9569 ], [ -61.39869, 1.97599 ], [ -61.39516, 1.97868 ], [ -61.38573, 1.97831 ], [ -61.36111, 1.99694 ], [ -61.33251, 1.9938 ], [ -61.26537, 1.97388 ], [ -61.22029, 1.97072 ], [ -61.09863, 1.98436 ], [ -61.06821, 1.99485 ], [ -61.02212, 1.99963 ], [ -61.02051, 1.98151 ], [ -61.01455, 1.97326 ] ], [ [ -61.68832, 0.48048 ], [ -61.6872, 0.48382 ], [ -61.6866, 0.48451 ], [ -61.69533, 0.47697 ], [ -61.69194, 0.47369 ], [ -61.69025, 0.4777 ], [ -61.69024, 0.4777 ], [ -61.68832, 0.48048 ] ], [ [ -61.18393, 1.70542 ], [ -61.15655, 1.72807 ], [ -61.17875, 1.71139 ], [ -61.17875, 1.71207 ], [ -61.18393, 1.70542 ] ], [ [ -61.14521, 1.74121 ], [ -61.14517, 1.74144 ], [ -61.15655, 1.72807 ], [ -61.14521, 1.74121 ] ], [ [ -61.02574, 1.973 ], [ -61.02847, 1.97647 ], [ -61.02803, 1.97411 ], [ -61.02574, 1.973 ] ], [ [ -61.1283, 1.82484 ], [ -61.13343, 1.83158 ], [ -61.13038, 1.83525 ], [ -61.13937, 1.82585 ], [ -61.13757, 1.823 ], [ -61.14734, 1.81491 ], [ -61.13888, 1.81036 ], [ -61.14096, 1.8041 ], [ -61.13789, 1.80226 ], [ -61.13491, 1.79678 ], [ -61.12593, 1.81803 ], [ -61.12398, 1.82076 ], [ -61.1283, 1.82484 ] ], [ [ -61.12711, 1.83064 ], [ -61.12593, 1.82992 ], [ -61.12765, 1.83198 ], [ -61.13038, 1.83525 ], [ -61.12711, 1.83064 ] ], [ [ -61.11864, 1.83987 ], [ -61.11864, 1.83988 ], [ -61.11927, 1.84024 ], [ -61.12765, 1.83198 ], [ -61.11864, 1.83987 ] ], [ [ -61.12209, 1.83365 ], [ -61.12444, 1.829 ], [ -61.11864, 1.83987 ], [ -61.12209, 1.83365 ] ], [ [ -61.12263, 1.82789 ], [ -61.12223, 1.82765 ], [ -61.12207, 1.82773 ], [ -61.12263, 1.82789 ] ], [ [ -61.11981, 1.82707 ], [ -61.12157, 1.82758 ], [ -61.12383, 1.82098 ], [ -61.10924, 1.84145 ], [ -61.11981, 1.82707 ] ], [ [ -61.10706, 1.84406 ], [ -61.09069, 1.85553 ], [ -61.10564, 1.84576 ], [ -61.10706, 1.84406 ] ], [ [ -61.23253, 1.61661 ], [ -61.23255, 1.60973 ], [ -61.23234, 1.61001 ], [ -61.23253, 1.61661 ] ], [ [ -61.23249, 1.63012 ], [ -61.23249, 1.6298 ], [ -61.22095, 1.64948 ], [ -61.23249, 1.63012 ] ], [ [ -61.19636, 1.68944 ], [ -61.19737, 1.68695 ], [ -61.19305, 1.69369 ], [ -61.19636, 1.68944 ] ], [ [ -60.97048, 1.94552 ], [ -60.97045, 1.94556 ], [ -60.97049, 1.94554 ], [ -60.97078, 1.9454 ], [ -60.97048, 1.94552 ] ], [ [ -60.97175, 1.94564 ], [ -60.97161, 1.94601 ], [ -60.97353, 1.94711 ], [ -60.97175, 1.94564 ] ], [ [ -60.97378, 1.94711 ], [ -60.97375, 1.94723 ], [ -60.9738, 1.94726 ], [ -60.97378, 1.94711 ] ], [ [ -60.97294, 1.94251 ], [ -60.97304, 1.94281 ], [ -60.97297, 1.94241 ], [ -60.97294, 1.94251 ] ], [ [ -60.98001, 1.93648 ], [ -60.97993, 1.9365 ], [ -60.98004, 1.9365 ], [ -60.98001, 1.93648 ] ], [ [ -60.98113, 1.93709 ], [ -60.98047, 1.93674 ], [ -60.98115, 1.93727 ], [ -60.98113, 1.93709 ] ], [ [ -60.98651, 1.94704 ], [ -60.98246, 1.94315 ], [ -60.98266, 1.9441 ], [ -60.98651, 1.94704 ] ], [ [ -60.98012, 1.93706 ], [ -60.98096, 1.93971 ], [ -60.98056, 1.93698 ], [ -60.98012, 1.93706 ] ], [ [ -60.97913, 1.94079 ], [ -60.97885, 1.94075 ], [ -60.97897, 1.94096 ], [ -60.97913, 1.94079 ] ], [ [ -60.97978, 1.94189 ], [ -60.97955, 1.94158 ], [ -60.97966, 1.94205 ], [ -60.97978, 1.94189 ] ], [ [ -60.98013, 1.94174 ], [ -60.98029, 1.94167 ], [ -60.97971, 1.94107 ], [ -60.98013, 1.94174 ] ], [ [ -60.97989, 1.94184 ], [ -60.97992, 1.94183 ], [ -60.97971, 1.94107 ], [ -60.97989, 1.94184 ] ], [ [ -60.98028, 1.94013 ], [ -60.98032, 1.94047 ], [ -60.98044, 1.94046 ], [ -60.98028, 1.94013 ] ], [ [ -60.98056, 1.90855 ], [ -60.98092, 1.90723 ], [ -60.9803, 1.90832 ], [ -60.98056, 1.90855 ] ], [ [ -60.98733, 1.94595 ], [ -60.98727, 1.94926 ], [ -60.98759, 1.94944 ], [ -60.98733, 1.94595 ] ], [ [ -60.98901, 1.92638 ], [ -60.98102, 1.92058 ], [ -60.98088, 1.92137 ], [ -60.98901, 1.92638 ] ], [ [ -60.98337, 1.90857 ], [ -60.98594, 1.90788 ], [ -60.98357, 1.9084 ], [ -60.98337, 1.90857 ] ], [ [ -61.0249, 1.90127 ], [ -61.0185, 1.91096 ], [ -61.02063, 1.91018 ], [ -61.0249, 1.90127 ] ], [ [ -61.02162, 1.8936 ], [ -60.99055, 1.90494 ], [ -61.01948, 1.89597 ], [ -61.02162, 1.8936 ] ], [ [ -60.98945, 1.92177 ], [ -60.9892, 1.92208 ], [ -60.98952, 1.92217 ], [ -60.98945, 1.92177 ] ], [ [ -60.9891, 1.92219 ], [ -60.98907, 1.92224 ], [ -60.98931, 1.92244 ], [ -60.9891, 1.92219 ] ], [ [ -60.98955, 1.92265 ], [ -60.98961, 1.9227 ], [ -60.98957, 1.92246 ], [ -60.98955, 1.92265 ] ], [ [ -60.99187, 1.92569 ], [ -60.99175, 1.92584 ], [ -60.99183, 1.92588 ], [ -60.99187, 1.92569 ] ], [ [ -60.99182, 1.92591 ], [ -60.99172, 1.92587 ], [ -60.99035, 1.92755 ], [ -60.99137, 1.92785 ], [ -60.99182, 1.92591 ] ], [ [ -60.99148, 1.92889 ], [ -60.9908, 1.92867 ], [ -60.99092, 1.92896 ], [ -60.99148, 1.92889 ] ], [ [ -60.99101, 1.93071 ], [ -60.99096, 1.9307 ], [ -60.99128, 1.93116 ], [ -60.99101, 1.93071 ] ], [ [ -60.99287, 1.93105 ], [ -60.99232, 1.93095 ], [ -60.99221, 1.9325 ], [ -60.99287, 1.93105 ] ], [ [ -60.99128, 1.9293 ], [ -60.99217, 1.92993 ], [ -60.99179, 1.92908 ], [ -60.99128, 1.9293 ] ], [ [ -60.99775, 1.93752 ], [ -60.99651, 1.93374 ], [ -60.99772, 1.93765 ], [ -60.99775, 1.93752 ] ], [ [ -60.99737, 1.93436 ], [ -60.99777, 1.93746 ], [ -60.99836, 1.93507 ], [ -60.99737, 1.93436 ] ], [ [ -60.99682, 1.92873 ], [ -60.99784, 1.92997 ], [ -60.99679, 1.92857 ], [ -60.99682, 1.92873 ] ], [ [ -60.99716, 1.93041 ], [ -60.99704, 1.9299 ], [ -60.99714, 1.93042 ], [ -60.99716, 1.93041 ] ], [ [ -61.00068, 1.94932 ], [ -61.00154, 1.94916 ], [ -61.00093, 1.94875 ], [ -61.00068, 1.94932 ] ], [ [ -61.00026, 1.9494 ], [ -60.99992, 1.94808 ], [ -61.00004, 1.94945 ], [ -61.00026, 1.9494 ] ], [ [ -61.00293, 1.92154 ], [ -61.00287, 1.92166 ], [ -61.00409, 1.92084 ], [ -61.00293, 1.92154 ] ], [ [ -61.00447, 1.92063 ], [ -61.00452, 1.92057 ], [ -61.00448, 1.9206 ], [ -61.00447, 1.92063 ] ], [ [ -61.00643, 1.8828 ], [ -61.00612, 1.88317 ], [ -61.00659, 1.89486 ], [ -61.00643, 1.8828 ] ], [ [ -61.02376, 1.98326 ], [ -61.01905, 1.97822 ], [ -61.02087, 1.98099 ], [ -61.02376, 1.98326 ] ], [ [ -61.01929, 1.9783 ], [ -61.02254, 1.98085 ], [ -61.02162, 1.97902 ], [ -61.01929, 1.9783 ] ], [ [ -61.02773, 1.98705 ], [ -61.02436, 1.97798 ], [ -61.02644, 1.9852 ], [ -61.02773, 1.98705 ] ], [ [ -61.04673, 1.8594 ], [ -61.04611, 1.85906 ], [ -61.04414, 1.86427 ], [ -61.04673, 1.8594 ] ], [ [ -61.0464, 1.86512 ], [ -61.0486, 1.86594 ], [ -61.05359, 1.86311 ], [ -61.0464, 1.86512 ] ], [ [ -61.10976, 1.82622 ], [ -61.09881, 1.83797 ], [ -61.09702, 1.84362 ], [ -61.10976, 1.82622 ] ], [ [ -61.19694, 1.68053 ], [ -61.20072, 1.66916 ], [ -61.19925, 1.67147 ], [ -61.19694, 1.68053 ] ], [ [ -61.1967, 1.68146 ], [ -61.19652, 1.68218 ], [ -61.20583, 1.66114 ], [ -61.1967, 1.68146 ] ], [ [ -61.20857, 1.65071 ], [ -61.20854, 1.65072 ], [ -61.20431, 1.65393 ], [ -61.20857, 1.65071 ] ], [ [ -61.21446, 1.64265 ], [ -61.20855, 1.64824 ], [ -61.21321, 1.64386 ], [ -61.21475, 1.64539 ], [ -61.21446, 1.64265 ] ], [ [ -61.21535, 1.64346 ], [ -61.21509, 1.64028 ], [ -61.21473, 1.64105 ], [ -61.21535, 1.64346 ] ], [ [ -61.21583, 1.64532 ], [ -61.22627, 1.63292 ], [ -61.21569, 1.64475 ], [ -61.21583, 1.64532 ] ], [ [ -61.21593, 1.63338 ], [ -61.21819, 1.63004 ], [ -61.21979, 1.62373 ], [ -61.21737, 1.62698 ], [ -61.21593, 1.63338 ] ], [ [ -61.2454, 1.52611 ], [ -61.23614, 1.57023 ], [ -61.23846, 1.58273 ], [ -61.24591, 1.57655 ], [ -61.24874, 1.56046 ], [ -61.24427, 1.53825 ], [ -61.2454, 1.52611 ] ], [ [ -61.23677, 1.60043 ], [ -61.23846, 1.59881 ], [ -61.24067, 1.58907 ], [ -61.23841, 1.59232 ], [ -61.23677, 1.60043 ] ], [ [ -61.24464, 1.50154 ], [ -61.24577, 1.49651 ], [ -61.24279, 1.50412 ], [ -61.24464, 1.50154 ] ], [ [ -61.2456, 1.49328 ], [ -61.25082, 1.47474 ], [ -61.24938, 1.47002 ], [ -61.24607, 1.48286 ], [ -61.2456, 1.49328 ] ], [ [ -61.24649, 1.49505 ], [ -61.24764, 1.49363 ], [ -61.24764, 1.49354 ], [ -61.24649, 1.49505 ] ], [ [ -61.24652, 1.52502 ], [ -61.24786, 1.52479 ], [ -61.24784, 1.52466 ], [ -61.24652, 1.52502 ] ], [ [ -61.25973, 1.49567 ], [ -61.26329, 1.46251 ], [ -61.26146, 1.46211 ], [ -61.26021, 1.45981 ], [ -61.24747, 1.52376 ], [ -61.25187, 1.51981 ], [ -61.25973, 1.49567 ] ], [ [ -61.25369, 1.45434 ], [ -61.25356, 1.46306 ], [ -61.25392, 1.45434 ], [ -61.25369, 1.45434 ] ], [ [ -61.26214, 1.46179 ], [ -61.27629, 1.42287 ], [ -61.25826, 1.4498 ], [ -61.26214, 1.46179 ] ], [ [ -61.26959, 1.44753 ], [ -61.27093, 1.44605 ], [ -61.27138, 1.44337 ], [ -61.26952, 1.44622 ], [ -61.26959, 1.44753 ] ], [ [ -61.27949, 1.3868 ], [ -61.27904, 1.35738 ], [ -61.28729, 1.32024 ], [ -61.27955, 1.33488 ], [ -61.27147, 1.36263 ], [ -61.27533, 1.39751 ], [ -61.27949, 1.3868 ] ], [ [ -61.2724, 1.40565 ], [ -61.27307, 1.40102 ], [ -61.27267, 1.40067 ], [ -61.2724, 1.40565 ] ], [ [ -61.27726, 1.4178 ], [ -61.27761, 1.41396 ], [ -61.27649, 1.41799 ], [ -61.27726, 1.4178 ] ], [ [ -61.2959, 1.3101 ], [ -61.29722, 1.30644 ], [ -61.29553, 1.30274 ], [ -61.29499, 1.30808 ], [ -61.2959, 1.3101 ] ], [ [ -61.29822, 1.28913 ], [ -61.29675, 1.30133 ], [ -61.30132, 1.29876 ], [ -61.30341, 1.29226 ], [ -61.30143, 1.29295 ], [ -61.30119, 1.29304 ], [ -61.29822, 1.28913 ] ], [ [ -61.30116, 1.29232 ], [ -61.30077, 1.29235 ], [ -61.30143, 1.29295 ], [ -61.30116, 1.29232 ] ], [ [ -61.30436, 1.26229 ], [ -61.29931, 1.28952 ], [ -61.30484, 1.28909 ], [ -61.32399, 1.25728 ], [ -61.33092, 1.22758 ], [ -61.33124, 1.21464 ], [ -61.32914, 1.21972 ], [ -61.32506, 1.22465 ], [ -61.32048, 1.23632 ], [ -61.30436, 1.26229 ] ], [ [ -61.30156, 1.29241 ], [ -61.3048, 1.28967 ], [ -61.30009, 1.29118 ], [ -61.30156, 1.29241 ] ], [ [ -61.31181, 1.28584 ], [ -61.3135, 1.28359 ], [ -61.31495, 1.27928 ], [ -61.31212, 1.28293 ], [ -61.31181, 1.28584 ] ], [ [ -61.3152, 1.23171 ], [ -61.32045, 1.22889 ], [ -61.32318, 1.21446 ], [ -61.32069, 1.22407 ], [ -61.3152, 1.23171 ] ], [ [ -61.31869, 1.23583 ], [ -61.31995, 1.23136 ], [ -61.31639, 1.23518 ], [ -61.31869, 1.23583 ] ], [ [ -61.3196, 1.22016 ], [ -61.31778, 1.2223 ], [ -61.31687, 1.22637 ], [ -61.32002, 1.22401 ], [ -61.3196, 1.22016 ] ], [ [ -61.32637, 1.21831 ], [ -61.33073, 1.21374 ], [ -61.32975, 1.19481 ], [ -61.32511, 1.20924 ], [ -61.32637, 1.21831 ] ], [ [ -61.32743, 1.21805 ], [ -61.32923, 1.21819 ], [ -61.33005, 1.21633 ], [ -61.32743, 1.21805 ] ], [ [ -61.33557, 1.15075 ], [ -61.34168, 1.1121 ], [ -61.33965, 1.09697 ], [ -61.32768, 1.14417 ], [ -61.32975, 1.16284 ], [ -61.33019, 1.15696 ], [ -61.33557, 1.15075 ] ], [ [ -61.32947, 1.09335 ], [ -61.33582, 1.07889 ], [ -61.33557, 1.07241 ], [ -61.34012, 1.06625 ], [ -61.34045, 1.0548 ], [ -61.33319, 1.06088 ], [ -61.32788, 1.08851 ], [ -61.32947, 1.09335 ] ], [ [ -61.33428, 1.16579 ], [ -61.33585, 1.15249 ], [ -61.33039, 1.15712 ], [ -61.3299, 1.16311 ], [ -61.33428, 1.16579 ] ], [ [ -61.33269, 1.17094 ], [ -61.33399, 1.16684 ], [ -61.33062, 1.16699 ], [ -61.33269, 1.17094 ] ], [ [ -61.33135, 1.09966 ], [ -61.33387, 1.10135 ], [ -61.33565, 1.09091 ], [ -61.33135, 1.09966 ] ], [ [ -61.34021, 1.07168 ], [ -61.34052, 1.06822 ], [ -61.33799, 1.07602 ], [ -61.34021, 1.07168 ] ], [ [ -61.34468, 1.05302 ], [ -61.34684, 1.05209 ], [ -61.34736, 1.04519 ], [ -61.34484, 1.04954 ], [ -61.34468, 1.05302 ] ], [ [ -61.34628, 1.0543 ], [ -61.34487, 1.05404 ], [ -61.34541, 1.05526 ], [ -61.34628, 1.0543 ] ], [ [ -61.34559, 1.05331 ], [ -61.34525, 1.0537 ], [ -61.34622, 1.05298 ], [ -61.34559, 1.05331 ] ], [ [ -61.3537, 1.05025 ], [ -61.35341, 1.04743 ], [ -61.35202, 1.04575 ], [ -61.35198, 1.04858 ], [ -61.3537, 1.05025 ] ], [ [ -61.362, 1.01438 ], [ -61.35276, 1.04188 ], [ -61.35527, 1.04947 ], [ -61.36402, 1.03499 ], [ -61.3729, 1.01013 ], [ -61.37772, 0.97626 ], [ -61.3865, 0.96907 ], [ -61.40001, 0.94457 ], [ -61.39353, 0.93503 ], [ -61.39305, 0.93007 ], [ -61.4125, 0.90152 ], [ -61.3981, 0.91435 ], [ -61.40372, 0.9089 ], [ -61.39916, 0.91161 ], [ -61.38721, 0.92466 ], [ -61.37423, 0.95717 ], [ -61.362, 1.01438 ] ], [ [ -61.35501, 1.03147 ], [ -61.35437, 1.03561 ], [ -61.35547, 1.03084 ], [ -61.35501, 1.03147 ] ], [ [ -61.35474, 1.03098 ], [ -61.35621, 1.02477 ], [ -61.35496, 1.02845 ], [ -61.35474, 1.03098 ] ], [ [ -61.35801, 1.01962 ], [ -61.35642, 1.02358 ], [ -61.35899, 1.01874 ], [ -61.35801, 1.01962 ] ], [ [ -61.35924, 1.00027 ], [ -61.35819, 1.01424 ], [ -61.36093, 0.99624 ], [ -61.35924, 1.00027 ] ], [ [ -61.36173, 0.97588 ], [ -61.36375, 0.97694 ], [ -61.36393, 0.97591 ], [ -61.36173, 0.97588 ] ], [ [ -61.3652, 0.98875 ], [ -61.36231, 0.99553 ], [ -61.36256, 0.99726 ], [ -61.3652, 0.98875 ] ], [ [ -61.36563, 0.97288 ], [ -61.3674, 0.95537 ], [ -61.3626, 0.97535 ], [ -61.36563, 0.97288 ] ], [ [ -61.39622, 0.93428 ], [ -61.39808, 0.93146 ], [ -61.39791, 0.92575 ], [ -61.39399, 0.93057 ], [ -61.39622, 0.93428 ] ], [ [ -61.40779, 0.90951 ], [ -61.41006, 0.90857 ], [ -61.41064, 0.90667 ], [ -61.40779, 0.90951 ] ], [ [ -61.41479, 0.89684 ], [ -61.41066, 0.89992 ], [ -61.40948, 0.90311 ], [ -61.41338, 0.89949 ], [ -61.41479, 0.89684 ] ], [ [ -61.41466, 0.90046 ], [ -61.4162, 0.89697 ], [ -61.41247, 0.90381 ], [ -61.41466, 0.90046 ] ], [ [ -61.41713, 0.89732 ], [ -61.41707, 0.89624 ], [ -61.41679, 0.89835 ], [ -61.41713, 0.89732 ] ], [ [ -61.4174, 0.89614 ], [ -61.41774, 0.89594 ], [ -61.41784, 0.89547 ], [ -61.4174, 0.89614 ] ], [ [ -61.42439, 0.87781 ], [ -61.41791, 0.88453 ], [ -61.418, 0.88611 ], [ -61.42439, 0.87781 ] ], [ [ -61.41924, 0.89434 ], [ -61.41804, 0.89654 ], [ -61.41804, 0.89726 ], [ -61.41924, 0.89434 ] ], [ [ -61.42054, 0.89305 ], [ -61.42043, 0.89379 ], [ -61.42144, 0.89171 ], [ -61.42054, 0.89305 ] ], [ [ -61.44671, 0.81931 ], [ -61.44875, 0.81652 ], [ -61.44948, 0.81341 ], [ -61.44671, 0.81931 ] ], [ [ -61.45493, 0.80007 ], [ -61.45484, 0.79857 ], [ -61.45438, 0.79874 ], [ -61.45493, 0.80007 ] ], [ [ -61.46951, 0.77202 ], [ -61.4558, 0.79826 ], [ -61.48383, 0.76176 ], [ -61.49389, 0.7523 ], [ -61.51616, 0.7187 ], [ -61.49863, 0.7331 ], [ -61.46951, 0.77202 ] ], [ [ -61.49308, 0.75507 ], [ -61.48689, 0.75908 ], [ -61.48115, 0.76716 ], [ -61.48925, 0.76168 ], [ -61.49308, 0.75507 ] ], [ [ -61.50656, 0.74163 ], [ -61.49982, 0.75154 ], [ -61.50587, 0.74147 ], [ -61.49856, 0.74949 ], [ -61.4982, 0.75458 ], [ -61.50258, 0.75175 ], [ -61.50656, 0.74163 ] ], [ [ -61.50884, 0.7388 ], [ -61.50675, 0.74131 ], [ -61.50768, 0.74262 ], [ -61.50884, 0.7388 ] ], [ [ -61.52058, 0.72061 ], [ -61.52074, 0.72166 ], [ -61.52063, 0.72057 ], [ -61.52058, 0.72061 ] ], [ [ -61.5403, 0.70648 ], [ -61.5474, 0.70155 ], [ -61.54833, 0.6932 ], [ -61.55697, 0.6934 ], [ -61.56156, 0.68608 ], [ -61.57042, 0.68292 ], [ -61.57198, 0.67261 ], [ -61.59298, 0.64014 ], [ -61.58344, 0.64839 ], [ -61.56856, 0.67762 ], [ -61.55258, 0.6886 ], [ -61.52653, 0.71003 ], [ -61.52112, 0.72266 ], [ -61.53612, 0.71759 ], [ -61.5403, 0.70648 ] ], [ [ -61.56908, 0.67263 ], [ -61.5681, 0.67228 ], [ -61.56827, 0.67296 ], [ -61.56908, 0.67263 ] ], [ [ -61.57227, 0.67574 ], [ -61.57283, 0.67284 ], [ -61.57228, 0.675 ], [ -61.57227, 0.67574 ] ], [ [ -61.59235, 0.63613 ], [ -61.60256, 0.6272 ], [ -61.60905, 0.61521 ], [ -61.59245, 0.6316 ], [ -61.59235, 0.63613 ] ], [ [ -61.64855, 0.51918 ], [ -61.64934, 0.52512 ], [ -61.65518, 0.51626 ], [ -61.65268, 0.51648 ], [ -61.66409, 0.51197 ], [ -61.65942, 0.50963 ], [ -61.65408, 0.51299 ], [ -61.64855, 0.51918 ] ], [ [ -61.7292, 0.42 ], [ -61.72128, 0.40256 ], [ -61.71913, 0.40786 ], [ -61.71153, 0.43556 ], [ -61.70311, 0.4522 ], [ -61.70159, 0.46343 ], [ -61.69395, 0.47021 ], [ -61.69726, 0.47636 ], [ -61.72722, 0.43387 ], [ -61.7292, 0.42 ] ], [ [ -61.70004, 0.45545 ], [ -61.69414, 0.46667 ], [ -61.69861, 0.46449 ], [ -61.70004, 0.45545 ] ], [ [ -61.75804, 0.32527 ], [ -61.76397, 0.31022 ], [ -61.75475, 0.31989 ], [ -61.75052, 0.3374 ], [ -61.75366, 0.3395 ], [ -61.75804, 0.32527 ] ], [ [ -61.76605, 0.2771 ], [ -61.76012, 0.30671 ], [ -61.76186, 0.30902 ], [ -61.76588, 0.30171 ], [ -61.76636, 0.28724 ], [ -61.76332, 0.29122 ], [ -61.76605, 0.2771 ] ], [ [ -61.14971, 1.80933 ], [ -61.14771, 1.8146 ], [ -61.14794, 1.81441 ], [ -61.14971, 1.80933 ] ] ] } },
{ "type": "Feature", "properties": { "cluster": 314.0, "hvi": 0.1019, "population": 2977, "setores": 16, "municipio": "Caracaraí" }, "geometry": { "type": "Polygon", "coordinates": [ [ [ -60.51934, 0.84676 ], [ -60.56472, 0.84443 ], [ -60.6258, 0.82058 ], [ -60.67722, 0.79556 ], [ -60.67114, 0.80631 ], [ -60.66, 0.8117 ], [ -60.6498, 0.8264 ], [ -60.6502, 0.84 ], [ -60.62334, 0.89737 ], [ -60.62141, 0.89763 ], [ -60.63134, 0.90047 ], [ -60.63579, 0.89602 ], [ -60.65079, 0.90296 ], [ -60.65495, 0.89075 ], [ -60.66106, 0.89186 ], [ -60.66911, 0.8788 ], [ -60.67745, 0.88603 ], [ -60.68217, 0.8763 ], [ -60.6844, 0.88408 ], [ -60.68579, 0.8763 ], [ -60.68189, 0.87464 ], [ -60.68856, 0.87269 ], [ -60.69106, 0.88352 ], [ -60.69467, 0.87713 ], [ -60.70606, 0.87019 ], [ -60.71023, 0.87936 ], [ -60.71412, 0.87936 ], [ -60.71246, 0.8688 ], [ -60.7169, 0.86686 ], [ -60.7244, 0.8813 ], [ -60.73162, 0.88297 ], [ -60.73412, 0.89825 ], [ -60.74078, 0.89964 ], [ -60.74189, 0.90269 ], [ -60.73856, 0.90658 ], [ -60.73217, 0.90658 ], [ -60.73301, 0.91242 ], [ -60.72662, 0.92102 ], [ -60.72995, 0.93435 ], [ -60.74245, 0.93491 ], [ -60.74661, 0.93797 ], [ -60.75078, 0.9363 ], [ -60.75606, 0.93936 ], [ -60.76801, 0.93602 ], [ -60.77939, 0.94547 ], [ -60.77967, 0.95853 ], [ -60.7869, 0.96658 ], [ -60.79073, 0.96657 ], [ -60.79023, 0.97186 ], [ -60.81051, 0.98214 ], [ -60.81023, 0.9863 ], [ -60.82301, 1.00352 ], [ -60.81717, 1.01824 ], [ -60.81634, 1.03074 ], [ -60.82134, 1.03935 ], [ -60.81829, 1.04824 ], [ -60.81912, 1.05408 ], [ -60.82134, 1.0538 ], [ -60.81967, 1.06269 ], [ -60.83246, 1.0688 ], [ -60.8344, 1.07491 ], [ -60.84078, 1.07602 ], [ -60.84357, 1.09186 ], [ -60.87419, 1.12171 ], [ -60.88523, 1.13019 ], [ -60.90163, 1.12363 ], [ -60.9046, 1.1338 ], [ -60.9097, 1.1336 ], [ -60.912, 1.1385 ], [ -60.9097, 1.155 ], [ -60.9027, 1.1597 ], [ -60.9043, 1.1779 ], [ -60.8967, 1.1817 ], [ -60.8899, 1.1962 ], [ -60.9065, 1.2167 ], [ -60.9157, 1.2163 ], [ -60.9179, 1.2188 ], [ -60.9182, 1.2264 ], [ -60.9156, 1.2282 ], [ -60.9185, 1.2301 ], [ -60.9167, 1.2351 ], [ -60.9201, 1.2369 ], [ -60.911, 1.249 ], [ -60.9142, 1.2575 ], [ -60.9087, 1.2602 ], [ -60.9101, 1.2856 ], [ -60.9065, 1.2879 ], [ -60.9035, 1.2814 ], [ -60.9038, 1.2851 ], [ -60.8993, 1.2849 ], [ -60.899, 1.288 ], [ -60.8969, 1.2859 ], [ -60.8958, 1.2907 ], [ -60.8926, 1.2879 ], [ -60.8881, 1.2912 ], [ -60.8864, 1.2884 ], [ -60.8851, 1.295 ], [ -60.8807, 1.2894 ], [ -60.8779, 1.2912 ], [ -60.879, 1.2971 ], [ -60.8748, 1.2954 ], [ -60.8721, 1.3008 ], [ -60.8679, 1.2955 ], [ -60.8663, 1.299 ], [ -60.8614, 1.2987 ], [ -60.8574, 1.3051 ], [ -60.8631, 1.3105 ], [ -60.8564, 1.3171 ], [ -60.8606, 1.3202 ], [ -60.8488, 1.3342 ], [ -60.8513, 1.3435 ], [ -60.8463, 1.3466 ], [ -60.8462, 1.3539 ], [ -60.8352, 1.3583 ], [ -60.8307, 1.3673 ], [ -60.8334, 1.3714 ], [ -60.8302, 1.3746 ], [ -60.8288, 1.3911 ], [ -60.8318, 1.3943 ], [ -60.8374, 1.3924 ], [ -60.8374, 1.4079 ], [ -60.8413, 1.4131 ], [ -60.8393, 1.4298 ], [ -60.8341, 1.433 ], [ -60.8275, 1.4314 ], [ -60.8241, 1.4389 ], [ -60.8192, 1.441 ], [ -60.8124, 1.4378 ], [ -60.8031, 1.445 ], [ -60.7991, 1.4426 ], [ -60.7889, 1.4442 ], [ -60.7864, 1.4403 ], [ -60.781, 1.444 ], [ -60.777, 1.4399 ], [ -60.757, 1.4432 ], [ -60.7434, 1.4639 ], [ -60.7396, 1.464 ], [ -60.7339, 1.4582 ], [ -60.7172, 1.4695 ], [ -60.6998, 1.4715 ], [ -60.6943, 1.4687 ], [ -60.6782, 1.4834 ], [ -60.6426, 1.4987 ], [ -60.6397, 1.5069 ], [ -60.6353, 1.5098 ], [ -60.6222, 1.5084 ], [ -60.6118, 1.5165 ], [ -60.5882, 1.5159 ], [ -60.5779, 1.5193 ], [ -60.5713, 1.5148 ], [ -60.5568, 1.5132 ], [ -60.556, 1.4983 ], [ -60.5496, 1.4876 ], [ -60.5476, 1.4651 ], [ -60.5342, 1.4505 ], [ -60.5115, 1.4469 ], [ -60.4966, 1.4329 ], [ -60.478, 1.4269 ], [ -60.4637, 1.4336 ], [ -60.4574, 1.447 ], [ -60.4363, 1.4664 ], [ -60.4253, 1.4499 ], [ -60.4304, 1.4299 ], [ -60.4256, 1.4029 ], [ -60.4311, 1.3902 ], [ -60.4485, 1.3733 ], [ -60.4532, 1.352 ], [ -60.4517, 1.3448 ], [ -60.4595, 1.341 ], [ -60.4741, 1.3184 ], [ -60.488, 1.308 ], [ -60.492, 1.2887 ], [ -60.5074, 1.2754 ], [ -60.519, 1.2842 ], [ -60.5098, 1.2762 ], [ -60.5004, 1.2631 ], [ -60.4815, 1.2504 ], [ -60.4388, 1.2427 ], [ -60.3987, 1.2306 ], [ -60.39447, 1.22864 ], [ -60.39451, 1.21682 ], [ -60.37861, 1.21686 ], [ -60.37897, 1.22285 ], [ -60.36782, 1.21344 ], [ -60.34913, 1.20453 ], [ -60.31592, 1.20505 ], [ -60.26836, 1.16666 ], [ -60.24185, 1.16873 ], [ -60.25423, 1.16832 ], [ -60.25469, 1.17068 ], [ -60.2539, 1.17445 ], [ -60.23851, 1.18421 ], [ -60.22062, 1.21809 ], [ -60.22778, 1.24894 ], [ -60.2221, 1.30471 ], [ -60.22409, 1.31291 ], [ -60.21922, 1.34071 ], [ -60.22906, 1.3541 ], [ -60.23231, 1.36524 ], [ -60.22579, 1.39326 ], [ -60.21431, 1.40451 ], [ -60.21212, 1.41802 ], [ -60.21975, 1.45114 ], [ -60.24555, 1.47895 ], [ -60.24519, 1.48983 ], [ -60.2375, 1.50911 ], [ -60.21062, 1.53329 ], [ -60.2126, 1.5413 ], [ -60.1978, 1.5403 ], [ -60.1815, 1.5483 ], [ -60.1653, 1.5509 ], [ -60.1537, 1.5476 ], [ -60.1412, 1.5544 ], [ -60.1262, 1.5485 ], [ -60.1181, 1.549 ], [ -60.11489, 1.5448 ], [ -60.1148, 1.535 ], [ -60.0984, 1.5058 ], [ -60.0934, 1.5073 ], [ -60.0921, 1.5118 ], [ -60.0455, 1.495 ], [ -60.0277, 1.4921 ], [ -60.0015, 1.4297 ], [ -59.9827, 1.3982 ], [ -59.9833, 1.3806 ], [ -59.9963, 1.3692 ], [ -59.9984, 1.3617 ], [ -59.9963, 1.3577 ], [ -60.0069, 1.3485 ], [ -60.014, 1.3243 ], [ -60.0279, 1.3062 ], [ -60.0367, 1.3071 ], [ -60.0585, 1.2981 ], [ -60.063, 1.3004 ], [ -60.076, 1.2986 ], [ -60.0851, 1.2934 ], [ -60.0976, 1.2939 ], [ -60.1036, 1.2897 ], [ -60.1098, 1.2772 ], [ -60.112, 1.2605 ], [ -60.1245, 1.2527 ], [ -60.1343, 1.2565 ], [ -60.1532, 1.2289 ], [ -60.1467, 1.2214 ], [ -60.1541, 1.2158 ], [ -60.153, 1.2095 ], [ -60.1592, 1.2039 ], [ -60.1606, 1.191 ], [ -60.1565, 1.1828 ], [ -60.1611, 1.1786 ], [ -60.1594, 1.175 ], [ -60.1667, 1.1742 ], [ -60.1767, 1.1632 ], [ -60.1766, 1.1587 ], [ -60.1832, 1.1588 ], [ -60.1843, 1.1527 ], [ -60.1901, 1.1518 ], [ -60.1902, 1.1377 ], [ -60.1946, 1.1364 ], [ -60.2028, 1.1256 ], [ -60.1605, 1.11324 ], [ -60.13188, 1.10296 ], [ -60.12301, 1.09575 ], [ -60.11287, 1.10297 ], [ -60.11276, 1.06669 ], [ -60.12354, 1.04732 ], [ -60.1693, 1.05744 ], [ -60.17674, 1.03887 ], [ -60.20706, 1.00704 ], [ -60.21798, 1.00086 ], [ -60.23127, 1.00113 ], [ -60.23755, 0.99147 ], [ -60.24827, 0.98512 ], [ -60.25031, 0.97213 ], [ -60.25965, 0.96591 ], [ -60.25772, 0.96741 ], [ -60.27784, 0.9759 ], [ -60.40267, 1.00251 ], [ -60.30652, 1.04102 ], [ -60.28607, 1.0787 ], [ -60.2719, 1.07735 ], [ -60.27244, 1.09327 ], [ -60.27912, 1.09486 ], [ -60.27984, 1.11447 ], [ -60.26699, 1.11434 ], [ -60.26709, 1.12772 ], [ -60.27217, 1.12797 ], [ -60.27689, 1.13158 ], [ -60.29161, 1.11546 ], [ -60.29995, 1.12214 ], [ -60.29495, 1.12936 ], [ -60.30051, 1.13714 ], [ -60.31356, 1.13214 ], [ -60.32079, 1.1438 ], [ -60.32023, 1.14797 ], [ -60.32412, 1.14741 ], [ -60.32467, 1.13797 ], [ -60.33162, 1.13547 ], [ -60.33495, 1.13825 ], [ -60.34578, 1.13297 ], [ -60.35106, 1.14381 ], [ -60.35439, 1.1413 ], [ -60.34995, 1.13742 ], [ -60.35745, 1.12991 ], [ -60.36244, 1.13519 ], [ -60.37634, 1.13935 ], [ -60.38439, 1.13408 ], [ -60.39995, 1.13158 ], [ -60.41643, 1.12139 ], [ -60.41828, 1.11713 ], [ -60.41495, 1.10408 ], [ -60.42245, 1.09936 ], [ -60.42689, 1.10602 ], [ -60.43328, 1.10658 ], [ -60.44495, 1.09741 ], [ -60.45106, 1.09796 ], [ -60.45273, 1.08047 ], [ -60.46745, 1.0813 ], [ -60.46439, 1.06991 ], [ -60.48078, 1.05908 ], [ -60.48245, 1.04575 ], [ -60.498, 1.03963 ], [ -60.50995, 1.02574 ], [ -60.51384, 0.99019 ], [ -60.50919, 1.00674 ], [ -60.47049, 0.97376 ], [ -60.43321, 0.96619 ], [ -60.41689, 0.95902 ], [ -60.39901, 0.95261 ], [ -60.39468, 0.9569 ], [ -60.39845, 0.93701 ], [ -60.40431, 0.93758 ], [ -60.40828, 0.92066 ], [ -60.41209, 0.92065 ], [ -60.41371, 0.91211 ], [ -60.41703, 0.86081 ], [ -60.43468, 0.86137 ], [ -60.43461, 0.86292 ], [ -60.43772, 0.83741 ], [ -60.4542, 0.84134 ], [ -60.51934, 0.84676 ] ], [ [ -60.22787, 1.15644 ], [ -60.22811, 1.15806 ], [ -60.24185, 1.16873 ], [ -60.22787, 1.15644 ] ], [ [ -60.5334, 1.2703 ], [ -60.53401, 1.26975 ], [ -60.53313, 1.27032 ], [ -60.5334, 1.2703 ] ], [ [ -60.42799, 0.95062 ], [ -60.42864, 0.94816 ], [ -60.44145, 0.95045 ], [ -60.44263, 0.94641 ], [ -60.45033, 0.94821 ], [ -60.44381, 0.96482 ], [ -60.45381, 0.93965 ], [ -60.45188, 0.93658 ], [ -60.44534, 0.93815 ], [ -60.44708, 0.93274 ], [ -60.44617, 0.93542 ], [ -60.43844, 0.93355 ], [ -60.43968, 0.92835 ], [ -60.44426, 0.93107 ], [ -60.45259, 0.93125 ], [ -60.43592, 0.9275 ], [ -60.43468, 0.93225 ], [ -60.42203, 0.92862 ], [ -60.421, 0.93689 ], [ -60.42206, 0.93393 ], [ -60.42687, 0.93511 ], [ -60.42543, 0.93941 ], [ -60.40772, 0.93294 ], [ -60.40515, 0.93982 ], [ -60.41856, 0.94352 ], [ -60.41685, 0.9486 ], [ -60.42182, 0.95012 ], [ -60.42799, 0.95062 ] ], [ [ -60.44833, 0.92805 ], [ -60.44839, 0.92726 ], [ -60.4468, 0.92564 ], [ -60.44833, 0.92805 ] ], [ [ -60.4531, 0.86781 ], [ -60.44729, 0.86723 ], [ -60.45309, 0.86784 ], [ -60.4531, 0.86781 ] ], [ [ -60.43448, 0.86596 ], [ -60.43244, 0.91288 ], [ -60.43505, 0.86602 ], [ -60.43448, 0.86596 ] ], [ [ -60.61189, 0.9038 ], [ -60.61866, 0.89801 ], [ -60.6169, 0.89825 ], [ -60.61189, 0.9038 ] ], [ [ -60.55574, 0.95207 ], [ -60.56134, 0.93908 ], [ -60.55745, 0.94436 ], [ -60.55574, 0.95207 ] ], [ [ -60.54792, 0.93689 ], [ -60.55157, 0.9377 ], [ -60.5513, 0.9374 ], [ -60.54792, 0.93689 ] ], [ [ -60.53015, 0.93604 ], [ -60.54578, 0.93657 ], [ -60.5373, 0.9353 ], [ -60.53015, 0.93604 ] ], [ [ -60.5236, 0.9424 ], [ -60.52885, 0.93617 ], [ -60.5286, 0.9362 ], [ -60.5236, 0.9424 ] ], [ [ -60.5386, 0.9867 ], [ -60.49405, 0.9444 ], [ -60.48678, 0.93784 ], [ -60.5386, 0.9867 ] ], [ [ -60.5386, 0.9867 ], [ -60.54162, 0.98519 ], [ -60.54086, 0.98263 ], [ -60.5386, 0.9867 ] ], [ [ -60.76123, 1.17478 ], [ -60.7608, 1.1749 ], [ -60.7515, 1.1848 ], [ -60.76123, 1.17478 ] ], [ [ -60.6351, 1.2583 ], [ -60.6275, 1.2473 ], [ -60.6272, 1.2477 ], [ -60.6351, 1.2583 ] ], [ [ -60.59129, 1.25073 ], [ -60.5906, 1.2505 ], [ -60.5756, 1.2519 ], [ -60.59129, 1.25073 ] ], [ [ -60.55468, 0.95686 ], [ -60.56106, 0.95519 ], [ -60.55505, 0.95519 ], [ -60.55468, 0.95686 ] ], [ [ -60.53912, 0.97269 ], [ -60.53961, 0.97413 ], [ -60.54523, 0.96992 ], [ -60.53912, 0.97269 ] ], [ [ -60.42821, 0.90854 ], [ -60.42872, 0.90825 ], [ -60.4286, 0.9081 ], [ -60.42821, 0.90854 ] ], [ [ -60.26606, 1.12767 ], [ -60.25273, 1.12159 ], [ -60.26078, 1.12741 ], [ -60.26606, 1.12767 ] ], [ [ -60.24418, 1.12115 ], [ -60.24384, 1.12019 ], [ -60.24284, 1.12238 ], [ -60.24418, 1.12115 ] ], [ [ -60.18808, 1.07615 ], [ -60.1933, 1.08334 ], [ -60.19814, 1.07898 ], [ -60.19427, 1.07222 ], [ -60.18808, 1.07615 ] ] ] } },
{ "type": "Feature", "properties": { "cluster": 315.0, "hvi": 0.1424, "population": 1009, "setores": 1, "municipio": "Caracaraí" }, "geometry": { "type": "Polygon", "coordinates": [ [ [ -60.37899, 1.22327 ], [ -60.37861, 1.21686 ], [ -60.39451, 1.21682 ], [ -60.39447, 1.22878 ], [ -60.38707, 1.24088 ], [ -60.3721, 1.23521 ], [ -60.37899, 1.22327 ] ] ] } },
{ "type": "Feature", "properties": { "cluster": 316.0, "hvi": 0.1047, "population": 2386, "setores": 8, "municipio": "Caracaraí" }, "geometry": { "type": "Polygon", "coordinates": [ [ [ -61.122, 1.7631 ], [ -61.1212, 1.7692 ], [ -61.1114, 1.7703 ], [ -61.1029, 1.7758 ], [ -61.1038, 1.7723 ], [ -61.0962, 1.7742 ], [ -61.073, 1.7669 ], [ -61.0614, 1.7594 ], [ -61.0574, 1.7634 ], [ -61.0429, 1.767 ], [ -61.0248, 1.7577 ], [ -60.9983, 1.7603 ], [ -60.9922, 1.7533 ], [ -60.9863, 1.7558 ], [ -60.9816, 1.7667 ], [ -60.97, 1.7778 ], [ -60.96, 1.7717 ], [ -60.9384, 1.766 ], [ -60.9191, 1.7783 ], [ -60.911, 1.7788 ], [ -60.9045, 1.7866 ], [ -60.8938, 1.7813 ], [ -60.8878, 1.7566 ], [ -60.8805, 1.7493 ], [ -60.8818, 1.7419 ], [ -60.8672, 1.7203 ], [ -60.8661, 1.7046 ], [ -60.8609, 1.6977 ], [ -60.8663, 1.6853 ], [ -60.8615, 1.6717 ], [ -60.8768, 1.6506 ], [ -60.8801, 1.6374 ], [ -60.8848, 1.6374 ], [ -60.8905, 1.6289 ], [ -60.8924, 1.6301 ], [ -60.8947, 1.6222 ], [ -60.9046, 1.6106 ], [ -60.9087, 1.6098 ], [ -60.9092, 1.6143 ], [ -60.9123, 1.613 ], [ -60.9182, 1.6021 ], [ -60.9126, 1.5879 ], [ -60.9111, 1.5905 ], [ -60.9093, 1.5882 ], [ -60.91, 1.5798 ], [ -60.8999, 1.5723 ], [ -60.8998, 1.5655 ], [ -60.8966, 1.5621 ], [ -60.8895, 1.5622 ], [ -60.8901, 1.5582 ], [ -60.8853, 1.5528 ], [ -60.8804, 1.5534 ], [ -60.8764, 1.5494 ], [ -60.8763, 1.5415 ], [ -60.8668, 1.5273 ], [ -60.867, 1.5195 ], [ -60.8704, 1.5175 ], [ -60.8712, 1.5086 ], [ -60.8804, 1.5178 ], [ -60.86659, 1.50263 ], [ -60.868, 1.4861 ], [ -60.8632, 1.4963 ], [ -60.8645, 1.4992 ], [ -60.8603, 1.5003 ], [ -60.8536, 1.4957 ], [ -60.846, 1.4974 ], [ -60.8437, 1.5022 ], [ -60.8385, 1.5039 ], [ -60.8342, 1.5192 ], [ -60.8201, 1.5254 ], [ -60.8153, 1.5371 ], [ -60.7938, 1.5339 ], [ -60.7919, 1.5277 ], [ -60.7899, 1.5318 ], [ -60.7862, 1.5304 ], [ -60.7859, 1.5339 ], [ -60.783, 1.5316 ], [ -60.7678, 1.535 ], [ -60.7663, 1.5414 ], [ -60.7566, 1.545 ], [ -60.7503, 1.5537 ], [ -60.7309, 1.5617 ], [ -60.7099, 1.5769 ], [ -60.7044, 1.5857 ], [ -60.696, 1.5878 ], [ -60.6732, 1.6058 ], [ -60.6686, 1.6055 ], [ -60.6691, 1.6122 ], [ -60.6637, 1.6191 ], [ -60.6588, 1.6203 ], [ -60.6558, 1.6322 ], [ -60.6524, 1.6345 ], [ -60.6525, 1.6418 ], [ -60.6463, 1.6496 ], [ -60.6502, 1.6601 ], [ -60.6467, 1.6615 ], [ -60.644, 1.6711 ], [ -60.641, 1.6707 ], [ -60.636, 1.6771 ], [ -60.6354, 1.6721 ], [ -60.6296, 1.6707 ], [ -60.6264, 1.6759 ], [ -60.6275, 1.6816 ], [ -60.6193, 1.6804 ], [ -60.6187, 1.6888 ], [ -60.6097, 1.6929 ], [ -60.58329, 1.71477 ], [ -60.5797, 1.71212 ], [ -60.58362, 1.70978 ], [ -60.57857, 1.70635 ], [ -60.5644, 1.71245 ], [ -60.54311, 1.70856 ], [ -60.53695, 1.70869 ], [ -60.53331, 1.71765 ], [ -60.52875, 1.71802 ], [ -60.52628, 1.72427 ], [ -60.52206, 1.71991 ], [ -60.49106, 1.71041 ], [ -60.4917, 1.72194 ], [ -60.48279, 1.72958 ], [ -60.482, 1.7264 ], [ -60.4674, 1.7186 ], [ -60.394, 1.687 ], [ -60.3765, 1.6453 ], [ -60.3709, 1.6403 ], [ -60.36554, 1.62104 ], [ -60.34292, 1.57793 ], [ -60.345, 1.5734 ], [ -60.3524, 1.5744 ], [ -60.3715, 1.565 ], [ -60.3732, 1.5582 ], [ -60.3788, 1.5549 ], [ -60.3786, 1.5504 ], [ -60.3885, 1.5425 ], [ -60.4109, 1.547 ], [ -60.4208, 1.5439 ], [ -60.4379, 1.547 ], [ -60.4424, 1.5444 ], [ -60.4599, 1.5533 ], [ -60.4635, 1.5482 ], [ -60.4695, 1.5531 ], [ -60.478, 1.5521 ], [ -60.4916, 1.5599 ], [ -60.4992, 1.5511 ], [ -60.50991, 1.55604 ], [ -60.5255, 1.5468 ], [ -60.5322, 1.5284 ], [ -60.5407, 1.528 ], [ -60.5452, 1.5226 ], [ -60.5564, 1.5211 ], [ -60.5629, 1.514 ], [ -60.5716, 1.5149 ], [ -60.5779, 1.5193 ], [ -60.5882, 1.5159 ], [ -60.6118, 1.5165 ], [ -60.6222, 1.5084 ], [ -60.6353, 1.5098 ], [ -60.6397, 1.5069 ], [ -60.6426, 1.4987 ], [ -60.6782, 1.4834 ], [ -60.6943, 1.4687 ], [ -60.6998, 1.4715 ], [ -60.7172, 1.4695 ], [ -60.7339, 1.4582 ], [ -60.7396, 1.464 ], [ -60.7434, 1.4639 ], [ -60.7583, 1.4427 ], [ -60.777, 1.4399 ], [ -60.781, 1.444 ], [ -60.7864, 1.4403 ], [ -60.7889, 1.4442 ], [ -60.7991, 1.4426 ], [ -60.8031, 1.445 ], [ -60.812, 1.4379 ], [ -60.8178, 1.4411 ], [ -60.8237, 1.4392 ], [ -60.8279, 1.4312 ], [ -60.8341, 1.433 ], [ -60.8393, 1.4298 ], [ -60.8413, 1.4131 ], [ -60.8374, 1.4079 ], [ -60.8374, 1.3924 ], [ -60.8318, 1.3943 ], [ -60.8288, 1.3911 ], [ -60.8302, 1.3746 ], [ -60.8334, 1.3714 ], [ -60.8307, 1.3673 ], [ -60.8352, 1.3583 ], [ -60.8462, 1.3539 ], [ -60.8463, 1.3466 ], [ -60.8513, 1.3435 ], [ -60.8487, 1.3346 ], [ -60.8606, 1.3202 ], [ -60.8564, 1.3171 ], [ -60.8631, 1.3105 ], [ -60.8572, 1.306 ], [ -60.8614, 1.2987 ], [ -60.8663, 1.299 ], [ -60.869, 1.2954 ], [ -60.873, 1.3007 ], [ -60.8743, 1.2957 ], [ -60.8794, 1.2964 ], [ -60.8782, 1.2909 ], [ -60.8815, 1.2895 ], [ -60.8856, 1.2949 ], [ -60.8864, 1.2884 ], [ -60.8881, 1.2912 ], [ -60.8926, 1.2879 ], [ -60.8958, 1.2907 ], [ -60.8969, 1.2859 ], [ -60.899, 1.288 ], [ -60.8993, 1.2849 ], [ -60.9038, 1.2851 ], [ -60.9038, 1.2813 ], [ -60.9059, 1.2875 ], [ -60.9101, 1.2856 ], [ -60.9087, 1.2602 ], [ -60.9142, 1.2575 ], [ -60.911, 1.249 ], [ -60.9201, 1.2369 ], [ -60.9167, 1.2351 ], [ -60.9185, 1.2301 ], [ -60.9156, 1.2282 ], [ -60.9182, 1.2264 ], [ -60.9179, 1.2188 ], [ -60.9157, 1.2163 ], [ -60.9065, 1.2167 ], [ -60.8899, 1.1962 ], [ -60.8967, 1.1817 ], [ -60.9041, 1.1784 ], [ -60.9027, 1.1597 ], [ -60.9097, 1.155 ], [ -60.9124, 1.1444 ], [ -60.9103, 1.1341 ], [ -60.9046, 1.1338 ], [ -60.90163, 1.12363 ], [ -60.90634, 1.11797 ], [ -60.90579, 1.1088 ], [ -60.91134, 1.10074 ], [ -60.90606, 1.09491 ], [ -60.91218, 1.09324 ], [ -60.9244, 1.07353 ], [ -60.94357, 1.07213 ], [ -60.94885, 1.08241 ], [ -60.96098, 1.08848 ], [ -60.99278, 1.18333 ], [ -61.00583, 1.3075 ], [ -61.00389, 1.48722 ], [ -61.05555, 1.58972 ], [ -61.17057, 1.70403 ], [ -61.1534, 1.71693 ], [ -61.14089, 1.73988 ], [ -61.13702, 1.73644 ], [ -61.1392, 1.73999 ], [ -61.13034, 1.76166 ], [ -61.1281, 1.7579 ], [ -61.122, 1.7631 ] ], [ [ -60.86383, 1.47672 ], [ -60.8634, 1.4784 ], [ -60.868, 1.4861 ], [ -60.86383, 1.47672 ] ], [ [ -60.8654, 1.4719 ], [ -60.86513, 1.47156 ], [ -60.86464, 1.47351 ], [ -60.8654, 1.4719 ] ], [ [ -60.8612, 1.445 ], [ -60.86097, 1.44501 ], [ -60.8603, 1.4522 ], [ -60.8612, 1.445 ] ], [ [ -60.856, 1.4383 ], [ -60.8564, 1.4449 ], [ -60.85667, 1.44489 ], [ -60.856, 1.4383 ] ], [ [ -61.13541, 1.73381 ], [ -61.1357, 1.73429 ], [ -61.13682, 1.73352 ], [ -61.13541, 1.73381 ] ], [ [ -60.88664, 1.47643 ], [ -60.88038, 1.47594 ], [ -60.86401, 1.476 ], [ -60.89142, 1.47804 ], [ -60.88664, 1.47643 ] ], [ [ -60.4997, 1.5653 ], [ -60.4948, 1.574 ], [ -60.50323, 1.56229 ], [ -60.4997, 1.5653 ] ] ] } },
{ "type": "Feature", "properties": { "cluster": 317.0, "hvi": 0.1067, "population": 2449, "setores": 7, "municipio": "Caracaraí" }, "geometry": { "type": "Polygon", "coordinates": [ [ [ -60.06222, 0.83739 ], [ -60.05593, 0.83311 ], [ -60.05434, 0.81846 ], [ -60.09962, 0.78323 ], [ -60.11142, 0.79652 ], [ -60.23859, 0.69892 ], [ -60.25073, 0.69097 ], [ -60.26339, 0.71669 ], [ -60.25086, 0.74177 ], [ -60.26398, 0.74234 ], [ -60.29595, 0.77586 ], [ -60.20103, 0.88093 ], [ -60.27361, 0.95505 ], [ -60.25031, 0.97213 ], [ -60.24827, 0.98512 ], [ -60.23755, 0.99147 ], [ -60.23127, 1.00113 ], [ -60.21798, 1.00086 ], [ -60.20706, 1.00704 ], [ -60.17674, 1.03887 ], [ -60.1693, 1.05744 ], [ -60.1245, 1.0462 ], [ -60.11276, 1.06669 ], [ -60.11287, 1.10297 ], [ -60.08189, 1.10242 ], [ -60.11522, 1.10324 ], [ -60.12301, 1.09575 ], [ -60.13188, 1.10296 ], [ -60.20312, 1.12518 ], [ -60.1946, 1.1364 ], [ -60.1902, 1.1377 ], [ -60.1901, 1.1518 ], [ -60.1843, 1.1527 ], [ -60.1832, 1.1588 ], [ -60.1766, 1.1587 ], [ -60.1767, 1.1632 ], [ -60.1667, 1.1742 ], [ -60.1594, 1.175 ], [ -60.1611, 1.1786 ], [ -60.1565, 1.1828 ], [ -60.1606, 1.191 ], [ -60.1592, 1.2039 ], [ -60.153, 1.2095 ], [ -60.1541, 1.2158 ], [ -60.1467, 1.2214 ], [ -60.1532, 1.2289 ], [ -60.1486, 1.2321 ], [ -60.1406, 1.2501 ], [ -60.1337, 1.2569 ], [ -60.1245, 1.2527 ], [ -60.112, 1.2605 ], [ -60.1098, 1.2772 ], [ -60.1036, 1.2897 ], [ -60.0976, 1.2939 ], [ -60.0851, 1.2934 ], [ -60.076, 1.2986 ], [ -60.063, 1.3004 ], [ -60.0585, 1.2981 ], [ -60.0367, 1.3071 ], [ -60.0279, 1.3062 ], [ -60.014, 1.3243 ], [ -60.0069, 1.3485 ], [ -59.9963, 1.3577 ], [ -59.9984, 1.3612 ], [ -59.9963, 1.3692 ], [ -59.9833, 1.3806 ], [ -59.9827, 1.3982 ], [ -60.0015, 1.4297 ], [ -60.0277, 1.4921 ], [ -60.0455, 1.495 ], [ -60.0921, 1.5118 ], [ -60.0934, 1.5073 ], [ -60.0984, 1.5058 ], [ -60.1148, 1.535 ], [ -60.11489, 1.5448 ], [ -60.0947, 1.5483 ], [ -60.0793, 1.5445 ], [ -60.0502, 1.5493 ], [ -60.012, 1.5469 ], [ -59.9835, 1.559 ], [ -59.962, 1.563 ], [ -59.9491, 1.5614 ], [ -59.9355, 1.5674 ], [ -59.9234, 1.5595 ], [ -59.9177, 1.5593 ], [ -59.9105, 1.5518 ], [ -59.8927, 1.5581 ], [ -59.87515, 1.54835 ], [ -59.85913, 1.52268 ], [ -59.85068, 1.49476 ], [ -59.84976, 1.47722 ], [ -59.87384, 1.48948 ], [ -59.88569, 1.47864 ], [ -59.88383, 1.47467 ], [ -59.89239, 1.46891 ], [ -59.90334, 1.45456 ], [ -59.91157, 1.45286 ], [ -59.91437, 1.44847 ], [ -59.91347, 1.43737 ], [ -59.90569, 1.42728 ], [ -59.94629, 1.30938 ], [ -59.93791, 1.29075 ], [ -59.93058, 1.2449 ], [ -59.93532, 1.23316 ], [ -59.9381, 1.19207 ], [ -59.95134, 1.18408 ], [ -59.94633, 1.17602 ], [ -59.96133, 1.17797 ], [ -59.96967, 1.16519 ], [ -59.96828, 1.15825 ], [ -59.97495, 1.13936 ], [ -59.98242, 1.13295 ], [ -59.98106, 0.99964 ], [ -59.97578, 0.9888 ], [ -59.97773, 0.98409 ], [ -59.98085, 0.98111 ], [ -59.98028, 0.98084 ], [ -59.98245, 0.97019 ], [ -59.98884, 0.96519 ], [ -60.01884, 0.95853 ], [ -60.02106, 0.95575 ], [ -60.01884, 0.93991 ], [ -60.02912, 0.91602 ], [ -60.0355, 0.91463 ], [ -60.03994, 0.90547 ], [ -60.05023, 0.89936 ], [ -60.05023, 0.88131 ], [ -60.05659, 0.87019 ], [ -60.05273, 0.86186 ], [ -60.05384, 0.85269 ], [ -60.06222, 0.83739 ] ], [ [ -60.24494, 0.72338 ], [ -60.23043, 0.76025 ], [ -60.24277, 0.73304 ], [ -60.24494, 0.72338 ] ], [ [ -60.01942, 1.02389 ], [ -60.02969, 1.02811 ], [ -60.03256, 1.02016 ], [ -60.03568, 1.02624 ], [ -60.0395, 1.02757 ], [ -60.04125, 1.02361 ], [ -60.04784, 1.02635 ], [ -60.05104, 1.01919 ], [ -60.04665, 1.01696 ], [ -60.04517, 1.02009 ], [ -60.03974, 1.01744 ], [ -60.04116, 1.01417 ], [ -60.04173, 1.01446 ], [ -60.0429, 1.01229 ], [ -60.03999, 1.00648 ], [ -60.03685, 1.00902 ], [ -60.03064, 1.00567 ], [ -60.01942, 1.02389 ] ], [ [ -60.06761, 1.0252 ], [ -60.0668, 1.02756 ], [ -60.06858, 1.02552 ], [ -60.05456, 1.0205 ], [ -60.06565, 1.02464 ], [ -60.06627, 1.02622 ], [ -60.06761, 1.0252 ] ] ] } },
{ "type": "Feature", "properties": { "cluster": 318.0, "hvi": 0.0942, "population": 62, "setores": 1, "municipio": "Caracaraí" }, "geometry": { "type": "Polygon", "coordinates": [ [ [ -62.34321, 1.69644 ], [ -62.34399, 1.69555 ], [ -62.34403, 1.69622 ], [ -62.34321, 1.69644 ] ] ] } },
{ "type": "Feature", "properties": { "cluster": 319.0, "hvi": 0.0916, "population": 45, "setores": 2, "municipio": "Caracaraí" }, "geometry": { "type": "Polygon", "coordinates": [ [ [ -62.3843, 1.6937 ], [ -62.3603, 1.7145 ], [ -62.2882, 1.7572 ], [ -62.2735, 1.7611 ], [ -62.2632, 1.7695 ], [ -62.2426, 1.7755 ], [ -62.1337, 1.8341 ], [ -62.07219, 1.74932 ], [ -62.37112, 1.53151 ], [ -62.41754, 1.67426 ], [ -62.3843, 1.6937 ] ], [ [ -62.17853, 1.72426 ], [ -62.18348, 1.72448 ], [ -62.183, 1.72003 ], [ -62.17853, 1.72426 ] ], [ [ -62.19233, 1.70184 ], [ -62.1936, 1.70095 ], [ -62.19194, 1.69817 ], [ -62.19233, 1.70184 ] ], [ [ -62.19731, 1.74375 ], [ -62.20055, 1.74337 ], [ -62.20088, 1.74023 ], [ -62.19714, 1.73933 ], [ -62.19731, 1.74375 ] ], [ [ -62.28097, 1.73366 ], [ -62.28018, 1.73361 ], [ -62.28009, 1.7344 ], [ -62.28097, 1.73366 ] ], [ [ -62.28413, 1.74401 ], [ -62.2854, 1.74423 ], [ -62.28567, 1.74262 ], [ -62.28413, 1.74401 ] ], [ [ -62.28459, 1.73918 ], [ -62.28531, 1.73974 ], [ -62.28585, 1.73798 ], [ -62.28459, 1.73918 ] ], [ [ -62.28704, 1.73885 ], [ -62.28573, 1.73932 ], [ -62.28699, 1.74043 ], [ -62.28704, 1.73885 ] ], [ [ -62.28743, 1.74692 ], [ -62.28656, 1.74697 ], [ -62.28653, 1.74783 ], [ -62.28743, 1.74692 ] ], [ [ -62.29318, 1.73551 ], [ -62.29424, 1.73711 ], [ -62.29517, 1.73561 ], [ -62.29318, 1.73551 ] ], [ [ -62.30386, 1.72729 ], [ -62.30315, 1.72729 ], [ -62.30326, 1.72776 ], [ -62.30386, 1.72729 ] ], [ [ -62.3225, 1.71689 ], [ -62.3225, 1.71498 ], [ -62.32007, 1.71498 ], [ -62.3225, 1.71689 ] ], [ [ -62.3418, 1.69811 ], [ -62.34145, 1.69852 ], [ -62.34186, 1.69872 ], [ -62.3418, 1.69811 ] ], [ [ -62.34321, 1.69674 ], [ -62.3427, 1.69654 ], [ -62.34254, 1.69723 ], [ -62.34321, 1.69674 ] ], [ [ -62.34321, 1.69644 ], [ -62.34403, 1.69622 ], [ -62.34399, 1.69555 ], [ -62.34321, 1.69644 ] ] ] } },
{ "type": "Feature", "properties": { "cluster": 320.0, "hvi": 0.0909, "population": 30, "setores": 1, "municipio": "Caracaraí" }, "geometry": { "type": "Polygon", "coordinates": [ [ [ -62.29318, 1.73551 ], [ -62.29517, 1.73561 ], [ -62.29424, 1.73711 ], [ -62.29318, 1.73551 ] ] ] } },
{ "type": "Feature", "properties": { "cluster": 321.0, "hvi": 0.09, "population": 36, "setores": 1, "municipio": "Caracaraí" }, "geometry": { "type": "Polygon", "coordinates": [ [ [ -62.28459, 1.73918 ], [ -62.28585, 1.73798 ], [ -62.28531, 1.73974 ], [ -62.28459, 1.73918 ] ] ] } },
{ "type": "Feature", "properties": { "cluster": 322.0, "hvi": 0.1073, "population": 0, "setores": 1, "municipio": "Caracaraí" }, "geometry": { "type": "Polygon", "coordinates": [ [ [ -62.17853, 1.72426 ], [ -62.183, 1.72003 ], [ -62.18348, 1.72448 ], [ -62.17853, 1.72426 ] ] ] } },
{ "type": "Feature", "properties": { "cluster": 323.0, "hvi": 0.0891, "population": 22, "setores": 1, "municipio": "Caracaraí" }, "geometry": { "type": "Polygon", "coordinates": [ [ [ -62.19233, 1.70184 ], [ -62.19194, 1.69817 ], [ -62.1936, 1.70095 ], [ -62.19233, 1.70184 ] ] ] } },
{ "type": "Feature", "properties": { "cluster": 324.0, "hvi": 0.1073, "population": 0, "setores": 1, "municipio": "Caracaraí" }, "geometry": { "type": "Polygon", "coordinates": [ [ [ -62.19714, 1.73933 ], [ -62.20088, 1.74023 ], [ -62.20055, 1.74337 ], [ -62.19731, 1.74375 ], [ -62.19714, 1.73933 ] ] ] } },
{ "type": "Feature", "properties": { "cluster": 325.0, "hvi": 0.0934, "population": 46, "setores": 1, "municipio": "Caracaraí" }, "geometry": { "type": "Polygon", "coordinates": [ [ [ -62.28413, 1.74401 ], [ -62.28567, 1.74262 ], [ -62.2854, 1.74423 ], [ -62.28413, 1.74401 ] ] ] } },
{ "type": "Feature", "properties": { "cluster": 326.0, "hvi": 0.0914, "population": 2946, "setores": 15, "municipio": "Cantá" }, "geometry": { "type": "MultiPolygon", "coordinates": [ [ [ [ -60.6463, 1.6496 ], [ -60.6525, 1.6418 ], [ -60.6524, 1.6345 ], [ -60.6558, 1.6322 ], [ -60.6588, 1.6203 ], [ -60.6637, 1.6191 ], [ -60.6691, 1.6122 ], [ -60.6686, 1.6055 ], [ -60.6732, 1.6058 ], [ -60.696, 1.5878 ], [ -60.7044, 1.5857 ], [ -60.7099, 1.5769 ], [ -60.7309, 1.5617 ], [ -60.7503, 1.5537 ], [ -60.7566, 1.545 ], [ -60.7663, 1.5414 ], [ -60.7678, 1.535 ], [ -60.783, 1.5316 ], [ -60.7859, 1.5339 ], [ -60.7862, 1.5304 ], [ -60.7899, 1.5318 ], [ -60.7919, 1.5277 ], [ -60.7938, 1.5339 ], [ -60.8153, 1.5371 ], [ -60.8201, 1.5254 ], [ -60.8342, 1.5192 ], [ -60.8385, 1.5039 ], [ -60.8437, 1.5022 ], [ -60.846, 1.4974 ], [ -60.8545, 1.4958 ], [ -60.8622, 1.5005 ], [ -60.8655, 1.4959 ], [ -60.87123, 1.50862 ], [ -60.8668, 1.5273 ], [ -60.8763, 1.5415 ], [ -60.8764, 1.5494 ], [ -60.8804, 1.5534 ], [ -60.8853, 1.5528 ], [ -60.8901, 1.5582 ], [ -60.8895, 1.5622 ], [ -60.8966, 1.5621 ], [ -60.8998, 1.5655 ], [ -60.8999, 1.5723 ], [ -60.91, 1.5798 ], [ -60.9093, 1.5882 ], [ -60.9111, 1.5905 ], [ -60.9126, 1.5879 ], [ -60.9181, 1.6054 ], [ -60.9095, 1.6143 ], [ -60.9087, 1.6098 ], [ -60.9046, 1.6106 ], [ -60.8947, 1.6222 ], [ -60.8924, 1.6301 ], [ -60.8905, 1.6289 ], [ -60.8848, 1.6374 ], [ -60.8801, 1.6374 ], [ -60.8768, 1.6506 ], [ -60.8615, 1.6717 ], [ -60.8663, 1.6853 ], [ -60.8609, 1.6977 ], [ -60.8661, 1.7046 ], [ -60.8672, 1.7203 ], [ -60.8818, 1.7419 ], [ -60.8805, 1.7493 ], [ -60.8878, 1.7566 ], [ -60.88976, 1.76916 ], [ -60.883, 1.7742 ], [ -60.8896, 1.77 ], [ -60.8945, 1.7822 ], [ -60.9045, 1.7866 ], [ -60.911, 1.7788 ], [ -60.9191, 1.7783 ], [ -60.9384, 1.766 ], [ -60.9613, 1.7722 ], [ -60.9693, 1.778 ], [ -60.9816, 1.7667 ], [ -60.9863, 1.7558 ], [ -60.9932, 1.7533 ], [ -60.9983, 1.7603 ], [ -61.0248, 1.7577 ], [ -61.0429, 1.767 ], [ -61.0574, 1.7634 ], [ -61.0614, 1.7594 ], [ -61.073, 1.7669 ], [ -61.0962, 1.7742 ], [ -61.1038, 1.7723 ], [ -61.1029, 1.7758 ], [ -61.1114, 1.7703 ], [ -61.1212, 1.7692 ], [ -61.122, 1.7631 ], [ -61.1284, 1.7579 ], [ -61.1301, 1.77421 ], [ -61.12667, 1.79829 ], [ -61.11905, 1.81771 ], [ -61.10773, 1.82309 ], [ -61.0881, 1.84729 ], [ -61.07817, 1.85358 ], [ -61.06741, 1.85418 ], [ -61.05415, 1.86183 ], [ -61.04423, 1.85775 ], [ -61.04067, 1.86794 ], [ -61.02934, 1.87672 ], [ -61.00967, 1.8752 ], [ -61.00433, 1.88146 ], [ -61.00347, 1.8921 ], [ -60.99869, 1.89983 ], [ -60.97929, 1.90725 ], [ -60.97025, 1.94552 ], [ -60.9754, 1.94937 ], [ -60.95495, 1.96455 ], [ -60.96792, 1.95694 ], [ -60.97689, 1.94885 ], [ -60.98351, 1.95472 ], [ -60.99362, 1.95631 ], [ -61.0162, 1.98541 ], [ -61.01692, 2.0022 ], [ -61.03504, 2.02097 ], [ -61.04205, 2.03649 ], [ -61.04655, 2.06173 ], [ -61.04488, 2.07518 ], [ -61.02271, 2.10949 ], [ -61.00869, 2.142 ], [ -60.97891, 2.16041 ], [ -60.96003, 2.18247 ], [ -60.94854, 2.18887 ], [ -60.90199, 2.24421 ], [ -60.88578, 2.28436 ], [ -60.87123, 2.28899 ], [ -60.84199, 2.30964 ], [ -60.83308, 2.34612 ], [ -60.82955, 2.34485 ], [ -60.8204, 2.3491 ], [ -60.8178, 2.342 ], [ -60.8133, 2.3464 ], [ -60.8097, 2.3436 ], [ -60.8029, 2.3468 ], [ -60.7969, 2.3436 ], [ -60.7969, 2.3404 ], [ -60.7908, 2.3427 ], [ -60.7818, 2.3373 ], [ -60.769, 2.3406 ], [ -60.7683, 2.3381 ], [ -60.7616, 2.3382 ], [ -60.7603, 2.3475 ], [ -60.7532, 2.3446 ], [ -60.756, 2.349 ], [ -60.7503, 2.3534 ], [ -60.7493, 2.3665 ], [ -60.74, 2.3679 ], [ -60.7387, 2.3764 ], [ -60.7327, 2.3702 ], [ -60.7262, 2.3695 ], [ -60.7219, 2.3739 ], [ -60.7218, 2.3841 ], [ -60.7137, 2.3857 ], [ -60.7151, 2.3936 ], [ -60.7106, 2.4001 ], [ -60.7052, 2.399 ], [ -60.70577, 2.37449 ], [ -60.71273, 2.34157 ], [ -60.71047, 2.31886 ], [ -60.739, 2.27354 ], [ -60.69318, 2.24478 ], [ -60.71137, 2.21428 ], [ -60.59983, 2.1434 ], [ -60.59787, 2.10405 ], [ -60.59462, 2.10114 ], [ -60.5964, 2.08734 ], [ -60.60232, 2.08063 ], [ -60.60836, 2.05991 ], [ -60.60489, 2.04076 ], [ -60.59134, 2.03603 ], [ -60.56855, 2.01327 ], [ -60.555, 2.0082 ], [ -60.56333, 2.00781 ], [ -60.5486, 2.0076 ], [ -60.5354, 2.0134 ], [ -60.534, 2.0176 ], [ -60.5201, 2.0114 ], [ -60.5164, 2.014 ], [ -60.5145, 2.0271 ], [ -60.5202, 2.0458 ], [ -60.5177, 2.0592 ], [ -60.5125, 2.0774 ], [ -60.50154, 2.08486 ], [ -60.50995, 2.09117 ], [ -60.49154, 2.10049 ], [ -60.49064, 2.11154 ], [ -60.49868, 2.13408 ], [ -60.48868, 2.13656 ], [ -60.48323, 2.15901 ], [ -60.46485, 2.16907 ], [ -60.46843, 2.17932 ], [ -60.46423, 2.18356 ], [ -60.46616, 2.19721 ], [ -60.44827, 2.20808 ], [ -60.44411, 2.21687 ], [ -60.43069, 2.22304 ], [ -60.42607, 2.23614 ], [ -60.41805, 2.24046 ], [ -60.36569, 2.25048 ], [ -60.40252, 2.24405 ], [ -60.3925, 2.2516 ], [ -60.3887, 2.2877 ], [ -60.3808, 2.3079 ], [ -60.3803, 2.3245 ], [ -60.3692, 2.3378 ], [ -60.3558, 2.33854 ], [ -60.34995, 2.34308 ], [ -60.34595, 2.35196 ], [ -60.323, 2.35441 ], [ -60.31397, 2.36158 ], [ -60.30671, 2.37005 ], [ -60.3095, 2.37266 ], [ -60.30615, 2.37555 ], [ -60.30829, 2.38188 ], [ -60.30606, 2.38793 ], [ -60.28883, 2.39509 ], [ -60.29246, 2.40468 ], [ -60.2906, 2.41027 ], [ -60.27887, 2.4206 ], [ -60.26202, 2.42488 ], [ -60.25402, 2.44629 ], [ -60.2351, 2.468 ], [ -60.2332, 2.4846 ], [ -60.2378, 2.5008 ], [ -60.2271, 2.5316 ], [ -60.22231, 2.53834 ], [ -60.19613, 2.53915 ], [ -60.20076, 2.5289 ], [ -60.1972, 2.51939 ], [ -60.20183, 2.50948 ], [ -60.19886, 2.50459 ], [ -60.2009, 2.48793 ], [ -60.19551, 2.48129 ], [ -60.1949, 2.46986 ], [ -60.19475, 2.44651 ], [ -60.2015, 2.43701 ], [ -60.19447, 2.41151 ], [ -60.19911, 2.39756 ], [ -60.19162, 2.38864 ], [ -60.18511, 2.38912 ], [ -60.17767, 2.38331 ], [ -60.17645, 2.36348 ], [ -60.16775, 2.35664 ], [ -60.16958, 2.34252 ], [ -60.17784, 2.34276 ], [ -60.19774, 2.3037 ], [ -60.2094, 2.30591 ], [ -60.20528, 2.29446 ], [ -60.20323, 2.26824 ], [ -60.2062, 2.24732 ], [ -60.19684, 2.23859 ], [ -60.19292, 2.24742 ], [ -60.18517, 2.24554 ], [ -60.18006, 2.23669 ], [ -60.17159, 2.24113 ], [ -60.16578, 2.24017 ], [ -60.16036, 2.22322 ], [ -60.16298, 2.18511 ], [ -60.15856, 2.18265 ], [ -60.15076, 2.1923 ], [ -60.14951, 2.18821 ], [ -60.14978, 2.178 ], [ -60.15486, 2.17159 ], [ -60.15761, 2.15914 ], [ -60.1767, 2.1447 ], [ -60.17942, 2.14877 ], [ -60.18517, 2.14727 ], [ -60.19067, 2.15054 ], [ -60.19439, 2.14659 ], [ -60.2091, 2.1655 ], [ -60.2192, 2.1679 ], [ -60.2253, 2.1659 ], [ -60.2254, 2.1879 ], [ -60.23448, 2.18642 ], [ -60.23841, 2.1782 ], [ -60.24198, 2.15987 ], [ -60.25181, 2.1492 ], [ -60.25396, 2.14099 ], [ -60.27246, 2.12371 ], [ -60.29618, 2.08202 ], [ -60.3368, 2.08363 ], [ -60.34971, 2.06781 ], [ -60.36123, 2.06394 ], [ -60.38232, 2.03631 ], [ -60.39037, 2.03242 ], [ -60.40619, 2.01549 ], [ -60.39565, 2.00911 ], [ -60.39481, 2.00356 ], [ -60.37941, 1.99606 ], [ -60.38093, 1.98662 ], [ -60.39745, 1.97094 ], [ -60.4025, 1.981 ], [ -60.4154, 1.9829 ], [ -60.4203, 1.98 ], [ -60.4222, 1.9714 ], [ -60.4379, 1.9581 ], [ -60.4541, 1.9626 ], [ -60.4582, 1.9245 ], [ -60.4626, 1.9198 ], [ -60.4769, 1.9147 ], [ -60.4887, 1.9032 ], [ -60.5041, 1.8969 ], [ -60.5216, 1.8768 ], [ -60.5348, 1.8674 ], [ -60.5371, 1.8607 ], [ -60.5493, 1.8552 ], [ -60.5573, 1.8287 ], [ -60.5663, 1.821 ], [ -60.5674, 1.8135 ], [ -60.57642, 1.80084 ], [ -60.57898, 1.81047 ], [ -60.57515, 1.79048 ], [ -60.56912, 1.78073 ], [ -60.55931, 1.77886 ], [ -60.55762, 1.7706 ], [ -60.54612, 1.75668 ], [ -60.54543, 1.75221 ], [ -60.55509, 1.73697 ], [ -60.56384, 1.73236 ], [ -60.56891, 1.72319 ], [ -60.57376, 1.7195 ], [ -60.57742, 1.72142 ], [ -60.58034, 1.71495 ], [ -60.58778, 1.71315 ], [ -60.60603, 1.69701 ], [ -60.6187, 1.6888 ], [ -60.6193, 1.6804 ], [ -60.628, 1.6811 ], [ -60.6264, 1.6759 ], [ -60.6296, 1.6707 ], [ -60.6354, 1.6721 ], [ -60.636, 1.6771 ], [ -60.641, 1.6707 ], [ -60.644, 1.6711 ], [ -60.6469, 1.6612 ], [ -60.65143, 1.66199 ], [ -60.65014, 1.66035 ], [ -60.6463, 1.6496 ] ], [ [ -60.73332, 2.09263 ], [ -60.73536, 2.09101 ], [ -60.7536, 2.0996 ], [ -60.73423, 2.08918 ], [ -60.73332, 2.09263 ] ], [ [ -60.7424, 1.99948 ], [ -60.74832, 1.97738 ], [ -60.76045, 1.95771 ], [ -60.76037, 1.93562 ], [ -60.75007, 1.90581 ], [ -60.73962, 1.89731 ], [ -60.7322, 1.89894 ], [ -60.72456, 1.89656 ], [ -60.70701, 1.90223 ], [ -60.6762, 1.89795 ], [ -60.66695, 1.89584 ], [ -60.65583, 1.89761 ], [ -60.58401, 1.93984 ], [ -60.57446, 1.98376 ], [ -60.58625, 2.00016 ], [ -60.58759, 2.00669 ], [ -60.7434, 1.99947 ], [ -60.7424, 1.99948 ] ], [ [ -60.69483, 1.78313 ], [ -60.72975, 1.84064 ], [ -60.6812, 1.7592 ], [ -60.69483, 1.78313 ] ], [ [ -60.66254, 1.68655 ], [ -60.66353, 1.69766 ], [ -60.66255, 1.68657 ], [ -60.66254, 1.68655 ] ], [ [ -60.65661, 1.68034 ], [ -60.66154, 1.68507 ], [ -60.65648, 1.67753 ], [ -60.65661, 1.68034 ] ], [ [ -60.818, 1.87 ], [ -60.81652, 1.87495 ], [ -60.82222, 1.86342 ], [ -60.818, 1.87 ] ], [ [ -60.81624, 1.87587 ], [ -60.8154, 1.8787 ], [ -60.8173, 1.8924 ], [ -60.8214, 1.9072 ], [ -60.81624, 1.87587 ] ], [ [ -60.83129, 1.92169 ], [ -60.8315, 1.921 ], [ -60.8214, 1.9072 ], [ -60.83129, 1.92169 ] ], [ [ -60.68601, 2.05872 ], [ -60.68823, 2.06012 ], [ -60.68925, 2.05168 ], [ -60.68601, 2.05872 ] ], [ [ -60.71649, 2.20569 ], [ -60.74558, 2.15693 ], [ -60.74871, 2.14726 ], [ -60.71649, 2.20569 ] ], [ [ -60.58108, 1.87057 ], [ -60.58756, 1.86687 ], [ -60.58391, 1.86082 ], [ -60.57739, 1.86464 ], [ -60.58108, 1.87057 ] ], [ [ -60.61834, 2.11074 ], [ -60.62179, 2.10543 ], [ -60.6188, 2.10402 ], [ -60.61301, 2.11283 ], [ -60.61833, 2.11751 ], [ -60.62205, 2.11477 ], [ -60.61834, 2.11074 ] ], [ [ -60.20977, 2.45735 ], [ -60.20983, 2.46097 ], [ -60.21381, 2.46088 ], [ -60.21413, 2.45726 ], [ -60.20977, 2.45735 ] ] ], [ [ [ -61.05401, 2.07158 ], [ -61.04565, 2.09307 ], [ -61.03045, 2.11954 ], [ -61.02794, 2.1329 ], [ -61.01847, 2.14711 ], [ -60.97015, 2.18343 ], [ -60.95593, 2.20368 ], [ -60.93871, 2.21611 ], [ -60.95712, 2.19434 ], [ -61.01592, 2.145 ], [ -61.04123, 2.09975 ], [ -61.05299, 2.06294 ], [ -61.05146, 2.05092 ], [ -61.0374, 2.0251 ], [ -61.03254, 2.00822 ], [ -61.02212, 1.99963 ], [ -61.03269, 1.9989 ], [ -61.03475, 2.01191 ], [ -61.04911, 2.01873 ], [ -61.05123, 2.0215 ], [ -61.05564, 2.04766 ], [ -61.05401, 2.07158 ] ], [ [ -61.04777, 2.01863 ], [ -61.03573, 2.01358 ], [ -61.04879, 2.02575 ], [ -61.05065, 2.02205 ], [ -61.04777, 2.01863 ] ] ] ] } },
{ "type": "Feature", "properties": { "cluster": 327.0, "hvi": 0.0921, "population": 79, "setores": 4, "municipio": "Caracaraí" }, "geometry": { "type": "MultiPolygon", "coordinates": [ [ [ [ -61.32606, 1.21805 ], [ -61.32511, 1.20924 ], [ -61.32975, 1.19481 ], [ -61.33073, 1.21374 ], [ -61.32606, 1.21805 ] ] ], [ [ [ -61.32748, 1.21797 ], [ -61.3301, 1.21636 ], [ -61.3285, 1.22008 ], [ -61.32748, 1.21797 ] ] ], [ [ [ -61.32399, 1.25728 ], [ -61.30484, 1.28909 ], [ -61.29833, 1.28821 ], [ -61.30492, 1.26103 ], [ -61.32048, 1.23632 ], [ -61.33124, 1.21464 ], [ -61.32399, 1.25728 ] ] ], [ [ [ -61.26514, 1.51875 ], [ -61.26588, 1.52117 ], [ -61.26654, 1.51927 ], [ -61.26189, 1.50943 ], [ -61.26492, 1.47648 ], [ -61.28167, 1.42741 ], [ -61.29029, 1.36822 ], [ -61.2886, 1.34638 ], [ -61.30626, 1.29478 ], [ -61.31333, 1.28505 ], [ -61.31592, 1.2789 ], [ -61.32587, 1.26947 ], [ -61.33239, 1.25286 ], [ -61.33671, 1.22646 ], [ -61.33803, 1.16714 ], [ -61.34546, 1.17935 ], [ -61.34489, 1.20579 ], [ -61.35043, 1.20758 ], [ -61.35739, 1.20125 ], [ -61.37167, 1.19584 ], [ -61.36869, 1.17009 ], [ -61.38171, 1.16394 ], [ -61.38154, 1.15865 ], [ -61.39124, 1.14669 ], [ -61.38953, 1.12807 ], [ -61.399, 1.11209 ], [ -61.40579, 1.08892 ], [ -61.4039, 1.07961 ], [ -61.41349, 1.07529 ], [ -61.41875, 1.06365 ], [ -61.41051, 1.05549 ], [ -61.49955, 0.96937 ], [ -61.51793, 0.94238 ], [ -61.53731, 0.92949 ], [ -61.54767, 0.89888 ], [ -61.56006, 0.88139 ], [ -61.56026, 0.86526 ], [ -61.57054, 0.85662 ], [ -61.56732, 0.84894 ], [ -61.57235, 0.84014 ], [ -61.57626, 0.8218 ], [ -61.56927, 0.81887 ], [ -61.56875, 0.81298 ], [ -61.57606, 0.80602 ], [ -61.58407, 0.80415 ], [ -61.58298, 0.80022 ], [ -61.58932, 0.79615 ], [ -61.58685, 0.78905 ], [ -61.59679, 0.78191 ], [ -61.6056, 0.77813 ], [ -61.61963, 0.78012 ], [ -61.62145, 0.77341 ], [ -61.627, 0.77258 ], [ -61.63285, 0.77979 ], [ -61.63751, 0.79487 ], [ -61.65418, 0.8017 ], [ -61.65802, 0.80667 ], [ -61.65382, 0.8246 ], [ -61.65881, 0.82667 ], [ -61.65889, 0.84141 ], [ -61.64453, 0.84625 ], [ -61.6378, 0.85702 ], [ -61.64725, 0.86434 ], [ -61.6537, 0.88288 ], [ -61.64949, 0.89689 ], [ -61.67177, 0.90966 ], [ -61.67122, 0.91666 ], [ -61.67868, 0.92589 ], [ -61.68778, 0.9269 ], [ -61.6843, 0.93727 ], [ -61.70206, 0.94658 ], [ -61.71088, 0.94754 ], [ -61.71405, 0.9565 ], [ -61.71145, 0.97662 ], [ -61.71432, 0.98309 ], [ -61.70528, 0.98301 ], [ -61.70146, 0.99041 ], [ -61.71662, 0.99049 ], [ -61.73269, 0.98084 ], [ -61.74027, 0.99343 ], [ -61.73771, 1.00148 ], [ -61.74186, 1.001 ], [ -61.74079, 1.0122 ], [ -61.74806, 1.01923 ], [ -61.74888, 1.03138 ], [ -61.74707, 1.03787 ], [ -61.74075, 1.03439 ], [ -61.73555, 1.03392 ], [ -61.73473, 1.03645 ], [ -61.73904, 1.04897 ], [ -61.73218, 1.04858 ], [ -61.74192, 1.06172 ], [ -61.74295, 1.08735 ], [ -61.73927, 1.09518 ], [ -61.72683, 1.09038 ], [ -61.73198, 1.09587 ], [ -61.73362, 1.10504 ], [ -61.73177, 1.11355 ], [ -61.72005, 1.12703 ], [ -61.72403, 1.12555 ], [ -61.72141, 1.13079 ], [ -61.72445, 1.1289 ], [ -61.72643, 1.13349 ], [ -61.72602, 1.14514 ], [ -61.7214, 1.14582 ], [ -61.71933, 1.15411 ], [ -61.71915, 1.16936 ], [ -61.70954, 1.17243 ], [ -61.70171, 1.17057 ], [ -61.70269, 1.18473 ], [ -61.68945, 1.18768 ], [ -61.68677, 1.19821 ], [ -61.69092, 1.19806 ], [ -61.69442, 1.20648 ], [ -61.68475, 1.22352 ], [ -61.69022, 1.23029 ], [ -61.68882, 1.22872 ], [ -61.68894, 1.23269 ], [ -61.68143, 1.23546 ], [ -61.66602, 1.25631 ], [ -61.66517, 1.26217 ], [ -61.66853, 1.26359 ], [ -61.67222, 1.27477 ], [ -61.67054, 1.28236 ], [ -61.67518, 1.30502 ], [ -61.67464, 1.31803 ], [ -61.66468, 1.3212 ], [ -61.66383, 1.32635 ], [ -61.65812, 1.3256 ], [ -61.65846, 1.33621 ], [ -61.64782, 1.34916 ], [ -61.65922, 1.35248 ], [ -61.66063, 1.35683 ], [ -61.64786, 1.36298 ], [ -61.64338, 1.37117 ], [ -61.65125, 1.37527 ], [ -61.65726, 1.37181 ], [ -61.65763, 1.38348 ], [ -61.64431, 1.39277 ], [ -61.64487, 1.40206 ], [ -61.63735, 1.40653 ], [ -61.63911, 1.41261 ], [ -61.62635, 1.41498 ], [ -61.61974, 1.42006 ], [ -61.61855, 1.43269 ], [ -61.62236, 1.44763 ], [ -61.63651, 1.47376 ], [ -61.65694, 1.49065 ], [ -61.67596, 1.49926 ], [ -61.70441, 1.52231 ], [ -61.72109, 1.52676 ], [ -61.73069, 1.56005 ], [ -61.81066, 1.71299 ], [ -61.82075, 1.71263 ], [ -61.82877, 1.70864 ], [ -61.83692, 1.71197 ], [ -61.85357, 1.70597 ], [ -61.87943, 1.6644 ], [ -61.88411, 1.64581 ], [ -61.89249, 1.64187 ], [ -61.90044, 1.63148 ], [ -61.90981, 1.61081 ], [ -61.90919, 1.60221 ], [ -61.91479, 1.59381 ], [ -61.92124, 1.59728 ], [ -61.91888, 1.58604 ], [ -61.93571, 1.55499 ], [ -61.99828, 1.4879 ], [ -62.01874, 1.48932 ], [ -62.12247, 1.3998 ], [ -62.12756, 1.38343 ], [ -62.13437, 1.38034 ], [ -62.13906, 1.38169 ], [ -62.14277, 1.38901 ], [ -62.14277, 1.39324 ], [ -62.13847, 1.39459 ], [ -62.13964, 1.3994 ], [ -62.14707, 1.40517 ], [ -62.15822, 1.40345 ], [ -62.16409, 1.41004 ], [ -62.16139, 1.41644 ], [ -62.1641, 1.42162 ], [ -62.17672, 1.4124 ], [ -62.18318, 1.41377 ], [ -62.19113, 1.40949 ], [ -62.19632, 1.41071 ], [ -62.20432, 1.42051 ], [ -62.23314, 1.41183 ], [ -62.23243, 1.39403 ], [ -62.21936, 1.33074 ], [ -62.22384, 1.27098 ], [ -62.21124, 1.2556 ], [ -62.20037, 1.2485 ], [ -62.18998, 1.24646 ], [ -62.17836, 1.23493 ], [ -62.18024, 1.22411 ], [ -62.17634, 1.21195 ], [ -62.17996, 1.19803 ], [ -62.16984, 1.1782 ], [ -62.17135, 1.1525 ], [ -62.17768, 1.13702 ], [ -62.17438, 1.11522 ], [ -62.17628, 1.09051 ], [ -62.28695, 1.08905 ], [ -62.2863, 1.06228 ], [ -62.29226, 1.06028 ], [ -62.30894, 1.07335 ], [ -62.31162, 1.09577 ], [ -62.33465, 1.08702 ], [ -62.35493, 1.09897 ], [ -62.3608, 1.10661 ], [ -62.36941, 1.10607 ], [ -62.37543, 1.09586 ], [ -62.38747, 1.10268 ], [ -62.38942, 1.11098 ], [ -62.37719, 1.12666 ], [ -62.37543, 1.14117 ], [ -62.38154, 1.14611 ], [ -62.39469, 1.1463 ], [ -62.39608, 1.14958 ], [ -62.37857, 1.16674 ], [ -62.38889, 1.17698 ], [ -62.39994, 1.17958 ], [ -62.40984, 1.18678 ], [ -62.41619, 1.19656 ], [ -62.42353, 1.19701 ], [ -62.42413, 1.20532 ], [ -62.4325, 1.2109 ], [ -62.44384, 1.23131 ], [ -62.44799, 1.23313 ], [ -62.4475, 1.2456 ], [ -62.4513, 1.2513 ], [ -62.4432, 1.2685 ], [ -62.4339, 1.2651 ], [ -62.4246, 1.2828 ], [ -62.4233, 1.2996 ], [ -62.4126, 1.3099 ], [ -62.3958, 1.3137 ], [ -62.3925, 1.3194 ], [ -62.3962, 1.3221 ], [ -62.3953, 1.3256 ], [ -62.3875, 1.3308 ], [ -62.3821, 1.3306 ], [ -62.3809, 1.3492 ], [ -62.3855, 1.3569 ], [ -62.3746, 1.3672 ], [ -62.3774, 1.3769 ], [ -62.3677, 1.3788 ], [ -62.3549, 1.3966 ], [ -62.35006, 1.39431 ], [ -62.33654, 1.40875 ], [ -62.3269, 1.4111 ], [ -62.3425, 1.4143 ], [ -62.3401, 1.4212 ], [ -62.3447, 1.4398 ], [ -62.343, 1.4456 ], [ -62.3474, 1.4491 ], [ -62.343, 1.4598 ], [ -62.3146, 1.46091 ], [ -62.30497, 1.46366 ], [ -62.29581, 1.47074 ], [ -62.27398, 1.47467 ], [ -62.25802, 1.48385 ], [ -62.25215, 1.47794 ], [ -62.24303, 1.4763 ], [ -62.23782, 1.46678 ], [ -62.22903, 1.47268 ], [ -62.22642, 1.47892 ], [ -62.2098, 1.48646 ], [ -62.16549, 1.51696 ], [ -62.07295, 1.5914 ], [ -62.05924, 1.63701 ], [ -62.05859, 1.65013 ], [ -62.07813, 1.66162 ], [ -62.08822, 1.67541 ], [ -62.08821, 1.6846 ], [ -62.07289, 1.70132 ], [ -62.08038, 1.71773 ], [ -62.05855, 1.72461 ], [ -62.0416, 1.74396 ], [ -62.03443, 1.7456 ], [ -62.02792, 1.74002 ], [ -61.90216, 1.75472 ], [ -61.91128, 1.77145 ], [ -61.91322, 1.78261 ], [ -61.91093, 1.80558 ], [ -61.91646, 1.8233 ], [ -61.94585, 1.8426 ], [ -61.92054, 1.87593 ], [ -61.91028, 1.89575 ], [ -61.90504, 1.9236 ], [ -61.8956, 1.9227 ], [ -61.874, 1.9341 ], [ -61.851, 1.9367 ], [ -61.8148, 1.9323 ], [ -61.8082, 1.9381 ], [ -61.8013, 1.9362 ], [ -61.7822, 1.9465 ], [ -61.7636, 1.9502 ], [ -61.753, 1.9409 ], [ -61.7241, 1.9373 ], [ -61.6394, 1.9413 ], [ -61.6151, 1.9384 ], [ -61.5928, 1.9483 ], [ -61.5864, 1.9603 ], [ -61.5669, 1.9621 ], [ -61.5533, 1.9682 ], [ -61.5341, 1.9889 ], [ -61.51168, 1.99783 ], [ -61.49115, 2.01048 ], [ -61.47901, 2.0131 ], [ -61.44865, 2.00976 ], [ -61.43237, 2.02076 ], [ -61.41481, 2.02563 ], [ -61.4093, 2.0229 ], [ -61.38271, 2.00623 ], [ -61.36111, 1.99693 ], [ -61.38573, 1.97831 ], [ -61.39516, 1.97868 ], [ -61.39869, 1.97599 ], [ -61.39069, 1.9569 ], [ -61.38745, 1.95311 ], [ -61.38305, 1.95393 ], [ -61.37561, 1.94339 ], [ -61.37611, 1.94247 ], [ -61.18111, 1.89248 ], [ -61.17875, 1.71207 ], [ -61.4171, 1.71293 ], [ -61.41685, 1.72389 ], [ -61.41767, 1.70097 ], [ -61.4022, 1.69456 ], [ -61.40342, 1.6882 ], [ -61.3983, 1.68969 ], [ -61.39373, 1.67899 ], [ -61.3908, 1.68357 ], [ -61.38806, 1.68227 ], [ -61.38393, 1.66872 ], [ -61.37556, 1.66374 ], [ -61.37302, 1.65629 ], [ -61.36927, 1.65604 ], [ -61.369, 1.64931 ], [ -61.36536, 1.64686 ], [ -61.36842, 1.64201 ], [ -61.36394, 1.64192 ], [ -61.36421, 1.64734 ], [ -61.36015, 1.64516 ], [ -61.35562, 1.62856 ], [ -61.34972, 1.63314 ], [ -61.34373, 1.63229 ], [ -61.34205, 1.64022 ], [ -61.33326, 1.64743 ], [ -61.32278, 1.64378 ], [ -61.32312, 1.63912 ], [ -61.31911, 1.63636 ], [ -61.31344, 1.63689 ], [ -61.30354, 1.62359 ], [ -61.29778, 1.6279 ], [ -61.29127, 1.62752 ], [ -61.29562, 1.61719 ], [ -61.29317, 1.60822 ], [ -61.2983, 1.60544 ], [ -61.30159, 1.59731 ], [ -61.28677, 1.59847 ], [ -61.28005, 1.58946 ], [ -61.28416, 1.5859 ], [ -61.29409, 1.58871 ], [ -61.30045, 1.57735 ], [ -61.28574, 1.5618 ], [ -61.27661, 1.56433 ], [ -61.28321, 1.5692 ], [ -61.28245, 1.57535 ], [ -61.27938, 1.57589 ], [ -61.27381, 1.57035 ], [ -61.26953, 1.55724 ], [ -61.26572, 1.56131 ], [ -61.26736, 1.57142 ], [ -61.25679, 1.56512 ], [ -61.25748, 1.55456 ], [ -61.25231, 1.55392 ], [ -61.24976, 1.53832 ], [ -61.26222, 1.50058 ], [ -61.26061, 1.51042 ], [ -61.26316, 1.52033 ], [ -61.26514, 1.51875 ] ], [ [ -61.42151, 1.82868 ], [ -61.4206, 1.82898 ], [ -61.42059, 1.83111 ], [ -61.42151, 1.82868 ] ], [ [ -61.44412, 1.82463 ], [ -61.4447, 1.82146 ], [ -61.44377, 1.82468 ], [ -61.44412, 1.82463 ] ], [ [ -61.44566, 1.81621 ], [ -61.44284, 1.80571 ], [ -61.4455, 1.8171 ], [ -61.44566, 1.81621 ] ], [ [ -61.44987, 1.77851 ], [ -61.44859, 1.77792 ], [ -61.43818, 1.77919 ], [ -61.44987, 1.77851 ] ], [ [ -61.44511, 1.77145 ], [ -61.44496, 1.7716 ], [ -61.4437, 1.77566 ], [ -61.44511, 1.77145 ] ], [ [ -61.4416, 1.75437 ], [ -61.44078, 1.75186 ], [ -61.43531, 1.76382 ], [ -61.4416, 1.75437 ] ], [ [ -61.44004, 1.74961 ], [ -61.43758, 1.74997 ], [ -61.44047, 1.75092 ], [ -61.44004, 1.74961 ] ], [ [ -61.43078, 1.74736 ], [ -61.43086, 1.74777 ], [ -61.43195, 1.74813 ], [ -61.43078, 1.74736 ] ], [ [ -61.44886, 1.76799 ], [ -61.44869, 1.76814 ], [ -61.56615, 1.75432 ], [ -61.44886, 1.76799 ] ], [ [ -61.79294, 1.72191 ], [ -61.79012, 1.72312 ], [ -61.79051, 1.72328 ], [ -61.79294, 1.72191 ] ], [ [ -61.80525, 1.71402 ], [ -61.80473, 1.71526 ], [ -61.80706, 1.71395 ], [ -61.80525, 1.71402 ] ], [ [ -61.39638, 2.01472 ], [ -61.39674, 2.01494 ], [ -61.39653, 2.01456 ], [ -61.39638, 2.01472 ] ], [ [ -61.42164, 2.00519 ], [ -61.42185, 2.00684 ], [ -61.42318, 2.00489 ], [ -61.42164, 2.00519 ] ], [ [ -61.47013, 2.01026 ], [ -61.47132, 2.01071 ], [ -61.47052, 2.00929 ], [ -61.47013, 2.01026 ] ] ], [ [ [ -61.31251, 1.28541 ], [ -61.31181, 1.28584 ], [ -61.31482, 1.27923 ], [ -61.31251, 1.28541 ] ] ], [ [ [ -61.304, 1.28985 ], [ -61.30204, 1.29238 ], [ -61.30014, 1.2917 ], [ -61.30105, 1.28957 ], [ -61.304, 1.28985 ] ] ], [ [ [ -61.30116, 1.29232 ], [ -61.3019, 1.29274 ], [ -61.30143, 1.29295 ], [ -61.30116, 1.29232 ] ] ], [ [ [ -61.30013, 1.29033 ], [ -61.29987, 1.29163 ], [ -61.30119, 1.29304 ], [ -61.30132, 1.29876 ], [ -61.29675, 1.30133 ], [ -61.29822, 1.28913 ], [ -61.30013, 1.29033 ] ] ], [ [ [ -61.29505, 1.30709 ], [ -61.29553, 1.30274 ], [ -61.29725, 1.30745 ], [ -61.29505, 1.30709 ] ] ], [ [ [ -61.27092, 1.36923 ], [ -61.27416, 1.35203 ], [ -61.28729, 1.32024 ], [ -61.28029, 1.34607 ], [ -61.27917, 1.39092 ], [ -61.27533, 1.39751 ], [ -61.27092, 1.36923 ] ] ], [ [ [ -61.27649, 1.41834 ], [ -61.27755, 1.41405 ], [ -61.27726, 1.4178 ], [ -61.27649, 1.41834 ] ] ], [ [ [ -61.25768, 1.45171 ], [ -61.27629, 1.42287 ], [ -61.26618, 1.457 ], [ -61.26214, 1.46179 ], [ -61.25768, 1.45171 ] ] ], [ [ [ -61.26952, 1.44622 ], [ -61.27138, 1.44337 ], [ -61.27093, 1.44605 ], [ -61.26952, 1.44622 ] ] ], [ [ [ -61.25209, 1.46144 ], [ -61.25392, 1.45434 ], [ -61.25483, 1.46055 ], [ -61.25209, 1.46144 ] ] ], [ [ [ -61.25973, 1.49567 ], [ -61.2483, 1.52392 ], [ -61.24889, 1.50676 ], [ -61.26028, 1.45981 ], [ -61.26146, 1.46211 ], [ -61.26329, 1.46251 ], [ -61.25973, 1.49567 ] ] ], [ [ [ -61.24784, 1.52466 ], [ -61.24681, 1.52597 ], [ -61.24694, 1.52464 ], [ -61.24784, 1.52466 ] ] ] ] } },
{ "type": "Feature", "properties": { "cluster": 328.0, "hvi": 0.128, "population": 877, "setores": 1, "municipio": "Caracaraí" }, "geometry": { "type": "Polygon", "coordinates": [ [ [ -61.13505, 1.80938 ], [ -61.13789, 1.80226 ], [ -61.14097, 1.80406 ], [ -61.13881, 1.81105 ], [ -61.13505, 1.80938 ] ] ] } },
{ "type": "Feature", "properties": { "cluster": 329.0, "hvi": 0.1333, "population": 2851, "setores": 3, "municipio": "Caracaraí" }, "geometry": { "type": "MultiPolygon", "coordinates": [ [ [ [ -61.13273, 1.81241 ], [ -61.13408, 1.80895 ], [ -61.14755, 1.81502 ], [ -61.14493, 1.81736 ], [ -61.13273, 1.81241 ] ] ], [ [ [ -61.1317, 1.812 ], [ -61.13928, 1.81507 ], [ -61.13646, 1.81943 ], [ -61.13012, 1.81608 ], [ -61.1317, 1.812 ] ] ], [ [ [ -61.14493, 1.81736 ], [ -61.13757, 1.823 ], [ -61.13928, 1.81507 ], [ -61.14493, 1.81736 ] ] ] ] } },
{ "type": "Feature", "properties": { "cluster": 330.0, "hvi": 0.0904, "population": 33, "setores": 1, "municipio": "Caracaraí" }, "geometry": { "type": "Polygon", "coordinates": [ [ [ -62.11475, 1.71429 ], [ -62.1151, 1.71563 ], [ -62.11435, 1.71505 ], [ -62.11475, 1.71429 ] ] ] } },
{ "type": "Feature", "properties": { "cluster": 331.0, "hvi": 0.0919, "population": 48, "setores": 2, "municipio": "Caracaraí" }, "geometry": { "type": "Polygon", "coordinates": [ [ [ -62.28695, 1.08905 ], [ -62.16057, 1.08997 ], [ -62.16072, 1.07337 ], [ -62.16566, 1.06127 ], [ -62.17396, 1.07153 ], [ -62.17978, 1.05926 ], [ -62.1815, 1.06678 ], [ -62.19024, 1.07267 ], [ -62.19464, 1.07187 ], [ -62.18963, 1.06791 ], [ -62.19135, 1.05953 ], [ -62.19434, 1.05921 ], [ -62.20501, 1.06526 ], [ -62.20109, 1.07063 ], [ -62.21088, 1.07607 ], [ -62.20789, 1.07937 ], [ -62.20961, 1.08087 ], [ -62.21673, 1.07813 ], [ -62.21872, 1.07219 ], [ -62.22465, 1.07321 ], [ -62.22832, 1.07018 ], [ -62.22592, 1.05778 ], [ -62.23492, 1.06152 ], [ -62.2394, 1.05024 ], [ -62.24271, 1.05124 ], [ -62.24502, 1.05912 ], [ -62.2414, 1.06438 ], [ -62.24722, 1.06561 ], [ -62.25462, 1.07298 ], [ -62.26092, 1.07081 ], [ -62.26381, 1.06406 ], [ -62.27057, 1.06918 ], [ -62.2771, 1.06071 ], [ -62.2863, 1.06228 ], [ -62.28695, 1.08905 ] ], [ [ -62.1721, 1.07295 ], [ -62.1766, 1.0714 ], [ -62.17621, 1.07061 ], [ -62.17468, 1.07154 ], [ -62.17285, 1.07158 ], [ -62.16922, 1.06992 ], [ -62.1721, 1.07295 ] ], [ [ -62.20627, 1.08272 ], [ -62.20824, 1.08278 ], [ -62.20873, 1.08199 ], [ -62.20627, 1.08272 ] ] ] } },
{ "type": "Feature", "properties": { "cluster": 332.0, "hvi": 0.0892, "population": 30, "setores": 1, "municipio": "Caracaraí" }, "geometry": { "type": "Polygon", "coordinates": [ [ [ -62.20627, 1.08272 ], [ -62.20873, 1.08199 ], [ -62.20824, 1.08278 ], [ -62.20627, 1.08272 ] ] ] } },
{ "type": "Feature", "properties": { "cluster": 333.0, "hvi": 0.0962, "population": 101, "setores": 1, "municipio": "Caracaraí" }, "geometry": { "type": "Polygon", "coordinates": [ [ [ -62.16922, 1.06992 ], [ -62.17285, 1.07158 ], [ -62.1766, 1.0714 ], [ -62.1721, 1.07295 ], [ -62.16922, 1.06992 ] ] ] } },
{ "type": "Feature", "properties": { "cluster": 334.0, "hvi": 0.0917, "population": 39, "setores": 1, "municipio": "Caracaraí" }, "geometry": { "type": "Polygon", "coordinates": [ [ [ -62.3225, 1.71689 ], [ -62.32007, 1.71498 ], [ -62.3225, 1.71498 ], [ -62.3225, 1.71689 ] ] ] } },
{ "type": "Feature", "properties": { "cluster": 335.0, "hvi": 0.1073, "population": 0, "setores": 1, "municipio": "Caracaraí" }, "geometry": { "type": "Polygon", "coordinates": [ [ [ -61.47052, 2.00929 ], [ -61.47132, 2.01071 ], [ -61.47013, 2.01026 ], [ -61.47052, 2.00929 ] ] ] } },
{ "type": "Feature", "properties": { "cluster": 336.0, "hvi": 0.1073, "population": 0, "setores": 1, "municipio": "Caracaraí" }, "geometry": { "type": "Polygon", "coordinates": [ [ [ -61.42318, 2.00489 ], [ -61.42185, 2.00684 ], [ -61.42164, 2.00519 ], [ -61.42318, 2.00489 ] ] ] } },
{ "type": "Feature", "properties": { "cluster": 337.0, "hvi": 0.1073, "population": 0, "setores": 1, "municipio": "Caracaraí" }, "geometry": { "type": "Polygon", "coordinates": [ [ [ -61.39653, 2.01456 ], [ -61.39674, 2.01494 ], [ -61.39638, 2.01472 ], [ -61.39653, 2.01456 ] ] ] } },
{ "type": "Feature", "properties": { "cluster": 338.0, "hvi": 0.0898, "population": 23, "setores": 1, "municipio": "Caracaraí" }, "geometry": { "type": "Polygon", "coordinates": [ [ [ -62.28743, 1.74692 ], [ -62.28653, 1.74783 ], [ -62.28656, 1.74697 ], [ -62.28743, 1.74692 ] ] ] } },
{ "type": "Feature", "properties": { "cluster": 339.0, "hvi": 0.1073, "population": 0, "setores": 1, "municipio": "Caracaraí" }, "geometry": { "type": "Polygon", "coordinates": [ [ [ -62.28704, 1.73885 ], [ -62.28699, 1.74043 ], [ -62.28573, 1.73932 ], [ -62.28704, 1.73885 ] ] ] } },
{ "type": "Feature", "properties": { "cluster": 340.0, "hvi": 0.0885, "population": 20, "setores": 1, "municipio": "Caracaraí" }, "geometry": { "type": "Polygon", "coordinates": [ [ [ -62.28097, 1.73366 ], [ -62.28009, 1.7344 ], [ -62.28018, 1.73361 ], [ -62.28097, 1.73366 ] ] ] } },
{ "type": "Feature", "properties": { "cluster": 341.0, "hvi": 0.1073, "population": 0, "setores": 1, "municipio": "Caracaraí" }, "geometry": { "type": "Polygon", "coordinates": [ [ [ -62.30386, 1.72729 ], [ -62.30326, 1.72776 ], [ -62.30315, 1.72729 ], [ -62.30386, 1.72729 ] ] ] } },
{ "type": "Feature", "properties": { "cluster": 342.0, "hvi": 0.0891, "population": 21, "setores": 1, "municipio": "Caracaraí" }, "geometry": { "type": "Polygon", "coordinates": [ [ [ -62.3418, 1.69811 ], [ -62.34186, 1.69872 ], [ -62.34145, 1.69852 ], [ -62.3418, 1.69811 ] ] ] } },
{ "type": "Feature", "properties": { "cluster": 343.0, "hvi": 0.0913, "population": 42, "setores": 1, "municipio": "Caracaraí" }, "geometry": { "type": "Polygon", "coordinates": [ [ [ -62.34321, 1.69674 ], [ -62.34254, 1.69723 ], [ -62.3427, 1.69654 ], [ -62.34321, 1.69674 ] ] ] } },
{ "type": "Feature", "properties": { "cluster": 344.0, "hvi": 0.0978, "population": 1315, "setores": 15, "municipio": "Caracaraí" }, "geometry": { "type": "MultiPolygon", "coordinates": [ [ [ [ -62.01746, -1.14174 ], [ -62.03968, -1.11841 ], [ -62.06218, -1.0998 ], [ -62.07163, -1.09758 ], [ -62.08801, -1.10009 ], [ -62.09823, -1.09584 ], [ -62.10551, -1.08647 ], [ -62.11468, -1.08341 ], [ -62.11829, -1.07647 ], [ -62.11135, -1.06036 ], [ -62.12552, -1.0373 ], [ -62.14301, -1.0373 ], [ -62.14551, -1.02841 ], [ -62.15496, -1.02619 ], [ -62.16829, -1.01425 ], [ -62.17191, -1.00591 ], [ -62.19996, -1.00035 ], [ -62.20385, -0.98285 ], [ -62.21357, -0.98369 ], [ -62.22745, -0.97344 ], [ -62.25912, -0.97591 ], [ -62.27219, -0.95202 ], [ -62.28607, -0.94397 ], [ -62.29385, -0.94813 ], [ -62.29829, -0.94092 ], [ -62.31274, -0.93035 ], [ -62.31718, -0.91425 ], [ -62.32857, -0.91563 ], [ -62.34024, -0.90424 ], [ -62.35663, -0.87508 ], [ -62.36496, -0.8773 ], [ -62.36662, -0.86925 ], [ -62.37635, -0.86619 ], [ -62.36996, -0.85925 ], [ -62.37357, -0.84869 ], [ -62.38051, -0.84369 ], [ -62.37607, -0.83647 ], [ -62.39413, -0.82897 ], [ -62.3958, -0.82036 ], [ -62.42829, -0.8123 ], [ -62.43329, -0.80397 ], [ -62.44274, -0.80203 ], [ -62.4483, -0.81007 ], [ -62.4533, -0.80397 ], [ -62.46163, -0.80175 ], [ -62.46551, -0.78897 ], [ -62.4808, -0.79508 ], [ -62.49579, -0.78702 ], [ -62.50107, -0.78147 ], [ -62.5044, -0.76564 ], [ -62.51024, -0.75897 ], [ -62.49496, -0.75063 ], [ -62.49885, -0.73397 ], [ -62.50607, -0.73092 ], [ -62.50829, -0.71425 ], [ -62.49552, -0.70396 ], [ -62.49302, -0.68758 ], [ -62.48663, -0.68147 ], [ -62.47691, -0.68785 ], [ -62.47467, -0.68522 ], [ -62.47027, -0.69118 ], [ -62.46202, -0.68522 ], [ -62.45557, -0.68912 ], [ -62.44755, -0.68961 ], [ -62.4432, -0.6859 ], [ -62.43607, -0.69059 ], [ -62.42713, -0.68976 ], [ -62.42732, -0.6968 ], [ -62.41809, -0.69489 ], [ -62.41892, -0.69982 ], [ -62.41305, -0.70163 ], [ -62.41564, -0.70574 ], [ -62.4091, -0.70818 ], [ -62.4109, -0.71292 ], [ -62.40299, -0.7224 ], [ -62.40138, -0.71727 ], [ -62.39258, -0.7159 ], [ -62.39326, -0.70886 ], [ -62.38217, -0.7032 ], [ -62.37528, -0.70197 ], [ -62.37514, -0.7095 ], [ -62.37299, -0.7095 ], [ -62.35701, -0.70237 ], [ -62.35926, -0.69616 ], [ -62.36746, -0.6945 ], [ -62.37113, -0.68917 ], [ -62.3726, -0.67969 ], [ -62.36988, -0.66785 ], [ -62.35581, -0.67161 ], [ -62.35356, -0.67527 ], [ -62.34829, -0.66697 ], [ -62.34291, -0.66574 ], [ -62.34193, -0.67312 ], [ -62.33074, -0.66604 ], [ -62.32669, -0.65299 ], [ -62.3241, -0.65172 ], [ -62.31775, -0.65798 ], [ -62.31164, -0.65871 ], [ -62.29854, -0.64713 ], [ -62.29287, -0.64772 ], [ -62.28672, -0.63237 ], [ -62.28936, -0.62241 ], [ -62.30182, -0.61488 ], [ -62.29776, -0.61151 ], [ -62.29825, -0.60613 ], [ -62.2916, -0.6076 ], [ -62.29063, -0.59846 ], [ -62.29742, -0.59294 ], [ -62.30113, -0.58464 ], [ -62.31232, -0.57594 ], [ -62.30822, -0.57047 ], [ -62.30656, -0.55942 ], [ -62.31584, -0.55175 ], [ -62.31843, -0.54462 ], [ -62.31584, -0.54296 ], [ -62.31315, -0.54594 ], [ -62.30993, -0.54227 ], [ -62.309, -0.5303 ], [ -62.30201, -0.53221 ], [ -62.29991, -0.52942 ], [ -62.30871, -0.51476 ], [ -62.30724, -0.50812 ], [ -62.30133, -0.50924 ], [ -62.3004, -0.50401 ], [ -62.29683, -0.50783 ], [ -62.29273, -0.50367 ], [ -62.29581, -0.49854 ], [ -62.2853, -0.49297 ], [ -62.2897, -0.48149 ], [ -62.28501, -0.47978 ], [ -62.28813, -0.47914 ], [ -62.28457, -0.47162 ], [ -62.27611, -0.47401 ], [ -62.26712, -0.4682 ], [ -62.27792, -0.45887 ], [ -62.27572, -0.4573 ], [ -62.28041, -0.45071 ], [ -62.28046, -0.44333 ], [ -62.27582, -0.44113 ], [ -62.27098, -0.44968 ], [ -62.26287, -0.43492 ], [ -62.25676, -0.44064 ], [ -62.24482, -0.4326 ], [ -62.24076, -0.42371 ], [ -62.24203, -0.42024 ], [ -62.23548, -0.42493 ], [ -62.2285, -0.41789 ], [ -62.22591, -0.42092 ], [ -62.22141, -0.40397 ], [ -62.21188, -0.40148 ], [ -62.21706, -0.39576 ], [ -62.21398, -0.38721 ], [ -62.20617, -0.39112 ], [ -62.20152, -0.38672 ], [ -62.20817, -0.36761 ], [ -62.19434, -0.35936 ], [ -62.19429, -0.33463 ], [ -62.18691, -0.32559 ], [ -62.19141, -0.31997 ], [ -62.20299, -0.31714 ], [ -62.20968, -0.30976 ], [ -62.21491, -0.31001 ], [ -62.21931, -0.30566 ], [ -62.22556, -0.31426 ], [ -62.23084, -0.31572 ], [ -62.22957, -0.31323 ], [ -62.23397, -0.3123 ], [ -62.23751, -0.30333 ], [ -62.24005, -0.30496 ], [ -62.24213, -0.29925 ], [ -62.24806, -0.29634 ], [ -62.24765, -0.2917 ], [ -62.24367, -0.29458 ], [ -62.24281, -0.29052 ], [ -62.25075, -0.28202 ], [ -62.25339, -0.27 ], [ -62.24122, -0.2528 ], [ -62.23726, -0.25178 ], [ -62.24132, -0.24574 ], [ -62.25065, -0.24801 ], [ -62.24858, -0.23761 ], [ -62.25266, -0.22915 ], [ -62.25029, -0.21909 ], [ -62.25302, -0.21291 ], [ -62.24318, -0.20582 ], [ -62.24679, -0.19075 ], [ -62.24552, -0.1839 ], [ -62.24161, -0.18146 ], [ -62.24156, -0.17047 ], [ -62.24733, -0.16934 ], [ -62.25774, -0.1605 ], [ -62.26302, -0.16338 ], [ -62.2681, -0.15424 ], [ -62.27782, -0.14985 ], [ -62.28305, -0.13519 ], [ -62.2895, -0.13309 ], [ -62.2937, -0.12693 ], [ -62.2916, -0.12375 ], [ -62.29404, -0.11955 ], [ -62.30611, -0.11237 ], [ -62.31163, -0.09849 ], [ -62.31432, -0.10103 ], [ -62.31979, -0.09634 ], [ -62.31852, -0.08843 ], [ -62.31212, -0.08681 ], [ -62.3132, -0.07983 ], [ -62.32155, -0.07748 ], [ -62.31457, -0.06903 ], [ -62.31852, -0.06453 ], [ -62.32786, -0.06429 ], [ -62.33069, -0.05481 ], [ -62.32507, -0.0529 ], [ -62.32014, -0.05759 ], [ -62.32004, -0.04845 ], [ -62.31305, -0.04699 ], [ -62.32063, -0.04308 ], [ -62.32551, -0.02134 ], [ -62.32273, -0.01489 ], [ -62.32654, -0.00169 ], [ -62.33265, 0.00378 ], [ -62.3366, 0.02157 ], [ -62.34603, 0.03422 ], [ -62.35503, 0.03965 ], [ -62.36587, 0.05577 ], [ -62.38591, 0.06041 ], [ -62.40926, 0.07507 ], [ -62.42177, 0.09784 ], [ -62.42309, 0.11607 ], [ -62.42813, 0.12814 ], [ -62.4233, 0.14468 ], [ -62.42858, 0.17353 ], [ -62.43856, 0.1949 ], [ -62.45274, 0.20741 ], [ -62.45442, 0.24355 ], [ -62.46829, 0.27575 ], [ -62.45858, 0.31349 ], [ -62.46689, 0.33297 ], [ -62.46107, 0.35267 ], [ -62.45191, 0.36519 ], [ -62.45301, 0.37353 ], [ -62.44637, 0.37911 ], [ -62.45607, 0.39241 ], [ -62.45857, 0.41769 ], [ -62.46773, 0.42603 ], [ -62.48525, 0.45408 ], [ -62.50939, 0.4405 ], [ -62.51866, 0.4437 ], [ -62.52296, 0.48557 ], [ -62.53301, 0.50881 ], [ -62.52773, 0.54656 ], [ -62.5183, 0.58382 ], [ -62.53829, 0.6752 ], [ -62.53331, 0.7013 ], [ -62.51398, 0.72944 ], [ -62.51622, 0.6408 ], [ -62.44503, 0.6798 ], [ -62.04869, 0.89697 ], [ -62.03568, 0.89747 ], [ -62.02626, 0.89346 ], [ -62.02481, 0.88958 ], [ -62.02993, 0.88273 ], [ -62.0282, 0.8773 ], [ -62.0401, 0.8699 ], [ -62.047, 0.86 ], [ -62.0296, 0.8634 ], [ -62.0175, 0.8616 ], [ -62.0144, 0.8492 ], [ -62.0237, 0.8416 ], [ -62.0171, 0.8317 ], [ -62.0137, 0.8317 ], [ -62.0108, 0.8394 ], [ -62.0041, 0.8441 ], [ -61.9919, 0.8393 ], [ -61.9914, 0.8346 ], [ -62.0028, 0.8266 ], [ -62.0009, 0.8116 ], [ -61.9854, 0.8008 ], [ -61.9658, 0.7946 ], [ -61.9606, 0.7877 ], [ -61.9647, 0.7663 ], [ -61.9573, 0.7488 ], [ -61.9692, 0.7439 ], [ -61.9728, 0.7368 ], [ -61.9683, 0.7358 ], [ -61.9561, 0.7435 ], [ -61.9486, 0.7373 ], [ -61.9484, 0.7256 ], [ -61.9522, 0.7175 ], [ -61.9939, 0.7128 ], [ -61.9981, 0.707 ], [ -61.9956, 0.6983 ], [ -61.9786, 0.6903 ], [ -61.9559, 0.7077 ], [ -61.9523, 0.7073 ], [ -61.9492, 0.701 ], [ -61.9505, 0.694 ], [ -61.9602, 0.6909 ], [ -61.9519, 0.6832 ], [ -61.9406, 0.6796 ], [ -61.9489, 0.6774 ], [ -61.9541, 0.6698 ], [ -61.9285, 0.6558 ], [ -61.924, 0.6455 ], [ -61.9183, 0.6407 ], [ -61.9124, 0.6463 ], [ -61.9023, 0.6333 ], [ -61.895, 0.6335 ], [ -61.8976, 0.627 ], [ -61.8938, 0.6236 ], [ -61.8942, 0.6197 ], [ -61.9012, 0.6112 ], [ -61.8917, 0.613 ], [ -61.8964, 0.6043 ], [ -61.8876, 0.6056 ], [ -61.8913, 0.5929 ], [ -61.8733, 0.5998 ], [ -61.8766, 0.5903 ], [ -61.8692, 0.5835 ], [ -61.8746, 0.5819 ], [ -61.8749, 0.5763 ], [ -61.8686, 0.5706 ], [ -61.8619, 0.5742 ], [ -61.8599, 0.5641 ], [ -61.8549, 0.5705 ], [ -61.8509, 0.5598 ], [ -61.8455, 0.5659 ], [ -61.8427, 0.5544 ], [ -61.8361, 0.5495 ], [ -61.8405, 0.5481 ], [ -61.8376, 0.5457 ], [ -61.8311, 0.5507 ], [ -61.8249, 0.5426 ], [ -61.829, 0.5383 ], [ -61.8268, 0.5314 ], [ -61.816, 0.5351 ], [ -61.8184, 0.5297 ], [ -61.816, 0.5274 ], [ -61.8085, 0.53 ], [ -61.8021, 0.5369 ], [ -61.8004, 0.5219 ], [ -61.7971, 0.5218 ], [ -61.7924, 0.5285 ], [ -61.7854, 0.5129 ], [ -61.7762, 0.509 ], [ -61.7742, 0.5048 ], [ -61.7636, 0.5021 ], [ -61.7566, 0.4928 ], [ -61.753, 0.4931 ], [ -61.7502, 0.5008 ], [ -61.7434, 0.4969 ], [ -61.7466, 0.5025 ], [ -61.7436, 0.5028 ], [ -61.7391, 0.4941 ], [ -61.7503, 0.4775 ], [ -61.7448, 0.477 ], [ -61.7375, 0.4842 ], [ -61.7352, 0.4812 ], [ -61.7369, 0.4749 ], [ -61.7334, 0.4704 ], [ -61.7264, 0.4669 ], [ -61.7236, 0.4715 ], [ -61.7186, 0.4727 ], [ -61.71233, 0.46657 ], [ -61.72968, 0.44373 ], [ -61.73498, 0.43163 ], [ -61.73535, 0.41922 ], [ -61.72536, 0.39747 ], [ -61.73103, 0.36825 ], [ -61.75055, 0.33855 ], [ -61.75196, 0.3414 ], [ -61.7552, 0.33968 ], [ -61.75045, 0.35387 ], [ -61.75653, 0.34194 ], [ -61.75566, 0.34964 ], [ -61.75719, 0.34881 ], [ -61.75804, 0.3313 ], [ -61.76528, 0.31486 ], [ -61.76957, 0.28944 ], [ -61.77773, 0.1677 ], [ -61.76996, 0.09742 ], [ -61.77274, 0.06491 ], [ -61.78598, 0.0392 ], [ -61.80065, 0.02655 ], [ -61.81147, 0.00162 ], [ -61.81614, -0.03848 ], [ -61.80798, -0.09208 ], [ -61.81583, -0.12533 ], [ -61.82538, -0.15013 ], [ -61.83114, -0.22394 ], [ -61.84043, -0.25031 ], [ -61.84222, -0.27543 ], [ -61.83518, -0.3003 ], [ -61.83424, -0.31535 ], [ -61.84012, -0.33609 ], [ -61.85093, -0.35717 ], [ -61.85507, -0.35964 ], [ -61.85658, -0.36739 ], [ -61.84138, -0.40178 ], [ -61.83146, -0.41814 ], [ -61.82532, -0.42277 ], [ -61.82172, -0.43377 ], [ -61.8214, -0.45213 ], [ -61.81518, -0.48381 ], [ -61.82718, -0.5231 ], [ -61.81207, -0.57294 ], [ -61.81113, -0.58661 ], [ -61.81273, -0.59887 ], [ -61.82228, -0.62208 ], [ -61.86212, -0.68099 ], [ -61.86529, -0.69084 ], [ -61.86844, -0.7172 ], [ -61.86353, -0.75245 ], [ -61.8675, -0.74056 ], [ -61.85336, -0.78639 ], [ -61.85327, -0.79536 ], [ -61.85581, -0.80493 ], [ -61.86621, -0.82112 ], [ -61.87685, -0.86041 ], [ -61.88754, -0.88301 ], [ -61.88754, -0.89207 ], [ -61.87534, -0.91275 ], [ -61.87117, -0.93272 ], [ -61.88584, -0.96608 ], [ -61.89135, -0.98608 ], [ -61.8899, -1.0117 ], [ -61.86333, -1.05599 ], [ -61.86632, -1.07888 ], [ -61.87014, -1.08565 ], [ -61.8785, -1.09747 ], [ -61.87993, -1.09533 ], [ -61.87147, -1.08675 ], [ -61.86993, -1.08402 ], [ -61.88164, -1.09644 ], [ -61.8867, -1.10536 ], [ -61.88994, -1.12975 ], [ -61.86383, -1.17295 ], [ -61.85937, -1.19298 ], [ -61.85889, -1.22106 ], [ -61.84558, -1.25646 ], [ -61.86829, -1.306 ], [ -61.88503, -1.3291 ], [ -61.88516, -1.35966 ], [ -61.88915, -1.36086 ], [ -61.89236, -1.35802 ], [ -61.89287, -1.36141 ], [ -61.88574, -1.3636 ], [ -61.88498, -1.38822 ], [ -61.88731, -1.38322 ], [ -61.88958, -1.38247 ], [ -61.88761, -1.38609 ], [ -61.89071, -1.38335 ], [ -61.88622, -1.388 ], [ -61.88109, -1.39123 ], [ -61.88461, -1.38521 ], [ -61.88291, -1.37238 ], [ -61.88059, -1.37714 ], [ -61.88108, -1.39123 ], [ -61.869, -1.39417 ], [ -61.8491, -1.3932 ], [ -61.83994, -1.40106 ], [ -61.8694, -1.40174 ], [ -61.89662, -1.39536 ], [ -61.90551, -1.37952 ], [ -61.90913, -1.34869 ], [ -61.92746, -1.32063 ], [ -61.94551, -1.3048 ], [ -61.9669, -1.24286 ], [ -61.98802, -1.21674 ], [ -61.9894, -1.20174 ], [ -62.01206, -1.15178 ], [ -62.01746, -1.14174 ] ], [ [ -62.44821, 0.6729 ], [ -62.44671, 0.67324 ], [ -62.44503, 0.6798 ], [ -62.44821, 0.6729 ] ], [ [ -61.89558, -0.97756 ], [ -61.89842, -0.97782 ], [ -61.89583, -0.98189 ], [ -61.89693, -0.97777 ], [ -61.89507, -0.98055 ], [ -61.89528, -0.96849 ], [ -61.89558, -0.97756 ] ], [ [ -61.90408, -0.96911 ], [ -61.89935, -0.97047 ], [ -61.90071, -0.9693 ], [ -61.90524, -0.96639 ], [ -61.90408, -0.96911 ] ], [ [ -61.90565, -0.96542 ], [ -61.90548, -0.96583 ], [ -61.89245, -0.94437 ], [ -61.90565, -0.96542 ] ], [ [ -61.92903, -0.82074 ], [ -61.92909, -0.82361 ], [ -61.92506, -0.81735 ], [ -61.92903, -0.82074 ] ], [ [ -61.93261, -0.84755 ], [ -61.93706, -0.84738 ], [ -61.93486, -0.84862 ], [ -61.93261, -0.84755 ] ], [ [ -61.92916, -0.84769 ], [ -61.93, -0.84766 ], [ -61.92695, -0.85461 ], [ -61.92916, -0.84769 ] ], [ [ -61.92859, -0.85926 ], [ -61.92933, -0.85156 ], [ -61.9288, -0.85947 ], [ -61.92859, -0.85926 ] ], [ [ -61.9324, -0.86301 ], [ -61.92894, -0.8596 ], [ -61.93107, -0.86014 ], [ -61.9324, -0.86301 ] ], [ [ -61.92585, -0.88631 ], [ -61.92264, -0.88547 ], [ -61.91935, -0.8933 ], [ -61.9235, -0.89437 ], [ -61.91807, -0.89529 ], [ -61.92288, -0.88448 ], [ -61.92937, -0.8726 ], [ -61.92827, -0.87833 ], [ -61.92257, -0.88524 ], [ -61.92585, -0.88631 ] ], [ [ -61.91804, -0.89538 ], [ -61.91807, -0.89531 ], [ -61.9198, -0.89778 ], [ -61.91804, -0.89538 ] ], [ [ -61.9043, -0.89374 ], [ -61.90805, -0.89762 ], [ -61.90401, -0.89455 ], [ -61.9043, -0.89374 ] ], [ [ -61.90087, -0.90354 ], [ -61.90274, -0.89818 ], [ -61.90142, -0.90468 ], [ -61.90087, -0.90354 ] ], [ [ -61.90289, -0.90771 ], [ -61.90221, -0.9063 ], [ -61.90227, -0.90235 ], [ -61.90289, -0.90771 ] ], [ [ -61.90888, -0.92006 ], [ -61.9087, -0.91969 ], [ -61.91455, -0.91188 ], [ -61.90888, -0.92006 ] ], [ [ -61.92398, -0.90377 ], [ -61.92408, -0.90353 ], [ -61.9243, -0.90684 ], [ -61.92398, -0.90377 ] ], [ [ -61.92565, -0.90691 ], [ -61.92576, -0.90178 ], [ -61.92584, -0.90186 ], [ -61.92565, -0.90691 ] ], [ [ -61.92142, -0.91987 ], [ -61.92129, -0.91817 ], [ -61.92204, -0.91937 ], [ -61.91757, -0.92747 ], [ -61.9186, -0.92338 ], [ -61.92142, -0.91987 ] ], [ [ -61.9266, -0.98535 ], [ -61.92577, -0.98633 ], [ -61.92665, -0.98486 ], [ -61.9243, -0.97645 ], [ -61.92915, -0.98722 ], [ -61.9266, -0.98535 ] ], [ [ -61.9235, -0.99011 ], [ -61.9243, -0.99183 ], [ -61.92001, -0.99591 ], [ -61.9235, -0.99011 ] ], [ [ -61.91941, -0.99691 ], [ -61.91964, -0.99654 ], [ -61.92119, -1.00486 ], [ -61.91941, -0.99691 ] ], [ [ -61.9172, -1.032 ], [ -61.9145, -1.02316 ], [ -61.91743, -1.0318 ], [ -61.9172, -1.032 ] ], [ [ -61.90436, -1.17772 ], [ -61.91022, -1.16782 ], [ -61.90914, -1.16742 ], [ -61.90864, -1.16805 ], [ -61.90976, -1.16447 ], [ -61.90923, -1.15414 ], [ -61.9106, -1.16892 ], [ -61.90436, -1.17772 ] ], [ [ -61.89222, -1.17242 ], [ -61.90253, -1.1757 ], [ -61.90436, -1.17772 ], [ -61.89222, -1.17242 ] ], [ [ -61.88988, -1.1716 ], [ -61.89045, -1.1718 ], [ -61.88585, -1.17426 ], [ -61.88988, -1.1716 ] ], [ [ -61.8928, -1.23129 ], [ -61.89264, -1.23016 ], [ -61.89724, -1.22693 ], [ -61.8928, -1.23129 ] ], [ [ -61.89319, -1.23419 ], [ -61.89293, -1.23229 ], [ -61.89443, -1.23445 ], [ -61.89319, -1.23419 ] ], [ [ -61.89667, -1.22964 ], [ -61.89502, -1.23457 ], [ -61.89618, -1.22989 ], [ -61.89667, -1.22964 ] ], [ [ -61.89633, -1.24371 ], [ -61.89868, -1.23208 ], [ -61.89874, -1.23408 ], [ -61.89633, -1.24371 ] ], [ [ -61.88981, -1.25866 ], [ -61.89556, -1.2468 ], [ -61.89533, -1.24774 ], [ -61.88981, -1.25866 ] ], [ [ -61.88265, -1.2789 ], [ -61.88461, -1.27721 ], [ -61.88411, -1.2839 ], [ -61.88265, -1.2789 ] ], [ [ -61.91673, -1.28892 ], [ -61.90957, -1.27745 ], [ -61.91281, -1.27949 ], [ -61.91673, -1.28892 ] ], [ [ -61.92959, -1.29189 ], [ -61.92942, -1.29356 ], [ -61.9268, -1.28285 ], [ -61.92959, -1.29189 ] ], [ [ -61.92046, -1.30312 ], [ -61.92869, -1.30059 ], [ -61.92866, -1.30095 ], [ -61.92046, -1.30312 ] ], [ [ -61.9277, -1.29869 ], [ -61.92445, -1.29801 ], [ -61.92469, -1.297 ], [ -61.9277, -1.29869 ] ], [ [ -61.91698, -1.3036 ], [ -61.92323, -1.29619 ], [ -61.917, -1.30401 ], [ -61.91698, -1.3036 ] ], [ [ -61.91701, -1.29998 ], [ -61.9169, -1.30173 ], [ -61.91683, -1.30006 ], [ -61.91701, -1.29998 ] ], [ [ -61.92139, -1.29454 ], [ -61.92078, -1.29359 ], [ -61.9219, -1.29424 ], [ -61.92139, -1.29454 ] ], [ [ -61.90298, -1.32815 ], [ -61.90434, -1.32846 ], [ -61.90415, -1.32875 ], [ -61.90298, -1.32815 ] ], [ [ -61.89165, -1.33233 ], [ -61.89188, -1.33424 ], [ -61.89064, -1.33283 ], [ -61.89165, -1.33233 ] ], [ [ -61.87458, -1.29051 ], [ -61.8737, -1.28904 ], [ -61.87718, -1.292 ], [ -61.87458, -1.29051 ] ], [ [ -61.89274, -1.30666 ], [ -61.89384, -1.30528 ], [ -61.89037, -1.32308 ], [ -61.89274, -1.30666 ] ], [ [ -61.89021, -1.34701 ], [ -61.89101, -1.33894 ], [ -61.89246, -1.34336 ], [ -61.89021, -1.34701 ] ], [ [ -61.88953, -1.34367 ], [ -61.89003, -1.34661 ], [ -61.88937, -1.3452 ], [ -61.88953, -1.34367 ] ], [ [ -61.8891, -1.34793 ], [ -61.88937, -1.34523 ], [ -61.89009, -1.34701 ], [ -61.8891, -1.34793 ] ], [ [ -61.89063, -1.35213 ], [ -61.89106, -1.3494 ], [ -61.89308, -1.35436 ], [ -61.89063, -1.35213 ] ], [ [ -61.89789, -1.36981 ], [ -61.89551, -1.36033 ], [ -61.89807, -1.36665 ], [ -61.89789, -1.36981 ] ], [ [ -61.89523, -1.3772 ], [ -61.8978, -1.37132 ], [ -61.89769, -1.37319 ], [ -61.89523, -1.3772 ] ], [ [ -61.88688, -1.38757 ], [ -61.89146, -1.38336 ], [ -61.89023, -1.38538 ], [ -61.88688, -1.38757 ] ], [ [ -61.93907, -1.27447 ], [ -61.93946, -1.27365 ], [ -61.94007, -1.2753 ], [ -61.93907, -1.27447 ] ], [ [ -62.31028, -0.93001 ], [ -62.30753, -0.93272 ], [ -62.30373, -0.93191 ], [ -62.31028, -0.93001 ] ], [ [ -62.26105, -0.967 ], [ -62.26129, -0.96489 ], [ -62.26247, -0.96774 ], [ -62.26003, -0.97123 ], [ -62.26105, -0.967 ] ], [ [ -62.2567, -0.96985 ], [ -62.24927, -0.97338 ], [ -62.2597, -0.96654 ], [ -62.25962, -0.96846 ], [ -62.2567, -0.96985 ] ], [ [ -62.23119, -0.96217 ], [ -62.22628, -0.96456 ], [ -62.2232, -0.96887 ], [ -62.22642, -0.96361 ], [ -62.23119, -0.96217 ] ], [ [ -62.11717, -1.04061 ], [ -62.11349, -1.04976 ], [ -62.11329, -1.04883 ], [ -62.11717, -1.04061 ] ], [ [ -62.10834, -1.03461 ], [ -62.10847, -1.0341 ], [ -62.10845, -1.03448 ], [ -62.10834, -1.03461 ] ], [ [ -62.10858, -1.03153 ], [ -62.10807, -1.03386 ], [ -62.10697, -1.03261 ], [ -62.10858, -1.03153 ] ], [ [ -62.10488, -1.03367 ], [ -62.10396, -1.03373 ], [ -62.10416, -1.03341 ], [ -62.10488, -1.03367 ] ], [ [ -62.1042, -1.03334 ], [ -62.10461, -1.03269 ], [ -62.10743, -1.03361 ], [ -62.1042, -1.03334 ] ], [ [ -62.10857, -1.0245 ], [ -62.10623, -1.02615 ], [ -62.10484, -1.02575 ], [ -62.10857, -1.0245 ] ], [ [ -62.10513, -1.02052 ], [ -62.10583, -1.02264 ], [ -62.10444, -1.02314 ], [ -62.10513, -1.02052 ] ], [ [ -62.08949, -1.03591 ], [ -62.09028, -1.03557 ], [ -62.08268, -1.04598 ], [ -62.08949, -1.03591 ] ], [ [ -62.07989, -1.04503 ], [ -62.08023, -1.04477 ], [ -62.08268, -1.04598 ], [ -62.07989, -1.04503 ] ], [ [ -62.07891, -1.04582 ], [ -62.07801, -1.04686 ], [ -62.07697, -1.04738 ], [ -62.07891, -1.04582 ] ], [ [ -62.07803, -1.04828 ], [ -62.08183, -1.0483 ], [ -62.07709, -1.04968 ], [ -62.07803, -1.04828 ] ], [ [ -62.09077, -1.04862 ], [ -62.09417, -1.05013 ], [ -62.08226, -1.0498 ], [ -62.08598, -1.04874 ], [ -62.09077, -1.04862 ] ], [ [ -62.07041, -1.07687 ], [ -62.0695, -1.07964 ], [ -62.0693, -1.07847 ], [ -62.07041, -1.07687 ] ], [ [ -62.04538, -1.10343 ], [ -62.05393, -1.10302 ], [ -62.05088, -1.10466 ], [ -62.04538, -1.10343 ] ], [ [ -62.04764, -1.09687 ], [ -62.04547, -1.10318 ], [ -62.04572, -1.09847 ], [ -62.04764, -1.09687 ] ], [ [ -62.04365, -1.10221 ], [ -62.0467, -1.10458 ], [ -62.04394, -1.10303 ], [ -62.04365, -1.10221 ] ], [ [ -61.98943, -1.17397 ], [ -61.98939, -1.17685 ], [ -61.98905, -1.17601 ], [ -61.98943, -1.17397 ] ], [ [ -61.97976, -1.18023 ], [ -61.98077, -1.17851 ], [ -61.98939, -1.17685 ], [ -61.97976, -1.18023 ] ], [ [ -61.97253, -1.19254 ], [ -61.97064, -1.21197 ], [ -61.96913, -1.20936 ], [ -61.97253, -1.19254 ] ], [ [ -61.97375, -1.21731 ], [ -61.97412, -1.21763 ], [ -61.974, -1.21775 ], [ -61.97375, -1.21731 ] ], [ [ -62.3685, -0.86334 ], [ -62.36638, -0.86769 ], [ -62.36759, -0.86372 ], [ -62.3685, -0.86334 ] ], [ [ -62.36462, -0.8713 ], [ -62.36422, -0.87214 ], [ -62.35275, -0.87231 ], [ -62.36462, -0.8713 ] ], [ [ -62.10154, -1.02456 ], [ -62.10196, -1.02435 ], [ -62.10055, -1.03117 ], [ -62.10154, -1.02456 ] ], [ [ -62.09651, -1.06487 ], [ -62.10946, -1.06371 ], [ -62.10703, -1.06485 ], [ -62.09651, -1.06487 ] ], [ [ -62.11086, -1.05328 ], [ -62.11009, -1.06342 ], [ -62.10799, -1.05972 ], [ -62.11086, -1.05328 ] ], [ [ -62.0991, -1.04606 ], [ -62.10027, -1.0418 ], [ -62.10118, -1.04346 ], [ -62.0991, -1.04606 ] ], [ [ -62.10184, -1.03617 ], [ -62.09946, -1.03444 ], [ -62.10136, -1.03408 ], [ -62.10184, -1.03617 ] ], [ [ -62.09808, -1.04345 ], [ -62.09737, -1.04357 ], [ -62.0981, -1.04157 ], [ -62.09808, -1.04345 ] ], [ [ -62.09675, -1.04368 ], [ -62.09617, -1.04378 ], [ -62.09639, -1.0431 ], [ -62.09675, -1.04368 ] ], [ [ -62.09813, -1.03852 ], [ -62.09743, -1.03978 ], [ -62.09771, -1.03892 ], [ -62.09813, -1.03852 ] ], [ [ -62.10563, -1.02645 ], [ -62.10563, -1.02679 ], [ -62.10448, -1.02591 ], [ -62.10563, -1.02645 ] ], [ [ -62.10306, -1.02823 ], [ -62.10217, -1.02506 ], [ -62.10563, -1.0268 ], [ -62.10306, -1.02823 ] ], [ [ -62.10543, -1.02282 ], [ -62.10215, -1.02497 ], [ -62.10212, -1.02489 ], [ -62.10543, -1.02282 ] ], [ [ -62.21395, -0.97976 ], [ -62.21004, -0.98295 ], [ -62.21465, -0.97847 ], [ -62.21395, -0.97976 ] ], [ [ -62.22006, -0.97061 ], [ -62.21981, -0.97126 ], [ -62.2196, -0.97118 ], [ -62.22006, -0.97061 ] ], [ [ -62.22117, -0.96921 ], [ -62.22343, -0.97226 ], [ -62.22081, -0.96966 ], [ -62.22117, -0.96921 ] ], [ [ -62.22473, -0.96924 ], [ -62.22475, -0.96931 ], [ -62.22236, -0.96923 ], [ -62.22473, -0.96924 ] ], [ [ -62.22231, -0.97472 ], [ -62.22031, -0.97482 ], [ -62.22246, -0.97452 ], [ -62.22231, -0.97472 ] ], [ [ -62.21919, -0.97488 ], [ -62.21942, -0.97476 ], [ -62.2193, -0.97487 ], [ -62.21919, -0.97488 ] ], [ [ -62.22185, -0.972 ], [ -62.22255, -0.97176 ], [ -62.22218, -0.97212 ], [ -62.22185, -0.972 ] ], [ [ -62.25624, -0.96016 ], [ -62.258, -0.96205 ], [ -62.25678, -0.96261 ], [ -62.25624, -0.96016 ] ], [ [ -62.26196, -0.95272 ], [ -62.25864, -0.96175 ], [ -62.26144, -0.95353 ], [ -62.26157, -0.95223 ], [ -62.26196, -0.95272 ] ], [ [ -62.26115, -0.95253 ], [ -62.26126, -0.95242 ], [ -62.26117, -0.95257 ], [ -62.26115, -0.95253 ] ], [ [ -62.25358, -0.9538 ], [ -62.25346, -0.95339 ], [ -62.2575, -0.95592 ], [ -62.25358, -0.9538 ] ], [ [ -62.24673, -0.95132 ], [ -62.24763, -0.95089 ], [ -62.25476, -0.95772 ], [ -62.24673, -0.95132 ] ], [ [ -62.25026, -0.94965 ], [ -62.25684, -0.95332 ], [ -62.24816, -0.95065 ], [ -62.25026, -0.94965 ] ], [ [ -62.25977, -0.94186 ], [ -62.25924, -0.94235 ], [ -62.25925, -0.94161 ], [ -62.25977, -0.94186 ] ], [ [ -62.25714, -0.94426 ], [ -62.25549, -0.94319 ], [ -62.25625, -0.94145 ], [ -62.25714, -0.94426 ] ], [ [ -62.25656, -0.94078 ], [ -62.25671, -0.94043 ], [ -62.25734, -0.94072 ], [ -62.25656, -0.94078 ] ], [ [ -62.25844, -0.94514 ], [ -62.26485, -0.94574 ], [ -62.25894, -0.94587 ], [ -62.25844, -0.94514 ] ], [ [ -62.27346, -0.9355 ], [ -62.27474, -0.93703 ], [ -62.26962, -0.93528 ], [ -62.27311, -0.93455 ], [ -62.27078, -0.93563 ], [ -62.27346, -0.9355 ] ], [ [ -62.27028, -0.93047 ], [ -62.27083, -0.93108 ], [ -62.2702, -0.93102 ], [ -62.27028, -0.93047 ] ], [ [ -62.27665, -0.93343 ], [ -62.27654, -0.93388 ], [ -62.27632, -0.93313 ], [ -62.27665, -0.93343 ] ], [ [ -62.26273, -0.92937 ], [ -62.26219, -0.92735 ], [ -62.26331, -0.92568 ], [ -62.26273, -0.92937 ] ], [ [ -62.26589, -0.93574 ], [ -62.2654, -0.93821 ], [ -62.2594, -0.93899 ], [ -62.26589, -0.93574 ] ], [ [ -62.26599, -0.93944 ], [ -62.2661, -0.93911 ], [ -62.26602, -0.93943 ], [ -62.26599, -0.93944 ] ], [ [ -62.26471, -0.94502 ], [ -62.26114, -0.94308 ], [ -62.26124, -0.94295 ], [ -62.26471, -0.94502 ] ], [ [ -62.10267, -0.99225 ], [ -62.10317, -0.99533 ], [ -62.10248, -0.99534 ], [ -62.10267, -0.99225 ] ], [ [ -62.10334, -0.99639 ], [ -62.1038, -0.99923 ], [ -62.10306, -0.99656 ], [ -62.10334, -0.99639 ] ], [ [ -62.1041, -1.0003 ], [ -62.10402, -1.00004 ], [ -62.10577, -1.0 ], [ -62.1041, -1.0003 ] ], [ [ -62.11093, -1.00883 ], [ -62.10808, -1.00968 ], [ -62.10809, -1.00965 ], [ -62.11093, -1.00883 ] ], [ [ -62.10267, -1.02004 ], [ -62.10433, -1.01966 ], [ -62.1041, -1.01985 ], [ -62.10359, -1.02105 ], [ -62.10267, -1.02004 ] ], [ [ -62.10514, -1.02037 ], [ -62.10516, -1.02022 ], [ -62.10785, -1.02113 ], [ -62.10514, -1.02037 ] ], [ [ -62.11055, -1.01937 ], [ -62.11067, -1.01922 ], [ -62.11064, -1.01931 ], [ -62.11055, -1.01937 ] ], [ [ -62.10874, -1.01276 ], [ -62.10851, -1.01284 ], [ -62.11018, -1.01001 ], [ -62.10874, -1.01276 ] ], [ [ -62.1072, -1.01515 ], [ -62.10768, -1.01424 ], [ -62.10774, -1.01428 ], [ -62.1072, -1.01515 ] ], [ [ -62.10975, -1.01564 ], [ -62.10803, -1.01586 ], [ -62.10815, -1.01455 ], [ -62.10975, -1.01564 ] ], [ [ -62.10825, -1.01804 ], [ -62.10783, -1.01816 ], [ -62.10796, -1.01672 ], [ -62.10825, -1.01804 ] ], [ [ -62.10863, -1.01972 ], [ -62.10856, -1.01986 ], [ -62.10859, -1.01952 ], [ -62.10863, -1.01972 ] ], [ [ -62.11029, -1.01432 ], [ -62.11174, -1.01416 ], [ -62.10891, -1.01923 ], [ -62.11029, -1.01432 ] ], [ [ -62.11177, -1.01411 ], [ -62.10918, -1.01264 ], [ -62.11187, -1.01393 ], [ -62.11177, -1.01411 ] ], [ [ -62.11021, -1.01098 ], [ -62.1099, -1.0125 ], [ -62.10974, -1.01264 ], [ -62.11021, -1.01098 ] ], [ [ -62.11118, -1.011 ], [ -62.10996, -1.01245 ], [ -62.11059, -1.0106 ], [ -62.11118, -1.011 ] ], [ [ -62.11392, -1.00872 ], [ -62.11348, -1.0084 ], [ -62.11237, -1.00641 ], [ -62.11392, -1.00872 ] ], [ [ -62.10613, -1.01969 ], [ -62.10735, -1.01937 ], [ -62.10725, -1.01814 ], [ -62.10827, -1.01949 ], [ -62.10613, -1.01969 ] ], [ [ -62.10815, -1.00573 ], [ -62.10831, -1.00543 ], [ -62.10869, -1.00627 ], [ -62.10815, -1.00573 ] ], [ [ -62.10861, -1.0049 ], [ -62.10861, -1.00495 ], [ -62.10857, -1.00498 ], [ -62.10861, -1.0049 ] ], [ [ -62.10873, -1.00603 ], [ -62.10868, -1.00602 ], [ -62.10868, -1.00597 ], [ -62.10873, -1.00603 ] ], [ [ -61.9304, -1.28796 ], [ -61.93361, -1.28634 ], [ -61.93039, -1.28822 ], [ -61.9304, -1.28796 ] ], [ [ -61.93416, -1.28606 ], [ -61.93222, -1.28873 ], [ -61.93406, -1.28611 ], [ -61.93416, -1.28606 ] ], [ [ -61.93632, -1.2886 ], [ -61.93482, -1.28928 ], [ -61.93222, -1.28873 ], [ -61.93632, -1.2886 ] ], [ [ -61.92856, -1.27943 ], [ -61.9316, -1.28129 ], [ -61.93592, -1.28799 ], [ -61.92856, -1.27943 ] ], [ [ -61.92869, -1.28159 ], [ -61.92978, -1.28298 ], [ -61.92934, -1.28374 ], [ -61.92869, -1.28159 ] ], [ [ -61.93147, -1.28092 ], [ -61.93156, -1.28108 ], [ -61.92871, -1.27921 ], [ -61.93147, -1.28092 ] ], [ [ -61.93033, -1.27924 ], [ -61.93064, -1.27936 ], [ -61.93128, -1.28057 ], [ -61.93033, -1.27924 ] ], [ [ -61.92726, -1.27945 ], [ -61.9287, -1.27858 ], [ -61.92941, -1.27887 ], [ -61.92726, -1.27945 ] ], [ [ -61.92899, -1.27838 ], [ -61.92943, -1.27849 ], [ -61.92879, -1.2785 ], [ -61.92899, -1.27838 ] ], [ [ -61.9302, -1.27868 ], [ -61.93037, -1.27891 ], [ -61.93015, -1.27867 ], [ -61.9302, -1.27868 ] ], [ [ -61.93314, -1.28259 ], [ -61.93375, -1.28365 ], [ -61.93257, -1.28183 ], [ -61.93314, -1.28259 ] ], [ [ -61.93294, -1.28102 ], [ -61.93289, -1.28024 ], [ -61.93329, -1.2797 ], [ -61.93294, -1.28102 ] ], [ [ -61.93843, -1.28565 ], [ -61.93633, -1.28662 ], [ -61.93625, -1.2865 ], [ -61.93843, -1.28565 ] ], [ [ -61.94066, -1.28453 ], [ -61.94107, -1.28444 ], [ -61.94077, -1.28457 ], [ -61.94066, -1.28453 ] ], [ [ -61.94026, -1.28348 ], [ -61.93929, -1.28406 ], [ -61.93475, -1.28251 ], [ -61.93619, -1.28218 ], [ -61.94026, -1.28348 ] ], [ [ -61.93436, -1.28238 ], [ -61.93451, -1.28236 ], [ -61.93453, -1.28244 ], [ -61.93436, -1.28238 ] ], [ [ -61.93829, -1.2819 ], [ -61.9346, -1.28021 ], [ -61.93554, -1.27955 ], [ -61.93829, -1.2819 ] ], [ [ -61.93571, -1.27943 ], [ -61.93757, -1.27813 ], [ -61.94059, -1.28005 ], [ -61.94035, -1.28151 ], [ -61.93571, -1.27943 ] ], [ [ -61.94033, -1.27685 ], [ -61.94224, -1.28236 ], [ -61.9414, -1.28198 ], [ -61.94033, -1.27685 ] ], [ [ -61.93469, -1.27552 ], [ -61.9349, -1.27549 ], [ -61.93485, -1.27562 ], [ -61.93469, -1.27552 ] ], [ [ -61.93052, -1.2761 ], [ -61.93049, -1.27608 ], [ -61.93138, -1.27596 ], [ -61.93052, -1.2761 ] ], [ [ -61.9273, -1.27505 ], [ -61.92798, -1.27484 ], [ -61.92814, -1.27493 ], [ -61.9273, -1.27505 ] ], [ [ -61.92246, -1.27812 ], [ -61.92117, -1.27694 ], [ -61.92191, -1.27671 ], [ -61.92246, -1.27812 ] ], [ [ -61.92304, -1.27649 ], [ -61.92414, -1.27664 ], [ -61.92246, -1.27812 ], [ -61.92304, -1.27649 ] ], [ [ -61.92954, -1.27645 ], [ -61.92751, -1.27725 ], [ -61.92917, -1.27634 ], [ -61.92954, -1.27645 ] ], [ [ -61.9262, -1.28159 ], [ -61.92595, -1.27811 ], [ -61.92615, -1.278 ], [ -61.9262, -1.28159 ] ], [ [ -61.91763, -1.28108 ], [ -61.91948, -1.27769 ], [ -61.91965, -1.27772 ], [ -61.91763, -1.28108 ] ], [ [ -61.91681, -1.28347 ], [ -61.91932, -1.28163 ], [ -61.91825, -1.28251 ], [ -61.91681, -1.28347 ] ], [ [ -61.91652, -1.27666 ], [ -61.91531, -1.27702 ], [ -61.91548, -1.27664 ], [ -61.91652, -1.27666 ] ], [ [ -61.9271, -1.27395 ], [ -61.93135, -1.27499 ], [ -61.93061, -1.2757 ], [ -61.9271, -1.27395 ] ], [ [ -61.9317, -1.27466 ], [ -61.92966, -1.27383 ], [ -61.93294, -1.27326 ], [ -61.93294, -1.27538 ], [ -61.9317, -1.27466 ] ], [ [ -61.93349, -1.27043 ], [ -61.93378, -1.27032 ], [ -61.93341, -1.27063 ], [ -61.93349, -1.27043 ] ], [ [ -61.92421, -1.26474 ], [ -61.91495, -1.27134 ], [ -61.91332, -1.27098 ], [ -61.92421, -1.26474 ] ], [ [ -61.92708, -1.26314 ], [ -61.92646, -1.26358 ], [ -61.92654, -1.26323 ], [ -61.92708, -1.26314 ] ], [ [ -61.95142, -1.24412 ], [ -61.93936, -1.25811 ], [ -61.93917, -1.25821 ], [ -61.95142, -1.24412 ] ], [ [ -61.94832, -1.23843 ], [ -61.95403, -1.23851 ], [ -61.94882, -1.23852 ], [ -61.94832, -1.23843 ] ], [ [ -61.95053, -0.52182 ], [ -61.95829, -0.52292 ], [ -61.9508, -0.5221 ], [ -61.95053, -0.52182 ] ], [ [ -62.4768, 0.65107 ], [ -62.47542, 0.648 ], [ -62.47579, 0.65376 ], [ -62.4768, 0.65107 ] ], [ [ -62.44614, 0.57166 ], [ -62.44558, 0.57128 ], [ -62.44723, 0.59671 ], [ -62.44614, 0.57166 ] ], [ [ -62.43479, 0.56375 ], [ -62.43335, 0.56373 ], [ -62.44172, 0.56858 ], [ -62.43479, 0.56375 ] ], [ [ -61.75341, 0.41832 ], [ -61.75229, 0.4271 ], [ -61.753, 0.42748 ], [ -61.75341, 0.41832 ] ], [ [ -61.91658, -1.31926 ], [ -61.9169, -1.31902 ], [ -61.91697, -1.31921 ], [ -61.91658, -1.31926 ] ], [ [ -61.91392, -1.32133 ], [ -61.91496, -1.32052 ], [ -61.91498, -1.32052 ], [ -61.91392, -1.32133 ] ], [ [ -61.91703, -1.32043 ], [ -61.91458, -1.32342 ], [ -61.91569, -1.32059 ], [ -61.91703, -1.32043 ] ], [ [ -61.91533, -1.31641 ], [ -61.92246, -1.31154 ], [ -61.91939, -1.3141 ], [ -61.91533, -1.31641 ] ], [ [ -61.92249, -1.31234 ], [ -61.92192, -1.31266 ], [ -61.92431, -1.31088 ], [ -61.92077, -1.31513 ], [ -61.91459, -1.31811 ], [ -61.91912, -1.31561 ], [ -61.92249, -1.31234 ] ], [ [ -61.92403, -1.31048 ], [ -61.92319, -1.31016 ], [ -61.92375, -1.31011 ], [ -61.92403, -1.31048 ] ], [ [ -61.91875, -1.31057 ], [ -61.9179, -1.31212 ], [ -61.91855, -1.31059 ], [ -61.91875, -1.31057 ] ], [ [ -61.9225, -1.31027 ], [ -61.91755, -1.31293 ], [ -61.91764, -1.31274 ], [ -61.91981, -1.31066 ], [ -61.9225, -1.31027 ] ], [ [ -61.92407, -1.30326 ], [ -61.92383, -1.30349 ], [ -61.92368, -1.30354 ], [ -61.92407, -1.30326 ] ], [ [ -61.92568, -1.30441 ], [ -61.92346, -1.30527 ], [ -61.92421, -1.30448 ], [ -61.92943, -1.30231 ], [ -61.92568, -1.30441 ] ], [ [ -61.92803, -1.30474 ], [ -61.92587, -1.30433 ], [ -61.92803, -1.30452 ], [ -61.92803, -1.30474 ] ], [ [ -61.92355, -1.30914 ], [ -61.92363, -1.30672 ], [ -61.9243, -1.3082 ], [ -61.92355, -1.30914 ] ], [ [ -61.92542, -1.3068 ], [ -61.92575, -1.30597 ], [ -61.92601, -1.30607 ], [ -61.92542, -1.3068 ] ], [ [ -61.92878, -1.3067 ], [ -61.92051, -1.31941 ], [ -61.91981, -1.31958 ], [ -61.92878, -1.3067 ] ], [ [ -61.9229, -1.31887 ], [ -61.92061, -1.31939 ], [ -61.92763, -1.31214 ], [ -61.9229, -1.31887 ] ], [ [ -61.92884, -1.30994 ], [ -61.92937, -1.3087 ], [ -61.92935, -1.30901 ], [ -61.92884, -1.30994 ] ], [ [ -61.92963, -1.30535 ], [ -61.92964, -1.30176 ], [ -61.92987, -1.30221 ], [ -61.92963, -1.30535 ] ], [ [ -61.92488, -1.30265 ], [ -61.92922, -1.30097 ], [ -61.92945, -1.3014 ], [ -61.92488, -1.30265 ] ], [ [ -61.92017, -1.30447 ], [ -61.91905, -1.30626 ], [ -61.91891, -1.30495 ], [ -61.92017, -1.30447 ] ], [ [ -61.91911, -1.30679 ], [ -61.92218, -1.3046 ], [ -61.91919, -1.30752 ], [ -61.91911, -1.30679 ] ], [ [ -61.9432, -1.28711 ], [ -61.94322, -1.28677 ], [ -61.94326, -1.28697 ], [ -61.9432, -1.28711 ] ], [ [ -61.93569, -1.28955 ], [ -61.94072, -1.28592 ], [ -61.94252, -1.28642 ], [ -61.93569, -1.28955 ] ], [ [ -61.94298, -1.28642 ], [ -61.94241, -1.28653 ], [ -61.9426, -1.28642 ], [ -61.94298, -1.28642 ] ], [ [ -61.93487, -1.29058 ], [ -61.93295, -1.29026 ], [ -61.93627, -1.28968 ], [ -61.93487, -1.29058 ] ], [ [ -61.93388, -1.29097 ], [ -61.9331, -1.29077 ], [ -61.93295, -1.29026 ], [ -61.93388, -1.29097 ] ], [ [ -61.93765, -1.2898 ], [ -61.93758, -1.28983 ], [ -61.94289, -1.2872 ], [ -61.93765, -1.2898 ] ], [ [ -61.94304, -1.2862 ], [ -61.94317, -1.28681 ], [ -61.94301, -1.28704 ], [ -61.94304, -1.2862 ] ], [ [ -61.94275, -1.28443 ], [ -61.94276, -1.28448 ], [ -61.94161, -1.28574 ], [ -61.94275, -1.28443 ] ], [ [ -61.93645, -1.27183 ], [ -61.93623, -1.27233 ], [ -61.93343, -1.2742 ], [ -61.93645, -1.27183 ] ], [ [ -61.93397, -1.27444 ], [ -61.93512, -1.27486 ], [ -61.93508, -1.27494 ], [ -61.93397, -1.27444 ] ], [ [ -61.94256, -1.27089 ], [ -61.93773, -1.27205 ], [ -61.9379, -1.2718 ], [ -61.94256, -1.27089 ] ], [ [ -61.93851, -1.27384 ], [ -61.93868, -1.27543 ], [ -61.93575, -1.27577 ], [ -61.93851, -1.27384 ] ], [ [ -61.93899, -1.27565 ], [ -61.93967, -1.27548 ], [ -61.93989, -1.27561 ], [ -61.93899, -1.27565 ] ], [ [ -61.93885, -1.27093 ], [ -61.93907, -1.27074 ], [ -61.93908, -1.27101 ], [ -61.93885, -1.27093 ] ], [ [ -61.92308, -1.28372 ], [ -61.92352, -1.28415 ], [ -61.92264, -1.2844 ], [ -61.92308, -1.28372 ] ], [ [ -61.92009, -1.28838 ], [ -61.92014, -1.28831 ], [ -61.92011, -1.28837 ], [ -61.92009, -1.28838 ] ], [ [ -61.92385, -1.28447 ], [ -61.92554, -1.28612 ], [ -61.92264, -1.28527 ], [ -61.92385, -1.28447 ] ], [ [ -61.9002, -1.28313 ], [ -61.90297, -1.28171 ], [ -61.90027, -1.28327 ], [ -61.9002, -1.28313 ] ], [ [ -61.90128, -1.28561 ], [ -61.90112, -1.28525 ], [ -61.90151, -1.28508 ], [ -61.90128, -1.28561 ] ], [ [ -61.93374, -0.8659 ], [ -61.9352, -0.86904 ], [ -61.93442, -0.86952 ], [ -61.93374, -0.8659 ] ], [ [ -61.8885, -1.26804 ], [ -61.88949, -1.26023 ], [ -61.89002, -1.26513 ], [ -61.8885, -1.26804 ] ], [ [ -61.88723, -1.21766 ], [ -61.8854, -1.2123 ], [ -61.88768, -1.21778 ], [ -61.88723, -1.21766 ] ], [ [ -61.90646, -1.29657 ], [ -61.90492, -1.29611 ], [ -61.90308, -1.2937 ], [ -61.90646, -1.29657 ] ], [ [ -61.91312, -1.29221 ], [ -61.91052, -1.29692 ], [ -61.91294, -1.29225 ], [ -61.91312, -1.29221 ] ], [ [ -61.91578, -1.29207 ], [ -61.91388, -1.29205 ], [ -61.91491, -1.29183 ], [ -61.91578, -1.29207 ] ], [ [ -61.91888, -1.28968 ], [ -61.91869, -1.29166 ], [ -61.91808, -1.29208 ], [ -61.91888, -1.28968 ] ], [ [ -61.90914, -1.27912 ], [ -61.9094, -1.27973 ], [ -61.90824, -1.27934 ], [ -61.90914, -1.27912 ] ], [ [ -61.90494, -1.28015 ], [ -61.90707, -1.27963 ], [ -61.9032, -1.28518 ], [ -61.90494, -1.28015 ] ], [ [ -61.90102, -1.28732 ], [ -61.90272, -1.28587 ], [ -61.90177, -1.28723 ], [ -61.90102, -1.28732 ] ], [ [ -61.88363, -1.28904 ], [ -61.88465, -1.28928 ], [ -61.88379, -1.28939 ], [ -61.88363, -1.28904 ] ], [ [ -61.8615, -1.26298 ], [ -61.87341, -1.26768 ], [ -61.86236, -1.26429 ], [ -61.8615, -1.26298 ] ], [ [ -61.8612, -1.26122 ], [ -61.86089, -1.26205 ], [ -61.86059, -1.26159 ], [ -61.8612, -1.26122 ] ], [ [ -61.90088, -0.97805 ], [ -61.91419, -0.98856 ], [ -61.89908, -0.97788 ], [ -61.90088, -0.97805 ] ], [ [ -61.89866, -1.29531 ], [ -61.90834, -1.29734 ], [ -61.89883, -1.29542 ], [ -61.89866, -1.29531 ] ], [ [ -61.89844, -1.29493 ], [ -61.89905, -1.29501 ], [ -61.8986, -1.29528 ], [ -61.89844, -1.29493 ] ], [ [ -61.88115, -1.26886 ], [ -61.88109, -1.26879 ], [ -61.88105, -1.26857 ], [ -61.88115, -1.26886 ] ], [ [ -61.87554, -1.26347 ], [ -61.87542, -1.26361 ], [ -61.87543, -1.26347 ], [ -61.87554, -1.26347 ] ], [ [ -61.87691, -1.26705 ], [ -61.87612, -1.26741 ], [ -61.87529, -1.26622 ], [ -61.8758, -1.26455 ], [ -61.87691, -1.26705 ] ], [ [ -61.86521, -1.25984 ], [ -61.8692, -1.25658 ], [ -61.8678, -1.25927 ], [ -61.86521, -1.25984 ] ], [ [ -61.88008, -1.24073 ], [ -61.88017, -1.23756 ], [ -61.88127, -1.23637 ], [ -61.88008, -1.24073 ] ], [ [ -61.87924, -1.23906 ], [ -61.87987, -1.24092 ], [ -61.87932, -1.24004 ], [ -61.87924, -1.23906 ] ], [ [ -61.88613, -1.25183 ], [ -61.88702, -1.25273 ], [ -61.88622, -1.2522 ], [ -61.88613, -1.25183 ] ], [ [ -61.88188, -1.25041 ], [ -61.88343, -1.25255 ], [ -61.88165, -1.25173 ], [ -61.88188, -1.25041 ] ], [ [ -61.87646, -1.24577 ], [ -61.87515, -1.24491 ], [ -61.87617, -1.24522 ], [ -61.87646, -1.24577 ] ], [ [ -61.88411, -1.27274 ], [ -61.88131, -1.27006 ], [ -61.88252, -1.2684 ], [ -61.88411, -1.27274 ] ], [ [ -61.87985, -1.26254 ], [ -61.8838, -1.26718 ], [ -61.88306, -1.26975 ], [ -61.88253, -1.26837 ], [ -61.88339, -1.26718 ], [ -61.88082, -1.26546 ], [ -61.87985, -1.26254 ] ], [ [ -61.88402, -1.25407 ], [ -61.88322, -1.25377 ], [ -61.88357, -1.25385 ], [ -61.88402, -1.25407 ] ], [ [ -61.88698, -1.25826 ], [ -61.88514, -1.25461 ], [ -61.88534, -1.2547 ], [ -61.88698, -1.25826 ] ], [ [ -61.87982, -1.27079 ], [ -61.88009, -1.27526 ], [ -61.87708, -1.26839 ], [ -61.87747, -1.26743 ], [ -61.87982, -1.27079 ] ] ], [ [ [ -61.88773, -1.12199 ], [ -61.88781, -1.13246 ], [ -61.88959, -1.12944 ], [ -61.88789, -1.12635 ], [ -61.88773, -1.12199 ] ] ], [ [ [ -61.85457, -1.39309 ], [ -61.869, -1.39417 ], [ -61.87895, -1.39087 ], [ -61.87926, -1.3749 ], [ -61.88289, -1.36321 ], [ -61.87986, -1.35196 ], [ -61.88327, -1.33406 ], [ -61.87764, -1.33276 ], [ -61.87094, -1.36404 ], [ -61.85457, -1.39309 ] ] ], [ [ [ -61.88336, -1.34967 ], [ -61.88421, -1.35918 ], [ -61.88489, -1.35333 ], [ -61.88336, -1.34967 ] ] ], [ [ [ -61.87795, -1.33213 ], [ -61.87841, -1.33202 ], [ -61.87795, -1.33145 ], [ -61.87795, -1.33213 ] ] ], [ [ [ -61.87746, -1.32902 ], [ -61.88334, -1.33236 ], [ -61.87703, -1.32026 ], [ -61.87746, -1.32902 ] ] ], [ [ [ -61.88198, -1.1319 ], [ -61.88083, -1.14038 ], [ -61.88525, -1.1355 ], [ -61.88387, -1.1296 ], [ -61.88198, -1.1319 ] ] ], [ [ [ -61.88056, -1.09633 ], [ -61.87856, -1.09785 ], [ -61.88622, -1.11701 ], [ -61.88578, -1.12753 ], [ -61.8863, -1.13073 ], [ -61.88655, -1.10842 ], [ -61.88056, -1.09633 ] ] ], [ [ [ -61.88461, -0.97253 ], [ -61.88537, -0.97354 ], [ -61.88194, -0.96409 ], [ -61.88461, -0.97253 ] ] ], [ [ [ -61.86059, -0.81857 ], [ -61.84978, -0.80596 ], [ -61.8481, -0.82186 ], [ -61.85712, -0.84231 ], [ -61.86903, -0.85094 ], [ -61.86059, -0.81857 ] ] ], [ [ [ -61.85052, -0.37106 ], [ -61.84887, -0.3777 ], [ -61.85114, -0.37496 ], [ -61.85052, -0.37106 ] ] ], [ [ [ -61.8501, -0.36912 ], [ -61.8537, -0.37184 ], [ -61.85186, -0.36495 ], [ -61.84997, -0.36062 ], [ -61.8501, -0.36912 ] ] ], [ [ [ -61.85368, -0.36021 ], [ -61.85139, -0.35927 ], [ -61.85231, -0.36425 ], [ -61.8545, -0.36584 ], [ -61.85368, -0.36021 ] ] ], [ [ [ -61.82088, -0.16054 ], [ -61.82367, -0.15937 ], [ -61.8243, -0.15953 ], [ -61.8248, -0.16094 ], [ -61.82371, -0.15273 ], [ -61.81866, -0.15829 ], [ -61.81939, -0.16339 ], [ -61.82094, -0.16144 ], [ -61.82536, -0.19415 ], [ -61.82535, -0.16421 ], [ -61.82413, -0.15973 ], [ -61.82106, -0.16112 ], [ -61.82088, -0.16054 ] ] ], [ [ [ -61.81883, -0.14885 ], [ -61.81731, -0.1559 ], [ -61.82063, -0.14933 ], [ -61.81919, -0.15337 ], [ -61.82086, -0.15174 ], [ -61.8205, -0.14578 ], [ -61.81222, -0.12525 ], [ -61.80172, -0.07675 ], [ -61.79053, -0.0941 ], [ -61.79929, -0.12125 ], [ -61.80682, -0.13317 ], [ -61.80818, -0.15345 ], [ -61.81791, -0.19346 ], [ -61.82823, -0.21619 ], [ -61.81689, -0.15981 ], [ -61.81701, -0.15099 ], [ -61.81883, -0.14885 ] ] ], [ [ [ -61.79256, 0.02102 ], [ -61.80976, -0.01756 ], [ -61.80916, -0.00184 ], [ -61.80216, 0.02014 ], [ -61.78215, 0.03505 ], [ -61.79256, 0.02102 ] ] ], [ [ [ -61.76605, 0.2771 ], [ -61.76546, 0.30392 ], [ -61.76186, 0.30902 ], [ -61.76021, 0.306 ], [ -61.76605, 0.2771 ] ] ], [ [ [ -61.75052, 0.3374 ], [ -61.7558, 0.31754 ], [ -61.76397, 0.31022 ], [ -61.75366, 0.3395 ], [ -61.75052, 0.3374 ] ] ] ] } },
{ "type": "Feature", "properties": { "cluster": 345.0, "hvi": 0.1791, "population": 1940, "setores": 2, "municipio": "Caroebe" }, "geometry": { "type": "MultiPolygon", "coordinates": [ [ [ [ -59.69534, 0.88057 ], [ -59.69627, 0.87479 ], [ -59.70309, 0.87747 ], [ -59.69534, 0.88057 ] ] ], [ [ [ -59.69374, 0.88031 ], [ -59.69667, 0.8808 ], [ -59.69521, 0.89246 ], [ -59.6909, 0.89182 ], [ -59.69374, 0.88031 ] ] ] ] } },
{ "type": "Feature", "properties": { "cluster": 346.0, "hvi": 0.1629, "population": 2780, "setores": 4, "municipio": "Caroebe" }, "geometry": { "type": "MultiPolygon", "coordinates": [ [ [ [ -59.69627, 0.87479 ], [ -59.69675, 0.86332 ], [ -59.70058, 0.86441 ], [ -59.69981, 0.87555 ], [ -59.69627, 0.87479 ] ] ], [ [ [ -59.69675, 0.86332 ], [ -59.69534, 0.88057 ], [ -59.69374, 0.88031 ], [ -59.6909, 0.89182 ], [ -59.69902, 0.89018 ], [ -59.6946, 0.88834 ], [ -59.69667, 0.8808 ], [ -59.70515, 0.88221 ], [ -59.73292, 0.89329 ], [ -59.7466, 0.90365 ], [ -59.76043, 0.90511 ], [ -59.75525, 0.91931 ], [ -59.75994, 0.92382 ], [ -59.75222, 1.00097 ], [ -59.73903, 1.07588 ], [ -59.7414, 1.09545 ], [ -59.5612, 1.13884 ], [ -59.57445, 1.09973 ], [ -59.58357, 1.09139 ], [ -59.5855, 1.08383 ], [ -59.58498, 1.05943 ], [ -59.57585, 1.026 ], [ -59.57503, 1.01217 ], [ -59.58717, 1.01325 ], [ -59.64021, 1.00448 ], [ -59.63399, 0.99797 ], [ -59.63094, 0.98016 ], [ -59.62316, 0.97428 ], [ -59.61514, 0.96143 ], [ -59.61699, 0.94205 ], [ -59.60781, 0.93484 ], [ -59.61053, 0.93414 ], [ -59.60928, 0.92119 ], [ -59.61347, 0.91531 ], [ -59.61129, 0.91194 ], [ -59.61409, 0.90809 ], [ -59.62132, 0.90722 ], [ -59.62403, 0.89546 ], [ -59.63352, 0.896 ], [ -59.63251, 0.89027 ], [ -59.63741, 0.89129 ], [ -59.64129, 0.88713 ], [ -59.6451, 0.88932 ], [ -59.64837, 0.8832 ], [ -59.6549, 0.88265 ], [ -59.65459, 0.87975 ], [ -59.66264, 0.87504 ], [ -59.69138, 0.87991 ], [ -59.69287, 0.86453 ], [ -59.69675, 0.86332 ] ] ] ] } },
{ "type": "Feature", "properties": { "cluster": 347.0, "hvi": 0.1363, "population": 3261, "setores": 10, "municipio": "Caroebe" }, "geometry": { "type": "Polygon", "coordinates": [ [ [ -60.055, 0.80767 ], [ -60.04662, 0.79492 ], [ -60.04856, 0.80047 ], [ -59.9208, 0.90014 ], [ -59.90052, 0.92394 ], [ -59.89379, 0.94505 ], [ -59.87099, 0.9358 ], [ -59.81305, 0.925 ], [ -59.76043, 0.90511 ], [ -59.75794, 0.9058 ], [ -59.7466, 0.90366 ], [ -59.73292, 0.89329 ], [ -59.70087, 0.88147 ], [ -59.70309, 0.87747 ], [ -59.69971, 0.87663 ], [ -59.70058, 0.86441 ], [ -59.69273, 0.866 ], [ -59.69354, 0.86984 ], [ -59.68884, 0.86934 ], [ -59.68631, 0.87906 ], [ -59.66264, 0.87504 ], [ -59.65459, 0.87975 ], [ -59.6549, 0.88265 ], [ -59.64837, 0.8832 ], [ -59.6451, 0.88932 ], [ -59.64129, 0.88713 ], [ -59.63741, 0.89129 ], [ -59.63251, 0.89027 ], [ -59.63352, 0.896 ], [ -59.62403, 0.89546 ], [ -59.62132, 0.90722 ], [ -59.61316, 0.9088 ], [ -59.61114, 0.9128 ], [ -59.61347, 0.91531 ], [ -59.60928, 0.92119 ], [ -59.61053, 0.93414 ], [ -59.60812, 0.93571 ], [ -59.61699, 0.94205 ], [ -59.61514, 0.96143 ], [ -59.62316, 0.97428 ], [ -59.63094, 0.98016 ], [ -59.63399, 0.99797 ], [ -59.64021, 1.00448 ], [ -59.58717, 1.01325 ], [ -59.57503, 1.01217 ], [ -59.5858, 1.06611 ], [ -59.5843, 1.08998 ], [ -59.57445, 1.09973 ], [ -59.5612, 1.13884 ], [ -59.2889, 1.20682 ], [ -59.27513, 1.23378 ], [ -59.27475, 1.23991 ], [ -59.28632, 1.26666 ], [ -59.28495, 1.27983 ], [ -59.27437, 1.29929 ], [ -59.27669, 1.31055 ], [ -59.27189, 1.31741 ], [ -59.27774, 1.33154 ], [ -59.27487, 1.34855 ], [ -59.28002, 1.37692 ], [ -59.30657, 1.39891 ], [ -59.3334, 1.44063 ], [ -59.3022, 1.4653 ], [ -59.28411, 1.44964 ], [ -59.28856, 1.44464 ], [ -59.28856, 1.43908 ], [ -59.28439, 1.43713 ], [ -59.27495, 1.41769 ], [ -59.283, 1.41047 ], [ -59.27216, 1.40658 ], [ -59.26939, 1.40047 ], [ -59.25939, 1.39685 ], [ -59.25328, 1.38825 ], [ -59.24328, 1.38519 ], [ -59.23383, 1.3863 ], [ -59.22661, 1.37741 ], [ -59.20772, 1.3713 ], [ -59.20467, 1.37685 ], [ -59.19657, 1.37823 ], [ -59.18856, 1.37519 ], [ -59.17689, 1.36048 ], [ -59.16967, 1.35657 ], [ -59.16106, 1.35908 ], [ -59.15272, 1.3488 ], [ -59.14411, 1.34741 ], [ -59.13161, 1.35241 ], [ -59.11856, 1.34268 ], [ -59.10272, 1.34824 ], [ -59.09605, 1.34463 ], [ -59.08995, 1.3463 ], [ -59.08716, 1.33853 ], [ -59.07633, 1.33103 ], [ -59.07022, 1.32963 ], [ -59.06634, 1.33547 ], [ -59.05772, 1.33463 ], [ -59.053, 1.32435 ], [ -59.04855, 1.32269 ], [ -59.02301, 1.33102 ], [ -59.01328, 1.3238 ], [ -59.0005, 1.3238 ], [ -58.99383, 1.32713 ], [ -58.98939, 1.32436 ], [ -58.98264, 1.30825 ], [ -58.99168, 1.2768 ], [ -58.98039, 1.25979 ], [ -58.98775, 1.23177 ], [ -58.97841, 1.22012 ], [ -58.9802, 1.20713 ], [ -58.97711, 1.19408 ], [ -58.96963, 1.19022 ], [ -58.97618, 1.17866 ], [ -58.97074, 1.16355 ], [ -58.9864, 1.14389 ], [ -58.98045, 1.13796 ], [ -58.98076, 1.13192 ], [ -59.00341, 1.12995 ], [ -59.00915, 1.13469 ], [ -59.01381, 1.13371 ], [ -59.01427, 1.13804 ], [ -59.03107, 1.12214 ], [ -59.04111, 1.11801 ], [ -59.04305, 1.11244 ], [ -59.03993, 1.10677 ], [ -59.0454, 1.09247 ], [ -59.05083, 1.08551 ], [ -59.06184, 1.07993 ], [ -59.0735, 1.05486 ], [ -59.09861, 1.05025 ], [ -59.09974, 1.05814 ], [ -59.10466, 1.06056 ], [ -59.11005, 1.07201 ], [ -59.12705, 1.05982 ], [ -59.1394, 1.06487 ], [ -59.14463, 1.0595 ], [ -59.15413, 1.02788 ], [ -59.16325, 1.02942 ], [ -59.1822, 1.00666 ], [ -59.19956, 1.00634 ], [ -59.20377, 1.0164 ], [ -59.21172, 1.01938 ], [ -59.22544, 1.01535 ], [ -59.23655, 1.00333 ], [ -59.24414, 1.0076 ], [ -59.25326, 1.00723 ], [ -59.27113, 0.99299 ], [ -59.27819, 0.97669 ], [ -59.29273, 0.96673 ], [ -59.30074, 0.96679 ], [ -59.32369, 0.93241 ], [ -59.33697, 0.91828 ], [ -59.34146, 0.90462 ], [ -59.33449, 0.88424 ], [ -59.33004, 0.88427 ], [ -59.32653, 0.87563 ], [ -59.31182, 0.86227 ], [ -59.30585, 0.84946 ], [ -59.2957, 0.84923 ], [ -59.30151, 0.8389 ], [ -59.29518, 0.83019 ], [ -59.28964, 0.82967 ], [ -59.2872, 0.81768 ], [ -59.29381, 0.80608 ], [ -59.28297, 0.78967 ], [ -59.28963, 0.78015 ], [ -59.28671, 0.77312 ], [ -59.2895, 0.76608 ], [ -59.28826, 0.75883 ], [ -59.36767, 0.78722 ], [ -59.37203, 0.79259 ], [ -59.38127, 0.79469 ], [ -59.39336, 0.79217 ], [ -59.42668, 0.79736 ], [ -59.42533, 0.81236 ], [ -59.43041, 0.80945 ], [ -59.43307, 0.79789 ], [ -59.49496, 0.81497 ], [ -59.5157, 0.81684 ], [ -59.53515, 0.78148 ], [ -59.60012, 0.70226 ], [ -59.60524, 0.68545 ], [ -59.6192, 0.65867 ], [ -59.64657, 0.66147 ], [ -59.66087, 0.67025 ], [ -59.6769, 0.67197 ], [ -59.68415, 0.68647 ], [ -59.69445, 0.69276 ], [ -59.69713, 0.69944 ], [ -59.69217, 0.70284 ], [ -59.71237, 0.7167 ], [ -59.72017, 0.73142 ], [ -59.72969, 0.74124 ], [ -59.74037, 0.74412 ], [ -59.74297, 0.74961 ], [ -59.75423, 0.75105 ], [ -59.75567, 0.75769 ], [ -59.76029, 0.75567 ], [ -59.76808, 0.75798 ], [ -59.76895, 0.76144 ], [ -59.78808, 0.77097 ], [ -59.77642, 0.82768 ], [ -59.77953, 0.82013 ], [ -59.77971, 0.82433 ], [ -59.78961, 0.82487 ], [ -59.79014, 0.82053 ], [ -59.8009, 0.81775 ], [ -59.80998, 0.81069 ], [ -59.81046, 0.80424 ], [ -59.81596, 0.80345 ], [ -59.82002, 0.80706 ], [ -59.83114, 0.80519 ], [ -59.83532, 0.80006 ], [ -59.83466, 0.79524 ], [ -59.84028, 0.80198 ], [ -59.84925, 0.80371 ], [ -59.85079, 0.77055 ], [ -59.87228, 0.70378 ], [ -59.91604, 0.65545 ], [ -59.92987, 0.65471 ], [ -59.9464, 0.66031 ], [ -59.96301, 0.65936 ], [ -59.96568, 0.66238 ], [ -59.98192, 0.65825 ], [ -59.99568, 0.64658 ], [ -60.00829, 0.64625 ], [ -60.01467, 0.65099 ], [ -60.01697, 0.6453 ], [ -60.02185, 0.64462 ], [ -60.02565, 0.63614 ], [ -60.02477, 0.6274 ], [ -60.03338, 0.61893 ], [ -60.0327, 0.61581 ], [ -60.04544, 0.61865 ], [ -60.05256, 0.61554 ], [ -60.06297, 0.61774 ], [ -60.06919, 0.61199 ], [ -60.07106, 0.64352 ], [ -60.07022, 0.60937 ], [ -60.07745, 0.60797 ], [ -60.08189, 0.60019 ], [ -60.09328, 0.60408 ], [ -60.10356, 0.59519 ], [ -60.10801, 0.59492 ], [ -60.11228, 0.58756 ], [ -60.12169, 0.58959 ], [ -60.12289, 0.58168 ], [ -60.14182, 0.57556 ], [ -60.1489, 0.57645 ], [ -60.15384, 0.56158 ], [ -60.15856, 0.56158 ], [ -60.16412, 0.56713 ], [ -60.17412, 0.56297 ], [ -60.18078, 0.56686 ], [ -60.1844, 0.56325 ], [ -60.18921, 0.57099 ], [ -60.20938, 0.56592 ], [ -60.22698, 0.56727 ], [ -60.22775, 0.57429 ], [ -60.21878, 0.58132 ], [ -60.21368, 0.59526 ], [ -60.23195, 0.58847 ], [ -60.23867, 0.60476 ], [ -60.22723, 0.62711 ], [ -60.22342, 0.62898 ], [ -60.2284, 0.64055 ], [ -60.23784, 0.64588 ], [ -60.24493, 0.66307 ], [ -60.25509, 0.66873 ], [ -60.25314, 0.69268 ], [ -60.25073, 0.69097 ], [ -60.22616, 0.70689 ], [ -60.11142, 0.79652 ], [ -60.08877, 0.76805 ], [ -60.09962, 0.78323 ], [ -60.05434, 0.81846 ], [ -60.055, 0.80767 ] ], [ [ -59.75861, 0.83091 ], [ -59.76006, 0.83104 ], [ -59.7593, 0.83045 ], [ -59.75861, 0.83091 ] ], [ [ -59.50919, 0.95783 ], [ -59.5266, 0.95864 ], [ -59.46231, 0.95517 ], [ -59.50919, 0.95783 ] ], [ [ -59.48212, 1.01209 ], [ -59.48251, 1.01194 ], [ -59.48329, 1.01067 ], [ -59.48212, 1.01209 ] ], [ [ -59.41319, 1.06692 ], [ -59.4143, 1.06727 ], [ -59.41513, 1.06678 ], [ -59.41319, 1.06692 ] ], [ [ -59.39665, 1.05632 ], [ -59.40297, 1.06369 ], [ -59.40597, 1.06464 ], [ -59.39665, 1.05632 ] ], [ [ -59.33584, 1.06317 ], [ -59.33934, 1.08453 ], [ -59.33943, 1.08438 ], [ -59.33584, 1.06317 ] ] ] } },
{ "type": "Feature", "properties": { "cluster": 348.0, "hvi": 0.1295, "population": 48, "setores": 1, "municipio": "Caroebe" }, "geometry": { "type": "Polygon", "coordinates": [ [ [ -59.25021, 0.72987 ], [ -59.25139, 0.72831 ], [ -59.25184, 0.73023 ], [ -59.25021, 0.72987 ] ] ] } },
{ "type": "Feature", "properties": { "cluster": 349.0, "hvi": 0.1285, "population": 35, "setores": 1, "municipio": "Caroebe" }, "geometry": { "type": "Polygon", "coordinates": [ [ [ -59.2912, 0.68667 ], [ -59.29219, 0.68476 ], [ -59.29266, 0.68629 ], [ -59.2912, 0.68667 ] ] ] } },
{ "type": "Feature", "properties": { "cluster": 350.0, "hvi": 0.1305, "population": 79, "setores": 1, "municipio": "Caroebe" }, "geometry": { "type": "Polygon", "coordinates": [ [ [ -59.34458, 0.58498 ], [ -59.34812, 0.58496 ], [ -59.34901, 0.58644 ], [ -59.34451, 0.58778 ], [ -59.34458, 0.58498 ] ] ] } },
{ "type": "Feature", "properties": { "cluster": 351.0, "hvi": 0.1297, "population": 42, "setores": 1, "municipio": "Caroebe" }, "geometry": { "type": "Polygon", "coordinates": [ [ [ -59.35398, 0.50003 ], [ -59.35536, 0.49791 ], [ -59.3554, 0.49964 ], [ -59.35398, 0.50003 ] ] ] } },
{ "type": "Feature", "properties": { "cluster": 352.0, "hvi": 0.1291, "population": 51, "setores": 1, "municipio": "Caroebe" }, "geometry": { "type": "Polygon", "coordinates": [ [ [ -59.4366, 0.28629 ], [ -59.43752, 0.2852 ], [ -59.43749, 0.28633 ], [ -59.4366, 0.28629 ] ] ] } },
{ "type": "Feature", "properties": { "cluster": 353.0, "hvi": 0.1371, "population": 233, "setores": 1, "municipio": "Caroebe" }, "geometry": { "type": "Polygon", "coordinates": [ [ [ -59.21992, 0.59841 ], [ -59.22541, 0.60051 ], [ -59.225, 0.60311 ], [ -59.2186, 0.60178 ], [ -59.21992, 0.59841 ] ] ] } },
{ "type": "Feature", "properties": { "cluster": 354.0, "hvi": 0.167, "population": 786, "setores": 1, "municipio": "Caroebe" }, "geometry": { "type": "Polygon", "coordinates": [ [ [ -59.68631, 0.87906 ], [ -59.68884, 0.86934 ], [ -59.69354, 0.86984 ], [ -59.69168, 0.87968 ], [ -59.68631, 0.87906 ] ] ] } },
{ "type": "Feature", "properties": { "cluster": 355.0, "hvi": 0.2311, "population": 0, "setores": 1, "municipio": "Caroebe" }, "geometry": { "type": "Polygon", "coordinates": [ [ [ -59.33476, 0.61714 ], [ -59.33297, 0.61753 ], [ -59.33371, 0.61631 ], [ -59.33476, 0.61714 ] ] ] } },
{ "type": "Feature", "properties": { "cluster": 356.0, "hvi": 0.1695, "population": 2705, "setores": 13, "municipio": "Caroebe" }, "geometry": { "type": "MultiPolygon", "coordinates": [ [ [ [ -59.95489, 0.27175 ], [ -59.97424, 0.28205 ], [ -59.95289, 0.31789 ], [ -59.9594, 0.32506 ], [ -59.98888, 0.34147 ], [ -60.08593, 0.39202 ], [ -60.0825, 0.40057 ], [ -60.07632, 0.40224 ], [ -60.09498, 0.41728 ], [ -60.09558, 0.43482 ], [ -60.12015, 0.45998 ], [ -60.11711, 0.47253 ], [ -60.11867, 0.47993 ], [ -60.12507, 0.48405 ], [ -60.13201, 0.5048 ], [ -60.12414, 0.52352 ], [ -60.13153, 0.5252 ], [ -60.13864, 0.54455 ], [ -60.15301, 0.56352 ], [ -60.15056, 0.57467 ], [ -60.12289, 0.58168 ], [ -60.12169, 0.58959 ], [ -60.11228, 0.58756 ], [ -60.10801, 0.59492 ], [ -60.10356, 0.59519 ], [ -60.09328, 0.60408 ], [ -60.08189, 0.60019 ], [ -60.07745, 0.60797 ], [ -60.07273, 0.60741 ], [ -60.06297, 0.61774 ], [ -60.05256, 0.61554 ], [ -60.04544, 0.61865 ], [ -60.0327, 0.61581 ], [ -60.03338, 0.61893 ], [ -60.02477, 0.6274 ], [ -60.02565, 0.63614 ], [ -60.02185, 0.64462 ], [ -60.01697, 0.6453 ], [ -60.01467, 0.65099 ], [ -60.00829, 0.64625 ], [ -59.99568, 0.64658 ], [ -59.98192, 0.65825 ], [ -59.96568, 0.66238 ], [ -59.96301, 0.65936 ], [ -59.95291, 0.66119 ], [ -59.93555, 0.65559 ], [ -59.91326, 0.65442 ], [ -59.91289, 0.65493 ], [ -59.91604, 0.65545 ], [ -59.87228, 0.70378 ], [ -59.85079, 0.77055 ], [ -59.84925, 0.80371 ], [ -59.84028, 0.80198 ], [ -59.83466, 0.79524 ], [ -59.83532, 0.80006 ], [ -59.83114, 0.80519 ], [ -59.82002, 0.80706 ], [ -59.81596, 0.80345 ], [ -59.81046, 0.80424 ], [ -59.80998, 0.81069 ], [ -59.8009, 0.81775 ], [ -59.79014, 0.82053 ], [ -59.78961, 0.82487 ], [ -59.77971, 0.82433 ], [ -59.81241, 0.63101 ], [ -59.78808, 0.77097 ], [ -59.76895, 0.76144 ], [ -59.76808, 0.75798 ], [ -59.76029, 0.75567 ], [ -59.75567, 0.75769 ], [ -59.75423, 0.75105 ], [ -59.74297, 0.74961 ], [ -59.74037, 0.74412 ], [ -59.72969, 0.74124 ], [ -59.72017, 0.73142 ], [ -59.71237, 0.7167 ], [ -59.69217, 0.70284 ], [ -59.69713, 0.69944 ], [ -59.69445, 0.69276 ], [ -59.68415, 0.68647 ], [ -59.6769, 0.67197 ], [ -59.66087, 0.67025 ], [ -59.64657, 0.66147 ], [ -59.61854, 0.65994 ], [ -59.60524, 0.68545 ], [ -59.60012, 0.70226 ], [ -59.53515, 0.78148 ], [ -59.51569, 0.81684 ], [ -59.49496, 0.81497 ], [ -59.43312, 0.7972 ], [ -59.39336, 0.79217 ], [ -59.38127, 0.79469 ], [ -59.37203, 0.79259 ], [ -59.36767, 0.78722 ], [ -59.28826, 0.75883 ], [ -59.2895, 0.76608 ], [ -59.28671, 0.77312 ], [ -59.29, 0.78301 ], [ -59.28389, 0.78586 ], [ -59.28297, 0.78967 ], [ -59.29381, 0.80608 ], [ -59.2872, 0.81768 ], [ -59.28964, 0.82967 ], [ -59.29518, 0.83019 ], [ -59.30151, 0.8389 ], [ -59.2957, 0.84923 ], [ -59.30648, 0.85008 ], [ -59.31182, 0.86227 ], [ -59.32653, 0.87563 ], [ -59.33004, 0.88427 ], [ -59.33449, 0.88424 ], [ -59.34146, 0.90462 ], [ -59.33786, 0.91738 ], [ -59.32369, 0.93241 ], [ -59.30074, 0.96679 ], [ -59.29273, 0.96673 ], [ -59.27819, 0.97669 ], [ -59.27113, 0.99299 ], [ -59.25326, 1.00723 ], [ -59.24414, 1.0076 ], [ -59.23655, 1.00333 ], [ -59.22544, 1.01535 ], [ -59.21172, 1.01938 ], [ -59.20377, 1.0164 ], [ -59.19956, 1.00634 ], [ -59.1822, 1.00666 ], [ -59.16325, 1.02942 ], [ -59.15413, 1.02788 ], [ -59.14463, 1.0595 ], [ -59.1394, 1.06487 ], [ -59.12705, 1.05982 ], [ -59.11005, 1.07201 ], [ -59.10466, 1.06056 ], [ -59.09974, 1.05814 ], [ -59.09861, 1.05025 ], [ -59.0735, 1.05486 ], [ -59.06184, 1.07993 ], [ -59.05083, 1.08551 ], [ -59.0454, 1.09247 ], [ -59.03993, 1.10677 ], [ -59.04305, 1.11244 ], [ -59.04111, 1.11801 ], [ -59.03107, 1.12214 ], [ -59.01427, 1.13804 ], [ -59.01381, 1.13371 ], [ -59.00915, 1.13469 ], [ -59.00341, 1.12995 ], [ -58.98076, 1.13192 ], [ -58.98045, 1.13796 ], [ -58.9864, 1.14389 ], [ -58.97074, 1.16355 ], [ -58.97618, 1.17866 ], [ -58.96963, 1.19022 ], [ -58.97711, 1.19408 ], [ -58.9802, 1.20713 ], [ -58.97841, 1.22012 ], [ -58.98775, 1.23177 ], [ -58.98039, 1.25979 ], [ -58.99168, 1.2768 ], [ -58.98264, 1.30825 ], [ -58.97883, 1.30158 ], [ -58.973, 1.30935 ], [ -58.96606, 1.31241 ], [ -58.94911, 1.31269 ], [ -58.93272, 1.31742 ], [ -58.91661, 1.31547 ], [ -58.91578, 1.30602 ], [ -58.92383, 1.29352 ], [ -58.92244, 1.28991 ], [ -58.91853, 1.28491 ], [ -58.89884, 1.27936 ], [ -58.88688, 1.26019 ], [ -58.90467, 1.25102 ], [ -58.90467, 1.2413 ], [ -58.91216, 1.23824 ], [ -58.8955, 1.22769 ], [ -58.89546, 0.26351 ], [ -59.95305, 0.26355 ], [ -59.95489, 0.27175 ] ], [ [ -59.45846, 0.40872 ], [ -59.45766, 0.40612 ], [ -59.45256, 0.39962 ], [ -59.45846, 0.40872 ] ], [ [ -59.4366, 0.28629 ], [ -59.43686, 0.2863 ], [ -59.43682, 0.28603 ], [ -59.4366, 0.28629 ] ], [ [ -59.59207, 0.65167 ], [ -59.5975, 0.65002 ], [ -59.58854, 0.6503 ], [ -59.59207, 0.65167 ] ], [ [ -59.58321, 0.64824 ], [ -59.58552, 0.64914 ], [ -59.58251, 0.64541 ], [ -59.58321, 0.64824 ] ], [ [ -59.58049, 0.63726 ], [ -59.58174, 0.64228 ], [ -59.58325, 0.6257 ], [ -59.58049, 0.63726 ] ], [ [ -59.32656, 0.63849 ], [ -59.32677, 0.6387 ], [ -59.32405, 0.62993 ], [ -59.32656, 0.63849 ] ], [ [ -59.32569, 0.62408 ], [ -59.32687, 0.62635 ], [ -59.32712, 0.62603 ], [ -59.32569, 0.62408 ] ], [ [ -59.32324, 0.6194 ], [ -59.32368, 0.62024 ], [ -59.32947, 0.61739 ], [ -59.32324, 0.6194 ] ], [ [ -59.33937, 0.61389 ], [ -59.33302, 0.61658 ], [ -59.33159, 0.62326 ], [ -59.33326, 0.61795 ], [ -59.33937, 0.61389 ] ], [ [ -59.44285, 0.45403 ], [ -59.44217, 0.45548 ], [ -59.44246, 0.45546 ], [ -59.44285, 0.45403 ] ], [ [ -59.49431, 0.43434 ], [ -59.47587, 0.43051 ], [ -59.48002, 0.43286 ], [ -59.49431, 0.43434 ] ], [ [ -59.46914, 0.42911 ], [ -59.46607, 0.42847 ], [ -59.46656, 0.42975 ], [ -59.46914, 0.42911 ] ], [ [ -60.04137, 0.54695 ], [ -60.04526, 0.53626 ], [ -60.04102, 0.54641 ], [ -60.04137, 0.54695 ] ], [ [ -60.02849, 0.52176 ], [ -60.02299, 0.50953 ], [ -60.02632, 0.51952 ], [ -60.02849, 0.52176 ] ], [ [ -59.97159, 0.51939 ], [ -59.96866, 0.51971 ], [ -59.96983, 0.52044 ], [ -59.97159, 0.51939 ] ], [ [ -59.94838, 0.41575 ], [ -59.94917, 0.43019 ], [ -59.94845, 0.41555 ], [ -59.94838, 0.41575 ] ], [ [ -59.97117, 0.47142 ], [ -59.96674, 0.47864 ], [ -59.96715, 0.48104 ], [ -59.97146, 0.47231 ], [ -59.97117, 0.47142 ] ], [ [ -59.96823, 0.48732 ], [ -59.96947, 0.48977 ], [ -59.96803, 0.48618 ], [ -59.96823, 0.48732 ] ], [ [ -59.97144, 0.49369 ], [ -59.97832, 0.49374 ], [ -59.97116, 0.49313 ], [ -59.97144, 0.49369 ] ], [ [ -59.98385, 0.50337 ], [ -59.98389, 0.50323 ], [ -59.97832, 0.49374 ], [ -59.98385, 0.50337 ] ], [ [ -59.60005, 0.5983 ], [ -59.60076, 0.59714 ], [ -59.59463, 0.58104 ], [ -59.60005, 0.5983 ] ], [ [ -59.34458, 0.58498 ], [ -59.34451, 0.58778 ], [ -59.34901, 0.58644 ], [ -59.34812, 0.58496 ], [ -59.34458, 0.58498 ] ], [ [ -59.37944, 0.66735 ], [ -59.37798, 0.66788 ], [ -59.37852, 0.66966 ], [ -59.37944, 0.66735 ] ], [ [ -59.53527, 0.63799 ], [ -59.53509, 0.63721 ], [ -59.53419, 0.63718 ], [ -59.53527, 0.63799 ] ], [ [ -59.57784, 0.6237 ], [ -59.57662, 0.62516 ], [ -59.57818, 0.62606 ], [ -59.57784, 0.6237 ] ], [ [ -59.26505, 0.74158 ], [ -59.26557, 0.74065 ], [ -59.25934, 0.73642 ], [ -59.26505, 0.74158 ] ], [ [ -59.14233, 0.51267 ], [ -59.13798, 0.50843 ], [ -59.12843, 0.51362 ], [ -59.10988, 0.50099 ], [ -59.11073, 0.5656 ], [ -59.13102, 0.57797 ], [ -59.13938, 0.57503 ], [ -59.1454, 0.58128 ], [ -59.15055, 0.5784 ], [ -59.16024, 0.58191 ], [ -59.15959, 0.57336 ], [ -59.15162, 0.56496 ], [ -59.15299, 0.54626 ], [ -59.14233, 0.51267 ] ], [ [ -59.2186, 0.60178 ], [ -59.225, 0.60311 ], [ -59.22541, 0.60051 ], [ -59.21992, 0.59841 ], [ -59.2186, 0.60178 ] ], [ [ -59.25166, 0.72948 ], [ -59.25139, 0.72831 ], [ -59.25098, 0.72886 ], [ -59.25166, 0.72948 ] ], [ [ -59.29266, 0.68629 ], [ -59.29219, 0.68476 ], [ -59.2912, 0.68667 ], [ -59.29266, 0.68629 ] ], [ [ -59.3554, 0.49964 ], [ -59.35536, 0.49791 ], [ -59.35398, 0.50003 ], [ -59.3554, 0.49964 ] ], [ [ -58.96251, 0.82068 ], [ -58.96247, 0.82347 ], [ -58.96823, 0.83729 ], [ -58.96251, 0.82068 ] ], [ [ -58.95334, 0.81785 ], [ -58.95372, 0.81946 ], [ -58.95423, 0.81725 ], [ -58.95334, 0.81785 ] ] ], [ [ [ -59.42533, 0.81236 ], [ -59.42671, 0.79662 ], [ -59.43312, 0.7972 ], [ -59.4321, 0.80958 ], [ -59.42533, 0.81236 ] ] ] ] } },
{ "type": "Feature", "properties": { "cluster": 357.0, "hvi": 0.2311, "population": 0, "setores": 1, "municipio": "Caroebe" }, "geometry": { "type": "Polygon", "coordinates": [ [ [ -59.57784, 0.6237 ], [ -59.57818, 0.62606 ], [ -59.57662, 0.62516 ], [ -59.57784, 0.6237 ] ] ] } },
{ "type": "Feature", "properties": { "cluster": 358.0, "hvi": 0.2311, "population": 0, "setores": 1, "municipio": "Caroebe" }, "geometry": { "type": "Polygon", "coordinates": [ [ [ -59.53509, 0.63721 ], [ -59.53456, 0.63834 ], [ -59.53419, 0.63718 ], [ -59.53509, 0.63721 ] ] ] } },
{ "type": "Feature", "properties": { "cluster": 359.0, "hvi": 0.1292, "population": 29, "setores": 1, "municipio": "Caroebe" }, "geometry": { "type": "Polygon", "coordinates": [ [ [ -59.37944, 0.66735 ], [ -59.37852, 0.66966 ], [ -59.37798, 0.66788 ], [ -59.37944, 0.66735 ] ] ] } },
{ "type": "Feature", "properties": { "cluster": 360.0, "hvi": 0.1149, "population": 638, "setores": 1, "municipio": "Iracema" }, "geometry": { "type": "Polygon", "coordinates": [ [ [ -61.04727, 2.16128 ], [ -61.04994, 2.15829 ], [ -61.05526, 2.16252 ], [ -61.05218, 2.1651 ], [ -61.04727, 2.16128 ] ] ] } },
{ "type": "Feature", "properties": { "cluster": 361.0, "hvi": 0.0966, "population": 1596, "setores": 10, "municipio": "Iracema" }, "geometry": { "type": "Polygon", "coordinates": [ [ [ -61.5341, 1.9889 ], [ -61.5533, 1.9682 ], [ -61.5669, 1.9621 ], [ -61.5864, 1.9603 ], [ -61.5928, 1.9483 ], [ -61.6151, 1.9384 ], [ -61.6394, 1.9413 ], [ -61.7241, 1.9373 ], [ -61.753, 1.9409 ], [ -61.7636, 1.9502 ], [ -61.7822, 1.9465 ], [ -61.8013, 1.9362 ], [ -61.8082, 1.9381 ], [ -61.8148, 1.9323 ], [ -61.851, 1.9367 ], [ -61.874, 1.9341 ], [ -61.8956, 1.9227 ], [ -61.9084, 1.9232 ], [ -61.9318, 1.9145 ], [ -61.9584, 1.9141 ], [ -61.9712, 1.9046 ], [ -62.0142, 1.8874 ], [ -62.0385, 1.8826 ], [ -62.0482, 1.8756 ], [ -62.08022, 1.86292 ], [ -62.0879, 1.8904 ], [ -62.11023, 1.89457 ], [ -62.12981, 1.90264 ], [ -62.1567, 1.8985 ], [ -62.1753, 1.9001 ], [ -62.1927, 1.8878 ], [ -62.1955, 1.8886 ], [ -62.2, 1.8829 ], [ -62.2053, 1.8834 ], [ -62.2091, 1.879 ], [ -62.2166, 1.8816 ], [ -62.218, 1.8786 ], [ -62.2317, 1.8758 ], [ -62.2315, 1.8718 ], [ -62.2351, 1.8706 ], [ -62.2359, 1.8746 ], [ -62.2419, 1.8782 ], [ -62.2442, 1.8934 ], [ -62.2426, 1.9091 ], [ -62.2369, 1.9187 ], [ -62.24077, 1.93841 ], [ -62.239, 1.9664 ], [ -62.2344, 1.982 ], [ -62.2461, 2.0284 ], [ -62.2512, 2.0326 ], [ -62.2535, 2.0401 ], [ -62.2511, 2.0519 ], [ -62.2602, 2.0601 ], [ -62.2635, 2.071 ], [ -62.2748, 2.0734 ], [ -62.2806, 2.1053 ], [ -62.3087, 2.13923 ], [ -62.3155, 2.1509 ], [ -62.3168, 2.1608 ], [ -62.3253, 2.1633 ], [ -62.3, 2.17 ], [ -62.3057, 2.1894 ], [ -62.3004, 2.1915 ], [ -62.2908, 2.2051 ], [ -62.2752, 2.202 ], [ -62.2584, 2.2097 ], [ -62.2525, 2.2158 ], [ -62.2191, 2.2193 ], [ -62.2127, 2.2167 ], [ -62.1978, 2.2231 ], [ -62.1832, 2.2219 ], [ -62.1739, 2.2248 ], [ -62.1574, 2.2221 ], [ -62.1513, 2.2262 ], [ -62.1489, 2.2343 ], [ -62.1419, 2.2349 ], [ -62.1394, 2.23822 ], [ -62.07316, 2.22165 ], [ -62.03106, 2.22162 ], [ -62.00217, 2.23039 ], [ -61.98545, 2.24027 ], [ -61.93149, 2.26041 ], [ -61.91743, 2.27067 ], [ -61.89729, 2.29356 ], [ -61.87906, 2.29737 ], [ -61.87071, 2.30125 ], [ -61.86115, 2.31152 ], [ -61.8456, 2.31577 ], [ -61.73318, 2.32618 ], [ -61.72921, 2.32933 ], [ -61.71718, 2.32832 ], [ -61.7025, 2.3218 ], [ -61.6898, 2.3298 ], [ -61.6779, 2.3295 ], [ -61.6735, 2.3329 ], [ -61.66147, 2.32562 ], [ -61.66149, 2.32502 ], [ -61.65955, 2.32685 ], [ -61.61219, 2.33251 ], [ -61.49692, 2.3168 ], [ -61.4931, 2.3097 ], [ -61.4903, 2.3101 ], [ -61.48868, 2.31575 ], [ -61.45501, 2.31491 ], [ -61.42456, 2.35085 ], [ -61.39314, 2.38043 ], [ -61.33871, 2.26367 ], [ -61.32643, 2.27516 ], [ -61.30553, 2.27855 ], [ -61.27695, 2.26836 ], [ -61.26564, 2.27086 ], [ -61.2603, 2.27677 ], [ -61.25218, 2.27951 ], [ -61.22701, 2.27946 ], [ -61.20308, 2.25634 ], [ -61.1969, 2.25485 ], [ -61.19673, 2.24267 ], [ -61.201, 2.2412 ], [ -61.2033, 2.2315 ], [ -61.1954, 2.2172 ], [ -61.199, 2.2147 ], [ -61.2018, 2.2024 ], [ -61.2149, 2.1952 ], [ -61.20375, 2.20046 ], [ -61.1985, 2.1729 ], [ -61.2009, 2.1648 ], [ -61.1945, 2.1566 ], [ -61.1994, 2.149 ], [ -61.1961, 2.145 ], [ -61.2012, 2.1335 ], [ -61.1977, 2.1291 ], [ -61.2008, 2.1238 ], [ -61.1986, 2.1207 ], [ -61.207, 2.1088 ], [ -61.2036, 2.0932 ], [ -61.1979, 2.0883 ], [ -61.19738, 2.08324 ], [ -61.20905, 2.08103 ], [ -61.23566, 2.08314 ], [ -61.25914, 2.13377 ], [ -61.26205, 2.1468 ], [ -61.32304, 2.14356 ], [ -61.35761, 2.13597 ], [ -61.3579, 2.1257 ], [ -61.3409, 2.0719 ], [ -61.3356, 2.0655 ], [ -61.3325, 2.0458 ], [ -61.3364, 2.036 ], [ -61.3342, 2.0234 ], [ -61.341, 2.0156 ], [ -61.3527, 2.0114 ], [ -61.36111, 1.99694 ], [ -61.38271, 2.00623 ], [ -61.41481, 2.02563 ], [ -61.43237, 2.02076 ], [ -61.44865, 2.00976 ], [ -61.46887, 2.01011 ], [ -61.47616, 2.01226 ], [ -61.49115, 2.01048 ], [ -61.51532, 1.99761 ], [ -61.50992, 1.99877 ], [ -61.5341, 1.9889 ] ], [ [ -61.843, 2.2708 ], [ -61.86, 2.2759 ], [ -61.86004, 2.27577 ], [ -61.843, 2.2708 ] ], [ [ -61.78742, 2.26866 ], [ -61.7875, 2.2689 ], [ -61.7958, 2.2619 ], [ -61.78742, 2.26866 ] ], [ [ -61.787, 2.2664 ], [ -61.7867, 2.2666 ], [ -61.787, 2.26746 ], [ -61.787, 2.2664 ] ], [ [ -61.73732, 2.26025 ], [ -61.7379, 2.261 ], [ -61.7437, 2.2595 ], [ -61.73732, 2.26025 ] ], [ [ -61.6829, 2.2196 ], [ -61.6884, 2.2254 ], [ -61.68867, 2.22537 ], [ -61.6829, 2.2196 ] ], [ [ -61.6693, 2.2109 ], [ -61.66885, 2.21103 ], [ -61.6732, 2.2178 ], [ -61.6693, 2.2109 ] ], [ [ -61.6453, 2.2237 ], [ -61.64991, 2.22683 ], [ -61.6564, 2.2269 ], [ -61.6453, 2.2237 ] ], [ [ -61.598, 2.2102 ], [ -61.59528, 2.20785 ], [ -61.598, 2.2156 ], [ -61.598, 2.2102 ] ], [ [ -61.5878, 2.2014 ], [ -61.5823, 2.19975 ], [ -61.59133, 2.20445 ], [ -61.5878, 2.2014 ] ], [ [ -61.5765, 2.198 ], [ -61.5647, 2.2014 ], [ -61.5791, 2.19878 ], [ -61.5765, 2.198 ] ], [ [ -61.5533, 2.1973 ], [ -61.55308, 2.19762 ], [ -61.5647, 2.2014 ], [ -61.5533, 2.1973 ] ], [ [ -61.546, 2.2189 ], [ -61.54666, 2.22294 ], [ -61.5503, 2.2129 ], [ -61.546, 2.2189 ] ], [ [ -61.54119, 2.22929 ], [ -61.5462, 2.2242 ], [ -61.54647, 2.22345 ], [ -61.54119, 2.22929 ] ], [ [ -61.526, 2.2325 ], [ -61.5396, 2.2309 ], [ -61.53988, 2.23062 ], [ -61.526, 2.2325 ] ], [ [ -61.51158, 2.23708 ], [ -61.51188, 2.23755 ], [ -61.513, 2.2385 ], [ -61.51158, 2.23708 ] ], [ [ -61.45944, 2.21467 ], [ -61.4514, 2.2229 ], [ -61.46084, 2.21522 ], [ -61.45944, 2.21467 ] ], [ [ -61.24215, 2.19426 ], [ -61.23842, 2.19439 ], [ -61.24337, 2.19484 ], [ -61.24215, 2.19426 ] ], [ [ -62.03493, 2.14747 ], [ -62.02971, 2.16644 ], [ -62.0356, 2.15219 ], [ -62.03493, 2.14747 ] ], [ [ -62.02724, 2.13492 ], [ -62.03481, 2.14669 ], [ -62.03457, 2.14501 ], [ -62.02724, 2.13492 ] ], [ [ -61.98332, 2.06324 ], [ -61.98717, 2.07923 ], [ -61.98421, 2.06387 ], [ -61.98332, 2.06324 ] ], [ [ -61.6685, 2.03418 ], [ -61.6699, 2.0426 ], [ -61.6698, 2.0359 ], [ -61.6685, 2.03418 ] ], [ [ -61.66373, 2.02938 ], [ -61.66656, 2.03162 ], [ -61.6645, 2.0289 ], [ -61.66373, 2.02938 ] ], [ [ -61.6589, 2.0338 ], [ -61.66051, 2.03138 ], [ -61.6473, 2.0396 ], [ -61.6589, 2.0338 ] ], [ [ -61.6326, 2.0262 ], [ -61.6408, 2.0264 ], [ -61.63246, 2.02543 ], [ -61.6326, 2.0262 ] ], [ [ -61.6246, 2.0258 ], [ -61.62765, 2.02486 ], [ -61.6194, 2.0239 ], [ -61.6246, 2.0258 ] ], [ [ -61.6036, 2.0346 ], [ -61.6142, 2.02504 ], [ -61.614, 2.0249 ], [ -61.6036, 2.0346 ] ], [ [ -61.5784, 2.0088 ], [ -61.5806, 2.0198 ], [ -61.57957, 2.00852 ], [ -61.5784, 2.0088 ] ], [ [ -61.5786, 2.00788 ], [ -61.57954, 2.00809 ], [ -61.5795, 2.0077 ], [ -61.5786, 2.00788 ] ], [ [ -61.569, 2.0194 ], [ -61.57329, 2.00896 ], [ -61.5731, 2.009 ], [ -61.569, 2.0194 ] ], [ [ -61.5407, 1.9964 ], [ -61.5591, 2.0088 ], [ -61.5458, 1.9977 ], [ -61.5407, 1.9964 ] ], [ [ -61.51953, 1.9967 ], [ -61.52472, 1.9972 ], [ -61.5228, 1.996 ], [ -61.51953, 1.9967 ] ], [ [ -61.87308, 2.0034 ], [ -61.87347, 2.00219 ], [ -61.87283, 2.00241 ], [ -61.87308, 2.0034 ] ], [ [ -61.49431, 2.05642 ], [ -61.489, 2.04023 ], [ -61.49424, 2.05677 ], [ -61.49431, 2.05642 ] ], [ [ -61.4896, 2.12618 ], [ -61.48985, 2.10457 ], [ -61.48935, 2.10507 ], [ -61.4896, 2.12618 ] ], [ [ -61.47689, 2.15434 ], [ -61.4758, 2.14318 ], [ -61.47549, 2.14356 ], [ -61.47689, 2.15434 ] ], [ [ -61.494, 2.1845 ], [ -61.49173, 2.17329 ], [ -61.48898, 2.1709 ], [ -61.49178, 2.17728 ], [ -61.494, 2.1845 ] ], [ [ -61.40065, 2.01812 ], [ -61.39636, 2.01481 ], [ -61.39577, 2.01558 ], [ -61.40065, 2.01812 ] ], [ [ -61.50834, 2.21766 ], [ -61.5082, 2.2179 ], [ -61.50832, 2.21829 ], [ -61.50834, 2.21766 ] ], [ [ -61.5108, 2.22626 ], [ -61.51089, 2.22654 ], [ -61.5111, 2.2265 ], [ -61.5108, 2.22626 ] ], [ [ -61.50769, 2.22924 ], [ -61.5069, 2.2298 ], [ -61.50748, 2.23071 ], [ -61.50769, 2.22924 ] ], [ [ -61.38759, 2.26772 ], [ -61.37805, 2.24378 ], [ -61.38445, 2.26214 ], [ -61.38759, 2.26772 ] ], [ [ -61.42051, 2.22766 ], [ -61.4332, 2.2267 ], [ -61.4222, 2.2265 ], [ -61.42051, 2.22766 ] ], [ [ -61.4127, 2.23573 ], [ -61.41923, 2.22854 ], [ -61.4132, 2.2327 ], [ -61.4127, 2.23573 ] ] ] } },
{ "type": "Feature", "properties": { "cluster": 362.0, "hvi": 0.1237, "population": 2018, "setores": 3, "municipio": "Iracema" }, "geometry": { "type": "Polygon", "coordinates": [ [ [ -61.41155, 2.40909 ], [ -61.39314, 2.38043 ], [ -61.42456, 2.35085 ], [ -61.45501, 2.31491 ], [ -61.48868, 2.31575 ], [ -61.4903, 2.3101 ], [ -61.4931, 2.3097 ], [ -61.49692, 2.3168 ], [ -61.60044, 2.33181 ], [ -61.62863, 2.33194 ], [ -61.66146, 2.32562 ], [ -61.6735, 2.3329 ], [ -61.6779, 2.3295 ], [ -61.6898, 2.3298 ], [ -61.7025, 2.3218 ], [ -61.71718, 2.32832 ], [ -61.72921, 2.32933 ], [ -61.73318, 2.32618 ], [ -61.8456, 2.31577 ], [ -61.86115, 2.31152 ], [ -61.85044, 2.32428 ], [ -61.84034, 2.32526 ], [ -61.84053, 2.33517 ], [ -61.8368, 2.34126 ], [ -61.81106, 2.35395 ], [ -61.77645, 2.40296 ], [ -61.72102, 2.43683 ], [ -61.62362, 2.453 ], [ -61.57774, 2.44694 ], [ -61.50789, 2.45017 ], [ -61.41155, 2.40909 ] ], [ [ -61.43053, 2.37469 ], [ -61.43975, 2.3792 ], [ -61.4353, 2.37695 ], [ -61.43053, 2.37469 ] ] ] } },
{ "type": "Feature", "properties": { "cluster": 363.0, "hvi": 0.1178, "population": 1376, "setores": 2, "municipio": "Iracema" }, "geometry": { "type": "Polygon", "coordinates": [ [ [ -61.04673, 2.16334 ], [ -61.0505, 2.16753 ], [ -61.04818, 2.16989 ], [ -61.05167, 2.17396 ], [ -61.04991, 2.17569 ], [ -61.04292, 2.16898 ], [ -61.04389, 2.16489 ], [ -61.04673, 2.16334 ] ] ] } },
{ "type": "Feature", "properties": { "cluster": 364.0, "hvi": 0.1008, "population": 2882, "setores": 8, "municipio": "Iracema" }, "geometry": { "type": "MultiPolygon", "coordinates": [ [ [ [ -61.04466, 2.01843 ], [ -61.04827, 2.01895 ], [ -61.05071, 2.02188 ], [ -61.0485, 2.02557 ], [ -61.03573, 2.01357 ], [ -61.04466, 2.01843 ] ] ], [ [ [ -61.26537, 1.97388 ], [ -61.33251, 1.9938 ], [ -61.36111, 1.99694 ], [ -61.3527, 2.0114 ], [ -61.341, 2.0156 ], [ -61.3342, 2.0234 ], [ -61.3364, 2.036 ], [ -61.3325, 2.0458 ], [ -61.3356, 2.0655 ], [ -61.3409, 2.0719 ], [ -61.3569, 2.1205 ], [ -61.35753, 2.13566 ], [ -61.32304, 2.14356 ], [ -61.26205, 2.1468 ], [ -61.25914, 2.13377 ], [ -61.23566, 2.08314 ], [ -61.20905, 2.08103 ], [ -61.19738, 2.08324 ], [ -61.18977, 2.07443 ], [ -61.1894, 2.0749 ], [ -61.2036, 2.0932 ], [ -61.207, 2.1088 ], [ -61.1986, 2.1207 ], [ -61.2008, 2.1238 ], [ -61.1977, 2.1291 ], [ -61.2012, 2.1335 ], [ -61.1961, 2.145 ], [ -61.1994, 2.149 ], [ -61.1945, 2.1566 ], [ -61.2009, 2.1648 ], [ -61.1985, 2.1729 ], [ -61.2038, 2.2001 ], [ -61.199, 2.2147 ], [ -61.1954, 2.2172 ], [ -61.2033, 2.2315 ], [ -61.201, 2.2412 ], [ -61.19673, 2.24267 ], [ -61.1969, 2.25485 ], [ -61.0731, 2.289 ], [ -61.05106, 2.29805 ], [ -61.04578, 2.29676 ], [ -60.98304, 2.24972 ], [ -60.95402, 2.23722 ], [ -60.93871, 2.21611 ], [ -60.95593, 2.20368 ], [ -60.97015, 2.18343 ], [ -61.01705, 2.14864 ], [ -61.02794, 2.1329 ], [ -61.03045, 2.11954 ], [ -61.05353, 2.07331 ], [ -61.05619, 2.0546 ], [ -61.05123, 2.0215 ], [ -61.04911, 2.01873 ], [ -61.03475, 2.01191 ], [ -61.03269, 1.9989 ], [ -61.05351, 1.99485 ], [ -61.06863, 1.9947 ], [ -61.09863, 1.98436 ], [ -61.14268, 1.97807 ], [ -61.18042, 1.97702 ], [ -61.18882, 1.97388 ], [ -61.22029, 1.97072 ], [ -61.26537, 1.97388 ] ], [ [ -61.08908, 2.03337 ], [ -61.0888, 2.0318 ], [ -61.06863, 1.9947 ], [ -61.08908, 2.03337 ] ], [ [ -61.0792, 2.0805 ], [ -61.0889, 2.0617 ], [ -61.08917, 2.05925 ], [ -61.0792, 2.0805 ] ], [ [ -61.09037, 2.04822 ], [ -61.0909, 2.0434 ], [ -61.09011, 2.03905 ], [ -61.09037, 2.04822 ] ], [ [ -61.04774, 2.16164 ], [ -61.05218, 2.1651 ], [ -61.05038, 2.16712 ], [ -61.04577, 2.16463 ], [ -61.04292, 2.16898 ], [ -61.04991, 2.17569 ], [ -61.06045, 2.16437 ], [ -61.05467, 2.17 ], [ -61.054, 2.16334 ], [ -61.05659, 2.16213 ], [ -61.04994, 2.15829 ], [ -61.04774, 2.16164 ] ] ], [ [ [ -61.05116, 2.17354 ], [ -61.0479, 2.17017 ], [ -61.05218, 2.1651 ], [ -61.05467, 2.17 ], [ -61.05116, 2.17354 ] ] ] ] } },
{ "type": "Feature", "properties": { "cluster": 365.0, "hvi": 0.0967, "population": 124, "setores": 1, "municipio": "Iracema" }, "geometry": { "type": "Polygon", "coordinates": [ [ [ -63.65967, 2.51806 ], [ -63.65876, 2.51727 ], [ -63.65967, 2.51727 ], [ -63.65967, 2.51806 ] ] ] } },
{ "type": "Feature", "properties": { "cluster": 366.0, "hvi": 0.0941, "population": 345, "setores": 21, "municipio": "Iracema" }, "geometry": { "type": "Polygon", "coordinates": [ [ [ -63.1043, 2.64421 ], [ -63.17301, 2.55747 ], [ -63.2375, 2.60723 ], [ -63.16673, 2.68461 ], [ -63.1043, 2.64421 ] ], [ [ -63.13474, 2.63932 ], [ -63.13436, 2.63861 ], [ -63.13454, 2.63955 ], [ -63.13474, 2.63932 ] ], [ [ -63.13539, 2.63854 ], [ -63.13555, 2.63835 ], [ -63.13436, 2.63861 ], [ -63.13539, 2.63854 ] ], [ [ -63.13824, 2.64304 ], [ -63.13705, 2.64314 ], [ -63.13803, 2.64326 ], [ -63.13824, 2.64304 ] ], [ [ -63.14081, 2.65299 ], [ -63.14012, 2.65276 ], [ -63.14049, 2.65368 ], [ -63.14081, 2.65299 ] ], [ [ -63.14311, 2.64901 ], [ -63.14332, 2.64825 ], [ -63.14255, 2.648 ], [ -63.14311, 2.64901 ] ], [ [ -63.1438, 2.65025 ], [ -63.14396, 2.64979 ], [ -63.14363, 2.64995 ], [ -63.1438, 2.65025 ] ], [ [ -63.14437, 2.64858 ], [ -63.14369, 2.64837 ], [ -63.14418, 2.64914 ], [ -63.14437, 2.64858 ] ], [ [ -63.14837, 2.64389 ], [ -63.14773, 2.64393 ], [ -63.1477, 2.64427 ], [ -63.14837, 2.64389 ] ], [ [ -63.1487, 2.6437 ], [ -63.14843, 2.64366 ], [ -63.1486, 2.64376 ], [ -63.1487, 2.6437 ] ], [ [ -63.14776, 2.64355 ], [ -63.14774, 2.64379 ], [ -63.14793, 2.64358 ], [ -63.14776, 2.64355 ] ], [ [ -63.15004, 2.64097 ], [ -63.14967, 2.64115 ], [ -63.14981, 2.64146 ], [ -63.15004, 2.64097 ] ], [ [ -63.15024, 2.64054 ], [ -63.14997, 2.64063 ], [ -63.15017, 2.64069 ], [ -63.15024, 2.64054 ] ], [ [ -63.1495, 2.64079 ], [ -63.14958, 2.64096 ], [ -63.14963, 2.64074 ], [ -63.1495, 2.64079 ] ], [ [ -63.15072, 2.64473 ], [ -63.15074, 2.64479 ], [ -63.15079, 2.64469 ], [ -63.15072, 2.64473 ] ], [ [ -63.14954, 2.64533 ], [ -63.14993, 2.64538 ], [ -63.15016, 2.64502 ], [ -63.14954, 2.64533 ] ], [ [ -63.15044, 2.64545 ], [ -63.15062, 2.64505 ], [ -63.15, 2.64539 ], [ -63.15044, 2.64545 ] ], [ [ -63.15165, 2.67016 ], [ -63.15131, 2.66979 ], [ -63.15115, 2.67043 ], [ -63.15165, 2.67016 ] ], [ [ -63.15717, 2.66528 ], [ -63.15677, 2.66547 ], [ -63.15692, 2.6658 ], [ -63.15717, 2.66528 ] ], [ [ -63.15739, 2.66482 ], [ -63.15713, 2.6649 ], [ -63.15732, 2.66496 ], [ -63.15739, 2.66482 ] ], [ [ -63.1566, 2.66507 ], [ -63.1567, 2.66531 ], [ -63.15681, 2.665 ], [ -63.1566, 2.66507 ] ], [ [ -63.15866, 2.65869 ], [ -63.15906, 2.65862 ], [ -63.15917, 2.65845 ], [ -63.15866, 2.65869 ] ], [ [ -63.16254, 2.6619 ], [ -63.16342, 2.66114 ], [ -63.16167, 2.66114 ], [ -63.16254, 2.6619 ] ], [ [ -63.1686, 2.66099 ], [ -63.16832, 2.66113 ], [ -63.16859, 2.66177 ], [ -63.1686, 2.66099 ] ], [ [ -63.16885, 2.66086 ], [ -63.16905, 2.66094 ], [ -63.16918, 2.66069 ], [ -63.16885, 2.66086 ] ], [ [ -63.17797, 2.63369 ], [ -63.17788, 2.6337 ], [ -63.17797, 2.63395 ], [ -63.17797, 2.63369 ] ], [ [ -63.17807, 2.63423 ], [ -63.17817, 2.63451 ], [ -63.17869, 2.63362 ], [ -63.17807, 2.63423 ] ], [ [ -63.17856, 2.63485 ], [ -63.17834, 2.63516 ], [ -63.1786, 2.63506 ], [ -63.17856, 2.63485 ] ], [ [ -63.17819, 2.63537 ], [ -63.17806, 2.63556 ], [ -63.17877, 2.63612 ], [ -63.17819, 2.63537 ] ] ] } },
{ "type": "Feature", "properties": { "cluster": 367.0, "hvi": 0.0988, "population": 0, "setores": 1, "municipio": "Iracema" }, "geometry": { "type": "Polygon", "coordinates": [ [ [ -62.3255, 1.8865 ], [ -62.32759, 1.88445 ], [ -62.32759, 1.8865 ], [ -62.3255, 1.8865 ] ] ] } },
{ "type": "Feature", "properties": { "cluster": 368.0, "hvi": 0.0988, "population": 0, "setores": 1, "municipio": "Iracema" }, "geometry": { "type": "Polygon", "coordinates": [ [ [ -62.29084, 1.87521 ], [ -62.29239, 1.87625 ], [ -62.29102, 1.87676 ], [ -62.29084, 1.87521 ] ] ] } },
{ "type": "Feature", "properties": { "cluster": 369.0, "hvi": 0.0988, "population": 0, "setores": 1, "municipio": "Iracema" }, "geometry": { "type": "Polygon", "coordinates": [ [ [ -62.26349, 1.82348 ], [ -62.26361, 1.82524 ], [ -62.26264, 1.82438 ], [ -62.26349, 1.82348 ] ] ] } },
{ "type": "Feature", "properties": { "cluster": 370.0, "hvi": 0.0988, "population": 0, "setores": 1, "municipio": "Iracema" }, "geometry": { "type": "Polygon", "coordinates": [ [ [ -62.27607, 1.78445 ], [ -62.27771, 1.78502 ], [ -62.27647, 1.7851 ], [ -62.27607, 1.78445 ] ] ] } },
{ "type": "Feature", "properties": { "cluster": 371.0, "hvi": 0.09, "population": 60, "setores": 1, "municipio": "Iracema" }, "geometry": { "type": "Polygon", "coordinates": [ [ [ -63.01898, 2.32861 ], [ -63.02105, 2.33049 ], [ -63.00989, 2.3434 ], [ -63.00805, 2.34227 ], [ -63.01898, 2.32861 ] ] ] } },
{ "type": "Feature", "properties": { "cluster": 372.0, "hvi": 0.0865, "population": 31, "setores": 1, "municipio": "Iracema" }, "geometry": { "type": "Polygon", "coordinates": [ [ [ -62.99769, 2.37128 ], [ -62.99764, 2.36757 ], [ -62.99881, 2.36793 ], [ -62.99769, 2.37128 ] ] ] } },
{ "type": "Feature", "properties": { "cluster": 373.0, "hvi": 0.0867, "population": 32, "setores": 1, "municipio": "Iracema" }, "geometry": { "type": "Polygon", "coordinates": [ [ [ -62.92296, 2.33145 ], [ -62.92234, 2.33132 ], [ -62.92276, 2.3311 ], [ -62.92296, 2.33145 ] ] ] } },
{ "type": "Feature", "properties": { "cluster": 374.0, "hvi": 0.0886, "population": 45, "setores": 1, "municipio": "Iracema" }, "geometry": { "type": "Polygon", "coordinates": [ [ [ -62.25703, 1.87516 ], [ -62.26292, 1.87512 ], [ -62.26298, 1.87829 ], [ -62.25701, 1.87829 ], [ -62.25703, 1.87516 ] ] ] } },
{ "type": "Feature", "properties": { "cluster": 375.0, "hvi": 0.0988, "population": 0, "setores": 1, "municipio": "Iracema" }, "geometry": { "type": "Polygon", "coordinates": [ [ [ -62.27701, 1.85348 ], [ -62.27804, 1.85263 ], [ -62.27813, 1.85361 ], [ -62.27701, 1.85348 ] ] ] } },
{ "type": "Feature", "properties": { "cluster": 376.0, "hvi": 0.086, "population": 27, "setores": 1, "municipio": "Iracema" }, "geometry": { "type": "Polygon", "coordinates": [ [ [ -61.83056, 2.02876 ], [ -61.82952, 2.02939 ], [ -61.8298, 2.02856 ], [ -61.83056, 2.02876 ] ] ] } },
{ "type": "Feature", "properties": { "cluster": 377.0, "hvi": 0.0864, "population": 31, "setores": 1, "municipio": "Iracema" }, "geometry": { "type": "Polygon", "coordinates": [ [ [ -61.87375, 2.00244 ], [ -61.87279, 2.00312 ], [ -61.87301, 2.00223 ], [ -61.87375, 2.00244 ] ] ] } },
{ "type": "Feature", "properties": { "cluster": 378.0, "hvi": 0.0864, "population": 29, "setores": 2, "municipio": "Iracema" }, "geometry": { "type": "Polygon", "coordinates": [ [ [ -63.74718, 2.52812 ], [ -63.64759, 2.52726 ], [ -63.64726, 2.47647 ], [ -63.74703, 2.47619 ], [ -63.74718, 2.52812 ] ], [ [ -63.65876, 2.51727 ], [ -63.65876, 2.51805 ], [ -63.65967, 2.51806 ], [ -63.65876, 2.51727 ] ], [ [ -63.66839, 2.52143 ], [ -63.66754, 2.52183 ], [ -63.668, 2.52249 ], [ -63.66839, 2.52143 ] ], [ [ -63.67255, 2.5163 ], [ -63.66966, 2.51833 ], [ -63.67432, 2.51612 ], [ -63.67255, 2.5163 ] ], [ [ -63.6713, 2.51643 ], [ -63.66801, 2.51868 ], [ -63.6722, 2.51633 ], [ -63.6713, 2.51643 ] ], [ [ -63.69006, 2.51204 ], [ -63.68744, 2.51027 ], [ -63.68936, 2.51558 ], [ -63.69006, 2.51204 ] ], [ [ -63.69394, 2.50875 ], [ -63.69329, 2.50929 ], [ -63.69401, 2.51005 ], [ -63.69394, 2.50875 ] ], [ [ -63.70152, 2.50642 ], [ -63.70055, 2.50649 ], [ -63.70089, 2.50798 ], [ -63.70152, 2.50642 ] ] ] } },
{ "type": "Feature", "properties": { "cluster": 379.0, "hvi": 0.0868, "population": 33, "setores": 1, "municipio": "Iracema" }, "geometry": { "type": "Polygon", "coordinates": [ [ [ -63.70152, 2.50642 ], [ -63.70056, 2.50735 ], [ -63.70077, 2.50631 ], [ -63.70152, 2.50642 ] ] ] } },
{ "type": "Feature", "properties": { "cluster": 380.0, "hvi": 0.0988, "population": 0, "setores": 1, "municipio": "Iracema" }, "geometry": { "type": "Polygon", "coordinates": [ [ [ -63.69432, 2.50885 ], [ -63.69353, 2.5099 ], [ -63.69344, 2.50893 ], [ -63.69432, 2.50885 ] ] ] } },
{ "type": "Feature", "properties": { "cluster": 381.0, "hvi": 0.0894, "population": 41, "setores": 1, "municipio": "Iracema" }, "geometry": { "type": "Polygon", "coordinates": [ [ [ -63.69011, 2.51598 ], [ -63.68686, 2.5114 ], [ -63.68744, 2.51027 ], [ -63.69006, 2.51204 ], [ -63.69011, 2.51598 ] ] ] } },
{ "type": "Feature", "properties": { "cluster": 382.0, "hvi": 0.0988, "population": 0, "setores": 1, "municipio": "Iracema" }, "geometry": { "type": "Polygon", "coordinates": [ [ [ -62.33071, 1.89063 ], [ -62.32997, 1.89143 ], [ -62.32967, 1.8906 ], [ -62.33071, 1.89063 ] ] ] } },
{ "type": "Feature", "properties": { "cluster": 383.0, "hvi": 0.0988, "population": 0, "setores": 1, "municipio": "Iracema" }, "geometry": { "type": "Polygon", "coordinates": [ [ [ -62.32749, 1.89111 ], [ -62.32699, 1.89144 ], [ -62.32702, 1.8911 ], [ -62.32749, 1.89111 ] ] ] } },
{ "type": "Feature", "properties": { "cluster": 384.0, "hvi": 0.0988, "population": 0, "setores": 1, "municipio": "Iracema" }, "geometry": { "type": "Polygon", "coordinates": [ [ [ -62.32581, 1.89141 ], [ -62.32505, 1.89189 ], [ -62.32506, 1.8914 ], [ -62.32581, 1.89141 ] ] ] } },
{ "type": "Feature", "properties": { "cluster": 385.0, "hvi": 0.0988, "population": 0, "setores": 1, "municipio": "Iracema" }, "geometry": { "type": "Polygon", "coordinates": [ [ [ -62.30055, 1.88222 ], [ -62.2999, 1.88279 ], [ -62.29976, 1.88218 ], [ -62.30055, 1.88222 ] ] ] } },
{ "type": "Feature", "properties": { "cluster": 386.0, "hvi": 0.0988, "population": 0, "setores": 1, "municipio": "Iracema" }, "geometry": { "type": "Polygon", "coordinates": [ [ [ -62.29504, 1.87899 ], [ -62.2942, 1.87914 ], [ -62.29443, 1.87856 ], [ -62.29504, 1.87899 ] ] ] } },
{ "type": "Feature", "properties": { "cluster": 387.0, "hvi": 0.0878, "population": 37, "setores": 1, "municipio": "Iracema" }, "geometry": { "type": "Polygon", "coordinates": [ [ [ -62.24259, 1.82949 ], [ -62.24171, 1.83064 ], [ -62.24173, 1.82944 ], [ -62.24259, 1.82949 ] ] ] } },
{ "type": "Feature", "properties": { "cluster": 388.0, "hvi": 0.0853, "population": 20, "setores": 2, "municipio": "Iracema" }, "geometry": { "type": "Polygon", "coordinates": [ [ [ -62.1063, 1.8451 ], [ -62.1429, 1.8308 ], [ -62.158, 1.8201 ], [ -62.1806, 1.8111 ], [ -62.2426, 1.7755 ], [ -62.2632, 1.7695 ], [ -62.2735, 1.7611 ], [ -62.28349, 1.75844 ], [ -62.27459, 1.77545 ], [ -62.27817, 1.78161 ], [ -62.27521, 1.77967 ], [ -62.2704, 1.79025 ], [ -62.26524, 1.7894 ], [ -62.26557, 1.792 ], [ -62.25934, 1.79474 ], [ -62.26072, 1.80341 ], [ -62.2554, 1.81205 ], [ -62.2644, 1.8291 ], [ -62.272, 1.8313 ], [ -62.2693, 1.8453 ], [ -62.2766, 1.8481 ], [ -62.2721, 1.8535 ], [ -62.2759, 1.853 ], [ -62.2782, 1.8582 ], [ -62.2758, 1.8606 ], [ -62.2831, 1.8625 ], [ -62.2956, 1.8773 ], [ -62.3, 1.8763 ], [ -62.3014, 1.881 ], [ -62.3078, 1.8775 ], [ -62.3111, 1.88 ], [ -62.3104, 1.8835 ], [ -62.3229, 1.8843 ], [ -62.326, 1.8902 ], [ -62.3277, 1.8872 ], [ -62.3338, 1.8882 ], [ -62.3348, 1.8851 ], [ -62.3401, 1.8865 ], [ -62.3499, 1.8824 ], [ -62.3536, 1.891 ], [ -62.3528, 1.8975 ], [ -62.3624, 1.8961 ], [ -62.3698, 1.89954 ], [ -62.24042, 1.94297 ], [ -62.2369, 1.9187 ], [ -62.2426, 1.9091 ], [ -62.2442, 1.8872 ], [ -62.2418, 1.878 ], [ -62.2359, 1.8746 ], [ -62.2351, 1.8706 ], [ -62.2315, 1.8718 ], [ -62.2317, 1.8758 ], [ -62.218, 1.8786 ], [ -62.2166, 1.8816 ], [ -62.2091, 1.879 ], [ -62.2053, 1.8834 ], [ -62.2, 1.8829 ], [ -62.1955, 1.8886 ], [ -62.1927, 1.8878 ], [ -62.1753, 1.9001 ], [ -62.1567, 1.8985 ], [ -62.12981, 1.90264 ], [ -62.11023, 1.89457 ], [ -62.0879, 1.8904 ], [ -62.08022, 1.86292 ], [ -62.1063, 1.8451 ] ], [ [ -62.24259, 1.82949 ], [ -62.24173, 1.82944 ], [ -62.24171, 1.83064 ], [ -62.24259, 1.82949 ] ], [ [ -62.25386, 1.81109 ], [ -62.25363, 1.81149 ], [ -62.25405, 1.81162 ], [ -62.25386, 1.81109 ] ], [ [ -62.26292, 1.87512 ], [ -62.25703, 1.87516 ], [ -62.25701, 1.87829 ], [ -62.26298, 1.87829 ], [ -62.26292, 1.87512 ] ], [ [ -62.2907, 1.87651 ], [ -62.2922, 1.87661 ], [ -62.29209, 1.8752 ], [ -62.2907, 1.87651 ] ], [ [ -62.29473, 1.87862 ], [ -62.29413, 1.87886 ], [ -62.29439, 1.87934 ], [ -62.29473, 1.87862 ] ], [ [ -62.2999, 1.88203 ], [ -62.29969, 1.88248 ], [ -62.3003, 1.88292 ], [ -62.2999, 1.88203 ] ], [ [ -62.32555, 1.89127 ], [ -62.325, 1.89165 ], [ -62.32551, 1.89208 ], [ -62.32555, 1.89127 ] ], [ [ -62.32702, 1.8911 ], [ -62.32699, 1.89144 ], [ -62.32743, 1.89149 ], [ -62.32702, 1.8911 ] ], [ [ -62.33005, 1.89043 ], [ -62.32965, 1.89112 ], [ -62.33055, 1.89142 ], [ -62.33005, 1.89043 ] ] ] } },
{ "type": "Feature", "properties": { "cluster": 389.0, "hvi": 0.0988, "population": 0, "setores": 1, "municipio": "Iracema" }, "geometry": { "type": "Polygon", "coordinates": [ [ [ -62.25415, 1.81112 ], [ -62.25373, 1.81162 ], [ -62.25364, 1.8113 ], [ -62.25415, 1.81112 ] ] ] } },
{ "type": "Feature", "properties": { "cluster": 390.0, "hvi": 0.0988, "population": 0, "setores": 1, "municipio": "Iracema" }, "geometry": { "type": "Polygon", "coordinates": [ [ [ -63.00827, 2.3675 ], [ -63.0079, 2.36771 ], [ -63.008, 2.36743 ], [ -63.00827, 2.3675 ] ] ] } },
{ "type": "Feature", "properties": { "cluster": 391.0, "hvi": 0.0854, "population": 18, "setores": 1, "municipio": "Iracema" }, "geometry": { "type": "Polygon", "coordinates": [ [ [ -62.98058, 2.3662 ], [ -62.97926, 2.3669 ], [ -62.97957, 2.3659 ], [ -62.98058, 2.3662 ] ] ] } },
{ "type": "Feature", "properties": { "cluster": 392.0, "hvi": 0.0988, "population": 0, "setores": 1, "municipio": "Iracema" }, "geometry": { "type": "Polygon", "coordinates": [ [ [ -62.96087, 2.36607 ], [ -62.95919, 2.36705 ], [ -62.96029, 2.36548 ], [ -62.96087, 2.36607 ] ] ] } },
{ "type": "Feature", "properties": { "cluster": 393.0, "hvi": 0.0988, "population": 0, "setores": 1, "municipio": "Iracema" }, "geometry": { "type": "Polygon", "coordinates": [ [ [ -62.94694, 2.36184 ], [ -62.94583, 2.36232 ], [ -62.94608, 2.36138 ], [ -62.94694, 2.36184 ] ] ] } },
{ "type": "Feature", "properties": { "cluster": 394.0, "hvi": 0.0858, "population": 35, "setores": 1, "municipio": "Iracema" }, "geometry": { "type": "Polygon", "coordinates": [ [ [ -63.45885, 2.73678 ], [ -63.4576, 2.73787 ], [ -63.45728, 2.73708 ], [ -63.45885, 2.73678 ] ] ] } },
{ "type": "Feature", "properties": { "cluster": 395.0, "hvi": 0.0863, "population": 42, "setores": 1, "municipio": "Iracema" }, "geometry": { "type": "Polygon", "coordinates": [ [ [ -63.4555, 2.7348 ], [ -63.45347, 2.73659 ], [ -63.45317, 2.73536 ], [ -63.4555, 2.7348 ] ] ] } },
{ "type": "Feature", "properties": { "cluster": 396.0, "hvi": 0.0945, "population": 88, "setores": 1, "municipio": "Iracema" }, "geometry": { "type": "Polygon", "coordinates": [ [ [ -63.52753, 2.52494 ], [ -63.52483, 2.5367 ], [ -63.52301, 2.53676 ], [ -63.52435, 2.52403 ], [ -63.52753, 2.52494 ] ] ] } },
{ "type": "Feature", "properties": { "cluster": 397.0, "hvi": 0.0988, "population": 0, "setores": 1, "municipio": "Iracema" }, "geometry": { "type": "Polygon", "coordinates": [ [ [ -62.35796, 2.08707 ], [ -62.35917, 2.08901 ], [ -62.35719, 2.0885 ], [ -62.35796, 2.08707 ] ] ] } },
{ "type": "Feature", "properties": { "cluster": 398.0, "hvi": 0.0988, "population": 0, "setores": 1, "municipio": "Iracema" }, "geometry": { "type": "Polygon", "coordinates": [ [ [ -62.35536, 2.04073 ], [ -62.35499, 2.04227 ], [ -62.35434, 2.04123 ], [ -62.35536, 2.04073 ] ] ] } },
{ "type": "Feature", "properties": { "cluster": 399.0, "hvi": 0.0864, "population": 25, "setores": 1, "municipio": "Iracema" }, "geometry": { "type": "Polygon", "coordinates": [ [ [ -62.27476, 1.78933 ], [ -62.27284, 1.78968 ], [ -62.27298, 1.78853 ], [ -62.27476, 1.78933 ] ] ] } },
{ "type": "Feature", "properties": { "cluster": 400.0, "hvi": 0.0988, "population": 0, "setores": 1, "municipio": "Iracema" }, "geometry": { "type": "Polygon", "coordinates": [ [ [ -61.39636, 2.01481 ], [ -61.40065, 2.01812 ], [ -61.39577, 2.01558 ], [ -61.39636, 2.01481 ] ] ] } },
{ "type": "Feature", "properties": { "cluster": 401.0, "hvi": 0.0988, "population": 0, "setores": 1, "municipio": "Iracema" }, "geometry": { "type": "Polygon", "coordinates": [ [ [ -63.38088, 2.7553 ], [ -63.38184, 2.75666 ], [ -63.38035, 2.75592 ], [ -63.38088, 2.7553 ] ] ] } },
{ "type": "Feature", "properties": { "cluster": 402.0, "hvi": 0.1824, "population": 1206, "setores": 1, "municipio": "Mucajaí" }, "geometry": { "type": "Polygon", "coordinates": [ [ [ -60.90818, 2.4433 ], [ -60.91719, 2.44329 ], [ -60.91387, 2.45865 ], [ -60.90392, 2.45867 ], [ -60.90381, 2.44898 ], [ -60.90816, 2.44885 ], [ -60.90818, 2.4433 ] ] ] } },
{ "type": "Feature", "properties": { "cluster": 403.0, "hvi": 0.1862, "population": 2714, "setores": 2, "municipio": "Mucajaí" }, "geometry": { "type": "MultiPolygon", "coordinates": [ [ [ [ -60.92029, 2.43038 ], [ -60.92593, 2.43077 ], [ -60.92294, 2.44594 ], [ -60.92073, 2.44589 ], [ -60.92029, 2.43038 ] ] ], [ [ [ -60.91395, 2.45972 ], [ -60.91724, 2.44004 ], [ -60.91882, 2.44009 ], [ -60.91836, 2.45973 ], [ -60.91395, 2.45972 ] ] ] ] } },
{ "type": "Feature", "properties": { "cluster": 404.0, "hvi": 0.1364, "population": 1672, "setores": 4, "municipio": "Mucajaí" }, "geometry": { "type": "MultiPolygon", "coordinates": [ [ [ [ -60.9562, 2.43121 ], [ -60.97393, 2.43395 ], [ -60.98943, 2.49269 ], [ -60.9721, 2.5061 ], [ -60.9507, 2.5123 ], [ -60.94439, 2.52129 ], [ -60.92107, 2.51935 ], [ -60.89356, 2.50768 ], [ -60.8944, 2.49158 ], [ -60.91384, 2.47407 ], [ -60.91837, 2.46425 ], [ -60.91861, 2.44708 ], [ -60.92294, 2.44594 ], [ -60.91931, 2.45643 ], [ -60.93878, 2.44671 ], [ -60.93967, 2.43643 ], [ -60.9562, 2.43121 ] ] ], [ [ [ -60.92303, 2.44009 ], [ -60.92653, 2.4417 ], [ -60.92631, 2.44606 ], [ -60.92294, 2.44594 ], [ -60.92303, 2.44009 ] ] ] ] } },
{ "type": "Feature", "properties": { "cluster": 405.0, "hvi": 0.1681, "population": 2055, "setores": 2, "municipio": "Mucajaí" }, "geometry": { "type": "Polygon", "coordinates": [ [ [ -60.92303, 2.44009 ], [ -60.92593, 2.43077 ], [ -60.94321, 2.43144 ], [ -60.93783, 2.44009 ], [ -60.93897, 2.44009 ], [ -60.93883, 2.44666 ], [ -60.93401, 2.44904 ], [ -60.93444, 2.44642 ], [ -60.92636, 2.44606 ], [ -60.92461, 2.44009 ], [ -60.92303, 2.44009 ] ] ] } },
{ "type": "Feature", "properties": { "cluster": 406.0, "hvi": 0.1589, "population": 1650, "setores": 2, "municipio": "Mucajaí" }, "geometry": { "type": "Polygon", "coordinates": [ [ [ -60.93401, 2.44904 ], [ -60.92608, 2.45293 ], [ -60.92139, 2.45523 ], [ -60.92294, 2.44594 ], [ -60.93444, 2.44642 ], [ -60.93401, 2.44904 ] ] ] } },
{ "type": "Feature", "properties": { "cluster": 407.0, "hvi": 0.138, "population": 2937, "setores": 12, "municipio": "Cantá" }, "geometry": { "type": "MultiPolygon", "coordinates": [ [ [ [ -60.95402, 2.23722 ], [ -60.98304, 2.24972 ], [ -61.04578, 2.29676 ], [ -61.05106, 2.29805 ], [ -61.0731, 2.289 ], [ -61.19925, 2.25454 ], [ -61.22701, 2.27946 ], [ -61.25218, 2.27951 ], [ -61.2603, 2.27677 ], [ -61.26564, 2.27086 ], [ -61.27695, 2.26836 ], [ -61.30553, 2.27855 ], [ -61.32099, 2.27655 ], [ -61.30049, 2.29021 ], [ -61.32643, 2.27516 ], [ -61.33871, 2.26367 ], [ -61.3814, 2.35524 ], [ -61.37861, 2.36179 ], [ -61.35662, 2.36804 ], [ -61.34145, 2.38084 ], [ -61.33749, 2.39475 ], [ -61.32582, 2.40663 ], [ -61.30765, 2.41526 ], [ -61.29313, 2.44125 ], [ -61.28325, 2.45152 ], [ -61.25733, 2.46734 ], [ -61.24826, 2.478 ], [ -61.23161, 2.48551 ], [ -61.23892, 2.49769 ], [ -61.25181, 2.50713 ], [ -61.25445, 2.51434 ], [ -61.2446, 2.52967 ], [ -61.24006, 2.5459 ], [ -61.13654, 2.53432 ], [ -61.1313, 2.5711 ], [ -61.124, 2.5663 ], [ -61.1058, 2.567 ], [ -61.094, 2.5865 ], [ -61.0781, 2.5999 ], [ -61.0547, 2.6113 ], [ -61.0508, 2.6171 ], [ -61.0342, 2.6226 ], [ -61.0265, 2.631 ], [ -61.0198, 2.6454 ], [ -61.0155, 2.6661 ], [ -60.9973, 2.663 ], [ -60.9869, 2.6561 ], [ -60.9839, 2.6501 ], [ -60.9775, 2.6479 ], [ -60.9724, 2.6507 ], [ -60.9732, 2.6635 ], [ -60.96913, 2.66417 ], [ -60.9619, 2.64629 ], [ -60.95773, 2.64518 ], [ -60.94662, 2.65185 ], [ -60.94023, 2.6499 ], [ -60.91967, 2.63185 ], [ -60.91496, 2.6199 ], [ -60.91246, 2.59657 ], [ -60.91718, 2.57324 ], [ -60.91551, 2.56519 ], [ -60.92746, 2.56407 ], [ -60.92745, 2.54963 ], [ -60.9507, 2.5123 ], [ -60.9721, 2.5061 ], [ -60.9841, 2.4943 ], [ -60.9943, 2.4918 ], [ -61.00192, 2.4851 ], [ -60.98943, 2.49269 ], [ -60.97474, 2.43721 ], [ -60.978, 2.4377 ], [ -60.97393, 2.43395 ], [ -60.9562, 2.43121 ], [ -60.93967, 2.43643 ], [ -60.94321, 2.43144 ], [ -60.91866, 2.4303 ], [ -60.9172, 2.43778 ], [ -60.92029, 2.43038 ], [ -60.91719, 2.44329 ], [ -60.90824, 2.4433 ], [ -60.90816, 2.44885 ], [ -60.90381, 2.44898 ], [ -60.90392, 2.45867 ], [ -60.91655, 2.45973 ], [ -60.91692, 2.46972 ], [ -60.9069, 2.46602 ], [ -60.89885, 2.47629 ], [ -60.8844, 2.47157 ], [ -60.86996, 2.46212 ], [ -60.85773, 2.44852 ], [ -60.85801, 2.44157 ], [ -60.86829, 2.43713 ], [ -60.86829, 2.43463 ], [ -60.84856, 2.42824 ], [ -60.83958, 2.43335 ], [ -60.83988, 2.43505 ], [ -60.83662, 2.43768 ], [ -60.82801, 2.45546 ], [ -60.82217, 2.51907 ], [ -60.8244, 2.54685 ], [ -60.81662, 2.56546 ], [ -60.76884, 2.65268 ], [ -60.72023, 2.70796 ], [ -60.69467, 2.72823 ], [ -60.67412, 2.77657 ], [ -60.67107, 2.79907 ], [ -60.6494, 2.8349 ], [ -60.63301, 2.84601 ], [ -60.60856, 2.8538 ], [ -60.56829, 2.88491 ], [ -60.56468, 2.88423 ], [ -60.56215, 2.87991 ], [ -60.56196, 2.87629 ], [ -60.56462, 2.87278 ], [ -60.57667, 2.86329 ], [ -60.58343, 2.86084 ], [ -60.5878, 2.855 ], [ -60.60425, 2.8488 ], [ -60.60752, 2.84533 ], [ -60.62226, 2.83601 ], [ -60.62974, 2.83564 ], [ -60.63315, 2.83411 ], [ -60.63766, 2.83397 ], [ -60.64974, 2.81998 ], [ -60.6609, 2.80054 ], [ -60.66619, 2.79549 ], [ -60.67414, 2.76712 ], [ -60.68172, 2.75649 ], [ -60.68322, 2.74495 ], [ -60.6925, 2.72717 ], [ -60.72532, 2.69549 ], [ -60.74144, 2.67106 ], [ -60.7693, 2.64586 ], [ -60.77694, 2.63216 ], [ -60.78055, 2.61316 ], [ -60.80762, 2.57779 ], [ -60.81216, 2.55246 ], [ -60.80978, 2.52796 ], [ -60.82264, 2.50034 ], [ -60.8233, 2.46541 ], [ -60.82944, 2.4478 ], [ -60.83216, 2.42283 ], [ -60.84304, 2.40419 ], [ -60.84249, 2.38419 ], [ -60.8332, 2.36906 ], [ -60.83111, 2.35739 ], [ -60.83811, 2.33204 ], [ -60.83832, 2.31745 ], [ -60.84643, 2.30515 ], [ -60.86259, 2.29721 ], [ -60.8732, 2.28789 ], [ -60.88578, 2.28436 ], [ -60.90167, 2.24494 ], [ -60.94854, 2.18887 ], [ -60.96003, 2.18247 ], [ -60.97891, 2.16041 ], [ -61.00925, 2.14136 ], [ -61.02271, 2.10949 ], [ -61.03602, 2.09248 ], [ -61.04512, 2.07437 ], [ -61.04547, 2.05194 ], [ -61.03504, 2.02097 ], [ -61.01692, 2.0022 ], [ -61.01789, 1.99091 ], [ -61.01316, 1.98042 ], [ -60.99362, 1.95631 ], [ -60.98351, 1.95472 ], [ -60.9754, 1.94937 ], [ -60.97813, 1.94579 ], [ -60.99795, 1.95799 ], [ -61.01857, 1.97811 ], [ -61.02212, 1.99963 ], [ -61.03254, 2.00822 ], [ -61.0374, 2.0251 ], [ -61.04532, 2.03584 ], [ -61.05299, 2.06294 ], [ -61.04123, 2.09975 ], [ -61.01055, 2.15063 ], [ -60.95712, 2.19434 ], [ -60.93827, 2.21528 ], [ -60.90968, 2.23565 ], [ -60.93871, 2.21611 ], [ -60.95402, 2.23722 ] ], [ [ -60.89554, 2.42425 ], [ -60.89415, 2.42455 ], [ -60.89688, 2.42518 ], [ -60.89554, 2.42425 ] ], [ [ -60.8389, 2.42761 ], [ -60.83867, 2.42812 ], [ -60.83901, 2.43009 ], [ -60.8389, 2.42761 ] ], [ [ -61.29605, 2.29141 ], [ -61.28303, 2.29328 ], [ -61.27102, 2.29817 ], [ -61.29605, 2.29141 ] ], [ [ -61.25849, 2.30327 ], [ -61.24786, 2.30759 ], [ -61.24868, 2.30962 ], [ -61.25849, 2.30327 ] ], [ [ -61.20029, 2.33311 ], [ -61.16746, 2.34138 ], [ -61.19994, 2.33334 ], [ -61.20029, 2.33311 ] ], [ [ -61.0034, 2.4842 ], [ -61.00293, 2.48448 ], [ -61.0304, 2.4831 ], [ -61.0034, 2.4842 ] ], [ [ -60.60424, 2.84906 ], [ -60.58782, 2.85521 ], [ -60.58343, 2.86112 ], [ -60.56513, 2.87268 ], [ -60.56281, 2.88003 ], [ -60.57823, 2.87235 ], [ -60.60884, 2.84742 ], [ -60.63649, 2.83939 ], [ -60.64498, 2.8316 ], [ -60.64428, 2.8273 ], [ -60.63847, 2.83431 ], [ -60.62937, 2.83615 ], [ -60.6228, 2.83619 ], [ -60.60424, 2.84906 ] ], [ [ -60.65492, 2.81375 ], [ -60.64532, 2.82551 ], [ -60.64607, 2.83074 ], [ -60.65404, 2.8216 ], [ -60.65492, 2.81375 ] ], [ [ -60.66686, 2.79705 ], [ -60.66076, 2.80343 ], [ -60.6569, 2.81664 ], [ -60.66262, 2.80879 ], [ -60.66686, 2.79705 ] ], [ [ -60.74564, 2.67126 ], [ -60.74192, 2.67331 ], [ -60.73931, 2.67738 ], [ -60.74284, 2.67605 ], [ -60.74564, 2.67126 ] ], [ [ -60.79125, 2.60417 ], [ -60.78716, 2.60803 ], [ -60.78462, 2.61271 ], [ -60.78733, 2.61205 ], [ -60.79125, 2.60417 ] ], [ [ -60.81646, 2.55448 ], [ -60.82346, 2.54795 ], [ -60.81898, 2.53085 ], [ -60.82139, 2.51476 ], [ -60.81387, 2.52729 ], [ -60.81646, 2.55448 ] ] ], [ [ [ -61.46408, 2.59481 ], [ -61.45568, 2.59287 ], [ -61.465, 2.59528 ], [ -61.51683, 2.63368 ], [ -61.55655, 2.66793 ], [ -61.5237, 2.681 ], [ -61.5034, 2.681 ], [ -61.5022, 2.6848 ], [ -61.4905, 2.6813 ], [ -61.4849, 2.6927 ], [ -61.4796, 2.6947 ], [ -61.4758, 2.6911 ], [ -61.4746, 2.697 ], [ -61.4683, 2.6957 ], [ -61.443, 2.7078 ], [ -61.4378, 2.7042 ], [ -61.4245, 2.7086 ], [ -61.4142, 2.7063 ], [ -61.39875, 2.70888 ], [ -61.3884, 2.7095 ], [ -61.3804, 2.7011 ], [ -61.3758, 2.7048 ], [ -61.3606, 2.7059 ], [ -61.3628, 2.6996 ], [ -61.3535, 2.6962 ], [ -61.3511, 2.6866 ], [ -61.3463, 2.6898 ], [ -61.3336, 2.6875 ], [ -61.3312, 2.6826 ], [ -61.3245, 2.6895 ], [ -61.322, 2.7004 ], [ -61.3124, 2.7034 ], [ -61.3083, 2.6998 ], [ -61.3085, 2.6948 ], [ -61.3059, 2.6992 ], [ -61.3034, 2.6979 ], [ -61.28968, 2.6574 ], [ -61.2844, 2.65962 ], [ -61.27748, 2.67003 ], [ -61.27049, 2.6716 ], [ -61.25329, 2.66741 ], [ -61.24274, 2.65212 ], [ -61.23763, 2.65058 ], [ -61.24396, 2.60395 ], [ -61.24006, 2.5459 ], [ -61.30291, 2.55187 ], [ -61.30247, 2.55714 ], [ -61.31187, 2.55855 ], [ -61.31132, 2.55277 ], [ -61.37226, 2.56122 ], [ -61.40081, 2.54361 ], [ -61.42277, 2.55384 ], [ -61.43013, 2.56923 ], [ -61.45739, 2.5898 ], [ -61.45842, 2.58674 ], [ -61.46517, 2.59206 ], [ -61.46408, 2.59481 ] ] ], [ [ [ -60.91861, 2.44708 ], [ -60.91882, 2.44009 ], [ -60.92088, 2.44012 ], [ -60.92069, 2.44712 ], [ -60.91861, 2.44708 ] ] ] ] } },
{ "type": "Feature", "properties": { "cluster": 408.0, "hvi": 0.1943, "population": 0, "setores": 1, "municipio": "Mucajaí" }, "geometry": { "type": "Polygon", "coordinates": [ [ [ -62.90583, 2.75865 ], [ -62.90742, 2.75741 ], [ -62.90732, 2.75915 ], [ -62.90583, 2.75865 ] ] ] } },
{ "type": "Feature", "properties": { "cluster": 409.0, "hvi": 0.1193, "population": 62, "setores": 1, "municipio": "Mucajaí" }, "geometry": { "type": "Polygon", "coordinates": [ [ [ -62.90282, 2.75432 ], [ -62.90431, 2.75226 ], [ -62.90431, 2.75432 ], [ -62.90282, 2.75432 ] ] ] } },
{ "type": "Feature", "properties": { "cluster": 410.0, "hvi": 0.1197, "population": 42, "setores": 1, "municipio": "Mucajaí" }, "geometry": { "type": "Polygon", "coordinates": [ [ [ -62.94151, 2.69772 ], [ -62.94341, 2.69614 ], [ -62.94345, 2.69767 ], [ -62.94151, 2.69772 ] ] ] } },
{ "type": "Feature", "properties": { "cluster": 411.0, "hvi": 0.1352, "population": 816, "setores": 2, "municipio": "Mucajaí" }, "geometry": { "type": "Polygon", "coordinates": [ [ [ -61.47729, 2.80659 ], [ -61.47938, 2.80342 ], [ -61.48625, 2.80679 ], [ -61.48525, 2.80879 ], [ -61.48832, 2.81099 ], [ -61.48615, 2.81455 ], [ -61.47729, 2.80659 ] ] ] } },
{ "type": "Feature", "properties": { "cluster": 412.0, "hvi": 0.1276, "population": 274, "setores": 1, "municipio": "Mucajaí" }, "geometry": { "type": "Polygon", "coordinates": [ [ [ -61.5801, 2.719 ], [ -61.584, 2.71696 ], [ -61.587, 2.72209 ], [ -61.58335, 2.72432 ], [ -61.5801, 2.719 ] ] ] } },
{ "type": "Feature", "properties": { "cluster": 413.0, "hvi": 0.1187, "population": 34, "setores": 1, "municipio": "Mucajaí" }, "geometry": { "type": "Polygon", "coordinates": [ [ [ -62.91299, 2.70552 ], [ -62.91714, 2.70552 ], [ -62.91714, 2.70861 ], [ -62.91299, 2.70861 ], [ -62.91299, 2.70552 ] ] ] } },
{ "type": "Feature", "properties": { "cluster": 414.0, "hvi": 0.1452, "population": 2160, "setores": 17, "municipio": "Iracema" }, "geometry": { "type": "Polygon", "coordinates": [ [ [ -62.3087, 2.13923 ], [ -62.2806, 2.1053 ], [ -62.2748, 2.0734 ], [ -62.2635, 2.071 ], [ -62.2602, 2.0601 ], [ -62.2511, 2.0519 ], [ -62.2535, 2.0401 ], [ -62.2512, 2.0326 ], [ -62.2461, 2.0284 ], [ -62.2344, 1.982 ], [ -62.239, 1.9664 ], [ -62.24042, 1.94297 ], [ -62.371, 1.8985 ], [ -62.3837, 1.8999 ], [ -62.3934, 1.8954 ], [ -62.4038, 1.8971 ], [ -62.4099, 1.9026 ], [ -62.4262, 1.8954 ], [ -62.4409, 1.8986 ], [ -62.4517, 1.8968 ], [ -62.4683, 1.9021 ], [ -62.4836, 1.9017 ], [ -62.49, 1.9068 ], [ -62.5075, 1.9115 ], [ -62.5199, 1.9058 ], [ -62.5337, 1.9058 ], [ -62.5409, 1.9018 ], [ -62.5674, 1.9088 ], [ -62.5722, 1.9183 ], [ -62.5727, 1.9351 ], [ -62.5701, 1.9468 ], [ -62.5532, 1.97504 ], [ -62.55694, 1.9972 ], [ -62.81215, 1.99123 ], [ -62.82888, 2.01331 ], [ -62.83857, 2.01639 ], [ -62.94848, 2.03104 ], [ -62.98043, 2.01793 ], [ -63.02378, 2.01468 ], [ -63.07086, 2.03999 ], [ -63.08554, 2.06144 ], [ -63.10724, 2.07934 ], [ -63.12412, 2.10499 ], [ -63.13856, 2.14277 ], [ -63.13759, 2.16106 ], [ -63.14634, 2.17326 ], [ -63.1586, 2.17429 ], [ -63.16546, 2.18031 ], [ -63.19413, 2.18121 ], [ -63.27635, 2.15439 ], [ -63.28906, 2.15668 ], [ -63.31079, 2.165 ], [ -63.35979, 2.1971 ], [ -63.37567, 2.21493 ], [ -63.37653, 2.22374 ], [ -63.381, 2.22753 ], [ -63.37835, 2.23238 ], [ -63.35785, 2.23355 ], [ -63.29162, 2.26802 ], [ -63.27513, 2.26298 ], [ -63.26826, 2.26618 ], [ -63.21603, 2.27214 ], [ -63.18947, 2.28176 ], [ -63.17664, 2.27443 ], [ -63.16198, 2.27626 ], [ -63.11892, 2.29367 ], [ -63.11113, 2.30512 ], [ -63.1038, 2.33444 ], [ -63.0899, 2.3546 ], [ -63.0915, 2.3576 ], [ -63.0823, 2.3607 ], [ -63.0793, 2.365 ], [ -63.081, 2.3676 ], [ -63.076, 2.3666 ], [ -63.074, 2.3695 ], [ -63.0731, 2.3656 ], [ -63.0695, 2.3718 ], [ -63.0572, 2.3708 ], [ -63.0543, 2.378 ], [ -63.0493, 2.378 ], [ -63.0492, 2.3809 ], [ -63.0365, 2.37615 ], [ -63.04151, 2.36465 ], [ -63.03458, 2.37751 ], [ -63.041, 2.3784 ], [ -63.0455, 2.3902 ], [ -63.0417, 2.3983 ], [ -63.0437, 2.4063 ], [ -63.0402, 2.4205 ], [ -63.0439, 2.4423 ], [ -63.0499, 2.447 ], [ -63.0504, 2.4544 ], [ -63.0613, 2.4612 ], [ -63.0599, 2.4672 ], [ -63.082, 2.4613 ], [ -63.0723, 2.4743 ], [ -63.0735, 2.4826 ], [ -63.0648, 2.503 ], [ -63.0523, 2.5172 ], [ -63.0495, 2.5249 ], [ -63.0539, 2.5354 ], [ -63.0613, 2.5385 ], [ -63.0595, 2.5429 ], [ -63.0692, 2.5458 ], [ -63.0725, 2.5513 ], [ -63.0718, 2.5759 ], [ -63.0683, 2.5812 ], [ -63.0703, 2.591 ], [ -63.0646, 2.593 ], [ -63.0599, 2.599 ], [ -63.0615, 2.601 ], [ -63.0529, 2.6066 ], [ -63.0477, 2.6181 ], [ -63.0439, 2.6178 ], [ -63.0384, 2.6253 ], [ -63.0338, 2.625 ], [ -63.0356, 2.631 ], [ -63.033, 2.6358 ], [ -63.0363, 2.6379 ], [ -63.0282, 2.6438 ], [ -63.0328, 2.6615 ], [ -63.0199, 2.6666 ], [ -63.0219, 2.67 ], [ -63.0158, 2.6699 ], [ -63.0117, 2.6784 ], [ -63.005, 2.6781 ], [ -63.0044, 2.6878 ], [ -63.0012, 2.6846 ], [ -62.998, 2.6859 ], [ -63.0007, 2.6768 ], [ -62.9963, 2.6768 ], [ -62.9965, 2.6733 ], [ -62.9917, 2.6722 ], [ -62.9885, 2.6726 ], [ -62.988, 2.677 ], [ -62.9787, 2.6795 ], [ -62.9698, 2.6895 ], [ -62.95491, 2.66916 ], [ -62.89058, 2.71168 ], [ -62.88379, 2.76191 ], [ -62.8675, 2.7521 ], [ -62.8694, 2.7553 ], [ -62.8598, 2.7728 ], [ -62.86, 2.7789 ], [ -62.85637, 2.78088 ], [ -62.85312, 2.77817 ], [ -62.85218, 2.76674 ], [ -62.8452, 2.76542 ], [ -62.84083, 2.754 ], [ -62.83313, 2.75161 ], [ -62.83216, 2.75478 ], [ -62.81944, 2.74373 ], [ -62.81714, 2.74516 ], [ -62.80479, 2.73075 ], [ -62.80411, 2.72334 ], [ -62.76492, 2.7298 ], [ -62.75319, 2.72 ], [ -62.74121, 2.72273 ], [ -62.72782, 2.71388 ], [ -62.71782, 2.71357 ], [ -62.707, 2.7019 ], [ -62.70471, 2.69357 ], [ -62.69674, 2.69532 ], [ -62.69603, 2.66961 ], [ -62.41058, 2.75445 ], [ -62.18271, 2.72214 ], [ -62.18539, 2.74834 ], [ -62.13915, 2.7477 ], [ -62.13222, 2.74386 ], [ -62.10479, 2.74568 ], [ -62.10496, 2.69955 ], [ -61.92503, 2.65998 ], [ -61.92478, 2.70654 ], [ -61.92128, 2.70516 ], [ -61.91385, 2.69157 ], [ -61.90127, 2.69442 ], [ -61.89302, 2.6899 ], [ -61.88369, 2.69723 ], [ -61.86869, 2.68313 ], [ -61.85978, 2.68405 ], [ -61.8355, 2.69608 ], [ -61.79284, 2.63286 ], [ -61.80855, 2.55659 ], [ -61.79669, 2.54454 ], [ -61.78169, 2.53548 ], [ -61.76162, 2.50782 ], [ -61.7515, 2.5066 ], [ -61.7555, 2.5004 ], [ -61.7512, 2.5068 ], [ -61.7431, 2.5058 ], [ -61.7349, 2.5095 ], [ -61.7343, 2.5147 ], [ -61.7276, 2.5189 ], [ -61.7254, 2.5261 ], [ -61.7104, 2.5315 ], [ -61.7012, 2.5287 ], [ -61.6979, 2.5361 ], [ -61.6906, 2.538 ], [ -61.6889, 2.5419 ], [ -61.6813, 2.5416 ], [ -61.668, 2.5566 ], [ -61.6606, 2.571 ], [ -61.6618, 2.5767 ], [ -61.6407, 2.5911 ], [ -61.6404, 2.6017 ], [ -61.6331, 2.6094 ], [ -61.6349, 2.6167 ], [ -61.6324, 2.6206 ], [ -61.6169, 2.6135 ], [ -61.6219, 2.6166 ], [ -61.6201, 2.623 ], [ -61.6146, 2.6196 ], [ -61.6074, 2.62 ], [ -61.6038, 2.636 ], [ -61.5936, 2.6398 ], [ -61.5875, 2.6526 ], [ -61.55655, 2.66793 ], [ -61.51683, 2.63368 ], [ -61.46408, 2.59481 ], [ -61.46517, 2.59206 ], [ -61.45842, 2.58674 ], [ -61.45739, 2.5898 ], [ -61.43013, 2.56923 ], [ -61.42277, 2.55384 ], [ -61.40081, 2.54361 ], [ -61.3716, 2.56127 ], [ -61.31568, 2.55437 ], [ -61.31205, 2.55304 ], [ -61.31187, 2.55855 ], [ -61.30247, 2.55714 ], [ -61.30329, 2.54832 ], [ -61.30291, 2.55187 ], [ -61.24006, 2.5459 ], [ -61.2446, 2.52967 ], [ -61.25445, 2.51434 ], [ -61.25181, 2.50713 ], [ -61.23892, 2.49769 ], [ -61.23161, 2.48551 ], [ -61.24826, 2.478 ], [ -61.25733, 2.46734 ], [ -61.28325, 2.45152 ], [ -61.29313, 2.44125 ], [ -61.30765, 2.41526 ], [ -61.32582, 2.40663 ], [ -61.33749, 2.39475 ], [ -61.34145, 2.38084 ], [ -61.35662, 2.36804 ], [ -61.37861, 2.36179 ], [ -61.3814, 2.35524 ], [ -61.39629, 2.38718 ], [ -61.41155, 2.40909 ], [ -61.50789, 2.45017 ], [ -61.57774, 2.44694 ], [ -61.62362, 2.453 ], [ -61.72102, 2.43683 ], [ -61.77645, 2.40296 ], [ -61.81106, 2.35395 ], [ -61.8368, 2.34126 ], [ -61.84053, 2.33517 ], [ -61.84034, 2.32526 ], [ -61.85044, 2.32428 ], [ -61.87071, 2.30125 ], [ -61.8953, 2.29544 ], [ -61.91743, 2.27067 ], [ -61.93149, 2.26041 ], [ -61.98545, 2.24027 ], [ -62.00217, 2.23039 ], [ -62.03106, 2.22162 ], [ -62.07316, 2.22165 ], [ -62.1394, 2.23822 ], [ -62.1419, 2.2349 ], [ -62.1489, 2.2343 ], [ -62.1513, 2.2262 ], [ -62.1574, 2.2221 ], [ -62.1739, 2.2248 ], [ -62.1832, 2.2219 ], [ -62.1978, 2.2231 ], [ -62.2127, 2.2167 ], [ -62.2191, 2.2193 ], [ -62.2525, 2.2158 ], [ -62.2584, 2.2097 ], [ -62.2752, 2.202 ], [ -62.2908, 2.2051 ], [ -62.3004, 2.1915 ], [ -62.30549, 2.18976 ], [ -62.3, 2.17 ], [ -62.3253, 2.1633 ], [ -62.3168, 2.1608 ], [ -62.3155, 2.1509 ], [ -62.3087, 2.13923 ] ], [ [ -61.76383, 2.50239 ], [ -61.7645, 2.5008 ], [ -61.7555, 2.5004 ], [ -61.76383, 2.50239 ] ], [ [ -61.76653, 2.50291 ], [ -61.76602, 2.50291 ], [ -61.76719, 2.50319 ], [ -61.76901, 2.50109 ], [ -61.7645, 2.5008 ], [ -61.76653, 2.50291 ] ], [ [ -61.799, 2.4916 ], [ -61.80011, 2.48874 ], [ -61.7966, 2.4918 ], [ -61.79585, 2.49036 ], [ -61.7689, 2.51747 ], [ -61.7958, 2.49235 ], [ -61.799, 2.4916 ] ], [ [ -63.02877, 2.37657 ], [ -63.0287, 2.3767 ], [ -63.03413, 2.37745 ], [ -63.0342, 2.3756 ], [ -63.02877, 2.37657 ] ], [ [ -63.0271, 2.3711 ], [ -63.0294, 2.37294 ], [ -63.0296, 2.372 ], [ -63.0271, 2.3711 ] ], [ [ -61.9594, 2.4982 ], [ -61.976, 2.4988 ], [ -61.95901, 2.49781 ], [ -61.9594, 2.4982 ] ], [ [ -61.9411, 2.4904 ], [ -61.9518, 2.4907 ], [ -61.93825, 2.48794 ], [ -61.9411, 2.4904 ] ], [ [ -61.9056, 2.465 ], [ -61.90647, 2.46521 ], [ -61.90379, 2.46303 ], [ -61.9056, 2.465 ] ], [ [ -61.86283, 2.44763 ], [ -61.8641, 2.4463 ], [ -61.8723, 2.4443 ], [ -61.8615, 2.4449 ], [ -61.86283, 2.44763 ] ], [ [ -61.8644, 2.4391 ], [ -61.86447, 2.43938 ], [ -61.86466, 2.43903 ], [ -61.8644, 2.4391 ] ], [ [ -61.8741, 2.4231 ], [ -61.8747, 2.4313 ], [ -61.87451, 2.42269 ], [ -61.8741, 2.4231 ] ], [ [ -61.8926, 2.3908 ], [ -61.89245, 2.39105 ], [ -61.9045, 2.3873 ], [ -61.8926, 2.3908 ] ], [ [ -61.9488, 2.3721 ], [ -61.9377, 2.3738 ], [ -61.95082, 2.37235 ], [ -61.9488, 2.3721 ] ], [ [ -61.95113, 2.3748 ], [ -61.9528, 2.3726 ], [ -61.95203, 2.3725 ], [ -61.95113, 2.3748 ] ], [ [ -63.0151, 2.3704 ], [ -63.0122, 2.3675 ], [ -63.01205, 2.36754 ], [ -63.0151, 2.3704 ] ], [ [ -63.00484, 2.372 ], [ -63.01184, 2.3676 ], [ -63.0057, 2.3693 ], [ -63.00484, 2.372 ] ], [ [ -63.00242, 2.37352 ], [ -62.996, 2.3707 ], [ -63.0015, 2.3741 ], [ -63.00242, 2.37352 ] ], [ [ -62.98162, 2.37011 ], [ -62.9761, 2.3667 ], [ -62.9788, 2.37 ], [ -62.98162, 2.37011 ] ], [ [ -62.86512, 2.31626 ], [ -62.8613, 2.3107 ], [ -62.85882, 2.30996 ], [ -62.8631, 2.3167 ], [ -62.86512, 2.31626 ] ], [ [ -62.83425, 2.30389 ], [ -62.8344, 2.3041 ], [ -62.838, 2.3029 ], [ -62.83425, 2.30389 ] ], [ [ -62.55973, 2.12675 ], [ -62.55891, 2.12974 ], [ -62.56128, 2.12997 ], [ -62.55973, 2.12675 ] ], [ [ -62.54945, 2.12815 ], [ -62.5494, 2.1288 ], [ -62.55173, 2.12903 ], [ -62.54945, 2.12815 ] ], [ [ -62.5518, 2.1201 ], [ -62.5508, 2.1107 ], [ -62.54964, 2.12572 ], [ -62.5518, 2.1201 ] ], [ [ -62.31182, 2.18957 ], [ -62.3254, 2.191 ], [ -62.3326, 2.1888 ], [ -62.31182, 2.18957 ] ], [ [ -62.58778, 2.10379 ], [ -62.55164, 2.02401 ], [ -62.58702, 2.10414 ], [ -62.58778, 2.10379 ] ], [ [ -62.35434, 2.04123 ], [ -62.35499, 2.04227 ], [ -62.35536, 2.04073 ], [ -62.35434, 2.04123 ] ], [ [ -62.35719, 2.0885 ], [ -62.35917, 2.08901 ], [ -62.35796, 2.08707 ], [ -62.35719, 2.0885 ] ], [ [ -62.92276, 2.3311 ], [ -62.92234, 2.33132 ], [ -62.92296, 2.33145 ], [ -62.92276, 2.3311 ] ], [ [ -62.94608, 2.36138 ], [ -62.94583, 2.36232 ], [ -62.94693, 2.36184 ], [ -62.94608, 2.36138 ] ], [ [ -62.96029, 2.36548 ], [ -62.95919, 2.36705 ], [ -62.96087, 2.36607 ], [ -62.96029, 2.36548 ] ], [ [ -62.97957, 2.3659 ], [ -62.97926, 2.3669 ], [ -62.98058, 2.3662 ], [ -62.97957, 2.3659 ] ], [ [ -62.99881, 2.36793 ], [ -62.99764, 2.36757 ], [ -62.99769, 2.37128 ], [ -62.99881, 2.36793 ] ], [ [ -63.008, 2.36743 ], [ -63.0079, 2.36771 ], [ -63.00827, 2.3675 ], [ -63.008, 2.36743 ] ], [ [ -63.01898, 2.32861 ], [ -63.01181, 2.33658 ], [ -63.00805, 2.34227 ], [ -63.00989, 2.3434 ], [ -63.02105, 2.33049 ], [ -63.01898, 2.32861 ] ], [ [ -62.97668, 2.37149 ], [ -62.9773, 2.37262 ], [ -62.97721, 2.37204 ], [ -62.97668, 2.37149 ] ], [ [ -62.97583, 2.36995 ], [ -62.97677, 2.3691 ], [ -62.97571, 2.36974 ], [ -62.97583, 2.36995 ] ], [ [ -63.01886, 2.37859 ], [ -63.02473, 2.37738 ], [ -63.00222, 2.38137 ], [ -63.01886, 2.37859 ] ], [ [ -61.5943, 2.4646 ], [ -61.5961, 2.4593 ], [ -61.59561, 2.45891 ], [ -61.5943, 2.4646 ] ], [ [ -61.59439, 2.45794 ], [ -61.5887, 2.4534 ], [ -61.5794, 2.4515 ], [ -61.59439, 2.45794 ] ], [ [ -61.8019, 2.4922 ], [ -61.8005, 2.4884 ], [ -61.80025, 2.48862 ], [ -61.8019, 2.4922 ] ], [ [ -61.79556, 2.49292 ], [ -61.79614, 2.49312 ], [ -61.79591, 2.49244 ], [ -61.79556, 2.49292 ] ], [ [ -61.80085, 2.49369 ], [ -61.80092, 2.49438 ], [ -61.80172, 2.49363 ], [ -61.80085, 2.49369 ] ], [ [ -61.80991, 2.49248 ], [ -61.81116, 2.49197 ], [ -61.80966, 2.49162 ], [ -61.80991, 2.49248 ] ], [ [ -61.90202, 2.694 ], [ -61.9024, 2.694 ], [ -61.90208, 2.69344 ], [ -61.90202, 2.694 ] ], [ [ -62.93653, 2.4055 ], [ -62.93636, 2.40749 ], [ -62.9384, 2.40573 ], [ -62.93653, 2.4055 ] ], [ [ -61.46314, 2.47015 ], [ -61.46101, 2.47156 ], [ -61.4592, 2.48697 ], [ -61.46314, 2.47015 ] ], [ [ -61.76888, 2.49729 ], [ -61.76909, 2.49772 ], [ -61.76932, 2.49707 ], [ -61.76888, 2.49729 ] ], [ [ -61.79269, 2.49182 ], [ -61.7931, 2.49238 ], [ -61.79327, 2.49148 ], [ -61.79269, 2.49182 ] ] ] } },
{ "type": "Feature", "properties": { "cluster": 415.0, "hvi": 0.1943, "population": 0, "setores": 2, "municipio": "Alto Alegre" }, "geometry": { "type": "Polygon", "coordinates": [ [ [ -61.92503, 2.65998 ], [ -62.10496, 2.69955 ], [ -62.10479, 2.74568 ], [ -62.08338, 2.74573 ], [ -62.09879, 2.74666 ], [ -62.09169, 2.79235 ], [ -61.91547, 2.76297 ], [ -61.92478, 2.70654 ], [ -61.92503, 2.65998 ] ], [ [ -62.01542, 2.74293 ], [ -62.01466, 2.74461 ], [ -62.01712, 2.74414 ], [ -62.01542, 2.74293 ] ], [ [ -62.01877, 2.73529 ], [ -62.01829, 2.73366 ], [ -62.01583, 2.73384 ], [ -62.01877, 2.73529 ] ], [ [ -62.08282, 2.74582 ], [ -62.07999, 2.74566 ], [ -62.08004, 2.7477 ], [ -62.08282, 2.74582 ] ] ] } },
{ "type": "Feature", "properties": { "cluster": 416.0, "hvi": 0.1214, "population": 128, "setores": 1, "municipio": "Mucajaí" }, "geometry": { "type": "Polygon", "coordinates": [ [ [ -61.24777, 2.30735 ], [ -61.25228, 2.30525 ], [ -61.25291, 2.30664 ], [ -61.24868, 2.30962 ], [ -61.24777, 2.30735 ] ] ] } },
{ "type": "Feature", "properties": { "cluster": 417.0, "hvi": 0.1179, "population": 36, "setores": 1, "municipio": "Mucajaí" }, "geometry": { "type": "Polygon", "coordinates": [ [ [ -62.21593, 2.75523 ], [ -62.21714, 2.75579 ], [ -62.21637, 2.75604 ], [ -62.21593, 2.75523 ] ] ] } },
{ "type": "Feature", "properties": { "cluster": 418.0, "hvi": 0.1943, "population": 0, "setores": 1, "municipio": "Mucajaí" }, "geometry": { "type": "Polygon", "coordinates": [ [ [ -61.7936, 2.49165 ], [ -61.79276, 2.49219 ], [ -61.7929, 2.49153 ], [ -61.7936, 2.49165 ] ] ] } },
{ "type": "Feature", "properties": { "cluster": 419.0, "hvi": 0.119, "population": 35, "setores": 1, "municipio": "Mucajaí" }, "geometry": { "type": "Polygon", "coordinates": [ [ [ -61.76953, 2.49723 ], [ -61.76889, 2.49756 ], [ -61.769, 2.4971 ], [ -61.76953, 2.49723 ] ] ] } },
{ "type": "Feature", "properties": { "cluster": 420.0, "hvi": 0.1943, "population": 0, "setores": 1, "municipio": "Mucajaí" }, "geometry": { "type": "Polygon", "coordinates": [ [ [ -61.80172, 2.49363 ], [ -61.80092, 2.49438 ], [ -61.80085, 2.49369 ], [ -61.80172, 2.49363 ] ] ] } },
{ "type": "Feature", "properties": { "cluster": 421.0, "hvi": 0.1163, "population": 26, "setores": 1, "municipio": "Mucajaí" }, "geometry": { "type": "Polygon", "coordinates": [ [ [ -61.79591, 2.49244 ], [ -61.79614, 2.49312 ], [ -61.79556, 2.49292 ], [ -61.79591, 2.49244 ] ] ] } },
{ "type": "Feature", "properties": { "cluster": 422.0, "hvi": 0.1263, "population": 2955, "setores": 3, "municipio": "Normandia" }, "geometry": { "type": "MultiPolygon", "coordinates": [ [ [ [ -59.61128, 3.87832 ], [ -59.61185, 3.86431 ], [ -59.6216, 3.87123 ], [ -59.62894, 3.87196 ], [ -59.62888, 3.88203 ], [ -59.61638, 3.8832 ], [ -59.61128, 3.87832 ] ] ], [ [ [ -59.63964, 3.87692 ], [ -59.62888, 3.88203 ], [ -59.62902, 3.87424 ], [ -59.63769, 3.873 ], [ -59.63964, 3.87692 ] ] ], [ [ [ -59.64013, 3.87675 ], [ -59.64005, 3.88996 ], [ -59.62888, 3.88694 ], [ -59.62888, 3.88203 ], [ -59.64013, 3.87675 ] ] ] ] } },
{ "type": "Feature", "properties": { "cluster": 423.0, "hvi": 0.0972, "population": 871, "setores": 2, "municipio": "Normandia" }, "geometry": { "type": "Polygon", "coordinates": [ [ [ -60.09828, 3.82547 ], [ -60.08675, 3.8258 ], [ -60.08009, 3.81735 ], [ -60.08155, 3.80776 ], [ -60.08918, 3.80192 ], [ -60.10007, 3.80419 ], [ -60.1043, 3.81173 ], [ -60.11047, 3.81212 ], [ -60.10955, 3.82275 ], [ -60.10125, 3.8225 ], [ -60.09828, 3.82547 ] ] ] } },
{ "type": "Feature", "properties": { "cluster": 424.0, "hvi": 0.0916, "population": 328, "setores": 1, "municipio": "Normandia" }, "geometry": { "type": "Polygon", "coordinates": [ [ [ -60.18385, 3.83842 ], [ -60.19499, 3.84155 ], [ -60.19957, 3.84966 ], [ -60.19741, 3.85996 ], [ -60.19064, 3.86524 ], [ -60.1784, 3.86344 ], [ -60.17219, 3.85378 ], [ -60.17367, 3.84533 ], [ -60.18385, 3.83842 ] ] ] } },
{ "type": "Feature", "properties": { "cluster": 425.0, "hvi": 0.0888, "population": 682, "setores": 3, "municipio": "Normandia" }, "geometry": { "type": "Polygon", "coordinates": [ [ [ -59.58585, 3.85704 ], [ -59.58957, 3.85236 ], [ -59.58548, 3.84037 ], [ -59.5871, 3.83529 ], [ -59.5782, 3.83256 ], [ -59.57831, 3.81626 ], [ -59.58122, 3.81599 ], [ -59.58464, 3.82343 ], [ -59.59161, 3.81484 ], [ -59.59824, 3.81499 ], [ -59.5939, 3.80626 ], [ -59.59707, 3.79382 ], [ -59.60404, 3.79684 ], [ -59.61012, 3.80441 ], [ -59.61799, 3.79139 ], [ -59.62502, 3.79067 ], [ -59.62935, 3.78424 ], [ -59.6325, 3.79011 ], [ -59.626, 3.79521 ], [ -59.62891, 3.79906 ], [ -59.6397, 3.78447 ], [ -59.64748, 3.78729 ], [ -59.66511, 3.78189 ], [ -59.67065, 3.76861 ], [ -59.66875, 3.76559 ], [ -59.6801, 3.75693 ], [ -59.6737, 3.75446 ], [ -59.67518, 3.74473 ], [ -59.66966, 3.74258 ], [ -59.66387, 3.7339 ], [ -59.67187, 3.72748 ], [ -59.66296, 3.71405 ], [ -59.67018, 3.70192 ], [ -59.68064, 3.69639 ], [ -59.68737, 3.6998 ], [ -59.69313, 3.68855 ], [ -59.7047, 3.68914 ], [ -59.71, 3.68024 ], [ -59.71837, 3.67543 ], [ -59.72011, 3.66665 ], [ -59.72355, 3.66406 ], [ -59.70744, 3.82699 ], [ -59.71468, 3.82742 ], [ -59.71473, 3.83647 ], [ -59.70654, 3.83614 ], [ -59.6982, 3.92064 ], [ -59.68277, 3.91858 ], [ -59.67339, 3.90666 ], [ -59.65654, 3.91052 ], [ -59.63994, 3.91984 ], [ -59.63808, 3.91426 ], [ -59.61662, 3.90136 ], [ -59.61665, 3.88566 ], [ -59.61878, 3.88991 ], [ -59.62887, 3.89002 ], [ -59.62888, 3.88694 ], [ -59.64005, 3.88996 ], [ -59.64013, 3.87675 ], [ -59.63769, 3.873 ], [ -59.62902, 3.87424 ], [ -59.61185, 3.86431 ], [ -59.61128, 3.87832 ], [ -59.61527, 3.87966 ], [ -59.61652, 3.88544 ], [ -59.61041, 3.88362 ], [ -59.60773, 3.87816 ], [ -59.60125, 3.87899 ], [ -59.60621, 3.86647 ], [ -59.60276, 3.86816 ], [ -59.60216, 3.86522 ], [ -59.58585, 3.85704 ] ] ] } },
{ "type": "Feature", "properties": { "cluster": 426.0, "hvi": 0.0784, "population": 67, "setores": 1, "municipio": "Normandia" }, "geometry": { "type": "Polygon", "coordinates": [ [ [ -59.53714, 3.95985 ], [ -59.54245, 3.95969 ], [ -59.54234, 3.96527 ], [ -59.53693, 3.96474 ], [ -59.53714, 3.95985 ] ] ] } },
{ "type": "Feature", "properties": { "cluster": 427.0, "hvi": 0.0789, "population": 29, "setores": 1, "municipio": "Normandia" }, "geometry": { "type": "Polygon", "coordinates": [ [ [ -59.94903, 4.03374 ], [ -59.96452, 4.03381 ], [ -59.96824, 4.03591 ], [ -59.96974, 4.04399 ], [ -59.96272, 4.04795 ], [ -59.95385, 4.04682 ], [ -59.94834, 4.04227 ], [ -59.94903, 4.03374 ] ] ] } },
{ "type": "Feature", "properties": { "cluster": 428.0, "hvi": 0.0794, "population": 44, "setores": 1, "municipio": "Normandia" }, "geometry": { "type": "Polygon", "coordinates": [ [ [ -59.91258, 4.02536 ], [ -59.92207, 4.02238 ], [ -59.92629, 4.02775 ], [ -59.92571, 4.03298 ], [ -59.92096, 4.03692 ], [ -59.91194, 4.03203 ], [ -59.91258, 4.02536 ] ] ] } },
{ "type": "Feature", "properties": { "cluster": 429.0, "hvi": 0.0926, "population": 284, "setores": 1, "municipio": "Normandia" }, "geometry": { "type": "Polygon", "coordinates": [ [ [ -59.9205, 3.86485 ], [ -59.9153, 3.85849 ], [ -59.91539, 3.8496 ], [ -59.92293, 3.84367 ], [ -59.93142, 3.84467 ], [ -59.93669, 3.85064 ], [ -59.93622, 3.85958 ], [ -59.93039, 3.8648 ], [ -59.9205, 3.86485 ] ] ] } },
{ "type": "Feature", "properties": { "cluster": 430.0, "hvi": 0.0827, "population": 181, "setores": 1, "municipio": "Normandia" }, "geometry": { "type": "Polygon", "coordinates": [ [ [ -60.2529, 3.94576 ], [ -60.26037, 3.94515 ], [ -60.26864, 3.9523 ], [ -60.26919, 3.96053 ], [ -60.26292, 3.96785 ], [ -60.25464, 3.96914 ], [ -60.24695, 3.9643 ], [ -60.24605, 3.95153 ], [ -60.2529, 3.94576 ] ] ] } },
{ "type": "Feature", "properties": { "cluster": 431.0, "hvi": 0.0806, "population": 91, "setores": 1, "municipio": "Normandia" }, "geometry": { "type": "Polygon", "coordinates": [ [ [ -59.86192, 3.88886 ], [ -59.88082, 3.88823 ], [ -59.88895, 3.89395 ], [ -59.89314, 3.90302 ], [ -59.89424, 3.91246 ], [ -59.89069, 3.9214 ], [ -59.87749, 3.93125 ], [ -59.8606, 3.92936 ], [ -59.84962, 3.91508 ], [ -59.85117, 3.89881 ], [ -59.86192, 3.88886 ] ] ] } },
{ "type": "Feature", "properties": { "cluster": 432.0, "hvi": 0.0831, "population": 132, "setores": 1, "municipio": "Normandia" }, "geometry": { "type": "Polygon", "coordinates": [ [ [ -59.72981, 3.80743 ], [ -59.72267, 3.79994 ], [ -59.72257, 3.79253 ], [ -59.72771, 3.78662 ], [ -59.73524, 3.78526 ], [ -59.74219, 3.78947 ], [ -59.74427, 3.7987 ], [ -59.74019, 3.8056 ], [ -59.72981, 3.80743 ] ] ] } },
{ "type": "Feature", "properties": { "cluster": 433.0, "hvi": 0.0799, "population": 21, "setores": 1, "municipio": "Normandia" }, "geometry": { "type": "Polygon", "coordinates": [ [ [ -59.7568, 3.7759 ], [ -59.76762, 3.77827 ], [ -59.77134, 3.78574 ], [ -59.7693, 3.79348 ], [ -59.7613, 3.79812 ], [ -59.75399, 3.79637 ], [ -59.74926, 3.78997 ], [ -59.75019, 3.78099 ], [ -59.7568, 3.7759 ] ] ] } },
{ "type": "Feature", "properties": { "cluster": 434.0, "hvi": 0.0785, "population": 44, "setores": 1, "municipio": "Normandia" }, "geometry": { "type": "Polygon", "coordinates": [ [ [ -59.79276, 3.78365 ], [ -59.80011, 3.78412 ], [ -59.80016, 3.79121 ], [ -59.79237, 3.79152 ], [ -59.79276, 3.78365 ] ] ] } },
{ "type": "Feature", "properties": { "cluster": 435.0, "hvi": 0.0863, "population": 217, "setores": 1, "municipio": "Normandia" }, "geometry": { "type": "Polygon", "coordinates": [ [ [ -59.89132, 3.87675 ], [ -59.88799, 3.86798 ], [ -59.89128, 3.86088 ], [ -59.89879, 3.85755 ], [ -59.90627, 3.85984 ], [ -59.91079, 3.86795 ], [ -59.90701, 3.87685 ], [ -59.89925, 3.88 ], [ -59.89132, 3.87675 ] ] ] } },
{ "type": "Feature", "properties": { "cluster": 436.0, "hvi": 0.0789, "population": 61, "setores": 1, "municipio": "Normandia" }, "geometry": { "type": "Polygon", "coordinates": [ [ [ -59.7237, 3.90998 ], [ -59.73343, 3.91354 ], [ -59.73426, 3.91881 ], [ -59.73033, 3.92415 ], [ -59.7251, 3.925 ], [ -59.72021, 3.92173 ], [ -59.71938, 3.91407 ], [ -59.7237, 3.90998 ] ] ] } },
{ "type": "Feature", "properties": { "cluster": 437.0, "hvi": 0.0791, "population": 48, "setores": 1, "municipio": "Normandia" }, "geometry": { "type": "Polygon", "coordinates": [ [ [ -59.98042, 3.80684 ], [ -59.9862, 3.80974 ], [ -59.98322, 3.81602 ], [ -59.97725, 3.81237 ], [ -59.98042, 3.80684 ] ] ] } },
{ "type": "Feature", "properties": { "cluster": 438.0, "hvi": 0.0791, "population": 43, "setores": 1, "municipio": "Normandia" }, "geometry": { "type": "Polygon", "coordinates": [ [ [ -59.79226, 3.75658 ], [ -59.79893, 3.76026 ], [ -59.79513, 3.7676 ], [ -59.79022, 3.7666 ], [ -59.78792, 3.7625 ], [ -59.79226, 3.75658 ] ] ] } },
{ "type": "Feature", "properties": { "cluster": 439.0, "hvi": 0.0816, "population": 105, "setores": 1, "municipio": "Normandia" }, "geometry": { "type": "Polygon", "coordinates": [ [ [ -59.77678, 3.83336 ], [ -59.78492, 3.83301 ], [ -59.79108, 3.83794 ], [ -59.79168, 3.84744 ], [ -59.78568, 3.85384 ], [ -59.77821, 3.85418 ], [ -59.77166, 3.84853 ], [ -59.77204, 3.83787 ], [ -59.77678, 3.83336 ] ] ] } },
{ "type": "Feature", "properties": { "cluster": 440.0, "hvi": 0.0789, "population": 41, "setores": 1, "municipio": "Normandia" }, "geometry": { "type": "Polygon", "coordinates": [ [ [ -59.89189, 3.70576 ], [ -59.90071, 3.70479 ], [ -59.90803, 3.71125 ], [ -59.90756, 3.72138 ], [ -59.90252, 3.72571 ], [ -59.89157, 3.72562 ], [ -59.88706, 3.72053 ], [ -59.88747, 3.71046 ], [ -59.89189, 3.70576 ] ] ] } },
{ "type": "Feature", "properties": { "cluster": 441.0, "hvi": 0.0857, "population": 170, "setores": 1, "municipio": "Normandia" }, "geometry": { "type": "Polygon", "coordinates": [ [ [ -59.97624, 3.61403 ], [ -59.98368, 3.61779 ], [ -59.9866, 3.62638 ], [ -59.98251, 3.63402 ], [ -59.97452, 3.63665 ], [ -59.96707, 3.63363 ], [ -59.96358, 3.62646 ], [ -59.96597, 3.61868 ], [ -59.97624, 3.61403 ] ] ] } },
{ "type": "Feature", "properties": { "cluster": 442.0, "hvi": 0.0838, "population": 107, "setores": 1, "municipio": "Normandia" }, "geometry": { "type": "Polygon", "coordinates": [ [ [ -59.74152, 3.67059 ], [ -59.75841, 3.67254 ], [ -59.76737, 3.67898 ], [ -59.7716, 3.68741 ], [ -59.77339, 3.69934 ], [ -59.77093, 3.70985 ], [ -59.75289, 3.72284 ], [ -59.74057, 3.72358 ], [ -59.73047, 3.71848 ], [ -59.72392, 3.71216 ], [ -59.72026, 3.7025 ], [ -59.72564, 3.68004 ], [ -59.73147, 3.6739 ], [ -59.74152, 3.67059 ] ] ] } },
{ "type": "Feature", "properties": { "cluster": 443.0, "hvi": 0.0789, "population": 32, "setores": 1, "municipio": "Normandia" }, "geometry": { "type": "Polygon", "coordinates": [ [ [ -60.0629, 3.5293 ], [ -60.07297, 3.52904 ], [ -60.07783, 3.53492 ], [ -60.07788, 3.54203 ], [ -60.07264, 3.54796 ], [ -60.06244, 3.54748 ], [ -60.05802, 3.54227 ], [ -60.05854, 3.53427 ], [ -60.0629, 3.5293 ] ] ] } },
{ "type": "Feature", "properties": { "cluster": 444.0, "hvi": 0.0775, "population": 25, "setores": 1, "municipio": "Normandia" }, "geometry": { "type": "Polygon", "coordinates": [ [ [ -60.32223, 3.60831 ], [ -60.32885, 3.60835 ], [ -60.32994, 3.61677 ], [ -60.32181, 3.61731 ], [ -60.31986, 3.6121 ], [ -60.32223, 3.60831 ] ] ] } },
{ "type": "Feature", "properties": { "cluster": 445.0, "hvi": 0.08, "population": 60, "setores": 1, "municipio": "Normandia" }, "geometry": { "type": "Polygon", "coordinates": [ [ [ -60.17105, 3.5027 ], [ -60.17447, 3.49723 ], [ -60.18248, 3.49496 ], [ -60.18993, 3.49867 ], [ -60.19214, 3.50681 ], [ -60.18852, 3.51388 ], [ -60.17827, 3.5155 ], [ -60.17235, 3.51034 ], [ -60.17105, 3.5027 ] ] ] } },
{ "type": "Feature", "properties": { "cluster": 446.0, "hvi": 0.0805, "population": 46, "setores": 1, "municipio": "Normandia" }, "geometry": { "type": "Polygon", "coordinates": [ [ [ -60.18777, 3.42875 ], [ -60.1956, 3.42925 ], [ -60.20105, 3.43574 ], [ -60.2004, 3.4433 ], [ -60.19385, 3.44908 ], [ -60.18579, 3.44826 ], [ -60.18083, 3.44125 ], [ -60.18219, 3.4328 ], [ -60.18777, 3.42875 ] ] ] } },
{ "type": "Feature", "properties": { "cluster": 447.0, "hvi": 0.0768, "population": 30, "setores": 1, "municipio": "Normandia" }, "geometry": { "type": "Polygon", "coordinates": [ [ [ -59.82904, 3.64256 ], [ -59.83138, 3.64072 ], [ -59.8312, 3.64292 ], [ -59.82904, 3.64256 ] ] ] } },
{ "type": "Feature", "properties": { "cluster": 448.0, "hvi": 0.0825, "population": 133, "setores": 1, "municipio": "Normandia" }, "geometry": { "type": "Polygon", "coordinates": [ [ [ -60.07836, 3.77976 ], [ -60.08705, 3.78212 ], [ -60.09061, 3.79064 ], [ -60.08621, 3.79849 ], [ -60.07884, 3.80027 ], [ -60.07197, 3.79635 ], [ -60.06971, 3.78987 ], [ -60.07172, 3.78373 ], [ -60.07836, 3.77976 ] ] ] } },
{ "type": "Feature", "properties": { "cluster": 449.0, "hvi": 0.0788, "population": 65, "setores": 1, "municipio": "Normandia" }, "geometry": { "type": "Polygon", "coordinates": [ [ [ -60.2745, 3.88303 ], [ -60.28347, 3.88301 ], [ -60.29215, 3.89143 ], [ -60.29192, 3.90091 ], [ -60.28322, 3.90921 ], [ -60.27098, 3.90756 ], [ -60.26526, 3.89972 ], [ -60.26644, 3.8902 ], [ -60.2745, 3.88303 ] ] ] } },
{ "type": "Feature", "properties": { "cluster": 450.0, "hvi": 0.0848, "population": 138, "setores": 1, "municipio": "Normandia" }, "geometry": { "type": "Polygon", "coordinates": [ [ [ -59.75683, 4.1664 ], [ -59.75069, 4.16801 ], [ -59.75038, 4.16638 ], [ -59.75683, 4.1664 ] ] ] } },
{ "type": "Feature", "properties": { "cluster": 451.0, "hvi": 0.0824, "population": 120, "setores": 1, "municipio": "Normandia" }, "geometry": { "type": "Polygon", "coordinates": [ [ [ -59.59809, 3.87916 ], [ -59.60141, 3.88115 ], [ -59.59962, 3.8842 ], [ -59.5964, 3.88273 ], [ -59.59809, 3.87916 ] ] ] } },
{ "type": "Feature", "properties": { "cluster": 452.0, "hvi": 0.0799, "population": 46, "setores": 1, "municipio": "Normandia" }, "geometry": { "type": "Polygon", "coordinates": [ [ [ -59.84791, 3.77663 ], [ -59.85061, 3.77569 ], [ -59.8498, 3.77746 ], [ -59.84791, 3.77663 ] ] ] } },
{ "type": "Feature", "properties": { "cluster": 453.0, "hvi": 0.0787, "population": 51, "setores": 1, "municipio": "Normandia" }, "geometry": { "type": "Polygon", "coordinates": [ [ [ -59.88307, 3.64416 ], [ -59.88647, 3.64711 ], [ -59.88398, 3.64994 ], [ -59.88085, 3.6481 ], [ -59.88307, 3.64416 ] ] ] } },
{ "type": "Feature", "properties": { "cluster": 454.0, "hvi": 0.0819, "population": 86, "setores": 1, "municipio": "Normandia" }, "geometry": { "type": "Polygon", "coordinates": [ [ [ -59.59988, 3.92336 ], [ -59.60555, 3.92434 ], [ -59.60878, 3.92874 ], [ -59.60712, 3.93569 ], [ -59.60291, 3.93804 ], [ -59.59743, 3.93725 ], [ -59.5944, 3.93324 ], [ -59.59469, 3.92747 ], [ -59.59988, 3.92336 ] ] ] } },
{ "type": "Feature", "properties": { "cluster": 455.0, "hvi": 0.0789, "population": 51, "setores": 1, "municipio": "Normandia" }, "geometry": { "type": "Polygon", "coordinates": [ [ [ -59.86132, 3.99005 ], [ -59.86817, 3.98973 ], [ -59.86817, 3.99853 ], [ -59.86086, 3.99873 ], [ -59.86132, 3.99005 ] ] ] } },
{ "type": "Feature", "properties": { "cluster": 456.0, "hvi": 0.0778, "population": 29, "setores": 1, "municipio": "Normandia" }, "geometry": { "type": "Polygon", "coordinates": [ [ [ -60.36314, 3.58195 ], [ -60.37015, 3.5857 ], [ -60.36737, 3.59173 ], [ -60.35974, 3.58806 ], [ -60.36314, 3.58195 ] ] ] } },
{ "type": "Feature", "properties": { "cluster": 457.0, "hvi": 0.0785, "population": 2576, "setores": 28, "municipio": "Normandia" }, "geometry": { "type": "Polygon", "coordinates": [ [ [ -60.44731, 3.72922 ], [ -60.44938, 3.72345 ], [ -60.4545, 3.72062 ], [ -60.46088, 3.72225 ], [ -60.4598, 3.7208 ], [ -60.46594, 3.71622 ], [ -60.46393, 3.69977 ], [ -60.45585, 3.69533 ], [ -60.45757, 3.69161 ], [ -60.45349, 3.69147 ], [ -60.45495, 3.68295 ], [ -60.46162, 3.69073 ], [ -60.46273, 3.6974 ], [ -60.47301, 3.69575 ], [ -60.47551, 3.70351 ], [ -60.47107, 3.71017 ], [ -60.47023, 3.71935 ], [ -60.47328, 3.72518 ], [ -60.4819, 3.73046 ], [ -60.48412, 3.74185 ], [ -60.48884, 3.74267 ], [ -60.50495, 3.7324 ], [ -60.50689, 3.73434 ], [ -60.4894, 3.75101 ], [ -60.48801, 3.75906 ], [ -60.49384, 3.77268 ], [ -60.48551, 3.77046 ], [ -60.48051, 3.7749 ], [ -60.48023, 3.78129 ], [ -60.48856, 3.78851 ], [ -60.49161, 3.80073 ], [ -60.48829, 3.80462 ], [ -60.48578, 3.79851 ], [ -60.48245, 3.79823 ], [ -60.48606, 3.8274 ], [ -60.47884, 3.83268 ], [ -60.47718, 3.83963 ], [ -60.4819, 3.85378 ], [ -60.48801, 3.85629 ], [ -60.49106, 3.86713 ], [ -60.49995, 3.87351 ], [ -60.48995, 3.88546 ], [ -60.49134, 3.89101 ], [ -60.48773, 3.90018 ], [ -60.50162, 3.91212 ], [ -60.48856, 3.92351 ], [ -60.50274, 3.91129 ], [ -60.50507, 3.91378 ], [ -60.50207, 3.91808 ], [ -60.50302, 3.93071 ], [ -60.50862, 3.94639 ], [ -60.50363, 3.95571 ], [ -60.51366, 3.95889 ], [ -60.51743, 3.96376 ], [ -60.52496, 3.96289 ], [ -60.52876, 3.9821 ], [ -60.52137, 3.9853 ], [ -60.52783, 3.99839 ], [ -60.5176, 4.00971 ], [ -60.52033, 4.01478 ], [ -60.51657, 4.02314 ], [ -60.52255, 4.02391 ], [ -60.52364, 4.03108 ], [ -60.53125, 4.04096 ], [ -60.53884, 4.04098 ], [ -60.53926, 4.03634 ], [ -60.54328, 4.03519 ], [ -60.5413, 4.03962 ], [ -60.54406, 4.04347 ], [ -60.55269, 4.04017 ], [ -60.56988, 4.05231 ], [ -60.58602, 4.05538 ], [ -60.58516, 4.05885 ], [ -60.5799, 4.06067 ], [ -60.5834, 4.06781 ], [ -60.57944, 4.07265 ], [ -60.58101, 4.07553 ], [ -60.58422, 4.07647 ], [ -60.59001, 4.06418 ], [ -60.5941, 4.08014 ], [ -60.60406, 4.08695 ], [ -60.60802, 4.08711 ], [ -60.60763, 4.08156 ], [ -60.61278, 4.07795 ], [ -60.61915, 4.08328 ], [ -60.6233, 4.08257 ], [ -60.62518, 4.08736 ], [ -60.6335, 4.0871 ], [ -60.638, 4.0965 ], [ -60.6346, 4.1056 ], [ -60.6414, 4.1042 ], [ -60.6425, 4.1096 ], [ -60.6463, 4.1092 ], [ -60.6473, 4.1183 ], [ -60.653, 4.1201 ], [ -60.6503, 4.13 ], [ -60.6445, 4.1308 ], [ -60.6468, 4.1339 ], [ -60.6445, 4.1426 ], [ -60.6397, 4.1424 ], [ -60.6352, 4.1499 ], [ -60.6386, 4.1502 ], [ -60.6428, 4.1591 ], [ -60.6516, 4.1595 ], [ -60.6526, 4.1694 ], [ -60.6558, 4.1712 ], [ -60.6517, 4.1926 ], [ -60.6459, 4.1953 ], [ -60.6458, 4.204 ], [ -60.642, 4.2068 ], [ -60.6435, 4.2172 ], [ -60.6373, 4.224 ], [ -60.6388, 4.2305 ], [ -60.6352, 4.2329 ], [ -60.6358, 4.2407 ], [ -60.6283, 4.2493 ], [ -60.6351, 4.286 ], [ -60.6317, 4.3017 ], [ -60.6163, 4.3001 ], [ -60.6103, 4.3038 ], [ -60.6023, 4.3022 ], [ -60.5913, 4.3056 ], [ -60.5848, 4.3022 ], [ -60.5776, 4.3031 ], [ -60.5741, 4.3082 ], [ -60.5628, 4.3101 ], [ -60.56192, 4.31966 ], [ -60.55626, 4.30894 ], [ -60.5487, 4.31059 ], [ -60.54134, 4.30129 ], [ -60.5641, 4.28574 ], [ -60.56773, 4.27545 ], [ -60.56301, 4.27295 ], [ -60.56023, 4.2624 ], [ -60.53245, 4.2549 ], [ -60.51439, 4.24351 ], [ -60.50912, 4.23351 ], [ -60.51828, 4.22934 ], [ -60.51551, 4.22684 ], [ -60.51799, 4.22298 ], [ -60.52523, 4.22239 ], [ -60.53857, 4.21239 ], [ -60.53926, 4.21077 ], [ -60.53267, 4.21501 ], [ -60.53145, 4.21151 ], [ -60.53339, 4.20818 ], [ -60.53944, 4.21036 ], [ -60.51662, 4.20066 ], [ -60.50451, 4.20947 ], [ -60.49479, 4.20822 ], [ -60.4867, 4.21427 ], [ -60.46959, 4.20558 ], [ -60.45176, 4.20196 ], [ -60.40667, 4.19495 ], [ -60.3864, 4.19621 ], [ -60.36284, 4.178 ], [ -60.34055, 4.17154 ], [ -60.33015, 4.16049 ], [ -60.32248, 4.16169 ], [ -60.31826, 4.16725 ], [ -60.29987, 4.17415 ], [ -60.29386, 4.16889 ], [ -60.28031, 4.17015 ], [ -60.2732, 4.16702 ], [ -60.28341, 4.16118 ], [ -60.28176, 4.15045 ], [ -60.2636, 4.13642 ], [ -60.257, 4.1275 ], [ -60.24182, 4.1275 ], [ -60.22498, 4.09185 ], [ -60.21904, 4.08888 ], [ -60.21194, 4.09268 ], [ -60.20666, 4.10159 ], [ -60.19758, 4.10572 ], [ -60.19235, 4.10225 ], [ -60.19197, 4.08954 ], [ -60.16789, 4.06875 ], [ -60.17359, 4.0615 ], [ -60.1661, 4.0551 ], [ -60.1684, 4.0524 ], [ -60.2105, 4.0624 ], [ -60.217, 4.056 ], [ -60.2252, 4.0552 ], [ -60.2425, 4.0357 ], [ -60.2424, 4.0197 ], [ -60.2466, 4.018 ], [ -60.2458, 4.0124 ], [ -60.253, 4.0085 ], [ -60.2554, 3.9956 ], [ -60.262, 3.9969 ], [ -60.2652, 3.9911 ], [ -60.2741, 3.9941 ], [ -60.2944, 3.9928 ], [ -60.3065, 3.9838 ], [ -60.322, 3.9599 ], [ -60.3476, 3.9418 ], [ -60.3579, 3.9385 ], [ -60.3628, 3.9303 ], [ -60.376, 3.9247 ], [ -60.379, 3.9194 ], [ -60.4129, 3.91451 ], [ -60.41623, 3.90004 ], [ -60.41521, 3.90128 ], [ -60.40124, 3.90398 ], [ -60.40124, 3.89144 ], [ -60.40692, 3.88397 ], [ -60.41722, 3.87882 ], [ -60.42453, 3.88984 ], [ -60.4244, 3.8841 ], [ -60.4281, 3.8812 ], [ -60.4264, 3.8739 ], [ -60.4296, 3.8724 ], [ -60.4256, 3.87 ], [ -60.4314, 3.8636 ], [ -60.438, 3.8639 ], [ -60.4391, 3.8671 ], [ -60.4423, 3.863 ], [ -60.4445, 3.8644 ], [ -60.4427, 3.8607 ], [ -60.4463, 3.8601 ], [ -60.449, 3.8521 ], [ -60.4439, 3.8414 ], [ -60.45, 3.8296 ], [ -60.4459, 3.8142 ], [ -60.4425, 3.8116 ], [ -60.4491, 3.8014 ], [ -60.4477, 3.7955 ], [ -60.453, 3.7773 ], [ -60.4507, 3.7745 ], [ -60.455, 3.7747 ], [ -60.4564, 3.7636 ], [ -60.4628, 3.7606 ], [ -60.4603, 3.7539 ], [ -60.4629, 3.7477 ], [ -60.4562, 3.73689 ], [ -60.45667, 3.7366 ], [ -60.4496, 3.73444 ], [ -60.44731, 3.72922 ] ], [ [ -60.46298, 3.73281 ], [ -60.46342, 3.72563 ], [ -60.461, 3.7224 ], [ -60.46298, 3.73281 ] ], [ [ -60.54273, 4.20268 ], [ -60.53655, 4.18172 ], [ -60.54155, 4.20542 ], [ -60.54273, 4.20268 ] ], [ [ -60.5398, 4.17245 ], [ -60.54452, 4.17293 ], [ -60.55424, 4.16619 ], [ -60.55508, 4.16073 ], [ -60.54097, 4.15377 ], [ -60.52888, 4.15381 ], [ -60.52625, 4.16884 ], [ -60.53689, 4.16795 ], [ -60.5398, 4.17245 ] ], [ [ -60.51487, 4.16514 ], [ -60.51551, 4.16656 ], [ -60.52024, 4.16935 ], [ -60.51487, 4.16514 ] ], [ [ -60.5055, 4.13295 ], [ -60.49968, 4.14712 ], [ -60.5005, 4.14773 ], [ -60.5055, 4.13295 ] ], [ [ -60.44995, 4.05045 ], [ -60.44662, 4.08157 ], [ -60.44757, 4.0824 ], [ -60.44995, 4.05045 ] ], [ [ -60.43922, 4.03369 ], [ -60.4394, 4.03601 ], [ -60.44185, 4.03779 ], [ -60.43922, 4.03369 ] ], [ [ -60.43985, 4.02658 ], [ -60.43884, 4.02879 ], [ -60.43899, 4.03068 ], [ -60.43985, 4.02658 ] ], [ [ -60.44885, 4.0149 ], [ -60.44468, 4.01601 ], [ -60.44264, 4.02046 ], [ -60.44885, 4.0149 ] ], [ [ -60.45842, 3.95542 ], [ -60.45773, 3.95629 ], [ -60.46023, 3.96212 ], [ -60.45842, 3.95542 ] ], [ [ -60.61625, 4.09524 ], [ -60.61605, 4.09597 ], [ -60.61875, 4.097 ], [ -60.61625, 4.09524 ] ], [ [ -60.61878, 4.09111 ], [ -60.6171, 4.0921 ], [ -60.61655, 4.09412 ], [ -60.61878, 4.09111 ] ], [ [ -60.62431, 4.09167 ], [ -60.6222, 4.0891 ], [ -60.62071, 4.08998 ], [ -60.62431, 4.09167 ] ], [ [ -60.20487, 4.07869 ], [ -60.20783, 4.08299 ], [ -60.2103, 4.07893 ], [ -60.20487, 4.07869 ] ] ] } },
{ "type": "Feature", "properties": { "cluster": 458.0, "hvi": 0.0788, "population": 30, "setores": 1, "municipio": "Normandia" }, "geometry": { "type": "Polygon", "coordinates": [ [ [ -59.8633, 3.81534 ], [ -59.86999, 3.81529 ], [ -59.87845, 3.82153 ], [ -59.87782, 3.83345 ], [ -59.87334, 3.83718 ], [ -59.86698, 3.8381 ], [ -59.8561, 3.83299 ], [ -59.85552, 3.82245 ], [ -59.8633, 3.81534 ] ] ] } },
{ "type": "Feature", "properties": { "cluster": 459.0, "hvi": 0.0786, "population": 30, "setores": 1, "municipio": "Normandia" }, "geometry": { "type": "Polygon", "coordinates": [ [ [ -60.31897, 3.53856 ], [ -60.32766, 3.54091 ], [ -60.33121, 3.54943 ], [ -60.32681, 3.55729 ], [ -60.31944, 3.55906 ], [ -60.31258, 3.55514 ], [ -60.31032, 3.54867 ], [ -60.31232, 3.54253 ], [ -60.31897, 3.53856 ] ] ] } },
{ "type": "Feature", "properties": { "cluster": 460.0, "hvi": 0.077, "population": 25, "setores": 1, "municipio": "Normandia" }, "geometry": { "type": "Polygon", "coordinates": [ [ [ -60.15511, 3.48117 ], [ -60.16176, 3.4772 ], [ -60.17045, 3.47955 ], [ -60.1738, 3.4843 ], [ -60.1722, 3.49325 ], [ -60.16583, 3.49726 ], [ -60.15866, 3.49616 ], [ -60.15357, 3.49024 ], [ -60.15511, 3.48117 ] ] ] } },
{ "type": "Feature", "properties": { "cluster": 461.0, "hvi": 0.0795, "population": 47, "setores": 1, "municipio": "Normandia" }, "geometry": { "type": "Polygon", "coordinates": [ [ [ -60.38285, 3.89308 ], [ -60.39153, 3.89544 ], [ -60.39509, 3.90396 ], [ -60.39069, 3.91181 ], [ -60.38332, 3.91359 ], [ -60.37645, 3.90967 ], [ -60.37419, 3.90319 ], [ -60.3762, 3.89705 ], [ -60.38285, 3.89308 ] ] ] } },
{ "type": "Feature", "properties": { "cluster": 462.0, "hvi": 0.0798, "population": 49, "setores": 1, "municipio": "Normandia" }, "geometry": { "type": "Polygon", "coordinates": [ [ [ -59.86644, 4.02242 ], [ -59.87366, 4.0224 ], [ -59.87368, 4.02912 ], [ -59.86648, 4.02925 ], [ -59.86644, 4.02242 ] ] ] } },
{ "type": "Feature", "properties": { "cluster": 463.0, "hvi": 0.0798, "population": 59, "setores": 1, "municipio": "Normandia" }, "geometry": { "type": "Polygon", "coordinates": [ [ [ -59.56572, 3.9575 ], [ -59.58358, 3.93964 ], [ -59.59407, 3.9482 ], [ -59.58013, 3.96254 ], [ -59.56572, 3.9575 ] ] ] } },
{ "type": "Feature", "properties": { "cluster": 464.0, "hvi": 0.0794, "population": 63, "setores": 1, "municipio": "Normandia" }, "geometry": { "type": "Polygon", "coordinates": [ [ [ -59.54497, 3.94526 ], [ -59.55888, 3.93288 ], [ -59.56373, 3.93726 ], [ -59.55105, 3.94885 ], [ -59.54497, 3.94526 ] ] ] } },
{ "type": "Feature", "properties": { "cluster": 465.0, "hvi": 0.0805, "population": 50, "setores": 1, "municipio": "Normandia" }, "geometry": { "type": "Polygon", "coordinates": [ [ [ -59.59472, 3.87525 ], [ -59.59937, 3.8677 ], [ -59.60242, 3.8697 ], [ -59.60149, 3.87643 ], [ -59.59472, 3.87525 ] ] ] } },
{ "type": "Feature", "properties": { "cluster": 466.0, "hvi": 0.0805, "population": 82, "setores": 1, "municipio": "Normandia" }, "geometry": { "type": "Polygon", "coordinates": [ [ [ -59.85419, 3.8738 ], [ -59.85826, 3.87031 ], [ -59.86269, 3.87595 ], [ -59.85666, 3.878 ], [ -59.85419, 3.8738 ] ] ] } },
{ "type": "Feature", "properties": { "cluster": 467.0, "hvi": 0.0826, "population": 122, "setores": 1, "municipio": "Normandia" }, "geometry": { "type": "Polygon", "coordinates": [ [ [ -60.26974, 3.46557 ], [ -60.27687, 3.45348 ], [ -60.28471, 3.45835 ], [ -60.27777, 3.46853 ], [ -60.26974, 3.46557 ] ] ] } },
{ "type": "Feature", "properties": { "cluster": 468.0, "hvi": 0.0803, "population": 704, "setores": 10, "municipio": "Normandia" }, "geometry": { "type": "Polygon", "coordinates": [ [ [ -60.05017, 3.98158 ], [ -60.05297, 3.98684 ], [ -60.0516, 3.99313 ], [ -60.05778, 3.99653 ], [ -60.07218, 3.9973 ], [ -60.08275, 4.00332 ], [ -60.09071, 4.01846 ], [ -60.1065, 4.0285 ], [ -60.1334, 4.0351 ], [ -60.1437, 4.0426 ], [ -60.1684, 4.0524 ], [ -60.16319, 4.0569 ], [ -60.17154, 4.05715 ], [ -60.17339, 4.06398 ], [ -60.1705, 4.06802 ], [ -60.16735, 4.06848 ], [ -60.17472, 4.07236 ], [ -60.17844, 4.07954 ], [ -60.19197, 4.08954 ], [ -60.19235, 4.10225 ], [ -60.19758, 4.10572 ], [ -60.20666, 4.10159 ], [ -60.21194, 4.09268 ], [ -60.21904, 4.08888 ], [ -60.22498, 4.09185 ], [ -60.24182, 4.1275 ], [ -60.257, 4.1275 ], [ -60.2844, 4.1559 ], [ -60.28341, 4.16118 ], [ -60.2642, 4.17369 ], [ -60.25968, 4.18297 ], [ -60.24881, 4.18811 ], [ -60.23841, 4.18844 ], [ -60.23178, 4.19659 ], [ -60.22262, 4.19646 ], [ -60.22487, 4.18275 ], [ -60.2127, 4.1834 ], [ -60.20815, 4.17995 ], [ -60.17589, 4.1936 ], [ -60.16878, 4.20573 ], [ -60.16034, 4.20378 ], [ -60.15967, 4.20861 ], [ -60.14009, 4.22187 ], [ -60.13795, 4.22989 ], [ -60.14354, 4.23361 ], [ -60.13362, 4.24664 ], [ -60.13028, 4.25955 ], [ -60.10606, 4.2608 ], [ -60.09645, 4.25838 ], [ -60.0907, 4.26261 ], [ -60.08004, 4.26019 ], [ -60.07048, 4.27302 ], [ -60.06909, 4.28467 ], [ -60.0624, 4.28732 ], [ -60.04509, 4.30354 ], [ -60.03311, 4.3009 ], [ -59.99669, 4.28059 ], [ -60.0024, 4.27217 ], [ -60.01787, 4.27634 ], [ -60.02518, 4.26854 ], [ -60.0172, 4.24862 ], [ -60.02282, 4.23144 ], [ -60.01818, 4.22757 ], [ -60.01098, 4.22794 ], [ -60.00665, 4.22319 ], [ -60.00603, 4.21242 ], [ -60.01457, 4.19331 ], [ -60.00747, 4.17549 ], [ -60.01577, 4.16589 ], [ -60.00261, 4.15461 ], [ -59.99674, 4.15684 ], [ -59.98502, 4.15304 ], [ -59.97969, 4.12437 ], [ -59.99748, 4.10922 ], [ -59.99777, 4.105 ], [ -60.00507, 4.10579 ], [ -60.0163, 4.09863 ], [ -60.03082, 4.10092 ], [ -60.02889, 4.09062 ], [ -60.03254, 4.08475 ], [ -60.02867, 4.07 ], [ -60.03848, 4.05721 ], [ -60.03519, 4.05342 ], [ -60.03283, 4.03496 ], [ -60.02632, 4.03174 ], [ -60.0249, 4.0275 ], [ -60.0278, 4.0219 ], [ -60.0442, 4.0116 ], [ -60.0411, 4.0015 ], [ -60.0358, 4.0001 ], [ -60.0335, 3.9954 ], [ -60.04693, 3.99583 ], [ -60.03999, 3.99446 ], [ -60.03692, 3.98835 ], [ -60.03925, 3.98195 ], [ -60.05017, 3.98158 ] ], [ [ -60.16125, 4.05858 ], [ -60.16073, 4.06499 ], [ -60.16264, 4.05737 ], [ -60.16125, 4.05858 ] ] ] } },
{ "type": "Feature", "properties": { "cluster": 469.0, "hvi": 0.081, "population": 48, "setores": 1, "municipio": "Normandia" }, "geometry": { "type": "Polygon", "coordinates": [ [ [ -59.82957, 4.16146 ], [ -59.83535, 4.16149 ], [ -59.83543, 4.16581 ], [ -59.82977, 4.16584 ], [ -59.82957, 4.16146 ] ] ] } },
{ "type": "Feature", "properties": { "cluster": 470.0, "hvi": 0.0772, "population": 29, "setores": 1, "municipio": "Normandia" }, "geometry": { "type": "Polygon", "coordinates": [ [ [ -59.8019, 3.75001 ], [ -59.79494, 3.75007 ], [ -59.79447, 3.74445 ], [ -59.80172, 3.74445 ], [ -59.8019, 3.75001 ] ] ] } },
{ "type": "Feature", "properties": { "cluster": 471.0, "hvi": 0.0884, "population": 2993, "setores": 20, "municipio": "Normandia" }, "geometry": { "type": "MultiPolygon", "coordinates": [ [ [ [ -60.08275, 4.00332 ], [ -60.07526, 3.99894 ], [ -60.0516, 3.99313 ], [ -60.05237, 3.98429 ], [ -60.04653, 3.97983 ], [ -60.03925, 3.98195 ], [ -60.03692, 3.98835 ], [ -60.03999, 3.99446 ], [ -60.0353, 3.99568 ], [ -60.0364, 3.9922 ], [ -60.0341, 3.9987 ], [ -60.0411, 4.0015 ], [ -60.0439, 4.007 ], [ -60.0437, 4.0124 ], [ -60.0278, 4.0219 ], [ -60.0249, 4.0275 ], [ -60.02632, 4.03174 ], [ -60.03283, 4.03496 ], [ -60.03519, 4.05342 ], [ -60.03848, 4.05721 ], [ -60.02867, 4.07 ], [ -60.03254, 4.08475 ], [ -60.02889, 4.09062 ], [ -60.03082, 4.10092 ], [ -60.0163, 4.09863 ], [ -60.00507, 4.10579 ], [ -59.99777, 4.105 ], [ -59.99748, 4.10922 ], [ -59.97969, 4.12437 ], [ -59.98502, 4.15304 ], [ -59.99674, 4.15684 ], [ -60.00261, 4.15461 ], [ -60.01577, 4.16589 ], [ -60.00747, 4.17549 ], [ -60.01457, 4.19331 ], [ -60.00603, 4.21242 ], [ -60.00665, 4.22319 ], [ -60.01098, 4.22794 ], [ -60.01818, 4.22757 ], [ -60.02282, 4.23144 ], [ -60.0172, 4.24862 ], [ -60.02518, 4.26854 ], [ -60.01787, 4.27634 ], [ -60.0024, 4.27217 ], [ -59.99669, 4.28059 ], [ -59.98253, 4.28072 ], [ -59.93343, 4.24189 ], [ -59.8857, 4.22351 ], [ -59.8144, 4.21322 ], [ -59.76618, 4.21173 ], [ -59.76509, 4.20874 ], [ -59.79389, 4.18693 ], [ -59.79539, 4.17962 ], [ -59.77478, 4.17269 ], [ -59.76895, 4.17631 ], [ -59.75645, 4.16854 ], [ -59.75056, 4.16824 ], [ -59.74483, 4.16659 ], [ -59.73479, 4.16624 ], [ -59.7023, 4.16026 ], [ -59.6845, 4.14646 ], [ -59.66641, 4.14359 ], [ -59.66323, 4.14626 ], [ -59.65016, 4.1457 ], [ -59.6361, 4.14196 ], [ -59.6204, 4.13286 ], [ -59.65446, 4.06958 ], [ -59.64215, 4.06722 ], [ -59.63955, 4.0606 ], [ -59.6297, 4.0523 ], [ -59.62445, 4.05418 ], [ -59.6181, 4.05161 ], [ -59.61975, 4.03783 ], [ -59.60165, 4.02888 ], [ -59.60138, 4.01598 ], [ -59.6058, 4.01456 ], [ -59.61364, 4.01813 ], [ -59.6073, 4.00699 ], [ -59.5948, 4.01806 ], [ -59.59188, 4.00792 ], [ -59.59717, 4.0008 ], [ -59.5866, 3.99373 ], [ -59.58464, 4.00262 ], [ -59.58027, 4.00153 ], [ -59.57201, 3.98662 ], [ -59.5861, 3.97654 ], [ -59.58459, 3.96859 ], [ -59.57179, 3.96978 ], [ -59.5664, 3.96428 ], [ -59.56615, 3.96945 ], [ -59.5568, 3.97898 ], [ -59.54507, 3.97887 ], [ -59.54289, 3.9714 ], [ -59.52668, 3.9685 ], [ -59.51975, 3.95476 ], [ -59.52268, 3.95063 ], [ -59.51589, 3.94501 ], [ -59.5266, 3.93866 ], [ -59.52392, 3.9321 ], [ -59.52691, 3.92426 ], [ -59.53879, 3.9325 ], [ -59.54308, 3.9293 ], [ -59.53955, 3.92449 ], [ -59.54532, 3.92023 ], [ -59.56278, 3.92041 ], [ -59.56572, 3.91705 ], [ -59.56753, 3.89066 ], [ -59.57493, 3.89532 ], [ -59.5779, 3.90186 ], [ -59.57588, 3.88962 ], [ -59.58946, 3.88902 ], [ -59.59355, 3.8849 ], [ -59.59019, 3.8671 ], [ -59.59332, 3.86179 ], [ -59.60216, 3.86522 ], [ -59.60276, 3.86816 ], [ -59.60615, 3.86637 ], [ -59.60109, 3.87879 ], [ -59.60773, 3.87816 ], [ -59.61041, 3.88362 ], [ -59.61666, 3.88551 ], [ -59.61658, 3.90129 ], [ -59.63808, 3.91426 ], [ -59.63831, 3.91908 ], [ -59.67339, 3.90666 ], [ -59.68277, 3.91858 ], [ -59.6982, 3.92064 ], [ -59.70654, 3.83614 ], [ -59.71473, 3.83647 ], [ -59.71468, 3.82742 ], [ -59.70744, 3.82699 ], [ -59.72355, 3.66406 ], [ -59.74098, 3.66112 ], [ -59.75222, 3.65286 ], [ -59.75964, 3.63318 ], [ -59.76879, 3.63232 ], [ -59.76438, 3.62624 ], [ -59.77414, 3.6261 ], [ -59.78865, 3.61665 ], [ -59.79745, 3.61958 ], [ -59.80998, 3.61675 ], [ -59.81611, 3.62049 ], [ -59.81623, 3.61027 ], [ -59.82215, 3.61399 ], [ -59.8352, 3.6073 ], [ -59.85078, 3.60459 ], [ -59.85106, 3.59571 ], [ -59.85884, 3.58064 ], [ -59.8674, 3.57746 ], [ -59.8588, 3.57162 ], [ -59.87044, 3.56361 ], [ -59.87633, 3.56601 ], [ -59.88578, 3.56379 ], [ -59.89245, 3.57518 ], [ -59.9055, 3.58629 ], [ -59.923, 3.57851 ], [ -59.93717, 3.55879 ], [ -59.94356, 3.56046 ], [ -59.94856, 3.5699 ], [ -59.95606, 3.57323 ], [ -59.97829, 3.55572 ], [ -59.99984, 3.55274 ], [ -60.01579, 3.54324 ], [ -60.02328, 3.54213 ], [ -60.03689, 3.52767 ], [ -60.05245, 3.52712 ], [ -60.078, 3.50295 ], [ -60.08328, 3.49351 ], [ -60.11411, 3.48073 ], [ -60.13939, 3.46101 ], [ -60.15606, 3.46268 ], [ -60.17745, 3.44351 ], [ -60.18579, 3.41713 ], [ -60.19273, 3.40935 ], [ -60.24245, 3.39379 ], [ -60.29523, 3.38712 ], [ -60.31495, 3.37602 ], [ -60.32134, 3.36907 ], [ -60.32579, 3.39601 ], [ -60.32217, 3.41324 ], [ -60.31884, 3.41795 ], [ -60.30245, 3.42406 ], [ -60.29773, 3.42879 ], [ -60.29939, 3.43907 ], [ -60.28717, 3.44629 ], [ -60.28689, 3.45934 ], [ -60.30189, 3.47545 ], [ -60.29939, 3.48657 ], [ -60.31051, 3.4949 ], [ -60.31078, 3.50823 ], [ -60.32106, 3.50629 ], [ -60.32995, 3.5149 ], [ -60.33023, 3.51959 ], [ -60.32162, 3.52101 ], [ -60.32245, 3.52962 ], [ -60.33773, 3.54545 ], [ -60.34467, 3.54601 ], [ -60.35301, 3.55157 ], [ -60.35467, 3.54379 ], [ -60.35884, 3.54185 ], [ -60.3805, 3.55435 ], [ -60.38161, 3.5574 ], [ -60.37662, 3.56268 ], [ -60.37995, 3.56656 ], [ -60.39078, 3.56851 ], [ -60.39579, 3.57267 ], [ -60.40856, 3.56851 ], [ -60.41079, 3.58212 ], [ -60.41828, 3.5949 ], [ -60.42246, 3.61212 ], [ -60.43106, 3.61213 ], [ -60.42555, 3.62102 ], [ -60.43828, 3.62656 ], [ -60.43246, 3.64879 ], [ -60.43773, 3.65018 ], [ -60.44384, 3.66268 ], [ -60.45217, 3.66406 ], [ -60.45801, 3.6724 ], [ -60.45349, 3.69147 ], [ -60.45757, 3.69161 ], [ -60.45585, 3.69533 ], [ -60.46393, 3.69977 ], [ -60.46594, 3.71622 ], [ -60.4624, 3.7173 ], [ -60.46098, 3.72227 ], [ -60.45112, 3.72171 ], [ -60.44731, 3.72922 ], [ -60.463, 3.7482 ], [ -60.4603, 3.7539 ], [ -60.4628, 3.7606 ], [ -60.4564, 3.7636 ], [ -60.455, 3.7747 ], [ -60.4507, 3.7745 ], [ -60.453, 3.7773 ], [ -60.4477, 3.7955 ], [ -60.4491, 3.8014 ], [ -60.4425, 3.8116 ], [ -60.4459, 3.8142 ], [ -60.45, 3.8296 ], [ -60.4439, 3.8414 ], [ -60.449, 3.8521 ], [ -60.4463, 3.8601 ], [ -60.4427, 3.8607 ], [ -60.4445, 3.8644 ], [ -60.4423, 3.863 ], [ -60.4391, 3.8671 ], [ -60.438, 3.8639 ], [ -60.4314, 3.8636 ], [ -60.4274, 3.867 ], [ -60.4256, 3.8708 ], [ -60.4296, 3.8724 ], [ -60.4264, 3.8739 ], [ -60.4286, 3.8791 ], [ -60.4241, 3.8856 ], [ -60.41722, 3.87882 ], [ -60.40692, 3.88397 ], [ -60.40124, 3.89144 ], [ -60.40124, 3.90398 ], [ -60.41521, 3.90128 ], [ -60.4129, 3.91451 ], [ -60.379, 3.9194 ], [ -60.376, 3.9247 ], [ -60.3628, 3.9303 ], [ -60.3579, 3.9385 ], [ -60.3476, 3.9418 ], [ -60.322, 3.9599 ], [ -60.3065, 3.9838 ], [ -60.2944, 3.9928 ], [ -60.2741, 3.9941 ], [ -60.2652, 3.9911 ], [ -60.262, 3.9969 ], [ -60.2554, 3.9956 ], [ -60.253, 4.0085 ], [ -60.2458, 4.0124 ], [ -60.2466, 4.018 ], [ -60.2424, 4.0197 ], [ -60.2425, 4.0357 ], [ -60.23, 4.052 ], [ -60.217, 4.056 ], [ -60.2105, 4.0624 ], [ -60.1684, 4.0524 ], [ -60.1437, 4.0426 ], [ -60.1334, 4.0351 ], [ -60.1065, 4.0285 ], [ -60.09071, 4.01846 ], [ -60.08275, 4.00332 ] ], [ [ -60.01858, 3.94114 ], [ -60.00096, 3.93128 ], [ -60.01755, 3.94117 ], [ -60.01858, 3.94114 ] ], [ [ -60.03288, 3.9407 ], [ -60.04069, 3.93695 ], [ -60.02618, 3.94091 ], [ -60.03288, 3.9407 ] ], [ [ -60.00393, 3.894 ], [ -59.99726, 3.90774 ], [ -60.0044, 3.8964 ], [ -60.00393, 3.894 ] ], [ [ -60.0025, 3.8867 ], [ -60.0023, 3.8914 ], [ -60.00345, 3.89157 ], [ -60.0025, 3.8867 ] ], [ [ -59.99298, 3.88702 ], [ -59.9924, 3.8883 ], [ -59.99486, 3.88791 ], [ -59.99298, 3.88702 ] ], [ [ -59.99043, 3.88549 ], [ -59.99344, 3.88255 ], [ -59.99, 3.8854 ], [ -59.99043, 3.88549 ] ], [ [ -59.9903, 3.8742 ], [ -59.99012, 3.87418 ], [ -59.99248, 3.88 ], [ -59.9903, 3.8742 ] ], [ [ -59.9638, 3.8282 ], [ -59.9618, 3.8361 ], [ -59.9591, 3.8485 ], [ -59.9638, 3.8282 ] ], [ [ -59.9709, 3.805 ], [ -59.9707, 3.80473 ], [ -59.969, 3.8103 ], [ -59.9709, 3.805 ] ], [ [ -59.93839, 3.71744 ], [ -59.9377, 3.718 ], [ -59.9511, 3.7375 ], [ -59.93839, 3.71744 ] ], [ [ -59.97969, 3.64573 ], [ -59.9789, 3.6488 ], [ -59.97979, 3.65304 ], [ -59.97969, 3.64573 ] ], [ [ -59.9866, 3.62638 ], [ -59.98368, 3.61779 ], [ -59.97874, 3.61389 ], [ -59.9785, 3.6145 ], [ -59.9688, 3.61599 ], [ -59.96358, 3.62646 ], [ -59.96707, 3.63363 ], [ -59.97957, 3.63578 ], [ -59.9866, 3.62638 ] ], [ [ -59.9868, 3.5933 ], [ -59.9839, 3.5775 ], [ -59.98667, 3.59362 ], [ -59.9868, 3.5933 ] ], [ [ -60.1696, 3.9296 ], [ -60.1428, 3.9575 ], [ -60.16986, 3.92949 ], [ -60.1696, 3.9296 ] ], [ [ -60.28418, 3.8099 ], [ -60.27266, 3.83049 ], [ -60.28151, 3.81791 ], [ -60.28418, 3.8099 ] ], [ [ -60.28883, 3.79396 ], [ -60.28833, 3.79749 ], [ -60.29018, 3.79192 ], [ -60.28883, 3.79396 ] ], [ [ -60.29531, 3.78418 ], [ -60.29171, 3.78962 ], [ -60.30478, 3.7783 ], [ -60.29531, 3.78418 ] ], [ [ -60.32123, 3.7079 ], [ -60.32997, 3.74268 ], [ -60.33014, 3.74245 ], [ -60.32123, 3.7079 ] ], [ [ -60.2195, 3.5223 ], [ -60.22795, 3.52344 ], [ -60.2275, 3.523 ], [ -60.2195, 3.5223 ] ], [ [ -60.19603, 3.51231 ], [ -60.2042, 3.5129 ], [ -60.2029, 3.5121 ], [ -60.19603, 3.51231 ] ], [ [ -60.19177, 3.50257 ], [ -60.18688, 3.49642 ], [ -60.17811, 3.49519 ], [ -60.17105, 3.5027 ], [ -60.17235, 3.51034 ], [ -60.17827, 3.5155 ], [ -60.1899, 3.51249 ], [ -60.19177, 3.50257 ] ], [ [ -60.1738, 3.4843 ], [ -60.16798, 3.47792 ], [ -60.1572, 3.47934 ], [ -60.15697, 3.47736 ], [ -60.15357, 3.49024 ], [ -60.1634, 3.49725 ], [ -60.1722, 3.49325 ], [ -60.1738, 3.4843 ] ], [ [ -60.1573, 3.4761 ], [ -60.15719, 3.47651 ], [ -60.1697, 3.464 ], [ -60.1573, 3.4761 ] ], [ [ -60.1756, 3.4538 ], [ -60.1699, 3.4576 ], [ -60.1758, 3.4546 ], [ -60.1756, 3.4538 ] ], [ [ -60.2004, 3.4433 ], [ -60.20105, 3.43574 ], [ -60.1956, 3.42925 ], [ -60.18777, 3.42875 ], [ -60.18219, 3.4328 ], [ -60.18083, 3.44125 ], [ -60.18579, 3.44826 ], [ -60.19385, 3.44908 ], [ -60.2004, 3.4433 ] ], [ [ -60.21344, 3.46103 ], [ -60.20555, 3.46132 ], [ -60.20614, 3.46538 ], [ -60.21366, 3.46508 ], [ -60.21344, 3.46103 ] ], [ [ -60.26919, 3.96053 ], [ -60.26864, 3.9523 ], [ -60.26037, 3.94515 ], [ -60.2529, 3.94576 ], [ -60.24605, 3.95153 ], [ -60.24695, 3.9643 ], [ -60.25464, 3.96914 ], [ -60.26292, 3.96785 ], [ -60.26919, 3.96053 ] ], [ [ -60.29192, 3.90091 ], [ -60.29215, 3.89143 ], [ -60.28347, 3.88301 ], [ -60.2745, 3.88303 ], [ -60.26644, 3.8902 ], [ -60.26526, 3.89972 ], [ -60.27098, 3.90756 ], [ -60.28322, 3.90921 ], [ -60.29192, 3.90091 ] ], [ [ -60.27777, 3.46853 ], [ -60.28471, 3.45835 ], [ -60.27687, 3.45348 ], [ -60.26974, 3.46557 ], [ -60.27777, 3.46853 ] ], [ [ -60.32681, 3.55729 ], [ -60.33121, 3.54943 ], [ -60.32766, 3.54091 ], [ -60.31897, 3.53856 ], [ -60.31232, 3.54253 ], [ -60.31032, 3.54867 ], [ -60.31258, 3.55514 ], [ -60.31944, 3.55906 ], [ -60.32681, 3.55729 ] ], [ [ -60.32223, 3.60831 ], [ -60.31986, 3.6121 ], [ -60.32181, 3.61731 ], [ -60.32994, 3.61677 ], [ -60.32885, 3.60835 ], [ -60.32223, 3.60831 ] ], [ [ -60.35988, 3.79119 ], [ -60.35328, 3.79141 ], [ -60.35394, 3.79557 ], [ -60.36021, 3.79506 ], [ -60.35988, 3.79119 ] ], [ [ -60.35974, 3.58806 ], [ -60.36737, 3.59173 ], [ -60.37015, 3.5857 ], [ -60.36314, 3.58195 ], [ -60.35974, 3.58806 ] ], [ [ -60.39069, 3.91181 ], [ -60.39509, 3.90396 ], [ -60.39153, 3.89544 ], [ -60.38285, 3.89308 ], [ -60.3762, 3.89705 ], [ -60.37419, 3.90319 ], [ -60.37645, 3.90967 ], [ -60.38332, 3.91359 ], [ -60.39069, 3.91181 ] ], [ [ -60.28109, 3.79416 ], [ -60.27913, 3.80111 ], [ -60.284, 3.7903 ], [ -60.28109, 3.79416 ] ], [ [ -59.98042, 3.80684 ], [ -59.97725, 3.81237 ], [ -59.98322, 3.81602 ], [ -59.9862, 3.80974 ], [ -59.98042, 3.80684 ] ], [ [ -60.06708, 3.54896 ], [ -60.076, 3.54541 ], [ -60.07847, 3.53892 ], [ -60.07586, 3.53128 ], [ -60.0629, 3.5293 ], [ -60.05746, 3.53768 ], [ -60.06013, 3.54503 ], [ -60.06708, 3.54896 ] ], [ [ -60.07884, 3.80027 ], [ -60.08621, 3.79849 ], [ -60.09061, 3.79064 ], [ -60.08705, 3.78212 ], [ -60.07836, 3.77976 ], [ -60.07172, 3.78373 ], [ -60.06971, 3.78987 ], [ -60.07197, 3.79635 ], [ -60.07884, 3.80027 ] ], [ [ -60.10007, 3.80419 ], [ -60.08918, 3.80192 ], [ -60.08155, 3.80776 ], [ -60.08009, 3.81735 ], [ -60.08675, 3.8258 ], [ -60.09828, 3.82547 ], [ -60.10125, 3.8225 ], [ -60.10955, 3.82275 ], [ -60.11047, 3.81212 ], [ -60.1044, 3.81191 ], [ -60.10007, 3.80419 ] ], [ [ -60.19064, 3.86524 ], [ -60.19741, 3.85996 ], [ -60.19957, 3.84966 ], [ -60.19499, 3.84155 ], [ -60.18385, 3.83842 ], [ -60.17367, 3.84533 ], [ -60.17219, 3.85378 ], [ -60.1784, 3.86344 ], [ -60.19064, 3.86524 ] ], [ [ -59.74392, 3.79237 ], [ -59.73524, 3.78526 ], [ -59.72771, 3.78662 ], [ -59.72257, 3.79253 ], [ -59.72267, 3.79994 ], [ -59.72981, 3.80743 ], [ -59.74019, 3.8056 ], [ -59.74427, 3.7987 ], [ -59.74392, 3.79237 ] ], [ [ -59.91986, 3.84488 ], [ -59.91469, 3.85314 ], [ -59.91849, 3.86341 ], [ -59.9274, 3.86575 ], [ -59.93314, 3.86338 ], [ -59.93724, 3.8554 ], [ -59.93561, 3.84834 ], [ -59.92816, 3.84341 ], [ -59.91986, 3.84488 ] ], [ [ -59.89481, 3.8584 ], [ -59.88799, 3.86798 ], [ -59.89132, 3.87675 ], [ -59.90333, 3.87928 ], [ -59.91071, 3.86835 ], [ -59.90627, 3.85984 ], [ -59.89481, 3.8584 ] ], [ [ -59.87414, 3.88042 ], [ -59.87574, 3.88008 ], [ -59.86652, 3.87986 ], [ -59.87414, 3.88042 ] ], [ [ -59.77766, 3.83315 ], [ -59.77204, 3.83787 ], [ -59.77068, 3.84435 ], [ -59.77821, 3.85418 ], [ -59.78903, 3.85193 ], [ -59.79265, 3.84275 ], [ -59.78858, 3.8352 ], [ -59.77766, 3.83315 ] ], [ [ -59.73047, 3.71848 ], [ -59.74057, 3.72358 ], [ -59.75289, 3.72284 ], [ -59.77093, 3.70985 ], [ -59.77339, 3.69934 ], [ -59.7716, 3.68741 ], [ -59.76737, 3.67898 ], [ -59.75841, 3.67254 ], [ -59.74152, 3.67059 ], [ -59.73147, 3.6739 ], [ -59.72564, 3.68004 ], [ -59.72026, 3.7025 ], [ -59.72392, 3.71216 ], [ -59.73047, 3.71848 ] ], [ [ -59.7693, 3.79348 ], [ -59.77134, 3.78574 ], [ -59.76762, 3.77827 ], [ -59.7568, 3.7759 ], [ -59.75019, 3.78099 ], [ -59.74926, 3.78997 ], [ -59.75399, 3.79637 ], [ -59.7613, 3.79812 ], [ -59.7693, 3.79348 ] ], [ [ -59.76981, 3.77862 ], [ -59.77227, 3.77851 ], [ -59.76964, 3.77623 ], [ -59.76981, 3.77862 ] ], [ [ -59.79226, 3.75658 ], [ -59.78792, 3.7625 ], [ -59.79022, 3.7666 ], [ -59.79513, 3.7676 ], [ -59.79893, 3.76026 ], [ -59.79226, 3.75658 ] ], [ [ -59.79082, 3.78859 ], [ -59.79757, 3.79276 ], [ -59.80116, 3.78582 ], [ -59.79552, 3.78248 ], [ -59.79082, 3.78859 ] ], [ [ -59.80172, 3.74445 ], [ -59.79447, 3.74445 ], [ -59.79494, 3.75007 ], [ -59.8019, 3.75001 ], [ -59.80172, 3.74445 ] ], [ [ -59.8312, 3.64292 ], [ -59.83138, 3.64072 ], [ -59.82904, 3.64256 ], [ -59.8312, 3.64292 ] ], [ [ -59.8498, 3.77746 ], [ -59.85061, 3.77569 ], [ -59.84791, 3.77663 ], [ -59.8498, 3.77746 ] ], [ [ -59.87782, 3.83345 ], [ -59.87845, 3.82153 ], [ -59.86999, 3.81529 ], [ -59.8633, 3.81534 ], [ -59.85552, 3.82245 ], [ -59.8561, 3.83299 ], [ -59.86698, 3.8381 ], [ -59.87334, 3.83718 ], [ -59.87782, 3.83345 ] ], [ [ -59.88085, 3.6481 ], [ -59.88398, 3.64994 ], [ -59.88647, 3.64711 ], [ -59.88307, 3.64416 ], [ -59.88085, 3.6481 ] ], [ [ -59.90756, 3.72138 ], [ -59.90803, 3.71125 ], [ -59.90071, 3.70479 ], [ -59.89189, 3.70576 ], [ -59.88747, 3.71046 ], [ -59.88706, 3.72053 ], [ -59.89157, 3.72562 ], [ -59.90252, 3.72571 ], [ -59.90756, 3.72138 ] ], [ [ -59.53945, 3.95876 ], [ -59.53619, 3.96351 ], [ -59.54098, 3.96607 ], [ -59.54329, 3.961 ], [ -59.53945, 3.95876 ] ], [ [ -59.54497, 3.94526 ], [ -59.55105, 3.94885 ], [ -59.56373, 3.93726 ], [ -59.55888, 3.93288 ], [ -59.54497, 3.94526 ] ], [ [ -59.56572, 3.9575 ], [ -59.58013, 3.96254 ], [ -59.59407, 3.9482 ], [ -59.58358, 3.93964 ], [ -59.56572, 3.9575 ] ], [ [ -59.60291, 3.93804 ], [ -59.60712, 3.93569 ], [ -59.60878, 3.92874 ], [ -59.60555, 3.92434 ], [ -59.59988, 3.92336 ], [ -59.59469, 3.92747 ], [ -59.5944, 3.93324 ], [ -59.59743, 3.93725 ], [ -59.60291, 3.93804 ] ], [ [ -59.59472, 3.87525 ], [ -59.60149, 3.87643 ], [ -59.60242, 3.8697 ], [ -59.59937, 3.8677 ], [ -59.59472, 3.87525 ] ], [ [ -59.59809, 3.87916 ], [ -59.5964, 3.88273 ], [ -59.59962, 3.8842 ], [ -59.60141, 3.88115 ], [ -59.59809, 3.87916 ] ], [ [ -59.73033, 3.92415 ], [ -59.73426, 3.91881 ], [ -59.73343, 3.91354 ], [ -59.7237, 3.90998 ], [ -59.71938, 3.91407 ], [ -59.72021, 3.92173 ], [ -59.7251, 3.925 ], [ -59.73033, 3.92415 ] ], [ [ -59.856, 3.9729 ], [ -59.85548, 3.96598 ], [ -59.84452, 3.96624 ], [ -59.8453, 3.97316 ], [ -59.856, 3.9729 ] ], [ [ -59.87749, 3.93125 ], [ -59.89069, 3.9214 ], [ -59.89424, 3.91246 ], [ -59.89314, 3.90302 ], [ -59.88895, 3.89395 ], [ -59.88082, 3.88823 ], [ -59.86192, 3.88886 ], [ -59.85117, 3.89881 ], [ -59.84962, 3.91508 ], [ -59.8606, 3.92936 ], [ -59.87749, 3.93125 ] ], [ [ -59.85419, 3.8738 ], [ -59.85666, 3.878 ], [ -59.86269, 3.87595 ], [ -59.85826, 3.87031 ], [ -59.85419, 3.8738 ] ], [ [ -59.86817, 3.99853 ], [ -59.86817, 3.98973 ], [ -59.86132, 3.99005 ], [ -59.86086, 3.99873 ], [ -59.86817, 3.99853 ] ], [ [ -59.86644, 4.02242 ], [ -59.86648, 4.02925 ], [ -59.87368, 4.02912 ], [ -59.87366, 4.0224 ], [ -59.86644, 4.02242 ] ], [ [ -59.92571, 4.03298 ], [ -59.92629, 4.02775 ], [ -59.92207, 4.02238 ], [ -59.91258, 4.02536 ], [ -59.91194, 4.03203 ], [ -59.92096, 4.03692 ], [ -59.92571, 4.03298 ] ], [ [ -59.96668, 4.04716 ], [ -59.96996, 4.03968 ], [ -59.96452, 4.03381 ], [ -59.94903, 4.03374 ], [ -59.94834, 4.04227 ], [ -59.95385, 4.04682 ], [ -59.96668, 4.04716 ] ], [ [ -59.75683, 4.1664 ], [ -59.75038, 4.16638 ], [ -59.75607, 4.16838 ], [ -59.75683, 4.1664 ] ], [ [ -59.82977, 4.16584 ], [ -59.83543, 4.16581 ], [ -59.83535, 4.16149 ], [ -59.82957, 4.16146 ], [ -59.82977, 4.16584 ] ] ], [ [ [ -59.61878, 3.88991 ], [ -59.61638, 3.8832 ], [ -59.62888, 3.88203 ], [ -59.62887, 3.89002 ], [ -59.61878, 3.88991 ] ] ] ] } },
{ "type": "Feature", "properties": { "cluster": 472.0, "hvi": 0.0782, "population": 20, "setores": 1, "municipio": "Normandia" }, "geometry": { "type": "Polygon", "coordinates": [ [ [ -59.77214, 3.77625 ], [ -59.76981, 3.77862 ], [ -59.76964, 3.77623 ], [ -59.77214, 3.77625 ] ] ] } },
{ "type": "Feature", "properties": { "cluster": 473.0, "hvi": 0.0779, "population": 36, "setores": 1, "municipio": "Normandia" }, "geometry": { "type": "Polygon", "coordinates": [ [ [ -59.856, 3.9729 ], [ -59.8453, 3.97316 ], [ -59.84452, 3.96624 ], [ -59.85548, 3.96598 ], [ -59.856, 3.9729 ] ] ] } },
{ "type": "Feature", "properties": { "cluster": 474.0, "hvi": 0.0792, "population": 32, "setores": 1, "municipio": "Normandia" }, "geometry": { "type": "Polygon", "coordinates": [ [ [ -60.36021, 3.79506 ], [ -60.35394, 3.79557 ], [ -60.35328, 3.79141 ], [ -60.35988, 3.79119 ], [ -60.36021, 3.79506 ] ] ] } },
{ "type": "Feature", "properties": { "cluster": 475.0, "hvi": 0.0778, "population": 19, "setores": 1, "municipio": "Normandia" }, "geometry": { "type": "Polygon", "coordinates": [ [ [ -60.21366, 3.46508 ], [ -60.20614, 3.46538 ], [ -60.20555, 3.46132 ], [ -60.21344, 3.46103 ], [ -60.21366, 3.46508 ] ] ] } },
{ "type": "Feature", "properties": { "cluster": 476.0, "hvi": 0.1275, "population": 2712, "setores": 4, "municipio": "Pacaraima" }, "geometry": { "type": "MultiPolygon", "coordinates": [ [ [ [ -61.13768, 4.46746 ], [ -61.14344, 4.46388 ], [ -61.14989, 4.47559 ], [ -61.14692, 4.47855 ], [ -61.14289, 4.47873 ], [ -61.14346, 4.47191 ], [ -61.13768, 4.46746 ] ] ], [ [ [ -61.14214, 4.48655 ], [ -61.14113, 4.48414 ], [ -61.1405, 4.4719 ], [ -61.14331, 4.47191 ], [ -61.14214, 4.48655 ] ] ] ] } },
{ "type": "Feature", "properties": { "cluster": 477.0, "hvi": 0.1307, "population": 2647, "setores": 3, "municipio": "Pacaraima" }, "geometry": { "type": "Polygon", "coordinates": [ [ [ -61.13882, 4.48307 ], [ -61.13815, 4.4719 ], [ -61.1405, 4.4719 ], [ -61.14213, 4.48607 ], [ -61.13919, 4.48873 ], [ -61.13413, 4.49018 ], [ -61.13445, 4.49316 ], [ -61.13046, 4.49172 ], [ -61.12476, 4.49524 ], [ -61.11983, 4.48528 ], [ -61.12428, 4.48424 ], [ -61.12684, 4.49109 ], [ -61.1248, 4.48561 ], [ -61.13112, 4.48561 ], [ -61.13042, 4.48269 ], [ -61.13882, 4.48307 ] ] ] } },
{ "type": "Feature", "properties": { "cluster": 478.0, "hvi": 0.1074, "population": 657, "setores": 1, "municipio": "Pacaraima" }, "geometry": { "type": "Polygon", "coordinates": [ [ [ -61.14565, 4.35218 ], [ -61.13934, 4.35064 ], [ -61.13736, 4.34385 ], [ -61.13973, 4.34119 ], [ -61.14216, 4.34064 ], [ -61.14533, 4.34639 ], [ -61.15081, 4.34567 ], [ -61.15081, 4.3502 ], [ -61.14565, 4.35218 ] ] ] } },
{ "type": "Feature", "properties": { "cluster": 479.0, "hvi": 0.0747, "population": 3000, "setores": 42, "municipio": "Amajari" }, "geometry": { "type": "MultiPolygon", "coordinates": [ [ [ [ -61.5602, 3.4828 ], [ -61.5577, 3.4754 ], [ -61.5471, 3.4641 ], [ -61.5385, 3.4595 ], [ -61.5326, 3.4508 ], [ -61.5187, 3.4449 ], [ -61.5097, 3.4332 ], [ -61.5032, 3.4317 ], [ -61.49326, 3.43681 ], [ -61.4847, 3.4357 ], [ -61.4802, 3.4228 ], [ -61.4714, 3.4121 ], [ -61.4535, 3.4118 ], [ -61.4467, 3.417 ], [ -61.44771, 3.42101 ], [ -61.43952, 3.41697 ], [ -61.43907, 3.42061 ], [ -61.43426, 3.42124 ], [ -61.43166, 3.4255 ], [ -61.42933, 3.43596 ], [ -61.42489, 3.43832 ], [ -61.34348, 3.43263 ], [ -61.34053, 3.42544 ], [ -61.34455, 3.45523 ], [ -61.34889, 3.45985 ], [ -61.35457, 3.48957 ], [ -61.3012, 3.5066 ], [ -61.2871, 3.5259 ], [ -61.2868, 3.5687 ], [ -61.28541, 3.56913 ], [ -61.2934, 3.5714 ], [ -61.2946, 3.5783 ], [ -61.3029, 3.5877 ], [ -61.2956, 3.5916 ], [ -61.2979, 3.5963 ], [ -61.3184, 3.5959 ], [ -61.32435, 3.6017 ], [ -61.324, 3.6113 ], [ -61.3353, 3.6087 ], [ -61.3379, 3.6234 ], [ -61.3445, 3.6289 ], [ -61.3445, 3.6354 ], [ -61.3526, 3.6338 ], [ -61.3513, 3.6449 ], [ -61.3582, 3.644 ], [ -61.3614, 3.6475 ], [ -61.3553, 3.6584 ], [ -61.35977, 3.66383 ], [ -61.36299, 3.66011 ], [ -61.37106, 3.65432 ], [ -61.39638, 3.65724 ], [ -61.41226, 3.65496 ], [ -61.41255, 3.66075 ], [ -61.42108, 3.66052 ], [ -61.42092, 3.65569 ], [ -61.42553, 3.65261 ], [ -61.46651, 3.6459 ], [ -61.5269, 3.6129 ], [ -61.6192, 3.61961 ], [ -61.6231, 3.6306 ], [ -61.6215, 3.6391 ], [ -61.6285, 3.6481 ], [ -61.62267, 3.65454 ], [ -61.62, 3.6689 ], [ -61.6237, 3.6713 ], [ -61.6191, 3.6757 ], [ -61.6181, 3.6833 ], [ -61.6225, 3.6898 ], [ -61.6216, 3.7092 ], [ -61.6252, 3.7132 ], [ -61.6269, 3.7264 ], [ -61.6246, 3.7504 ], [ -61.6212, 3.7569 ], [ -61.6265, 3.77 ], [ -61.633, 3.7738 ], [ -61.6367, 3.7736 ], [ -61.6442, 3.762 ], [ -61.6674, 3.7723 ], [ -61.6621, 3.7803 ], [ -61.6643, 3.796 ], [ -61.6604, 3.7988 ], [ -61.6616, 3.8045 ], [ -61.6586, 3.806 ], [ -61.6612, 3.8152 ], [ -61.6532, 3.8287 ], [ -61.6433, 3.8313 ], [ -61.63018, 3.84334 ], [ -61.61661, 3.86756 ], [ -61.6119, 3.869 ], [ -61.6053, 3.8639 ], [ -61.59862, 3.87 ], [ -61.5874, 3.8728 ], [ -61.573, 3.8882 ], [ -61.57115, 3.88889 ], [ -61.5841, 3.9167 ], [ -61.5905, 3.9189 ], [ -61.6061, 3.9141 ], [ -61.6133, 3.9036 ], [ -61.6173, 3.9026 ], [ -61.6458, 3.9071 ], [ -61.6455, 3.9123 ], [ -61.6492, 3.9126 ], [ -61.6509, 3.9064 ], [ -61.6631, 3.9061 ], [ -61.6628, 3.9019 ], [ -61.6731, 3.8964 ], [ -61.6726, 3.8905 ], [ -61.6821, 3.8867 ], [ -61.6899, 3.879 ], [ -61.6965, 3.88015 ], [ -61.70745, 3.8718 ], [ -61.7128, 3.8729 ], [ -61.7169, 3.8691 ], [ -61.7323, 3.8657 ], [ -61.73545, 3.86065 ], [ -61.753, 3.8529 ], [ -61.7844, 3.8605 ], [ -61.8226, 3.8582 ], [ -61.847, 3.8641 ], [ -61.85355, 3.86225 ], [ -61.8672, 3.8668 ], [ -61.8719, 3.8715 ], [ -61.88, 3.8717 ], [ -61.8811, 3.8666 ], [ -61.8898, 3.8674 ], [ -61.8949, 3.8806 ], [ -61.9031, 3.8785 ], [ -61.9085, 3.8713 ], [ -61.9342, 3.8797 ], [ -61.9395, 3.8779 ], [ -61.9499, 3.8805 ], [ -61.9494, 3.8848 ], [ -61.9547, 3.88635 ], [ -61.9808, 3.886 ], [ -61.9809, 3.8895 ], [ -61.9873, 3.8902 ], [ -61.9957, 3.8988 ], [ -61.9943, 3.908 ], [ -62.015, 3.9131 ], [ -62.0433, 3.9429 ], [ -62.0599, 3.9464 ], [ -62.0615, 3.9531 ], [ -62.0641, 3.9533 ], [ -62.0621, 3.9591 ], [ -62.0656, 3.9614 ], [ -62.0659, 3.9671 ], [ -62.0733, 3.9693 ], [ -62.0734, 3.9642 ], [ -62.08187, 3.97497 ], [ -62.0874, 3.97529 ], [ -62.09253, 3.97997 ], [ -62.08969, 3.98561 ], [ -62.10062, 4.00227 ], [ -62.09431, 4.01118 ], [ -62.08866, 4.01302 ], [ -62.09205, 4.02369 ], [ -62.09852, 4.02847 ], [ -62.09854, 4.03504 ], [ -62.06739, 4.03784 ], [ -62.0301, 4.03489 ], [ -62.01591, 4.05522 ], [ -62.01912, 4.07038 ], [ -62.01501, 4.07517 ], [ -62.021, 4.09207 ], [ -62.0215, 4.10334 ], [ -62.0253, 4.10589 ], [ -62.02339, 4.11705 ], [ -62.03551, 4.1219 ], [ -62.06635, 4.15795 ], [ -62.04829, 4.15018 ], [ -62.0419, 4.15601 ], [ -62.03273, 4.15795 ], [ -62.0333, 4.15379 ], [ -62.02913, 4.15018 ], [ -62.0219, 4.15712 ], [ -62.01163, 4.156 ], [ -62.00663, 4.16462 ], [ -62.00052, 4.16406 ], [ -61.99329, 4.1749 ], [ -61.98135, 4.18045 ], [ -61.98107, 4.16184 ], [ -61.97524, 4.151 ], [ -61.96441, 4.14267 ], [ -61.9508, 4.12545 ], [ -61.94524, 4.11101 ], [ -61.93079, 4.10323 ], [ -61.92774, 4.10796 ], [ -61.93107, 4.11545 ], [ -61.92691, 4.12046 ], [ -61.92385, 4.14573 ], [ -61.92079, 4.15073 ], [ -61.92302, 4.15572 ], [ -61.90635, 4.15657 ], [ -61.89996, 4.16073 ], [ -61.88996, 4.15462 ], [ -61.88051, 4.1549 ], [ -61.8733, 4.15128 ], [ -61.86941, 4.15824 ], [ -61.87496, 4.17017 ], [ -61.85302, 4.17407 ], [ -61.84662, 4.16434 ], [ -61.83691, 4.16018 ], [ -61.82412, 4.16351 ], [ -61.81801, 4.17017 ], [ -61.81579, 4.18851 ], [ -61.82191, 4.19961 ], [ -61.80885, 4.2024 ], [ -61.80801, 4.21351 ], [ -61.80135, 4.21879 ], [ -61.80246, 4.22823 ], [ -61.78801, 4.23129 ], [ -61.78579, 4.22407 ], [ -61.78273, 4.22406 ], [ -61.76412, 4.23212 ], [ -61.76385, 4.23546 ], [ -61.77551, 4.24657 ], [ -61.77496, 4.24962 ], [ -61.76912, 4.24822 ], [ -61.75051, 4.25518 ], [ -61.73912, 4.25601 ], [ -61.73607, 4.26324 ], [ -61.72412, 4.26934 ], [ -61.72329, 4.26017 ], [ -61.73162, 4.25268 ], [ -61.72579, 4.24489 ], [ -61.72052, 4.24489 ], [ -61.70357, 4.25462 ], [ -61.67968, 4.25434 ], [ -61.67357, 4.26129 ], [ -61.66635, 4.26268 ], [ -61.65635, 4.26045 ], [ -61.65579, 4.25545 ], [ -61.64579, 4.25101 ], [ -61.64246, 4.23795 ], [ -61.63684, 4.23804 ], [ -61.6319, 4.24101 ], [ -61.62746, 4.25379 ], [ -61.62162, 4.25017 ], [ -61.60829, 4.261 ], [ -61.60107, 4.24962 ], [ -61.59079, 4.24406 ], [ -61.57746, 4.24684 ], [ -61.57218, 4.251 ], [ -61.56023, 4.25184 ], [ -61.55468, 4.25768 ], [ -61.5533, 4.26545 ], [ -61.5419, 4.27267 ], [ -61.53246, 4.28462 ], [ -61.52329, 4.2885 ], [ -61.52607, 4.29573 ], [ -61.51302, 4.30934 ], [ -61.50829, 4.32185 ], [ -61.52107, 4.32545 ], [ -61.52107, 4.33268 ], [ -61.52746, 4.34212 ], [ -61.5255, 4.34768 ], [ -61.5169, 4.34935 ], [ -61.52191, 4.37324 ], [ -61.52079, 4.38573 ], [ -61.51524, 4.39184 ], [ -61.51829, 4.39823 ], [ -61.51357, 4.40545 ], [ -61.48635, 4.41045 ], [ -61.47246, 4.42434 ], [ -61.46551, 4.42434 ], [ -61.46218, 4.43628 ], [ -61.44829, 4.43907 ], [ -61.44552, 4.4349 ], [ -61.43996, 4.43601 ], [ -61.43579, 4.43239 ], [ -61.44218, 4.42712 ], [ -61.44135, 4.42435 ], [ -61.42829, 4.42573 ], [ -61.42745, 4.43156 ], [ -61.42218, 4.43351 ], [ -61.40802, 4.43045 ], [ -61.4044, 4.42462 ], [ -61.39219, 4.42351 ], [ -61.37246, 4.42712 ], [ -61.36218, 4.42184 ], [ -61.34496, 4.41906 ], [ -61.33857, 4.42073 ], [ -61.3369, 4.42823 ], [ -61.3194, 4.43017 ], [ -61.32523, 4.4424 ], [ -61.3144, 4.45101 ], [ -61.31329, 4.45767 ], [ -61.28829, 4.45739 ], [ -61.28857, 4.46323 ], [ -61.2794, 4.46934 ], [ -61.2794, 4.47879 ], [ -61.28968, 4.47767 ], [ -61.29579, 4.48073 ], [ -61.29718, 4.49351 ], [ -61.30357, 4.49379 ], [ -61.31299, 4.50422 ], [ -61.32226, 4.50345 ], [ -61.32237, 4.51055 ], [ -61.3297, 4.51571 ], [ -61.32488, 4.53373 ], [ -61.30759, 4.53664 ], [ -61.30545, 4.54068 ], [ -61.30007, 4.53593 ], [ -61.28379, 4.5371 ], [ -61.27604, 4.52797 ], [ -61.26862, 4.53969 ], [ -61.26268, 4.53591 ], [ -61.257, 4.53658 ], [ -61.25259, 4.52522 ], [ -61.24518, 4.53317 ], [ -61.23846, 4.52692 ], [ -61.23421, 4.52783 ], [ -61.22096, 4.52162 ], [ -61.22181, 4.52778 ], [ -61.21784, 4.53326 ], [ -61.20145, 4.51578 ], [ -61.19572, 4.52006 ], [ -61.18742, 4.52026 ], [ -61.18661, 4.51583 ], [ -61.17635, 4.51148 ], [ -61.17018, 4.50048 ], [ -61.16744, 4.50292 ], [ -61.16094, 4.49519 ], [ -61.15183, 4.49587 ], [ -61.14914, 4.48287 ], [ -61.146, 4.48031 ], [ -61.14697, 4.47654 ], [ -61.149, 4.47588 ], [ -61.1431, 4.46283 ], [ -61.13399, 4.45764 ], [ -61.14344, 4.46388 ], [ -61.13768, 4.46746 ], [ -61.14276, 4.4719 ], [ -61.13377, 4.4687 ], [ -61.12815, 4.47445 ], [ -61.13017, 4.48561 ], [ -61.11983, 4.48528 ], [ -61.12476, 4.49524 ], [ -61.11956, 4.49865 ], [ -61.10933, 4.48679 ], [ -61.10061, 4.48455 ], [ -61.08984, 4.49014 ], [ -61.07304, 4.49229 ], [ -61.0694, 4.48969 ], [ -61.0577, 4.49182 ], [ -61.0554, 4.48799 ], [ -61.04828, 4.48612 ], [ -61.03695, 4.48838 ], [ -61.03028, 4.48479 ], [ -61.01643, 4.48377 ], [ -61.00686, 4.48804 ], [ -60.99513, 4.48289 ], [ -60.97248, 4.48212 ], [ -60.96617, 4.48622 ], [ -60.95788, 4.48559 ], [ -60.95623, 4.48326 ], [ -60.9588, 4.48213 ], [ -60.95041, 4.47624 ], [ -60.929, 4.47591 ], [ -60.9187, 4.46765 ], [ -60.91883, 4.47101 ], [ -60.90588, 4.4719 ], [ -60.90153, 4.46361 ], [ -60.89579, 4.46486 ], [ -60.88667, 4.45856 ], [ -60.87828, 4.46091 ], [ -60.87609, 4.45567 ], [ -60.8707, 4.45614 ], [ -60.86845, 4.45359 ], [ -60.8724, 4.45254 ], [ -60.84956, 4.43309 ], [ -60.85085, 4.43122 ], [ -60.8491, 4.4332 ], [ -60.8363, 4.4587 ], [ -60.8373, 4.4662 ], [ -60.8335, 4.4667 ], [ -60.8329, 4.4766 ], [ -60.8238, 4.4806 ], [ -60.8179, 4.4781 ], [ -60.8046, 4.4829 ], [ -60.7913, 4.4779 ], [ -60.7808, 4.4845 ], [ -60.7697, 4.4838 ], [ -60.76, 4.4893 ], [ -60.7508, 4.4851 ], [ -60.7505, 4.4778 ], [ -60.7324, 4.464 ], [ -60.7305, 4.4595 ], [ -60.7283, 4.4613 ], [ -60.7209, 4.4566 ], [ -60.716, 4.4583 ], [ -60.7035, 4.4516 ], [ -60.6994, 4.453 ], [ -60.6988, 4.4571 ], [ -60.6856, 4.4557 ], [ -60.6831, 4.4594 ], [ -60.6672, 4.4572 ], [ -60.6609, 4.4522 ], [ -60.65986, 4.42669 ], [ -60.65676, 4.42481 ], [ -60.65384, 4.40921 ], [ -60.63934, 4.40579 ], [ -60.64401, 4.39872 ], [ -60.64318, 4.39252 ], [ -60.63039, 4.39273 ], [ -60.62681, 4.3955 ], [ -60.62211, 4.392 ], [ -60.59873, 4.38939 ], [ -60.58367, 4.36864 ], [ -60.58192, 4.36176 ], [ -60.57479, 4.35527 ], [ -60.57267, 4.34387 ], [ -60.55776, 4.33315 ], [ -60.56459, 4.32434 ], [ -60.56192, 4.31966 ], [ -60.5628, 4.3101 ], [ -60.5741, 4.3082 ], [ -60.5776, 4.3031 ], [ -60.5848, 4.3022 ], [ -60.5913, 4.3056 ], [ -60.6023, 4.3022 ], [ -60.6103, 4.3038 ], [ -60.6163, 4.3001 ], [ -60.6317, 4.3017 ], [ -60.6351, 4.286 ], [ -60.62812, 4.25056 ], [ -60.6358, 4.2407 ], [ -60.6352, 4.2329 ], [ -60.6388, 4.2305 ], [ -60.6373, 4.224 ], [ -60.6435, 4.2172 ], [ -60.642, 4.2068 ], [ -60.6458, 4.204 ], [ -60.6459, 4.1953 ], [ -60.6517, 4.1926 ], [ -60.6558, 4.1712 ], [ -60.6526, 4.1694 ], [ -60.6516, 4.1595 ], [ -60.6428, 4.1591 ], [ -60.6386, 4.1502 ], [ -60.6352, 4.1499 ], [ -60.6397, 4.1424 ], [ -60.6445, 4.1426 ], [ -60.6468, 4.1339 ], [ -60.6445, 4.1308 ], [ -60.6503, 4.13 ], [ -60.653, 4.1201 ], [ -60.6473, 4.1183 ], [ -60.6463, 4.1092 ], [ -60.6425, 4.1096 ], [ -60.6414, 4.1042 ], [ -60.6346, 4.1056 ], [ -60.638, 4.0965 ], [ -60.6335, 4.0871 ], [ -60.6308, 4.0879 ], [ -60.6299, 4.08032 ], [ -60.63818, 4.08011 ], [ -60.64152, 4.07474 ], [ -60.6446, 4.0809 ], [ -60.65134, 4.07441 ], [ -60.66071, 4.08498 ], [ -60.66521, 4.07229 ], [ -60.67077, 4.08215 ], [ -60.68361, 4.08015 ], [ -60.70782, 4.08814 ], [ -60.71433, 4.09706 ], [ -60.72097, 4.09536 ], [ -60.72829, 4.10133 ], [ -60.73396, 4.09886 ], [ -60.74492, 4.10227 ], [ -60.79973, 4.04056 ], [ -60.92343, 3.93208 ], [ -60.92173, 3.92657 ], [ -60.91423, 3.9223 ], [ -60.91765, 3.91848 ], [ -60.90926, 3.90902 ], [ -60.90415, 3.88268 ], [ -60.8967, 3.87251 ], [ -60.89835, 3.86655 ], [ -60.88753, 3.85808 ], [ -60.88482, 3.84812 ], [ -60.87807, 3.8442 ], [ -60.87286, 3.82093 ], [ -60.87204, 3.78741 ], [ -60.87803, 3.77924 ], [ -60.87551, 3.77324 ], [ -60.87904, 3.7683 ], [ -60.87851, 3.75975 ], [ -60.88396, 3.75729 ], [ -60.88362, 3.749 ], [ -60.88942, 3.73831 ], [ -60.88525, 3.72296 ], [ -60.88123, 3.71941 ], [ -60.8834, 3.71424 ], [ -60.87393, 3.70108 ], [ -60.86857, 3.67231 ], [ -60.86271, 3.66619 ], [ -60.86776, 3.65254 ], [ -60.8674, 3.64557 ], [ -60.85771, 3.6364 ], [ -60.85007, 3.63195 ], [ -60.84238, 3.63248 ], [ -60.84007, 3.62748 ], [ -60.83229, 3.62873 ], [ -60.83164, 3.6241 ], [ -60.82309, 3.6181 ], [ -60.81498, 3.62151 ], [ -60.81182, 3.61574 ], [ -60.80451, 3.61388 ], [ -60.81239, 3.59677 ], [ -60.81131, 3.5942 ], [ -60.80101, 3.5951 ], [ -60.7974, 3.59268 ], [ -60.79652, 3.57998 ], [ -60.80405, 3.56918 ], [ -60.81393, 3.5629 ], [ -60.82535, 3.54874 ], [ -60.8509, 3.54087 ], [ -60.87875, 3.5478 ], [ -60.88095, 3.57734 ], [ -60.92268, 3.57029 ], [ -60.92203, 3.56528 ], [ -60.94116, 3.56165 ], [ -60.95476, 3.5888 ], [ -60.97026, 3.63116 ], [ -60.99245, 3.71408 ], [ -60.98696, 3.69228 ], [ -60.99846, 3.68974 ], [ -61.00844, 3.69138 ], [ -61.03277, 3.70852 ], [ -61.03925, 3.71654 ], [ -61.03623, 3.71879 ], [ -61.03759, 3.72356 ], [ -61.04399, 3.72897 ], [ -61.045, 3.726 ], [ -61.04981, 3.72997 ], [ -61.06831, 3.72533 ], [ -61.08622, 3.72564 ], [ -61.08788, 3.72214 ], [ -61.09767, 3.72486 ], [ -61.10179, 3.72298 ], [ -61.11528, 3.72985 ], [ -61.11262, 3.73299 ], [ -61.12195, 3.73616 ], [ -61.12022, 3.73165 ], [ -61.13129, 3.73303 ], [ -61.14456, 3.71895 ], [ -61.15001, 3.69651 ], [ -61.16176, 3.67653 ], [ -61.17144, 3.64443 ], [ -61.18135, 3.63401 ], [ -61.25158, 3.72093 ], [ -61.25383, 3.72141 ], [ -61.23855, 3.68254 ], [ -61.2405, 3.66721 ], [ -61.25155, 3.65335 ], [ -61.25691, 3.63246 ], [ -61.25037, 3.62682 ], [ -61.23994, 3.60635 ], [ -61.23883, 3.5854 ], [ -61.23128, 3.58368 ], [ -61.22755, 3.57921 ], [ -61.2222, 3.55894 ], [ -61.21504, 3.56667 ], [ -61.2079, 3.5665 ], [ -61.20004, 3.5574 ], [ -61.1883, 3.5644 ], [ -61.18678, 3.54774 ], [ -61.18963, 3.53919 ], [ -61.19734, 3.53074 ], [ -61.18196, 3.52864 ], [ -61.17591, 3.5199 ], [ -61.17326, 3.52016 ], [ -61.17352, 3.5289 ], [ -61.17049, 3.53204 ], [ -61.1619, 3.51924 ], [ -61.15376, 3.53066 ], [ -61.13188, 3.52431 ], [ -61.10943, 3.54839 ], [ -61.09645, 3.53864 ], [ -61.09362, 3.53017 ], [ -61.0749, 3.52689 ], [ -61.0697, 3.5195 ], [ -61.05429, 3.52838 ], [ -61.04768, 3.53691 ], [ -61.03438, 3.53844 ], [ -61.0413, 3.513 ], [ -61.0486, 3.5058 ], [ -61.0472, 3.4975 ], [ -61.0286, 3.4976 ], [ -61.0179, 3.489 ], [ -61.0082, 3.4886 ], [ -61.0037, 3.4801 ], [ -60.9997, 3.4813 ], [ -60.9991, 3.4951 ], [ -60.9855, 3.4967 ], [ -60.9779, 3.4868 ], [ -60.9697, 3.4823 ], [ -60.9698, 3.4731 ], [ -60.96671, 3.4714 ], [ -60.98637, 3.46037 ], [ -60.99293, 3.45145 ], [ -61.02162, 3.43851 ], [ -61.05662, 3.44212 ], [ -61.06662, 3.43795 ], [ -61.1319, 3.43351 ], [ -61.15356, 3.44962 ], [ -61.16495, 3.45268 ], [ -61.18774, 3.44879 ], [ -61.21885, 3.44962 ], [ -61.23606, 3.44296 ], [ -61.26544, 3.40388 ], [ -61.2794, 3.38963 ], [ -61.29135, 3.38434 ], [ -61.30912, 3.36907 ], [ -61.31662, 3.35685 ], [ -61.32135, 3.35546 ], [ -61.33023, 3.35935 ], [ -61.3494, 3.35379 ], [ -61.37912, 3.36546 ], [ -61.40579, 3.35018 ], [ -61.43274, 3.35101 ], [ -61.46051, 3.34712 ], [ -61.47579, 3.3374 ], [ -61.48635, 3.34046 ], [ -61.50468, 3.32351 ], [ -61.50746, 3.31435 ], [ -61.51968, 3.30712 ], [ -61.52468, 3.3074 ], [ -61.52718, 3.31129 ], [ -61.53245, 3.31045 ], [ -61.53718, 3.30129 ], [ -61.54218, 3.3024 ], [ -61.55134, 3.31296 ], [ -61.55662, 3.31379 ], [ -61.56495, 3.30657 ], [ -61.57274, 3.3124 ], [ -61.58718, 3.31406 ], [ -61.59441, 3.30907 ], [ -61.61412, 3.33045 ], [ -61.61776, 3.34187 ], [ -61.62523, 3.34962 ], [ -61.62634, 3.35713 ], [ -61.66163, 3.33017 ], [ -61.6819, 3.32212 ], [ -61.6919, 3.32101 ], [ -61.69496, 3.32851 ], [ -61.7119, 3.33518 ], [ -61.71496, 3.33434 ], [ -61.71135, 3.32852 ], [ -61.71496, 3.3249 ], [ -61.73052, 3.3199 ], [ -61.75912, 3.32018 ], [ -61.77385, 3.32768 ], [ -61.79801, 3.33018 ], [ -61.80607, 3.32823 ], [ -61.8094, 3.32407 ], [ -61.81052, 3.32629 ], [ -61.82301, 3.32268 ], [ -61.83107, 3.30907 ], [ -61.82746, 3.30296 ], [ -61.83996, 3.29796 ], [ -61.83857, 3.2924 ], [ -61.84246, 3.28962 ], [ -61.84079, 3.28213 ], [ -61.84579, 3.2749 ], [ -61.84663, 3.26657 ], [ -61.85079, 3.26323 ], [ -61.86857, 3.26824 ], [ -61.87135, 3.27629 ], [ -61.88773, 3.28213 ], [ -61.89357, 3.29129 ], [ -61.8994, 3.28879 ], [ -61.91302, 3.2899 ], [ -61.92385, 3.28045 ], [ -61.92829, 3.28129 ], [ -61.92802, 3.2874 ], [ -61.9331, 3.2907 ], [ -61.933, 3.30195 ], [ -61.9274, 3.329 ], [ -61.9157, 3.3283 ], [ -61.9179, 3.3338 ], [ -61.91605, 3.33865 ], [ -61.9029, 3.3439 ], [ -61.8999, 3.3481 ], [ -61.8913, 3.3479 ], [ -61.889, 3.361 ], [ -61.8598, 3.3838 ], [ -61.8608, 3.3884 ], [ -61.8521, 3.3941 ], [ -61.85182, 3.40439 ], [ -61.8436, 3.4125 ], [ -61.8425, 3.4214 ], [ -61.82503, 3.431 ], [ -61.81912, 3.44396 ], [ -61.8044, 3.4461 ], [ -61.7985, 3.4506 ], [ -61.8021, 3.4652 ], [ -61.8005, 3.4741 ], [ -61.7825, 3.4743 ], [ -61.7786, 3.4884 ], [ -61.7727, 3.4962 ], [ -61.7626, 3.4991 ], [ -61.7427, 3.4957 ], [ -61.7339, 3.4984 ], [ -61.72695, 3.50745 ], [ -61.699, 3.5126 ], [ -61.6862, 3.531 ], [ -61.67227, 3.54228 ], [ -61.6439, 3.5492 ], [ -61.62897, 3.55952 ], [ -61.6184, 3.5431 ], [ -61.5879, 3.5226 ], [ -61.5826, 3.5093 ], [ -61.5708, 3.4969 ], [ -61.5705, 3.4899 ], [ -61.5602, 3.4828 ] ], [ [ -61.12663, 4.44261 ], [ -61.12017, 4.44898 ], [ -61.12449, 4.4448 ], [ -61.12663, 4.44261 ] ], [ [ -61.10919, 4.43922 ], [ -61.11286, 4.43471 ], [ -61.11568, 4.43715 ], [ -61.11685, 4.43589 ], [ -61.10903, 4.43051 ], [ -61.11114, 4.42959 ], [ -61.1059, 4.42649 ], [ -61.0943, 4.4341 ], [ -61.0947, 4.4377 ], [ -61.0995, 4.4392 ], [ -61.10731, 4.43755 ], [ -61.12017, 4.44898 ], [ -61.10919, 4.43922 ] ], [ [ -61.12961, 4.43018 ], [ -61.15201, 4.42385 ], [ -61.15213, 4.42372 ], [ -61.12961, 4.43018 ] ], [ [ -61.1658, 4.4151 ], [ -61.16519, 4.41265 ], [ -61.16556, 4.41513 ], [ -61.1658, 4.4151 ] ], [ [ -61.16344, 4.40568 ], [ -61.16371, 4.40817 ], [ -61.15967, 4.40864 ], [ -61.16475, 4.4109 ], [ -61.16344, 4.40568 ] ], [ [ -61.16128, 4.39703 ], [ -61.15191, 4.38766 ], [ -61.16234, 4.40126 ], [ -61.16128, 4.39703 ] ], [ [ -61.14565, 4.35218 ], [ -61.15081, 4.3502 ], [ -61.15081, 4.34567 ], [ -61.14533, 4.34639 ], [ -61.14216, 4.34064 ], [ -61.14014, 4.34363 ], [ -61.13877, 4.34318 ], [ -61.13736, 4.34385 ], [ -61.13934, 4.35064 ], [ -61.14204, 4.35008 ], [ -61.14565, 4.35218 ] ], [ [ -61.11176, 4.33438 ], [ -61.11211, 4.33477 ], [ -61.12046, 4.33722 ], [ -61.11176, 4.33438 ] ], [ [ -61.08421, 4.31086 ], [ -61.08505, 4.31271 ], [ -61.09733, 4.31821 ], [ -61.08421, 4.31086 ] ], [ [ -61.08101, 4.30142 ], [ -61.07299, 4.28602 ], [ -61.08133, 4.30448 ], [ -61.08101, 4.30142 ] ], [ [ -61.05215, 4.2634 ], [ -61.05108, 4.26305 ], [ -61.06459, 4.28097 ], [ -61.05215, 4.2634 ] ], [ [ -61.01607, 4.23227 ], [ -61.01236, 4.20616 ], [ -61.01578, 4.23129 ], [ -61.01286, 4.23147 ], [ -61.01738, 4.23387 ], [ -61.01607, 4.23227 ] ], [ [ -61.01406, 4.18901 ], [ -61.01039, 4.18955 ], [ -61.00966, 4.18356 ], [ -61.01305, 4.18309 ], [ -61.00925, 4.18266 ], [ -61.01021, 4.18989 ], [ -61.01406, 4.18901 ] ], [ [ -60.9994, 3.7417 ], [ -60.99909, 3.74046 ], [ -60.99466, 3.79203 ], [ -60.9994, 3.7417 ] ], [ [ -61.04853, 4.25787 ], [ -61.0346, 4.25475 ], [ -61.0442, 4.2585 ], [ -61.04853, 4.25787 ] ], [ [ -61.33392, 3.41171 ], [ -61.33587, 3.41405 ], [ -61.3352, 3.4124 ], [ -61.33392, 3.41171 ] ], [ [ -61.3171, 3.4018 ], [ -61.31947, 3.403 ], [ -61.31266, 3.3931 ], [ -61.3171, 3.4018 ] ], [ [ -61.31111, 3.39156 ], [ -61.31206, 3.39223 ], [ -61.3119, 3.392 ], [ -61.31111, 3.39156 ] ], [ [ -61.30164, 3.38713 ], [ -61.30357, 3.38741 ], [ -61.3021, 3.3866 ], [ -61.30164, 3.38713 ] ], [ [ -61.5588, 3.8931 ], [ -61.55951, 3.89281 ], [ -61.55055, 3.88595 ], [ -61.5588, 3.8931 ] ], [ [ -61.5238, 3.8954 ], [ -61.532, 3.8918 ], [ -61.53358, 3.89265 ], [ -61.5451, 3.8912 ], [ -61.5302, 3.8916 ], [ -61.5238, 3.8954 ] ], [ [ -61.48729, 3.85902 ], [ -61.4854, 3.8661 ], [ -61.4881, 3.8601 ], [ -61.48729, 3.85902 ] ], [ [ -61.4795, 3.8517 ], [ -61.48615, 3.8575 ], [ -61.4756, 3.8435 ], [ -61.4795, 3.8517 ] ], [ [ -61.46562, 3.83083 ], [ -61.46661, 3.83156 ], [ -61.46616, 3.83096 ], [ -61.46562, 3.83083 ] ], [ [ -61.4108, 3.8259 ], [ -61.41656, 3.82635 ], [ -61.4164, 3.8261 ], [ -61.4108, 3.8259 ] ], [ [ -61.4093, 3.8298 ], [ -61.4036, 3.81065 ], [ -61.40211, 3.8089 ], [ -61.4103, 3.8362 ], [ -61.41154, 3.83691 ], [ -61.4101, 3.8354 ], [ -61.4108, 3.8259 ], [ -61.4093, 3.8298 ] ], [ [ -61.4139, 3.8394 ], [ -61.41338, 3.83885 ], [ -61.4121, 3.8431 ], [ -61.4139, 3.8394 ] ], [ [ -61.41724, 3.85434 ], [ -61.43151, 3.85267 ], [ -61.4172, 3.8531 ], [ -61.41873, 3.8462 ], [ -61.41512, 3.86149 ], [ -61.41724, 3.85434 ] ], [ [ -61.44642, 3.89221 ], [ -61.44632, 3.88946 ], [ -61.43151, 3.85267 ], [ -61.44642, 3.89221 ] ], [ [ -61.4754, 3.8951 ], [ -61.4699, 3.8908 ], [ -61.47552, 3.89559 ], [ -61.4754, 3.8951 ] ], [ [ -61.4777, 3.9048 ], [ -61.47695, 3.90163 ], [ -61.47751, 3.90499 ], [ -61.4777, 3.9048 ] ], [ [ -61.4403, 4.0632 ], [ -61.43818, 4.05304 ], [ -61.438, 4.0533 ], [ -61.4403, 4.0632 ] ], [ [ -61.45016, 4.07094 ], [ -61.4492, 4.0692 ], [ -61.4403, 4.0632 ], [ -61.45016, 4.07094 ] ], [ [ -61.4528, 4.0757 ], [ -61.45207, 4.07439 ], [ -61.4523, 4.0771 ], [ -61.4528, 4.0757 ] ], [ [ -61.4513, 4.0799 ], [ -61.45181, 4.07847 ], [ -61.4399, 4.0819 ], [ -61.4513, 4.0799 ] ], [ [ -61.41636, 4.09358 ], [ -61.3911, 4.09737 ], [ -61.36389, 4.08004 ], [ -61.34229, 4.08037 ], [ -61.32219, 4.07427 ], [ -61.31572, 4.08325 ], [ -61.31172, 4.10893 ], [ -61.30204, 4.13224 ], [ -61.29818, 4.13431 ], [ -61.29797, 4.14463 ], [ -61.28928, 4.15072 ], [ -61.27508, 4.17225 ], [ -61.28056, 4.17583 ], [ -61.28432, 4.17309 ], [ -61.28971, 4.17556 ], [ -61.28604, 4.18038 ], [ -61.28644, 4.18997 ], [ -61.29227, 4.19306 ], [ -61.29455, 4.2113 ], [ -61.3045, 4.2219 ], [ -61.3177, 4.22429 ], [ -61.31451, 4.22815 ], [ -61.32512, 4.25293 ], [ -61.31921, 4.26853 ], [ -61.32161, 4.27213 ], [ -61.32662, 4.27176 ], [ -61.33084, 4.27991 ], [ -61.37029, 4.28028 ], [ -61.38669, 4.27009 ], [ -61.40685, 4.24896 ], [ -61.45168, 4.18625 ], [ -61.449, 4.17536 ], [ -61.44333, 4.16791 ], [ -61.44836, 4.15856 ], [ -61.45501, 4.15658 ], [ -61.4561, 4.14432 ], [ -61.45187, 4.14102 ], [ -61.44997, 4.12682 ], [ -61.4464, 4.12605 ], [ -61.44477, 4.12151 ], [ -61.4497, 4.11635 ], [ -61.44884, 4.11152 ], [ -61.4527, 4.10983 ], [ -61.43816, 4.10459 ], [ -61.44221, 4.10195 ], [ -61.43827, 4.09986 ], [ -61.43422, 4.10023 ], [ -61.41636, 4.09358 ] ], [ [ -61.24077, 4.1179 ], [ -61.2412, 4.12686 ], [ -61.24251, 4.12376 ], [ -61.24077, 4.1179 ] ], [ [ -61.24509, 4.09536 ], [ -61.25128, 4.09805 ], [ -61.25162, 4.0974 ], [ -61.24509, 4.09536 ] ], [ [ -61.16026, 4.03151 ], [ -61.18496, 4.04277 ], [ -61.15882, 4.02896 ], [ -61.16026, 4.03151 ] ], [ [ -61.1667, 4.0247 ], [ -61.14223, 4.02142 ], [ -61.15223, 4.02547 ], [ -61.15041, 4.02451 ], [ -61.1667, 4.0247 ] ], [ [ -61.26405, 3.99895 ], [ -61.2327, 3.99989 ], [ -61.233, 4.0 ], [ -61.26405, 3.99895 ] ], [ [ -61.2793, 3.9799 ], [ -61.27277, 3.99277 ], [ -61.2757, 3.9907 ], [ -61.2793, 3.9799 ] ], [ [ -61.29498, 3.91601 ], [ -61.2669, 3.9555 ], [ -61.2954, 3.9179 ], [ -61.29498, 3.91601 ] ], [ [ -61.29913, 3.78828 ], [ -61.29645, 3.78749 ], [ -61.26493, 3.78764 ], [ -61.26128, 3.77702 ], [ -61.2722, 3.8122 ], [ -61.26539, 3.78782 ], [ -61.29913, 3.78828 ] ], [ [ -61.40029, 3.80675 ], [ -61.3994, 3.8057 ], [ -61.39839, 3.80591 ], [ -61.40029, 3.80675 ] ], [ [ -61.38432, 3.80792 ], [ -61.3804, 3.79835 ], [ -61.38325, 3.80815 ], [ -61.38432, 3.80792 ] ], [ [ -61.36155, 3.7923 ], [ -61.36698, 3.79404 ], [ -61.35438, 3.78547 ], [ -61.36155, 3.7923 ] ], [ [ -61.35326, 3.78518 ], [ -61.34519, 3.7831 ], [ -61.3461, 3.785 ], [ -61.35326, 3.78518 ] ], [ [ -61.34482, 3.78234 ], [ -61.34883, 3.77699 ], [ -61.34395, 3.78052 ], [ -61.34482, 3.78234 ] ], [ [ -61.34391, 3.78055 ], [ -61.34137, 3.78239 ], [ -61.34019, 3.78692 ], [ -61.34391, 3.78055 ] ], [ [ -61.33866, 3.78955 ], [ -61.31994, 3.7944 ], [ -61.3382, 3.79034 ], [ -61.33866, 3.78955 ] ], [ [ -61.36, 3.6641 ], [ -61.371, 3.6664 ], [ -61.35985, 3.66392 ], [ -61.36, 3.6641 ] ], [ [ -61.37354, 3.67995 ], [ -61.3665, 3.6829 ], [ -61.3664, 3.68349 ], [ -61.3739, 3.6804 ], [ -61.37354, 3.67995 ] ], [ [ -61.3548, 3.7049 ], [ -61.35503, 3.7062 ], [ -61.35514, 3.70465 ], [ -61.3548, 3.7049 ] ], [ [ -61.3652, 3.7104 ], [ -61.3555, 3.7088 ], [ -61.36568, 3.71111 ], [ -61.3652, 3.7104 ] ], [ [ -61.34818, 3.74253 ], [ -61.3467, 3.74512 ], [ -61.3598, 3.739 ], [ -61.34818, 3.74253 ] ], [ [ -61.34874, 3.76834 ], [ -61.35156, 3.77335 ], [ -61.35246, 3.77215 ], [ -61.34874, 3.76834 ] ], [ [ -61.34708, 3.76539 ], [ -61.34757, 3.76627 ], [ -61.34998, 3.75278 ], [ -61.34708, 3.76539 ] ], [ [ -61.34568, 3.74692 ], [ -61.34468, 3.74868 ], [ -61.34998, 3.75278 ], [ -61.34568, 3.74692 ] ], [ [ -61.44651, 3.89478 ], [ -61.44102, 3.89559 ], [ -61.44657, 3.89654 ], [ -61.44651, 3.89478 ] ], [ [ -61.42488, 3.90547 ], [ -61.42299, 3.90541 ], [ -61.42046, 3.90826 ], [ -61.42488, 3.90547 ] ], [ [ -61.41529, 3.91409 ], [ -61.40983, 3.92026 ], [ -61.40934, 3.92296 ], [ -61.41529, 3.91409 ] ], [ [ -61.0533, 4.2595 ], [ -61.06472, 4.2615 ], [ -61.05203, 4.25866 ], [ -61.05275, 4.26253 ], [ -61.0533, 4.2595 ] ], [ [ -61.08306, 4.26561 ], [ -61.1005, 4.2715 ], [ -61.0857, 4.2662 ], [ -61.08306, 4.26561 ] ], [ [ -61.2915, 4.2942 ], [ -61.31282, 4.3022 ], [ -61.30244, 4.29681 ], [ -61.2915, 4.2942 ] ], [ [ -61.2678, 4.24175 ], [ -61.2639, 4.23658 ], [ -61.26432, 4.24038 ], [ -61.2678, 4.24175 ] ], [ [ -61.25778, 4.23403 ], [ -61.2578, 4.23566 ], [ -61.2639, 4.23658 ], [ -61.25778, 4.23403 ] ], [ [ -61.24561, 4.2025 ], [ -61.25193, 4.19381 ], [ -61.24532, 4.20094 ], [ -61.24561, 4.2025 ] ], [ [ -61.24874, 4.18866 ], [ -61.25121, 4.17824 ], [ -61.25104, 4.17833 ], [ -61.24874, 4.18866 ] ], [ [ -61.32176, 4.30685 ], [ -61.31412, 4.30288 ], [ -61.32429, 4.31159 ], [ -61.32176, 4.30685 ] ], [ [ -61.6303, 4.2218 ], [ -61.63659, 4.23351 ], [ -61.6365, 4.2309 ], [ -61.6303, 4.2218 ] ], [ [ -61.77618, 4.06377 ], [ -61.7688, 4.0741 ], [ -61.7762, 4.0639 ], [ -61.77618, 4.06377 ] ], [ [ -61.7721, 4.0414 ], [ -61.7715, 4.0551 ], [ -61.77382, 4.04061 ], [ -61.7721, 4.0414 ] ], [ [ -61.7719, 4.033 ], [ -61.77406, 4.03908 ], [ -61.7743, 4.0376 ], [ -61.7719, 4.033 ] ], [ [ -61.5778, 3.91354 ], [ -61.5798, 3.9232 ], [ -61.5794, 3.9148 ], [ -61.5778, 3.91354 ] ], [ [ -61.5722, 3.9102 ], [ -61.57398, 3.91051 ], [ -61.5526, 3.8936 ], [ -61.5722, 3.9102 ] ], [ [ -61.16495, 4.4248 ], [ -61.1649, 4.4188 ], [ -61.16254, 4.41865 ], [ -61.1587, 4.42443 ], [ -61.16495, 4.4248 ] ], [ [ -61.18561, 4.51452 ], [ -61.19185, 4.51432 ], [ -61.18816, 4.50969 ], [ -61.18439, 4.5102 ], [ -61.18561, 4.51452 ] ], [ [ -61.2182, 4.43183 ], [ -61.22158, 4.43186 ], [ -61.22194, 4.4272 ], [ -61.21669, 4.42858 ], [ -61.2182, 4.43183 ] ], [ [ -61.22048, 4.52154 ], [ -61.21851, 4.52008 ], [ -61.21849, 4.52322 ], [ -61.22048, 4.52154 ] ], [ [ -61.13556, 4.02286 ], [ -61.14011, 4.02113 ], [ -61.12217, 4.01873 ], [ -61.13556, 4.02286 ] ], [ [ -61.07401, 4.01122 ], [ -61.10924, 4.01373 ], [ -61.09254, 4.0107 ], [ -61.07401, 4.01122 ] ], [ [ -61.16103, 4.24686 ], [ -61.16019, 4.24349 ], [ -61.15406, 4.24398 ], [ -61.15622, 4.24927 ], [ -61.16103, 4.24686 ] ], [ [ -60.85933, 4.41846 ], [ -60.85911, 4.4192 ], [ -60.85951, 4.41863 ], [ -60.85933, 4.41846 ] ], [ [ -60.85942, 4.40966 ], [ -60.85532, 4.41488 ], [ -60.86319, 4.40788 ], [ -60.85942, 4.40966 ] ], [ [ -60.8723, 4.40358 ], [ -60.87136, 4.40402 ], [ -60.87203, 4.40422 ], [ -60.8723, 4.40358 ] ], [ [ -60.8593, 4.31991 ], [ -60.86382, 4.3331 ], [ -60.8602, 4.32054 ], [ -60.8593, 4.31991 ] ], [ [ -60.84003, 4.29544 ], [ -60.84075, 4.29602 ], [ -60.83833, 4.28903 ], [ -60.84003, 4.29544 ] ], [ [ -60.80766, 4.24617 ], [ -60.80801, 4.24646 ], [ -60.81114, 4.24012 ], [ -60.80766, 4.24617 ] ], [ [ -60.79941, 4.20865 ], [ -60.80199, 4.20628 ], [ -60.79744, 4.20977 ], [ -60.80551, 4.21351 ], [ -60.79941, 4.20865 ] ], [ [ -60.8252, 4.2104 ], [ -60.80625, 4.21385 ], [ -60.807, 4.2142 ], [ -60.8252, 4.2104 ] ], [ [ -60.95956, 4.26087 ], [ -60.95045, 4.25925 ], [ -60.9506, 4.2594 ], [ -60.95956, 4.26087 ] ], [ [ -61.01779, 4.25192 ], [ -61.0171, 4.2518 ], [ -60.96553, 4.26186 ], [ -60.9658, 4.2619 ], [ -61.01779, 4.25192 ] ], [ [ -60.87656, 4.23839 ], [ -60.87407, 4.23829 ], [ -60.87661, 4.24078 ], [ -60.87656, 4.23839 ] ], [ [ -61.05829, 4.41005 ], [ -61.0457, 4.40575 ], [ -61.04303, 4.41062 ], [ -61.05607, 4.41437 ], [ -61.05829, 4.41005 ] ], [ [ -61.08093, 4.41784 ], [ -61.0733, 4.41949 ], [ -61.07357, 4.42098 ], [ -61.08214, 4.42206 ], [ -61.08093, 4.41784 ] ], [ [ -61.08738, 4.42157 ], [ -61.08353, 4.42137 ], [ -61.08284, 4.42558 ], [ -61.08711, 4.42541 ], [ -61.08738, 4.42157 ] ], [ [ -61.10034, 4.42017 ], [ -61.08891, 4.41989 ], [ -61.08993, 4.42382 ], [ -61.10048, 4.42423 ], [ -61.10034, 4.42017 ] ], [ [ -61.11391, 4.47312 ], [ -61.10824, 4.47324 ], [ -61.10856, 4.47704 ], [ -61.11397, 4.47696 ], [ -61.11391, 4.47312 ] ], [ [ -61.11947, 4.47793 ], [ -61.11088, 4.47819 ], [ -61.11113, 4.48343 ], [ -61.11969, 4.48344 ], [ -61.11947, 4.47793 ] ], [ [ -60.92619, 3.59138 ], [ -60.93069, 3.59591 ], [ -60.93519, 3.59138 ], [ -60.93049, 3.58687 ], [ -60.92619, 3.59138 ] ], [ [ -60.8047, 4.20379 ], [ -60.80552, 4.20303 ], [ -60.79522, 4.20379 ], [ -60.8047, 4.20379 ] ], [ [ -60.78738, 4.18179 ], [ -60.78891, 4.1974 ], [ -60.79347, 4.1948 ], [ -60.79199, 4.18987 ], [ -60.79364, 4.18196 ], [ -60.78738, 4.18179 ] ], [ [ -60.79519, 4.17452 ], [ -60.79543, 4.17337 ], [ -60.79002, 4.16154 ], [ -60.79519, 4.17452 ] ], [ [ -60.7894, 4.1321 ], [ -60.78939, 4.13192 ], [ -60.78856, 4.13126 ], [ -60.7894, 4.1321 ] ], [ [ -60.78416, 4.12775 ], [ -60.7837, 4.12738 ], [ -60.77053, 4.13337 ], [ -60.78416, 4.12775 ] ], [ [ -60.76482, 4.1298 ], [ -60.77029, 4.1362 ], [ -60.77054, 4.13597 ], [ -60.76482, 4.1298 ] ], [ [ -60.76829, 4.13804 ], [ -60.76977, 4.13668 ], [ -60.76472, 4.13736 ], [ -60.76852, 4.13865 ], [ -60.76829, 4.13804 ] ], [ [ -60.77051, 4.14401 ], [ -60.77088, 4.14654 ], [ -60.77142, 4.14645 ], [ -60.77051, 4.14401 ] ], [ [ -60.76539, 4.1475 ], [ -60.76095, 4.14743 ], [ -60.76111, 4.14825 ], [ -60.76539, 4.1475 ] ], [ [ -60.76008, 4.14303 ], [ -60.75998, 4.14048 ], [ -60.75968, 4.14101 ], [ -60.76008, 4.14303 ] ], [ [ -60.76347, 4.13441 ], [ -60.76047, 4.13963 ], [ -60.76412, 4.13715 ], [ -60.76347, 4.13441 ] ], [ [ -60.7547, 4.12988 ], [ -60.76337, 4.13398 ], [ -60.75261, 4.12751 ], [ -60.7547, 4.12988 ] ], [ [ -60.74804, 4.12234 ], [ -60.74746, 4.12129 ], [ -60.74756, 4.12179 ], [ -60.74804, 4.12234 ] ], [ [ -60.74694, 4.11848 ], [ -60.74996, 4.11154 ], [ -60.74637, 4.11548 ], [ -60.74694, 4.11848 ] ], [ [ -61.03162, 4.03119 ], [ -61.04018, 4.02601 ], [ -61.0399, 4.02557 ], [ -61.03162, 4.03119 ] ], [ [ -61.03183, 4.03536 ], [ -61.03246, 4.03478 ], [ -61.03162, 4.03119 ], [ -61.03183, 4.03536 ] ], [ [ -61.02838, 4.03781 ], [ -61.0289, 4.03802 ], [ -61.03068, 4.0364 ], [ -61.02838, 4.03781 ] ], [ [ -61.01363, 4.03791 ], [ -61.01718, 4.04383 ], [ -61.01743, 4.0431 ], [ -61.01363, 4.03791 ] ], [ [ -60.99801, 4.03558 ], [ -60.99637, 4.03919 ], [ -60.99975, 4.03597 ], [ -60.99801, 4.03558 ] ], [ [ -60.97821, 4.03536 ], [ -60.97965, 4.03646 ], [ -60.982, 4.03531 ], [ -60.97821, 4.03536 ] ], [ [ -60.90856, 3.89011 ], [ -60.91199, 3.88897 ], [ -60.91084, 3.88577 ], [ -60.90787, 3.88622 ], [ -60.90856, 3.89011 ] ], [ [ -60.64373, 4.24301 ], [ -60.64654, 4.23812 ], [ -60.63825, 4.23304 ], [ -60.63656, 4.23997 ], [ -60.64373, 4.24301 ] ], [ [ -60.80259, 4.47889 ], [ -60.80656, 4.47084 ], [ -60.8004, 4.46935 ], [ -60.7996, 4.47467 ], [ -60.80259, 4.47889 ] ], [ [ -61.14843, 4.47772 ], [ -61.14819, 4.47684 ], [ -61.14828, 4.47773 ], [ -61.14843, 4.47772 ] ] ], [ [ [ -61.14354, 4.48409 ], [ -61.14367, 4.47883 ], [ -61.14605, 4.47775 ], [ -61.14354, 4.48409 ] ] ] ] } },
{ "type": "Feature", "properties": { "cluster": 480.0, "hvi": 0.0877, "population": 316, "setores": 1, "municipio": "Pacaraima" }, "geometry": { "type": "Polygon", "coordinates": [ [ [ -60.79407, 4.18197 ], [ -60.79347, 4.1948 ], [ -60.78891, 4.1974 ], [ -60.78738, 4.18179 ], [ -60.79407, 4.18197 ] ] ] } },
{ "type": "Feature", "properties": { "cluster": 481.0, "hvi": 0.1292, "population": 1124, "setores": 1, "municipio": "Pacaraima" }, "geometry": { "type": "Polygon", "coordinates": [ [ [ -60.5398, 4.17245 ], [ -60.53607, 4.16712 ], [ -60.52622, 4.16905 ], [ -60.52787, 4.15431 ], [ -60.54097, 4.15377 ], [ -60.55508, 4.16073 ], [ -60.55424, 4.16619 ], [ -60.54452, 4.17293 ], [ -60.5398, 4.17245 ] ] ] } },
{ "type": "Feature", "properties": { "cluster": 482.0, "hvi": 0.2352, "population": 2014, "setores": 1, "municipio": "Pacaraima" }, "geometry": { "type": "Polygon", "coordinates": [ [ [ -61.12948, 4.48302 ], [ -61.12815, 4.47445 ], [ -61.1376, 4.46861 ], [ -61.13935, 4.48309 ], [ -61.12948, 4.48302 ] ] ] } },
{ "type": "Feature", "properties": { "cluster": 483.0, "hvi": 0.0932, "population": 352, "setores": 1, "municipio": "Pacaraima" }, "geometry": { "type": "Polygon", "coordinates": [ [ [ -61.21669, 4.42858 ], [ -61.22194, 4.4272 ], [ -61.22158, 4.43186 ], [ -61.2182, 4.43183 ], [ -61.21669, 4.42858 ] ] ] } },
{ "type": "Feature", "properties": { "cluster": 484.0, "hvi": 0.0907, "population": 393, "setores": 1, "municipio": "Pacaraima" }, "geometry": { "type": "Polygon", "coordinates": [ [ [ -60.63656, 4.23997 ], [ -60.63825, 4.23304 ], [ -60.64654, 4.23812 ], [ -60.64373, 4.24301 ], [ -60.63656, 4.23997 ] ] ] } },
{ "type": "Feature", "properties": { "cluster": 485.0, "hvi": 0.0816, "population": 186, "setores": 1, "municipio": "Pacaraima" }, "geometry": { "type": "Polygon", "coordinates": [ [ [ -61.15406, 4.24398 ], [ -61.16019, 4.24349 ], [ -61.16103, 4.24686 ], [ -61.15622, 4.24927 ], [ -61.15406, 4.24398 ] ] ] } },
{ "type": "Feature", "properties": { "cluster": 486.0, "hvi": 0.0796, "population": 115, "setores": 1, "municipio": "Pacaraima" }, "geometry": { "type": "Polygon", "coordinates": [ [ [ -60.51066, 3.78801 ], [ -60.5166, 3.78925 ], [ -60.5114, 3.79625 ], [ -60.50869, 3.79588 ], [ -60.51066, 3.78801 ] ] ] } },
{ "type": "Feature", "properties": { "cluster": 487.0, "hvi": 0.0729, "population": 2985, "setores": 25, "municipio": "Pacaraima" }, "geometry": { "type": "Polygon", "coordinates": [ [ [ -61.00176, 4.51775 ], [ -60.99788, 4.5156 ], [ -60.99301, 4.52135 ], [ -60.99703, 4.52847 ], [ -60.99406, 4.53285 ], [ -60.9868, 4.53169 ], [ -60.98486, 4.54267 ], [ -60.97754, 4.54133 ], [ -60.95791, 4.54516 ], [ -60.95733, 4.55634 ], [ -60.95295, 4.56041 ], [ -60.95684, 4.58167 ], [ -60.93979, 4.57982 ], [ -60.93142, 4.58433 ], [ -60.93499, 4.58782 ], [ -60.93831, 4.60267 ], [ -60.9331, 4.62079 ], [ -60.93752, 4.62412 ], [ -60.93883, 4.63382 ], [ -60.95074, 4.63754 ], [ -60.94869, 4.65304 ], [ -60.94758, 4.65554 ], [ -60.93399, 4.65622 ], [ -60.93095, 4.66162 ], [ -60.91959, 4.66335 ], [ -60.90992, 4.68899 ], [ -60.91277, 4.69897 ], [ -60.90191, 4.71608 ], [ -60.89112, 4.71708 ], [ -60.88317, 4.71233 ], [ -60.87672, 4.71571 ], [ -60.87001, 4.70895 ], [ -60.85107, 4.70294 ], [ -60.8484, 4.70941 ], [ -60.84005, 4.71303 ], [ -60.83394, 4.72248 ], [ -60.83593, 4.72755 ], [ -60.82999, 4.72824 ], [ -60.82704, 4.72387 ], [ -60.81516, 4.7281 ], [ -60.80742, 4.74782 ], [ -60.80269, 4.74614 ], [ -60.80148, 4.74987 ], [ -60.79758, 4.75059 ], [ -60.79385, 4.7476 ], [ -60.78861, 4.7529 ], [ -60.7751, 4.75217 ], [ -60.7637, 4.75817 ], [ -60.75093, 4.75369 ], [ -60.74226, 4.76167 ], [ -60.73958, 4.76978 ], [ -60.72088, 4.77738 ], [ -60.72705, 4.78824 ], [ -60.71968, 4.79962 ], [ -60.70523, 4.80962 ], [ -60.69607, 4.81045 ], [ -60.68746, 4.81962 ], [ -60.68606, 4.82629 ], [ -60.67635, 4.83129 ], [ -60.67245, 4.84073 ], [ -60.65912, 4.84906 ], [ -60.65995, 4.85602 ], [ -60.65634, 4.86517 ], [ -60.64829, 4.86879 ], [ -60.65384, 4.88129 ], [ -60.65245, 4.88462 ], [ -60.62884, 4.88879 ], [ -60.62578, 4.90407 ], [ -60.61607, 4.91795 ], [ -60.60884, 4.92406 ], [ -60.5919, 4.92684 ], [ -60.58412, 4.95573 ], [ -60.59273, 4.97073 ], [ -60.59912, 4.99934 ], [ -60.61301, 5.00657 ], [ -60.61151, 5.01517 ], [ -60.62384, 5.02712 ], [ -60.63199, 5.05004 ], [ -60.6444, 5.05684 ], [ -60.64085, 5.08156 ], [ -60.64524, 5.09601 ], [ -60.6409, 5.10976 ], [ -60.64265, 5.1172 ], [ -60.64579, 5.11823 ], [ -60.64878, 5.119 ], [ -60.6544, 5.1124 ], [ -60.65607, 5.11434 ], [ -60.65706, 5.15598 ], [ -60.66123, 5.16373 ], [ -60.67939, 5.17657 ], [ -60.68081, 5.18859 ], [ -60.68668, 5.19431 ], [ -60.69467, 5.19709 ], [ -60.70162, 5.19434 ], [ -60.71828, 5.1956 ], [ -60.72815, 5.20099 ], [ -60.73556, 5.20105 ], [ -60.71395, 5.20703 ], [ -60.7052, 5.19829 ], [ -60.68114, 5.20262 ], [ -60.68272, 5.19703 ], [ -60.67003, 5.19637 ], [ -60.66726, 5.18935 ], [ -60.66067, 5.18885 ], [ -60.66066, 5.18294 ], [ -60.65724, 5.18293 ], [ -60.65754, 5.174 ], [ -60.65189, 5.17318 ], [ -60.64374, 5.17871 ], [ -60.63956, 5.17285 ], [ -60.63266, 5.178 ], [ -60.62547, 5.16773 ], [ -60.62784, 5.16506 ], [ -60.62598, 5.16222 ], [ -60.60815, 5.15479 ], [ -60.60945, 5.14918 ], [ -60.60445, 5.14936 ], [ -60.60453, 5.14228 ], [ -60.60025, 5.13998 ], [ -60.59391, 5.14286 ], [ -60.59595, 5.1383 ], [ -60.59198, 5.13727 ], [ -60.58806, 5.13898 ], [ -60.58066, 5.1385 ], [ -60.57794, 5.14148 ], [ -60.58061, 5.14275 ], [ -60.57679, 5.14418 ], [ -60.57597, 5.15036 ], [ -60.57277, 5.15214 ], [ -60.57029, 5.1431 ], [ -60.55438, 5.14189 ], [ -60.54995, 5.1376 ], [ -60.54403, 5.14116 ], [ -60.54781, 5.14375 ], [ -60.53667, 5.15122 ], [ -60.5328, 5.14854 ], [ -60.53073, 5.15149 ], [ -60.52579, 5.14802 ], [ -60.51107, 5.14859 ], [ -60.50845, 5.1534 ], [ -60.49577, 5.14862 ], [ -60.49642, 5.15213 ], [ -60.49308, 5.15166 ], [ -60.49035, 5.15569 ], [ -60.48904, 5.15075 ], [ -60.48617, 5.15154 ], [ -60.48722, 5.1556 ], [ -60.48435, 5.15487 ], [ -60.48405, 5.1583 ], [ -60.47723, 5.16119 ], [ -60.47322, 5.15854 ], [ -60.46668, 5.15981 ], [ -60.46621, 5.15379 ], [ -60.45824, 5.14693 ], [ -60.4472, 5.14719 ], [ -60.44516, 5.1424 ], [ -60.43534, 5.14169 ], [ -60.4351, 5.1308 ], [ -60.4497, 5.1235 ], [ -60.4453, 5.1235 ], [ -60.4469, 5.1203 ], [ -60.439, 5.1156 ], [ -60.4326, 5.1237 ], [ -60.4279, 5.1181 ], [ -60.4264, 5.1206 ], [ -60.4196, 5.1186 ], [ -60.415, 5.1213 ], [ -60.4187, 5.1063 ], [ -60.4239, 5.1056 ], [ -60.4248, 5.1021 ], [ -60.4166, 5.106 ], [ -60.4086, 5.1038 ], [ -60.40667, 5.1066 ], [ -60.40771, 5.10341 ], [ -60.40257, 5.10426 ], [ -60.3965, 5.10017 ], [ -60.39882, 5.09175 ], [ -60.39661, 5.08804 ], [ -60.40525, 5.08566 ], [ -60.40532, 5.07502 ], [ -60.4082, 5.075 ], [ -60.4032, 5.0659 ], [ -60.4106, 5.0627 ], [ -60.4209, 5.0493 ], [ -60.4061, 5.0451 ], [ -60.40409, 5.03624 ], [ -60.40882, 5.03909 ], [ -60.41383, 5.03726 ], [ -60.41366, 5.02814 ], [ -60.4198, 5.0253 ], [ -60.4188, 5.0219 ], [ -60.4255, 5.0199 ], [ -60.4282, 5.0165 ], [ -60.4268, 5.0127 ], [ -60.4321, 5.0087 ], [ -60.4248, 5.0062 ], [ -60.4296, 5.0053 ], [ -60.43069, 5.00186 ], [ -60.43473, 5.00439 ], [ -60.43863, 5.00213 ], [ -60.43698, 4.99595 ], [ -60.43099, 4.99735 ], [ -60.433, 4.9899 ], [ -60.4419, 4.9838 ], [ -60.45, 4.9901 ], [ -60.45825, 4.98485 ], [ -60.4514, 4.9721 ], [ -60.4573, 4.971 ], [ -60.4604, 4.9629 ], [ -60.467, 4.9617 ], [ -60.4478, 4.955 ], [ -60.4478, 4.9507 ], [ -60.4531, 4.9487 ], [ -60.4552, 4.943 ], [ -60.4516, 4.9421 ], [ -60.4492, 4.9295 ], [ -60.4552, 4.9266 ], [ -60.457, 4.911 ], [ -60.4621, 4.9081 ], [ -60.4662, 4.8975 ], [ -60.4713, 4.8953 ], [ -60.4751, 4.8885 ], [ -60.4727, 4.8802 ], [ -60.4663, 4.8796 ], [ -60.46, 4.8737 ], [ -60.4644, 4.8496 ], [ -60.4594, 4.8448 ], [ -60.4624, 4.8422 ], [ -60.46795, 4.79585 ], [ -60.4717, 4.7893 ], [ -60.4684, 4.7895 ], [ -60.466, 4.7828 ], [ -60.4693, 4.7739 ], [ -60.4657, 4.7618 ], [ -60.4741, 4.7488 ], [ -60.471, 4.7431 ], [ -60.475, 4.7426 ], [ -60.4728, 4.7381 ], [ -60.4742, 4.7196 ], [ -60.47606, 4.71702 ], [ -60.47035, 4.71434 ], [ -60.47304, 4.70855 ], [ -60.47818, 4.71096 ], [ -60.4747, 4.7039 ], [ -60.4842, 4.695 ], [ -60.4808, 4.6859 ], [ -60.4878, 4.6713 ], [ -60.4886, 4.66 ], [ -60.49308, 4.65051 ], [ -60.50001, 4.65066 ], [ -60.50377, 4.64294 ], [ -60.5083, 4.6434 ], [ -60.5119, 4.6398 ], [ -60.546, 4.6411 ], [ -60.5627, 4.6457 ], [ -60.5735, 4.6404 ], [ -60.5886, 4.6435 ], [ -60.6001, 4.6255 ], [ -60.6069, 4.6219 ], [ -60.6102, 4.6236 ], [ -60.6236, 4.6112 ], [ -60.63549, 4.60511 ], [ -60.64023, 4.61684 ], [ -60.61156, 4.54579 ], [ -60.62896, 4.52048 ], [ -60.6299, 4.50168 ], [ -60.63974, 4.49346 ], [ -60.64401, 4.4851 ], [ -60.63665, 4.47745 ], [ -60.64192, 4.46582 ], [ -60.63885, 4.46432 ], [ -60.64801, 4.44586 ], [ -60.64809, 4.4354 ], [ -60.65025, 4.43621 ], [ -60.65676, 4.42481 ], [ -60.65986, 4.42669 ], [ -60.6609, 4.4522 ], [ -60.6672, 4.4572 ], [ -60.6831, 4.4594 ], [ -60.6856, 4.4557 ], [ -60.6988, 4.4571 ], [ -60.6994, 4.453 ], [ -60.7035, 4.4516 ], [ -60.716, 4.4583 ], [ -60.7209, 4.4566 ], [ -60.7283, 4.4613 ], [ -60.7305, 4.4595 ], [ -60.7324, 4.464 ], [ -60.7505, 4.4778 ], [ -60.7508, 4.4851 ], [ -60.76, 4.4893 ], [ -60.7697, 4.4838 ], [ -60.7808, 4.4845 ], [ -60.7913, 4.4779 ], [ -60.8054, 4.4829 ], [ -60.8179, 4.4781 ], [ -60.8238, 4.4806 ], [ -60.8323, 4.4771 ], [ -60.8335, 4.4667 ], [ -60.8373, 4.4662 ], [ -60.8363, 4.4587 ], [ -60.84957, 4.4327 ], [ -60.86191, 4.4415 ], [ -60.86425, 4.44775 ], [ -60.8724, 4.45254 ], [ -60.86863, 4.45439 ], [ -60.87609, 4.45567 ], [ -60.87828, 4.46091 ], [ -60.88667, 4.45856 ], [ -60.89579, 4.46486 ], [ -60.90153, 4.46361 ], [ -60.90588, 4.4719 ], [ -60.91883, 4.47101 ], [ -60.9187, 4.46765 ], [ -60.929, 4.47591 ], [ -60.95041, 4.47624 ], [ -60.9588, 4.48213 ], [ -60.95623, 4.48326 ], [ -60.95788, 4.48559 ], [ -60.96617, 4.48622 ], [ -60.97248, 4.48212 ], [ -60.99513, 4.48289 ], [ -61.00686, 4.48804 ], [ -61.01643, 4.48377 ], [ -61.03028, 4.48479 ], [ -61.03695, 4.48838 ], [ -61.04828, 4.48612 ], [ -61.0554, 4.48799 ], [ -61.0577, 4.49182 ], [ -61.0694, 4.48969 ], [ -61.07304, 4.49229 ], [ -61.08984, 4.49014 ], [ -61.10061, 4.48455 ], [ -61.10933, 4.48679 ], [ -61.11956, 4.49865 ], [ -61.12734, 4.49261 ], [ -61.13445, 4.49316 ], [ -61.13256, 4.49763 ], [ -61.12757, 4.49912 ], [ -61.12564, 4.50567 ], [ -61.10457, 4.51203 ], [ -61.10162, 4.51771 ], [ -61.09587, 4.51748 ], [ -61.094, 4.52283 ], [ -61.07664, 4.51708 ], [ -61.06072, 4.52332 ], [ -61.0228, 4.52013 ], [ -61.01578, 4.51448 ], [ -61.01104, 4.51836 ], [ -61.00682, 4.51875 ], [ -61.00176, 4.51775 ] ], [ [ -60.62125, 4.85419 ], [ -60.62406, 4.8585 ], [ -60.63086, 4.86194 ], [ -60.62125, 4.85419 ] ], [ [ -60.61442, 4.84233 ], [ -60.61392, 4.84294 ], [ -60.61653, 4.84695 ], [ -60.61442, 4.84233 ] ], [ [ -60.62729, 4.65483 ], [ -60.62659, 4.65535 ], [ -60.6286, 4.65603 ], [ -60.62729, 4.65483 ] ], [ [ -60.8615, 4.46798 ], [ -60.86178, 4.46954 ], [ -60.8667, 4.4715 ], [ -60.8701, 4.4662 ], [ -60.86524, 4.4704 ], [ -60.8615, 4.46798 ] ], [ [ -60.861, 4.4652 ], [ -60.86112, 4.46589 ], [ -60.8677, 4.4598 ], [ -60.861, 4.4652 ] ], [ [ -61.01096, 4.5182 ], [ -61.01241, 4.51603 ], [ -61.00383, 4.51727 ], [ -61.01096, 4.5182 ] ], [ [ -61.0898, 4.51852 ], [ -61.08995, 4.51814 ], [ -61.08839, 4.51795 ], [ -61.0898, 4.51852 ] ], [ [ -60.47909, 4.7128 ], [ -60.47858, 4.71177 ], [ -60.47628, 4.7167 ], [ -60.47909, 4.7128 ] ] ] } },
{ "type": "Feature", "properties": { "cluster": 488.0, "hvi": 0.0764, "population": 61, "setores": 1, "municipio": "Pacaraima" }, "geometry": { "type": "Polygon", "coordinates": [ [ [ -60.8004, 4.46935 ], [ -60.80656, 4.47084 ], [ -60.80259, 4.47889 ], [ -60.7996, 4.47467 ], [ -60.8004, 4.46935 ] ] ] } },
{ "type": "Feature", "properties": { "cluster": 489.0, "hvi": 0.0769, "population": 57, "setores": 1, "municipio": "Pacaraima" }, "geometry": { "type": "Polygon", "coordinates": [ [ [ -60.49375, 3.8857 ], [ -60.49823, 3.88719 ], [ -60.50118, 3.89376 ], [ -60.49477, 3.89437 ], [ -60.49375, 3.8857 ] ] ] } },
{ "type": "Feature", "properties": { "cluster": 490.0, "hvi": 0.1147, "population": 518, "setores": 1, "municipio": "Pacaraima" }, "geometry": { "type": "Polygon", "coordinates": [ [ [ -61.1587, 4.42443 ], [ -61.16254, 4.41865 ], [ -61.1649, 4.4188 ], [ -61.16495, 4.4248 ], [ -61.1587, 4.42443 ] ] ] } },
{ "type": "Feature", "properties": { "cluster": 491.0, "hvi": 0.1248, "population": 885, "setores": 1, "municipio": "Pacaraima" }, "geometry": { "type": "Polygon", "coordinates": [ [ [ -61.18439, 4.5102 ], [ -61.18816, 4.50969 ], [ -61.19185, 4.51432 ], [ -61.18561, 4.51452 ], [ -61.18439, 4.5102 ] ] ] } },
{ "type": "Feature", "properties": { "cluster": 492.0, "hvi": 0.103, "population": 380, "setores": 1, "municipio": "Pacaraima" }, "geometry": { "type": "Polygon", "coordinates": [ [ [ -61.21849, 4.52322 ], [ -61.21851, 4.52008 ], [ -61.22048, 4.52154 ], [ -61.21849, 4.52322 ] ] ] } },
{ "type": "Feature", "properties": { "cluster": 493.0, "hvi": 0.076, "population": 50, "setores": 1, "municipio": "Pacaraima" }, "geometry": { "type": "Polygon", "coordinates": [ [ [ -61.11397, 4.47696 ], [ -61.10856, 4.47704 ], [ -61.10824, 4.47324 ], [ -61.11391, 4.47312 ], [ -61.11397, 4.47696 ] ] ] } },
{ "type": "Feature", "properties": { "cluster": 494.0, "hvi": 0.0743, "population": 67, "setores": 1, "municipio": "Pacaraima" }, "geometry": { "type": "Polygon", "coordinates": [ [ [ -61.11947, 4.47793 ], [ -61.11969, 4.48344 ], [ -61.11113, 4.48343 ], [ -61.11088, 4.47819 ], [ -61.11947, 4.47793 ] ] ] } },
{ "type": "Feature", "properties": { "cluster": 495.0, "hvi": 0.0762, "population": 52, "setores": 1, "municipio": "Pacaraima" }, "geometry": { "type": "Polygon", "coordinates": [ [ [ -61.05829, 4.41005 ], [ -61.05607, 4.4144 ], [ -61.04303, 4.41062 ], [ -61.0457, 4.40575 ], [ -61.05829, 4.41005 ] ] ] } },
{ "type": "Feature", "properties": { "cluster": 496.0, "hvi": 0.0773, "population": 99, "setores": 1, "municipio": "Pacaraima" }, "geometry": { "type": "Polygon", "coordinates": [ [ [ -61.10048, 4.42423 ], [ -61.08993, 4.42382 ], [ -61.08891, 4.41989 ], [ -61.10034, 4.42017 ], [ -61.10048, 4.42423 ] ] ] } },
{ "type": "Feature", "properties": { "cluster": 497.0, "hvi": 0.0751, "population": 43, "setores": 1, "municipio": "Pacaraima" }, "geometry": { "type": "Polygon", "coordinates": [ [ [ -61.08711, 4.42541 ], [ -61.08284, 4.42558 ], [ -61.08353, 4.42137 ], [ -61.08738, 4.42157 ], [ -61.08711, 4.42541 ] ] ] } },
{ "type": "Feature", "properties": { "cluster": 498.0, "hvi": 0.0756, "population": 19, "setores": 1, "municipio": "Pacaraima" }, "geometry": { "type": "Polygon", "coordinates": [ [ [ -61.08214, 4.42206 ], [ -61.07357, 4.42098 ], [ -61.0733, 4.41949 ], [ -61.08093, 4.41784 ], [ -61.08214, 4.42206 ] ] ] } },
{ "type": "Feature", "properties": { "cluster": 499.0, "hvi": 0.0883, "population": 294, "setores": 1, "municipio": "Pacaraima" }, "geometry": { "type": "Polygon", "coordinates": [ [ [ -61.11286, 4.43471 ], [ -61.10919, 4.43922 ], [ -61.0943, 4.4369 ], [ -61.0943, 4.4341 ], [ -61.1059, 4.42649 ], [ -61.11286, 4.43471 ] ] ] } },
{ "type": "Feature", "properties": { "cluster": 500.0, "hvi": 0.1257, "population": 2552, "setores": 4, "municipio": "Rorainópolis" }, "geometry": { "type": "MultiPolygon", "coordinates": [ [ [ [ -60.43093, 0.93612 ], [ -60.43351, 0.93678 ], [ -60.43132, 0.94196 ], [ -60.43293, 0.94226 ], [ -60.43192, 0.94877 ], [ -60.42864, 0.94816 ], [ -60.43018, 0.94176 ], [ -60.42901, 0.9414 ], [ -60.43093, 0.93612 ] ] ], [ [ [ -60.44319, 0.94484 ], [ -60.44145, 0.95045 ], [ -60.43192, 0.94877 ], [ -60.4333, 0.9426 ], [ -60.44319, 0.94484 ] ] ] ] } },
{ "type": "Feature", "properties": { "cluster": 501.0, "hvi": 0.1382, "population": 2642, "setores": 3, "municipio": "Rorainópolis" }, "geometry": { "type": "MultiPolygon", "coordinates": [ [ [ [ -60.43351, 0.93678 ], [ -60.43461, 0.93247 ], [ -60.43846, 0.93349 ], [ -60.43733, 0.93773 ], [ -60.43351, 0.93678 ] ] ], [ [ [ -60.43351, 0.93678 ], [ -60.43706, 0.93767 ], [ -60.43621, 0.9411 ], [ -60.44355, 0.94365 ], [ -60.44319, 0.94484 ], [ -60.4362, 0.94115 ], [ -60.43571, 0.94312 ], [ -60.43129, 0.94195 ], [ -60.43351, 0.93678 ] ] ] ] } },
{ "type": "Feature", "properties": { "cluster": 502.0, "hvi": 0.1595, "population": 2562, "setores": 2, "municipio": "Rorainópolis" }, "geometry": { "type": "Polygon", "coordinates": [ [ [ -60.43706, 0.93767 ], [ -60.44443, 0.94076 ], [ -60.44379, 0.94287 ], [ -60.44534, 0.93815 ], [ -60.45231, 0.93669 ], [ -60.45071, 0.94829 ], [ -60.44263, 0.94641 ], [ -60.44353, 0.94365 ], [ -60.43587, 0.94098 ], [ -60.43706, 0.93767 ] ] ] } },
{ "type": "Feature", "properties": { "cluster": 503.0, "hvi": 0.1253, "population": 2313, "setores": 4, "municipio": "Rorainópolis" }, "geometry": { "type": "MultiPolygon", "coordinates": [ [ [ [ -60.40431, 0.93758 ], [ -60.39845, 0.93701 ], [ -60.40133, 0.92069 ], [ -60.39468, 0.9569 ], [ -60.39901, 0.95261 ], [ -60.43321, 0.96619 ], [ -60.47049, 0.97376 ], [ -60.51094, 1.00722 ], [ -60.51005, 1.02527 ], [ -60.498, 1.03963 ], [ -60.48245, 1.04575 ], [ -60.48078, 1.05908 ], [ -60.46439, 1.06991 ], [ -60.46745, 1.0813 ], [ -60.45273, 1.08047 ], [ -60.45106, 1.09796 ], [ -60.44495, 1.09741 ], [ -60.44134, 1.10242 ], [ -60.43023, 1.10741 ], [ -60.42384, 1.09963 ], [ -60.41773, 1.10186 ], [ -60.4144, 1.10686 ], [ -60.41828, 1.11713 ], [ -60.4155, 1.12352 ], [ -60.39995, 1.13158 ], [ -60.38439, 1.13408 ], [ -60.37634, 1.13935 ], [ -60.36244, 1.13519 ], [ -60.35745, 1.12991 ], [ -60.34995, 1.13742 ], [ -60.35439, 1.1413 ], [ -60.35245, 1.14352 ], [ -60.34412, 1.13269 ], [ -60.33828, 1.13741 ], [ -60.33162, 1.13547 ], [ -60.32467, 1.13797 ], [ -60.32412, 1.14741 ], [ -60.32023, 1.14797 ], [ -60.32078, 1.1438 ], [ -60.31356, 1.13214 ], [ -60.30051, 1.13714 ], [ -60.29495, 1.12936 ], [ -60.29995, 1.12214 ], [ -60.29161, 1.11547 ], [ -60.27689, 1.13158 ], [ -60.26709, 1.12814 ], [ -60.26699, 1.11434 ], [ -60.27984, 1.11447 ], [ -60.27912, 1.09486 ], [ -60.27244, 1.09327 ], [ -60.2719, 1.07735 ], [ -60.28607, 1.0787 ], [ -60.30652, 1.04102 ], [ -60.40267, 1.00251 ], [ -60.27784, 0.9759 ], [ -60.25772, 0.96741 ], [ -60.27361, 0.95505 ], [ -60.20164, 0.87971 ], [ -60.22747, 0.85127 ], [ -60.24037, 0.86117 ], [ -60.3285, 0.9532 ], [ -60.3826, 0.9231 ], [ -60.41371, 0.91211 ], [ -60.41209, 0.92065 ], [ -60.40828, 0.92066 ], [ -60.40431, 0.93758 ] ] ] ] } },
{ "type": "Feature", "properties": { "cluster": 504.0, "hvi": 0.1481, "population": 1078, "setores": 1, "municipio": "Rorainópolis" }, "geometry": { "type": "Polygon", "coordinates": [ [ [ -60.57876, 0.1365 ], [ -60.57145, 0.14467 ], [ -60.56312, 0.1369 ], [ -60.57035, 0.12957 ], [ -60.57876, 0.1365 ] ] ] } },
{ "type": "Feature", "properties": { "cluster": 505.0, "hvi": 0.124, "population": 620, "setores": 1, "municipio": "Rorainópolis" }, "geometry": { "type": "Polygon", "coordinates": [ [ [ -61.77977, -0.5051 ], [ -61.78026, -0.51026 ], [ -61.79148, -0.52495 ], [ -61.79728, -0.52019 ], [ -61.79599, -0.51445 ], [ -61.78932, -0.50903 ], [ -61.7895, -0.5024 ], [ -61.77977, -0.5051 ] ] ] } },
{ "type": "Feature", "properties": { "cluster": 506.0, "hvi": 0.1524, "population": 1143, "setores": 1, "municipio": "Rorainópolis" }, "geometry": { "type": "Polygon", "coordinates": [ [ [ -60.43093, 0.93612 ], [ -60.4204, 0.93337 ], [ -60.42203, 0.92862 ], [ -60.43238, 0.92958 ], [ -60.43093, 0.93612 ] ] ] } },
{ "type": "Feature", "properties": { "cluster": 507.0, "hvi": 0.1223, "population": 2886, "setores": 5, "municipio": "Rorainópolis" }, "geometry": { "type": "MultiPolygon", "coordinates": [ [ [ [ -60.43968, 0.92833 ], [ -60.43846, 0.93349 ], [ -60.43462, 0.93247 ], [ -60.43351, 0.93678 ], [ -60.43082, 0.93537 ], [ -60.43238, 0.92958 ], [ -60.43467, 0.93224 ], [ -60.43592, 0.9275 ], [ -60.43968, 0.92833 ] ] ], [ [ [ -60.42687, 0.93511 ], [ -60.43093, 0.93612 ], [ -60.42903, 0.94136 ], [ -60.43018, 0.94175 ], [ -60.42799, 0.95062 ], [ -60.4239, 0.94954 ], [ -60.42693, 0.94064 ], [ -60.42522, 0.94002 ], [ -60.42687, 0.93511 ] ] ] ] } },
{ "type": "Feature", "properties": { "cluster": 508.0, "hvi": 0.1219, "population": 2543, "setores": 5, "municipio": "Rorainópolis" }, "geometry": { "type": "Polygon", "coordinates": [ [ [ -60.31597, 0.61865 ], [ -60.32389, 0.60752 ], [ -60.33524, 0.60045 ], [ -60.35045, 0.59852 ], [ -60.35379, 0.53829 ], [ -60.36385, 0.53847 ], [ -60.36449, 0.5343 ], [ -60.37061, 0.53302 ], [ -60.38657, 0.5407 ], [ -60.39201, 0.53608 ], [ -60.39976, 0.53982 ], [ -60.40072, 0.53327 ], [ -60.40816, 0.53757 ], [ -60.42835, 0.53466 ], [ -60.43329, 0.53999 ], [ -60.43908, 0.53882 ], [ -60.44566, 0.52367 ], [ -60.45348, 0.52734 ], [ -60.46194, 0.51511 ], [ -60.4725, 0.51432 ], [ -60.47723, 0.50327 ], [ -60.48971, 0.49523 ], [ -60.48665, 0.48791 ], [ -60.49252, 0.48453 ], [ -60.49323, 0.47944 ], [ -60.50226, 0.47877 ], [ -60.50841, 0.48396 ], [ -60.51261, 0.47976 ], [ -60.52096, 0.4878 ], [ -60.52178, 0.49281 ], [ -60.53117, 0.49086 ], [ -60.54379, 0.47365 ], [ -60.54446, 0.46835 ], [ -60.5503, 0.46778 ], [ -60.56093, 0.45655 ], [ -60.56164, 0.45054 ], [ -60.56519, 0.4489 ], [ -60.5689, 0.45162 ], [ -60.57549, 0.44719 ], [ -60.57273, 0.43653 ], [ -60.58098, 0.43564 ], [ -60.5829, 0.42526 ], [ -60.59001, 0.42202 ], [ -60.59122, 0.41559 ], [ -60.59655, 0.41459 ], [ -60.60789, 0.39906 ], [ -60.62019, 0.38903 ], [ -60.6288, 0.39326 ], [ -60.63068, 0.38853 ], [ -60.63837, 0.38892 ], [ -60.63833, 0.3843 ], [ -60.64846, 0.37868 ], [ -60.6582, 0.37993 ], [ -60.65913, 0.38476 ], [ -60.66315, 0.38551 ], [ -60.6555, 0.4004 ], [ -60.6565, 0.4117 ], [ -60.6461, 0.4272 ], [ -60.6331, 0.4327 ], [ -60.6219, 0.43019 ], [ -60.61968, 0.43553 ], [ -60.6111, 0.439 ], [ -60.61076, 0.4491 ], [ -60.61351, 0.45336 ], [ -60.60349, 0.46038 ], [ -60.60226, 0.47126 ], [ -60.59493, 0.47384 ], [ -60.58241, 0.49037 ], [ -60.57565, 0.49356 ], [ -60.5796, 0.49845 ], [ -60.57643, 0.49969 ], [ -60.57673, 0.50692 ], [ -60.58116, 0.51045 ], [ -60.57299, 0.536 ], [ -60.57655, 0.53989 ], [ -60.57828, 0.5548 ], [ -60.5687, 0.5749 ], [ -60.5567, 0.5869 ], [ -60.5595, 0.6109 ], [ -60.5544, 0.629 ], [ -60.55549, 0.64443 ], [ -60.47669, 0.64166 ], [ -60.70111, 0.64956 ], [ -60.69452, 0.65624 ], [ -60.6905, 0.654 ], [ -60.682, 0.6603 ], [ -60.6813, 0.6646 ], [ -60.6711, 0.6735 ], [ -60.6732, 0.6803 ], [ -60.6562, 0.6863 ], [ -60.6517, 0.7028 ], [ -60.64845, 0.7053 ], [ -60.65107, 0.71345 ], [ -60.50609, 0.71469 ], [ -60.4629, 0.71116 ], [ -60.4619, 0.7135 ], [ -60.4529, 0.7219 ], [ -60.45803, 0.73536 ], [ -60.45323, 0.77408 ], [ -60.43629, 0.84797 ], [ -60.43554, 0.86143 ], [ -60.41703, 0.86081 ], [ -60.4127, 0.9136 ], [ -60.4028, 0.9146 ], [ -60.3826, 0.9231 ], [ -60.3285, 0.9532 ], [ -60.24426, 0.86515 ], [ -60.22747, 0.85127 ], [ -60.29595, 0.77586 ], [ -60.27659, 0.75557 ], [ -60.28384, 0.74359 ], [ -60.29172, 0.75375 ], [ -60.33738, 0.7477 ], [ -60.31245, 0.75074 ], [ -60.32218, 0.68975 ], [ -60.31683, 0.63578 ], [ -60.31597, 0.61865 ] ], [ [ -60.4734, 0.636 ], [ -60.4718, 0.6366 ], [ -60.4738, 0.63668 ], [ -60.4734, 0.636 ] ], [ [ -60.46205, 0.57929 ], [ -60.44215, 0.57921 ], [ -60.4421, 0.58688 ], [ -60.46507, 0.59062 ], [ -60.46268, 0.58975 ], [ -60.46504, 0.58208 ], [ -60.46205, 0.57929 ] ], [ [ -60.47372, 0.64231 ], [ -60.47215, 0.64265 ], [ -60.4662, 0.6511 ], [ -60.47372, 0.64231 ] ] ] } },
{ "type": "Feature", "properties": { "cluster": 509.0, "hvi": 0.1117, "population": 675, "setores": 2, "municipio": "Rorainópolis" }, "geometry": { "type": "Polygon", "coordinates": [ [ [ -60.45803, 0.73536 ], [ -60.4529, 0.7219 ], [ -60.46252, 0.71113 ], [ -60.50609, 0.71469 ], [ -60.65107, 0.71345 ], [ -60.6646, 0.7382 ], [ -60.664, 0.7446 ], [ -60.6736, 0.7663 ], [ -60.6729, 0.7778 ], [ -60.6764, 0.7821 ], [ -60.6199, 0.77748 ], [ -60.6771, 0.7837 ], [ -60.67722, 0.79556 ], [ -60.6258, 0.82058 ], [ -60.56472, 0.84443 ], [ -60.51934, 0.84676 ], [ -60.4542, 0.84134 ], [ -60.43772, 0.83741 ], [ -60.45193, 0.77854 ], [ -60.45803, 0.73536 ] ] ] } },
{ "type": "Feature", "properties": { "cluster": 510.0, "hvi": 0.1004, "population": 102, "setores": 1, "municipio": "Rorainópolis" }, "geometry": { "type": "Polygon", "coordinates": [ [ [ -60.67738, -0.27028 ], [ -60.6812, -0.2696 ], [ -60.67949, -0.26828 ], [ -60.67738, -0.27028 ] ] ] } },
{ "type": "Feature", "properties": { "cluster": 511.0, "hvi": 0.0937, "population": 33, "setores": 1, "municipio": "Rorainópolis" }, "geometry": { "type": "Polygon", "coordinates": [ [ [ -60.91691, -0.58417 ], [ -60.91959, -0.58799 ], [ -60.92348, -0.58555 ], [ -60.92058, -0.5818 ], [ -60.91691, -0.58417 ] ] ] } },
{ "type": "Feature", "properties": { "cluster": 512.0, "hvi": 0.0999, "population": 95, "setores": 1, "municipio": "Rorainópolis" }, "geometry": { "type": "Polygon", "coordinates": [ [ [ -60.63096, -0.55885 ], [ -60.63418, -0.55915 ], [ -60.63582, -0.55463 ], [ -60.63024, -0.55101 ], [ -60.63096, -0.55885 ] ] ] } },
{ "type": "Feature", "properties": { "cluster": 513.0, "hvi": 0.0945, "population": 41, "setores": 1, "municipio": "Rorainópolis" }, "geometry": { "type": "Polygon", "coordinates": [ [ [ -60.76376, -0.7585 ], [ -60.76549, -0.76701 ], [ -60.77419, -0.76259 ], [ -60.76997, -0.75727 ], [ -60.76376, -0.7585 ] ] ] } },
{ "type": "Feature", "properties": { "cluster": 514.0, "hvi": 0.095, "population": 32, "setores": 1, "municipio": "Rorainópolis" }, "geometry": { "type": "Polygon", "coordinates": [ [ [ -60.33396, -0.72578 ], [ -60.33834, -0.72973 ], [ -60.33835, -0.72531 ], [ -60.33396, -0.72578 ] ] ] } },
{ "type": "Feature", "properties": { "cluster": 515.0, "hvi": 0.1286, "population": 0, "setores": 1, "municipio": "Rorainópolis" }, "geometry": { "type": "Polygon", "coordinates": [ [ [ -60.36932, -0.58959 ], [ -60.37299, -0.5919 ], [ -60.375, -0.5888 ], [ -60.3714, -0.58662 ], [ -60.36932, -0.58959 ] ] ] } },
{ "type": "Feature", "properties": { "cluster": 516.0, "hvi": 0.1096, "population": 2787, "setores": 31, "municipio": "Caracaraí" }, "geometry": { "type": "MultiPolygon", "coordinates": [ [ [ [ -61.87708, -1.26839 ], [ -61.87852, -1.27129 ], [ -61.87737, -1.27037 ], [ -61.88009, -1.27526 ], [ -61.8776, -1.26745 ], [ -61.87708, -1.26839 ] ] ], [ [ [ -61.45813, -0.65473 ], [ -61.46517, -0.6602 ], [ -61.47377, -0.67965 ], [ -61.47827, -0.70476 ], [ -61.48462, -0.71688 ], [ -61.51052, -0.7415 ], [ -61.53006, -0.74854 ], [ -61.53563, -0.7544 ], [ -61.53847, -0.76368 ], [ -61.53983, -0.77824 ], [ -61.54892, -0.80424 ], [ -61.54843, -0.83355 ], [ -61.54589, -0.83893 ], [ -61.53778, -0.84391 ], [ -61.53837, -0.84821 ], [ -61.55674, -0.86492 ], [ -61.55234, -0.88945 ], [ -61.57277, -0.90391 ], [ -61.58274, -0.93694 ], [ -61.5756, -0.95472 ], [ -61.58078, -0.97798 ], [ -61.57941, -0.98335 ], [ -61.56993, -0.98579 ], [ -61.55098, -0.98315 ], [ -61.54267, -0.99273 ], [ -61.54384, -1.00358 ], [ -61.55948, -1.0112 ], [ -61.54404, -1.02957 ], [ -61.54286, -1.0622 ], [ -61.54619, -1.0707 ], [ -61.57277, -1.07579 ], [ -61.57785, -1.07999 ], [ -61.57922, -1.08663 ], [ -61.56749, -1.09503 ], [ -61.56612, -1.09972 ], [ -61.56769, -1.10354 ], [ -61.57775, -1.10617 ], [ -61.57951, -1.11067 ], [ -61.56612, -1.12913 ], [ -61.57052, -1.1435 ], [ -61.58117, -1.15659 ], [ -61.58147, -1.16841 ], [ -61.57072, -1.18278 ], [ -61.58713, -1.1944 ], [ -61.59476, -1.22127 ], [ -61.60834, -1.25244 ], [ -61.60707, -1.27442 ], [ -61.6102, -1.28117 ], [ -61.6269, -1.29397 ], [ -61.62885, -1.30147 ], [ -61.61163, -1.30813 ], [ -61.58551, -1.33869 ], [ -61.58218, -1.35341 ], [ -61.58773, -1.36147 ], [ -61.59996, -1.36758 ], [ -61.61912, -1.3948 ], [ -61.61468, -1.40258 ], [ -61.60301, -1.4073 ], [ -61.5944, -1.40564 ], [ -61.58191, -1.40952 ], [ -61.57384, -1.42869 ], [ -61.54801, -1.42952 ], [ -61.53829, -1.4334 ], [ -61.5394, -1.44396 ], [ -61.53302, -1.46507 ], [ -61.51648, -1.50243 ], [ -61.48135, -1.51785 ], [ -61.47329, -1.52785 ], [ -61.46996, -1.53813 ], [ -61.47051, -1.54591 ], [ -61.47551, -1.55313 ], [ -61.47468, -1.57897 ], [ -61.48274, -1.58063 ], [ -61.49106, -1.5748 ], [ -61.51326, -1.5493 ], [ -61.50062, -1.56531 ], [ -61.54468, -1.52563 ], [ -61.55968, -1.49507 ], [ -61.57218, -1.47813 ], [ -61.60495, -1.44813 ], [ -61.63551, -1.43396 ], [ -61.65801, -1.43008 ], [ -61.71801, -1.40979 ], [ -61.74079, -1.39202 ], [ -61.76968, -1.38286 ], [ -61.79021, -1.37897 ], [ -61.79801, -1.38063 ], [ -61.81718, -1.39952 ], [ -61.8269, -1.40174 ], [ -61.83994, -1.40106 ], [ -61.8491, -1.3932 ], [ -61.85457, -1.39309 ], [ -61.86391, -1.3795 ], [ -61.8713, -1.36311 ], [ -61.87848, -1.33246 ], [ -61.88327, -1.33406 ], [ -61.87986, -1.35196 ], [ -61.88289, -1.36321 ], [ -61.87739, -1.39256 ], [ -61.88194, -1.3888 ], [ -61.88228, -1.3727 ], [ -61.88461, -1.38521 ], [ -61.8825, -1.39053 ], [ -61.88474, -1.38953 ], [ -61.89071, -1.38335 ], [ -61.88761, -1.38609 ], [ -61.88958, -1.38247 ], [ -61.88731, -1.38322 ], [ -61.88498, -1.38822 ], [ -61.88574, -1.3636 ], [ -61.89287, -1.36141 ], [ -61.89236, -1.35802 ], [ -61.88915, -1.36086 ], [ -61.88516, -1.35966 ], [ -61.88503, -1.3291 ], [ -61.86829, -1.306 ], [ -61.84558, -1.25646 ], [ -61.85889, -1.22106 ], [ -61.85937, -1.19298 ], [ -61.86383, -1.17295 ], [ -61.88994, -1.12975 ], [ -61.8867, -1.10536 ], [ -61.88164, -1.09644 ], [ -61.86993, -1.08402 ], [ -61.87993, -1.09533 ], [ -61.8785, -1.09747 ], [ -61.86813, -1.08229 ], [ -61.86264, -1.06456 ], [ -61.86475, -1.05252 ], [ -61.8899, -1.0117 ], [ -61.89118, -0.98634 ], [ -61.88584, -0.96608 ], [ -61.87117, -0.93272 ], [ -61.87534, -0.91275 ], [ -61.88754, -0.89207 ], [ -61.88754, -0.88301 ], [ -61.87685, -0.86041 ], [ -61.86621, -0.82112 ], [ -61.85581, -0.80493 ], [ -61.85327, -0.79536 ], [ -61.85336, -0.78639 ], [ -61.85861, -0.77528 ], [ -61.8617, -0.76585 ], [ -61.8681, -0.72986 ], [ -61.86785, -0.7088 ], [ -61.86529, -0.69084 ], [ -61.86212, -0.68099 ], [ -61.82228, -0.62208 ], [ -61.81273, -0.59887 ], [ -61.81113, -0.58661 ], [ -61.81207, -0.57294 ], [ -61.82451, -0.53703 ], [ -61.82718, -0.5231 ], [ -61.81518, -0.48381 ], [ -61.8214, -0.45213 ], [ -61.82189, -0.4328 ], [ -61.82532, -0.42277 ], [ -61.83929, -0.40627 ], [ -61.85658, -0.36739 ], [ -61.85507, -0.35964 ], [ -61.85093, -0.35717 ], [ -61.84012, -0.33609 ], [ -61.83398, -0.31332 ], [ -61.84222, -0.27543 ], [ -61.84175, -0.25386 ], [ -61.83114, -0.22394 ], [ -61.82538, -0.15013 ], [ -61.81583, -0.12533 ], [ -61.80798, -0.09208 ], [ -61.81614, -0.03848 ], [ -61.81147, 0.00162 ], [ -61.80065, 0.02655 ], [ -61.78598, 0.0392 ], [ -61.77325, 0.06392 ], [ -61.76996, 0.09742 ], [ -61.77773, 0.1677 ], [ -61.77218, 0.23408 ], [ -61.75885, 0.30964 ], [ -61.7294, 0.3652 ], [ -61.71135, 0.43575 ], [ -61.68385, 0.48963 ], [ -61.65023, 0.51547 ], [ -61.62634, 0.56159 ], [ -61.61524, 0.60658 ], [ -61.59302, 0.62825 ], [ -61.5594, 0.67935 ], [ -61.50051, 0.72353 ], [ -61.45384, 0.78548 ], [ -61.43218, 0.83269 ], [ -61.4244, 0.86991 ], [ -61.39079, 0.9113 ], [ -61.37579, 0.92547 ], [ -61.3694, 0.93742 ], [ -61.36468, 0.9588 ], [ -61.35912, 0.96435 ], [ -61.35933, 0.96356 ], [ -61.34579, 0.97963 ], [ -61.31746, 0.99519 ], [ -61.30688, 0.98546 ], [ -61.28856, 0.97853 ], [ -61.27496, 0.97658 ], [ -61.2644, 0.97881 ], [ -61.26301, 0.96714 ], [ -61.25635, 0.96658 ], [ -61.23468, 0.99963 ], [ -61.22607, 1.00186 ], [ -61.21885, 0.99964 ], [ -61.20301, 0.97797 ], [ -61.19245, 0.94991 ], [ -61.18773, 0.94964 ], [ -61.18746, 0.95963 ], [ -61.1769, 0.96241 ], [ -61.17246, 0.9602 ], [ -61.17496, 0.9538 ], [ -61.16301, 0.95741 ], [ -61.1569, 0.95408 ], [ -61.1544, 0.94769 ], [ -61.15634, 0.94019 ], [ -61.15301, 0.93602 ], [ -61.14662, 0.93796 ], [ -61.14328, 0.95186 ], [ -61.12801, 0.9438 ], [ -61.12168, 0.95428 ], [ -61.12051, 0.95825 ], [ -61.12774, 0.95797 ], [ -61.12996, 0.96352 ], [ -61.10856, 0.96297 ], [ -61.11524, 0.9688 ], [ -61.1105, 0.97602 ], [ -61.11468, 0.98241 ], [ -61.10634, 0.99047 ], [ -61.10023, 0.98602 ], [ -61.09661, 0.99352 ], [ -61.08885, 0.99741 ], [ -61.08579, 1.00186 ], [ -61.09079, 1.00464 ], [ -61.08912, 1.00963 ], [ -61.07911, 1.01575 ], [ -61.06773, 1.00936 ], [ -61.06357, 1.01186 ], [ -61.0694, 1.01992 ], [ -61.05801, 1.02713 ], [ -61.06412, 1.03074 ], [ -61.06551, 1.03575 ], [ -61.04689, 1.04574 ], [ -61.0494, 1.06047 ], [ -61.03717, 1.07019 ], [ -61.04412, 1.08241 ], [ -61.04023, 1.08741 ], [ -61.02245, 1.08408 ], [ -61.02245, 1.09435 ], [ -61.01856, 1.10325 ], [ -61.01273, 1.09797 ], [ -61.0119, 1.08436 ], [ -61.00301, 1.08935 ], [ -60.99162, 1.08269 ], [ -60.98523, 1.09241 ], [ -60.97467, 1.08463 ], [ -60.96098, 1.08848 ], [ -60.94885, 1.08241 ], [ -60.94357, 1.07213 ], [ -60.93162, 1.07214 ], [ -60.9244, 1.07353 ], [ -60.91218, 1.09324 ], [ -60.90689, 1.09325 ], [ -60.91134, 1.10074 ], [ -60.90579, 1.1088 ], [ -60.90495, 1.12074 ], [ -60.88523, 1.13019 ], [ -60.87495, 1.12381 ], [ -60.84357, 1.09186 ], [ -60.84078, 1.07602 ], [ -60.8344, 1.07491 ], [ -60.83246, 1.0688 ], [ -60.81967, 1.06269 ], [ -60.82134, 1.0538 ], [ -60.81912, 1.05408 ], [ -60.81829, 1.04824 ], [ -60.82134, 1.03935 ], [ -60.81634, 1.03074 ], [ -60.81717, 1.01824 ], [ -60.82301, 1.00352 ], [ -60.81023, 0.9863 ], [ -60.81051, 0.98214 ], [ -60.79023, 0.97186 ], [ -60.79073, 0.96657 ], [ -60.7869, 0.96658 ], [ -60.77967, 0.95853 ], [ -60.77939, 0.94547 ], [ -60.76801, 0.93602 ], [ -60.75606, 0.93936 ], [ -60.75078, 0.9363 ], [ -60.74661, 0.93797 ], [ -60.74245, 0.93491 ], [ -60.72995, 0.93435 ], [ -60.72662, 0.92102 ], [ -60.73301, 0.91242 ], [ -60.73217, 0.90658 ], [ -60.73856, 0.90658 ], [ -60.74189, 0.90269 ], [ -60.74078, 0.89964 ], [ -60.73412, 0.89825 ], [ -60.73162, 0.88297 ], [ -60.7244, 0.8813 ], [ -60.71884, 0.86797 ], [ -60.71246, 0.8688 ], [ -60.71412, 0.87936 ], [ -60.71023, 0.87936 ], [ -60.70606, 0.87019 ], [ -60.69467, 0.87713 ], [ -60.69106, 0.88352 ], [ -60.68856, 0.87269 ], [ -60.68189, 0.87464 ], [ -60.68579, 0.8763 ], [ -60.6844, 0.88408 ], [ -60.68217, 0.8763 ], [ -60.67745, 0.88603 ], [ -60.66911, 0.8788 ], [ -60.66106, 0.89186 ], [ -60.65495, 0.89075 ], [ -60.65079, 0.90296 ], [ -60.63773, 0.89603 ], [ -60.63134, 0.90047 ], [ -60.62334, 0.89737 ], [ -60.6499, 0.841 ], [ -60.6498, 0.8264 ], [ -60.66, 0.8117 ], [ -60.67114, 0.80631 ], [ -60.67775, 0.79379 ], [ -60.6771, 0.7837 ], [ -60.6727, 0.7768 ], [ -60.6736, 0.7663 ], [ -60.664, 0.7446 ], [ -60.6646, 0.7382 ], [ -60.6482, 0.7079 ], [ -60.6559, 0.6868 ], [ -60.6732, 0.6803 ], [ -60.6712, 0.6733 ], [ -60.6905, 0.654 ], [ -60.69684, 0.65487 ], [ -60.7125, 0.6394 ], [ -60.70111, 0.64956 ], [ -60.55549, 0.64443 ], [ -60.5544, 0.629 ], [ -60.5595, 0.6109 ], [ -60.5567, 0.5869 ], [ -60.5687, 0.5749 ], [ -60.57828, 0.5548 ], [ -60.57655, 0.53989 ], [ -60.57299, 0.536 ], [ -60.58116, 0.51045 ], [ -60.57673, 0.50692 ], [ -60.57643, 0.49969 ], [ -60.5796, 0.49845 ], [ -60.57565, 0.49356 ], [ -60.58241, 0.49037 ], [ -60.59493, 0.47384 ], [ -60.60226, 0.47126 ], [ -60.60349, 0.46038 ], [ -60.61351, 0.45336 ], [ -60.61076, 0.4491 ], [ -60.6111, 0.439 ], [ -60.61968, 0.43553 ], [ -60.6219, 0.43019 ], [ -60.6321, 0.4328 ], [ -60.6455, 0.428 ], [ -60.6565, 0.4117 ], [ -60.6555, 0.4004 ], [ -60.66287, 0.38635 ], [ -60.66263, 0.38363 ], [ -60.6598, 0.38537 ], [ -60.6582, 0.37993 ], [ -60.65017, 0.37808 ], [ -60.63833, 0.3843 ], [ -60.63837, 0.38892 ], [ -60.63068, 0.38853 ], [ -60.6288, 0.39326 ], [ -60.61906, 0.38974 ], [ -60.60508, 0.40169 ], [ -60.59655, 0.41459 ], [ -60.59122, 0.41559 ], [ -60.59001, 0.42202 ], [ -60.5829, 0.42526 ], [ -60.58098, 0.43564 ], [ -60.57273, 0.43653 ], [ -60.57549, 0.44719 ], [ -60.5689, 0.45162 ], [ -60.56519, 0.4489 ], [ -60.56164, 0.45054 ], [ -60.56093, 0.45655 ], [ -60.5503, 0.46778 ], [ -60.54446, 0.46835 ], [ -60.54379, 0.47365 ], [ -60.53117, 0.49086 ], [ -60.52178, 0.49281 ], [ -60.52096, 0.4878 ], [ -60.51261, 0.47976 ], [ -60.50841, 0.48396 ], [ -60.50226, 0.47877 ], [ -60.49323, 0.47944 ], [ -60.49252, 0.48453 ], [ -60.48665, 0.48791 ], [ -60.48971, 0.49523 ], [ -60.47723, 0.50327 ], [ -60.4725, 0.51432 ], [ -60.46194, 0.51511 ], [ -60.45348, 0.52734 ], [ -60.44566, 0.52367 ], [ -60.44161, 0.5364 ], [ -60.43691, 0.53992 ], [ -60.42835, 0.53466 ], [ -60.40922, 0.53765 ], [ -60.40072, 0.53327 ], [ -60.39976, 0.53982 ], [ -60.39201, 0.53608 ], [ -60.38657, 0.5407 ], [ -60.37391, 0.53366 ], [ -60.36655, 0.53327 ], [ -60.36385, 0.53847 ], [ -60.35326, 0.53882 ], [ -60.35351, 0.54557 ], [ -60.35045, 0.59852 ], [ -60.33524, 0.60045 ], [ -60.32389, 0.60752 ], [ -60.31597, 0.61865 ], [ -60.32218, 0.68975 ], [ -60.31245, 0.75074 ], [ -60.29172, 0.75375 ], [ -60.28384, 0.74359 ], [ -60.27659, 0.75557 ], [ -60.26398, 0.74234 ], [ -60.25086, 0.74177 ], [ -60.26339, 0.71669 ], [ -60.25314, 0.69268 ], [ -60.25509, 0.66873 ], [ -60.24493, 0.66307 ], [ -60.23784, 0.64588 ], [ -60.2284, 0.64055 ], [ -60.22342, 0.62898 ], [ -60.22723, 0.62711 ], [ -60.23867, 0.60476 ], [ -60.2357, 0.60057 ], [ -60.23195, 0.58847 ], [ -60.21368, 0.59526 ], [ -60.21878, 0.58132 ], [ -60.22775, 0.57429 ], [ -60.22698, 0.56727 ], [ -60.20938, 0.56592 ], [ -60.18921, 0.57099 ], [ -60.1844, 0.56325 ], [ -60.18078, 0.56686 ], [ -60.17412, 0.56297 ], [ -60.16412, 0.56713 ], [ -60.15634, 0.56075 ], [ -60.15162, 0.56263 ], [ -60.13864, 0.54455 ], [ -60.13153, 0.5252 ], [ -60.12414, 0.52352 ], [ -60.13201, 0.5048 ], [ -60.12507, 0.48405 ], [ -60.11867, 0.47993 ], [ -60.119, 0.45736 ], [ -60.09558, 0.43482 ], [ -60.09498, 0.41728 ], [ -60.07632, 0.40224 ], [ -60.0825, 0.40057 ], [ -60.08596, 0.39149 ], [ -60.09414, 0.38239 ], [ -60.09586, 0.37258 ], [ -60.10487, 0.35784 ], [ -60.09984, 0.34447 ], [ -60.08156, 0.34027 ], [ -60.07594, 0.33276 ], [ -60.05861, 0.32838 ], [ -60.0367, 0.31496 ], [ -60.02698, 0.31808 ], [ -60.01348, 0.30833 ], [ -60.01084, 0.3117 ], [ -60.00384, 0.30945 ], [ -60.00384, 0.307 ], [ -60.01398, 0.30194 ], [ -60.01806, 0.28956 ], [ -60.04039, 0.26927 ], [ -60.03797, 0.26355 ], [ -60.04683, 0.23213 ], [ -60.05381, 0.18125 ], [ -60.05904, 0.17296 ], [ -60.05908, 0.163 ], [ -60.09242, 0.13807 ], [ -60.1105, 0.13495 ], [ -60.11582, 0.12889 ], [ -60.11494, 0.12209 ], [ -60.11915, 0.12195 ], [ -60.13361, 0.10348 ], [ -60.1338, 0.09522 ], [ -60.12139, 0.08804 ], [ -60.11797, 0.08139 ], [ -60.12525, 0.07675 ], [ -60.13209, 0.06566 ], [ -60.12784, 0.0617 ], [ -60.12975, 0.0486 ], [ -60.13415, 0.04992 ], [ -60.13996, 0.04543 ], [ -60.13703, 0.03688 ], [ -60.14065, 0.03482 ], [ -60.13258, 0.02769 ], [ -60.14001, 0.0271 ], [ -60.14881, 0.01679 ], [ -60.15697, 0.01655 ], [ -60.15951, 0.00683 ], [ -60.16439, 0.00145 ], [ -60.16874, 0.00155 ], [ -60.16913, -0.00378 ], [ -60.17275, -0.00515 ], [ -60.17612, -0.00133 ], [ -60.18203, -0.00705 ], [ -60.18951, -0.00891 ], [ -60.18423, -0.0113 ], [ -60.18531, -0.01311 ], [ -60.21189, -0.0394 ], [ -60.21179, -0.04243 ], [ -60.21091, -0.0395 ], [ -60.20642, -0.04062 ], [ -60.2136, -0.04673 ], [ -60.21003, -0.05039 ], [ -60.2157, -0.05855 ], [ -60.21081, -0.06388 ], [ -60.21663, -0.0675 ], [ -60.21565, -0.07111 ], [ -60.22811, -0.08411 ], [ -60.23109, -0.09769 ], [ -60.23603, -0.1037 ], [ -60.23383, -0.10576 ], [ -60.2393, -0.1123 ], [ -60.23705, -0.1145 ], [ -60.23705, -0.11089 ], [ -60.23437, -0.11135 ], [ -60.22761, -0.12171 ], [ -60.23259, -0.12883 ], [ -60.22746, -0.12971 ], [ -60.22116, -0.14198 ], [ -60.22893, -0.141 ], [ -60.22737, -0.14637 ], [ -60.23176, -0.14857 ], [ -60.23748, -0.14589 ], [ -60.23558, -0.15014 ], [ -60.23944, -0.14936 ], [ -60.243, -0.15888 ], [ -60.25361, -0.16445 ], [ -60.25712, -0.17056 ], [ -60.25326, -0.17403 ], [ -60.25512, -0.17662 ], [ -60.25752, -0.1731 ], [ -60.2688, -0.17652 ], [ -60.26787, -0.19104 ], [ -60.26494, -0.19226 ], [ -60.26685, -0.19563 ], [ -60.27066, -0.1926 ], [ -60.2776, -0.19319 ], [ -60.28117, -0.1989 ], [ -60.27882, -0.20291 ], [ -60.28126, -0.21009 ], [ -60.286, -0.20833 ], [ -60.29216, -0.21596 ], [ -60.297, -0.20623 ], [ -60.29729, -0.21053 ], [ -60.30345, -0.21034 ], [ -60.29451, -0.22485 ], [ -60.29646, -0.24112 ], [ -60.30012, -0.24244 ], [ -60.29651, -0.24953 ], [ -60.30242, -0.25588 ], [ -60.30091, -0.26081 ], [ -60.3035, -0.25852 ], [ -60.31034, -0.26399 ], [ -60.30711, -0.27142 ], [ -60.30223, -0.27083 ], [ -60.30144, -0.28143 ], [ -60.29729, -0.28207 ], [ -60.29255, -0.29463 ], [ -60.29817, -0.29551 ], [ -60.3035, -0.30132 ], [ -60.30389, -0.30684 ], [ -60.30169, -0.3065 ], [ -60.30609, -0.311 ], [ -60.30643, -0.31749 ], [ -60.30354, -0.32497 ], [ -60.31508, -0.32658 ], [ -60.3204, -0.33044 ], [ -60.31796, -0.33284 ], [ -60.32417, -0.33274 ], [ -60.32636, -0.33899 ], [ -60.31913, -0.34852 ], [ -60.31947, -0.3582 ], [ -60.325, -0.36255 ], [ -60.32676, -0.38092 ], [ -60.33716, -0.38175 ], [ -60.33682, -0.38566 ], [ -60.34014, -0.38698 ], [ -60.33741, -0.39049 ], [ -60.34288, -0.39479 ], [ -60.34542, -0.40271 ], [ -60.35231, -0.40682 ], [ -60.34625, -0.40989 ], [ -60.34997, -0.41199 ], [ -60.3507, -0.41488 ], [ -60.3484, -0.41229 ], [ -60.34317, -0.41761 ], [ -60.34786, -0.41942 ], [ -60.34332, -0.42514 ], [ -60.34518, -0.43545 ], [ -60.36472, -0.45226 ], [ -60.368, -0.4504 ], [ -60.37366, -0.45768 ], [ -60.37821, -0.45758 ], [ -60.37904, -0.46169 ], [ -60.38266, -0.45924 ], [ -60.38373, -0.47625 ], [ -60.3914, -0.48939 ], [ -60.38774, -0.49623 ], [ -60.39771, -0.50215 ], [ -60.40557, -0.51544 ], [ -60.4045, -0.51866 ], [ -60.4001, -0.51749 ], [ -60.39751, -0.52276 ], [ -60.40025, -0.5235 ], [ -60.4, -0.53009 ], [ -60.39512, -0.54969 ], [ -60.38397, -0.55208 ], [ -60.38173, -0.56547 ], [ -60.37655, -0.56982 ], [ -60.38871, -0.57412 ], [ -60.38153, -0.58848 ], [ -60.36785, -0.58179 ], [ -60.36917, -0.58931 ], [ -60.36032, -0.5984 ], [ -60.35363, -0.61736 ], [ -60.3443, -0.61878 ], [ -60.32944, -0.63495 ], [ -60.32031, -0.63207 ], [ -60.31527, -0.63647 ], [ -60.31874, -0.65137 ], [ -60.31014, -0.65752 ], [ -60.30535, -0.66647 ], [ -60.30912, -0.66979 ], [ -60.31171, -0.682 ], [ -60.30271, -0.69031 ], [ -60.30682, -0.69427 ], [ -60.30413, -0.70042 ], [ -60.30765, -0.71088 ], [ -60.31161, -0.71342 ], [ -60.31146, -0.71845 ], [ -60.32368, -0.71713 ], [ -60.32509, -0.7206 ], [ -60.34669, -0.73961 ], [ -60.35676, -0.73375 ], [ -60.3634, -0.74332 ], [ -60.36624, -0.73536 ], [ -60.37357, -0.73184 ], [ -60.38358, -0.73912 ], [ -60.3808, -0.74557 ], [ -60.3852, -0.75358 ], [ -60.39189, -0.75466 ], [ -60.39683, -0.74811 ], [ -60.41295, -0.75852 ], [ -60.41789, -0.75661 ], [ -60.42018, -0.76003 ], [ -60.41784, -0.76404 ], [ -60.42634, -0.77117 ], [ -60.43054, -0.76599 ], [ -60.4474, -0.76443 ], [ -60.456, -0.76878 ], [ -60.46323, -0.76296 ], [ -60.47486, -0.7616 ], [ -60.49783, -0.78065 ], [ -60.4903, -0.79052 ], [ -60.49323, -0.81143 ], [ -60.49944, -0.81646 ], [ -60.50653, -0.8148 ], [ -60.51855, -0.8258 ], [ -60.50394, -0.83303 ], [ -60.50286, -0.8407 ], [ -60.51913, -0.85951 ], [ -60.52688, -0.86234 ], [ -60.5301, -0.86723 ], [ -60.53621, -0.86948 ], [ -60.5454, -0.86195 ], [ -60.55639, -0.86254 ], [ -60.5582, -0.85076 ], [ -60.57232, -0.85057 ], [ -60.58801, -0.84329 ], [ -60.59358, -0.85052 ], [ -60.59592, -0.86625 ], [ -60.6207, -0.85155 ], [ -60.61986, -0.86308 ], [ -60.63281, -0.86146 ], [ -60.63819, -0.87382 ], [ -60.65104, -0.87226 ], [ -60.66912, -0.88794 ], [ -60.67176, -0.88037 ], [ -60.67029, -0.87163 ], [ -60.68427, -0.86547 ], [ -60.69692, -0.86909 ], [ -60.70494, -0.86088 ], [ -60.71192, -0.85858 ], [ -60.73577, -0.86601 ], [ -60.73494, -0.86117 ], [ -60.72724, -0.86051 ], [ -60.72851, -0.85304 ], [ -60.73565, -0.85213 ], [ -60.74024, -0.85856 ], [ -60.74899, -0.8545 ], [ -60.75165, -0.86251 ], [ -60.7622, -0.86293 ], [ -60.76604, -0.85797 ], [ -60.76067, -0.8504 ], [ -60.76329, -0.83433 ], [ -60.76916, -0.82222 ], [ -60.76319, -0.81264 ], [ -60.76955, -0.80082 ], [ -60.7565, -0.79119 ], [ -60.76016, -0.78733 ], [ -60.76818, -0.79031 ], [ -60.7779, -0.7889 ], [ -60.78811, -0.78254 ], [ -60.78113, -0.77448 ], [ -60.77766, -0.77434 ], [ -60.77565, -0.7629 ], [ -60.77121, -0.75606 ], [ -60.78147, -0.74644 ], [ -60.79154, -0.75152 ], [ -60.79261, -0.74175 ], [ -60.80619, -0.74009 ], [ -60.8103, -0.72728 ], [ -60.80307, -0.72298 ], [ -60.80434, -0.71184 ], [ -60.8102, -0.70285 ], [ -60.80717, -0.69425 ], [ -60.81851, -0.68917 ], [ -60.85516, -0.68634 ], [ -60.86141, -0.67041 ], [ -60.8577, -0.65546 ], [ -60.8618, -0.64549 ], [ -60.87148, -0.63826 ], [ -60.89151, -0.6453 ], [ -60.89522, -0.64393 ], [ -60.91966, -0.62038 ], [ -60.91741, -0.61256 ], [ -60.92767, -0.60552 ], [ -60.92513, -0.59624 ], [ -60.92699, -0.5894 ], [ -60.92132, -0.57904 ], [ -60.92415, -0.56301 ], [ -60.93089, -0.55012 ], [ -60.93363, -0.54787 ], [ -60.9477, -0.55803 ], [ -60.96002, -0.55246 ], [ -60.97927, -0.56067 ], [ -60.99481, -0.56106 ], [ -61.00966, -0.55207 ], [ -61.02295, -0.55129 ], [ -61.03048, -0.54249 ], [ -61.03898, -0.54689 ], [ -61.05687, -0.54386 ], [ -61.06527, -0.53428 ], [ -61.06586, -0.52148 ], [ -61.07016, -0.51347 ], [ -61.08482, -0.5034 ], [ -61.1068, -0.4992 ], [ -61.11794, -0.50663 ], [ -61.13348, -0.49695 ], [ -61.15039, -0.50204 ], [ -61.15811, -0.49832 ], [ -61.16163, -0.50174 ], [ -61.1633, -0.49002 ], [ -61.16396, -0.4906 ], [ -61.16134, -0.51259 ], [ -61.16886, -0.5163 ], [ -61.18489, -0.50673 ], [ -61.19906, -0.50819 ], [ -61.21147, -0.4991 ], [ -61.2231, -0.49989 ], [ -61.22926, -0.51093 ], [ -61.22926, -0.51679 ], [ -61.22105, -0.52891 ], [ -61.22945, -0.53868 ], [ -61.22769, -0.55099 ], [ -61.23405, -0.56194 ], [ -61.27753, -0.57562 ], [ -61.30187, -0.57484 ], [ -61.32894, -0.59722 ], [ -61.33832, -0.59761 ], [ -61.34653, -0.59409 ], [ -61.35953, -0.59692 ], [ -61.37292, -0.60758 ], [ -61.39236, -0.61422 ], [ -61.40712, -0.62849 ], [ -61.42797, -0.6309 ], [ -61.43351, -0.63303 ], [ -61.43419, -0.64056 ], [ -61.42872, -0.64955 ], [ -61.43869, -0.65649 ], [ -61.45813, -0.65473 ] ], [ [ -61.83222, -1.2454 ], [ -61.8352, -1.27303 ], [ -61.83419, -1.27084 ], [ -61.83296, -1.27243 ], [ -61.83354, -1.26793 ], [ -61.83284, -1.26811 ], [ -61.83222, -1.2454 ] ], [ [ -61.83175, -1.22794 ], [ -61.84826, -1.1932 ], [ -61.83179, -1.22957 ], [ -61.83175, -1.22794 ] ], [ [ -61.85108, -1.17558 ], [ -61.85115, -1.1754 ], [ -61.85107, -1.17563 ], [ -61.85108, -1.17558 ] ], [ [ -61.87426, -1.11779 ], [ -61.87438, -1.11857 ], [ -61.87221, -1.12289 ], [ -61.87426, -1.11779 ] ], [ [ -61.84807, -0.94314 ], [ -61.85029, -0.94242 ], [ -61.8493, -0.94456 ], [ -61.85329, -0.95168 ], [ -61.84807, -0.94314 ] ], [ [ -61.85895, -0.92877 ], [ -61.86016, -0.94672 ], [ -61.86, -0.9466 ], [ -61.85895, -0.92877 ] ], [ [ -61.84118, -0.81884 ], [ -61.84215, -0.77858 ], [ -61.84129, -0.81908 ], [ -61.84118, -0.81884 ] ], [ [ -61.85505, -0.71609 ], [ -61.85541, -0.72325 ], [ -61.84215, -0.77858 ], [ -61.85505, -0.71609 ] ], [ [ -61.84438, -0.68389 ], [ -61.84557, -0.68563 ], [ -61.85498, -0.71472 ], [ -61.84438, -0.68389 ] ], [ [ -61.82423, -0.65254 ], [ -61.81311, -0.63067 ], [ -61.80401, -0.6064 ], [ -61.82423, -0.65254 ] ], [ [ -61.79844, -0.57911 ], [ -61.79846, -0.57886 ], [ -61.80401, -0.6064 ], [ -61.79844, -0.57911 ] ], [ [ -61.79822, -0.55371 ], [ -61.79979, -0.55885 ], [ -61.79975, -0.55944 ], [ -61.79822, -0.55371 ] ], [ [ -61.79477, -0.54073 ], [ -61.79632, -0.52802 ], [ -61.79497, -0.5415 ], [ -61.79477, -0.54073 ] ], [ [ -61.79148, -0.52495 ], [ -61.78026, -0.51026 ], [ -61.77977, -0.5051 ], [ -61.7895, -0.5024 ], [ -61.79267, -0.49371 ], [ -61.78852, -0.5068 ], [ -61.79732, -0.51801 ], [ -61.79709, -0.52034 ], [ -61.79148, -0.52495 ] ], [ [ -61.79234, -0.46703 ], [ -61.79506, -0.46754 ], [ -61.79504, -0.46907 ], [ -61.79234, -0.46703 ] ], [ [ -61.78169, -0.46147 ], [ -61.78728, -0.44875 ], [ -61.78187, -0.46179 ], [ -61.78169, -0.46147 ] ], [ [ -61.78612, -0.43816 ], [ -61.78653, -0.4376 ], [ -61.78624, -0.4391 ], [ -61.78612, -0.43816 ] ], [ [ -61.78764, -0.43606 ], [ -61.7886, -0.4351 ], [ -61.7901, -0.43638 ], [ -61.78764, -0.43606 ] ], [ [ -61.7747, -0.4085 ], [ -61.7864, -0.4104 ], [ -61.78638, -0.41073 ], [ -61.7747, -0.4085 ] ], [ [ -61.7652, -0.4164 ], [ -61.7617, -0.4107 ], [ -61.76533, -0.41629 ], [ -61.7652, -0.4164 ] ], [ [ -61.7401, -0.4185 ], [ -61.73975, -0.41817 ], [ -61.7519, -0.4162 ], [ -61.7401, -0.4185 ] ], [ [ -61.712, -0.35987 ], [ -61.71358, -0.35956 ], [ -61.71881, -0.35107 ], [ -61.71145, -0.36524 ], [ -61.712, -0.35987 ] ], [ [ -61.43194, -0.58771 ], [ -61.42924, -0.58312 ], [ -61.42982, -0.58221 ], [ -61.43194, -0.58771 ] ], [ [ -61.43992, -0.62243 ], [ -61.43453, -0.61975 ], [ -61.43506, -0.61835 ], [ -61.43992, -0.62243 ] ], [ [ -61.44616, -0.62767 ], [ -61.4468, -0.63713 ], [ -61.44531, -0.62696 ], [ -61.44616, -0.62767 ] ], [ [ -61.44705, -0.64095 ], [ -61.44474, -0.63807 ], [ -61.44699, -0.63997 ], [ -61.44705, -0.64095 ] ], [ [ -61.44011, -0.63492 ], [ -61.44011, -0.63415 ], [ -61.44052, -0.63449 ], [ -61.44011, -0.63492 ] ], [ [ -61.82542, -1.39217 ], [ -61.83639, -1.39213 ], [ -61.83524, -1.3926 ], [ -61.82542, -1.39217 ] ], [ [ -61.79609, -1.36561 ], [ -61.80196, -1.3691 ], [ -61.82542, -1.39217 ], [ -61.79609, -1.36561 ] ], [ [ -61.84735, -1.38655 ], [ -61.84563, -1.38841 ], [ -61.84306, -1.38945 ], [ -61.84735, -1.38655 ] ], [ [ -61.86803, -1.32656 ], [ -61.86766, -1.34867 ], [ -61.86667, -1.35202 ], [ -61.86803, -1.32656 ] ], [ [ -61.83975, -1.28286 ], [ -61.8373, -1.27756 ], [ -61.86221, -1.31119 ], [ -61.83975, -1.28286 ] ], [ [ -61.72436, -0.67641 ], [ -61.72491, -0.67375 ], [ -61.72655, -0.68229 ], [ -61.72436, -0.67641 ] ], [ [ -61.83642, -0.92874 ], [ -61.82874, -0.938 ], [ -61.82866, -0.93689 ], [ -61.83642, -0.92874 ] ], [ [ -61.84929, -0.92729 ], [ -61.83681, -0.92413 ], [ -61.83688, -0.92336 ], [ -61.84929, -0.92729 ] ], [ [ -61.84648, -0.94054 ], [ -61.84618, -0.93203 ], [ -61.84713, -0.94161 ], [ -61.84648, -0.94054 ] ], [ [ -61.66177, -1.40457 ], [ -61.66159, -1.4037 ], [ -61.67094, -1.40275 ], [ -61.65107, -1.4074 ], [ -61.66177, -1.40457 ] ], [ [ -61.62512, -1.41417 ], [ -61.62669, -1.41382 ], [ -61.58661, -1.43836 ], [ -61.58876, -1.4365 ], [ -61.62512, -1.41417 ] ], [ [ -61.57933, -1.44467 ], [ -61.5615, -1.46293 ], [ -61.56598, -1.45625 ], [ -61.57933, -1.44467 ] ], [ [ -61.55062, -1.4792 ], [ -61.54872, -1.48225 ], [ -61.54892, -1.48174 ], [ -61.55062, -1.4792 ] ], [ [ -61.53063, -1.52417 ], [ -61.52768, -1.53103 ], [ -61.52466, -1.53486 ], [ -61.53063, -1.52417 ] ], [ [ -61.79398, -1.36435 ], [ -61.79088, -1.3631 ], [ -61.79215, -1.36326 ], [ -61.79398, -1.36435 ] ], [ [ -61.76098, -1.35931 ], [ -61.75859, -1.35952 ], [ -61.7596, -1.35913 ], [ -61.76098, -1.35931 ] ], [ [ -61.7357, -1.37325 ], [ -61.73098, -1.38079 ], [ -61.72916, -1.38086 ], [ -61.7357, -1.37325 ] ], [ [ -61.73004, -1.39293 ], [ -61.72909, -1.3942 ], [ -61.72916, -1.38086 ], [ -61.73004, -1.39293 ] ], [ [ -61.73205, -1.39005 ], [ -61.73207, -1.39019 ], [ -61.73017, -1.39275 ], [ -61.73205, -1.39005 ] ], [ [ -61.63272, -1.42339 ], [ -61.56673, -1.46011 ], [ -61.59691, -1.44053 ], [ -61.63272, -1.42339 ] ], [ [ -61.69443, -1.40162 ], [ -61.63011, -1.41499 ], [ -61.6305, -1.41475 ], [ -61.69443, -1.40162 ] ], [ [ -61.70513, -1.40213 ], [ -61.70561, -1.40216 ], [ -61.66591, -1.41237 ], [ -61.70513, -1.40213 ] ], [ [ -61.73239, -1.38555 ], [ -61.7318, -1.381 ], [ -61.73272, -1.37962 ], [ -61.73239, -1.38555 ] ], [ [ -61.75544, -1.36135 ], [ -61.73342, -1.37857 ], [ -61.73663, -1.37376 ], [ -61.75158, -1.36257 ], [ -61.75544, -1.36135 ] ], [ [ -61.75813, -1.36049 ], [ -61.76095, -1.3596 ], [ -61.77937, -1.36172 ], [ -61.75813, -1.36049 ] ], [ [ -61.63476, -1.29255 ], [ -61.63568, -1.29117 ], [ -61.63642, -1.29266 ], [ -61.63476, -1.29255 ] ], [ [ -61.5552, -0.79441 ], [ -61.55725, -0.79453 ], [ -61.55814, -0.79649 ], [ -61.5552, -0.79441 ] ], [ [ -61.84109, -1.23523 ], [ -61.84186, -1.23928 ], [ -61.84129, -1.24138 ], [ -61.84109, -1.23523 ] ], [ [ -61.83816, -1.22051 ], [ -61.83825, -1.22033 ], [ -61.83855, -1.22189 ], [ -61.83816, -1.22051 ] ], [ [ -61.83317, -1.23585 ], [ -61.83295, -1.23038 ], [ -61.83789, -1.22102 ], [ -61.83317, -1.23585 ] ], [ [ -61.83674, -1.25763 ], [ -61.83376, -1.25037 ], [ -61.83349, -1.24373 ], [ -61.83674, -1.25763 ] ], [ [ -61.83696, -1.25744 ], [ -61.83684, -1.25788 ], [ -61.83682, -1.25783 ], [ -61.83696, -1.25744 ] ], [ [ -61.86732, -1.14019 ], [ -61.87416, -1.12917 ], [ -61.87634, -1.12951 ], [ -61.86732, -1.14019 ] ], [ [ -61.87645, -1.12953 ], [ -61.87704, -1.12963 ], [ -61.87518, -1.14077 ], [ -61.87321, -1.14374 ], [ -61.87645, -1.12953 ] ], [ [ -61.85402, -1.06609 ], [ -61.85413, -1.06553 ], [ -61.86215, -1.08451 ], [ -61.85402, -1.06609 ] ], [ [ -61.85357, -1.07292 ], [ -61.85288, -1.072 ], [ -61.85377, -1.06738 ], [ -61.85357, -1.07292 ] ], [ [ -61.85254, -0.94247 ], [ -61.85273, -0.9423 ], [ -61.87113, -0.95826 ], [ -61.85254, -0.94247 ] ], [ [ -61.85037, -0.94484 ], [ -61.85017, -0.94451 ], [ -61.8516, -0.94328 ], [ -61.85037, -0.94484 ] ], [ [ -61.85404, -0.95149 ], [ -61.85108, -0.95726 ], [ -61.85383, -0.95114 ], [ -61.85404, -0.95149 ] ], [ [ -61.85251, -0.98169 ], [ -61.85229, -0.98122 ], [ -61.85588, -0.96855 ], [ -61.85251, -0.98169 ] ], [ [ -61.85683, -0.99011 ], [ -61.85671, -0.99057 ], [ -61.85493, -0.9868 ], [ -61.85683, -0.99011 ] ], [ [ -61.85634, -0.99202 ], [ -61.85204, -0.99593 ], [ -61.85657, -0.99114 ], [ -61.85634, -0.99202 ] ], [ [ -61.85667, -1.02237 ], [ -61.8531, -1.02449 ], [ -61.85775, -1.01952 ], [ -61.85667, -1.02237 ] ], [ [ -61.86407, -1.01235 ], [ -61.86729, -1.00585 ], [ -61.86453, -1.02 ], [ -61.86407, -1.01235 ] ], [ [ -61.86642, -1.02802 ], [ -61.87352, -1.01846 ], [ -61.8635, -1.03295 ], [ -61.86642, -1.02802 ] ], [ [ -61.87794, -1.0071 ], [ -61.87796, -1.00732 ], [ -61.87145, -1.02413 ], [ -61.87794, -1.0071 ] ], [ [ -61.88234, -0.9992 ], [ -61.88256, -0.99998 ], [ -61.88039, -1.00524 ], [ -61.88234, -0.9992 ] ], [ [ -61.88553, -0.99956 ], [ -61.88248, -0.98958 ], [ -61.88285, -0.98717 ], [ -61.88553, -0.99956 ] ], [ [ -61.88496, -0.99039 ], [ -61.88544, -0.99127 ], [ -61.88553, -0.99956 ], [ -61.88496, -0.99039 ] ], [ [ -61.8829, -0.98687 ], [ -61.88293, -0.98663 ], [ -61.88334, -0.98739 ], [ -61.8829, -0.98687 ] ], [ [ -61.86883, -0.95378 ], [ -61.86502, -0.95122 ], [ -61.86416, -0.94667 ], [ -61.86883, -0.95378 ] ], [ [ -61.86642, -0.94817 ], [ -61.86716, -0.94877 ], [ -61.86901, -0.9539 ], [ -61.8689, -0.95382 ], [ -61.86642, -0.94817 ] ], [ [ -61.86412, -0.94646 ], [ -61.86409, -0.94629 ], [ -61.86467, -0.94675 ], [ -61.86412, -0.94646 ] ], [ [ -61.86879, -0.90277 ], [ -61.87843, -0.89447 ], [ -61.87679, -0.8976 ], [ -61.86879, -0.90277 ] ], [ [ -61.87415, -0.90266 ], [ -61.87118, -0.90834 ], [ -61.86831, -0.9108 ], [ -61.87415, -0.90266 ] ], [ [ -61.85632, -0.75358 ], [ -61.85564, -0.76695 ], [ -61.85464, -0.76944 ], [ -61.85632, -0.75358 ] ], [ [ -61.85327, -0.75001 ], [ -61.8581, -0.72209 ], [ -61.86039, -0.71906 ], [ -61.85327, -0.75001 ] ], [ [ -61.86327, -0.72787 ], [ -61.86341, -0.72829 ], [ -61.85327, -0.75001 ], [ -61.86327, -0.72787 ] ], [ [ -61.78191, 0.0352 ], [ -61.77379, 0.05843 ], [ -61.77334, 0.06295 ], [ -61.78191, 0.0352 ] ], [ [ -61.78606, 0.02853 ], [ -61.79246, 0.02103 ], [ -61.80047, 0.00351 ], [ -61.78191, 0.0352 ], [ -61.78606, 0.02853 ] ], [ [ -61.80415, -0.01323 ], [ -61.80357, -0.0123 ], [ -61.8035, -0.01127 ], [ -61.80415, -0.01323 ] ], [ [ -61.81523, -0.0323 ], [ -61.81505, -0.03472 ], [ -61.81374, -0.02994 ], [ -61.81523, -0.0323 ] ], [ [ -61.80216, 0.02014 ], [ -61.80916, -0.00184 ], [ -61.80976, -0.01756 ], [ -61.79765, 0.01109 ], [ -61.79256, 0.02102 ], [ -61.78255, 0.0355 ], [ -61.80216, 0.02014 ] ], [ [ -61.82063, -0.14933 ], [ -61.81731, -0.1559 ], [ -61.81883, -0.14885 ], [ -61.81701, -0.15099 ], [ -61.81689, -0.15981 ], [ -61.82823, -0.21619 ], [ -61.81791, -0.19346 ], [ -61.80818, -0.15345 ], [ -61.80682, -0.13317 ], [ -61.79704, -0.11745 ], [ -61.79101, -0.09826 ], [ -61.79142, -0.09124 ], [ -61.80139, -0.07675 ], [ -61.81389, -0.13099 ], [ -61.8205, -0.14578 ], [ -61.82086, -0.15174 ], [ -61.81919, -0.15337 ], [ -61.82063, -0.14933 ] ], [ [ -61.81859, -0.15943 ], [ -61.8232, -0.15258 ], [ -61.8248, -0.16094 ], [ -61.82404, -0.15943 ], [ -61.82093, -0.16018 ], [ -61.82106, -0.16112 ], [ -61.82413, -0.15973 ], [ -61.82535, -0.16421 ], [ -61.82536, -0.19415 ], [ -61.81859, -0.15943 ] ], [ [ -61.86903, -0.85094 ], [ -61.85675, -0.84188 ], [ -61.8524, -0.8335 ], [ -61.84937, -0.82536 ], [ -61.84809, -0.81877 ], [ -61.84978, -0.80596 ], [ -61.86059, -0.81857 ], [ -61.86903, -0.85094 ] ], [ [ -61.85144, -0.37446 ], [ -61.84887, -0.3777 ], [ -61.85197, -0.37097 ], [ -61.85144, -0.37446 ] ], [ [ -61.84918, -0.36643 ], [ -61.84997, -0.36062 ], [ -61.85186, -0.36495 ], [ -61.85465, -0.36773 ], [ -61.85317, -0.37044 ], [ -61.84918, -0.36643 ] ], [ [ -61.85368, -0.36021 ], [ -61.8545, -0.36584 ], [ -61.85108, -0.35978 ], [ -61.85368, -0.36021 ] ], [ [ -61.87863, -1.33179 ], [ -61.87703, -1.32026 ], [ -61.88334, -1.33236 ], [ -61.87863, -1.33179 ] ], [ [ -61.87789, -1.33208 ], [ -61.87842, -1.33194 ], [ -61.87836, -1.33207 ], [ -61.87789, -1.33208 ] ], [ [ -61.8863, -1.13073 ], [ -61.88651, -1.11893 ], [ -61.87856, -1.09785 ], [ -61.88078, -1.09626 ], [ -61.8868, -1.10696 ], [ -61.88506, -1.10402 ], [ -61.88678, -1.11075 ], [ -61.8863, -1.13073 ] ], [ [ -61.884, -1.12962 ], [ -61.88511, -1.13605 ], [ -61.88083, -1.14038 ], [ -61.88198, -1.1319 ], [ -61.884, -1.12962 ] ], [ [ -61.88259, -0.96841 ], [ -61.88194, -0.96409 ], [ -61.88537, -0.97354 ], [ -61.88259, -0.96841 ] ], [ [ -61.88343, -1.34964 ], [ -61.88489, -1.3531 ], [ -61.88428, -1.35903 ], [ -61.88265, -1.35407 ], [ -61.88343, -1.34964 ] ], [ [ -61.88773, -1.12199 ], [ -61.88959, -1.12944 ], [ -61.88776, -1.13251 ], [ -61.88693, -1.12342 ], [ -61.88773, -1.12199 ] ], [ [ -61.80509, -0.57514 ], [ -61.80614, -0.57199 ], [ -61.80433, -0.58566 ], [ -61.80509, -0.57514 ] ], [ [ -61.82099, -0.52735 ], [ -61.8184, -0.54007 ], [ -61.81328, -0.55052 ], [ -61.82099, -0.52735 ] ], [ [ -61.79874, -0.47602 ], [ -61.79887, -0.47587 ], [ -61.81201, -0.50645 ], [ -61.79874, -0.47602 ] ], [ [ -61.79287, -0.43875 ], [ -61.79436, -0.44094 ], [ -61.79499, -0.46502 ], [ -61.79287, -0.43875 ] ], [ [ -61.78798, -0.43658 ], [ -61.78797, -0.43627 ], [ -61.7907, -0.43689 ], [ -61.78798, -0.43658 ] ], [ [ -61.78378, -0.46315 ], [ -61.78287, -0.46299 ], [ -61.78341, -0.46177 ], [ -61.78378, -0.46315 ] ], [ [ -61.82349, -0.31226 ], [ -61.82416, -0.31529 ], [ -61.82071, -0.3222 ], [ -61.82349, -0.31226 ] ], [ [ -61.80608, -0.0559 ], [ -61.80343, -0.03869 ], [ -61.80404, -0.03647 ], [ -61.80608, -0.0559 ] ], [ [ -61.8091, -0.0356 ], [ -61.81, -0.03694 ], [ -61.80608, -0.0559 ], [ -61.8091, -0.0356 ] ], [ [ -61.58887, 0.6106 ], [ -61.58815, 0.61266 ], [ -61.59032, 0.60949 ], [ -61.58887, 0.6106 ] ], [ [ -61.61057, 0.59405 ], [ -61.60618, 0.5974 ], [ -61.6105, 0.59462 ], [ -61.61057, 0.59405 ] ], [ [ -61.61634, 0.54866 ], [ -61.61628, 0.54914 ], [ -61.6183, 0.54614 ], [ -61.61634, 0.54866 ] ], [ [ -61.65505, 0.4991 ], [ -61.64808, 0.50803 ], [ -61.65875, 0.49592 ], [ -61.65505, 0.4991 ] ], [ [ -61.71745, 0.382 ], [ -61.70565, 0.42718 ], [ -61.70656, 0.42502 ], [ -61.71745, 0.382 ] ], [ [ -61.72267, 0.34648 ], [ -61.72178, 0.34842 ], [ -61.71745, 0.382 ], [ -61.72267, 0.34648 ] ], [ [ -61.73785, 0.31357 ], [ -61.72521, 0.34099 ], [ -61.73671, 0.32076 ], [ -61.73785, 0.31357 ] ], [ [ -61.74908, 0.30362 ], [ -61.75076, 0.29969 ], [ -61.73785, 0.31357 ], [ -61.74908, 0.30362 ] ], [ [ -61.75591, 0.27358 ], [ -61.75225, 0.29619 ], [ -61.75376, 0.29265 ], [ -61.75591, 0.27358 ] ], [ [ -61.75732, 0.24536 ], [ -61.75777, 0.25709 ], [ -61.75827, 0.25263 ], [ -61.75732, 0.24536 ] ], [ [ -61.79802, -0.01672 ], [ -61.78434, 0.02152 ], [ -61.79782, -0.01428 ], [ -61.79802, -0.01672 ] ], [ [ -61.82729, -0.24921 ], [ -61.81965, -0.21674 ], [ -61.82705, -0.24712 ], [ -61.82729, -0.24921 ] ], [ [ -61.82981, -0.27541 ], [ -61.8291, -0.26527 ], [ -61.83012, -0.27424 ], [ -61.82981, -0.27541 ] ], [ [ -61.83699, -0.35268 ], [ -61.82146, -0.32974 ], [ -61.8365, -0.3496 ], [ -61.83699, -0.35268 ] ], [ [ -61.83825, -0.36061 ], [ -61.83497, -0.38747 ], [ -61.83723, -0.35422 ], [ -61.83825, -0.36061 ] ], [ [ -61.82861, -0.40229 ], [ -61.83437, -0.38917 ], [ -61.83042, -0.40025 ], [ -61.82861, -0.40229 ] ], [ [ -61.36784, 0.93148 ], [ -61.3678, 0.93166 ], [ -61.38614, 0.90891 ], [ -61.36784, 0.93148 ] ], [ [ -61.40842, 0.87994 ], [ -61.41822, 0.8425 ], [ -61.41677, 0.8442 ], [ -61.40842, 0.87994 ] ], [ [ -61.55313, 0.67754 ], [ -61.53577, 0.68872 ], [ -61.53557, 0.68891 ], [ -61.55313, 0.67754 ] ], [ [ -61.58923, 0.61936 ], [ -61.59147, 0.61045 ], [ -61.58903, 0.61947 ], [ -61.58923, 0.61936 ] ], [ [ -61.58893, 0.61953 ], [ -61.58898, 0.61446 ], [ -61.58811, 0.61586 ], [ -61.58826, 0.61994 ], [ -61.58893, 0.61953 ] ], [ [ -61.60376, 0.61406 ], [ -61.61097, 0.59877 ], [ -61.61089, 0.59882 ], [ -61.60376, 0.61406 ] ], [ [ -61.60919, 0.59982 ], [ -61.59367, 0.60895 ], [ -61.59341, 0.60991 ], [ -61.60919, 0.59982 ] ], [ [ -61.59182, 0.61583 ], [ -61.5907, 0.61998 ], [ -61.59129, 0.61971 ], [ -61.59182, 0.61583 ] ], [ [ -61.67524, 0.48954 ], [ -61.67313, 0.49455 ], [ -61.67963, 0.48478 ], [ -61.67945, 0.48488 ], [ -61.67524, 0.48954 ] ], [ [ -61.66345, 0.49714 ], [ -61.66311, 0.49773 ], [ -61.67313, 0.49455 ], [ -61.66345, 0.49714 ] ], [ [ -61.67904, 0.48511 ], [ -61.66618, 0.49241 ], [ -61.66376, 0.4966 ], [ -61.67904, 0.48511 ] ], [ [ -61.6807, 0.48097 ], [ -61.67826, 0.48152 ], [ -61.67814, 0.48165 ], [ -61.6807, 0.48097 ] ], [ [ -61.68194, 0.48064 ], [ -61.68183, 0.48061 ], [ -61.68164, 0.48072 ], [ -61.68194, 0.48064 ] ], [ [ -61.74093, 0.31265 ], [ -61.72847, 0.3406 ], [ -61.72575, 0.3495 ], [ -61.72591, 0.34956 ], [ -61.74093, 0.31265 ] ], [ [ -61.72866, 0.35062 ], [ -61.72961, 0.34984 ], [ -61.72671, 0.34987 ], [ -61.72866, 0.35062 ] ], [ [ -61.73541, 0.34505 ], [ -61.7467, 0.30901 ], [ -61.73517, 0.34525 ], [ -61.73541, 0.34505 ] ], [ [ -61.74485, 0.11803 ], [ -61.74653, 0.12166 ], [ -61.7486, 0.09847 ], [ -61.74792, 0.09957 ], [ -61.74485, 0.11803 ] ], [ [ -61.74815, 0.12517 ], [ -61.74834, 0.12559 ], [ -61.74871, 0.12544 ], [ -61.74815, 0.12517 ] ], [ [ -61.7497, 0.12504 ], [ -61.75271, 0.12382 ], [ -61.75531, 0.11824 ], [ -61.7497, 0.12504 ] ], [ [ -61.75795, 0.11256 ], [ -61.75949, 0.10924 ], [ -61.76102, 0.06895 ], [ -61.75795, 0.11256 ] ], [ [ -61.76503, 0.21633 ], [ -61.77026, 0.16544 ], [ -61.76976, 0.16003 ], [ -61.76503, 0.21633 ] ], [ [ -61.76338, 0.23652 ], [ -61.76241, 0.23388 ], [ -61.76067, 0.24733 ], [ -61.76338, 0.23652 ] ], [ [ -61.75945, 0.227 ], [ -61.75866, 0.23576 ], [ -61.76067, 0.24733 ], [ -61.75945, 0.227 ] ], [ [ -61.75953, 0.22606 ], [ -61.75951, 0.22631 ], [ -61.76027, 0.22806 ], [ -61.75953, 0.22606 ] ], [ [ -61.35798, -0.54207 ], [ -61.35758, -0.54249 ], [ -61.35725, -0.54218 ], [ -61.35798, -0.54207 ] ], [ [ -61.07378, -0.31933 ], [ -61.08022, -0.32249 ], [ -61.07394, -0.32056 ], [ -61.07378, -0.31933 ] ], [ [ -60.62076, -0.23062 ], [ -60.62578, -0.23597 ], [ -60.61272, -0.22487 ], [ -60.62076, -0.23062 ] ], [ [ -60.5251, -0.0529 ], [ -60.5219, -0.0571 ], [ -60.52475, -0.05261 ], [ -60.5251, -0.0529 ] ], [ [ -60.51225, -0.04831 ], [ -60.5196, -0.0484 ], [ -60.5123, -0.049 ], [ -60.51225, -0.04831 ] ], [ [ -60.5066, -0.0387 ], [ -60.50775, -0.0435 ], [ -60.5076, -0.0435 ], [ -60.5066, -0.0387 ] ], [ [ -60.5077, -0.0299 ], [ -60.50755, -0.02997 ], [ -60.50757, -0.02991 ], [ -60.5077, -0.0299 ] ], [ [ -60.45065, -0.00382 ], [ -60.4592, 0.0009 ], [ -60.451, -0.0041 ], [ -60.45065, -0.00382 ] ], [ [ -60.3433, 0.0166 ], [ -60.34929, 0.00197 ], [ -60.3492, 0.002 ], [ -60.3433, 0.0166 ] ], [ [ -60.358, 0.1349 ], [ -60.35838, 0.12475 ], [ -60.3521, 0.105 ], [ -60.3581, 0.12395 ], [ -60.358, 0.1349 ] ], [ [ -60.30407, -0.25689 ], [ -60.3046, -0.25741 ], [ -60.30405, -0.25735 ], [ -60.30407, -0.25689 ] ], [ [ -60.33834, -0.72973 ], [ -60.33396, -0.72578 ], [ -60.33835, -0.72531 ], [ -60.33834, -0.72973 ] ], [ [ -60.35078, -0.43371 ], [ -60.347, -0.43504 ], [ -60.34581, -0.43104 ], [ -60.34949, -0.42991 ], [ -60.35078, -0.43371 ] ], [ [ -60.375, -0.5888 ], [ -60.37299, -0.5919 ], [ -60.36932, -0.58959 ], [ -60.3714, -0.58662 ], [ -60.375, -0.5888 ] ], [ [ -60.40065, -0.53162 ], [ -60.40115, -0.53204 ], [ -60.40069, -0.53204 ], [ -60.40065, -0.53162 ] ], [ [ -60.52431, -0.85204 ], [ -60.52232, -0.8578 ], [ -60.51967, -0.85683 ], [ -60.51968, -0.85196 ], [ -60.52431, -0.85204 ] ], [ [ -60.52837, -0.07012 ], [ -60.52879, -0.07104 ], [ -60.52814, -0.07084 ], [ -60.52837, -0.07012 ] ], [ [ -60.57316, -0.12397 ], [ -60.57418, -0.12459 ], [ -60.57343, -0.12501 ], [ -60.57316, -0.12397 ] ], [ [ -60.63024, -0.55101 ], [ -60.63582, -0.55463 ], [ -60.63418, -0.55915 ], [ -60.62876, -0.55635 ], [ -60.63024, -0.55101 ] ], [ [ -60.6812, -0.2696 ], [ -60.67738, -0.27028 ], [ -60.67949, -0.26828 ], [ -60.6812, -0.2696 ] ], [ [ -60.72652, -0.85091 ], [ -60.7297, -0.85189 ], [ -60.72738, -0.85271 ], [ -60.72652, -0.85091 ] ], [ [ -60.77419, -0.76259 ], [ -60.76549, -0.76701 ], [ -60.76376, -0.7585 ], [ -60.76997, -0.75727 ], [ -60.77419, -0.76259 ] ], [ [ -60.92348, -0.58555 ], [ -60.91959, -0.58799 ], [ -60.91691, -0.58417 ], [ -60.92058, -0.5818 ], [ -60.92348, -0.58555 ] ], [ [ -60.93643, -0.54774 ], [ -60.93663, -0.5491 ], [ -60.93588, -0.54871 ], [ -60.93643, -0.54774 ] ], [ [ -61.03714, -0.54137 ], [ -61.03771, -0.54235 ], [ -61.03689, -0.54211 ], [ -61.03714, -0.54137 ] ], [ [ -61.0809, 0.68278 ], [ -61.08711, 0.67999 ], [ -61.08707, 0.67988 ], [ -61.0809, 0.68278 ] ], [ [ -60.97396, 0.19453 ], [ -60.97211, 0.19244 ], [ -60.97195, 0.19283 ], [ -60.97396, 0.19453 ] ], [ [ -60.97222, 0.1922 ], [ -60.98092, 0.1868 ], [ -60.97342, 0.18939 ], [ -60.97222, 0.1922 ] ], [ [ -60.96962, 0.18026 ], [ -60.98839, 0.1881 ], [ -60.98931, 0.18825 ], [ -60.982, 0.18345 ], [ -60.96962, 0.18026 ] ], [ [ -60.95141, 0.17618 ], [ -60.9517, 0.1719 ], [ -60.9512, 0.1761 ], [ -60.95141, 0.17618 ] ], [ [ -60.939, 0.1627 ], [ -60.9332, 0.161 ], [ -60.93311, 0.16111 ], [ -60.939, 0.1627 ] ], [ [ -60.936, 0.1729 ], [ -60.9298, 0.1688 ], [ -60.92949, 0.16914 ], [ -60.936, 0.1729 ] ], [ [ -60.92701, 0.1719 ], [ -60.92646, 0.17251 ], [ -60.9264, 0.1729 ], [ -60.92701, 0.1719 ] ], [ [ -60.88726, 0.14373 ], [ -60.8871, 0.1435 ], [ -60.8827, 0.1468 ], [ -60.88726, 0.14373 ] ], [ [ -60.886, 0.1502 ], [ -60.87111, 0.1573 ], [ -60.8711, 0.1574 ], [ -60.886, 0.1502 ] ], [ [ -60.8716, 0.153 ], [ -60.86569, 0.15138 ], [ -60.8657, 0.1517 ], [ -60.8716, 0.153 ] ], [ [ -60.86561, 0.14929 ], [ -60.8659, 0.1464 ], [ -60.86551, 0.14674 ], [ -60.86561, 0.14929 ] ], [ [ -60.8615, 0.1566 ], [ -60.85719, 0.15845 ], [ -60.8577, 0.1587 ], [ -60.8615, 0.1566 ] ], [ [ -60.85598, 0.15784 ], [ -60.8485, 0.14745 ], [ -60.8527, 0.1562 ], [ -60.85598, 0.15784 ] ], [ [ -60.84766, 0.14628 ], [ -60.8476, 0.1462 ], [ -60.8337, 0.1509 ], [ -60.84766, 0.14628 ] ], [ [ -60.8251, 0.1569 ], [ -60.8184, 0.1499 ], [ -60.81775, 0.15004 ], [ -60.8251, 0.1569 ] ], [ [ -60.81619, 0.15037 ], [ -60.8104, 0.1516 ], [ -60.81058, 0.15224 ], [ -60.81619, 0.15037 ] ], [ [ -60.8128, 0.16008 ], [ -60.81327, 0.16174 ], [ -60.8136, 0.1621 ], [ -60.8128, 0.16008 ] ], [ [ -60.81155, 0.15987 ], [ -60.8095, 0.1573 ], [ -60.8092, 0.15732 ], [ -60.81155, 0.15987 ] ], [ [ -60.80769, 0.15744 ], [ -60.8055, 0.1576 ], [ -60.80594, 0.15807 ], [ -60.80769, 0.15744 ] ], [ [ -60.7291, 0.2122 ], [ -60.71605, 0.21275 ], [ -60.7123, 0.2132 ], [ -60.7291, 0.2122 ] ], [ [ -60.7108, 0.2202 ], [ -60.71092, 0.22047 ], [ -60.7123, 0.2132 ], [ -60.7108, 0.2202 ] ], [ [ -60.71206, 0.2231 ], [ -60.71429, 0.22822 ], [ -60.7149, 0.2276 ], [ -60.71206, 0.2231 ] ], [ [ -60.71292, 0.22962 ], [ -60.7011, 0.2365 ], [ -60.7098, 0.2328 ], [ -60.71292, 0.22962 ] ], [ [ -60.6935, 0.2352 ], [ -60.69306, 0.23542 ], [ -60.7011, 0.2365 ], [ -60.6935, 0.2352 ] ], [ [ -60.69219, 0.23586 ], [ -60.68079, 0.24155 ], [ -60.6826, 0.242 ], [ -60.69219, 0.23586 ] ], [ [ -60.67503, 0.24013 ], [ -60.67231, 0.23926 ], [ -60.6725, 0.2395 ], [ -60.67503, 0.24013 ] ], [ [ -60.67134, 0.23805 ], [ -60.6695, 0.2339 ], [ -60.66852, 0.23455 ], [ -60.67134, 0.23805 ] ], [ [ -60.6551, 0.2625 ], [ -60.66824, 0.23473 ], [ -60.66605, 0.23618 ], [ -60.6671, 0.2363 ], [ -60.6551, 0.2625 ] ], [ [ -60.6458, 0.2662 ], [ -60.64541, 0.26687 ], [ -60.6551, 0.2625 ], [ -60.6458, 0.2662 ] ], [ [ -60.63944, 0.2784 ], [ -60.64307, 0.27089 ], [ -60.63938, 0.27722 ], [ -60.63884, 0.27679 ], [ -60.63944, 0.2784 ] ], [ [ -60.6371, 0.27542 ], [ -60.6349, 0.27369 ], [ -60.63433, 0.27392 ], [ -60.6371, 0.27542 ] ], [ [ -60.5841, 0.28294 ], [ -60.57263, 0.2838 ], [ -60.57426, 0.28408 ], [ -60.5841, 0.28294 ] ], [ [ -60.57082, 0.28348 ], [ -60.56221, 0.27852 ], [ -60.56649, 0.28271 ], [ -60.57082, 0.28348 ] ], [ [ -60.5097, 0.1158 ], [ -60.4975, 0.1111 ], [ -60.5033, 0.1154 ], [ -60.5097, 0.1158 ] ], [ [ -60.4806, 0.0944 ], [ -60.4649, 0.0908 ], [ -60.46176, 0.09248 ], [ -60.4806, 0.0944 ] ], [ [ -60.4469, 0.09126 ], [ -60.4466, 0.0912 ], [ -60.44474, 0.09267 ], [ -60.4469, 0.09126 ] ], [ [ -60.43459, 0.10068 ], [ -60.4186, 0.1133 ], [ -60.4321, 0.1046 ], [ -60.43459, 0.10068 ] ], [ [ -60.3976, 0.142 ], [ -60.38541, 0.14297 ], [ -60.38532, 0.14305 ], [ -60.3976, 0.142 ] ], [ [ -60.57054, 0.12972 ], [ -60.60305, 0.0883 ], [ -60.56389, 0.13764 ], [ -60.57145, 0.14467 ], [ -60.57876, 0.1365 ], [ -60.57054, 0.12972 ] ], [ [ -61.00083, 0.04432 ], [ -61.00982, 0.06702 ], [ -61.00788, 0.05727 ], [ -61.00083, 0.04432 ] ], [ [ -61.00965, 0.02681 ], [ -61.00926, 0.02629 ], [ -60.99785, 0.03679 ], [ -60.99843, 0.03826 ], [ -61.00965, 0.02681 ] ], [ [ -60.99973, 0.02362 ], [ -61.0064, 0.02248 ], [ -60.99961, 0.02289 ], [ -60.99973, 0.02362 ] ], [ [ -61.02443, -0.05545 ], [ -61.01552, -0.04344 ], [ -61.02459, -0.05456 ], [ -61.02443, -0.05545 ] ], [ [ -61.02117, -0.06807 ], [ -61.02328, -0.06192 ], [ -61.02147, -0.07206 ], [ -61.02117, -0.06807 ] ], [ [ -61.02197, -0.07856 ], [ -61.02188, -0.07735 ], [ -61.02264, -0.07888 ], [ -61.02197, -0.07856 ] ], [ [ -61.07133, -0.24899 ], [ -61.07222, -0.25077 ], [ -61.0634, -0.24279 ], [ -61.06353, -0.24178 ], [ -61.07133, -0.24899 ] ], [ [ -61.07636, -0.26222 ], [ -61.07429, -0.25489 ], [ -61.07692, -0.26015 ], [ -61.07636, -0.26222 ] ], [ [ -61.07118, -0.28044 ], [ -61.07255, -0.2763 ], [ -61.07145, -0.28035 ], [ -61.07118, -0.28044 ] ], [ [ -61.07235, -0.30796 ], [ -61.0719, -0.30445 ], [ -61.07232, -0.30547 ], [ -61.07235, -0.30796 ] ], [ [ -60.35994, 0.37682 ], [ -60.35729, 0.37798 ], [ -60.35947, 0.37771 ], [ -60.35994, 0.37682 ] ], [ [ -60.35518, 0.37824 ], [ -60.34283, 0.37349 ], [ -60.35277, 0.37854 ], [ -60.35518, 0.37824 ] ], [ [ -60.3314, 0.37708 ], [ -60.32843, 0.3798 ], [ -60.34283, 0.37349 ], [ -60.3314, 0.37708 ] ], [ [ -60.315, 0.38567 ], [ -60.31396, 0.3859 ], [ -60.31431, 0.38597 ], [ -60.315, 0.38567 ] ], [ [ -60.2795, 0.37848 ], [ -60.24266, 0.3922 ], [ -60.24593, 0.39171 ], [ -60.2795, 0.37848 ] ], [ [ -60.23014, 0.39409 ], [ -60.21959, 0.39413 ], [ -60.22427, 0.39498 ], [ -60.23014, 0.39409 ] ], [ [ -60.17541, 0.38664 ], [ -60.16836, 0.38231 ], [ -60.1678, 0.38262 ], [ -60.17541, 0.38664 ] ], [ [ -60.32103, 0.27725 ], [ -60.32252, 0.27678 ], [ -60.32138, 0.27648 ], [ -60.32103, 0.27725 ] ], [ [ -60.94274, 0.18427 ], [ -60.94178, 0.19027 ], [ -60.94697, 0.17942 ], [ -60.94274, 0.18427 ] ], [ [ -60.93268, 0.19961 ], [ -60.93527, 0.20612 ], [ -60.9341, 0.19815 ], [ -60.93268, 0.19961 ] ], [ [ -60.90374, 0.2198 ], [ -60.90483, 0.23004 ], [ -60.90387, 0.21976 ], [ -60.90374, 0.2198 ] ], [ [ -60.72907, 0.61137 ], [ -60.72929, 0.61881 ], [ -60.73016, 0.61072 ], [ -60.72907, 0.61137 ] ], [ [ -60.72933, 0.62033 ], [ -60.72977, 0.62077 ], [ -60.72931, 0.61983 ], [ -60.72933, 0.62033 ] ], [ [ -60.72603, 0.63234 ], [ -60.73255, 0.62645 ], [ -60.73192, 0.62516 ], [ -60.72603, 0.63234 ] ], [ [ -60.64175, 0.28364 ], [ -60.64066, 0.2817 ], [ -60.6414, 0.2837 ], [ -60.64175, 0.28364 ] ], [ [ -60.6689, 0.3102 ], [ -60.66873, 0.30978 ], [ -60.6635, 0.3155 ], [ -60.6689, 0.3102 ] ], [ [ -60.34764, 0.55909 ], [ -60.34447, 0.55427 ], [ -60.34401, 0.55471 ], [ -60.34764, 0.55909 ] ], [ [ -60.36975, 0.34798 ], [ -60.37083, 0.34934 ], [ -60.37077, 0.34823 ], [ -60.36975, 0.34798 ] ] ] ] } },
{ "type": "Feature", "properties": { "cluster": 517.0, "hvi": 0.1366, "population": 2550, "setores": 3, "municipio": "Rorainópolis" }, "geometry": { "type": "Polygon", "coordinates": [ [ [ -60.44215, 0.57921 ], [ -60.46205, 0.57929 ], [ -60.46501, 0.58429 ], [ -60.46268, 0.58975 ], [ -60.46507, 0.59062 ], [ -60.45364, 0.58981 ], [ -60.4536, 0.58727 ], [ -60.4421, 0.58688 ], [ -60.44215, 0.57921 ] ] ] } },
{ "type": "Feature", "properties": { "cluster": 518.0, "hvi": 0.1524, "population": 2258, "setores": 2, "municipio": "Rorainópolis" }, "geometry": { "type": "Polygon", "coordinates": [ [ [ -60.41396, 0.93538 ], [ -60.42686, 0.94062 ], [ -60.42598, 0.94337 ], [ -60.41897, 0.94084 ], [ -60.41856, 0.94352 ], [ -60.4122, 0.94176 ], [ -60.41396, 0.93538 ] ] ] } },
{ "type": "Feature", "properties": { "cluster": 519.0, "hvi": 0.1321, "population": 775, "setores": 1, "municipio": "Rorainópolis" }, "geometry": { "type": "Polygon", "coordinates": [ [ [ -60.41396, 0.93538 ], [ -60.4122, 0.94176 ], [ -60.40515, 0.93982 ], [ -60.40772, 0.93294 ], [ -60.41396, 0.93538 ] ] ] } },
{ "type": "Feature", "properties": { "cluster": 520.0, "hvi": 0.1403, "population": 1818, "setores": 2, "municipio": "Rorainópolis" }, "geometry": { "type": "MultiPolygon", "coordinates": [ [ [ [ -60.43844, 0.93355 ], [ -60.44618, 0.93539 ], [ -60.44546, 0.9378 ], [ -60.43844, 0.93355 ] ] ], [ [ [ -60.43793, 0.93557 ], [ -60.44546, 0.9378 ], [ -60.44443, 0.94076 ], [ -60.43733, 0.93773 ], [ -60.43793, 0.93557 ] ] ] ] } },
{ "type": "Feature", "properties": { "cluster": 521.0, "hvi": 0.1362, "population": 815, "setores": 1, "municipio": "Rorainópolis" }, "geometry": { "type": "Polygon", "coordinates": [ [ [ -60.42359, 0.95047 ], [ -60.41685, 0.9486 ], [ -60.41945, 0.94102 ], [ -60.42598, 0.94337 ], [ -60.42359, 0.95047 ] ] ] } },
{ "type": "Feature", "properties": { "cluster": 522.0, "hvi": 0.0962, "population": 41, "setores": 1, "municipio": "Rorainópolis" }, "geometry": { "type": "Polygon", "coordinates": [ [ [ -60.37077, 0.34823 ], [ -60.36924, 0.34911 ], [ -60.36975, 0.34798 ], [ -60.37077, 0.34823 ] ] ] } },
{ "type": "Feature", "properties": { "cluster": 523.0, "hvi": 0.096, "population": 30, "setores": 1, "municipio": "Rorainópolis" }, "geometry": { "type": "Polygon", "coordinates": [ [ [ -60.32252, 0.27678 ], [ -60.32103, 0.27725 ], [ -60.32138, 0.27648 ], [ -60.32252, 0.27678 ] ] ] } },
{ "type": "Feature", "properties": { "cluster": 524.0, "hvi": 0.1286, "population": 0, "setores": 1, "municipio": "Rorainópolis" }, "geometry": { "type": "Polygon", "coordinates": [ [ [ -60.52879, -0.07104 ], [ -60.52837, -0.07012 ], [ -60.52814, -0.07084 ], [ -60.52879, -0.07104 ] ] ] } },
{ "type": "Feature", "properties": { "cluster": 525.0, "hvi": 0.0951, "population": 25, "setores": 1, "municipio": "Rorainópolis" }, "geometry": { "type": "Polygon", "coordinates": [ [ [ -60.57418, -0.12459 ], [ -60.57316, -0.12397 ], [ -60.57343, -0.12501 ], [ -60.57418, -0.12459 ] ] ] } },
{ "type": "Feature", "properties": { "cluster": 526.0, "hvi": 0.0959, "population": 34, "setores": 1, "municipio": "Rorainópolis" }, "geometry": { "type": "Polygon", "coordinates": [ [ [ -61.03771, -0.54235 ], [ -61.03714, -0.54137 ], [ -61.03689, -0.54211 ], [ -61.03771, -0.54235 ] ] ] } },
{ "type": "Feature", "properties": { "cluster": 527.0, "hvi": 0.1286, "population": 0, "setores": 1, "municipio": "Rorainópolis" }, "geometry": { "type": "Polygon", "coordinates": [ [ [ -60.93663, -0.5491 ], [ -60.93643, -0.54774 ], [ -60.93588, -0.54871 ], [ -60.93663, -0.5491 ] ] ] } },
{ "type": "Feature", "properties": { "cluster": 528.0, "hvi": 0.0937, "population": 23, "setores": 1, "municipio": "Rorainópolis" }, "geometry": { "type": "Polygon", "coordinates": [ [ [ -60.7297, -0.85189 ], [ -60.72652, -0.85091 ], [ -60.72738, -0.85271 ], [ -60.7297, -0.85189 ] ] ] } },
{ "type": "Feature", "properties": { "cluster": 529.0, "hvi": 0.1286, "population": 0, "setores": 1, "municipio": "Rorainópolis" }, "geometry": { "type": "Polygon", "coordinates": [ [ [ -60.40115, -0.53204 ], [ -60.40065, -0.53162 ], [ -60.40069, -0.53204 ], [ -60.40115, -0.53204 ] ] ] } },
{ "type": "Feature", "properties": { "cluster": 530.0, "hvi": 0.0946, "population": 29, "setores": 1, "municipio": "Rorainópolis" }, "geometry": { "type": "Polygon", "coordinates": [ [ [ -60.3046, -0.25741 ], [ -60.30407, -0.25689 ], [ -60.30405, -0.25735 ], [ -60.3046, -0.25741 ] ] ] } },
{ "type": "Feature", "properties": { "cluster": 531.0, "hvi": 0.151, "population": 2036, "setores": 6, "municipio": "São João da Baliza" }, "geometry": { "type": "MultiPolygon", "coordinates": [ [ [ [ -59.89379, 0.94505 ], [ -59.90052, 0.92394 ], [ -59.9208, 0.90014 ], [ -60.04199, 0.80442 ], [ -60.04856, 0.80047 ], [ -60.05328, 0.80408 ], [ -60.05387, 0.82605 ], [ -60.05593, 0.83311 ], [ -60.06222, 0.83739 ], [ -60.05384, 0.85269 ], [ -60.05273, 0.86186 ], [ -60.05689, 0.86964 ], [ -60.05023, 0.88131 ], [ -60.05023, 0.89936 ], [ -60.03994, 0.90547 ], [ -60.0355, 0.91463 ], [ -60.02912, 0.91602 ], [ -60.02688, 0.92079 ], [ -60.01884, 0.93991 ], [ -60.0219, 0.95296 ], [ -60.01884, 0.95853 ], [ -59.98884, 0.96519 ], [ -59.98245, 0.97019 ], [ -59.98106, 0.97825 ], [ -59.94161, 0.95451 ], [ -59.91176, 0.94996 ], [ -59.9021, 0.94864 ], [ -59.89379, 0.94505 ] ], [ [ -59.90583, 0.94553 ], [ -59.91926, 0.94727 ], [ -59.92102, 0.94748 ], [ -59.91471, 0.93869 ], [ -59.9156, 0.93536 ], [ -59.91198, 0.93519 ], [ -59.9021, 0.94864 ], [ -59.90583, 0.94553 ] ], [ [ -59.92286, 0.9357 ], [ -59.92103, 0.94748 ], [ -59.92217, 0.94761 ], [ -59.92286, 0.9357 ] ] ], [ [ [ -59.92072, 0.95135 ], [ -59.92053, 0.95365 ], [ -59.90111, 0.95145 ], [ -59.90252, 0.94881 ], [ -59.92072, 0.95135 ] ] ] ] } },
{ "type": "Feature", "properties": { "cluster": 532.0, "hvi": 0.1842, "population": 1300, "setores": 1, "municipio": "São João da Baliza" }, "geometry": { "type": "Polygon", "coordinates": [ [ [ -59.92053, 0.95365 ], [ -59.91463, 0.96243 ], [ -59.91027, 0.9625 ], [ -59.91143, 0.95256 ], [ -59.92053, 0.95365 ] ] ] } },
{ "type": "Feature", "properties": { "cluster": 533.0, "hvi": 0.1627, "population": 2483, "setores": 3, "municipio": "São João da Baliza" }, "geometry": { "type": "Polygon", "coordinates": [ [ [ -59.91198, 0.93519 ], [ -59.91375, 0.93558 ], [ -59.91471, 0.93869 ], [ -59.92103, 0.94748 ], [ -59.90644, 0.94525 ], [ -59.90824, 0.94066 ], [ -59.90938, 0.94083 ], [ -59.91198, 0.93519 ] ] ] } },
{ "type": "Feature", "properties": { "cluster": 534.0, "hvi": 0.1482, "population": 2279, "setores": 10, "municipio": "Caracaraí" }, "geometry": { "type": "Polygon", "coordinates": [ [ [ -59.9132, 0.96246 ], [ -59.92072, 0.95135 ], [ -59.94161, 0.95451 ], [ -59.98106, 0.97825 ], [ -59.97578, 0.9888 ], [ -59.98106, 0.99964 ], [ -59.98245, 1.13547 ], [ -59.97495, 1.13936 ], [ -59.96828, 1.15825 ], [ -59.96967, 1.16519 ], [ -59.96133, 1.17797 ], [ -59.94633, 1.17602 ], [ -59.95134, 1.18408 ], [ -59.94273, 1.18713 ], [ -59.93912, 1.19241 ], [ -59.93439, 1.18853 ], [ -59.9381, 1.19207 ], [ -59.93532, 1.23316 ], [ -59.93058, 1.24497 ], [ -59.93791, 1.29075 ], [ -59.94629, 1.30938 ], [ -59.90569, 1.42728 ], [ -59.91347, 1.43737 ], [ -59.91366, 1.45055 ], [ -59.90334, 1.45456 ], [ -59.89239, 1.46891 ], [ -59.88383, 1.47467 ], [ -59.88569, 1.47864 ], [ -59.87384, 1.48948 ], [ -59.84976, 1.47722 ], [ -59.85068, 1.49476 ], [ -59.85913, 1.52268 ], [ -59.87515, 1.54835 ], [ -59.86963, 1.55386 ], [ -59.86194, 1.55273 ], [ -59.84782, 1.56354 ], [ -59.84375, 1.58294 ], [ -59.84726, 1.58826 ], [ -59.84205, 1.59617 ], [ -59.85249, 1.60699 ], [ -59.85269, 1.6204 ], [ -59.84886, 1.63651 ], [ -59.8429, 1.6439 ], [ -59.8424, 1.65188 ], [ -59.82551, 1.66596 ], [ -59.81975, 1.67563 ], [ -59.82016, 1.6866 ], [ -59.82916, 1.70508 ], [ -59.81523, 1.72371 ], [ -59.81763, 1.76221 ], [ -59.69028, 1.76437 ], [ -59.69022, 1.7563 ], [ -59.66634, 1.75463 ], [ -59.663, 1.73685 ], [ -59.65384, 1.74296 ], [ -59.633, 1.74102 ], [ -59.62995, 1.72797 ], [ -59.61745, 1.71519 ], [ -59.608, 1.72241 ], [ -59.58772, 1.7263 ], [ -59.58411, 1.73214 ], [ -59.5755, 1.73491 ], [ -59.56661, 1.73574 ], [ -59.55689, 1.7238 ], [ -59.54828, 1.72769 ], [ -59.54522, 1.7213 ], [ -59.53911, 1.72241 ], [ -59.53355, 1.7163 ], [ -59.53439, 1.7088 ], [ -59.52745, 1.70435 ], [ -59.52634, 1.6913 ], [ -59.51384, 1.68074 ], [ -59.51134, 1.66852 ], [ -59.50745, 1.66797 ], [ -59.50717, 1.67435 ], [ -59.5005, 1.67713 ], [ -59.49327, 1.6735 ], [ -59.49494, 1.64519 ], [ -59.48967, 1.6413 ], [ -59.483, 1.62658 ], [ -59.46522, 1.61768 ], [ -59.448, 1.61935 ], [ -59.43772, 1.5938 ], [ -59.42717, 1.5863 ], [ -59.43105, 1.5663 ], [ -59.423, 1.55575 ], [ -59.41272, 1.55158 ], [ -59.39828, 1.55713 ], [ -59.39494, 1.55352 ], [ -59.39439, 1.53714 ], [ -59.38411, 1.5288 ], [ -59.38439, 1.52296 ], [ -59.37884, 1.52074 ], [ -59.38328, 1.50796 ], [ -59.373, 1.5063 ], [ -59.36494, 1.50963 ], [ -59.36217, 1.5038 ], [ -59.35828, 1.51019 ], [ -59.35883, 1.51797 ], [ -59.33967, 1.51825 ], [ -59.32994, 1.5138 ], [ -59.33245, 1.50575 ], [ -59.32161, 1.48214 ], [ -59.328, 1.47352 ], [ -59.32716, 1.46408 ], [ -59.32494, 1.4613 ], [ -59.31412, 1.46019 ], [ -59.3105, 1.46603 ], [ -59.3022, 1.4653 ], [ -59.3334, 1.44063 ], [ -59.30657, 1.39891 ], [ -59.28002, 1.37692 ], [ -59.27487, 1.34855 ], [ -59.27774, 1.33154 ], [ -59.27189, 1.31741 ], [ -59.27669, 1.31055 ], [ -59.27437, 1.29929 ], [ -59.28495, 1.27983 ], [ -59.28627, 1.26499 ], [ -59.27436, 1.23654 ], [ -59.2889, 1.20682 ], [ -59.7414, 1.09545 ], [ -59.73903, 1.07588 ], [ -59.74807, 1.02454 ], [ -59.75994, 0.92382 ], [ -59.75525, 0.91931 ], [ -59.76043, 0.90511 ], [ -59.81305, 0.925 ], [ -59.87099, 0.9358 ], [ -59.90252, 0.94881 ], [ -59.90174, 0.95151 ], [ -59.91143, 0.95256 ], [ -59.91027, 0.9625 ], [ -59.9132, 0.96246 ] ], [ [ -59.44773, 1.54574 ], [ -59.4438, 1.5464 ], [ -59.41272, 1.55158 ], [ -59.44773, 1.54574 ] ], [ [ -59.89577, 1.07591 ], [ -59.89874, 1.07687 ], [ -59.90015, 1.07655 ], [ -59.89577, 1.07591 ] ], [ [ -59.8854, 1.08079 ], [ -59.88583, 1.08057 ], [ -59.88583, 1.08022 ], [ -59.8854, 1.08079 ] ], [ [ -59.87388, 1.08103 ], [ -59.8809, 1.08311 ], [ -59.88419, 1.08141 ], [ -59.87388, 1.08103 ] ], [ [ -59.85307, 1.01864 ], [ -59.884, 1.01775 ], [ -59.88395, 1.0163 ], [ -59.85307, 1.01864 ] ], [ [ -59.91423, 0.96731 ], [ -59.90702, 0.96426 ], [ -59.9106, 0.96727 ], [ -59.91423, 0.96731 ] ], [ [ -59.86552, 1.18741 ], [ -59.86683, 1.1876 ], [ -59.86662, 1.18713 ], [ -59.86552, 1.18741 ] ], [ [ -59.84939, 1.19936 ], [ -59.85956, 1.18895 ], [ -59.85689, 1.18963 ], [ -59.84939, 1.19936 ] ], [ [ -59.84217, 1.19964 ], [ -59.84223, 1.20034 ], [ -59.84939, 1.19936 ], [ -59.84217, 1.19964 ] ], [ [ -59.77939, 1.27603 ], [ -59.78162, 1.28213 ], [ -59.77967, 1.27463 ], [ -59.78551, 1.26519 ], [ -59.77647, 1.27682 ], [ -59.77939, 1.27603 ] ], [ [ -59.78488, 1.2791 ], [ -59.78439, 1.27797 ], [ -59.78162, 1.28213 ], [ -59.78488, 1.2791 ] ], [ [ -59.44454, 1.53151 ], [ -59.45502, 1.53007 ], [ -59.45516, 1.52964 ], [ -59.44454, 1.53151 ] ], [ [ -59.45538, 1.52893 ], [ -59.4559, 1.52729 ], [ -59.45087, 1.52087 ], [ -59.45538, 1.52893 ] ], [ [ -59.41518, 1.46648 ], [ -59.39502, 1.43359 ], [ -59.39453, 1.43382 ], [ -59.41518, 1.46648 ] ], [ [ -59.77606, 1.59157 ], [ -59.76394, 1.60612 ], [ -59.76467, 1.6063 ], [ -59.77606, 1.59157 ] ] ] } },
{ "type": "Feature", "properties": { "cluster": 535.0, "hvi": 0.0994, "population": 2137, "setores": 7, "municipio": "São Luiz" }, "geometry": { "type": "Polygon", "coordinates": [ [ [ -60.03973, 1.0062 ], [ -60.03665, 1.01191 ], [ -60.03966, 1.00637 ], [ -60.04145, 1.00837 ], [ -60.0407, 1.00963 ], [ -60.04352, 1.0111 ], [ -60.04172, 1.01447 ], [ -60.04116, 1.01418 ], [ -60.03631, 1.02439 ], [ -60.03403, 1.02343 ], [ -60.03875, 1.01295 ], [ -60.03477, 1.02123 ], [ -60.03256, 1.02016 ], [ -60.03321, 1.01809 ], [ -60.02969, 1.02811 ], [ -60.01942, 1.02389 ], [ -60.02815, 1.00972 ], [ -60.033, 1.0167 ], [ -60.03252, 1.01357 ], [ -60.02887, 1.00855 ], [ -60.03064, 1.00567 ], [ -60.03685, 1.00902 ], [ -60.03973, 1.0062 ] ] ] } },
{ "type": "Feature", "properties": { "cluster": 536.0, "hvi": 0.1581, "population": 1433, "setores": 1, "municipio": "São Luiz" }, "geometry": { "type": "Polygon", "coordinates": [ [ [ -60.04784, 1.02635 ], [ -60.04125, 1.02361 ], [ -60.0395, 1.02757 ], [ -60.03568, 1.02624 ], [ -60.03974, 1.01744 ], [ -60.04517, 1.02009 ], [ -60.04665, 1.01695 ], [ -60.05104, 1.01919 ], [ -60.04784, 1.02635 ] ] ] } },
{ "type": "Feature", "properties": { "cluster": 537.0, "hvi": 0.1198, "population": 684, "setores": 1, "municipio": "São Luiz" }, "geometry": { "type": "Polygon", "coordinates": [ [ [ -60.1933, 1.08334 ], [ -60.18822, 1.07989 ], [ -60.18808, 1.07615 ], [ -60.19427, 1.07222 ], [ -60.19814, 1.07898 ], [ -60.1933, 1.08334 ] ] ] } },
{ "type": "Feature", "properties": { "cluster": 538.0, "hvi": 0.0633, "population": 128, "setores": 1, "municipio": "Uiramutã" }, "geometry": { "type": "Polygon", "coordinates": [ [ [ -59.85433, 4.44779 ], [ -59.85864, 4.45208 ], [ -59.85479, 4.4551 ], [ -59.85024, 4.45184 ], [ -59.85433, 4.44779 ] ] ] } },
{ "type": "Feature", "properties": { "cluster": 539.0, "hvi": 0.0485, "population": 2987, "setores": 23, "municipio": "Uiramutã" }, "geometry": { "type": "MultiPolygon", "coordinates": [ [ [ [ -60.2744, 4.16664 ], [ -60.28031, 4.17015 ], [ -60.29386, 4.16889 ], [ -60.29987, 4.17415 ], [ -60.31826, 4.16725 ], [ -60.32248, 4.16169 ], [ -60.33015, 4.16049 ], [ -60.34055, 4.17154 ], [ -60.36284, 4.178 ], [ -60.3864, 4.19621 ], [ -60.40667, 4.19495 ], [ -60.45176, 4.20196 ], [ -60.46959, 4.20558 ], [ -60.4867, 4.21427 ], [ -60.49479, 4.20822 ], [ -60.50451, 4.20947 ], [ -60.51662, 4.20066 ], [ -60.53339, 4.20818 ], [ -60.53267, 4.21501 ], [ -60.52523, 4.22239 ], [ -60.51799, 4.22298 ], [ -60.51551, 4.22684 ], [ -60.51828, 4.22934 ], [ -60.50912, 4.23351 ], [ -60.50995, 4.23906 ], [ -60.53245, 4.2549 ], [ -60.56023, 4.2624 ], [ -60.56301, 4.27295 ], [ -60.56773, 4.27545 ], [ -60.56523, 4.27712 ], [ -60.56773, 4.28073 ], [ -60.55634, 4.29295 ], [ -60.5231, 4.3088 ], [ -60.54134, 4.30129 ], [ -60.5487, 4.31059 ], [ -60.55548, 4.30833 ], [ -60.56459, 4.32434 ], [ -60.55776, 4.33315 ], [ -60.57267, 4.34387 ], [ -60.57479, 4.35527 ], [ -60.58192, 4.36176 ], [ -60.59768, 4.38848 ], [ -60.62211, 4.392 ], [ -60.62681, 4.3955 ], [ -60.64218, 4.39181 ], [ -60.64401, 4.39872 ], [ -60.63962, 4.40625 ], [ -60.65452, 4.41021 ], [ -60.65678, 4.42504 ], [ -60.64782, 4.43604 ], [ -60.64889, 4.44276 ], [ -60.63654, 4.47634 ], [ -60.64401, 4.4851 ], [ -60.63974, 4.49346 ], [ -60.6299, 4.50168 ], [ -60.62896, 4.52048 ], [ -60.61156, 4.54579 ], [ -60.63535, 4.60595 ], [ -60.6236, 4.6112 ], [ -60.6102, 4.6236 ], [ -60.6069, 4.6219 ], [ -60.6001, 4.6255 ], [ -60.5886, 4.6435 ], [ -60.5735, 4.6404 ], [ -60.5627, 4.6457 ], [ -60.546, 4.6411 ], [ -60.5156, 4.6397 ], [ -60.5083, 4.6434 ], [ -60.50188, 4.64007 ], [ -60.50365, 4.64237 ], [ -60.50293, 4.64786 ], [ -60.49855, 4.65123 ], [ -60.49308, 4.65051 ], [ -60.4912, 4.6545 ], [ -60.4835, 4.6461 ], [ -60.4786, 4.6468 ], [ -60.4768, 4.64 ], [ -60.4712, 4.638 ], [ -60.4712, 4.6314 ], [ -60.4653, 4.6235 ], [ -60.4713, 4.6179 ], [ -60.4702, 4.6147 ], [ -60.4583, 4.6119 ], [ -60.451, 4.606 ], [ -60.4424, 4.6082 ], [ -60.4329, 4.5934 ], [ -60.4051, 4.5919 ], [ -60.394, 4.5936 ], [ -60.3897, 4.5985 ], [ -60.382, 4.5984 ], [ -60.359, 4.5871 ], [ -60.3532, 4.5886 ], [ -60.3413, 4.5826 ], [ -60.3225, 4.5963 ], [ -60.32031, 4.59563 ], [ -60.3222, 4.6001 ], [ -60.3424, 4.6071 ], [ -60.3455, 4.6227 ], [ -60.34, 4.6424 ], [ -60.3457, 4.6556 ], [ -60.3429, 4.6616 ], [ -60.3468, 4.6705 ], [ -60.3237, 4.7041 ], [ -60.3266, 4.7103 ], [ -60.32555, 4.71785 ], [ -60.3162, 4.7236 ], [ -60.2952, 4.7147 ], [ -60.2915, 4.7182 ], [ -60.2841, 4.7104 ], [ -60.2797, 4.7108 ], [ -60.2809, 4.704 ], [ -60.2691, 4.6969 ], [ -60.2702, 4.6919 ], [ -60.265, 4.6929 ], [ -60.2622, 4.7024 ], [ -60.2649, 4.7068 ], [ -60.2596, 4.7129 ], [ -60.258, 4.7277 ], [ -60.2538, 4.7311 ], [ -60.2531, 4.7444 ], [ -60.2488, 4.7485 ], [ -60.2521, 4.7632 ], [ -60.2443, 4.7667 ], [ -60.2393, 4.7595 ], [ -60.2211, 4.751 ], [ -60.2177, 4.7453 ], [ -60.2247, 4.743 ], [ -60.2208, 4.7394 ], [ -60.2244, 4.73 ], [ -60.2308, 4.7363 ], [ -60.2372, 4.7322 ], [ -60.2309, 4.7263 ], [ -60.2306, 4.7213 ], [ -60.238, 4.7225 ], [ -60.2392, 4.7173 ], [ -60.2521, 4.7123 ], [ -60.2529, 4.6981 ], [ -60.2498, 4.6947 ], [ -60.25621, 4.69163 ], [ -60.25708, 4.68501 ], [ -60.24968, 4.68028 ], [ -60.2444, 4.68334 ], [ -60.24334, 4.68931 ], [ -60.2403, 4.6865 ], [ -60.2447, 4.6782 ], [ -60.2416, 4.6702 ], [ -60.239, 4.6699 ], [ -60.23616, 4.67085 ], [ -60.23391, 4.67067 ], [ -60.2304, 4.66785 ], [ -60.22885, 4.66523 ], [ -60.22596, 4.66418 ], [ -60.23045, 4.66827 ], [ -60.22635, 4.6732 ], [ -60.22145, 4.669 ], [ -60.2147, 4.6696 ], [ -60.21917, 4.66343 ], [ -60.20791, 4.65904 ], [ -60.20851, 4.65213 ], [ -60.20416, 4.65096 ], [ -60.2011, 4.65381 ], [ -60.1827, 4.6506 ], [ -60.17963, 4.63732 ], [ -60.18065, 4.6318 ], [ -60.18387, 4.63045 ], [ -60.20472, 4.63971 ], [ -60.23953, 4.62169 ], [ -60.25999, 4.57795 ], [ -60.22656, 4.56011 ], [ -60.18467, 4.53034 ], [ -60.18806, 4.52516 ], [ -60.18642, 4.51757 ], [ -60.18253, 4.5176 ], [ -60.17734, 4.52973 ], [ -60.1583, 4.52816 ], [ -60.1616, 4.51846 ], [ -60.1565, 4.51276 ], [ -60.1373, 4.51456 ], [ -60.12972, 4.50843 ], [ -60.1427, 4.5027 ], [ -60.1439, 4.4925 ], [ -60.1518, 4.493 ], [ -60.1548, 4.4973 ], [ -60.1605, 4.4941 ], [ -60.1683, 4.495 ], [ -60.1727, 4.4893 ], [ -60.1846, 4.4974 ], [ -60.18761, 4.49574 ], [ -60.19241, 4.49659 ], [ -60.199, 4.4997 ], [ -60.2029, 4.4932 ], [ -60.2271, 4.4893 ], [ -60.2426, 4.512 ], [ -60.2556, 4.505 ], [ -60.2636, 4.505 ], [ -60.2674, 4.4999 ], [ -60.2725, 4.499 ], [ -60.2725, 4.4945 ], [ -60.27524, 4.48959 ], [ -60.2663, 4.4886 ], [ -60.2586, 4.4826 ], [ -60.2542, 4.4869 ], [ -60.2501, 4.4863 ], [ -60.253, 4.4773 ], [ -60.236, 4.4762 ], [ -60.2282, 4.4678 ], [ -60.2206, 4.4706 ], [ -60.2115, 4.4655 ], [ -60.2083, 4.4683 ], [ -60.1953, 4.4645 ], [ -60.1881, 4.4681 ], [ -60.1728, 4.46552 ], [ -60.17338, 4.44983 ], [ -60.16382, 4.43422 ], [ -60.162, 4.43794 ], [ -60.1514, 4.435 ], [ -60.1352, 4.4218 ], [ -60.12654, 4.42489 ], [ -60.1267, 4.4232 ], [ -60.12267, 4.42874 ], [ -60.11446, 4.42982 ], [ -60.10809, 4.42507 ], [ -60.10682, 4.41653 ], [ -60.11143, 4.41049 ], [ -60.1053, 4.4138 ], [ -60.1043, 4.4038 ], [ -60.1016, 4.4019 ], [ -60.10325, 4.38992 ], [ -60.1109, 4.3838 ], [ -60.1147, 4.3749 ], [ -60.1238, 4.3724 ], [ -60.1204, 4.3557 ], [ -60.1234, 4.3351 ], [ -60.11618, 4.32586 ], [ -60.10131, 4.32897 ], [ -60.04399, 4.31722 ], [ -60.03512, 4.32296 ], [ -60.02556, 4.31673 ], [ -60.00813, 4.29531 ], [ -59.98253, 4.28072 ], [ -60.00017, 4.28056 ], [ -60.03311, 4.3009 ], [ -60.04509, 4.30354 ], [ -60.0624, 4.28732 ], [ -60.06909, 4.28467 ], [ -60.07048, 4.27302 ], [ -60.08004, 4.26019 ], [ -60.0907, 4.26261 ], [ -60.09645, 4.25838 ], [ -60.10606, 4.2608 ], [ -60.13028, 4.25955 ], [ -60.13362, 4.24664 ], [ -60.14354, 4.23361 ], [ -60.13795, 4.22989 ], [ -60.14009, 4.22187 ], [ -60.15967, 4.20861 ], [ -60.16034, 4.20378 ], [ -60.16878, 4.20573 ], [ -60.17589, 4.1936 ], [ -60.20815, 4.17995 ], [ -60.2127, 4.1834 ], [ -60.22487, 4.18275 ], [ -60.22262, 4.19646 ], [ -60.23178, 4.19659 ], [ -60.23841, 4.18844 ], [ -60.24881, 4.18811 ], [ -60.25968, 4.18297 ], [ -60.2642, 4.17369 ], [ -60.27204, 4.16737 ], [ -60.2744, 4.16664 ] ], [ [ -60.49605, 4.63704 ], [ -60.49566, 4.63737 ], [ -60.49704, 4.63755 ], [ -60.49605, 4.63704 ] ], [ [ -60.48972, 4.64237 ], [ -60.49009, 4.64328 ], [ -60.49027, 4.64191 ], [ -60.48972, 4.64237 ] ], [ [ -60.3047, 4.59083 ], [ -60.3047, 4.591 ], [ -60.30606, 4.59125 ], [ -60.3047, 4.59083 ] ], [ [ -60.3082, 4.5615 ], [ -60.30805, 4.56141 ], [ -60.30814, 4.56159 ], [ -60.3082, 4.5615 ] ], [ [ -60.3528, 4.4301 ], [ -60.36014, 4.42233 ], [ -60.3241, 4.4487 ], [ -60.3528, 4.4301 ] ], [ [ -60.3665, 4.4156 ], [ -60.36668, 4.41281 ], [ -60.36453, 4.41768 ], [ -60.3665, 4.4156 ] ], [ [ -60.3751, 4.3947 ], [ -60.4322, 4.3742 ], [ -60.3902, 4.3882 ], [ -60.3687, 4.3971 ], [ -60.36415, 4.40188 ], [ -60.3739, 4.3964 ], [ -60.37356, 4.39717 ], [ -60.3751, 4.3947 ] ], [ [ -60.3413, 4.4032 ], [ -60.3602, 4.4041 ], [ -60.36163, 4.40329 ], [ -60.3413, 4.4032 ] ], [ [ -60.32942, 4.41891 ], [ -60.3299, 4.4194 ], [ -60.3413, 4.4032 ], [ -60.32942, 4.41891 ] ], [ [ -60.3223, 4.4119 ], [ -60.3127, 4.4127 ], [ -60.32249, 4.41212 ], [ -60.3223, 4.4119 ] ], [ [ -60.3032, 4.4089 ], [ -60.29706, 4.41194 ], [ -60.30411, 4.40926 ], [ -60.3032, 4.4089 ] ], [ [ -60.28554, 4.41016 ], [ -60.2906, 4.4144 ], [ -60.29114, 4.4142 ], [ -60.28554, 4.41016 ] ], [ [ -60.2785, 4.4051 ], [ -60.26016, 4.40559 ], [ -60.27935, 4.40571 ], [ -60.2785, 4.4051 ] ], [ [ -60.49917, 4.32945 ], [ -60.49954, 4.32923 ], [ -60.49827, 4.32941 ], [ -60.49917, 4.32945 ] ], [ [ -60.50538, 4.33834 ], [ -60.50469, 4.33735 ], [ -60.50457, 4.34008 ], [ -60.50538, 4.33834 ] ], [ [ -60.50081, 4.34818 ], [ -60.50161, 4.34644 ], [ -60.49954, 4.34834 ], [ -60.50081, 4.34818 ] ], [ [ -60.49091, 4.34948 ], [ -60.49275, 4.34924 ], [ -60.49058, 4.34915 ], [ -60.49091, 4.34948 ] ], [ [ -60.48264, 4.34408 ], [ -60.48434, 4.34266 ], [ -60.48455, 4.33909 ], [ -60.48264, 4.34408 ] ], [ [ -60.48909, 4.33076 ], [ -60.48766, 4.33097 ], [ -60.487, 4.33268 ], [ -60.48909, 4.33076 ] ], [ [ -60.33349, 4.21732 ], [ -60.34003, 4.21737 ], [ -60.33998, 4.21121 ], [ -60.33358, 4.21329 ], [ -60.33349, 4.21732 ] ], [ [ -60.36067, 4.2082 ], [ -60.35657, 4.2131 ], [ -60.36145, 4.21721 ], [ -60.36555, 4.21231 ], [ -60.36067, 4.2082 ] ], [ [ -60.37839, 4.25001 ], [ -60.38815, 4.25001 ], [ -60.38804, 4.24299 ], [ -60.37875, 4.24251 ], [ -60.37839, 4.25001 ] ], [ [ -60.46902, 4.22631 ], [ -60.46493, 4.23121 ], [ -60.4698, 4.23532 ], [ -60.4739, 4.23042 ], [ -60.46902, 4.22631 ] ], [ [ -60.51019, 4.24327 ], [ -60.5061, 4.24817 ], [ -60.51098, 4.25228 ], [ -60.51507, 4.24738 ], [ -60.51019, 4.24327 ] ], [ [ -60.3273, 4.57544 ], [ -60.33218, 4.57955 ], [ -60.33628, 4.57465 ], [ -60.3314, 4.57054 ], [ -60.3273, 4.57544 ] ], [ [ -60.37372, 4.57934 ], [ -60.3786, 4.58345 ], [ -60.38269, 4.57855 ], [ -60.37781, 4.57444 ], [ -60.37372, 4.57934 ] ], [ [ -60.38946, 4.58529 ], [ -60.39434, 4.5894 ], [ -60.39844, 4.5845 ], [ -60.39356, 4.58039 ], [ -60.38946, 4.58529 ] ], [ [ -60.43927, 4.57792 ], [ -60.44415, 4.58203 ], [ -60.44825, 4.57713 ], [ -60.44336, 4.57302 ], [ -60.43927, 4.57792 ] ], [ [ -60.45112, 4.5912 ], [ -60.456, 4.59531 ], [ -60.4601, 4.59041 ], [ -60.45521, 4.5863 ], [ -60.45112, 4.5912 ] ], [ [ -60.45617, 4.59611 ], [ -60.45192, 4.59778 ], [ -60.45355, 4.60387 ], [ -60.45952, 4.60174 ], [ -60.45617, 4.59611 ] ], [ [ -60.45741, 4.54824 ], [ -60.46229, 4.55235 ], [ -60.46639, 4.54745 ], [ -60.46151, 4.54334 ], [ -60.45741, 4.54824 ] ], [ [ -60.46755, 4.55892 ], [ -60.47243, 4.56303 ], [ -60.47653, 4.55813 ], [ -60.47165, 4.55402 ], [ -60.46755, 4.55892 ] ], [ [ -60.48549, 4.4203 ], [ -60.49037, 4.42441 ], [ -60.49446, 4.41951 ], [ -60.48958, 4.4154 ], [ -60.48549, 4.4203 ] ], [ [ -60.58171, 4.63595 ], [ -60.58659, 4.64006 ], [ -60.59069, 4.63516 ], [ -60.58581, 4.63105 ], [ -60.58171, 4.63595 ] ], [ [ -60.28395, 4.60062 ], [ -60.28357, 4.60054 ], [ -60.28254, 4.60246 ], [ -60.28395, 4.60062 ] ], [ [ -60.28496, 4.60101 ], [ -60.2852, 4.60087 ], [ -60.2847, 4.60077 ], [ -60.28496, 4.60101 ] ], [ [ -60.19085, 4.19979 ], [ -60.18374, 4.2012 ], [ -60.18656, 4.2073 ], [ -60.19136, 4.20589 ], [ -60.19085, 4.19979 ] ], [ [ -60.19878, 4.32377 ], [ -60.19877, 4.3192 ], [ -60.19221, 4.31914 ], [ -60.19214, 4.32372 ], [ -60.19878, 4.32377 ] ], [ [ -60.25612, 4.33223 ], [ -60.25748, 4.31454 ], [ -60.2357, 4.31318 ], [ -60.23842, 4.33223 ], [ -60.25612, 4.33223 ] ], [ [ -60.25348, 4.28859 ], [ -60.25836, 4.2927 ], [ -60.26245, 4.2878 ], [ -60.25757, 4.28369 ], [ -60.25348, 4.28859 ] ], [ [ -60.12679, 4.41499 ], [ -60.12721, 4.4178 ], [ -60.12742, 4.41563 ], [ -60.12679, 4.41499 ] ], [ [ -60.1204, 4.40912 ], [ -60.12271, 4.4109 ], [ -60.12096, 4.40914 ], [ -60.1204, 4.40912 ] ], [ [ -60.11265, 4.40984 ], [ -60.11866, 4.40904 ], [ -60.11446, 4.40886 ], [ -60.11265, 4.40984 ] ], [ [ -60.25762, 4.44405 ], [ -60.26445, 4.44981 ], [ -60.27018, 4.44295 ], [ -60.26335, 4.43719 ], [ -60.25762, 4.44405 ] ], [ [ -60.18537, 4.49856 ], [ -60.19434, 4.49975 ], [ -60.18751, 4.49616 ], [ -60.18537, 4.49856 ] ], [ [ -60.23666, 4.66956 ], [ -60.23245, 4.66753 ], [ -60.2348, 4.67069 ], [ -60.23666, 4.66956 ] ], [ [ -60.24879, 4.67683 ], [ -60.25054, 4.67433 ], [ -60.24858, 4.67668 ], [ -60.24879, 4.67683 ] ], [ [ -60.2523, 4.67181 ], [ -60.25245, 4.67159 ], [ -60.24995, 4.66984 ], [ -60.2523, 4.67181 ] ], [ [ -60.24745, 4.66808 ], [ -60.24723, 4.66792 ], [ -60.24548, 4.67043 ], [ -60.24745, 4.66808 ] ], [ [ -60.24373, 4.67294 ], [ -60.24357, 4.67316 ], [ -60.24607, 4.67492 ], [ -60.24373, 4.67294 ] ], [ [ -60.25011, 4.73218 ], [ -60.25186, 4.72968 ], [ -60.2499, 4.73203 ], [ -60.25011, 4.73218 ] ], [ [ -60.25362, 4.72716 ], [ -60.25377, 4.72694 ], [ -60.25127, 4.72519 ], [ -60.25362, 4.72716 ] ], [ [ -60.24877, 4.72343 ], [ -60.24855, 4.72328 ], [ -60.2468, 4.72578 ], [ -60.24877, 4.72343 ] ], [ [ -60.24505, 4.72829 ], [ -60.24489, 4.72851 ], [ -60.24739, 4.73027 ], [ -60.24505, 4.72829 ] ], [ [ -60.28034, 4.6377 ], [ -60.28556, 4.64137 ], [ -60.28921, 4.63613 ], [ -60.28399, 4.63246 ], [ -60.28034, 4.6377 ] ], [ [ -60.28247, 4.66905 ], [ -60.28921, 4.67092 ], [ -60.29331, 4.66602 ], [ -60.28842, 4.66191 ], [ -60.28247, 4.66905 ] ], [ [ -60.29471, 4.65356 ], [ -60.29882, 4.64934 ], [ -60.28781, 4.64435 ], [ -60.28417, 4.64888 ], [ -60.29471, 4.65356 ] ], [ [ -60.31585, 4.64325 ], [ -60.32107, 4.64691 ], [ -60.32473, 4.64168 ], [ -60.31951, 4.63801 ], [ -60.31585, 4.64325 ] ] ], [ [ [ -60.18065, 4.46795 ], [ -60.18039, 4.47405 ], [ -60.17375, 4.47376 ], [ -60.17431, 4.46739 ], [ -60.18065, 4.46795 ] ] ] ] } },
{ "type": "Feature", "properties": { "cluster": 540.0, "hvi": 0.0638, "population": 296, "setores": 2, "municipio": "Uiramutã" }, "geometry": { "type": "MultiPolygon", "coordinates": [ [ [ [ -60.28691, 4.66232 ], [ -60.2929, 4.6645 ], [ -60.29072, 4.67051 ], [ -60.28473, 4.66832 ], [ -60.28691, 4.66232 ] ] ], [ [ [ -60.28338, 4.66953 ], [ -60.28216, 4.66832 ], [ -60.28374, 4.66674 ], [ -60.28338, 4.66953 ] ] ] ] } },
{ "type": "Feature", "properties": { "cluster": 541.0, "hvi": 0.0617, "population": 108, "setores": 1, "municipio": "Uiramutã" }, "geometry": { "type": "Polygon", "coordinates": [ [ [ -60.51019, 4.24327 ], [ -60.51507, 4.24738 ], [ -60.51098, 4.25228 ], [ -60.5061, 4.24817 ], [ -60.51019, 4.24327 ] ] ] } },
{ "type": "Feature", "properties": { "cluster": 542.0, "hvi": 0.0741, "population": 387, "setores": 1, "municipio": "Uiramutã" }, "geometry": { "type": "Polygon", "coordinates": [ [ [ -60.26335, 4.43719 ], [ -60.27018, 4.44295 ], [ -60.26445, 4.44981 ], [ -60.25762, 4.44405 ], [ -60.26335, 4.43719 ] ] ] } },
{ "type": "Feature", "properties": { "cluster": 543.0, "hvi": 0.0634, "population": 132, "setores": 1, "municipio": "Uiramutã" }, "geometry": { "type": "Polygon", "coordinates": [ [ [ -60.47165, 4.55402 ], [ -60.47653, 4.55813 ], [ -60.47243, 4.56303 ], [ -60.46755, 4.55892 ], [ -60.47165, 4.55402 ] ] ] } },
{ "type": "Feature", "properties": { "cluster": 544.0, "hvi": 0.06, "population": 52, "setores": 1, "municipio": "Uiramutã" }, "geometry": { "type": "Polygon", "coordinates": [ [ [ -60.58581, 4.63105 ], [ -60.59069, 4.63516 ], [ -60.58659, 4.64006 ], [ -60.58171, 4.63595 ], [ -60.58581, 4.63105 ] ] ] } },
{ "type": "Feature", "properties": { "cluster": 545.0, "hvi": 0.0609, "population": 76, "setores": 1, "municipio": "Uiramutã" }, "geometry": { "type": "Polygon", "coordinates": [ [ [ -60.44336, 4.57302 ], [ -60.44825, 4.57713 ], [ -60.44415, 4.58203 ], [ -60.43927, 4.57792 ], [ -60.44336, 4.57302 ] ] ] } },
{ "type": "Feature", "properties": { "cluster": 546.0, "hvi": 0.0776, "population": 428, "setores": 1, "municipio": "Uiramutã" }, "geometry": { "type": "Polygon", "coordinates": [ [ [ -59.96786, 4.35461 ], [ -59.97469, 4.36036 ], [ -59.96868, 4.36723 ], [ -59.96212, 4.36147 ], [ -59.96786, 4.35461 ] ] ] } },
{ "type": "Feature", "properties": { "cluster": 547.0, "hvi": 0.0609, "population": 79, "setores": 1, "municipio": "Uiramutã" }, "geometry": { "type": "Polygon", "coordinates": [ [ [ -60.18537, 4.49856 ], [ -60.18751, 4.49616 ], [ -60.19434, 4.49975 ], [ -60.18537, 4.49856 ] ] ] } },
{ "type": "Feature", "properties": { "cluster": 548.0, "hvi": 0.0836, "population": 1596, "setores": 4, "municipio": "Uiramutã" }, "geometry": { "type": "Polygon", "coordinates": [ [ [ -60.15112, 4.59375 ], [ -60.15681, 4.58418 ], [ -60.16248, 4.58493 ], [ -60.16274, 4.58226 ], [ -60.17485, 4.58981 ], [ -60.17476, 4.59398 ], [ -60.16028, 4.59773 ], [ -60.16505, 4.59729 ], [ -60.16615, 4.60359 ], [ -60.15988, 4.6047 ], [ -60.15838, 4.59822 ], [ -60.15641, 4.59438 ], [ -60.15112, 4.59375 ] ] ] } },
{ "type": "Feature", "properties": { "cluster": 549.0, "hvi": 0.0662, "population": 215, "setores": 1, "municipio": "Uiramutã" }, "geometry": { "type": "Polygon", "coordinates": [ [ [ -60.17734, 4.52973 ], [ -60.18253, 4.5176 ], [ -60.18806, 4.51853 ], [ -60.18441, 4.53063 ], [ -60.17734, 4.52973 ] ] ] } },
{ "type": "Feature", "properties": { "cluster": 550.0, "hvi": 0.0588, "population": 1057, "setores": 9, "municipio": "Uiramutã" }, "geometry": { "type": "Polygon", "coordinates": [ [ [ -59.77478, 4.17269 ], [ -59.79539, 4.17962 ], [ -59.79389, 4.18693 ], [ -59.76509, 4.20874 ], [ -59.76618, 4.21173 ], [ -59.8144, 4.21322 ], [ -59.8857, 4.22351 ], [ -59.93343, 4.24189 ], [ -59.97461, 4.27599 ], [ -60.00813, 4.29531 ], [ -60.02556, 4.31673 ], [ -60.03512, 4.32296 ], [ -60.04399, 4.31722 ], [ -60.10131, 4.32897 ], [ -60.11587, 4.32545 ], [ -60.1234, 4.3351 ], [ -60.1204, 4.3557 ], [ -60.1238, 4.3724 ], [ -60.1147, 4.3749 ], [ -60.1088, 4.3855 ], [ -60.10432, 4.38111 ], [ -60.10827, 4.38583 ], [ -60.10325, 4.38992 ], [ -60.10169, 4.38799 ], [ -60.1041, 4.3934 ], [ -60.1016, 4.4019 ], [ -60.10749, 4.4147 ], [ -60.10809, 4.42507 ], [ -60.11914, 4.43003 ], [ -60.1349, 4.4218 ], [ -60.1514, 4.435 ], [ -60.162, 4.43794 ], [ -60.16382, 4.43422 ], [ -60.17338, 4.44983 ], [ -60.17119, 4.4623 ], [ -60.17583, 4.46659 ], [ -60.17271, 4.47046 ], [ -60.1753, 4.47496 ], [ -60.18065, 4.47376 ], [ -60.18083, 4.46818 ], [ -60.1829, 4.4656 ], [ -60.1881, 4.4681 ], [ -60.1953, 4.4645 ], [ -60.2083, 4.4683 ], [ -60.2115, 4.4655 ], [ -60.2206, 4.4706 ], [ -60.2282, 4.4678 ], [ -60.236, 4.4762 ], [ -60.253, 4.4773 ], [ -60.2501, 4.4863 ], [ -60.2613, 4.4839 ], [ -60.26489, 4.48809 ], [ -60.26635, 4.49224 ], [ -60.26556, 4.48849 ], [ -60.2753, 4.4896 ], [ -60.2722, 4.4993 ], [ -60.2428, 4.512 ], [ -60.2271, 4.4893 ], [ -60.2029, 4.4932 ], [ -60.199, 4.4997 ], [ -60.18761, 4.49574 ], [ -60.1846, 4.4974 ], [ -60.1727, 4.4893 ], [ -60.1683, 4.495 ], [ -60.1605, 4.4941 ], [ -60.1548, 4.4973 ], [ -60.1518, 4.493 ], [ -60.1445, 4.4923 ], [ -60.1427, 4.5027 ], [ -60.12972, 4.50843 ], [ -60.1242, 4.50736 ], [ -60.1206, 4.50126 ], [ -60.1011, 4.50846 ], [ -60.0977, 4.51576 ], [ -60.1047, 4.52596 ], [ -60.1017, 4.52866 ], [ -60.0942, 4.52756 ], [ -60.0891, 4.53346 ], [ -60.0832, 4.53006 ], [ -60.0866, 4.51726 ], [ -60.0816, 4.51796 ], [ -60.0755, 4.52456 ], [ -60.0644, 4.52066 ], [ -60.07097, 4.49357 ], [ -60.04527, 4.49454 ], [ -60.03429, 4.49017 ], [ -60.0238, 4.49421 ], [ -60.01721, 4.48964 ], [ -60.00927, 4.49564 ], [ -60.00325, 4.49533 ], [ -59.98942, 4.48573 ], [ -59.9817, 4.48779 ], [ -59.9734, 4.48039 ], [ -59.97185, 4.4831 ], [ -59.97516, 4.48885 ], [ -59.972, 4.50926 ], [ -59.9634, 4.50756 ], [ -59.9516, 4.49966 ], [ -59.94182, 4.49715 ], [ -59.93655, 4.49984 ], [ -59.93504, 4.49371 ], [ -59.92581, 4.49001 ], [ -59.9307, 4.48076 ], [ -59.91167, 4.4781 ], [ -59.91627, 4.46646 ], [ -59.90634, 4.45958 ], [ -59.89914, 4.47789 ], [ -59.87964, 4.47482 ], [ -59.87576, 4.48686 ], [ -59.87242, 4.48551 ], [ -59.87482, 4.4783 ], [ -59.86301, 4.47143 ], [ -59.86984, 4.46719 ], [ -59.87184, 4.4616 ], [ -59.8622, 4.45246 ], [ -59.85476, 4.45583 ], [ -59.8489, 4.45276 ], [ -59.8326, 4.45806 ], [ -59.83082, 4.45109 ], [ -59.81261, 4.44636 ], [ -59.80645, 4.45397 ], [ -59.80403, 4.46708 ], [ -59.79564, 4.46554 ], [ -59.7966, 4.45056 ], [ -59.79369, 4.44729 ], [ -59.78724, 4.44653 ], [ -59.78359, 4.45032 ], [ -59.77934, 4.44578 ], [ -59.7815, 4.44001 ], [ -59.77449, 4.44098 ], [ -59.7713, 4.43706 ], [ -59.76626, 4.43731 ], [ -59.7546, 4.42366 ], [ -59.7553, 4.42066 ], [ -59.7364, 4.42414 ], [ -59.72791, 4.41076 ], [ -59.72041, 4.40969 ], [ -59.72115, 4.39806 ], [ -59.7139, 4.39606 ], [ -59.69423, 4.38016 ], [ -59.6846, 4.38526 ], [ -59.6708, 4.37656 ], [ -59.6707, 4.37156 ], [ -59.6792, 4.36936 ], [ -59.6834, 4.36417 ], [ -59.6762, 4.34816 ], [ -59.67935, 4.34157 ], [ -59.69129, 4.33473 ], [ -59.70488, 4.31839 ], [ -59.70459, 4.30681 ], [ -59.71839, 4.3029 ], [ -59.72052, 4.29699 ], [ -59.73265, 4.2854 ], [ -59.72932, 4.27937 ], [ -59.73415, 4.27355 ], [ -59.73027, 4.2681 ], [ -59.71911, 4.27465 ], [ -59.7104, 4.26775 ], [ -59.71784, 4.26277 ], [ -59.73949, 4.23553 ], [ -59.7401, 4.23211 ], [ -59.73568, 4.22786 ], [ -59.73856, 4.21099 ], [ -59.72735, 4.19001 ], [ -59.73115, 4.18106 ], [ -59.72309, 4.17471 ], [ -59.72366, 4.16693 ], [ -59.71448, 4.16626 ], [ -59.70904, 4.1619 ], [ -59.75645, 4.16854 ], [ -59.76895, 4.17631 ], [ -59.77478, 4.17269 ] ], [ [ -60.01488, 4.36156 ], [ -60.01824, 4.36066 ], [ -60.01787, 4.35991 ], [ -60.01488, 4.36156 ] ], [ [ -60.02075, 4.36632 ], [ -60.021, 4.36623 ], [ -60.02041, 4.36503 ], [ -60.02075, 4.36632 ] ], [ [ -59.98775, 4.47105 ], [ -59.989, 4.4704 ], [ -59.98686, 4.46099 ], [ -59.98775, 4.47105 ] ], [ [ -59.97547, 4.47208 ], [ -59.9829, 4.4736 ], [ -59.98662, 4.47165 ], [ -59.97547, 4.47208 ] ], [ [ -60.01269, 4.36278 ], [ -60.01482, 4.36832 ], [ -60.01315, 4.36252 ], [ -60.01269, 4.36278 ] ], [ [ -59.85864, 4.45208 ], [ -59.85433, 4.44779 ], [ -59.85024, 4.45184 ], [ -59.85479, 4.4551 ], [ -59.85864, 4.45208 ] ], [ [ -59.8937, 4.45476 ], [ -59.88882, 4.45065 ], [ -59.88472, 4.45554 ], [ -59.8896, 4.45965 ], [ -59.8937, 4.45476 ] ], [ [ -59.91602, 4.31799 ], [ -59.91001, 4.31843 ], [ -59.91077, 4.32461 ], [ -59.91683, 4.32405 ], [ -59.91602, 4.31799 ] ], [ [ -59.93407, 4.41536 ], [ -59.92919, 4.41125 ], [ -59.92509, 4.41615 ], [ -59.92998, 4.42026 ], [ -59.93407, 4.41536 ] ], [ [ -59.97469, 4.36036 ], [ -59.96786, 4.35461 ], [ -59.96212, 4.36147 ], [ -59.96868, 4.36723 ], [ -59.97469, 4.36036 ] ], [ [ -59.98518, 4.35704 ], [ -59.9803, 4.35293 ], [ -59.97621, 4.35782 ], [ -59.98109, 4.36193 ], [ -59.98518, 4.35704 ] ], [ [ -60.01201, 4.35635 ], [ -60.00713, 4.35224 ], [ -60.00303, 4.35714 ], [ -60.00791, 4.36125 ], [ -60.01201, 4.35635 ] ], [ [ -60.10338, 4.3816 ], [ -60.0997, 4.38352 ], [ -60.10008, 4.38438 ], [ -60.10338, 4.3816 ] ], [ [ -60.1067, 4.4299 ], [ -60.10547, 4.42852 ], [ -60.102, 4.4331 ], [ -60.1067, 4.4299 ] ], [ [ -60.07311, 4.49016 ], [ -60.0816, 4.4771 ], [ -60.08162, 4.47639 ], [ -60.0735, 4.487 ], [ -60.07311, 4.49016 ] ], [ [ -60.19613, 4.47505 ], [ -60.19493, 4.47749 ], [ -60.19765, 4.47613 ], [ -60.19613, 4.47505 ] ], [ [ -60.26682, 4.49441 ], [ -60.26676, 4.49415 ], [ -60.26101, 4.49625 ], [ -60.26682, 4.49441 ] ] ] } },
{ "type": "Feature", "properties": { "cluster": 551.0, "hvi": 0.0622, "population": 109, "setores": 1, "municipio": "Uiramutã" }, "geometry": { "type": "Polygon", "coordinates": [ [ [ -60.00713, 4.35224 ], [ -60.01201, 4.35635 ], [ -60.00791, 4.36125 ], [ -60.00303, 4.35714 ], [ -60.00713, 4.35224 ] ] ] } },
{ "type": "Feature", "properties": { "cluster": 552.0, "hvi": 0.0601, "population": 50, "setores": 1, "municipio": "Uiramutã" }, "geometry": { "type": "Polygon", "coordinates": [ [ [ -60.3314, 4.57054 ], [ -60.33628, 4.57465 ], [ -60.33218, 4.57955 ], [ -60.3273, 4.57544 ], [ -60.3314, 4.57054 ] ] ] } },
{ "type": "Feature", "properties": { "cluster": 553.0, "hvi": 0.0597, "population": 56, "setores": 1, "municipio": "Uiramutã" }, "geometry": { "type": "Polygon", "coordinates": [ [ [ -60.46902, 4.22631 ], [ -60.4739, 4.23042 ], [ -60.4698, 4.23532 ], [ -60.46493, 4.23121 ], [ -60.46902, 4.22631 ] ] ] } },
{ "type": "Feature", "properties": { "cluster": 554.0, "hvi": 0.0608, "population": 52, "setores": 1, "municipio": "Uiramutã" }, "geometry": { "type": "Polygon", "coordinates": [ [ [ -59.92919, 4.41125 ], [ -59.93407, 4.41536 ], [ -59.92998, 4.42026 ], [ -59.92509, 4.41615 ], [ -59.92919, 4.41125 ] ] ] } },
{ "type": "Feature", "properties": { "cluster": 555.0, "hvi": 0.0213, "population": 0, "setores": 1, "municipio": "Uiramutã" }, "geometry": { "type": "Polygon", "coordinates": [ [ [ -59.88882, 4.45065 ], [ -59.8937, 4.45476 ], [ -59.8896, 4.45965 ], [ -59.88472, 4.45554 ], [ -59.88882, 4.45065 ] ] ] } },
{ "type": "Feature", "properties": { "cluster": 556.0, "hvi": 0.0598, "population": 42, "setores": 1, "municipio": "Uiramutã" }, "geometry": { "type": "Polygon", "coordinates": [ [ [ -60.45521, 4.5863 ], [ -60.4601, 4.59041 ], [ -60.456, 4.59531 ], [ -60.45112, 4.5912 ], [ -60.45521, 4.5863 ] ] ] } },
{ "type": "Feature", "properties": { "cluster": 557.0, "hvi": 0.0625, "population": 114, "setores": 1, "municipio": "Uiramutã" }, "geometry": { "type": "Polygon", "coordinates": [ [ [ -60.28438, 4.63241 ], [ -60.28926, 4.63652 ], [ -60.28517, 4.64142 ], [ -60.28029, 4.63731 ], [ -60.28438, 4.63241 ] ] ] } },
{ "type": "Feature", "properties": { "cluster": 558.0, "hvi": 0.0585, "population": 28, "setores": 1, "municipio": "Uiramutã" }, "geometry": { "type": "Polygon", "coordinates": [ [ [ -60.37781, 4.57444 ], [ -60.38269, 4.57855 ], [ -60.3786, 4.58345 ], [ -60.37372, 4.57934 ], [ -60.37781, 4.57444 ] ] ] } },
{ "type": "Feature", "properties": { "cluster": 559.0, "hvi": 0.0592, "population": 41, "setores": 1, "municipio": "Uiramutã" }, "geometry": { "type": "Polygon", "coordinates": [ [ [ -60.39356, 4.58039 ], [ -60.39844, 4.5845 ], [ -60.39434, 4.5894 ], [ -60.38946, 4.58529 ], [ -60.39356, 4.58039 ] ] ] } },
{ "type": "Feature", "properties": { "cluster": 560.0, "hvi": 0.0641, "population": 162, "setores": 1, "municipio": "Uiramutã" }, "geometry": { "type": "Polygon", "coordinates": [ [ [ -60.46151, 4.54334 ], [ -60.46639, 4.54745 ], [ -60.46229, 4.55235 ], [ -60.45741, 4.54824 ], [ -60.46151, 4.54334 ] ] ] } },
{ "type": "Feature", "properties": { "cluster": 561.0, "hvi": 0.0604, "population": 84, "setores": 1, "municipio": "Uiramutã" }, "geometry": { "type": "Polygon", "coordinates": [ [ [ -60.3199, 4.63796 ], [ -60.32478, 4.64207 ], [ -60.32068, 4.64696 ], [ -60.3158, 4.64285 ], [ -60.3199, 4.63796 ] ] ] } },
{ "type": "Feature", "properties": { "cluster": 562.0, "hvi": 0.0589, "population": 45, "setores": 1, "municipio": "Uiramutã" }, "geometry": { "type": "Polygon", "coordinates": [ [ [ -59.9803, 4.35293 ], [ -59.98518, 4.35704 ], [ -59.98109, 4.36193 ], [ -59.97621, 4.35782 ], [ -59.9803, 4.35293 ] ] ] } },
{ "type": "Feature", "properties": { "cluster": 563.0, "hvi": 0.0581, "population": 55, "setores": 1, "municipio": "Uiramutã" }, "geometry": { "type": "Polygon", "coordinates": [ [ [ -60.25757, 4.28369 ], [ -60.26245, 4.2878 ], [ -60.25836, 4.2927 ], [ -60.25348, 4.28859 ], [ -60.25757, 4.28369 ] ] ] } },
{ "type": "Feature", "properties": { "cluster": 564.0, "hvi": 0.0625, "population": 105, "setores": 1, "municipio": "Uiramutã" }, "geometry": { "type": "Polygon", "coordinates": [ [ [ -60.36067, 4.2082 ], [ -60.36555, 4.21231 ], [ -60.36145, 4.21721 ], [ -60.35657, 4.2131 ], [ -60.36067, 4.2082 ] ] ] } },
{ "type": "Feature", "properties": { "cluster": 565.0, "hvi": 0.0606, "population": 51, "setores": 1, "municipio": "Uiramutã" }, "geometry": { "type": "Polygon", "coordinates": [ [ [ -60.48958, 4.4154 ], [ -60.49446, 4.41951 ], [ -60.49037, 4.42441 ], [ -60.48549, 4.4203 ], [ -60.48958, 4.4154 ] ] ] } },
{ "type": "Feature", "properties": { "cluster": 566.0, "hvi": 0.0574, "population": 27, "setores": 1, "municipio": "Uiramutã" }, "geometry": { "type": "Polygon", "coordinates": [ [ [ -60.2348, 4.67069 ], [ -60.23245, 4.66753 ], [ -60.23666, 4.66956 ], [ -60.2348, 4.67069 ] ] ] } },
{ "type": "Feature", "properties": { "cluster": 567.0, "hvi": 0.0641, "population": 125, "setores": 1, "municipio": "Uiramutã" }, "geometry": { "type": "Polygon", "coordinates": [ [ [ -60.28468, 4.64535 ], [ -60.28781, 4.64435 ], [ -60.29882, 4.64934 ], [ -60.29471, 4.65356 ], [ -60.28588, 4.65115 ], [ -60.28468, 4.64535 ] ] ] } },
{ "type": "Feature", "properties": { "cluster": 568.0, "hvi": 0.0595, "population": 41, "setores": 1, "municipio": "Uiramutã" }, "geometry": { "type": "Polygon", "coordinates": [ [ [ -60.19214, 4.32372 ], [ -60.19221, 4.31914 ], [ -60.19877, 4.3192 ], [ -60.19878, 4.32377 ], [ -60.19214, 4.32372 ] ] ] } },
{ "type": "Feature", "properties": { "cluster": 569.0, "hvi": 0.0601, "population": 60, "setores": 1, "municipio": "Uiramutã" }, "geometry": { "type": "Polygon", "coordinates": [ [ [ -59.91001, 4.31843 ], [ -59.91602, 4.31799 ], [ -59.91683, 4.32405 ], [ -59.91077, 4.32461 ], [ -59.91001, 4.31843 ] ] ] } },
{ "type": "Feature", "properties": { "cluster": 570.0, "hvi": 0.0589, "population": 45, "setores": 1, "municipio": "Uiramutã" }, "geometry": { "type": "Polygon", "coordinates": [ [ [ -60.33679, 4.2111 ], [ -60.33998, 4.21121 ], [ -60.34003, 4.21737 ], [ -60.33349, 4.21732 ], [ -60.33679, 4.2111 ] ] ] } },
{ "type": "Feature", "properties": { "cluster": 571.0, "hvi": 0.0553, "population": 2886, "setores": 40, "municipio": "Uiramutã" }, "geometry": { "type": "MultiPolygon", "coordinates": [ [ [ [ -60.24703, 4.69145 ], [ -60.24312, 4.68685 ], [ -60.24567, 4.68194 ], [ -60.25093, 4.68028 ], [ -60.25583, 4.68283 ], [ -60.25749, 4.68812 ], [ -60.25494, 4.69303 ], [ -60.25064, 4.69443 ], [ -60.2529, 4.6981 ], [ -60.2522, 4.7121 ], [ -60.2392, 4.7173 ], [ -60.238, 4.7225 ], [ -60.2306, 4.7213 ], [ -60.2309, 4.7263 ], [ -60.2372, 4.7322 ], [ -60.2308, 4.7363 ], [ -60.22584, 4.73142 ], [ -60.22385, 4.73143 ], [ -60.2208, 4.7394 ], [ -60.2247, 4.743 ], [ -60.2192, 4.7428 ], [ -60.2177, 4.7457 ], [ -60.2211, 4.751 ], [ -60.2393, 4.7595 ], [ -60.2443, 4.7667 ], [ -60.2521, 4.7632 ], [ -60.2488, 4.7485 ], [ -60.2531, 4.7444 ], [ -60.2538, 4.7311 ], [ -60.258, 4.7277 ], [ -60.26049, 4.71151 ], [ -60.265, 4.7064 ], [ -60.2622, 4.7024 ], [ -60.2632, 4.6955 ], [ -60.2698, 4.6916 ], [ -60.2691, 4.6969 ], [ -60.27908, 4.70274 ], [ -60.2813, 4.7052 ], [ -60.2797, 4.7108 ], [ -60.2841, 4.7104 ], [ -60.2915, 4.7182 ], [ -60.2952, 4.7147 ], [ -60.3147, 4.7237 ], [ -60.32555, 4.71785 ], [ -60.3266, 4.7103 ], [ -60.3237, 4.7041 ], [ -60.3468, 4.6705 ], [ -60.3429, 4.6616 ], [ -60.3457, 4.6556 ], [ -60.34, 4.6424 ], [ -60.3455, 4.6219 ], [ -60.3424, 4.6071 ], [ -60.3215, 4.5987 ], [ -60.3403, 4.5828 ], [ -60.3532, 4.5886 ], [ -60.359, 4.5871 ], [ -60.382, 4.5984 ], [ -60.3897, 4.5985 ], [ -60.394, 4.5936 ], [ -60.4051, 4.5919 ], [ -60.4254, 4.5913 ], [ -60.4357, 4.5946 ], [ -60.4424, 4.6082 ], [ -60.451, 4.606 ], [ -60.4583, 4.6119 ], [ -60.4702, 4.6147 ], [ -60.4713, 4.6179 ], [ -60.4653, 4.6235 ], [ -60.4712, 4.6314 ], [ -60.4712, 4.638 ], [ -60.4768, 4.64 ], [ -60.4786, 4.6468 ], [ -60.4835, 4.6461 ], [ -60.4912, 4.654 ], [ -60.4878, 4.6713 ], [ -60.4808, 4.6859 ], [ -60.4842, 4.695 ], [ -60.4747, 4.7039 ], [ -60.479, 4.7109 ], [ -60.47419, 4.70829 ], [ -60.47014, 4.71201 ], [ -60.4755, 4.7176 ], [ -60.47278, 4.73074 ], [ -60.475, 4.7426 ], [ -60.4713, 4.7419 ], [ -60.4741, 4.7488 ], [ -60.4657, 4.7618 ], [ -60.4693, 4.7739 ], [ -60.466, 4.7828 ], [ -60.4684, 4.7895 ], [ -60.4717, 4.7893 ], [ -60.46795, 4.79585 ], [ -60.4624, 4.8422 ], [ -60.4594, 4.8448 ], [ -60.4641, 4.8481 ], [ -60.46225, 4.85513 ], [ -60.46, 4.8737 ], [ -60.4663, 4.8796 ], [ -60.4727, 4.8802 ], [ -60.4751, 4.8885 ], [ -60.4713, 4.8953 ], [ -60.4662, 4.8975 ], [ -60.4621, 4.9081 ], [ -60.457, 4.911 ], [ -60.4552, 4.9266 ], [ -60.4492, 4.9295 ], [ -60.4516, 4.9421 ], [ -60.4552, 4.943 ], [ -60.4531, 4.9487 ], [ -60.4478, 4.9507 ], [ -60.4478, 4.955 ], [ -60.467, 4.9617 ], [ -60.4604, 4.9629 ], [ -60.4573, 4.971 ], [ -60.4514, 4.9721 ], [ -60.45825, 4.98485 ], [ -60.45, 4.9901 ], [ -60.4419, 4.9838 ], [ -60.433, 4.9899 ], [ -60.43079, 5.00158 ], [ -60.43282, 4.99577 ], [ -60.43881, 4.99795 ], [ -60.43663, 5.00396 ], [ -60.43073, 5.00188 ], [ -60.4302, 5.0047 ], [ -60.4248, 5.0062 ], [ -60.4321, 5.0085 ], [ -60.4268, 5.0127 ], [ -60.428, 5.0169 ], [ -60.4188, 5.0219 ], [ -60.4202, 5.0246 ], [ -60.4167, 5.0274 ], [ -60.40827, 5.02655 ], [ -60.40657, 5.02774 ], [ -60.41454, 5.02915 ], [ -60.41299, 5.03797 ], [ -60.40486, 5.03639 ], [ -60.4061, 5.0451 ], [ -60.4209, 5.0493 ], [ -60.4106, 5.0627 ], [ -60.4032, 5.0659 ], [ -60.4082, 5.075 ], [ -60.40532, 5.07502 ], [ -60.40525, 5.08566 ], [ -60.39661, 5.08804 ], [ -60.39882, 5.09175 ], [ -60.3965, 5.10017 ], [ -60.40257, 5.10426 ], [ -60.40771, 5.10341 ], [ -60.40667, 5.1066 ], [ -60.4086, 5.1038 ], [ -60.4166, 5.106 ], [ -60.4248, 5.1021 ], [ -60.4239, 5.1056 ], [ -60.4187, 5.1063 ], [ -60.415, 5.1213 ], [ -60.4196, 5.1186 ], [ -60.4264, 5.1206 ], [ -60.4279, 5.1181 ], [ -60.4326, 5.1237 ], [ -60.439, 5.1156 ], [ -60.44613, 5.12037 ], [ -60.4453, 5.1235 ], [ -60.4497, 5.1235 ], [ -60.4351, 5.1308 ], [ -60.43534, 5.14144 ], [ -60.44516, 5.1424 ], [ -60.4472, 5.14719 ], [ -60.45824, 5.14693 ], [ -60.4662, 5.15379 ], [ -60.46668, 5.15981 ], [ -60.47322, 5.15854 ], [ -60.47754, 5.16122 ], [ -60.48405, 5.1583 ], [ -60.48435, 5.15487 ], [ -60.48722, 5.1556 ], [ -60.48617, 5.15154 ], [ -60.48904, 5.15075 ], [ -60.49035, 5.15569 ], [ -60.49308, 5.15166 ], [ -60.49642, 5.15213 ], [ -60.49577, 5.14862 ], [ -60.50852, 5.15327 ], [ -60.51107, 5.14859 ], [ -60.52579, 5.14802 ], [ -60.53073, 5.15149 ], [ -60.5328, 5.14854 ], [ -60.53667, 5.15122 ], [ -60.54781, 5.14375 ], [ -60.54403, 5.14116 ], [ -60.54995, 5.1376 ], [ -60.55438, 5.14189 ], [ -60.57029, 5.1431 ], [ -60.57277, 5.15214 ], [ -60.57597, 5.15036 ], [ -60.57679, 5.14418 ], [ -60.58061, 5.14275 ], [ -60.57794, 5.14148 ], [ -60.58066, 5.1385 ], [ -60.59198, 5.13727 ], [ -60.5947, 5.13804 ], [ -60.59391, 5.14286 ], [ -60.60025, 5.13998 ], [ -60.60453, 5.14228 ], [ -60.60445, 5.14936 ], [ -60.60945, 5.14918 ], [ -60.60646, 5.15325 ], [ -60.60889, 5.15535 ], [ -60.62598, 5.16222 ], [ -60.62784, 5.16506 ], [ -60.62547, 5.16773 ], [ -60.63266, 5.178 ], [ -60.63956, 5.17285 ], [ -60.64374, 5.17871 ], [ -60.65189, 5.17318 ], [ -60.65754, 5.174 ], [ -60.65724, 5.18293 ], [ -60.66066, 5.18294 ], [ -60.66067, 5.18885 ], [ -60.66726, 5.18935 ], [ -60.67003, 5.19637 ], [ -60.68272, 5.19703 ], [ -60.68114, 5.20262 ], [ -60.7052, 5.19829 ], [ -60.71395, 5.20703 ], [ -60.73634, 5.20184 ], [ -60.72329, 5.21989 ], [ -60.7094, 5.21851 ], [ -60.69718, 5.22878 ], [ -60.67857, 5.23212 ], [ -60.65995, 5.22684 ], [ -60.65218, 5.23046 ], [ -60.63884, 5.2199 ], [ -60.62496, 5.21517 ], [ -60.61468, 5.21823 ], [ -60.60357, 5.21517 ], [ -60.59856, 5.22045 ], [ -60.59495, 5.21962 ], [ -60.5905, 5.20739 ], [ -60.56939, 5.19573 ], [ -60.54579, 5.19406 ], [ -60.53967, 5.20267 ], [ -60.52718, 5.20795 ], [ -60.5005, 5.20268 ], [ -60.47468, 5.20073 ], [ -60.46968, 5.20295 ], [ -60.46356, 5.19906 ], [ -60.4519, 5.20295 ], [ -60.44662, 5.18406 ], [ -60.4344, 5.18129 ], [ -60.41884, 5.19379 ], [ -60.41801, 5.20573 ], [ -60.41357, 5.2135 ], [ -60.40523, 5.21101 ], [ -60.38412, 5.22184 ], [ -60.37134, 5.21462 ], [ -60.37162, 5.20767 ], [ -60.36717, 5.20434 ], [ -60.35607, 5.20962 ], [ -60.34579, 5.20461 ], [ -60.33662, 5.20795 ], [ -60.32829, 5.20545 ], [ -60.31996, 5.20768 ], [ -60.31356, 5.21045 ], [ -60.3044, 5.22657 ], [ -60.28328, 5.22906 ], [ -60.27801, 5.23379 ], [ -60.27106, 5.23434 ], [ -60.26995, 5.2435 ], [ -60.26412, 5.25101 ], [ -60.24607, 5.25185 ], [ -60.23523, 5.26268 ], [ -60.22662, 5.26379 ], [ -60.21245, 5.27184 ], [ -60.20217, 5.26656 ], [ -60.19328, 5.25295 ], [ -60.19523, 5.23823 ], [ -60.17245, 5.22656 ], [ -60.15856, 5.23156 ], [ -60.13995, 5.24739 ], [ -60.13523, 5.24823 ], [ -60.13273, 5.22489 ], [ -60.10689, 5.19407 ], [ -60.09911, 5.14656 ], [ -60.09232, 5.14005 ], [ -60.09106, 5.14128 ], [ -60.06397, 5.13774 ], [ -60.05792, 5.12516 ], [ -60.05156, 5.12282 ], [ -60.053, 5.11861 ], [ -60.04893, 5.11136 ], [ -60.04637, 5.11299 ], [ -60.04393, 5.11057 ], [ -60.04607, 5.10656 ], [ -60.04182, 5.10618 ], [ -60.03729, 5.11037 ], [ -60.03886, 5.10741 ], [ -60.03527, 5.10782 ], [ -60.023, 5.09199 ], [ -60.01795, 5.09216 ], [ -60.01844, 5.08904 ], [ -60.01386, 5.08979 ], [ -60.00057, 5.08226 ], [ -59.99216, 5.08649 ], [ -59.97198, 5.07488 ], [ -59.97032, 5.06272 ], [ -59.97796, 5.05266 ], [ -59.9745, 5.04801 ], [ -59.97821, 5.04258 ], [ -59.97529, 5.02896 ], [ -59.97951, 5.0167 ], [ -59.98561, 5.01856 ], [ -59.98555, 5.00715 ], [ -59.9897, 5.00111 ], [ -59.98696, 4.98938 ], [ -59.99085, 4.98416 ], [ -59.98661, 4.97812 ], [ -59.99426, 4.96516 ], [ -59.98962, 4.95397 ], [ -59.9897, 4.94952 ], [ -59.99424, 4.94955 ], [ -59.99213, 4.93756 ], [ -59.99752, 4.93037 ], [ -59.99867, 4.91858 ], [ -60.0018, 4.91676 ], [ -60.00078, 4.90656 ], [ -60.0073, 4.88766 ], [ -60.005, 4.88176 ], [ -60.0102, 4.87306 ], [ -60.0091, 4.86176 ], [ -60.0133, 4.84376 ], [ -60.0253, 4.83196 ], [ -60.0279, 4.81716 ], [ -60.0222, 4.813 ], [ -60.02449, 4.80982 ], [ -60.03372, 4.80939 ], [ -60.0271, 4.80916 ], [ -60.03392, 4.80341 ], [ -60.036, 4.79046 ], [ -60.0218, 4.78286 ], [ -60.0267, 4.76576 ], [ -60.0246, 4.74806 ], [ -60.0297, 4.73596 ], [ -60.03336, 4.74152 ], [ -60.03124, 4.73539 ], [ -60.03638, 4.7336 ], [ -60.03514, 4.73291 ], [ -60.03959, 4.7248 ], [ -60.0361, 4.71896 ], [ -60.0267, 4.71396 ], [ -60.0255, 4.7062 ], [ -60.03419, 4.69775 ], [ -60.04229, 4.6947 ], [ -60.05429, 4.67881 ], [ -60.0585, 4.67826 ], [ -60.0755, 4.65536 ], [ -60.07628, 4.64924 ], [ -60.07254, 4.65007 ], [ -60.0695, 4.64336 ], [ -60.0706, 4.63756 ], [ -60.0757, 4.63526 ], [ -60.07119, 4.61638 ], [ -60.0819, 4.6173 ], [ -60.078, 4.61476 ], [ -60.0899, 4.60546 ], [ -60.0945, 4.60686 ], [ -60.0995, 4.60326 ], [ -60.1062, 4.60796 ], [ -60.113, 4.60236 ], [ -60.11968, 4.60589 ], [ -60.11491, 4.60924 ], [ -60.11525, 4.60963 ], [ -60.1221, 4.60544 ], [ -60.131, 4.59636 ], [ -60.1285, 4.58666 ], [ -60.1227, 4.57906 ], [ -60.1282, 4.57496 ], [ -60.1356, 4.58076 ], [ -60.1402, 4.57936 ], [ -60.1363, 4.56486 ], [ -60.1454, 4.56656 ], [ -60.148, 4.56956 ], [ -60.1499, 4.57556 ], [ -60.1542, 4.57536 ], [ -60.15988, 4.56228 ], [ -60.161, 4.55556 ], [ -60.1539, 4.54856 ], [ -60.1583, 4.52816 ], [ -60.18775, 4.5306 ], [ -60.22656, 4.56011 ], [ -60.25999, 4.57795 ], [ -60.23953, 4.62169 ], [ -60.21021, 4.63769 ], [ -60.2003, 4.63951 ], [ -60.19283, 4.63244 ], [ -60.17667, 4.62939 ], [ -60.17598, 4.63026 ], [ -60.18076, 4.632 ], [ -60.17888, 4.63717 ], [ -60.17963, 4.63732 ], [ -60.182, 4.6502 ], [ -60.2008, 4.6537 ], [ -60.20297, 4.65908 ], [ -60.2011, 4.65381 ], [ -60.20416, 4.65096 ], [ -60.20818, 4.65183 ], [ -60.20902, 4.65792 ], [ -60.20325, 4.65915 ], [ -60.21235, 4.66125 ], [ -60.21104, 4.66408 ], [ -60.21533, 4.66047 ], [ -60.21942, 4.66537 ], [ -60.21498, 4.66906 ], [ -60.22145, 4.669 ], [ -60.22556, 4.6732 ], [ -60.2304, 4.66785 ], [ -60.2419, 4.6705 ], [ -60.2446, 4.6784 ], [ -60.24157, 4.68231 ], [ -60.24047, 4.68857 ], [ -60.23935, 4.68837 ], [ -60.24703, 4.69145 ] ], [ [ -60.26645, 4.71479 ], [ -60.26915, 4.71444 ], [ -60.26049, 4.71151 ], [ -60.26645, 4.71479 ] ], [ [ -60.03667, 4.81799 ], [ -60.03678, 4.81782 ], [ -60.0279, 4.81716 ], [ -60.03667, 4.81799 ] ], [ [ -60.03896, 4.74002 ], [ -60.03898, 4.73947 ], [ -60.03336, 4.74152 ], [ -60.03896, 4.74002 ] ], [ [ -60.14868, 4.59224 ], [ -60.14765, 4.59096 ], [ -60.1285, 4.58666 ], [ -60.14868, 4.59224 ] ], [ [ -60.16084, 4.56544 ], [ -60.16364, 4.56469 ], [ -60.16337, 4.56516 ], [ -60.16478, 4.56401 ], [ -60.15988, 4.56228 ], [ -60.16084, 4.56544 ] ], [ [ -60.23353, 4.68603 ], [ -60.23438, 4.68637 ], [ -60.2353, 4.68116 ], [ -60.23353, 4.68603 ] ], [ [ -60.2729, 4.71394 ], [ -60.27781, 4.70893 ], [ -60.27098, 4.71419 ], [ -60.2729, 4.71394 ] ], [ [ -60.2547, 4.99258 ], [ -60.24197, 4.97711 ], [ -60.25417, 4.99285 ], [ -60.2547, 4.99258 ] ], [ [ -60.30035, 4.9687 ], [ -60.29567, 4.97167 ], [ -60.29961, 4.96966 ], [ -60.30035, 4.9687 ] ], [ [ -60.3064, 4.96008 ], [ -60.30478, 4.96297 ], [ -60.3072, 4.95983 ], [ -60.3064, 4.96008 ] ], [ [ -60.31294, 4.95769 ], [ -60.30907, 4.95924 ], [ -60.31335, 4.9591 ], [ -60.31294, 4.95769 ] ], [ [ -60.31359, 4.94597 ], [ -60.31332, 4.95085 ], [ -60.31426, 4.94722 ], [ -60.31359, 4.94597 ] ], [ [ -60.4039, 5.02962 ], [ -60.40452, 5.03398 ], [ -60.40559, 5.02844 ], [ -60.4039, 5.02962 ] ], [ [ -60.4186, 5.13982 ], [ -60.34332, 5.16316 ], [ -60.41868, 5.13983 ], [ -60.4186, 5.13982 ] ], [ [ -60.32215, 4.94088 ], [ -60.32459, 4.93737 ], [ -60.32184, 4.94066 ], [ -60.32215, 4.94088 ] ], [ [ -60.31483, 4.93574 ], [ -60.31833, 4.9382 ], [ -60.31505, 4.93544 ], [ -60.31483, 4.93574 ] ], [ [ -60.31995, 4.92841 ], [ -60.31751, 4.93192 ], [ -60.32026, 4.92863 ], [ -60.31995, 4.92841 ] ], [ [ -60.32727, 4.93355 ], [ -60.32377, 4.93109 ], [ -60.32705, 4.93385 ], [ -60.32727, 4.93355 ] ], [ [ -60.39112, 4.94687 ], [ -60.39287, 4.94437 ], [ -60.39091, 4.94672 ], [ -60.39112, 4.94687 ] ], [ [ -60.3859, 4.94321 ], [ -60.3884, 4.94496 ], [ -60.38606, 4.94299 ], [ -60.3859, 4.94321 ] ], [ [ -60.38956, 4.93797 ], [ -60.38781, 4.94047 ], [ -60.38978, 4.93812 ], [ -60.38956, 4.93797 ] ], [ [ -60.39478, 4.94164 ], [ -60.39228, 4.93988 ], [ -60.39463, 4.94186 ], [ -60.39478, 4.94164 ] ], [ [ -60.38097, 5.07958 ], [ -60.38331, 5.08155 ], [ -60.38346, 5.08134 ], [ -60.38097, 5.07958 ] ], [ [ -60.37824, 5.07767 ], [ -60.3765, 5.08017 ], [ -60.37846, 5.07782 ], [ -60.37824, 5.07767 ] ], [ [ -60.37459, 5.08291 ], [ -60.37708, 5.08466 ], [ -60.37474, 5.08269 ], [ -60.37459, 5.08291 ] ], [ [ -60.37981, 5.08657 ], [ -60.38156, 5.08407 ], [ -60.37959, 5.08642 ], [ -60.37981, 5.08657 ] ], [ [ -60.17056, 4.63706 ], [ -60.1721, 4.6359 ], [ -60.17321, 4.63611 ], [ -60.17262, 4.6359 ], [ -60.17352, 4.63335 ], [ -60.17056, 4.63706 ] ], [ [ -60.1688, 4.6384 ], [ -60.16929, 4.63803 ], [ -60.16556, 4.63192 ], [ -60.1688, 4.6384 ] ], [ [ -60.16467, 4.63199 ], [ -60.1619, 4.6322 ], [ -60.16167, 4.63358 ], [ -60.16467, 4.63199 ] ], [ [ -60.15991, 4.64299 ], [ -60.15927, 4.64331 ], [ -60.1599, 4.6432 ], [ -60.15991, 4.64299 ] ], [ [ -60.14964, 4.64494 ], [ -60.14793, 4.64483 ], [ -60.1481, 4.6452 ], [ -60.14964, 4.64494 ] ], [ [ -60.14736, 4.63236 ], [ -60.14488, 4.63815 ], [ -60.14869, 4.63137 ], [ -60.142, 4.62962 ], [ -60.14736, 4.63236 ] ], [ [ -60.14878, 4.63122 ], [ -60.1489, 4.631 ], [ -60.14833, 4.62746 ], [ -60.14878, 4.63122 ] ], [ [ -60.14774, 4.62378 ], [ -60.1477, 4.6235 ], [ -60.14145, 4.62299 ], [ -60.14774, 4.62378 ] ], [ [ -60.1306, 4.6127 ], [ -60.12002, 4.60896 ], [ -60.1197, 4.6094 ], [ -60.1306, 4.6127 ] ], [ [ -60.16128, 4.56686 ], [ -60.1617, 4.56652 ], [ -60.16106, 4.56615 ], [ -60.16128, 4.56686 ] ], [ [ -60.15641, 4.59438 ], [ -60.15856, 4.60326 ], [ -60.16324, 4.60545 ], [ -60.16681, 4.60217 ], [ -60.166, 4.59512 ], [ -60.17918, 4.596 ], [ -60.17476, 4.59398 ], [ -60.17141, 4.58588 ], [ -60.16274, 4.58226 ], [ -60.16248, 4.58493 ], [ -60.15632, 4.58445 ], [ -60.15106, 4.5929 ], [ -60.15641, 4.59438 ] ], [ [ -60.16472, 4.57271 ], [ -60.17257, 4.58134 ], [ -60.17292, 4.58116 ], [ -60.16472, 4.57271 ] ], [ [ -60.08305, 4.61804 ], [ -60.08259, 4.61775 ], [ -60.08163, 4.6232 ], [ -60.08305, 4.61804 ] ], [ [ -60.14118, 4.63069 ], [ -60.13866, 4.63399 ], [ -60.13918, 4.635 ], [ -60.14118, 4.63069 ] ], [ [ -60.13963, 4.63587 ], [ -60.14058, 4.6377 ], [ -60.1444, 4.6381 ], [ -60.13963, 4.63587 ] ], [ [ -60.21416, 4.66906 ], [ -60.21068, 4.66486 ], [ -60.21045, 4.66537 ], [ -60.21303, 4.66907 ], [ -60.21416, 4.66906 ] ], [ [ -60.22062, 4.73145 ], [ -60.22361, 4.73155 ], [ -60.22364, 4.73143 ], [ -60.22062, 4.73145 ] ], [ [ -60.03917, 4.73516 ], [ -60.0375, 4.73423 ], [ -60.03902, 4.73844 ], [ -60.03917, 4.73516 ] ], [ [ -60.03738, 4.81042 ], [ -60.03667, 4.8095 ], [ -60.03615, 4.80948 ], [ -60.03738, 4.81042 ] ], [ [ -60.03739, 4.81686 ], [ -60.03962, 4.81335 ], [ -60.03897, 4.8125 ], [ -60.03739, 4.81686 ] ] ], [ [ [ -60.44639, 5.12039 ], [ -60.4461, 5.12031 ], [ -60.44629, 5.11997 ], [ -60.44639, 5.12039 ] ] ] ] } },
{ "type": "Feature", "properties": { "cluster": 572.0, "hvi": 0.0604, "population": 38, "setores": 1, "municipio": "Uiramutã" }, "geometry": { "type": "Polygon", "coordinates": [ [ [ -60.19136, 4.20589 ], [ -60.18656, 4.2073 ], [ -60.18374, 4.2012 ], [ -60.19085, 4.19979 ], [ -60.19136, 4.20589 ] ] ] } },
{ "type": "Feature", "properties": { "cluster": 573.0, "hvi": 0.0599, "population": 62, "setores": 1, "municipio": "Uiramutã" }, "geometry": { "type": "Polygon", "coordinates": [ [ [ -60.45952, 4.60174 ], [ -60.45355, 4.60387 ], [ -60.45192, 4.59778 ], [ -60.45617, 4.59611 ], [ -60.45952, 4.60174 ] ] ] } }
]
}
